sample_unix_ns,timestamp_text,power_w,power_draw_w,power_draw_average_w,power_draw_instant_w,power_limit_w,sm_clock_mhz,mem_clock_mhz,temp_c,pstate,util_gpu_pct,query_mode,raw
1780462931722223306,2026/06/03 05:02:11.743,83.31,83.31,,83.31,400.0,1410.0,1593.0,35.0,P0,0.0,average_instant,"2026/06/03 05:02:11.743, 83.31, [N/A], 83.31, 400.00, 1410, 1593, 35, P0, 0"
1780462931901057280,2026/06/03 05:02:11.923,86.41,86.41,,86.41,400.0,1410.0,1593.0,35.0,P0,0.0,average_instant,"2026/06/03 05:02:11.923, 86.41, [N/A], 86.41, 400.00, 1410, 1593, 35, P0, 0"
1780462932048360307,2026/06/03 05:02:12.067,84.59,84.59,,84.59,400.0,1410.0,1593.0,35.0,P0,0.0,average_instant,"2026/06/03 05:02:12.067, 84.59, [N/A], 84.59, 400.00, 1410, 1593, 35, P0, 0"
1780462932177279797,2026/06/03 05:02:12.197,96.25,96.25,,96.25,400.0,1410.0,1593.0,35.0,P0,0.0,average_instant,"2026/06/03 05:02:12.197, 96.25, [N/A], 96.25, 400.00, 1410, 1593, 35, P0, 0"
1780462932305789825,2026/06/03 05:02:12.325,96.58,96.58,,96.58,400.0,1410.0,1593.0,36.0,P0,0.0,average_instant,"2026/06/03 05:02:12.325, 96.58, [N/A], 96.58, 400.00, 1410, 1593, 36, P0, 0"
1780462932434566905,2026/06/03 05:02:12.453,96.58,96.58,,96.58,400.0,1410.0,1593.0,35.0,P0,0.0,average_instant,"2026/06/03 05:02:12.453, 96.58, [N/A], 96.58, 400.00, 1410, 1593, 35, P0, 0"
1780462932563714127,2026/06/03 05:02:12.582,96.58,96.58,,96.58,400.0,1410.0,1593.0,36.0,P0,0.0,average_instant,"2026/06/03 05:02:12.582, 96.58, [N/A], 96.58, 400.00, 1410, 1593, 36, P0, 0"
1780462932691405558,2026/06/03 05:02:12.711,96.58,96.58,,96.58,400.0,1410.0,1593.0,35.0,P0,100.0,average_instant,"2026/06/03 05:02:12.711, 96.58, [N/A], 96.58, 400.00, 1410, 1593, 35, P0, 100"
1780462932819924239,2026/06/03 05:02:12.839,96.48,96.48,,96.48,400.0,1410.0,1593.0,35.0,P0,100.0,average_instant,"2026/06/03 05:02:12.839, 96.48, [N/A], 96.48, 400.00, 1410, 1593, 35, P0, 100"
1780462932948804700,2026/06/03 05:02:12.968,96.58,96.58,,96.58,400.0,1410.0,1593.0,35.0,P0,100.0,average_instant,"2026/06/03 05:02:12.968, 96.58, [N/A], 96.58, 400.00, 1410, 1593, 35, P0, 100"
1780462933078649890,2026/06/03 05:02:13.098,96.58,96.58,,96.58,400.0,1410.0,1593.0,35.0,P0,100.0,average_instant,"2026/06/03 05:02:13.098, 96.58, [N/A], 96.58, 400.00, 1410, 1593, 35, P0, 100"
1780462933207889961,2026/06/03 05:02:13.227,96.58,96.58,,96.58,400.0,1410.0,1593.0,35.0,P0,100.0,average_instant,"2026/06/03 05:02:13.227, 96.58, [N/A], 96.58, 400.00, 1410, 1593, 35, P0, 100"
1780462933336668034,2026/06/03 05:02:13.357,96.58,96.58,,96.58,400.0,1410.0,1593.0,35.0,P0,100.0,average_instant,"2026/06/03 05:02:13.357, 96.58, [N/A], 96.58, 400.00, 1410, 1593, 35, P0, 100"
1780462933467037242,2026/06/03 05:02:13.486,96.58,96.58,,96.58,400.0,1410.0,1593.0,35.0,P0,100.0,average_instant,"2026/06/03 05:02:13.486, 96.58, [N/A], 96.58, 400.00, 1410, 1593, 35, P0, 100"
1780462933598475118,2026/06/03 05:02:13.617,96.58,96.58,,96.58,400.0,1410.0,1593.0,35.0,P0,100.0,average_instant,"2026/06/03 05:02:13.617, 96.58, [N/A], 96.58, 400.00, 1410, 1593, 35, P0, 100"
1780462933726836648,2026/06/03 05:02:13.746,96.48,96.48,,96.48,400.0,1410.0,1593.0,35.0,P0,100.0,average_instant,"2026/06/03 05:02:13.746, 96.48, [N/A], 96.48, 400.00, 1410, 1593, 35, P0, 100"
1780462933855816586,2026/06/03 05:02:13.875,96.48,96.48,,96.48,400.0,1410.0,1593.0,35.0,P0,100.0,average_instant,"2026/06/03 05:02:13.875, 96.48, [N/A], 96.48, 400.00, 1410, 1593, 35, P0, 100"
1780462933984714143,2026/06/03 05:02:14.004,96.15,96.15,,96.15,400.0,1410.0,1593.0,35.0,P0,100.0,average_instant,"2026/06/03 05:02:14.004, 96.15, [N/A], 96.15, 400.00, 1410, 1593, 35, P0, 100"
1780462934115590936,2026/06/03 05:02:14.135,96.25,96.25,,96.25,400.0,1410.0,1593.0,35.0,P0,100.0,average_instant,"2026/06/03 05:02:14.135, 96.25, [N/A], 96.25, 400.00, 1410, 1593, 35, P0, 100"
1780462934246417305,2026/06/03 05:02:14.266,96.25,96.25,,96.25,400.0,1410.0,1593.0,35.0,P0,100.0,average_instant,"2026/06/03 05:02:14.266, 96.25, [N/A], 96.25, 400.00, 1410, 1593, 35, P0, 100"
1780462934377329101,2026/06/03 05:02:14.396,96.25,96.25,,96.25,400.0,1410.0,1593.0,35.0,P0,100.0,average_instant,"2026/06/03 05:02:14.396, 96.25, [N/A], 96.25, 400.00, 1410, 1593, 35, P0, 100"
1780462934506185558,2026/06/03 05:02:14.526,96.25,96.25,,96.25,400.0,1410.0,1593.0,35.0,P0,100.0,average_instant,"2026/06/03 05:02:14.526, 96.25, [N/A], 96.25, 400.00, 1410, 1593, 35, P0, 100"
1780462934638323349,2026/06/03 05:02:14.657,96.25,96.25,,96.25,400.0,1410.0,1593.0,35.0,P0,100.0,average_instant,"2026/06/03 05:02:14.657, 96.25, [N/A], 96.25, 400.00, 1410, 1593, 35, P0, 100"
1780462934767093342,2026/06/03 05:02:14.787,96.25,96.25,,96.25,400.0,1410.0,1593.0,35.0,P0,100.0,average_instant,"2026/06/03 05:02:14.787, 96.25, [N/A], 96.25, 400.00, 1410, 1593, 35, P0, 100"
1780462934898339984,2026/06/03 05:02:14.918,96.25,96.25,,96.25,400.0,1410.0,1593.0,35.0,P0,100.0,average_instant,"2026/06/03 05:02:14.918, 96.25, [N/A], 96.25, 400.00, 1410, 1593, 35, P0, 100"
1780462935027626508,2026/06/03 05:02:15.047,96.25,96.25,,96.25,400.0,1410.0,1593.0,35.0,P0,100.0,average_instant,"2026/06/03 05:02:15.047, 96.25, [N/A], 96.25, 400.00, 1410, 1593, 35, P0, 100"
1780462935156503429,2026/06/03 05:02:15.176,96.25,96.25,,96.25,400.0,1410.0,1593.0,35.0,P0,100.0,average_instant,"2026/06/03 05:02:15.176, 96.25, [N/A], 96.25, 400.00, 1410, 1593, 35, P0, 100"
1780462935285671538,2026/06/03 05:02:15.305,96.25,96.25,,96.25,400.0,1410.0,1593.0,35.0,P0,100.0,average_instant,"2026/06/03 05:02:15.305, 96.25, [N/A], 96.25, 400.00, 1410, 1593, 35, P0, 100"
1780462935415038644,2026/06/03 05:02:15.435,96.48,96.48,,96.48,400.0,1410.0,1593.0,35.0,P0,100.0,average_instant,"2026/06/03 05:02:15.435, 96.48, [N/A], 96.48, 400.00, 1410, 1593, 35, P0, 100"
1780462935544748423,2026/06/03 05:02:15.564,96.25,96.25,,96.25,400.0,1410.0,1593.0,35.0,P0,100.0,average_instant,"2026/06/03 05:02:15.564, 96.25, [N/A], 96.25, 400.00, 1410, 1593, 35, P0, 100"
1780462935673601342,2026/06/03 05:02:15.693,96.25,96.25,,96.25,400.0,1410.0,1593.0,35.0,P0,100.0,average_instant,"2026/06/03 05:02:15.693, 96.25, [N/A], 96.25, 400.00, 1410, 1593, 35, P0, 100"
1780462935803096960,2026/06/03 05:02:15.822,96.25,96.25,,96.25,400.0,1410.0,1593.0,35.0,P0,100.0,average_instant,"2026/06/03 05:02:15.822, 96.25, [N/A], 96.25, 400.00, 1410, 1593, 35, P0, 100"
1780462935931377506,2026/06/03 05:02:15.951,96.25,96.25,,96.25,400.0,1410.0,1593.0,35.0,P0,100.0,average_instant,"2026/06/03 05:02:15.951, 96.25, [N/A], 96.25, 400.00, 1410, 1593, 35, P0, 100"
1780462936060335729,2026/06/03 05:02:16.079,96.25,96.25,,96.25,400.0,1410.0,1593.0,35.0,P0,100.0,average_instant,"2026/06/03 05:02:16.079, 96.25, [N/A], 96.25, 400.00, 1410, 1593, 35, P0, 100"
1780462936189394813,2026/06/03 05:02:16.208,96.25,96.25,,96.25,400.0,1410.0,1593.0,35.0,P0,100.0,average_instant,"2026/06/03 05:02:16.208, 96.25, [N/A], 96.25, 400.00, 1410, 1593, 35, P0, 100"
1780462936318136500,2026/06/03 05:02:16.337,96.25,96.25,,96.25,400.0,1410.0,1593.0,35.0,P0,100.0,average_instant,"2026/06/03 05:02:16.337, 96.25, [N/A], 96.25, 400.00, 1410, 1593, 35, P0, 100"
1780462936448328372,2026/06/03 05:02:16.468,96.15,96.15,,96.15,400.0,1410.0,1593.0,35.0,P0,100.0,average_instant,"2026/06/03 05:02:16.468, 96.15, [N/A], 96.15, 400.00, 1410, 1593, 35, P0, 100"
1780462936577316339,2026/06/03 05:02:16.597,96.25,96.25,,96.25,400.0,1410.0,1593.0,35.0,P0,100.0,average_instant,"2026/06/03 05:02:16.597, 96.25, [N/A], 96.25, 400.00, 1410, 1593, 35, P0, 100"
1780462936706369649,2026/06/03 05:02:16.726,96.25,96.25,,96.25,400.0,1410.0,1593.0,35.0,P0,100.0,average_instant,"2026/06/03 05:02:16.726, 96.25, [N/A], 96.25, 400.00, 1410, 1593, 35, P0, 100"
1780462936835866630,2026/06/03 05:02:16.855,96.25,96.25,,96.25,400.0,1410.0,1593.0,35.0,P0,100.0,average_instant,"2026/06/03 05:02:16.855, 96.25, [N/A], 96.25, 400.00, 1410, 1593, 35, P0, 100"
1780462936964008014,2026/06/03 05:02:16.983,96.25,96.25,,96.25,400.0,1410.0,1593.0,35.0,P0,100.0,average_instant,"2026/06/03 05:02:16.983, 96.25, [N/A], 96.25, 400.00, 1410, 1593, 35, P0, 100"
1780462937095478298,2026/06/03 05:02:17.115,96.15,96.15,,96.15,400.0,1410.0,1593.0,35.0,P0,100.0,average_instant,"2026/06/03 05:02:17.115, 96.15, [N/A], 96.15, 400.00, 1410, 1593, 35, P0, 100"
1780462937224647240,2026/06/03 05:02:17.244,96.25,96.25,,96.25,400.0,1410.0,1593.0,35.0,P0,100.0,average_instant,"2026/06/03 05:02:17.244, 96.25, [N/A], 96.25, 400.00, 1410, 1593, 35, P0, 100"
1780462937356244527,2026/06/03 05:02:17.375,96.25,96.25,,96.25,400.0,1410.0,1593.0,35.0,P0,100.0,average_instant,"2026/06/03 05:02:17.375, 96.25, [N/A], 96.25, 400.00, 1410, 1593, 35, P0, 100"
1780462937484087410,2026/06/03 05:02:17.503,96.25,96.25,,96.25,400.0,1410.0,1593.0,35.0,P0,100.0,average_instant,"2026/06/03 05:02:17.503, 96.25, [N/A], 96.25, 400.00, 1410, 1593, 35, P0, 100"
1780462937613729729,2026/06/03 05:02:17.633,96.25,96.25,,96.25,400.0,1410.0,1593.0,35.0,P0,100.0,average_instant,"2026/06/03 05:02:17.633, 96.25, [N/A], 96.25, 400.00, 1410, 1593, 35, P0, 100"
1780462937741932258,2026/06/03 05:02:17.761,96.25,96.25,,96.25,400.0,1410.0,1593.0,35.0,P0,100.0,average_instant,"2026/06/03 05:02:17.761, 96.25, [N/A], 96.25, 400.00, 1410, 1593, 35, P0, 100"
1780462937869929494,2026/06/03 05:02:17.889,96.25,96.25,,96.25,400.0,1410.0,1593.0,35.0,P0,100.0,average_instant,"2026/06/03 05:02:17.889, 96.25, [N/A], 96.25, 400.00, 1410, 1593, 35, P0, 100"
1780462938000362599,2026/06/03 05:02:18.019,96.25,96.25,,96.25,400.0,1410.0,1593.0,35.0,P0,100.0,average_instant,"2026/06/03 05:02:18.019, 96.25, [N/A], 96.25, 400.00, 1410, 1593, 35, P0, 100"
1780462938128999278,2026/06/03 05:02:18.148,96.25,96.25,,96.25,400.0,1410.0,1593.0,35.0,P0,100.0,average_instant,"2026/06/03 05:02:18.148, 96.25, [N/A], 96.25, 400.00, 1410, 1593, 35, P0, 100"
1780462938260423225,2026/06/03 05:02:18.279,96.15,96.15,,96.15,400.0,1410.0,1593.0,35.0,P0,100.0,average_instant,"2026/06/03 05:02:18.279, 96.15, [N/A], 96.15, 400.00, 1410, 1593, 35, P0, 100"
1780462938389526653,2026/06/03 05:02:18.409,96.25,96.25,,96.25,400.0,1410.0,1593.0,35.0,P0,100.0,average_instant,"2026/06/03 05:02:18.409, 96.25, [N/A], 96.25, 400.00, 1410, 1593, 35, P0, 100"
1780462938519201852,2026/06/03 05:02:18.538,96.25,96.25,,96.25,400.0,1410.0,1593.0,35.0,P0,100.0,average_instant,"2026/06/03 05:02:18.538, 96.25, [N/A], 96.25, 400.00, 1410, 1593, 35, P0, 100"
1780462938647678173,2026/06/03 05:02:18.667,96.25,96.25,,96.25,400.0,1410.0,1593.0,35.0,P0,100.0,average_instant,"2026/06/03 05:02:18.667, 96.25, [N/A], 96.25, 400.00, 1410, 1593, 35, P0, 100"
1780462938776025347,2026/06/03 05:02:18.796,96.25,96.25,,96.25,400.0,1410.0,1593.0,35.0,P0,100.0,average_instant,"2026/06/03 05:02:18.796, 96.25, [N/A], 96.25, 400.00, 1410, 1593, 35, P0, 100"
1780462938906154852,2026/06/03 05:02:18.925,96.25,96.25,,96.25,400.0,1410.0,1593.0,35.0,P0,100.0,average_instant,"2026/06/03 05:02:18.925, 96.25, [N/A], 96.25, 400.00, 1410, 1593, 35, P0, 100"
1780462939034400935,2026/06/03 05:02:19.054,96.25,96.25,,96.25,400.0,1410.0,1593.0,35.0,P0,100.0,average_instant,"2026/06/03 05:02:19.054, 96.25, [N/A], 96.25, 400.00, 1410, 1593, 35, P0, 100"
1780462939163910437,2026/06/03 05:02:19.183,96.25,96.25,,96.25,400.0,1410.0,1593.0,35.0,P0,100.0,average_instant,"2026/06/03 05:02:19.183, 96.25, [N/A], 96.25, 400.00, 1410, 1593, 35, P0, 100"
1780462939292714857,2026/06/03 05:02:19.313,96.25,96.25,,96.25,400.0,1410.0,1593.0,35.0,P0,100.0,average_instant,"2026/06/03 05:02:19.313, 96.25, [N/A], 96.25, 400.00, 1410, 1593, 35, P0, 100"
1780462939422579078,2026/06/03 05:02:19.442,96.25,96.25,,96.25,400.0,1410.0,1593.0,35.0,P0,100.0,average_instant,"2026/06/03 05:02:19.442, 96.25, [N/A], 96.25, 400.00, 1410, 1593, 35, P0, 100"
1780462939551112976,2026/06/03 05:02:19.570,96.25,96.25,,96.25,400.0,1410.0,1593.0,35.0,P0,100.0,average_instant,"2026/06/03 05:02:19.570, 96.25, [N/A], 96.25, 400.00, 1410, 1593, 35, P0, 100"
1780462939679035742,2026/06/03 05:02:19.698,96.25,96.25,,96.25,400.0,1410.0,1593.0,35.0,P0,100.0,average_instant,"2026/06/03 05:02:19.698, 96.25, [N/A], 96.25, 400.00, 1410, 1593, 35, P0, 100"
1780462939808499894,2026/06/03 05:02:19.828,96.25,96.25,,96.25,400.0,1410.0,1593.0,35.0,P0,100.0,average_instant,"2026/06/03 05:02:19.828, 96.25, [N/A], 96.25, 400.00, 1410, 1593, 35, P0, 100"
1780462939937611016,2026/06/03 05:02:19.957,96.25,96.25,,96.25,400.0,1410.0,1593.0,35.0,P0,100.0,average_instant,"2026/06/03 05:02:19.957, 96.25, [N/A], 96.25, 400.00, 1410, 1593, 35, P0, 100"
1780462940065689734,2026/06/03 05:02:20.085,96.25,96.25,,96.25,400.0,1410.0,1593.0,35.0,P0,100.0,average_instant,"2026/06/03 05:02:20.085, 96.25, [N/A], 96.25, 400.00, 1410, 1593, 35, P0, 100"
1780462940196223568,2026/06/03 05:02:20.216,96.25,96.25,,96.25,400.0,1410.0,1593.0,35.0,P0,100.0,average_instant,"2026/06/03 05:02:20.216, 96.25, [N/A], 96.25, 400.00, 1410, 1593, 35, P0, 100"
1780462940324928300,2026/06/03 05:02:20.343,96.25,96.25,,96.25,400.0,1410.0,1593.0,35.0,P0,100.0,average_instant,"2026/06/03 05:02:20.343, 96.25, [N/A], 96.25, 400.00, 1410, 1593, 35, P0, 100"
1780462940454172853,2026/06/03 05:02:20.473,96.25,96.25,,96.25,400.0,1410.0,1593.0,35.0,P0,100.0,average_instant,"2026/06/03 05:02:20.473, 96.25, [N/A], 96.25, 400.00, 1410, 1593, 35, P0, 100"
1780462940583174490,2026/06/03 05:02:20.603,96.25,96.25,,96.25,400.0,1410.0,1593.0,35.0,P0,100.0,average_instant,"2026/06/03 05:02:20.603, 96.25, [N/A], 96.25, 400.00, 1410, 1593, 35, P0, 100"
1780462940714109406,2026/06/03 05:02:20.734,96.25,96.25,,96.25,400.0,1410.0,1593.0,35.0,P0,100.0,average_instant,"2026/06/03 05:02:20.734, 96.25, [N/A], 96.25, 400.00, 1410, 1593, 35, P0, 100"
1780462940843430531,2026/06/03 05:02:20.862,96.25,96.25,,96.25,400.0,1410.0,1593.0,35.0,P0,100.0,average_instant,"2026/06/03 05:02:20.862, 96.25, [N/A], 96.25, 400.00, 1410, 1593, 35, P0, 100"
1780462940971709800,2026/06/03 05:02:20.990,96.25,96.25,,96.25,400.0,1410.0,1593.0,35.0,P0,100.0,average_instant,"2026/06/03 05:02:20.990, 96.25, [N/A], 96.25, 400.00, 1410, 1593, 35, P0, 100"
1780462941099438201,2026/06/03 05:02:21.119,96.15,96.15,,96.15,400.0,1410.0,1593.0,35.0,P0,100.0,average_instant,"2026/06/03 05:02:21.119, 96.15, [N/A], 96.15, 400.00, 1410, 1593, 35, P0, 100"
1780462941227674400,2026/06/03 05:02:21.247,96.15,96.15,,96.15,400.0,1410.0,1593.0,35.0,P0,100.0,average_instant,"2026/06/03 05:02:21.247, 96.15, [N/A], 96.15, 400.00, 1410, 1593, 35, P0, 100"
1780462941356339087,2026/06/03 05:02:21.379,96.25,96.25,,96.25,400.0,1410.0,1593.0,35.0,P0,100.0,average_instant,"2026/06/03 05:02:21.379, 96.25, [N/A], 96.25, 400.00, 1410, 1593, 35, P0, 100"
1780462941488908766,2026/06/03 05:02:21.508,96.25,96.25,,96.25,400.0,1410.0,1593.0,35.0,P0,100.0,average_instant,"2026/06/03 05:02:21.508, 96.25, [N/A], 96.25, 400.00, 1410, 1593, 35, P0, 100"
1780462941616644427,2026/06/03 05:02:21.636,96.25,96.25,,96.25,400.0,1410.0,1593.0,35.0,P0,100.0,average_instant,"2026/06/03 05:02:21.636, 96.25, [N/A], 96.25, 400.00, 1410, 1593, 35, P0, 100"
1780462941744838122,2026/06/03 05:02:21.764,96.25,96.25,,96.25,400.0,1410.0,1593.0,35.0,P0,100.0,average_instant,"2026/06/03 05:02:21.764, 96.25, [N/A], 96.25, 400.00, 1410, 1593, 35, P0, 100"
1780462941873831598,2026/06/03 05:02:21.893,96.25,96.25,,96.25,400.0,1410.0,1593.0,35.0,P0,100.0,average_instant,"2026/06/03 05:02:21.893, 96.25, [N/A], 96.25, 400.00, 1410, 1593, 35, P0, 100"
1780462942004354820,2026/06/03 05:02:22.023,96.25,96.25,,96.25,400.0,1410.0,1593.0,35.0,P0,100.0,average_instant,"2026/06/03 05:02:22.023, 96.25, [N/A], 96.25, 400.00, 1410, 1593, 35, P0, 100"
1780462942133388186,2026/06/03 05:02:22.152,96.25,96.25,,96.25,400.0,1410.0,1593.0,35.0,P0,100.0,average_instant,"2026/06/03 05:02:22.152, 96.25, [N/A], 96.25, 400.00, 1410, 1593, 35, P0, 100"
1780462942262854366,2026/06/03 05:02:22.282,96.25,96.25,,96.25,400.0,1410.0,1593.0,35.0,P0,100.0,average_instant,"2026/06/03 05:02:22.282, 96.25, [N/A], 96.25, 400.00, 1410, 1593, 35, P0, 100"
1780462942391688191,2026/06/03 05:02:22.412,96.15,96.15,,96.15,400.0,1410.0,1593.0,35.0,P0,100.0,average_instant,"2026/06/03 05:02:22.412, 96.15, [N/A], 96.15, 400.00, 1410, 1593, 35, P0, 100"
1780462942522014611,2026/06/03 05:02:22.541,96.25,96.25,,96.25,400.0,1410.0,1593.0,35.0,P0,100.0,average_instant,"2026/06/03 05:02:22.541, 96.25, [N/A], 96.25, 400.00, 1410, 1593, 35, P0, 100"
1780462942650248435,2026/06/03 05:02:22.669,96.25,96.25,,96.25,400.0,1410.0,1593.0,35.0,P0,100.0,average_instant,"2026/06/03 05:02:22.669, 96.25, [N/A], 96.25, 400.00, 1410, 1593, 35, P0, 100"
1780462942778196068,2026/06/03 05:02:22.797,96.25,96.25,,96.25,400.0,1410.0,1593.0,35.0,P0,100.0,average_instant,"2026/06/03 05:02:22.797, 96.25, [N/A], 96.25, 400.00, 1410, 1593, 35, P0, 100"
1780462942908609504,2026/06/03 05:02:22.927,96.25,96.25,,96.25,400.0,1410.0,1593.0,35.0,P0,100.0,average_instant,"2026/06/03 05:02:22.927, 96.25, [N/A], 96.25, 400.00, 1410, 1593, 35, P0, 100"
1780462943036165859,2026/06/03 05:02:23.055,96.25,96.25,,96.25,400.0,1410.0,1593.0,35.0,P0,100.0,average_instant,"2026/06/03 05:02:23.055, 96.25, [N/A], 96.25, 400.00, 1410, 1593, 35, P0, 100"
1780462943164259164,2026/06/03 05:02:23.183,96.25,96.25,,96.25,400.0,1410.0,1593.0,35.0,P0,100.0,average_instant,"2026/06/03 05:02:23.183, 96.25, [N/A], 96.25, 400.00, 1410, 1593, 35, P0, 100"
1780462943292117160,2026/06/03 05:02:23.311,96.25,96.25,,96.25,400.0,1410.0,1593.0,35.0,P0,100.0,average_instant,"2026/06/03 05:02:23.311, 96.25, [N/A], 96.25, 400.00, 1410, 1593, 35, P0, 100"
1780462943420457796,2026/06/03 05:02:23.440,95.97,95.97,,95.97,400.0,1410.0,1593.0,35.0,P0,100.0,average_instant,"2026/06/03 05:02:23.440, 95.97, [N/A], 95.97, 400.00, 1410, 1593, 35, P0, 100"
1780462943549293188,2026/06/03 05:02:23.569,95.97,95.97,,95.97,400.0,1410.0,1593.0,35.0,P0,100.0,average_instant,"2026/06/03 05:02:23.569, 95.97, [N/A], 95.97, 400.00, 1410, 1593, 35, P0, 100"
1780462943678711849,2026/06/03 05:02:23.698,95.97,95.97,,95.97,400.0,1410.0,1593.0,35.0,P0,100.0,average_instant,"2026/06/03 05:02:23.698, 95.97, [N/A], 95.97, 400.00, 1410, 1593, 35, P0, 100"
1780462943807439647,2026/06/03 05:02:23.827,95.97,95.97,,95.97,400.0,1410.0,1593.0,35.0,P0,100.0,average_instant,"2026/06/03 05:02:23.827, 95.97, [N/A], 95.97, 400.00, 1410, 1593, 35, P0, 100"
1780462943937304357,2026/06/03 05:02:23.956,95.97,95.97,,95.97,400.0,1410.0,1593.0,35.0,P0,100.0,average_instant,"2026/06/03 05:02:23.956, 95.97, [N/A], 95.97, 400.00, 1410, 1593, 35, P0, 100"
1780462944066757044,2026/06/03 05:02:24.086,95.97,95.97,,95.97,400.0,1410.0,1593.0,35.0,P0,100.0,average_instant,"2026/06/03 05:02:24.086, 95.97, [N/A], 95.97, 400.00, 1410, 1593, 35, P0, 100"
1780462944197116857,2026/06/03 05:02:24.216,95.88,95.88,,95.88,400.0,1410.0,1593.0,35.0,P0,100.0,average_instant,"2026/06/03 05:02:24.216, 95.88, [N/A], 95.88, 400.00, 1410, 1593, 35, P0, 100"
1780462944325713526,2026/06/03 05:02:24.345,95.97,95.97,,95.97,400.0,1410.0,1593.0,35.0,P0,100.0,average_instant,"2026/06/03 05:02:24.345, 95.97, [N/A], 95.97, 400.00, 1410, 1593, 35, P0, 100"
1780462944454171657,2026/06/03 05:02:24.473,95.97,95.97,,95.97,400.0,1410.0,1593.0,35.0,P0,100.0,average_instant,"2026/06/03 05:02:24.473, 95.97, [N/A], 95.97, 400.00, 1410, 1593, 35, P0, 100"
1780462944582436485,2026/06/03 05:02:24.601,95.97,95.97,,95.97,400.0,1410.0,1593.0,34.0,P0,100.0,average_instant,"2026/06/03 05:02:24.601, 95.97, [N/A], 95.97, 400.00, 1410, 1593, 34, P0, 100"
1780462944711393286,2026/06/03 05:02:24.731,95.97,95.97,,95.97,400.0,1410.0,1593.0,34.0,P0,100.0,average_instant,"2026/06/03 05:02:24.731, 95.97, [N/A], 95.97, 400.00, 1410, 1593, 34, P0, 100"
1780462944842232592,2026/06/03 05:02:24.861,95.97,95.97,,95.97,400.0,1410.0,1593.0,34.0,P0,100.0,average_instant,"2026/06/03 05:02:24.861, 95.97, [N/A], 95.97, 400.00, 1410, 1593, 34, P0, 100"
1780462944971542152,2026/06/03 05:02:24.990,95.97,95.97,,95.97,400.0,1410.0,1593.0,34.0,P0,100.0,average_instant,"2026/06/03 05:02:24.990, 95.97, [N/A], 95.97, 400.00, 1410, 1593, 34, P0, 100"
1780462945107054797,2026/06/03 05:02:25.126,95.97,95.97,,95.97,400.0,1410.0,1593.0,34.0,P0,100.0,average_instant,"2026/06/03 05:02:25.126, 95.97, [N/A], 95.97, 400.00, 1410, 1593, 34, P0, 100"
1780462945236177489,2026/06/03 05:02:25.256,95.88,95.88,,95.88,400.0,1410.0,1593.0,34.0,P0,100.0,average_instant,"2026/06/03 05:02:25.256, 95.88, [N/A], 95.88, 400.00, 1410, 1593, 34, P0, 100"
1780462945365528078,2026/06/03 05:02:25.385,95.97,95.97,,95.97,400.0,1410.0,1593.0,34.0,P0,100.0,average_instant,"2026/06/03 05:02:25.385, 95.97, [N/A], 95.97, 400.00, 1410, 1593, 34, P0, 100"
1780462945493892345,2026/06/03 05:02:25.513,96.15,96.15,,96.15,400.0,1410.0,1593.0,34.0,P0,100.0,average_instant,"2026/06/03 05:02:25.513, 96.15, [N/A], 96.15, 400.00, 1410, 1593, 34, P0, 100"
1780462945623073506,2026/06/03 05:02:25.643,95.97,95.97,,95.97,400.0,1410.0,1593.0,34.0,P0,100.0,average_instant,"2026/06/03 05:02:25.643, 95.97, [N/A], 95.97, 400.00, 1410, 1593, 34, P0, 100"
1780462945752877159,2026/06/03 05:02:25.772,95.97,95.97,,95.97,400.0,1410.0,1593.0,34.0,P0,100.0,average_instant,"2026/06/03 05:02:25.772, 95.97, [N/A], 95.97, 400.00, 1410, 1593, 34, P0, 100"
1780462945882151007,2026/06/03 05:02:25.901,95.97,95.97,,95.97,400.0,1410.0,1593.0,34.0,P0,100.0,average_instant,"2026/06/03 05:02:25.901, 95.97, [N/A], 95.97, 400.00, 1410, 1593, 34, P0, 100"
1780462946011370815,2026/06/03 05:02:26.030,95.97,95.97,,95.97,400.0,1410.0,1593.0,34.0,P0,100.0,average_instant,"2026/06/03 05:02:26.030, 95.97, [N/A], 95.97, 400.00, 1410, 1593, 34, P0, 100"
1780462946139877734,2026/06/03 05:02:26.159,95.97,95.97,,95.97,400.0,1410.0,1593.0,34.0,P0,100.0,average_instant,"2026/06/03 05:02:26.159, 95.97, [N/A], 95.97, 400.00, 1410, 1593, 34, P0, 100"
1780462946270044401,2026/06/03 05:02:26.289,95.97,95.97,,95.97,400.0,1410.0,1593.0,34.0,P0,100.0,average_instant,"2026/06/03 05:02:26.289, 95.97, [N/A], 95.97, 400.00, 1410, 1593, 34, P0, 100"
1780462946399342137,2026/06/03 05:02:26.418,95.97,95.97,,95.97,400.0,1410.0,1593.0,34.0,P0,100.0,average_instant,"2026/06/03 05:02:26.418, 95.97, [N/A], 95.97, 400.00, 1410, 1593, 34, P0, 100"
1780462946529095623,2026/06/03 05:02:26.548,95.97,95.97,,95.97,400.0,1410.0,1593.0,34.0,P0,100.0,average_instant,"2026/06/03 05:02:26.548, 95.97, [N/A], 95.97, 400.00, 1410, 1593, 34, P0, 100"
1780462946657332642,2026/06/03 05:02:26.676,95.97,95.97,,95.97,400.0,1410.0,1593.0,34.0,P0,100.0,average_instant,"2026/06/03 05:02:26.676, 95.97, [N/A], 95.97, 400.00, 1410, 1593, 34, P0, 100"
1780462946785273896,2026/06/03 05:02:26.804,99.34,99.34,,99.34,400.0,1410.0,1593.0,34.0,P0,100.0,average_instant,"2026/06/03 05:02:26.804, 99.34, [N/A], 99.34, 400.00, 1410, 1593, 34, P0, 100"
1780462946915884074,2026/06/03 05:02:26.935,98.74,98.74,,98.74,400.0,1410.0,1593.0,34.0,P0,100.0,average_instant,"2026/06/03 05:02:26.935, 98.74, [N/A], 98.74, 400.00, 1410, 1593, 34, P0, 100"
1780462947045190400,2026/06/03 05:02:27.064,98.74,98.74,,98.74,400.0,1410.0,1593.0,34.0,P0,100.0,average_instant,"2026/06/03 05:02:27.064, 98.74, [N/A], 98.74, 400.00, 1410, 1593, 34, P0, 100"
1780462947174426707,2026/06/03 05:02:27.194,98.74,98.74,,98.74,400.0,1410.0,1593.0,34.0,P0,100.0,average_instant,"2026/06/03 05:02:27.194, 98.74, [N/A], 98.74, 400.00, 1410, 1593, 34, P0, 100"
1780462947304414734,2026/06/03 05:02:27.323,98.74,98.74,,98.74,400.0,1410.0,1593.0,34.0,P0,100.0,average_instant,"2026/06/03 05:02:27.323, 98.74, [N/A], 98.74, 400.00, 1410, 1593, 34, P0, 100"
1780462947432986801,2026/06/03 05:02:27.452,98.74,98.74,,98.74,400.0,1410.0,1593.0,34.0,P0,100.0,average_instant,"2026/06/03 05:02:27.452, 98.74, [N/A], 98.74, 400.00, 1410, 1593, 34, P0, 100"
1780462947561071185,2026/06/03 05:02:27.580,98.74,98.74,,98.74,400.0,1410.0,1593.0,34.0,P0,100.0,average_instant,"2026/06/03 05:02:27.580, 98.74, [N/A], 98.74, 400.00, 1410, 1593, 34, P0, 100"
1780462947688815592,2026/06/03 05:02:27.708,98.74,98.74,,98.74,400.0,1410.0,1593.0,34.0,P0,100.0,average_instant,"2026/06/03 05:02:27.708, 98.74, [N/A], 98.74, 400.00, 1410, 1593, 34, P0, 100"
1780462947818733182,2026/06/03 05:02:27.838,98.74,98.74,,98.74,400.0,1410.0,1593.0,34.0,P0,100.0,average_instant,"2026/06/03 05:02:27.838, 98.74, [N/A], 98.74, 400.00, 1410, 1593, 34, P0, 100"
1780462947947119650,2026/06/03 05:02:27.966,98.74,98.74,,98.74,400.0,1410.0,1593.0,34.0,P0,100.0,average_instant,"2026/06/03 05:02:27.966, 98.74, [N/A], 98.74, 400.00, 1410, 1593, 34, P0, 100"
1780462948075569520,2026/06/03 05:02:28.095,98.74,98.74,,98.74,400.0,1410.0,1593.0,34.0,P0,100.0,average_instant,"2026/06/03 05:02:28.095, 98.74, [N/A], 98.74, 400.00, 1410, 1593, 34, P0, 100"
1780462948204012434,2026/06/03 05:02:28.223,98.74,98.74,,98.74,400.0,1410.0,1593.0,34.0,P0,100.0,average_instant,"2026/06/03 05:02:28.223, 98.74, [N/A], 98.74, 400.00, 1410, 1593, 34, P0, 100"
1780462948332979887,2026/06/03 05:02:28.352,98.74,98.74,,98.74,400.0,1410.0,1593.0,34.0,P0,100.0,average_instant,"2026/06/03 05:02:28.352, 98.74, [N/A], 98.74, 400.00, 1410, 1593, 34, P0, 100"
1780462948461563097,2026/06/03 05:02:28.481,98.74,98.74,,98.74,400.0,1410.0,1593.0,34.0,P0,100.0,average_instant,"2026/06/03 05:02:28.481, 98.74, [N/A], 98.74, 400.00, 1410, 1593, 34, P0, 100"
1780462948589824020,2026/06/03 05:02:28.609,98.74,98.74,,98.74,400.0,1410.0,1593.0,34.0,P0,100.0,average_instant,"2026/06/03 05:02:28.609, 98.74, [N/A], 98.74, 400.00, 1410, 1593, 34, P0, 100"
1780462948718908600,2026/06/03 05:02:28.738,98.74,98.74,,98.74,400.0,1410.0,1593.0,34.0,P0,100.0,average_instant,"2026/06/03 05:02:28.738, 98.74, [N/A], 98.74, 400.00, 1410, 1593, 34, P0, 100"
1780462948846679248,2026/06/03 05:02:28.866,98.64,98.64,,98.64,400.0,1410.0,1593.0,34.0,P0,100.0,average_instant,"2026/06/03 05:02:28.866, 98.64, [N/A], 98.64, 400.00, 1410, 1593, 34, P0, 100"
1780462948975470427,2026/06/03 05:02:28.994,98.74,98.74,,98.74,400.0,1410.0,1593.0,34.0,P0,100.0,average_instant,"2026/06/03 05:02:28.994, 98.74, [N/A], 98.74, 400.00, 1410, 1593, 34, P0, 100"
1780462949104690542,2026/06/03 05:02:29.124,98.74,98.74,,98.74,400.0,1410.0,1593.0,34.0,P0,100.0,average_instant,"2026/06/03 05:02:29.124, 98.74, [N/A], 98.74, 400.00, 1410, 1593, 34, P0, 100"
1780462949232461674,2026/06/03 05:02:29.251,98.74,98.74,,98.74,400.0,1410.0,1593.0,34.0,P0,100.0,average_instant,"2026/06/03 05:02:29.251, 98.74, [N/A], 98.74, 400.00, 1410, 1593, 34, P0, 100"
1780462949360698780,2026/06/03 05:02:29.379,98.74,98.74,,98.74,400.0,1410.0,1593.0,34.0,P0,100.0,average_instant,"2026/06/03 05:02:29.379, 98.74, [N/A], 98.74, 400.00, 1410, 1593, 34, P0, 100"
1780462949488756164,2026/06/03 05:02:29.507,98.74,98.74,,98.74,400.0,1410.0,1593.0,34.0,P0,100.0,average_instant,"2026/06/03 05:02:29.507, 98.74, [N/A], 98.74, 400.00, 1410, 1593, 34, P0, 100"
1780462949616348739,2026/06/03 05:02:29.636,98.74,98.74,,98.74,400.0,1410.0,1593.0,34.0,P0,100.0,average_instant,"2026/06/03 05:02:29.636, 98.74, [N/A], 98.74, 400.00, 1410, 1593, 34, P0, 100"
1780462949745345286,2026/06/03 05:02:29.764,98.74,98.74,,98.74,400.0,1410.0,1593.0,34.0,P0,100.0,average_instant,"2026/06/03 05:02:29.764, 98.74, [N/A], 98.74, 400.00, 1410, 1593, 34, P0, 100"
1780462949875945655,2026/06/03 05:02:29.895,98.64,98.64,,98.64,400.0,1410.0,1593.0,34.0,P0,100.0,average_instant,"2026/06/03 05:02:29.895, 98.64, [N/A], 98.64, 400.00, 1410, 1593, 34, P0, 100"
1780462950004704022,2026/06/03 05:02:30.024,98.74,98.74,,98.74,400.0,1410.0,1593.0,34.0,P0,100.0,average_instant,"2026/06/03 05:02:30.024, 98.74, [N/A], 98.74, 400.00, 1410, 1593, 34, P0, 100"
1780462950136089322,2026/06/03 05:02:30.156,98.74,98.74,,98.74,400.0,1410.0,1593.0,34.0,P0,100.0,average_instant,"2026/06/03 05:02:30.156, 98.74, [N/A], 98.74, 400.00, 1410, 1593, 34, P0, 100"
1780462950267448381,2026/06/03 05:02:30.287,98.74,98.74,,98.74,400.0,1410.0,1593.0,34.0,P0,100.0,average_instant,"2026/06/03 05:02:30.287, 98.74, [N/A], 98.74, 400.00, 1410, 1593, 34, P0, 100"
1780462950396360803,2026/06/03 05:02:30.416,98.74,98.74,,98.74,400.0,1410.0,1593.0,34.0,P0,100.0,average_instant,"2026/06/03 05:02:30.416, 98.74, [N/A], 98.74, 400.00, 1410, 1593, 34, P0, 100"
1780462950525855598,2026/06/03 05:02:30.545,98.74,98.74,,98.74,400.0,1410.0,1593.0,34.0,P0,100.0,average_instant,"2026/06/03 05:02:30.545, 98.74, [N/A], 98.74, 400.00, 1410, 1593, 34, P0, 100"
1780462950656012023,2026/06/03 05:02:30.675,98.64,98.64,,98.64,400.0,1410.0,1593.0,34.0,P0,100.0,average_instant,"2026/06/03 05:02:30.675, 98.64, [N/A], 98.64, 400.00, 1410, 1593, 34, P0, 100"
1780462950784604480,2026/06/03 05:02:30.803,98.74,98.74,,98.74,400.0,1410.0,1593.0,34.0,P0,100.0,average_instant,"2026/06/03 05:02:30.803, 98.74, [N/A], 98.74, 400.00, 1410, 1593, 34, P0, 100"
1780462950913841492,2026/06/03 05:02:30.933,98.74,98.74,,98.74,400.0,1410.0,1593.0,34.0,P0,100.0,average_instant,"2026/06/03 05:02:30.933, 98.74, [N/A], 98.74, 400.00, 1410, 1593, 34, P0, 100"
1780462951042831711,2026/06/03 05:02:31.061,98.64,98.64,,98.64,400.0,1410.0,1593.0,34.0,P0,100.0,average_instant,"2026/06/03 05:02:31.061, 98.64, [N/A], 98.64, 400.00, 1410, 1593, 34, P0, 100"
1780462951170219456,2026/06/03 05:02:31.190,98.74,98.74,,98.74,400.0,1410.0,1593.0,34.0,P0,100.0,average_instant,"2026/06/03 05:02:31.190, 98.74, [N/A], 98.74, 400.00, 1410, 1593, 34, P0, 100"
1780462951300676714,2026/06/03 05:02:31.320,98.74,98.74,,98.74,400.0,1410.0,1593.0,34.0,P0,100.0,average_instant,"2026/06/03 05:02:31.320, 98.74, [N/A], 98.74, 400.00, 1410, 1593, 34, P0, 100"
1780462951429186786,2026/06/03 05:02:31.448,98.74,98.74,,98.74,400.0,1410.0,1593.0,34.0,P0,100.0,average_instant,"2026/06/03 05:02:31.448, 98.74, [N/A], 98.74, 400.00, 1410, 1593, 34, P0, 100"
1780462951559553720,2026/06/03 05:02:31.579,98.74,98.74,,98.74,400.0,1410.0,1593.0,34.0,P0,100.0,average_instant,"2026/06/03 05:02:31.579, 98.74, [N/A], 98.74, 400.00, 1410, 1593, 34, P0, 100"
1780462951688148151,2026/06/03 05:02:31.707,98.74,98.74,,98.74,400.0,1410.0,1593.0,34.0,P0,100.0,average_instant,"2026/06/03 05:02:31.707, 98.74, [N/A], 98.74, 400.00, 1410, 1593, 34, P0, 100"
1780462951817159540,2026/06/03 05:02:31.837,98.64,98.64,,98.64,400.0,1410.0,1593.0,34.0,P0,100.0,average_instant,"2026/06/03 05:02:31.837, 98.64, [N/A], 98.64, 400.00, 1410, 1593, 34, P0, 100"
1780462951946668394,2026/06/03 05:02:31.966,98.74,98.74,,98.74,400.0,1410.0,1593.0,34.0,P0,100.0,average_instant,"2026/06/03 05:02:31.966, 98.74, [N/A], 98.74, 400.00, 1410, 1593, 34, P0, 100"
1780462952075100522,2026/06/03 05:02:32.094,98.64,98.64,,98.64,400.0,1410.0,1593.0,34.0,P0,100.0,average_instant,"2026/06/03 05:02:32.094, 98.64, [N/A], 98.64, 400.00, 1410, 1593, 34, P0, 100"
1780462952207144754,2026/06/03 05:02:32.226,98.74,98.74,,98.74,400.0,1410.0,1593.0,34.0,P0,100.0,average_instant,"2026/06/03 05:02:32.226, 98.74, [N/A], 98.74, 400.00, 1410, 1593, 34, P0, 100"
1780462952335529922,2026/06/03 05:02:32.354,98.74,98.74,,98.74,400.0,1410.0,1593.0,34.0,P0,100.0,average_instant,"2026/06/03 05:02:32.354, 98.74, [N/A], 98.74, 400.00, 1410, 1593, 34, P0, 100"
1780462952464570359,2026/06/03 05:02:32.484,98.74,98.74,,98.74,400.0,1410.0,1593.0,34.0,P0,100.0,average_instant,"2026/06/03 05:02:32.484, 98.74, [N/A], 98.74, 400.00, 1410, 1593, 34, P0, 100"
1780462952593444022,2026/06/03 05:02:32.613,98.74,98.74,,98.74,400.0,1410.0,1593.0,34.0,P0,100.0,average_instant,"2026/06/03 05:02:32.613, 98.74, [N/A], 98.74, 400.00, 1410, 1593, 34, P0, 100"
1780462952721984054,2026/06/03 05:02:32.741,98.74,98.74,,98.74,400.0,1410.0,1593.0,34.0,P0,100.0,average_instant,"2026/06/03 05:02:32.741, 98.74, [N/A], 98.74, 400.00, 1410, 1593, 34, P0, 100"
1780462952850670769,2026/06/03 05:02:32.870,98.74,98.74,,98.74,400.0,1410.0,1593.0,34.0,P0,100.0,average_instant,"2026/06/03 05:02:32.870, 98.74, [N/A], 98.74, 400.00, 1410, 1593, 34, P0, 100"
1780462952979040602,2026/06/03 05:02:32.998,98.64,98.64,,98.64,400.0,1410.0,1593.0,34.0,P0,100.0,average_instant,"2026/06/03 05:02:32.998, 98.64, [N/A], 98.64, 400.00, 1410, 1593, 34, P0, 100"
1780462953109236448,2026/06/03 05:02:33.128,98.74,98.74,,98.74,400.0,1410.0,1593.0,34.0,P0,100.0,average_instant,"2026/06/03 05:02:33.128, 98.74, [N/A], 98.74, 400.00, 1410, 1593, 34, P0, 100"
1780462953237386576,2026/06/03 05:02:33.256,98.64,98.64,,98.64,400.0,1410.0,1593.0,34.0,P0,100.0,average_instant,"2026/06/03 05:02:33.256, 98.64, [N/A], 98.64, 400.00, 1410, 1593, 34, P0, 100"
1780462953365164861,2026/06/03 05:02:33.384,98.74,98.74,,98.74,400.0,1410.0,1593.0,34.0,P0,100.0,average_instant,"2026/06/03 05:02:33.384, 98.74, [N/A], 98.74, 400.00, 1410, 1593, 34, P0, 100"
1780462953492993667,2026/06/03 05:02:33.512,98.64,98.64,,98.64,400.0,1410.0,1593.0,34.0,P0,100.0,average_instant,"2026/06/03 05:02:33.512, 98.64, [N/A], 98.64, 400.00, 1410, 1593, 34, P0, 100"
1780462953621562239,2026/06/03 05:02:33.640,98.74,98.74,,98.74,400.0,1410.0,1593.0,34.0,P0,100.0,average_instant,"2026/06/03 05:02:33.640, 98.74, [N/A], 98.74, 400.00, 1410, 1593, 34, P0, 100"
1780462953750245301,2026/06/03 05:02:33.769,98.74,98.74,,98.74,400.0,1410.0,1593.0,34.0,P0,100.0,average_instant,"2026/06/03 05:02:33.769, 98.74, [N/A], 98.74, 400.00, 1410, 1593, 34, P0, 100"
1780462953879564344,2026/06/03 05:02:33.899,98.74,98.74,,98.74,400.0,1410.0,1593.0,34.0,P0,100.0,average_instant,"2026/06/03 05:02:33.899, 98.74, [N/A], 98.74, 400.00, 1410, 1593, 34, P0, 100"
1780462954009406101,2026/06/03 05:02:34.029,98.74,98.74,,98.74,400.0,1410.0,1593.0,34.0,P0,100.0,average_instant,"2026/06/03 05:02:34.029, 98.74, [N/A], 98.74, 400.00, 1410, 1593, 34, P0, 100"
1780462954140587094,2026/06/03 05:02:34.160,98.74,98.74,,98.74,400.0,1410.0,1593.0,34.0,P0,100.0,average_instant,"2026/06/03 05:02:34.160, 98.74, [N/A], 98.74, 400.00, 1410, 1593, 34, P0, 100"
1780462954269612922,2026/06/03 05:02:34.289,98.74,98.74,,98.74,400.0,1410.0,1593.0,34.0,P0,100.0,average_instant,"2026/06/03 05:02:34.289, 98.74, [N/A], 98.74, 400.00, 1410, 1593, 34, P0, 100"
1780462954397979360,2026/06/03 05:02:34.417,98.74,98.74,,98.74,400.0,1410.0,1593.0,34.0,P0,100.0,average_instant,"2026/06/03 05:02:34.417, 98.74, [N/A], 98.74, 400.00, 1410, 1593, 34, P0, 100"
1780462954527554582,2026/06/03 05:02:34.547,98.64,98.64,,98.64,400.0,1410.0,1593.0,34.0,P0,100.0,average_instant,"2026/06/03 05:02:34.547, 98.64, [N/A], 98.64, 400.00, 1410, 1593, 34, P0, 100"
1780462954657251506,2026/06/03 05:02:34.676,98.4,98.4,,98.4,400.0,1410.0,1593.0,34.0,P0,100.0,average_instant,"2026/06/03 05:02:34.676, 98.40, [N/A], 98.40, 400.00, 1410, 1593, 34, P0, 100"
1780462954785987447,2026/06/03 05:02:34.805,98.4,98.4,,98.4,400.0,1410.0,1593.0,34.0,P0,100.0,average_instant,"2026/06/03 05:02:34.805, 98.40, [N/A], 98.40, 400.00, 1410, 1593, 34, P0, 100"
1780462954916012969,2026/06/03 05:02:34.935,98.4,98.4,,98.4,400.0,1410.0,1593.0,34.0,P0,100.0,average_instant,"2026/06/03 05:02:34.935, 98.40, [N/A], 98.40, 400.00, 1410, 1593, 34, P0, 100"
1780462955045479235,2026/06/03 05:02:35.065,98.4,98.4,,98.4,400.0,1410.0,1593.0,34.0,P0,100.0,average_instant,"2026/06/03 05:02:35.065, 98.40, [N/A], 98.40, 400.00, 1410, 1593, 34, P0, 100"
1780462955174024139,2026/06/03 05:02:35.193,98.3,98.3,,98.3,400.0,1410.0,1593.0,34.0,P0,100.0,average_instant,"2026/06/03 05:02:35.193, 98.30, [N/A], 98.30, 400.00, 1410, 1593, 34, P0, 100"
1780462955304952945,2026/06/03 05:02:35.324,98.4,98.4,,98.4,400.0,1410.0,1593.0,34.0,P0,100.0,average_instant,"2026/06/03 05:02:35.324, 98.40, [N/A], 98.40, 400.00, 1410, 1593, 34, P0, 100"
1780462955433460748,2026/06/03 05:02:35.453,98.4,98.4,,98.4,400.0,1410.0,1593.0,34.0,P0,100.0,average_instant,"2026/06/03 05:02:35.453, 98.40, [N/A], 98.40, 400.00, 1410, 1593, 34, P0, 100"
1780462955564181657,2026/06/03 05:02:35.583,98.4,98.4,,98.4,400.0,1410.0,1593.0,34.0,P0,100.0,average_instant,"2026/06/03 05:02:35.583, 98.40, [N/A], 98.40, 400.00, 1410, 1593, 34, P0, 100"
1780462955692426242,2026/06/03 05:02:35.711,98.4,98.4,,98.4,400.0,1410.0,1593.0,34.0,P0,100.0,average_instant,"2026/06/03 05:02:35.711, 98.40, [N/A], 98.40, 400.00, 1410, 1593, 34, P0, 100"
1780462955820144863,2026/06/03 05:02:35.839,98.4,98.4,,98.4,400.0,1410.0,1593.0,34.0,P0,100.0,average_instant,"2026/06/03 05:02:35.839, 98.40, [N/A], 98.40, 400.00, 1410, 1593, 34, P0, 100"
1780462955948331542,2026/06/03 05:02:35.967,98.4,98.4,,98.4,400.0,1410.0,1593.0,34.0,P0,100.0,average_instant,"2026/06/03 05:02:35.967, 98.40, [N/A], 98.40, 400.00, 1410, 1593, 34, P0, 100"
1780462956076940956,2026/06/03 05:02:36.097,98.4,98.4,,98.4,400.0,1410.0,1593.0,34.0,P0,100.0,average_instant,"2026/06/03 05:02:36.097, 98.40, [N/A], 98.40, 400.00, 1410, 1593, 34, P0, 100"
1780462956206925382,2026/06/03 05:02:36.226,98.4,98.4,,98.4,400.0,1410.0,1593.0,34.0,P0,100.0,average_instant,"2026/06/03 05:02:36.226, 98.40, [N/A], 98.40, 400.00, 1410, 1593, 34, P0, 100"
1780462956335445119,2026/06/03 05:02:36.354,98.4,98.4,,98.4,400.0,1410.0,1593.0,34.0,P0,100.0,average_instant,"2026/06/03 05:02:36.354, 98.40, [N/A], 98.40, 400.00, 1410, 1593, 34, P0, 100"
1780462956463229975,2026/06/03 05:02:36.483,98.4,98.4,,98.4,400.0,1410.0,1593.0,34.0,P0,100.0,average_instant,"2026/06/03 05:02:36.483, 98.40, [N/A], 98.40, 400.00, 1410, 1593, 34, P0, 100"
1780462956592118548,2026/06/03 05:02:36.611,98.4,98.4,,98.4,400.0,1410.0,1593.0,34.0,P0,100.0,average_instant,"2026/06/03 05:02:36.611, 98.40, [N/A], 98.40, 400.00, 1410, 1593, 34, P0, 100"
1780462956720552181,2026/06/03 05:02:36.739,98.4,98.4,,98.4,400.0,1410.0,1593.0,34.0,P0,100.0,average_instant,"2026/06/03 05:02:36.739, 98.40, [N/A], 98.40, 400.00, 1410, 1593, 34, P0, 100"
1780462956849577071,2026/06/03 05:02:36.868,98.4,98.4,,98.4,400.0,1410.0,1593.0,34.0,P0,100.0,average_instant,"2026/06/03 05:02:36.868, 98.40, [N/A], 98.40, 400.00, 1410, 1593, 34, P0, 100"
1780462956978074016,2026/06/03 05:02:36.997,98.4,98.4,,98.4,400.0,1410.0,1593.0,34.0,P0,100.0,average_instant,"2026/06/03 05:02:36.997, 98.40, [N/A], 98.40, 400.00, 1410, 1593, 34, P0, 100"
1780462957106008618,2026/06/03 05:02:37.125,98.4,98.4,,98.4,400.0,1410.0,1593.0,34.0,P0,100.0,average_instant,"2026/06/03 05:02:37.125, 98.40, [N/A], 98.40, 400.00, 1410, 1593, 34, P0, 100"
1780462957234499412,2026/06/03 05:02:37.253,98.4,98.4,,98.4,400.0,1410.0,1593.0,34.0,P0,100.0,average_instant,"2026/06/03 05:02:37.253, 98.40, [N/A], 98.40, 400.00, 1410, 1593, 34, P0, 100"
1780462957362748407,2026/06/03 05:02:37.382,98.4,98.4,,98.4,400.0,1410.0,1593.0,34.0,P0,100.0,average_instant,"2026/06/03 05:02:37.382, 98.40, [N/A], 98.40, 400.00, 1410, 1593, 34, P0, 100"
1780462957491975490,2026/06/03 05:02:37.511,98.4,98.4,,98.4,400.0,1410.0,1593.0,34.0,P0,100.0,average_instant,"2026/06/03 05:02:37.511, 98.40, [N/A], 98.40, 400.00, 1410, 1593, 34, P0, 100"
1780462957620365415,2026/06/03 05:02:37.639,98.4,98.4,,98.4,400.0,1410.0,1593.0,34.0,P0,100.0,average_instant,"2026/06/03 05:02:37.639, 98.40, [N/A], 98.40, 400.00, 1410, 1593, 34, P0, 100"
1780462957748771552,2026/06/03 05:02:37.767,98.4,98.4,,98.4,400.0,1410.0,1593.0,34.0,P0,100.0,average_instant,"2026/06/03 05:02:37.767, 98.40, [N/A], 98.40, 400.00, 1410, 1593, 34, P0, 100"
1780462957878322485,2026/06/03 05:02:37.898,98.4,98.4,,98.4,400.0,1410.0,1593.0,34.0,P0,100.0,average_instant,"2026/06/03 05:02:37.898, 98.40, [N/A], 98.40, 400.00, 1410, 1593, 34, P0, 100"
1780462958007830772,2026/06/03 05:02:38.026,98.4,98.4,,98.4,400.0,1410.0,1593.0,34.0,P0,100.0,average_instant,"2026/06/03 05:02:38.026, 98.40, [N/A], 98.40, 400.00, 1410, 1593, 34, P0, 100"
1780462958137821388,2026/06/03 05:02:38.157,98.4,98.4,,98.4,400.0,1410.0,1593.0,34.0,P0,100.0,average_instant,"2026/06/03 05:02:38.157, 98.40, [N/A], 98.40, 400.00, 1410, 1593, 34, P0, 100"
1780462958267871475,2026/06/03 05:02:38.287,98.4,98.4,,98.4,400.0,1410.0,1593.0,34.0,P0,100.0,average_instant,"2026/06/03 05:02:38.287, 98.40, [N/A], 98.40, 400.00, 1410, 1593, 34, P0, 100"
1780462958396890678,2026/06/03 05:02:38.416,98.4,98.4,,98.4,400.0,1410.0,1593.0,34.0,P0,100.0,average_instant,"2026/06/03 05:02:38.416, 98.40, [N/A], 98.40, 400.00, 1410, 1593, 34, P0, 100"
1780462958525436561,2026/06/03 05:02:38.544,98.4,98.4,,98.4,400.0,1410.0,1593.0,34.0,P0,100.0,average_instant,"2026/06/03 05:02:38.544, 98.40, [N/A], 98.40, 400.00, 1410, 1593, 34, P0, 100"
1780462958654167553,2026/06/03 05:02:38.673,98.4,98.4,,98.4,400.0,1410.0,1593.0,34.0,P0,100.0,average_instant,"2026/06/03 05:02:38.673, 98.40, [N/A], 98.40, 400.00, 1410, 1593, 34, P0, 100"
1780462958784733364,2026/06/03 05:02:38.804,98.4,98.4,,98.4,400.0,1410.0,1593.0,34.0,P0,100.0,average_instant,"2026/06/03 05:02:38.804, 98.40, [N/A], 98.40, 400.00, 1410, 1593, 34, P0, 100"
1780462958913812809,2026/06/03 05:02:38.933,98.4,98.4,,98.4,400.0,1410.0,1593.0,34.0,P0,100.0,average_instant,"2026/06/03 05:02:38.933, 98.40, [N/A], 98.40, 400.00, 1410, 1593, 34, P0, 100"
1780462959044643770,2026/06/03 05:02:39.064,98.4,98.4,,98.4,400.0,1410.0,1593.0,34.0,P0,100.0,average_instant,"2026/06/03 05:02:39.064, 98.40, [N/A], 98.40, 400.00, 1410, 1593, 34, P0, 100"
1780462959173882443,2026/06/03 05:02:39.193,98.4,98.4,,98.4,400.0,1410.0,1593.0,34.0,P0,100.0,average_instant,"2026/06/03 05:02:39.193, 98.40, [N/A], 98.40, 400.00, 1410, 1593, 34, P0, 100"
1780462959304435106,2026/06/03 05:02:39.323,98.4,98.4,,98.4,400.0,1410.0,1593.0,34.0,P0,100.0,average_instant,"2026/06/03 05:02:39.323, 98.40, [N/A], 98.40, 400.00, 1410, 1593, 34, P0, 100"
1780462959432803971,2026/06/03 05:02:39.452,98.4,98.4,,98.4,400.0,1410.0,1593.0,34.0,P0,100.0,average_instant,"2026/06/03 05:02:39.452, 98.40, [N/A], 98.40, 400.00, 1410, 1593, 34, P0, 100"
1780462959561514505,2026/06/03 05:02:39.581,98.4,98.4,,98.4,400.0,1410.0,1593.0,34.0,P0,100.0,average_instant,"2026/06/03 05:02:39.581, 98.40, [N/A], 98.40, 400.00, 1410, 1593, 34, P0, 100"
1780462959689668216,2026/06/03 05:02:39.708,98.4,98.4,,98.4,400.0,1410.0,1593.0,34.0,P0,100.0,average_instant,"2026/06/03 05:02:39.708, 98.40, [N/A], 98.40, 400.00, 1410, 1593, 34, P0, 100"
1780462959817277521,2026/06/03 05:02:39.836,98.3,98.3,,98.3,400.0,1410.0,1593.0,34.0,P0,100.0,average_instant,"2026/06/03 05:02:39.836, 98.30, [N/A], 98.30, 400.00, 1410, 1593, 34, P0, 100"
1780462959947318683,2026/06/03 05:02:39.966,98.4,98.4,,98.4,400.0,1410.0,1593.0,34.0,P0,100.0,average_instant,"2026/06/03 05:02:39.966, 98.40, [N/A], 98.40, 400.00, 1410, 1593, 34, P0, 100"
1780462960075594769,2026/06/03 05:02:40.095,98.4,98.4,,98.4,400.0,1410.0,1593.0,34.0,P0,100.0,average_instant,"2026/06/03 05:02:40.095, 98.40, [N/A], 98.40, 400.00, 1410, 1593, 34, P0, 100"
1780462960206380249,2026/06/03 05:02:40.226,98.4,98.4,,98.4,400.0,1410.0,1593.0,34.0,P0,100.0,average_instant,"2026/06/03 05:02:40.226, 98.40, [N/A], 98.40, 400.00, 1410, 1593, 34, P0, 100"
1780462960334882228,2026/06/03 05:02:40.354,98.3,98.3,,98.3,400.0,1410.0,1593.0,34.0,P0,100.0,average_instant,"2026/06/03 05:02:40.354, 98.30, [N/A], 98.30, 400.00, 1410, 1593, 34, P0, 100"
1780462960463423005,2026/06/03 05:02:40.482,98.4,98.4,,98.4,400.0,1410.0,1593.0,34.0,P0,100.0,average_instant,"2026/06/03 05:02:40.482, 98.40, [N/A], 98.40, 400.00, 1410, 1593, 34, P0, 100"
1780462960593512171,2026/06/03 05:02:40.613,98.4,98.4,,98.4,400.0,1410.0,1593.0,34.0,P0,100.0,average_instant,"2026/06/03 05:02:40.613, 98.40, [N/A], 98.40, 400.00, 1410, 1593, 34, P0, 100"
1780462960722087920,2026/06/03 05:02:40.740,98.4,98.4,,98.4,400.0,1410.0,1593.0,34.0,P0,100.0,average_instant,"2026/06/03 05:02:40.740, 98.40, [N/A], 98.40, 400.00, 1410, 1593, 34, P0, 100"
1780462960849838163,2026/06/03 05:02:40.869,98.4,98.4,,98.4,400.0,1410.0,1593.0,34.0,P0,100.0,average_instant,"2026/06/03 05:02:40.869, 98.40, [N/A], 98.40, 400.00, 1410, 1593, 34, P0, 100"
1780462960978168400,2026/06/03 05:02:40.997,98.4,98.4,,98.4,400.0,1410.0,1593.0,34.0,P0,100.0,average_instant,"2026/06/03 05:02:40.997, 98.40, [N/A], 98.40, 400.00, 1410, 1593, 34, P0, 100"
1780462961107603156,2026/06/03 05:02:41.127,98.74,98.74,,98.74,400.0,1410.0,1593.0,34.0,P0,100.0,average_instant,"2026/06/03 05:02:41.127, 98.74, [N/A], 98.74, 400.00, 1410, 1593, 34, P0, 100"
1780462961238030232,2026/06/03 05:02:41.257,98.74,98.74,,98.74,400.0,1410.0,1593.0,34.0,P0,100.0,average_instant,"2026/06/03 05:02:41.257, 98.74, [N/A], 98.74, 400.00, 1410, 1593, 34, P0, 100"
1780462961367283911,2026/06/03 05:02:41.387,98.74,98.74,,98.74,400.0,1410.0,1593.0,34.0,P0,100.0,average_instant,"2026/06/03 05:02:41.387, 98.74, [N/A], 98.74, 400.00, 1410, 1593, 34, P0, 100"
1780462961496814839,2026/06/03 05:02:41.516,98.4,98.4,,98.4,400.0,1410.0,1593.0,34.0,P0,100.0,average_instant,"2026/06/03 05:02:41.516, 98.40, [N/A], 98.40, 400.00, 1410, 1593, 34, P0, 100"
1780462961625326198,2026/06/03 05:02:41.644,98.74,98.74,,98.74,400.0,1410.0,1593.0,34.0,P0,100.0,average_instant,"2026/06/03 05:02:41.644, 98.74, [N/A], 98.74, 400.00, 1410, 1593, 34, P0, 100"
1780462961754641941,2026/06/03 05:02:41.773,98.4,98.4,,98.4,400.0,1410.0,1593.0,34.0,P0,100.0,average_instant,"2026/06/03 05:02:41.773, 98.40, [N/A], 98.40, 400.00, 1410, 1593, 34, P0, 100"
1780462961882971581,2026/06/03 05:02:41.902,98.74,98.74,,98.74,400.0,1410.0,1593.0,34.0,P0,100.0,average_instant,"2026/06/03 05:02:41.902, 98.74, [N/A], 98.74, 400.00, 1410, 1593, 34, P0, 100"
1780462962012067876,2026/06/03 05:02:42.031,98.64,98.64,,98.64,400.0,1410.0,1593.0,34.0,P0,100.0,average_instant,"2026/06/03 05:02:42.031, 98.64, [N/A], 98.64, 400.00, 1410, 1593, 34, P0, 100"
1780462962140821944,2026/06/03 05:02:42.159,98.4,98.4,,98.4,400.0,1410.0,1593.0,34.0,P0,100.0,average_instant,"2026/06/03 05:02:42.159, 98.40, [N/A], 98.40, 400.00, 1410, 1593, 34, P0, 100"
1780462962268763962,2026/06/03 05:02:42.288,98.74,98.74,,98.74,400.0,1410.0,1593.0,34.0,P0,100.0,average_instant,"2026/06/03 05:02:42.288, 98.74, [N/A], 98.74, 400.00, 1410, 1593, 34, P0, 100"
1780462962397985806,2026/06/03 05:02:42.417,98.74,98.74,,98.74,400.0,1410.0,1593.0,34.0,P0,100.0,average_instant,"2026/06/03 05:02:42.417, 98.74, [N/A], 98.74, 400.00, 1410, 1593, 34, P0, 100"
1780462962528638382,2026/06/03 05:02:42.547,98.74,98.74,,98.74,400.0,1410.0,1593.0,34.0,P0,100.0,average_instant,"2026/06/03 05:02:42.547, 98.74, [N/A], 98.74, 400.00, 1410, 1593, 34, P0, 100"
1780462962656775068,2026/06/03 05:02:42.675,98.64,98.64,,98.64,400.0,1410.0,1593.0,34.0,P0,100.0,average_instant,"2026/06/03 05:02:42.675, 98.64, [N/A], 98.64, 400.00, 1410, 1593, 34, P0, 100"
1780462962786019550,2026/06/03 05:02:42.806,98.74,98.74,,98.74,400.0,1410.0,1593.0,34.0,P0,100.0,average_instant,"2026/06/03 05:02:42.806, 98.74, [N/A], 98.74, 400.00, 1410, 1593, 34, P0, 100"
1780462962915738269,2026/06/03 05:02:42.935,98.4,98.4,,98.4,400.0,1410.0,1593.0,34.0,P0,100.0,average_instant,"2026/06/03 05:02:42.935, 98.40, [N/A], 98.40, 400.00, 1410, 1593, 34, P0, 100"
1780462963044284086,2026/06/03 05:02:43.063,98.74,98.74,,98.74,400.0,1410.0,1593.0,34.0,P0,100.0,average_instant,"2026/06/03 05:02:43.063, 98.74, [N/A], 98.74, 400.00, 1410, 1593, 34, P0, 100"
1780462963173592095,2026/06/03 05:02:43.193,98.64,98.64,,98.64,400.0,1410.0,1593.0,34.0,P0,100.0,average_instant,"2026/06/03 05:02:43.193, 98.64, [N/A], 98.64, 400.00, 1410, 1593, 34, P0, 100"
1780462963304916952,2026/06/03 05:02:43.324,98.4,98.4,,98.4,400.0,1410.0,1593.0,34.0,P0,100.0,average_instant,"2026/06/03 05:02:43.324, 98.40, [N/A], 98.40, 400.00, 1410, 1593, 34, P0, 100"
1780462963433376981,2026/06/03 05:02:43.453,98.74,98.74,,98.74,400.0,1410.0,1593.0,34.0,P0,100.0,average_instant,"2026/06/03 05:02:43.453, 98.74, [N/A], 98.74, 400.00, 1410, 1593, 34, P0, 100"
1780462963561619456,2026/06/03 05:02:43.580,98.64,98.64,,98.64,400.0,1410.0,1593.0,34.0,P0,100.0,average_instant,"2026/06/03 05:02:43.580, 98.64, [N/A], 98.64, 400.00, 1410, 1593, 34, P0, 100"
1780462963689721421,2026/06/03 05:02:43.709,98.4,98.4,,98.4,400.0,1410.0,1593.0,34.0,P0,100.0,average_instant,"2026/06/03 05:02:43.709, 98.40, [N/A], 98.40, 400.00, 1410, 1593, 34, P0, 100"
1780462963818407354,2026/06/03 05:02:43.838,98.4,98.4,,98.4,400.0,1410.0,1593.0,34.0,P0,100.0,average_instant,"2026/06/03 05:02:43.838, 98.40, [N/A], 98.40, 400.00, 1410, 1593, 34, P0, 100"
1780462963948354465,2026/06/03 05:02:43.968,98.4,98.4,,98.4,400.0,1410.0,1593.0,34.0,P0,100.0,average_instant,"2026/06/03 05:02:43.968, 98.40, [N/A], 98.40, 400.00, 1410, 1593, 34, P0, 100"
1780462964077701952,2026/06/03 05:02:44.097,98.3,98.3,,98.3,400.0,1410.0,1593.0,34.0,P0,100.0,average_instant,"2026/06/03 05:02:44.097, 98.30, [N/A], 98.30, 400.00, 1410, 1593, 34, P0, 100"
1780462964210767652,2026/06/03 05:02:44.230,98.74,98.74,,98.74,400.0,1410.0,1593.0,34.0,P0,100.0,average_instant,"2026/06/03 05:02:44.230, 98.74, [N/A], 98.74, 400.00, 1410, 1593, 34, P0, 100"
1780462964339235106,2026/06/03 05:02:44.358,98.4,98.4,,98.4,400.0,1410.0,1593.0,34.0,P0,100.0,average_instant,"2026/06/03 05:02:44.358, 98.40, [N/A], 98.40, 400.00, 1410, 1593, 34, P0, 100"
1780462964467851334,2026/06/03 05:02:44.487,98.74,98.74,,98.74,400.0,1410.0,1593.0,34.0,P0,100.0,average_instant,"2026/06/03 05:02:44.487, 98.74, [N/A], 98.74, 400.00, 1410, 1593, 34, P0, 100"
1780462964597717207,2026/06/03 05:02:44.617,98.74,98.74,,98.74,400.0,1410.0,1593.0,34.0,P0,100.0,average_instant,"2026/06/03 05:02:44.617, 98.74, [N/A], 98.74, 400.00, 1410, 1593, 34, P0, 100"
1780462964726688665,2026/06/03 05:02:44.746,98.4,98.4,,98.4,400.0,1410.0,1593.0,34.0,P0,100.0,average_instant,"2026/06/03 05:02:44.746, 98.40, [N/A], 98.40, 400.00, 1410, 1593, 34, P0, 100"
1780462964856031074,2026/06/03 05:02:44.875,98.4,98.4,,98.4,400.0,1410.0,1593.0,34.0,P0,100.0,average_instant,"2026/06/03 05:02:44.875, 98.40, [N/A], 98.40, 400.00, 1410, 1593, 34, P0, 100"
1780462964984039482,2026/06/03 05:02:45.003,98.64,98.64,,98.64,400.0,1410.0,1593.0,34.0,P0,100.0,average_instant,"2026/06/03 05:02:45.003, 98.64, [N/A], 98.64, 400.00, 1410, 1593, 34, P0, 100"
1780462965113667888,2026/06/03 05:02:45.133,98.64,98.64,,98.64,400.0,1410.0,1593.0,34.0,P0,100.0,average_instant,"2026/06/03 05:02:45.133, 98.64, [N/A], 98.64, 400.00, 1410, 1593, 34, P0, 100"
1780462965243401993,2026/06/03 05:02:45.263,98.74,98.74,,98.74,400.0,1410.0,1593.0,34.0,P0,100.0,average_instant,"2026/06/03 05:02:45.263, 98.74, [N/A], 98.74, 400.00, 1410, 1593, 34, P0, 100"
1780462965372519995,2026/06/03 05:02:45.391,98.74,98.74,,98.74,400.0,1410.0,1593.0,34.0,P0,100.0,average_instant,"2026/06/03 05:02:45.391, 98.74, [N/A], 98.74, 400.00, 1410, 1593, 34, P0, 100"
1780462965500417987,2026/06/03 05:02:45.520,98.74,98.74,,98.74,400.0,1410.0,1593.0,34.0,P0,100.0,average_instant,"2026/06/03 05:02:45.520, 98.74, [N/A], 98.74, 400.00, 1410, 1593, 34, P0, 100"
1780462965629184696,2026/06/03 05:02:45.649,98.74,98.74,,98.74,400.0,1410.0,1593.0,34.0,P0,100.0,average_instant,"2026/06/03 05:02:45.649, 98.74, [N/A], 98.74, 400.00, 1410, 1593, 34, P0, 100"
1780462965757850603,2026/06/03 05:02:45.777,98.74,98.74,,98.74,400.0,1410.0,1593.0,34.0,P0,100.0,average_instant,"2026/06/03 05:02:45.777, 98.74, [N/A], 98.74, 400.00, 1410, 1593, 34, P0, 100"
1780462965886553264,2026/06/03 05:02:45.907,98.4,98.4,,98.4,400.0,1410.0,1593.0,34.0,P0,100.0,average_instant,"2026/06/03 05:02:45.907, 98.40, [N/A], 98.40, 400.00, 1410, 1593, 34, P0, 100"
1780462966016425807,2026/06/03 05:02:46.035,98.4,98.4,,98.4,400.0,1410.0,1593.0,34.0,P0,100.0,average_instant,"2026/06/03 05:02:46.035, 98.40, [N/A], 98.40, 400.00, 1410, 1593, 34, P0, 100"
1780462966146704432,2026/06/03 05:02:46.166,98.4,98.4,,98.4,400.0,1410.0,1593.0,34.0,P0,100.0,average_instant,"2026/06/03 05:02:46.166, 98.40, [N/A], 98.40, 400.00, 1410, 1593, 34, P0, 100"
1780462966275986232,2026/06/03 05:02:46.297,98.4,98.4,,98.4,400.0,1410.0,1593.0,34.0,P0,100.0,average_instant,"2026/06/03 05:02:46.297, 98.40, [N/A], 98.40, 400.00, 1410, 1593, 34, P0, 100"
1780462966410689068,2026/06/03 05:02:46.430,98.4,98.4,,98.4,400.0,1410.0,1593.0,34.0,P0,100.0,average_instant,"2026/06/03 05:02:46.430, 98.40, [N/A], 98.40, 400.00, 1410, 1593, 34, P0, 100"
1780462966539728320,2026/06/03 05:02:46.560,98.4,98.4,,98.4,400.0,1410.0,1593.0,34.0,P0,100.0,average_instant,"2026/06/03 05:02:46.560, 98.40, [N/A], 98.40, 400.00, 1410, 1593, 34, P0, 100"
1780462966669174066,2026/06/03 05:02:46.689,98.4,98.4,,98.4,400.0,1410.0,1593.0,34.0,P0,100.0,average_instant,"2026/06/03 05:02:46.689, 98.40, [N/A], 98.40, 400.00, 1410, 1593, 34, P0, 100"
1780462966798679549,2026/06/03 05:02:46.818,98.4,98.4,,98.4,400.0,1410.0,1593.0,34.0,P0,100.0,average_instant,"2026/06/03 05:02:46.818, 98.40, [N/A], 98.40, 400.00, 1410, 1593, 34, P0, 100"
1780462966928323361,2026/06/03 05:02:46.948,98.4,98.4,,98.4,400.0,1410.0,1593.0,34.0,P0,100.0,average_instant,"2026/06/03 05:02:46.948, 98.40, [N/A], 98.40, 400.00, 1410, 1593, 34, P0, 100"
1780462967058287144,2026/06/03 05:02:47.077,98.4,98.4,,98.4,400.0,1410.0,1593.0,34.0,P0,100.0,average_instant,"2026/06/03 05:02:47.077, 98.40, [N/A], 98.40, 400.00, 1410, 1593, 34, P0, 100"
1780462967186996493,2026/06/03 05:02:47.206,98.4,98.4,,98.4,400.0,1410.0,1593.0,34.0,P0,100.0,average_instant,"2026/06/03 05:02:47.206, 98.40, [N/A], 98.40, 400.00, 1410, 1593, 34, P0, 100"
1780462967315278706,2026/06/03 05:02:47.335,98.4,98.4,,98.4,400.0,1410.0,1593.0,34.0,P0,100.0,average_instant,"2026/06/03 05:02:47.335, 98.40, [N/A], 98.40, 400.00, 1410, 1593, 34, P0, 100"
1780462967444529545,2026/06/03 05:02:47.464,98.4,98.4,,98.4,400.0,1410.0,1593.0,34.0,P0,100.0,average_instant,"2026/06/03 05:02:47.464, 98.40, [N/A], 98.40, 400.00, 1410, 1593, 34, P0, 100"
1780462967573760437,2026/06/03 05:02:47.593,98.4,98.4,,98.4,400.0,1410.0,1593.0,34.0,P0,100.0,average_instant,"2026/06/03 05:02:47.593, 98.40, [N/A], 98.40, 400.00, 1410, 1593, 34, P0, 100"
1780462967702183875,2026/06/03 05:02:47.721,98.4,98.4,,98.4,400.0,1410.0,1593.0,34.0,P0,100.0,average_instant,"2026/06/03 05:02:47.721, 98.40, [N/A], 98.40, 400.00, 1410, 1593, 34, P0, 100"
1780462967831372241,2026/06/03 05:02:47.851,98.4,98.4,,98.4,400.0,1410.0,1593.0,34.0,P0,100.0,average_instant,"2026/06/03 05:02:47.851, 98.40, [N/A], 98.40, 400.00, 1410, 1593, 34, P0, 100"
1780462967960774545,2026/06/03 05:02:47.979,98.4,98.4,,98.4,400.0,1410.0,1593.0,34.0,P0,100.0,average_instant,"2026/06/03 05:02:47.979, 98.40, [N/A], 98.40, 400.00, 1410, 1593, 34, P0, 100"
1780462968088273768,2026/06/03 05:02:48.108,98.4,98.4,,98.4,400.0,1410.0,1593.0,34.0,P0,100.0,average_instant,"2026/06/03 05:02:48.108, 98.40, [N/A], 98.40, 400.00, 1410, 1593, 34, P0, 100"
1780462968217077157,2026/06/03 05:02:48.236,98.4,98.4,,98.4,400.0,1410.0,1593.0,34.0,P0,100.0,average_instant,"2026/06/03 05:02:48.236, 98.40, [N/A], 98.40, 400.00, 1410, 1593, 34, P0, 100"
1780462968345313291,2026/06/03 05:02:48.365,98.4,98.4,,98.4,400.0,1410.0,1593.0,34.0,P0,100.0,average_instant,"2026/06/03 05:02:48.365, 98.40, [N/A], 98.40, 400.00, 1410, 1593, 34, P0, 100"
1780462968474754409,2026/06/03 05:02:48.494,98.4,98.4,,98.4,400.0,1410.0,1593.0,34.0,P0,100.0,average_instant,"2026/06/03 05:02:48.494, 98.40, [N/A], 98.40, 400.00, 1410, 1593, 34, P0, 100"
1780462968603227541,2026/06/03 05:02:48.623,98.4,98.4,,98.4,400.0,1410.0,1593.0,34.0,P0,100.0,average_instant,"2026/06/03 05:02:48.623, 98.40, [N/A], 98.40, 400.00, 1410, 1593, 34, P0, 100"
1780462968732586179,2026/06/03 05:02:48.751,98.4,98.4,,98.4,400.0,1410.0,1593.0,34.0,P0,100.0,average_instant,"2026/06/03 05:02:48.751, 98.40, [N/A], 98.40, 400.00, 1410, 1593, 34, P0, 100"
1780462968860976506,2026/06/03 05:02:48.880,98.4,98.4,,98.4,400.0,1410.0,1593.0,34.0,P0,100.0,average_instant,"2026/06/03 05:02:48.880, 98.40, [N/A], 98.40, 400.00, 1410, 1593, 34, P0, 100"
1780462968994142281,2026/06/03 05:02:49.014,98.4,98.4,,98.4,400.0,1410.0,1593.0,34.0,P0,100.0,average_instant,"2026/06/03 05:02:49.014, 98.40, [N/A], 98.40, 400.00, 1410, 1593, 34, P0, 100"
1780462969123079192,2026/06/03 05:02:49.142,98.4,98.4,,98.4,400.0,1410.0,1593.0,34.0,P0,100.0,average_instant,"2026/06/03 05:02:49.142, 98.40, [N/A], 98.40, 400.00, 1410, 1593, 34, P0, 100"
1780462969251040120,2026/06/03 05:02:49.270,98.4,98.4,,98.4,400.0,1410.0,1593.0,34.0,P0,100.0,average_instant,"2026/06/03 05:02:49.270, 98.40, [N/A], 98.40, 400.00, 1410, 1593, 34, P0, 100"
1780462969379592776,2026/06/03 05:02:49.398,98.4,98.4,,98.4,400.0,1410.0,1593.0,34.0,P0,100.0,average_instant,"2026/06/03 05:02:49.398, 98.40, [N/A], 98.40, 400.00, 1410, 1593, 34, P0, 100"
1780462969509344221,2026/06/03 05:02:49.528,98.4,98.4,,98.4,400.0,1410.0,1593.0,34.0,P0,100.0,average_instant,"2026/06/03 05:02:49.528, 98.40, [N/A], 98.40, 400.00, 1410, 1593, 34, P0, 100"
1780462969638447176,2026/06/03 05:02:49.658,98.4,98.4,,98.4,400.0,1410.0,1593.0,34.0,P0,100.0,average_instant,"2026/06/03 05:02:49.658, 98.40, [N/A], 98.40, 400.00, 1410, 1593, 34, P0, 100"
1780462969767107443,2026/06/03 05:02:49.786,98.4,98.4,,98.4,400.0,1410.0,1593.0,34.0,P0,100.0,average_instant,"2026/06/03 05:02:49.786, 98.40, [N/A], 98.40, 400.00, 1410, 1593, 34, P0, 100"
1780462969894697994,2026/06/03 05:02:49.914,98.4,98.4,,98.4,400.0,1410.0,1593.0,34.0,P0,100.0,average_instant,"2026/06/03 05:02:49.914, 98.40, [N/A], 98.40, 400.00, 1410, 1593, 34, P0, 100"
1780462970023561592,2026/06/03 05:02:50.042,98.3,98.3,,98.3,400.0,1410.0,1593.0,34.0,P0,100.0,average_instant,"2026/06/03 05:02:50.042, 98.30, [N/A], 98.30, 400.00, 1410, 1593, 34, P0, 100"
1780462970151823914,2026/06/03 05:02:50.171,98.4,98.4,,98.4,400.0,1410.0,1593.0,34.0,P0,100.0,average_instant,"2026/06/03 05:02:50.171, 98.40, [N/A], 98.40, 400.00, 1410, 1593, 34, P0, 100"
1780462970280972954,2026/06/03 05:02:50.300,98.4,98.4,,98.4,400.0,1410.0,1593.0,34.0,P0,100.0,average_instant,"2026/06/03 05:02:50.300, 98.40, [N/A], 98.40, 400.00, 1410, 1593, 34, P0, 100"
1780462970411615267,2026/06/03 05:02:50.431,98.4,98.4,,98.4,400.0,1410.0,1593.0,34.0,P0,100.0,average_instant,"2026/06/03 05:02:50.431, 98.40, [N/A], 98.40, 400.00, 1410, 1593, 34, P0, 100"
1780462970540717612,2026/06/03 05:02:50.560,98.4,98.4,,98.4,400.0,1410.0,1593.0,34.0,P0,100.0,average_instant,"2026/06/03 05:02:50.560, 98.40, [N/A], 98.40, 400.00, 1410, 1593, 34, P0, 100"
1780462970670077299,2026/06/03 05:02:50.689,98.4,98.4,,98.4,400.0,1410.0,1593.0,34.0,P0,100.0,average_instant,"2026/06/03 05:02:50.689, 98.40, [N/A], 98.40, 400.00, 1410, 1593, 34, P0, 100"
1780462970798617739,2026/06/03 05:02:50.818,98.4,98.4,,98.4,400.0,1410.0,1593.0,34.0,P0,100.0,average_instant,"2026/06/03 05:02:50.818, 98.40, [N/A], 98.40, 400.00, 1410, 1593, 34, P0, 100"
1780462970927948409,2026/06/03 05:02:50.947,98.4,98.4,,98.4,400.0,1410.0,1593.0,34.0,P0,100.0,average_instant,"2026/06/03 05:02:50.947, 98.40, [N/A], 98.40, 400.00, 1410, 1593, 34, P0, 100"
1780462971056566654,2026/06/03 05:02:51.076,98.4,98.4,,98.4,400.0,1410.0,1593.0,34.0,P0,100.0,average_instant,"2026/06/03 05:02:51.076, 98.40, [N/A], 98.40, 400.00, 1410, 1593, 34, P0, 100"
1780462971185585536,2026/06/03 05:02:51.205,98.4,98.4,,98.4,400.0,1410.0,1593.0,34.0,P0,100.0,average_instant,"2026/06/03 05:02:51.205, 98.40, [N/A], 98.40, 400.00, 1410, 1593, 34, P0, 100"
1780462971315081664,2026/06/03 05:02:51.334,98.3,98.3,,98.3,400.0,1410.0,1593.0,34.0,P0,100.0,average_instant,"2026/06/03 05:02:51.334, 98.30, [N/A], 98.30, 400.00, 1410, 1593, 34, P0, 100"
1780462971443469702,2026/06/03 05:02:51.463,98.4,98.4,,98.4,400.0,1410.0,1593.0,34.0,P0,100.0,average_instant,"2026/06/03 05:02:51.463, 98.40, [N/A], 98.40, 400.00, 1410, 1593, 34, P0, 100"
1780462971573035510,2026/06/03 05:02:51.592,98.3,98.3,,98.3,400.0,1410.0,1593.0,34.0,P0,100.0,average_instant,"2026/06/03 05:02:51.592, 98.30, [N/A], 98.30, 400.00, 1410, 1593, 34, P0, 100"
1780462971701790078,2026/06/03 05:02:51.720,98.4,98.4,,98.4,400.0,1410.0,1593.0,34.0,P0,100.0,average_instant,"2026/06/03 05:02:51.720, 98.40, [N/A], 98.40, 400.00, 1410, 1593, 34, P0, 100"
1780462971830355746,2026/06/03 05:02:51.850,98.4,98.4,,98.4,400.0,1410.0,1593.0,34.0,P0,100.0,average_instant,"2026/06/03 05:02:51.850, 98.40, [N/A], 98.40, 400.00, 1410, 1593, 34, P0, 100"
1780462971959306363,2026/06/03 05:02:51.978,98.4,98.4,,98.4,400.0,1410.0,1593.0,34.0,P0,100.0,average_instant,"2026/06/03 05:02:51.978, 98.40, [N/A], 98.40, 400.00, 1410, 1593, 34, P0, 100"
1780462972087959627,2026/06/03 05:02:52.108,98.4,98.4,,98.4,400.0,1410.0,1593.0,34.0,P0,100.0,average_instant,"2026/06/03 05:02:52.108, 98.40, [N/A], 98.40, 400.00, 1410, 1593, 34, P0, 100"
1780462972218355029,2026/06/03 05:02:52.238,98.4,98.4,,98.4,400.0,1410.0,1593.0,34.0,P0,100.0,average_instant,"2026/06/03 05:02:52.238, 98.40, [N/A], 98.40, 400.00, 1410, 1593, 34, P0, 100"
1780462972347547409,2026/06/03 05:02:52.366,98.4,98.4,,98.4,400.0,1410.0,1593.0,34.0,P0,100.0,average_instant,"2026/06/03 05:02:52.366, 98.40, [N/A], 98.40, 400.00, 1410, 1593, 34, P0, 100"
1780462972476083321,2026/06/03 05:02:52.495,98.4,98.4,,98.4,400.0,1410.0,1593.0,34.0,P0,100.0,average_instant,"2026/06/03 05:02:52.495, 98.40, [N/A], 98.40, 400.00, 1410, 1593, 34, P0, 100"
1780462972604144965,2026/06/03 05:02:52.623,98.74,98.74,,98.74,400.0,1410.0,1593.0,34.0,P0,100.0,average_instant,"2026/06/03 05:02:52.623, 98.74, [N/A], 98.74, 400.00, 1410, 1593, 34, P0, 100"
1780462972732365210,2026/06/03 05:02:52.752,98.3,98.3,,98.3,400.0,1410.0,1593.0,34.0,P0,100.0,average_instant,"2026/06/03 05:02:52.752, 98.30, [N/A], 98.30, 400.00, 1410, 1593, 34, P0, 100"
1780462972863666554,2026/06/03 05:02:52.883,98.4,98.4,,98.4,400.0,1410.0,1593.0,34.0,P0,100.0,average_instant,"2026/06/03 05:02:52.883, 98.40, [N/A], 98.40, 400.00, 1410, 1593, 34, P0, 100"
1780462972992237977,2026/06/03 05:02:53.011,98.4,98.4,,98.4,400.0,1410.0,1593.0,34.0,P0,100.0,average_instant,"2026/06/03 05:02:53.011, 98.40, [N/A], 98.40, 400.00, 1410, 1593, 34, P0, 100"
1780462973122333157,2026/06/03 05:02:53.142,98.4,98.4,,98.4,400.0,1410.0,1593.0,34.0,P0,100.0,average_instant,"2026/06/03 05:02:53.142, 98.40, [N/A], 98.40, 400.00, 1410, 1593, 34, P0, 100"
1780462973250965816,2026/06/03 05:02:53.270,98.3,98.3,,98.3,400.0,1410.0,1593.0,34.0,P0,100.0,average_instant,"2026/06/03 05:02:53.270, 98.30, [N/A], 98.30, 400.00, 1410, 1593, 34, P0, 100"
1780462973378484632,2026/06/03 05:02:53.397,98.4,98.4,,98.4,400.0,1410.0,1593.0,34.0,P0,100.0,average_instant,"2026/06/03 05:02:53.397, 98.40, [N/A], 98.40, 400.00, 1410, 1593, 34, P0, 100"
1780462973507419185,2026/06/03 05:02:53.526,98.4,98.4,,98.4,400.0,1410.0,1593.0,34.0,P0,100.0,average_instant,"2026/06/03 05:02:53.526, 98.40, [N/A], 98.40, 400.00, 1410, 1593, 34, P0, 100"
1780462973635493155,2026/06/03 05:02:53.655,98.4,98.4,,98.4,400.0,1410.0,1593.0,34.0,P0,100.0,average_instant,"2026/06/03 05:02:53.655, 98.40, [N/A], 98.40, 400.00, 1410, 1593, 34, P0, 100"
1780462973765882710,2026/06/03 05:02:53.785,98.4,98.4,,98.4,400.0,1410.0,1593.0,34.0,P0,100.0,average_instant,"2026/06/03 05:02:53.785, 98.40, [N/A], 98.40, 400.00, 1410, 1593, 34, P0, 100"
1780462973895155882,2026/06/03 05:02:53.915,98.4,98.4,,98.4,400.0,1410.0,1593.0,34.0,P0,100.0,average_instant,"2026/06/03 05:02:53.915, 98.40, [N/A], 98.40, 400.00, 1410, 1593, 34, P0, 100"
1780462974024248387,2026/06/03 05:02:54.044,98.4,98.4,,98.4,400.0,1410.0,1593.0,34.0,P0,100.0,average_instant,"2026/06/03 05:02:54.044, 98.40, [N/A], 98.40, 400.00, 1410, 1593, 34, P0, 100"
1780462974152888805,2026/06/03 05:02:54.172,98.3,98.3,,98.3,400.0,1410.0,1593.0,34.0,P0,100.0,average_instant,"2026/06/03 05:02:54.172, 98.30, [N/A], 98.30, 400.00, 1410, 1593, 34, P0, 100"
1780462974281275304,2026/06/03 05:02:54.300,98.4,98.4,,98.4,400.0,1410.0,1593.0,34.0,P0,100.0,average_instant,"2026/06/03 05:02:54.300, 98.40, [N/A], 98.40, 400.00, 1410, 1593, 34, P0, 100"
1780462974412319873,2026/06/03 05:02:54.431,98.4,98.4,,98.4,400.0,1410.0,1593.0,34.0,P0,100.0,average_instant,"2026/06/03 05:02:54.431, 98.40, [N/A], 98.40, 400.00, 1410, 1593, 34, P0, 100"
1780462974540709356,2026/06/03 05:02:54.559,98.4,98.4,,98.4,400.0,1410.0,1593.0,34.0,P0,100.0,average_instant,"2026/06/03 05:02:54.559, 98.40, [N/A], 98.40, 400.00, 1410, 1593, 34, P0, 100"
1780462974668172927,2026/06/03 05:02:54.687,98.4,98.4,,98.4,400.0,1410.0,1593.0,34.0,P0,100.0,average_instant,"2026/06/03 05:02:54.687, 98.40, [N/A], 98.40, 400.00, 1410, 1593, 34, P0, 100"
1780462974796534843,2026/06/03 05:02:54.815,98.4,98.4,,98.4,400.0,1410.0,1593.0,34.0,P0,100.0,average_instant,"2026/06/03 05:02:54.815, 98.40, [N/A], 98.40, 400.00, 1410, 1593, 34, P0, 100"
1780462974925099394,2026/06/03 05:02:54.944,98.4,98.4,,98.4,400.0,1410.0,1593.0,34.0,P0,100.0,average_instant,"2026/06/03 05:02:54.944, 98.40, [N/A], 98.40, 400.00, 1410, 1593, 34, P0, 100"
1780462975055426612,2026/06/03 05:02:55.076,98.3,98.3,,98.3,400.0,1410.0,1593.0,34.0,P0,100.0,average_instant,"2026/06/03 05:02:55.076, 98.30, [N/A], 98.30, 400.00, 1410, 1593, 34, P0, 100"
1780462975186678130,2026/06/03 05:02:55.206,98.4,98.4,,98.4,400.0,1410.0,1593.0,34.0,P0,100.0,average_instant,"2026/06/03 05:02:55.206, 98.40, [N/A], 98.40, 400.00, 1410, 1593, 34, P0, 100"
1780462975317356220,2026/06/03 05:02:55.337,98.4,98.4,,98.4,400.0,1410.0,1593.0,34.0,P0,100.0,average_instant,"2026/06/03 05:02:55.337, 98.40, [N/A], 98.40, 400.00, 1410, 1593, 34, P0, 100"
1780462975447242294,2026/06/03 05:02:55.467,98.4,98.4,,98.4,400.0,1410.0,1593.0,34.0,P0,100.0,average_instant,"2026/06/03 05:02:55.467, 98.40, [N/A], 98.40, 400.00, 1410, 1593, 34, P0, 100"
1780462975577253832,2026/06/03 05:02:55.596,98.4,98.4,,98.4,400.0,1410.0,1593.0,34.0,P0,100.0,average_instant,"2026/06/03 05:02:55.596, 98.40, [N/A], 98.40, 400.00, 1410, 1593, 34, P0, 100"
1780462975706145379,2026/06/03 05:02:55.725,98.4,98.4,,98.4,400.0,1410.0,1593.0,34.0,P0,100.0,average_instant,"2026/06/03 05:02:55.725, 98.40, [N/A], 98.40, 400.00, 1410, 1593, 34, P0, 100"
1780462975834553357,2026/06/03 05:02:55.854,98.4,98.4,,98.4,400.0,1410.0,1593.0,34.0,P0,100.0,average_instant,"2026/06/03 05:02:55.854, 98.40, [N/A], 98.40, 400.00, 1410, 1593, 34, P0, 100"
1780462975963287697,2026/06/03 05:02:55.982,98.4,98.4,,98.4,400.0,1410.0,1593.0,34.0,P0,100.0,average_instant,"2026/06/03 05:02:55.982, 98.40, [N/A], 98.40, 400.00, 1410, 1593, 34, P0, 100"
1780462976091722701,2026/06/03 05:02:56.111,98.4,98.4,,98.4,400.0,1410.0,1593.0,34.0,P0,100.0,average_instant,"2026/06/03 05:02:56.111, 98.40, [N/A], 98.40, 400.00, 1410, 1593, 34, P0, 100"
1780462976222218341,2026/06/03 05:02:56.241,98.3,98.3,,98.3,400.0,1410.0,1593.0,34.0,P0,100.0,average_instant,"2026/06/03 05:02:56.241, 98.30, [N/A], 98.30, 400.00, 1410, 1593, 34, P0, 100"
1780462976352102620,2026/06/03 05:02:56.371,98.4,98.4,,98.4,400.0,1410.0,1593.0,34.0,P0,100.0,average_instant,"2026/06/03 05:02:56.371, 98.40, [N/A], 98.40, 400.00, 1410, 1593, 34, P0, 100"
1780462976480807154,2026/06/03 05:02:56.500,98.4,98.4,,98.4,400.0,1410.0,1593.0,34.0,P0,100.0,average_instant,"2026/06/03 05:02:56.500, 98.40, [N/A], 98.40, 400.00, 1410, 1593, 34, P0, 100"
1780462976611543493,2026/06/03 05:02:56.630,98.4,98.4,,98.4,400.0,1410.0,1593.0,34.0,P0,100.0,average_instant,"2026/06/03 05:02:56.630, 98.40, [N/A], 98.40, 400.00, 1410, 1593, 34, P0, 100"
1780462976740714437,2026/06/03 05:02:56.760,98.4,98.4,,98.4,400.0,1410.0,1593.0,34.0,P0,100.0,average_instant,"2026/06/03 05:02:56.760, 98.40, [N/A], 98.40, 400.00, 1410, 1593, 34, P0, 100"
1780462976869523801,2026/06/03 05:02:56.888,98.4,98.4,,98.4,400.0,1410.0,1593.0,34.0,P0,100.0,average_instant,"2026/06/03 05:02:56.888, 98.40, [N/A], 98.40, 400.00, 1410, 1593, 34, P0, 100"
1780462976997541980,2026/06/03 05:02:57.016,98.4,98.4,,98.4,400.0,1410.0,1593.0,34.0,P0,100.0,average_instant,"2026/06/03 05:02:57.016, 98.40, [N/A], 98.40, 400.00, 1410, 1593, 34, P0, 100"
1780462977126942534,2026/06/03 05:02:57.146,98.4,98.4,,98.4,400.0,1410.0,1593.0,34.0,P0,100.0,average_instant,"2026/06/03 05:02:57.146, 98.40, [N/A], 98.40, 400.00, 1410, 1593, 34, P0, 100"
1780462977255545761,2026/06/03 05:02:57.274,98.12,98.12,,98.12,400.0,1410.0,1593.0,34.0,P0,100.0,average_instant,"2026/06/03 05:02:57.274, 98.12, [N/A], 98.12, 400.00, 1410, 1593, 34, P0, 100"
1780462977384463277,2026/06/03 05:02:57.404,98.12,98.12,,98.12,400.0,1410.0,1593.0,34.0,P0,100.0,average_instant,"2026/06/03 05:02:57.404, 98.12, [N/A], 98.12, 400.00, 1410, 1593, 34, P0, 100"
1780462977513044630,2026/06/03 05:02:57.532,98.4,98.4,,98.4,400.0,1410.0,1593.0,34.0,P0,100.0,average_instant,"2026/06/03 05:02:57.532, 98.40, [N/A], 98.40, 400.00, 1410, 1593, 34, P0, 100"
1780462977641349597,2026/06/03 05:02:57.660,98.12,98.12,,98.12,400.0,1410.0,1593.0,34.0,P0,100.0,average_instant,"2026/06/03 05:02:57.660, 98.12, [N/A], 98.12, 400.00, 1410, 1593, 34, P0, 100"
1780462977770603968,2026/06/03 05:02:57.790,98.12,98.12,,98.12,400.0,1410.0,1593.0,34.0,P0,100.0,average_instant,"2026/06/03 05:02:57.790, 98.12, [N/A], 98.12, 400.00, 1410, 1593, 34, P0, 100"
1780462977898660172,2026/06/03 05:02:57.918,98.4,98.4,,98.4,400.0,1410.0,1593.0,34.0,P0,100.0,average_instant,"2026/06/03 05:02:57.918, 98.40, [N/A], 98.40, 400.00, 1410, 1593, 34, P0, 100"
1780462978027575246,2026/06/03 05:02:58.047,98.4,98.4,,98.4,400.0,1410.0,1593.0,34.0,P0,100.0,average_instant,"2026/06/03 05:02:58.047, 98.40, [N/A], 98.40, 400.00, 1410, 1593, 34, P0, 100"
1780462978156167125,2026/06/03 05:02:58.175,98.4,98.4,,98.4,400.0,1410.0,1593.0,34.0,P0,100.0,average_instant,"2026/06/03 05:02:58.175, 98.40, [N/A], 98.40, 400.00, 1410, 1593, 34, P0, 100"
1780462978285674966,2026/06/03 05:02:58.305,98.4,98.4,,98.4,400.0,1410.0,1593.0,34.0,P0,100.0,average_instant,"2026/06/03 05:02:58.305, 98.40, [N/A], 98.40, 400.00, 1410, 1593, 34, P0, 100"
1780462978414564747,2026/06/03 05:02:58.434,98.4,98.4,,98.4,400.0,1410.0,1593.0,34.0,P0,100.0,average_instant,"2026/06/03 05:02:58.434, 98.40, [N/A], 98.40, 400.00, 1410, 1593, 34, P0, 100"
1780462978543298406,2026/06/03 05:02:58.562,98.4,98.4,,98.4,400.0,1410.0,1593.0,34.0,P0,100.0,average_instant,"2026/06/03 05:02:58.562, 98.40, [N/A], 98.40, 400.00, 1410, 1593, 34, P0, 100"
1780462978671824974,2026/06/03 05:02:58.691,98.12,98.12,,98.12,400.0,1410.0,1593.0,34.0,P0,100.0,average_instant,"2026/06/03 05:02:58.691, 98.12, [N/A], 98.12, 400.00, 1410, 1593, 34, P0, 100"
1780462978800905338,2026/06/03 05:02:58.820,98.3,98.3,,98.3,400.0,1410.0,1593.0,34.0,P0,100.0,average_instant,"2026/06/03 05:02:58.820, 98.30, [N/A], 98.30, 400.00, 1410, 1593, 34, P0, 100"
1780462978930044294,2026/06/03 05:02:58.949,98.4,98.4,,98.4,400.0,1410.0,1593.0,34.0,P0,100.0,average_instant,"2026/06/03 05:02:58.949, 98.40, [N/A], 98.40, 400.00, 1410, 1593, 34, P0, 100"
1780462979058491759,2026/06/03 05:02:59.077,98.4,98.4,,98.4,400.0,1410.0,1593.0,34.0,P0,100.0,average_instant,"2026/06/03 05:02:59.077, 98.40, [N/A], 98.40, 400.00, 1410, 1593, 34, P0, 100"
1780462979187868168,2026/06/03 05:02:59.208,98.4,98.4,,98.4,400.0,1410.0,1593.0,34.0,P0,100.0,average_instant,"2026/06/03 05:02:59.208, 98.40, [N/A], 98.40, 400.00, 1410, 1593, 34, P0, 100"
1780462979318740571,2026/06/03 05:02:59.338,98.4,98.4,,98.4,400.0,1410.0,1593.0,34.0,P0,100.0,average_instant,"2026/06/03 05:02:59.338, 98.40, [N/A], 98.40, 400.00, 1410, 1593, 34, P0, 100"
1780462979446742760,2026/06/03 05:02:59.466,98.4,98.4,,98.4,400.0,1410.0,1593.0,34.0,P0,100.0,average_instant,"2026/06/03 05:02:59.466, 98.40, [N/A], 98.40, 400.00, 1410, 1593, 34, P0, 100"
1780462979575255379,2026/06/03 05:02:59.594,98.4,98.4,,98.4,400.0,1410.0,1593.0,34.0,P0,100.0,average_instant,"2026/06/03 05:02:59.594, 98.40, [N/A], 98.40, 400.00, 1410, 1593, 34, P0, 100"
1780462979702622708,2026/06/03 05:02:59.721,98.4,98.4,,98.4,400.0,1410.0,1593.0,34.0,P0,100.0,average_instant,"2026/06/03 05:02:59.721, 98.40, [N/A], 98.40, 400.00, 1410, 1593, 34, P0, 100"
1780462979829933790,2026/06/03 05:02:59.849,98.4,98.4,,98.4,400.0,1410.0,1593.0,34.0,P0,100.0,average_instant,"2026/06/03 05:02:59.849, 98.40, [N/A], 98.40, 400.00, 1410, 1593, 34, P0, 100"
1780462979957977169,2026/06/03 05:02:59.977,98.4,98.4,,98.4,400.0,1410.0,1593.0,34.0,P0,100.0,average_instant,"2026/06/03 05:02:59.977, 98.40, [N/A], 98.40, 400.00, 1410, 1593, 34, P0, 100"
1780462980086513368,2026/06/03 05:03:00.106,98.12,98.12,,98.12,400.0,1410.0,1593.0,34.0,P0,100.0,average_instant,"2026/06/03 05:03:00.106, 98.12, [N/A], 98.12, 400.00, 1410, 1593, 34, P0, 100"
1780462980215978555,2026/06/03 05:03:00.235,98.4,98.4,,98.4,400.0,1410.0,1593.0,34.0,P0,100.0,average_instant,"2026/06/03 05:03:00.235, 98.40, [N/A], 98.40, 400.00, 1410, 1593, 34, P0, 100"
1780462980346160479,2026/06/03 05:03:00.365,98.4,98.4,,98.4,400.0,1410.0,1593.0,34.0,P0,100.0,average_instant,"2026/06/03 05:03:00.365, 98.40, [N/A], 98.40, 400.00, 1410, 1593, 34, P0, 100"
1780462980474341017,2026/06/03 05:03:00.495,98.12,98.12,,98.12,400.0,1410.0,1593.0,34.0,P0,100.0,average_instant,"2026/06/03 05:03:00.495, 98.12, [N/A], 98.12, 400.00, 1410, 1593, 34, P0, 100"
1780462980605566746,2026/06/03 05:03:00.624,98.4,98.4,,98.4,400.0,1410.0,1593.0,34.0,P0,100.0,average_instant,"2026/06/03 05:03:00.624, 98.40, [N/A], 98.40, 400.00, 1410, 1593, 34, P0, 100"
1780462980733341028,2026/06/03 05:03:00.752,98.4,98.4,,98.4,400.0,1410.0,1593.0,34.0,P0,100.0,average_instant,"2026/06/03 05:03:00.752, 98.40, [N/A], 98.40, 400.00, 1410, 1593, 34, P0, 100"
1780462980862820651,2026/06/03 05:03:00.882,98.4,98.4,,98.4,400.0,1410.0,1593.0,34.0,P0,100.0,average_instant,"2026/06/03 05:03:00.882, 98.40, [N/A], 98.40, 400.00, 1410, 1593, 34, P0, 100"
1780462980990980886,2026/06/03 05:03:01.011,98.4,98.4,,98.4,400.0,1410.0,1593.0,34.0,P0,100.0,average_instant,"2026/06/03 05:03:01.011, 98.40, [N/A], 98.40, 400.00, 1410, 1593, 34, P0, 100"
1780462981120719757,2026/06/03 05:03:01.139,98.4,98.4,,98.4,400.0,1410.0,1593.0,34.0,P0,100.0,average_instant,"2026/06/03 05:03:01.139, 98.40, [N/A], 98.40, 400.00, 1410, 1593, 34, P0, 100"
1780462981251657292,2026/06/03 05:03:01.271,98.12,98.12,,98.12,400.0,1410.0,1593.0,34.0,P0,100.0,average_instant,"2026/06/03 05:03:01.271, 98.12, [N/A], 98.12, 400.00, 1410, 1593, 34, P0, 100"
1780462981380846030,2026/06/03 05:03:01.400,98.4,98.4,,98.4,400.0,1410.0,1593.0,34.0,P0,100.0,average_instant,"2026/06/03 05:03:01.400, 98.40, [N/A], 98.40, 400.00, 1410, 1593, 34, P0, 100"
1780462981511025274,2026/06/03 05:03:01.530,98.4,98.4,,98.4,400.0,1410.0,1593.0,34.0,P0,100.0,average_instant,"2026/06/03 05:03:01.530, 98.40, [N/A], 98.40, 400.00, 1410, 1593, 34, P0, 100"
1780462981639539270,2026/06/03 05:03:01.659,98.12,98.12,,98.12,400.0,1410.0,1593.0,34.0,P0,100.0,average_instant,"2026/06/03 05:03:01.659, 98.12, [N/A], 98.12, 400.00, 1410, 1593, 34, P0, 100"
1780462981768059629,2026/06/03 05:03:01.788,98.4,98.4,,98.4,400.0,1410.0,1593.0,34.0,P0,100.0,average_instant,"2026/06/03 05:03:01.788, 98.40, [N/A], 98.40, 400.00, 1410, 1593, 34, P0, 100"
1780462981897848210,2026/06/03 05:03:01.917,98.4,98.4,,98.4,400.0,1410.0,1593.0,34.0,P0,100.0,average_instant,"2026/06/03 05:03:01.917, 98.40, [N/A], 98.40, 400.00, 1410, 1593, 34, P0, 100"
1780462982027602317,2026/06/03 05:03:02.047,98.4,98.4,,98.4,400.0,1410.0,1593.0,34.0,P0,100.0,average_instant,"2026/06/03 05:03:02.047, 98.40, [N/A], 98.40, 400.00, 1410, 1593, 34, P0, 100"
1780462982156685212,2026/06/03 05:03:02.176,98.4,98.4,,98.4,400.0,1410.0,1593.0,34.0,P0,100.0,average_instant,"2026/06/03 05:03:02.176, 98.40, [N/A], 98.40, 400.00, 1410, 1593, 34, P0, 100"
1780462982285774108,2026/06/03 05:03:02.305,98.12,98.12,,98.12,400.0,1410.0,1593.0,34.0,P0,100.0,average_instant,"2026/06/03 05:03:02.305, 98.12, [N/A], 98.12, 400.00, 1410, 1593, 34, P0, 100"
1780462982417467073,2026/06/03 05:03:02.437,98.4,98.4,,98.4,400.0,1410.0,1593.0,34.0,P0,100.0,average_instant,"2026/06/03 05:03:02.437, 98.40, [N/A], 98.40, 400.00, 1410, 1593, 34, P0, 100"
1780462982546438128,2026/06/03 05:03:02.566,98.4,98.4,,98.4,400.0,1410.0,1593.0,34.0,P0,100.0,average_instant,"2026/06/03 05:03:02.566, 98.40, [N/A], 98.40, 400.00, 1410, 1593, 34, P0, 100"
1780462982675683853,2026/06/03 05:03:02.694,98.4,98.4,,98.4,400.0,1410.0,1593.0,34.0,P0,100.0,average_instant,"2026/06/03 05:03:02.694, 98.40, [N/A], 98.40, 400.00, 1410, 1593, 34, P0, 100"
1780462982803382853,2026/06/03 05:03:02.823,98.4,98.4,,98.4,400.0,1410.0,1593.0,34.0,P0,100.0,average_instant,"2026/06/03 05:03:02.823, 98.40, [N/A], 98.40, 400.00, 1410, 1593, 34, P0, 100"
1780462982933507466,2026/06/03 05:03:02.953,98.3,98.3,,98.3,400.0,1410.0,1593.0,34.0,P0,100.0,average_instant,"2026/06/03 05:03:02.953, 98.30, [N/A], 98.30, 400.00, 1410, 1593, 34, P0, 100"
1780462983062258367,2026/06/03 05:03:03.081,98.4,98.4,,98.4,400.0,1410.0,1593.0,34.0,P0,100.0,average_instant,"2026/06/03 05:03:03.081, 98.40, [N/A], 98.40, 400.00, 1410, 1593, 34, P0, 100"
1780462983191069457,2026/06/03 05:03:03.210,98.4,98.4,,98.4,400.0,1410.0,1593.0,34.0,P0,100.0,average_instant,"2026/06/03 05:03:03.210, 98.40, [N/A], 98.40, 400.00, 1410, 1593, 34, P0, 100"
1780462983320231525,2026/06/03 05:03:03.339,98.4,98.4,,98.4,400.0,1410.0,1593.0,34.0,P0,100.0,average_instant,"2026/06/03 05:03:03.339, 98.40, [N/A], 98.40, 400.00, 1410, 1593, 34, P0, 100"
1780462983447693322,2026/06/03 05:03:03.466,98.4,98.4,,98.4,400.0,1410.0,1593.0,34.0,P0,100.0,average_instant,"2026/06/03 05:03:03.466, 98.40, [N/A], 98.40, 400.00, 1410, 1593, 34, P0, 100"
1780462983575414086,2026/06/03 05:03:03.594,98.4,98.4,,98.4,400.0,1410.0,1593.0,34.0,P0,100.0,average_instant,"2026/06/03 05:03:03.594, 98.40, [N/A], 98.40, 400.00, 1410, 1593, 34, P0, 100"
1780462983706231197,2026/06/03 05:03:03.725,98.4,98.4,,98.4,400.0,1410.0,1593.0,34.0,P0,100.0,average_instant,"2026/06/03 05:03:03.725, 98.40, [N/A], 98.40, 400.00, 1410, 1593, 34, P0, 100"
1780462983834721713,2026/06/03 05:03:03.854,98.4,98.4,,98.4,400.0,1410.0,1593.0,34.0,P0,100.0,average_instant,"2026/06/03 05:03:03.854, 98.40, [N/A], 98.40, 400.00, 1410, 1593, 34, P0, 100"
1780462983965597139,2026/06/03 05:03:03.985,98.4,98.4,,98.4,400.0,1410.0,1593.0,34.0,P0,100.0,average_instant,"2026/06/03 05:03:03.985, 98.40, [N/A], 98.40, 400.00, 1410, 1593, 34, P0, 100"
1780462984093965008,2026/06/03 05:03:04.113,98.4,98.4,,98.4,400.0,1410.0,1593.0,34.0,P0,100.0,average_instant,"2026/06/03 05:03:04.113, 98.40, [N/A], 98.40, 400.00, 1410, 1593, 34, P0, 100"
1780462984223136968,2026/06/03 05:03:04.242,98.4,98.4,,98.4,400.0,1410.0,1593.0,34.0,P0,100.0,average_instant,"2026/06/03 05:03:04.242, 98.40, [N/A], 98.40, 400.00, 1410, 1593, 34, P0, 100"
1780462984351907457,2026/06/03 05:03:04.372,98.4,98.4,,98.4,400.0,1410.0,1593.0,34.0,P0,100.0,average_instant,"2026/06/03 05:03:04.372, 98.40, [N/A], 98.40, 400.00, 1410, 1593, 34, P0, 100"
1780462984481142827,2026/06/03 05:03:04.500,98.4,98.4,,98.4,400.0,1410.0,1593.0,34.0,P0,100.0,average_instant,"2026/06/03 05:03:04.500, 98.40, [N/A], 98.40, 400.00, 1410, 1593, 34, P0, 100"
1780462984613173456,2026/06/03 05:03:04.633,98.3,98.3,,98.3,400.0,1410.0,1593.0,34.0,P0,100.0,average_instant,"2026/06/03 05:03:04.633, 98.30, [N/A], 98.30, 400.00, 1410, 1593, 34, P0, 100"
1780462984742212335,2026/06/03 05:03:04.761,98.3,98.3,,98.3,400.0,1410.0,1593.0,34.0,P0,100.0,average_instant,"2026/06/03 05:03:04.761, 98.30, [N/A], 98.30, 400.00, 1410, 1593, 34, P0, 100"
1780462984873156054,2026/06/03 05:03:04.893,98.4,98.4,,98.4,400.0,1410.0,1593.0,34.0,P0,100.0,average_instant,"2026/06/03 05:03:04.893, 98.40, [N/A], 98.40, 400.00, 1410, 1593, 34, P0, 100"
1780462985002778339,2026/06/03 05:03:05.022,98.4,98.4,,98.4,400.0,1410.0,1593.0,34.0,P0,100.0,average_instant,"2026/06/03 05:03:05.022, 98.40, [N/A], 98.40, 400.00, 1410, 1593, 34, P0, 100"
1780462985132571555,2026/06/03 05:03:05.152,98.4,98.4,,98.4,400.0,1410.0,1593.0,34.0,P0,100.0,average_instant,"2026/06/03 05:03:05.152, 98.40, [N/A], 98.40, 400.00, 1410, 1593, 34, P0, 100"
1780462985261675888,2026/06/03 05:03:05.281,98.4,98.4,,98.4,400.0,1410.0,1593.0,34.0,P0,100.0,average_instant,"2026/06/03 05:03:05.281, 98.40, [N/A], 98.40, 400.00, 1410, 1593, 34, P0, 100"
1780462985389741418,2026/06/03 05:03:05.408,98.4,98.4,,98.4,400.0,1410.0,1593.0,34.0,P0,100.0,average_instant,"2026/06/03 05:03:05.408, 98.40, [N/A], 98.40, 400.00, 1410, 1593, 34, P0, 100"
1780462985517148126,2026/06/03 05:03:05.537,98.4,98.4,,98.4,400.0,1410.0,1593.0,34.0,P0,100.0,average_instant,"2026/06/03 05:03:05.537, 98.40, [N/A], 98.40, 400.00, 1410, 1593, 34, P0, 100"
1780462985646398627,2026/06/03 05:03:05.666,98.4,98.4,,98.4,400.0,1410.0,1593.0,34.0,P0,100.0,average_instant,"2026/06/03 05:03:05.666, 98.40, [N/A], 98.40, 400.00, 1410, 1593, 34, P0, 100"
1780462985777397865,2026/06/03 05:03:05.797,98.4,98.4,,98.4,400.0,1410.0,1593.0,34.0,P0,100.0,average_instant,"2026/06/03 05:03:05.797, 98.40, [N/A], 98.40, 400.00, 1410, 1593, 34, P0, 100"
1780462985906417304,2026/06/03 05:03:05.925,98.4,98.4,,98.4,400.0,1410.0,1593.0,34.0,P0,100.0,average_instant,"2026/06/03 05:03:05.925, 98.40, [N/A], 98.40, 400.00, 1410, 1593, 34, P0, 100"
1780462986035052509,2026/06/03 05:03:06.054,98.3,98.3,,98.3,400.0,1410.0,1593.0,34.0,P0,100.0,average_instant,"2026/06/03 05:03:06.054, 98.30, [N/A], 98.30, 400.00, 1410, 1593, 34, P0, 100"
1780462986163240093,2026/06/03 05:03:06.182,98.4,98.4,,98.4,400.0,1410.0,1593.0,34.0,P0,100.0,average_instant,"2026/06/03 05:03:06.182, 98.40, [N/A], 98.40, 400.00, 1410, 1593, 34, P0, 100"
1780462986290668982,2026/06/03 05:03:06.310,98.4,98.4,,98.4,400.0,1410.0,1593.0,34.0,P0,100.0,average_instant,"2026/06/03 05:03:06.310, 98.40, [N/A], 98.40, 400.00, 1410, 1593, 34, P0, 100"
1780462986421319809,2026/06/03 05:03:06.440,98.4,98.4,,98.4,400.0,1410.0,1593.0,34.0,P0,100.0,average_instant,"2026/06/03 05:03:06.440, 98.40, [N/A], 98.40, 400.00, 1410, 1593, 34, P0, 100"
1780462986550075796,2026/06/03 05:03:06.569,98.4,98.4,,98.4,400.0,1410.0,1593.0,34.0,P0,100.0,average_instant,"2026/06/03 05:03:06.569, 98.40, [N/A], 98.40, 400.00, 1410, 1593, 34, P0, 100"
1780462986679848113,2026/06/03 05:03:06.699,98.4,98.4,,98.4,400.0,1410.0,1593.0,34.0,P0,100.0,average_instant,"2026/06/03 05:03:06.699, 98.40, [N/A], 98.40, 400.00, 1410, 1593, 34, P0, 100"
1780462986808301163,2026/06/03 05:03:06.827,98.4,98.4,,98.4,400.0,1410.0,1593.0,34.0,P0,100.0,average_instant,"2026/06/03 05:03:06.827, 98.40, [N/A], 98.40, 400.00, 1410, 1593, 34, P0, 100"
1780462986936714398,2026/06/03 05:03:06.956,98.4,98.4,,98.4,400.0,1410.0,1593.0,34.0,P0,100.0,average_instant,"2026/06/03 05:03:06.956, 98.40, [N/A], 98.40, 400.00, 1410, 1593, 34, P0, 100"
1780462987066335005,2026/06/03 05:03:07.085,98.4,98.4,,98.4,400.0,1410.0,1593.0,34.0,P0,100.0,average_instant,"2026/06/03 05:03:07.085, 98.40, [N/A], 98.40, 400.00, 1410, 1593, 34, P0, 100"
1780462987195759128,2026/06/03 05:03:07.215,98.4,98.4,,98.4,400.0,1410.0,1593.0,34.0,P0,100.0,average_instant,"2026/06/03 05:03:07.215, 98.40, [N/A], 98.40, 400.00, 1410, 1593, 34, P0, 100"
1780462987325924551,2026/06/03 05:03:07.345,98.4,98.4,,98.4,400.0,1410.0,1593.0,34.0,P0,100.0,average_instant,"2026/06/03 05:03:07.345, 98.40, [N/A], 98.40, 400.00, 1410, 1593, 34, P0, 100"
1780462987454302832,2026/06/03 05:03:07.474,98.4,98.4,,98.4,400.0,1410.0,1593.0,34.0,P0,100.0,average_instant,"2026/06/03 05:03:07.474, 98.40, [N/A], 98.40, 400.00, 1410, 1593, 34, P0, 100"
1780462987583760082,2026/06/03 05:03:07.603,98.4,98.4,,98.4,400.0,1410.0,1593.0,34.0,P0,100.0,average_instant,"2026/06/03 05:03:07.603, 98.40, [N/A], 98.40, 400.00, 1410, 1593, 34, P0, 100"
1780462987714878176,2026/06/03 05:03:07.734,98.4,98.4,,98.4,400.0,1410.0,1593.0,34.0,P0,100.0,average_instant,"2026/06/03 05:03:07.734, 98.40, [N/A], 98.40, 400.00, 1410, 1593, 34, P0, 100"
1780462987843360448,2026/06/03 05:03:07.863,98.4,98.4,,98.4,400.0,1410.0,1593.0,34.0,P0,100.0,average_instant,"2026/06/03 05:03:07.863, 98.40, [N/A], 98.40, 400.00, 1410, 1593, 34, P0, 100"
1780462987972334735,2026/06/03 05:03:07.991,98.4,98.4,,98.4,400.0,1410.0,1593.0,34.0,P0,100.0,average_instant,"2026/06/03 05:03:07.991, 98.40, [N/A], 98.40, 400.00, 1410, 1593, 34, P0, 100"
1780462988100504621,2026/06/03 05:03:08.120,98.3,98.3,,98.3,400.0,1410.0,1593.0,34.0,P0,100.0,average_instant,"2026/06/03 05:03:08.120, 98.30, [N/A], 98.30, 400.00, 1410, 1593, 34, P0, 100"
1780462988230882511,2026/06/03 05:03:08.250,98.4,98.4,,98.4,400.0,1410.0,1593.0,34.0,P0,100.0,average_instant,"2026/06/03 05:03:08.250, 98.40, [N/A], 98.40, 400.00, 1410, 1593, 34, P0, 100"
1780462988359143100,2026/06/03 05:03:08.379,98.3,98.3,,98.3,400.0,1410.0,1593.0,34.0,P0,100.0,average_instant,"2026/06/03 05:03:08.379, 98.30, [N/A], 98.30, 400.00, 1410, 1593, 34, P0, 100"
1780462988490066730,2026/06/03 05:03:08.509,98.12,98.12,,98.12,400.0,1410.0,1593.0,34.0,P0,100.0,average_instant,"2026/06/03 05:03:08.509, 98.12, [N/A], 98.12, 400.00, 1410, 1593, 34, P0, 100"
1780462988618765236,2026/06/03 05:03:08.638,98.4,98.4,,98.4,400.0,1410.0,1593.0,34.0,P0,100.0,average_instant,"2026/06/03 05:03:08.638, 98.40, [N/A], 98.40, 400.00, 1410, 1593, 34, P0, 100"
1780462988746911574,2026/06/03 05:03:08.766,98.12,98.12,,98.12,400.0,1410.0,1593.0,34.0,P0,100.0,average_instant,"2026/06/03 05:03:08.766, 98.12, [N/A], 98.12, 400.00, 1410, 1593, 34, P0, 100"
1780462988877886398,2026/06/03 05:03:08.897,98.12,98.12,,98.12,400.0,1410.0,1593.0,34.0,P0,100.0,average_instant,"2026/06/03 05:03:08.897, 98.12, [N/A], 98.12, 400.00, 1410, 1593, 34, P0, 100"
1780462989006846268,2026/06/03 05:03:09.026,98.12,98.12,,98.12,400.0,1410.0,1593.0,34.0,P0,100.0,average_instant,"2026/06/03 05:03:09.026, 98.12, [N/A], 98.12, 400.00, 1410, 1593, 34, P0, 100"
1780462989135828631,2026/06/03 05:03:09.155,98.12,98.12,,98.12,400.0,1410.0,1593.0,34.0,P0,100.0,average_instant,"2026/06/03 05:03:09.155, 98.12, [N/A], 98.12, 400.00, 1410, 1593, 34, P0, 100"
1780462989263942900,2026/06/03 05:03:09.283,98.12,98.12,,98.12,400.0,1410.0,1593.0,34.0,P0,100.0,average_instant,"2026/06/03 05:03:09.283, 98.12, [N/A], 98.12, 400.00, 1410, 1593, 34, P0, 100"
1780462989392659589,2026/06/03 05:03:09.412,98.4,98.4,,98.4,400.0,1410.0,1593.0,34.0,P0,100.0,average_instant,"2026/06/03 05:03:09.412, 98.40, [N/A], 98.40, 400.00, 1410, 1593, 34, P0, 100"
1780462989521489570,2026/06/03 05:03:09.541,98.4,98.4,,98.4,400.0,1410.0,1593.0,34.0,P0,100.0,average_instant,"2026/06/03 05:03:09.541, 98.40, [N/A], 98.40, 400.00, 1410, 1593, 34, P0, 100"
1780462989650189859,2026/06/03 05:03:09.669,98.12,98.12,,98.12,400.0,1410.0,1593.0,34.0,P0,100.0,average_instant,"2026/06/03 05:03:09.669, 98.12, [N/A], 98.12, 400.00, 1410, 1593, 34, P0, 100"
1780462989779658652,2026/06/03 05:03:09.799,98.4,98.4,,98.4,400.0,1410.0,1593.0,34.0,P0,100.0,average_instant,"2026/06/03 05:03:09.799, 98.40, [N/A], 98.40, 400.00, 1410, 1593, 34, P0, 100"
1780462989909359096,2026/06/03 05:03:09.929,98.3,98.3,,98.3,400.0,1410.0,1593.0,34.0,P0,100.0,average_instant,"2026/06/03 05:03:09.929, 98.30, [N/A], 98.30, 400.00, 1410, 1593, 34, P0, 100"
1780462990039764911,2026/06/03 05:03:10.059,98.4,98.4,,98.4,400.0,1410.0,1593.0,34.0,P0,100.0,average_instant,"2026/06/03 05:03:10.059, 98.40, [N/A], 98.40, 400.00, 1410, 1593, 34, P0, 100"
1780462990168891693,2026/06/03 05:03:10.188,98.3,98.3,,98.3,400.0,1410.0,1593.0,34.0,P0,100.0,average_instant,"2026/06/03 05:03:10.188, 98.30, [N/A], 98.30, 400.00, 1410, 1593, 34, P0, 100"
1780462990298035383,2026/06/03 05:03:10.317,98.4,98.4,,98.4,400.0,1410.0,1593.0,34.0,P0,100.0,average_instant,"2026/06/03 05:03:10.317, 98.40, [N/A], 98.40, 400.00, 1410, 1593, 34, P0, 100"
1780462990426674151,2026/06/03 05:03:10.446,98.4,98.4,,98.4,400.0,1410.0,1593.0,34.0,P0,100.0,average_instant,"2026/06/03 05:03:10.446, 98.40, [N/A], 98.40, 400.00, 1410, 1593, 34, P0, 100"
1780462990555432174,2026/06/03 05:03:10.574,98.4,98.4,,98.4,400.0,1410.0,1593.0,34.0,P0,100.0,average_instant,"2026/06/03 05:03:10.574, 98.40, [N/A], 98.40, 400.00, 1410, 1593, 34, P0, 100"
1780462990684813182,2026/06/03 05:03:10.704,98.12,98.12,,98.12,400.0,1410.0,1593.0,34.0,P0,100.0,average_instant,"2026/06/03 05:03:10.704, 98.12, [N/A], 98.12, 400.00, 1410, 1593, 34, P0, 100"
1780462990815596783,2026/06/03 05:03:10.834,98.4,98.4,,98.4,400.0,1410.0,1593.0,34.0,P0,100.0,average_instant,"2026/06/03 05:03:10.834, 98.40, [N/A], 98.40, 400.00, 1410, 1593, 34, P0, 100"
1780462990944138625,2026/06/03 05:03:10.963,98.12,98.12,,98.12,400.0,1410.0,1593.0,34.0,P0,100.0,average_instant,"2026/06/03 05:03:10.963, 98.12, [N/A], 98.12, 400.00, 1410, 1593, 34, P0, 100"
1780462991072620275,2026/06/03 05:03:11.092,98.3,98.3,,98.3,400.0,1410.0,1593.0,34.0,P0,100.0,average_instant,"2026/06/03 05:03:11.092, 98.30, [N/A], 98.30, 400.00, 1410, 1593, 34, P0, 100"
1780462991201314099,2026/06/03 05:03:11.220,98.4,98.4,,98.4,400.0,1410.0,1593.0,34.0,P0,100.0,average_instant,"2026/06/03 05:03:11.220, 98.40, [N/A], 98.40, 400.00, 1410, 1593, 34, P0, 100"
1780462991329790096,2026/06/03 05:03:11.349,98.12,98.12,,98.12,400.0,1410.0,1593.0,34.0,P0,100.0,average_instant,"2026/06/03 05:03:11.349, 98.12, [N/A], 98.12, 400.00, 1410, 1593, 34, P0, 100"
1780462991459706841,2026/06/03 05:03:11.478,98.4,98.4,,98.4,400.0,1410.0,1593.0,34.0,P0,100.0,average_instant,"2026/06/03 05:03:11.478, 98.40, [N/A], 98.40, 400.00, 1410, 1593, 34, P0, 100"
1780462991590468938,2026/06/03 05:03:11.610,98.12,98.12,,98.12,400.0,1410.0,1593.0,34.0,P0,100.0,average_instant,"2026/06/03 05:03:11.610, 98.12, [N/A], 98.12, 400.00, 1410, 1593, 34, P0, 100"
1780462991719376887,2026/06/03 05:03:11.738,98.3,98.3,,98.3,400.0,1410.0,1593.0,34.0,P0,100.0,average_instant,"2026/06/03 05:03:11.738, 98.30, [N/A], 98.30, 400.00, 1410, 1593, 34, P0, 100"
1780462991848837584,2026/06/03 05:03:11.868,98.4,98.4,,98.4,400.0,1410.0,1593.0,34.0,P0,100.0,average_instant,"2026/06/03 05:03:11.868, 98.40, [N/A], 98.40, 400.00, 1410, 1593, 34, P0, 100"
1780462991977284041,2026/06/03 05:03:11.996,98.4,98.4,,98.4,400.0,1410.0,1593.0,34.0,P0,100.0,average_instant,"2026/06/03 05:03:11.996, 98.40, [N/A], 98.40, 400.00, 1410, 1593, 34, P0, 100"
1780462992106788786,2026/06/03 05:03:12.126,98.02,98.02,,98.02,400.0,1410.0,1593.0,34.0,P0,100.0,average_instant,"2026/06/03 05:03:12.126, 98.02, [N/A], 98.02, 400.00, 1410, 1593, 34, P0, 100"
1780462992236638205,2026/06/03 05:03:12.256,98.12,98.12,,98.12,400.0,1410.0,1593.0,34.0,P0,100.0,average_instant,"2026/06/03 05:03:12.256, 98.12, [N/A], 98.12, 400.00, 1410, 1593, 34, P0, 100"
1780462992365242375,2026/06/03 05:03:12.385,98.4,98.4,,98.4,400.0,1410.0,1593.0,34.0,P0,100.0,average_instant,"2026/06/03 05:03:12.385, 98.40, [N/A], 98.40, 400.00, 1410, 1593, 34, P0, 100"
1780462992494874621,2026/06/03 05:03:12.514,98.12,98.12,,98.12,400.0,1410.0,1593.0,34.0,P0,100.0,average_instant,"2026/06/03 05:03:12.514, 98.12, [N/A], 98.12, 400.00, 1410, 1593, 34, P0, 100"
1780462992624359931,2026/06/03 05:03:12.644,98.4,98.4,,98.4,400.0,1410.0,1593.0,34.0,P0,100.0,average_instant,"2026/06/03 05:03:12.644, 98.40, [N/A], 98.40, 400.00, 1410, 1593, 34, P0, 100"
1780462992754710283,2026/06/03 05:03:12.774,98.4,98.4,,98.4,400.0,1410.0,1593.0,34.0,P0,100.0,average_instant,"2026/06/03 05:03:12.774, 98.40, [N/A], 98.40, 400.00, 1410, 1593, 34, P0, 100"
1780462992883732724,2026/06/03 05:03:12.903,98.12,98.12,,98.12,400.0,1410.0,1593.0,34.0,P0,100.0,average_instant,"2026/06/03 05:03:12.903, 98.12, [N/A], 98.12, 400.00, 1410, 1593, 34, P0, 100"
1780462993014988836,2026/06/03 05:03:13.034,98.4,98.4,,98.4,400.0,1410.0,1593.0,34.0,P0,100.0,average_instant,"2026/06/03 05:03:13.034, 98.40, [N/A], 98.40, 400.00, 1410, 1593, 34, P0, 100"
1780462993143490727,2026/06/03 05:03:13.163,98.4,98.4,,98.4,400.0,1410.0,1593.0,34.0,P0,100.0,average_instant,"2026/06/03 05:03:13.163, 98.40, [N/A], 98.40, 400.00, 1410, 1593, 34, P0, 100"
1780462993271919717,2026/06/03 05:03:13.291,98.4,98.4,,98.4,400.0,1410.0,1593.0,34.0,P0,100.0,average_instant,"2026/06/03 05:03:13.291, 98.40, [N/A], 98.40, 400.00, 1410, 1593, 34, P0, 100"
1780462993400072998,2026/06/03 05:03:13.419,98.4,98.4,,98.4,400.0,1410.0,1593.0,34.0,P0,100.0,average_instant,"2026/06/03 05:03:13.419, 98.40, [N/A], 98.40, 400.00, 1410, 1593, 34, P0, 100"
1780462993528593628,2026/06/03 05:03:13.548,98.4,98.4,,98.4,400.0,1410.0,1593.0,34.0,P0,100.0,average_instant,"2026/06/03 05:03:13.548, 98.40, [N/A], 98.40, 400.00, 1410, 1593, 34, P0, 100"
1780462993657507370,2026/06/03 05:03:13.676,98.4,98.4,,98.4,400.0,1410.0,1593.0,34.0,P0,100.0,average_instant,"2026/06/03 05:03:13.676, 98.40, [N/A], 98.40, 400.00, 1410, 1593, 34, P0, 100"
1780462993785896347,2026/06/03 05:03:13.805,98.4,98.4,,98.4,400.0,1410.0,1593.0,34.0,P0,100.0,average_instant,"2026/06/03 05:03:13.805, 98.40, [N/A], 98.40, 400.00, 1410, 1593, 34, P0, 100"
1780462993917403015,2026/06/03 05:03:13.937,98.3,98.3,,98.3,400.0,1410.0,1593.0,34.0,P0,100.0,average_instant,"2026/06/03 05:03:13.937, 98.30, [N/A], 98.30, 400.00, 1410, 1593, 34, P0, 100"
1780462994046859240,2026/06/03 05:03:14.066,98.4,98.4,,98.4,400.0,1410.0,1593.0,34.0,P0,100.0,average_instant,"2026/06/03 05:03:14.066, 98.40, [N/A], 98.40, 400.00, 1410, 1593, 34, P0, 100"
1780462994174963722,2026/06/03 05:03:14.194,98.4,98.4,,98.4,400.0,1410.0,1593.0,34.0,P0,100.0,average_instant,"2026/06/03 05:03:14.194, 98.40, [N/A], 98.40, 400.00, 1410, 1593, 34, P0, 100"
1780462994305045268,2026/06/03 05:03:14.324,98.4,98.4,,98.4,400.0,1410.0,1593.0,34.0,P0,100.0,average_instant,"2026/06/03 05:03:14.324, 98.40, [N/A], 98.40, 400.00, 1410, 1593, 34, P0, 100"
1780462994433433270,2026/06/03 05:03:14.452,98.4,98.4,,98.4,400.0,1410.0,1593.0,34.0,P0,100.0,average_instant,"2026/06/03 05:03:14.452, 98.40, [N/A], 98.40, 400.00, 1410, 1593, 34, P0, 100"
1780462994565328032,2026/06/03 05:03:14.584,98.3,98.3,,98.3,400.0,1410.0,1593.0,34.0,P0,100.0,average_instant,"2026/06/03 05:03:14.584, 98.30, [N/A], 98.30, 400.00, 1410, 1593, 34, P0, 100"
1780462994693580135,2026/06/03 05:03:14.713,98.3,98.3,,98.3,400.0,1410.0,1593.0,34.0,P0,100.0,average_instant,"2026/06/03 05:03:14.713, 98.30, [N/A], 98.30, 400.00, 1410, 1593, 34, P0, 100"
1780462994822846554,2026/06/03 05:03:14.842,98.3,98.3,,98.3,400.0,1410.0,1593.0,34.0,P0,100.0,average_instant,"2026/06/03 05:03:14.842, 98.30, [N/A], 98.30, 400.00, 1410, 1593, 34, P0, 100"
1780462994951621802,2026/06/03 05:03:14.970,98.4,98.4,,98.4,400.0,1410.0,1593.0,34.0,P0,100.0,average_instant,"2026/06/03 05:03:14.970, 98.40, [N/A], 98.40, 400.00, 1410, 1593, 34, P0, 100"
1780462995079118657,2026/06/03 05:03:15.098,98.4,98.4,,98.4,400.0,1410.0,1593.0,34.0,P0,100.0,average_instant,"2026/06/03 05:03:15.098, 98.40, [N/A], 98.40, 400.00, 1410, 1593, 34, P0, 100"
1780462995208297942,2026/06/03 05:03:15.227,98.4,98.4,,98.4,400.0,1410.0,1593.0,34.0,P0,100.0,average_instant,"2026/06/03 05:03:15.227, 98.40, [N/A], 98.40, 400.00, 1410, 1593, 34, P0, 100"
1780462995336454345,2026/06/03 05:03:15.355,98.4,98.4,,98.4,400.0,1410.0,1593.0,34.0,P0,100.0,average_instant,"2026/06/03 05:03:15.355, 98.40, [N/A], 98.40, 400.00, 1410, 1593, 34, P0, 100"
1780462995464092289,2026/06/03 05:03:15.483,98.4,98.4,,98.4,400.0,1410.0,1593.0,34.0,P0,100.0,average_instant,"2026/06/03 05:03:15.483, 98.40, [N/A], 98.40, 400.00, 1410, 1593, 34, P0, 100"
1780462995593229585,2026/06/03 05:03:15.616,98.4,98.4,,98.4,400.0,1410.0,1593.0,34.0,P0,100.0,average_instant,"2026/06/03 05:03:15.616, 98.40, [N/A], 98.40, 400.00, 1410, 1593, 34, P0, 100"
1780462995727380736,2026/06/03 05:03:15.747,98.4,98.4,,98.4,400.0,1410.0,1593.0,34.0,P0,100.0,average_instant,"2026/06/03 05:03:15.747, 98.40, [N/A], 98.40, 400.00, 1410, 1593, 34, P0, 100"
1780462995857103070,2026/06/03 05:03:15.877,98.4,98.4,,98.4,400.0,1410.0,1593.0,34.0,P0,100.0,average_instant,"2026/06/03 05:03:15.877, 98.40, [N/A], 98.40, 400.00, 1410, 1593, 34, P0, 100"
1780462995986422598,2026/06/03 05:03:16.006,98.3,98.3,,98.3,400.0,1410.0,1593.0,34.0,P0,100.0,average_instant,"2026/06/03 05:03:16.006, 98.30, [N/A], 98.30, 400.00, 1410, 1593, 34, P0, 100"
1780462996117826534,2026/06/03 05:03:16.137,98.3,98.3,,98.3,400.0,1410.0,1593.0,34.0,P0,100.0,average_instant,"2026/06/03 05:03:16.137, 98.30, [N/A], 98.30, 400.00, 1410, 1593, 34, P0, 100"
1780462996246952244,2026/06/03 05:03:16.266,98.4,98.4,,98.4,400.0,1410.0,1593.0,34.0,P0,100.0,average_instant,"2026/06/03 05:03:16.266, 98.40, [N/A], 98.40, 400.00, 1410, 1593, 34, P0, 100"
1780462996377746536,2026/06/03 05:03:16.397,98.4,98.4,,98.4,400.0,1410.0,1593.0,34.0,P0,100.0,average_instant,"2026/06/03 05:03:16.397, 98.40, [N/A], 98.40, 400.00, 1410, 1593, 34, P0, 100"
1780462996506263547,2026/06/03 05:03:16.525,98.3,98.3,,98.3,400.0,1410.0,1593.0,34.0,P0,100.0,average_instant,"2026/06/03 05:03:16.525, 98.30, [N/A], 98.30, 400.00, 1410, 1593, 34, P0, 100"
1780462996634787905,2026/06/03 05:03:16.653,98.3,98.3,,98.3,400.0,1410.0,1593.0,34.0,P0,100.0,average_instant,"2026/06/03 05:03:16.653, 98.30, [N/A], 98.30, 400.00, 1410, 1593, 34, P0, 100"
1780462996762825765,2026/06/03 05:03:16.782,98.4,98.4,,98.4,400.0,1410.0,1593.0,34.0,P0,100.0,average_instant,"2026/06/03 05:03:16.782, 98.40, [N/A], 98.40, 400.00, 1410, 1593, 34, P0, 100"
1780462996891375583,2026/06/03 05:03:16.910,98.4,98.4,,98.4,400.0,1410.0,1593.0,34.0,P0,100.0,average_instant,"2026/06/03 05:03:16.910, 98.40, [N/A], 98.40, 400.00, 1410, 1593, 34, P0, 100"
1780462997021149835,2026/06/03 05:03:17.040,98.4,98.4,,98.4,400.0,1410.0,1593.0,34.0,P0,100.0,average_instant,"2026/06/03 05:03:17.040, 98.40, [N/A], 98.40, 400.00, 1410, 1593, 34, P0, 100"
1780462997149477979,2026/06/03 05:03:17.169,98.4,98.4,,98.4,400.0,1410.0,1593.0,34.0,P0,100.0,average_instant,"2026/06/03 05:03:17.169, 98.40, [N/A], 98.40, 400.00, 1410, 1593, 34, P0, 100"
1780462997278476602,2026/06/03 05:03:17.298,98.4,98.4,,98.4,400.0,1410.0,1593.0,34.0,P0,100.0,average_instant,"2026/06/03 05:03:17.298, 98.40, [N/A], 98.40, 400.00, 1410, 1593, 34, P0, 100"
1780462997408808181,2026/06/03 05:03:17.428,98.3,98.3,,98.3,400.0,1410.0,1593.0,34.0,P0,100.0,average_instant,"2026/06/03 05:03:17.428, 98.30, [N/A], 98.30, 400.00, 1410, 1593, 34, P0, 100"
1780462997537964256,2026/06/03 05:03:17.557,98.4,98.4,,98.4,400.0,1410.0,1593.0,34.0,P0,100.0,average_instant,"2026/06/03 05:03:17.557, 98.40, [N/A], 98.40, 400.00, 1410, 1593, 34, P0, 100"
1780462997666689537,2026/06/03 05:03:17.686,98.3,98.3,,98.3,400.0,1410.0,1593.0,34.0,P0,100.0,average_instant,"2026/06/03 05:03:17.686, 98.30, [N/A], 98.30, 400.00, 1410, 1593, 34, P0, 100"
1780462997795165592,2026/06/03 05:03:17.815,98.4,98.4,,98.4,400.0,1410.0,1593.0,34.0,P0,100.0,average_instant,"2026/06/03 05:03:17.815, 98.40, [N/A], 98.40, 400.00, 1410, 1593, 34, P0, 100"
1780462997926033017,2026/06/03 05:03:17.945,98.4,98.4,,98.4,400.0,1410.0,1593.0,34.0,P0,100.0,average_instant,"2026/06/03 05:03:17.945, 98.40, [N/A], 98.40, 400.00, 1410, 1593, 34, P0, 100"
1780462998053778340,2026/06/03 05:03:18.072,98.4,98.4,,98.4,400.0,1410.0,1593.0,34.0,P0,100.0,average_instant,"2026/06/03 05:03:18.072, 98.40, [N/A], 98.40, 400.00, 1410, 1593, 34, P0, 100"
1780462998181701766,2026/06/03 05:03:18.201,98.4,98.4,,98.4,400.0,1410.0,1593.0,34.0,P0,100.0,average_instant,"2026/06/03 05:03:18.201, 98.40, [N/A], 98.40, 400.00, 1410, 1593, 34, P0, 100"
1780462998309833394,2026/06/03 05:03:18.329,98.4,98.4,,98.4,400.0,1410.0,1593.0,34.0,P0,100.0,average_instant,"2026/06/03 05:03:18.329, 98.40, [N/A], 98.40, 400.00, 1410, 1593, 34, P0, 100"
1780462998438139112,2026/06/03 05:03:18.457,98.4,98.4,,98.4,400.0,1410.0,1593.0,34.0,P0,100.0,average_instant,"2026/06/03 05:03:18.457, 98.40, [N/A], 98.40, 400.00, 1410, 1593, 34, P0, 100"
1780462998567731132,2026/06/03 05:03:18.586,98.4,98.4,,98.4,400.0,1410.0,1593.0,34.0,P0,100.0,average_instant,"2026/06/03 05:03:18.586, 98.40, [N/A], 98.40, 400.00, 1410, 1593, 34, P0, 100"
1780462998695898359,2026/06/03 05:03:18.714,98.4,98.4,,98.4,400.0,1410.0,1593.0,34.0,P0,100.0,average_instant,"2026/06/03 05:03:18.714, 98.40, [N/A], 98.40, 400.00, 1410, 1593, 34, P0, 100"
1780462998823817533,2026/06/03 05:03:18.843,98.4,98.4,,98.4,400.0,1410.0,1593.0,34.0,P0,100.0,average_instant,"2026/06/03 05:03:18.843, 98.40, [N/A], 98.40, 400.00, 1410, 1593, 34, P0, 100"
1780462998952565367,2026/06/03 05:03:18.972,98.4,98.4,,98.4,400.0,1410.0,1593.0,34.0,P0,100.0,average_instant,"2026/06/03 05:03:18.972, 98.40, [N/A], 98.40, 400.00, 1410, 1593, 34, P0, 100"
1780462999081053229,2026/06/03 05:03:19.100,98.4,98.4,,98.4,400.0,1410.0,1593.0,34.0,P0,100.0,average_instant,"2026/06/03 05:03:19.100, 98.40, [N/A], 98.40, 400.00, 1410, 1593, 34, P0, 100"
1780462999210114332,2026/06/03 05:03:19.229,98.3,98.3,,98.3,400.0,1410.0,1593.0,34.0,P0,100.0,average_instant,"2026/06/03 05:03:19.229, 98.30, [N/A], 98.30, 400.00, 1410, 1593, 34, P0, 100"
1780462999338683681,2026/06/03 05:03:19.358,98.4,98.4,,98.4,400.0,1410.0,1593.0,34.0,P0,100.0,average_instant,"2026/06/03 05:03:19.358, 98.40, [N/A], 98.40, 400.00, 1410, 1593, 34, P0, 100"
1780462999467699328,2026/06/03 05:03:19.487,98.4,98.4,,98.4,400.0,1410.0,1593.0,34.0,P0,100.0,average_instant,"2026/06/03 05:03:19.487, 98.40, [N/A], 98.40, 400.00, 1410, 1593, 34, P0, 100"
1780462999597567638,2026/06/03 05:03:19.617,98.4,98.4,,98.4,400.0,1410.0,1593.0,34.0,P0,100.0,average_instant,"2026/06/03 05:03:19.617, 98.40, [N/A], 98.40, 400.00, 1410, 1593, 34, P0, 100"
