condition,gpu,architecture_generation,architecture_chip,gpu_product_class,recommended_cuda_arch,sm_count,tensor_model_architecture_chip,tensor_model_accumulator_mode,tensor_model_reference_note,tensor_model_reference_url,tensor_model_reference_dense_tflops,tensor_model_reference_sparse_tflops,tensor_model_reference_dense_f16acc_tflops,tensor_model_reference_dense_f32acc_tflops,fp16_path,test_benchmark_schema_version,baseline_benchmark_schema_version,test_benchmark_schema_features,baseline_benchmark_schema_features,test_bench_build_git_commit,baseline_bench_build_git_commit,test_kernel,baseline_kernel,run_count,valid_count,valid_no_l2_count,expected_l2_touch_count,timed_kernel_memory_provenance_metadata_count,timed_kernel_memory_provenance_metadata_all,timed_kernel_has_intended_global_memory_count,test_timed_kernel_has_intended_global_memory_count,baseline_timed_kernel_has_intended_global_memory_count,valid_basic_expected_l2_touch_count,invalid_or_nonpositive_increment_count,separation_quality_counts,pure_fp16_candidate_count,matmul_denominator_valid_count,matmul_denominator_valid_all,matmul_denominator_metadata_complete_count,matmul_denominator_metadata_complete_all,matmul_denominator_source,invalid_count,stats_scope,stats_scope_note,elapsed_s_n,elapsed_s_mean,elapsed_s_std,elapsed_s_min,elapsed_s_max,elapsed_s_ci95,baseline_elapsed_s_n,baseline_elapsed_s_mean,baseline_elapsed_s_std,baseline_elapsed_s_min,baseline_elapsed_s_max,baseline_elapsed_s_ci95,pj_per_flop_n,pj_per_flop_mean,pj_per_flop_std,pj_per_flop_min,pj_per_flop_max,pj_per_flop_ci95,incremental_pj_per_bit_n,incremental_pj_per_bit_mean,incremental_pj_per_bit_std,incremental_pj_per_bit_min,incremental_pj_per_bit_max,incremental_pj_per_bit_ci95,total_pj_per_bit_n,total_pj_per_bit_mean,total_pj_per_bit_std,total_pj_per_bit_min,total_pj_per_bit_max,total_pj_per_bit_ci95,matmul_input_pj_per_bit_n,matmul_input_pj_per_bit_mean,matmul_input_pj_per_bit_std,matmul_input_pj_per_bit_min,matmul_input_pj_per_bit_max,matmul_input_pj_per_bit_ci95,matmul_arithmetic_read_pj_per_bit_n,matmul_arithmetic_read_pj_per_bit_mean,matmul_arithmetic_read_pj_per_bit_std,matmul_arithmetic_read_pj_per_bit_min,matmul_arithmetic_read_pj_per_bit_max,matmul_arithmetic_read_pj_per_bit_ci95,matmul_register_read_write_pj_per_bit_n,matmul_register_read_write_pj_per_bit_mean,matmul_register_read_write_pj_per_bit_std,matmul_register_read_write_pj_per_bit_min,matmul_register_read_write_pj_per_bit_max,matmul_register_read_write_pj_per_bit_ci95,matmul_logical_mma_count_n,matmul_logical_mma_count_mean,matmul_logical_mma_count_std,matmul_logical_mma_count_min,matmul_logical_mma_count_max,matmul_logical_mma_count_ci95,matmul_flops_per_logical_mma_n,matmul_flops_per_logical_mma_mean,matmul_flops_per_logical_mma_std,matmul_flops_per_logical_mma_min,matmul_flops_per_logical_mma_max,matmul_flops_per_logical_mma_ci95,matmul_input_bits_per_logical_mma_n,matmul_input_bits_per_logical_mma_mean,matmul_input_bits_per_logical_mma_std,matmul_input_bits_per_logical_mma_min,matmul_input_bits_per_logical_mma_max,matmul_input_bits_per_logical_mma_ci95,matmul_accumulator_bits_per_logical_mma_n,matmul_accumulator_bits_per_logical_mma_mean,matmul_accumulator_bits_per_logical_mma_std,matmul_accumulator_bits_per_logical_mma_min,matmul_accumulator_bits_per_logical_mma_max,matmul_accumulator_bits_per_logical_mma_ci95,matmul_output_bits_per_logical_mma_n,matmul_output_bits_per_logical_mma_mean,matmul_output_bits_per_logical_mma_std,matmul_output_bits_per_logical_mma_min,matmul_output_bits_per_logical_mma_max,matmul_output_bits_per_logical_mma_ci95,matmul_arithmetic_read_bits_per_logical_mma_n,matmul_arithmetic_read_bits_per_logical_mma_mean,matmul_arithmetic_read_bits_per_logical_mma_std,matmul_arithmetic_read_bits_per_logical_mma_min,matmul_arithmetic_read_bits_per_logical_mma_max,matmul_arithmetic_read_bits_per_logical_mma_ci95,matmul_register_read_write_bits_per_logical_mma_n,matmul_register_read_write_bits_per_logical_mma_mean,matmul_register_read_write_bits_per_logical_mma_std,matmul_register_read_write_bits_per_logical_mma_min,matmul_register_read_write_bits_per_logical_mma_max,matmul_register_read_write_bits_per_logical_mma_ci95,tflops_n,tflops_mean,tflops_std,tflops_min,tflops_max,tflops_ci95,memory_gbps_n,memory_gbps_mean,memory_gbps_std,memory_gbps_min,memory_gbps_max,memory_gbps_ci95,incremental_power_w_n,incremental_power_w_mean,incremental_power_w_std,incremental_power_w_min,incremental_power_w_max,incremental_power_w_ci95,test_energy_j_n,test_energy_j_mean,test_energy_j_std,test_energy_j_min,test_energy_j_max,test_energy_j_ci95,baseline_scaled_energy_j_n,baseline_scaled_energy_j_mean,baseline_scaled_energy_j_std,baseline_scaled_energy_j_min,baseline_scaled_energy_j_max,baseline_scaled_energy_j_ci95,incremental_energy_j_n,incremental_energy_j_mean,incremental_energy_j_std,incremental_energy_j_min,incremental_energy_j_max,incremental_energy_j_ci95,test_energy_counter_vs_trace_delta_j_n,test_energy_counter_vs_trace_delta_j_mean,test_energy_counter_vs_trace_delta_j_std,test_energy_counter_vs_trace_delta_j_min,test_energy_counter_vs_trace_delta_j_max,test_energy_counter_vs_trace_delta_j_ci95,baseline_energy_counter_vs_trace_delta_j_n,baseline_energy_counter_vs_trace_delta_j_mean,baseline_energy_counter_vs_trace_delta_j_std,baseline_energy_counter_vs_trace_delta_j_min,baseline_energy_counter_vs_trace_delta_j_max,baseline_energy_counter_vs_trace_delta_j_ci95,test_energy_counter_vs_trace_ratio_n,test_energy_counter_vs_trace_ratio_mean,test_energy_counter_vs_trace_ratio_std,test_energy_counter_vs_trace_ratio_min,test_energy_counter_vs_trace_ratio_max,test_energy_counter_vs_trace_ratio_ci95,baseline_energy_counter_vs_trace_ratio_n,baseline_energy_counter_vs_trace_ratio_mean,baseline_energy_counter_vs_trace_ratio_std,baseline_energy_counter_vs_trace_ratio_min,baseline_energy_counter_vs_trace_ratio_max,baseline_energy_counter_vs_trace_ratio_ci95,baseline_energy_fraction_n,baseline_energy_fraction_mean,baseline_energy_fraction_std,baseline_energy_fraction_min,baseline_energy_fraction_max,baseline_energy_fraction_ci95,incremental_energy_fraction_n,incremental_energy_fraction_mean,incremental_energy_fraction_std,incremental_energy_fraction_min,incremental_energy_fraction_max,incremental_energy_fraction_ci95,baseline_power_fraction_n,baseline_power_fraction_mean,baseline_power_fraction_std,baseline_power_fraction_min,baseline_power_fraction_max,baseline_power_fraction_ci95,w_per_tflops_n,w_per_tflops_mean,w_per_tflops_std,w_per_tflops_min,w_per_tflops_max,w_per_tflops_ci95,tensor_peak_tflops_model_n,tensor_peak_tflops_model_mean,tensor_peak_tflops_model_std,tensor_peak_tflops_model_min,tensor_peak_tflops_model_max,tensor_peak_tflops_model_ci95,achieved_flops_per_sm_cycle_n,achieved_flops_per_sm_cycle_mean,achieved_flops_per_sm_cycle_std,achieved_flops_per_sm_cycle_min,achieved_flops_per_sm_cycle_max,achieved_flops_per_sm_cycle_ci95,tensor_model_utilization_pct_n,tensor_model_utilization_pct_mean,tensor_model_utilization_pct_std,tensor_model_utilization_pct_min,tensor_model_utilization_pct_max,tensor_model_utilization_pct_ci95,avg_sm_clock_mhz_n,avg_sm_clock_mhz_mean,avg_sm_clock_mhz_std,avg_sm_clock_mhz_min,avg_sm_clock_mhz_max,avg_sm_clock_mhz_ci95,clock_span_mhz_n,clock_span_mhz_mean,clock_span_mhz_std,clock_span_mhz_min,clock_span_mhz_max,clock_span_mhz_ci95,max_temp_c_n,max_temp_c_mean,max_temp_c_std,max_temp_c_min,max_temp_c_max,max_temp_c_ci95,avg_gpu_util_pct_n,avg_gpu_util_pct_mean,avg_gpu_util_pct_std,avg_gpu_util_pct_min,avg_gpu_util_pct_max,avg_gpu_util_pct_ci95,max_gpu_util_pct_n,max_gpu_util_pct_mean,max_gpu_util_pct_std,max_gpu_util_pct_min,max_gpu_util_pct_max,max_gpu_util_pct_ci95,avg_sm_util_pct_n,avg_sm_util_pct_mean,avg_sm_util_pct_std,avg_sm_util_pct_min,avg_sm_util_pct_max,avg_sm_util_pct_ci95,max_sm_util_pct_n,max_sm_util_pct_mean,max_sm_util_pct_std,max_sm_util_pct_min,max_sm_util_pct_max,max_sm_util_pct_ci95
long5s_tensor_mma_f16acc_t128_b1,NVIDIA A100-SXM4-80GB,ampere,ga100,datacenter,80,108,ga100,f16acc,"A100 SXM dense FP16 Tensor Core peak, no sparsity",https://www.nvidia.com/en-us/data-center/a100/,312.0,624.0,312.0,312.0,tensor_core_mma_m16n16k16_f16acc,fp16-energy-bench-v2,fp16-energy-bench-v2,"nvml_timed_energy_counter,explicit_m16n16k16_denominator,strict_denominator_provenance,tensor_no_memory_warpsync_baseline,timed_kernel_memory_provenance","nvml_timed_energy_counter,explicit_m16n16k16_denominator,strict_denominator_provenance,tensor_no_memory_warpsync_baseline,timed_kernel_memory_provenance",ce960f9677a1,ce960f9677a1,tensor_mma_f16acc,tensor_baseline_mov,1,1,1,0,1,True,0,0,0,0,0,pure_fp16_candidate_no_l2:1,1,1,True,1,True,bench_json_metadata,0,valid_basic,"stats use valid_basic rows, but no valid_no_l2 row was available",1,8.907233398439999,0.0,8.907233398439999,8.907233398439999,0.0,1,28.16565625,0.0,28.16565625,28.16565625,0.0,1,0.18263823221903155,0.0,0.18263823221903155,0.18263823221903155,0.0,0,nan,nan,nan,nan,nan,0,nan,nan,nan,nan,nan,1,0.18263823221903155,0.0,0.18263823221903155,0.18263823221903155,0.0,1,0.12175882147935438,0.0,0.12175882147935438,0.12175882147935438,0.0,1,0.09131911610951578,0.0,0.09131911610951578,0.09131911610951578,0.0,1,221184000000.0,0.0,221184000000.0,221184000000.0,0.0,1,8192.0,0.0,8192.0,8192.0,0.0,1,8192.0,0.0,8192.0,8192.0,0.0,1,4096.0,0.0,4096.0,4096.0,0.0,1,4096.0,0.0,4096.0,4096.0,0.0,1,12288.0,0.0,12288.0,12288.0,0.0,1,16384.0,0.0,16384.0,16384.0,0.0,1,203.4233579550459,0.0,203.4233579550459,203.4233579550459,0.0,0,nan,nan,nan,nan,nan,1,37.15280690273981,0.0,37.15280690273981,37.15280690273981,0.0,1,1253.391,0.0,1253.391,1253.391,0.0,1,922.4616042459401,0.0,922.4616042459401,922.4616042459401,0.0,1,330.92939575406,0.0,330.92939575406,330.92939575406,0.0,1,-9.27031678315484,0.0,-9.27031678315484,-9.27031678315484,0.0,1,-3.0478774163238995,0.0,-3.0478774163238995,-3.0478774163238995,0.0,1,0.9926581129397608,0.0,0.9926581129397608,0.9926581129397608,0.0,1,0.9989561927366597,0.0,0.9989561927366597,0.9989561927366597,0.0,1,0.7359727365570201,0.0,0.7359727365570201,0.7359727365570201,0.0,1,0.2640272634429799,0.0,0.2640272634429799,0.2640272634429799,0.0,1,0.735973131888046,0.0,0.735973131888046,0.735973131888046,0.0,1,0.18263786064798976,0.0,0.18263786064798976,0.18263786064798976,0.0,1,311.86944,0.0,311.86944,311.86944,0.0,1,1335.8507877268578,0.0,1335.8507877268578,1335.8507877268578,0.0,1,65.22708924447548,0.0,65.22708924447548,65.22708924447548,0.0,1,1410.0,0.0,1410.0,1410.0,0.0,1,0.0,0.0,0.0,0.0,0.0,1,38.0,0.0,38.0,38.0,0.0,1,99.89855072463769,0.0,99.89855072463769,99.89855072463769,0.0,1,100.0,0.0,100.0,100.0,0.0,1,99.88888888888889,0.0,99.88888888888889,99.88888888888889,0.0,1,100.0,0.0,100.0,100.0,0.0
long5s_tensor_mma_f16acc_t128_b2,NVIDIA A100-SXM4-80GB,ampere,ga100,datacenter,80,108,ga100,f16acc,"A100 SXM dense FP16 Tensor Core peak, no sparsity",https://www.nvidia.com/en-us/data-center/a100/,312.0,624.0,312.0,312.0,tensor_core_mma_m16n16k16_f16acc,fp16-energy-bench-v2,fp16-energy-bench-v2,"nvml_timed_energy_counter,explicit_m16n16k16_denominator,strict_denominator_provenance,tensor_no_memory_warpsync_baseline,timed_kernel_memory_provenance","nvml_timed_energy_counter,explicit_m16n16k16_denominator,strict_denominator_provenance,tensor_no_memory_warpsync_baseline,timed_kernel_memory_provenance",ce960f9677a1,ce960f9677a1,tensor_mma_f16acc,tensor_baseline_mov,1,1,1,0,1,True,0,0,0,0,0,pure_fp16_candidate_no_l2:1,1,1,True,1,True,bench_json_metadata,0,valid_basic,"stats use valid_basic rows, but no valid_no_l2 row was available",1,6.70166015625,0.0,6.70166015625,6.70166015625,0.0,1,14.7610917969,0.0,14.7610917969,14.7610917969,0.0,1,0.1771044519521767,0.0,0.1771044519521767,0.1771044519521767,0.0,0,nan,nan,nan,nan,nan,0,nan,nan,nan,nan,nan,1,0.1771044519521767,0.0,0.1771044519521767,0.1771044519521767,0.0,1,0.11806963463478445,0.0,0.11806963463478445,0.11806963463478445,0.0,1,0.08855222597608835,0.0,0.08855222597608835,0.08855222597608835,0.0,1,221184000000.0,0.0,221184000000.0,221184000000.0,0.0,1,8192.0,0.0,8192.0,8192.0,0.0,1,8192.0,0.0,8192.0,8192.0,0.0,1,4096.0,0.0,4096.0,4096.0,0.0,1,4096.0,0.0,4096.0,4096.0,0.0,1,12288.0,0.0,12288.0,12288.0,0.0,1,16384.0,0.0,16384.0,16384.0,0.0,1,270.37171174819673,0.0,270.37171174819673,270.37171174819673,0.0,0,nan,nan,nan,nan,nan,1,47.883482319231675,0.0,47.883482319231675,47.883482319231675,0.0,1,1062.91,0.0,1062.91,1062.91,0.0,1,742.0074783439647,0.0,742.0074783439647,742.0074783439647,0.0,1,320.90252165603533,0.0,320.90252165603533,320.90252165603533,0.0,1,-0.502723541636442,0.0,-0.502723541636442,-0.502723541636442,0.0,1,1.3433497352436916,0.0,1.3433497352436916,1.3433497352436916,0.0,1,0.999527254535791,0.0,0.999527254535791,0.999527254535791,0.0,1,1.0008226270807994,0.0,1.0008226270807994,1.0008226270807994,0.0,1,0.6980905987750277,0.0,0.6980905987750277,0.6980905987750277,0.0,1,0.3019094012249723,0.0,0.3019094012249723,0.3019094012249723,0.0,1,0.6980930262524604,0.0,0.6980930262524604,0.6980930262524604,0.0,1,0.1771024121185675,0.0,0.1771024121185675,0.1771024121185675,0.0,1,311.86944,0.0,311.86944,311.86944,0.0,1,1775.4906208838765,0.0,1775.4906208838765,1775.4906208838765,0.0,1,86.69387797284554,0.0,86.69387797284554,86.69387797284554,0.0,1,1410.0,0.0,1410.0,1410.0,0.0,1,0.0,0.0,0.0,0.0,0.0,1,40.0,0.0,40.0,40.0,0.0,1,100.0,0.0,100.0,100.0,0.0,1,100.0,0.0,100.0,100.0,0.0,1,100.0,0.0,100.0,100.0,0.0,1,100.0,0.0,100.0,100.0,0.0
long5s_tensor_mma_f16acc_t128_b4,NVIDIA A100-SXM4-80GB,ampere,ga100,datacenter,80,108,ga100,f16acc,"A100 SXM dense FP16 Tensor Core peak, no sparsity",https://www.nvidia.com/en-us/data-center/a100/,312.0,624.0,312.0,312.0,tensor_core_mma_m16n16k16_f16acc,fp16-energy-bench-v2,fp16-energy-bench-v2,"nvml_timed_energy_counter,explicit_m16n16k16_denominator,strict_denominator_provenance,tensor_no_memory_warpsync_baseline,timed_kernel_memory_provenance","nvml_timed_energy_counter,explicit_m16n16k16_denominator,strict_denominator_provenance,tensor_no_memory_warpsync_baseline,timed_kernel_memory_provenance",ce960f9677a1,ce960f9677a1,tensor_mma_f16acc,tensor_baseline_mov,1,1,1,0,1,True,0,0,0,0,0,pure_fp16_candidate_no_l2:1,1,1,True,1,True,bench_json_metadata,0,valid_basic,"stats use valid_basic rows, but no valid_no_l2 row was available",1,6.38987695312,0.0,6.38987695312,6.38987695312,0.0,1,7.68240625,0.0,7.68240625,7.68240625,0.0,1,0.13822185174974688,0.0,0.13822185174974688,0.13822185174974688,0.0,0,nan,nan,nan,nan,nan,0,nan,nan,nan,nan,nan,1,0.13822185174974688,0.0,0.13822185174974688,0.13822185174974688,0.0,1,0.09214790116649792,0.0,0.09214790116649792,0.09214790116649792,0.0,1,0.06911092587487344,0.0,0.06911092587487344,0.06911092587487344,0.0,1,221184000000.0,0.0,221184000000.0,221184000000.0,0.0,1,8192.0,0.0,8192.0,8192.0,0.0,1,8192.0,0.0,8192.0,8192.0,0.0,1,4096.0,0.0,4096.0,4096.0,0.0,1,4096.0,0.0,4096.0,4096.0,0.0,1,12288.0,0.0,12288.0,12288.0,0.0,1,16384.0,0.0,16384.0,16384.0,0.0,1,283.56404063700796,0.0,283.56404063700796,283.56404063700796,0.0,0,nan,nan,nan,nan,nan,1,39.19458222242561,0.0,39.19458222242561,39.19458222242561,0.0,1,1031.844,0.0,1031.844,1031.844,0.0,1,781.3943908256481,0.0,781.3943908256481,781.3943908256481,0.0,1,250.44960917435196,0.0,250.44960917435196,250.44960917435196,0.0,1,-12.620810625489185,0.0,-12.620810625489185,-12.620810625489185,0.0,1,-6.119129945514032,0.0,-6.119129945514032,-6.119129945514032,0.0,1,0.9879164807688149,0.0,0.9879164807688149,0.9879164807688149,0.0,1,0.9935286550011562,0.0,0.9935286550011562,0.9935286550011562,0.0,1,0.7572795798838274,0.0,0.7572795798838274,0.7572795798838274,0.0,1,0.24272042011617256,0.0,0.24272042011617256,0.24272042011617256,0.0,1,0.7572803516222798,0.0,0.7572803516222798,0.7572803516222798,0.0,1,0.13822127140795976,0.0,0.13822127140795976,0.13822127140795976,0.0,1,311.86944,0.0,311.86944,311.86944,0.0,1,1862.1226729511948,0.0,1862.1226729511948,1862.1226729511948,0.0,1,90.92395864019507,0.0,90.92395864019507,90.92395864019507,0.0,1,1410.0,0.0,1410.0,1410.0,0.0,1,0.0,0.0,0.0,0.0,0.0,1,40.0,0.0,40.0,40.0,0.0,1,100.0,0.0,100.0,100.0,0.0,1,100.0,0.0,100.0,100.0,0.0,1,100.0,0.0,100.0,100.0,0.0,1,100.0,0.0,100.0,100.0,0.0
long5s_tensor_mma_f16acc_t128_b8,NVIDIA A100-SXM4-80GB,ampere,ga100,datacenter,80,108,ga100,f16acc,"A100 SXM dense FP16 Tensor Core peak, no sparsity",https://www.nvidia.com/en-us/data-center/a100/,312.0,624.0,312.0,312.0,tensor_core_mma_m16n16k16_f16acc,fp16-energy-bench-v2,fp16-energy-bench-v2,"nvml_timed_energy_counter,explicit_m16n16k16_denominator,strict_denominator_provenance,tensor_no_memory_warpsync_baseline,timed_kernel_memory_provenance","nvml_timed_energy_counter,explicit_m16n16k16_denominator,strict_denominator_provenance,tensor_no_memory_warpsync_baseline,timed_kernel_memory_provenance",ce960f9677a1,ce960f9677a1,tensor_mma_f16acc,tensor_baseline_mov,1,1,1,0,1,True,0,0,0,0,0,pure_fp16_candidate_no_l2:1,1,1,True,1,True,bench_json_metadata,0,valid_basic,"stats use valid_basic rows, but no valid_no_l2 row was available",1,6.14352490234,0.0,6.14352490234,6.14352490234,0.0,1,6.984665039059999,0.0,6.984665039059999,6.984665039059999,0.0,1,0.12725998526907592,0.0,0.12725998526907592,0.12725998526907592,0.0,0,nan,nan,nan,nan,nan,0,nan,nan,nan,nan,nan,1,0.12725998526907592,0.0,0.12725998526907592,0.12725998526907592,0.0,1,0.08483999017938394,0.0,0.08483999017938394,0.08483999017938394,0.0,1,0.06362999263453796,0.0,0.06362999263453796,0.06362999263453796,0.0,1,221184000000.0,0.0,221184000000.0,221184000000.0,0.0,1,8192.0,0.0,8192.0,8192.0,0.0,1,8192.0,0.0,8192.0,8192.0,0.0,1,4096.0,0.0,4096.0,4096.0,0.0,1,4096.0,0.0,4096.0,4096.0,0.0,1,12288.0,0.0,12288.0,12288.0,0.0,1,16384.0,0.0,16384.0,16384.0,0.0,1,294.93480645123657,0.0,294.93480645123657,294.93480645123657,0.0,0,nan,nan,nan,nan,nan,1,37.53317923578007,0.0,37.53317923578007,37.53317923578007,0.0,1,1023.756,0.0,1023.756,1023.756,0.0,1,793.1686278102607,0.0,793.1686278102607,793.1686278102607,0.0,1,230.5873721897393,0.0,230.5873721897393,230.5873721897393,0.0,1,-3.060950569957299,0.0,-3.060950569957299,-3.060950569957299,0.0,1,-7.17065516413561,0.0,-7.17065516413561,-7.17065516413561,0.0,1,0.997018991001017,0.0,0.997018991001017,0.997018991001017,0.0,1,0.9921109407092392,0.0,0.9921109407092392,0.9921109407092392,0.0,1,0.7747633496753725,0.0,0.7747633496753725,0.7747633496753725,0.0,1,0.22523665032462747,0.0,0.22523665032462747,0.22523665032462747,0.0,1,0.7747643720107835,0.0,0.7747643720107835,0.7747643720107835,0.0,1,0.1272592397194248,0.0,0.1272592397194248,0.1272592397194248,0.0,1,311.86944,0.0,311.86944,311.86944,0.0,1,1936.792792561312,0.0,1936.792792561312,1936.792792561312,0.0,1,94.5699605742828,0.0,94.5699605742828,94.5699605742828,0.0,1,1410.0,0.0,1410.0,1410.0,0.0,1,0.0,0.0,0.0,0.0,0.0,1,41.0,0.0,41.0,41.0,0.0,1,100.0,0.0,100.0,100.0,0.0,1,100.0,0.0,100.0,100.0,0.0,1,100.0,0.0,100.0,100.0,0.0,1,100.0,0.0,100.0,100.0,0.0
long5s_tensor_mma_f16acc_t256_b1,NVIDIA A100-SXM4-80GB,ampere,ga100,datacenter,80,108,ga100,f16acc,"A100 SXM dense FP16 Tensor Core peak, no sparsity",https://www.nvidia.com/en-us/data-center/a100/,312.0,624.0,312.0,312.0,tensor_core_mma_m16n16k16_f16acc,fp16-energy-bench-v2,fp16-energy-bench-v2,"nvml_timed_energy_counter,explicit_m16n16k16_denominator,strict_denominator_provenance,tensor_no_memory_warpsync_baseline,timed_kernel_memory_provenance","nvml_timed_energy_counter,explicit_m16n16k16_denominator,strict_denominator_provenance,tensor_no_memory_warpsync_baseline,timed_kernel_memory_provenance",ce960f9677a1,ce960f9677a1,tensor_mma_f16acc,tensor_baseline_mov,1,1,1,0,1,True,0,0,0,0,0,pure_fp16_candidate_no_l2:1,1,1,True,1,True,bench_json_metadata,0,valid_basic,"stats use valid_basic rows, but no valid_no_l2 row was available",1,6.05296630859,0.0,6.05296630859,6.05296630859,0.0,1,14.7587695312,0.0,14.7587695312,14.7587695312,0.0,1,0.20217123330929784,0.0,0.20217123330929784,0.20217123330929784,0.0,0,nan,nan,nan,nan,nan,0,nan,nan,nan,nan,nan,1,0.20217123330929784,0.0,0.20217123330929784,0.20217123330929784,0.0,1,0.13478082220619858,0.0,0.13478082220619858,0.13478082220619858,0.0,1,0.10108561665464892,0.0,0.10108561665464892,0.10108561665464892,0.0,1,221184000000.0,0.0,221184000000.0,221184000000.0,0.0,1,8192.0,0.0,8192.0,8192.0,0.0,1,8192.0,0.0,8192.0,8192.0,0.0,1,4096.0,0.0,4096.0,4096.0,0.0,1,4096.0,0.0,4096.0,4096.0,0.0,1,12288.0,0.0,12288.0,12288.0,0.0,1,16384.0,0.0,16384.0,16384.0,0.0,1,299.34733412089315,0.0,299.34733412089315,299.34733412089315,0.0,0,nan,nan,nan,nan,nan,1,60.51917279363896,0.0,60.51917279363896,60.51917279363896,0.0,1,1020.052,0.0,1020.052,1020.052,0.0,1,653.7299913766196,0.0,653.7299913766196,653.7299913766196,0.0,1,366.3220086233804,0.0,366.3220086233804,366.3220086233804,0.0,1,-4.692962919094384,0.0,-4.692962919094384,-4.692962919094384,0.0,1,1.6671642990559121,0.0,1.6671642990559121,1.6671642990559121,0.0,1,0.9954203601004039,0.0,0.9954203601004039,0.9954203601004039,0.0,1,1.0010470145889818,0.0,1.0010470145889818,1.0010470145889818,0.0,1,0.6408790839845612,0.0,0.6408790839845612,0.6408790839845612,0.0,1,0.3591209160154388,0.0,0.3591209160154388,0.3591209160154388,0.0,1,0.6408800230645207,0.0,0.6408800230645207,0.6408800230645207,0.0,1,0.20217040840322947,0.0,0.20217040840322947,0.20217040840322947,0.0,1,311.86944,0.0,311.86944,311.86944,0.0,1,1965.7692022648616,0.0,1965.7692022648616,1965.7692022648616,0.0,1,95.98482432933896,0.0,95.98482432933896,95.98482432933896,0.0,1,1410.0,0.0,1410.0,1410.0,0.0,1,0.0,0.0,0.0,0.0,0.0,1,41.0,0.0,41.0,41.0,0.0,1,99.85106382978724,0.0,99.85106382978724,99.85106382978724,0.0,1,100.0,0.0,100.0,100.0,0.0,1,99.83333333333333,0.0,99.83333333333333,99.83333333333333,0.0,1,100.0,0.0,100.0,100.0,0.0
long5s_tensor_mma_f16acc_t256_b2,NVIDIA A100-SXM4-80GB,ampere,ga100,datacenter,80,108,ga100,f16acc,"A100 SXM dense FP16 Tensor Core peak, no sparsity",https://www.nvidia.com/en-us/data-center/a100/,312.0,624.0,312.0,312.0,tensor_core_mma_m16n16k16_f16acc,fp16-energy-bench-v2,fp16-energy-bench-v2,"nvml_timed_energy_counter,explicit_m16n16k16_denominator,strict_denominator_provenance,tensor_no_memory_warpsync_baseline,timed_kernel_memory_provenance","nvml_timed_energy_counter,explicit_m16n16k16_denominator,strict_denominator_provenance,tensor_no_memory_warpsync_baseline,timed_kernel_memory_provenance",ce960f9677a1,ce960f9677a1,tensor_mma_f16acc,tensor_baseline_mov,1,1,1,0,1,True,0,0,0,0,0,pure_fp16_candidate_no_l2:1,1,1,True,1,True,bench_json_metadata,0,valid_basic,"stats use valid_basic rows, but no valid_no_l2 row was available",1,5.961109375,0.0,5.961109375,5.961109375,0.0,1,7.37937207031,0.0,7.37937207031,7.37937207031,0.0,1,0.14747411016899217,0.0,0.14747411016899217,0.14747411016899217,0.0,0,nan,nan,nan,nan,nan,0,nan,nan,nan,nan,nan,1,0.14747411016899217,0.0,0.14747411016899217,0.14747411016899217,0.0,1,0.09831607344599477,0.0,0.09831607344599477,0.09831607344599477,0.0,1,0.07373705508449609,0.0,0.07373705508449609,0.07373705508449609,0.0,1,221184000000.0,0.0,221184000000.0,221184000000.0,0.0,1,8192.0,0.0,8192.0,8192.0,0.0,1,8192.0,0.0,8192.0,8192.0,0.0,1,4096.0,0.0,4096.0,4096.0,0.0,1,4096.0,0.0,4096.0,4096.0,0.0,1,12288.0,0.0,12288.0,12288.0,0.0,1,16384.0,0.0,16384.0,16384.0,0.0,1,303.9600876305008,0.0,303.9600876305008,303.9600876305008,0.0,0,nan,nan,nan,nan,nan,1,44.82536695479416,0.0,44.82536695479416,44.82536695479416,0.0,1,1015.562,0.0,1015.562,1015.562,0.0,1,748.3478599229984,0.0,748.3478599229984,748.3478599229984,0.0,1,267.2141400770016,0.0,267.2141400770016,267.2141400770016,0.0,1,-6.089320882299148,0.0,-6.089320882299148,-6.089320882299148,0.0,1,7.486002585493452,0.0,7.486002585493452,7.486002585493452,0.0,1,0.9940397269030686,0.0,0.9940397269030686,0.9940397269030686,0.0,1,1.0081466201838882,0.0,1.0081466201838882,1.0081466201838882,0.0,1,0.7368805251899917,0.0,0.7368805251899917,0.7368805251899917,0.0,1,0.26311947481000825,0.0,0.26311947481000825,0.26311947481000825,0.0,1,0.7368843163280845,0.0,0.7368843163280845,0.7368843163280845,0.0,1,0.14747122658184209,0.0,0.14747122658184209,0.14747122658184209,0.0,1,311.86944,0.0,311.86944,311.86944,0.0,1,1996.0604651333124,0.0,1996.0604651333124,1996.0604651333124,0.0,1,97.46388989908752,0.0,97.46388989908752,97.46388989908752,0.0,1,1410.0,0.0,1410.0,1410.0,0.0,1,0.0,0.0,0.0,0.0,0.0,1,41.0,0.0,41.0,41.0,0.0,1,100.0,0.0,100.0,100.0,0.0,1,100.0,0.0,100.0,100.0,0.0,1,100.0,0.0,100.0,100.0,0.0,1,100.0,0.0,100.0,100.0,0.0
long5s_tensor_mma_f16acc_t256_b4,NVIDIA A100-SXM4-80GB,ampere,ga100,datacenter,80,108,ga100,f16acc,"A100 SXM dense FP16 Tensor Core peak, no sparsity",https://www.nvidia.com/en-us/data-center/a100/,312.0,624.0,312.0,312.0,tensor_core_mma_m16n16k16_f16acc,fp16-energy-bench-v2,fp16-energy-bench-v2,"nvml_timed_energy_counter,explicit_m16n16k16_denominator,strict_denominator_provenance,tensor_no_memory_warpsync_baseline,timed_kernel_memory_provenance","nvml_timed_energy_counter,explicit_m16n16k16_denominator,strict_denominator_provenance,tensor_no_memory_warpsync_baseline,timed_kernel_memory_provenance",ce960f9677a1,ce960f9677a1,tensor_mma_f16acc,tensor_baseline_mov,1,1,1,0,1,True,0,0,0,0,0,pure_fp16_candidate_no_l2:1,1,1,True,1,True,bench_json_metadata,0,valid_basic,"stats use valid_basic rows, but no valid_no_l2 row was available",1,5.919009765619999,0.0,5.919009765619999,5.919009765619999,0.0,1,6.49960351562,0.0,6.49960351562,6.49960351562,0.0,1,0.12750438103718179,0.0,0.12750438103718179,0.12750438103718179,0.0,0,nan,nan,nan,nan,nan,0,nan,nan,nan,nan,nan,1,0.12750438103718179,0.0,0.12750438103718179,0.12750438103718179,0.0,1,0.08500292069145453,0.0,0.08500292069145453,0.08500292069145453,0.0,1,0.06375219051859089,0.0,0.06375219051859089,0.06375219051859089,0.0,1,221184000000.0,0.0,221184000000.0,221184000000.0,0.0,1,8192.0,0.0,8192.0,8192.0,0.0,1,8192.0,0.0,8192.0,8192.0,0.0,1,4096.0,0.0,4096.0,4096.0,0.0,1,4096.0,0.0,4096.0,4096.0,0.0,1,12288.0,0.0,12288.0,12288.0,0.0,1,16384.0,0.0,16384.0,16384.0,0.0,1,306.1220372577311,0.0,306.1220372577311,306.1220372577311,0.0,0,nan,nan,nan,nan,nan,1,39.03165568795126,0.0,39.03165568795126,39.03165568795126,0.0,1,1021.881,0.0,1021.881,1021.881,0.0,1,790.8507975064329,0.0,790.8507975064329,790.8507975064329,0.0,1,231.03020249356712,0.0,231.03020249356712,231.03020249356712,0.0,1,0.4593273694240452,0.0,0.4593273694240452,0.4593273694240452,0.0,1,-1.2475651592451413,0.0,-1.2475651592451413,-1.2475651592451413,0.0,1,1.0004496941681695,0.0,1.0004496941681695,1.0004496941681695,0.0,1,0.9985654804576046,0.0,0.9985654804576046,0.9985654804576046,0.0,1,0.7739167256328603,0.0,0.7739167256328603,0.7739167256328603,0.0,1,0.22608327436713974,0.0,0.22608327436713974,0.22608327436713974,0.0,1,0.773917824775849,0.0,0.773917824775849,0.773917824775849,0.0,1,0.1275035800676108,0.0,0.1275035800676108,0.1275035800676108,0.0,1,311.86944,0.0,311.86944,311.86944,0.0,1,2010.2576652070602,0.0,2010.2576652070602,2010.2576652070602,0.0,1,98.15711255893848,0.0,98.15711255893848,98.15711255893848,0.0,1,1410.0,0.0,1410.0,1410.0,0.0,1,0.0,0.0,0.0,0.0,0.0,1,41.0,0.0,41.0,41.0,0.0,1,100.0,0.0,100.0,100.0,0.0,1,100.0,0.0,100.0,100.0,0.0,1,100.0,0.0,100.0,100.0,0.0,1,100.0,0.0,100.0,100.0,0.0
long5s_tensor_mma_f16acc_t256_b8,NVIDIA A100-SXM4-80GB,ampere,ga100,datacenter,80,108,ga100,f16acc,"A100 SXM dense FP16 Tensor Core peak, no sparsity",https://www.nvidia.com/en-us/data-center/a100/,312.0,624.0,312.0,312.0,tensor_core_mma_m16n16k16_f16acc,fp16-energy-bench-v2,fp16-energy-bench-v2,"nvml_timed_energy_counter,explicit_m16n16k16_denominator,strict_denominator_provenance,tensor_no_memory_warpsync_baseline,timed_kernel_memory_provenance","nvml_timed_energy_counter,explicit_m16n16k16_denominator,strict_denominator_provenance,tensor_no_memory_warpsync_baseline,timed_kernel_memory_provenance",ce960f9677a1,ce960f9677a1,tensor_mma_f16acc,tensor_baseline_mov,5,5,5,0,5,True,0,0,0,0,0,pure_fp16_candidate_no_l2:5,5,5,True,5,True,bench_json_metadata,0,valid_basic,"stats use valid_basic rows, but no valid_no_l2 row was available",5,5.897025292968,0.000704713205807126,5.89592675781,5.89765332031,0.000617708360068001,5,5.706215234374,0.0009930576736128655,5.70525,5.707844726559999,0.0008704534298002572,5,0.10990017326434334,0.008281950620395037,0.09902931444754032,0.11996716920069075,0.007259449792811944,0,nan,nan,nan,nan,nan,0,nan,nan,nan,nan,nan,5,0.10990017326434334,0.008281950620395037,0.09902931444754032,0.11996716920069075,0.007259449792811944,5,0.0732667821762289,0.005521300413596696,0.06601954296502688,0.07997811280046051,0.004839633195207967,5,0.05495008663217167,0.004140975310197519,0.04951465722377016,0.05998358460034538,0.003629724896405972,5,221184000000.0,0.0,221184000000.0,221184000000.0,0.0,5,8192.0,0.0,8192.0,8192.0,0.0,5,8192.0,0.0,8192.0,8192.0,0.0,5,4096.0,0.0,4096.0,4096.0,0.0,5,4096.0,0.0,4096.0,4096.0,0.0,5,12288.0,0.0,12288.0,12288.0,0.0,5,16384.0,0.0,16384.0,16384.0,0.0,5,307.2632825338618,0.03672159783866292,307.23055927349054,307.3205286344215,0.03218789969178658,0,nan,nan,nan,nan,nan,5,33.76817172740331,2.5471704080585034,30.424763881493305,36.861840798675274,2.232693303616319,5,1018.6843999999999,10.79089295656295,1003.781,1027.311,9.458634714008987,5,819.5519539083222,6.530167916399582,808.0697680564381,824.345890527623,5.723944551298589,5,199.13244609167785,15.00639204164777,179.4351094723769,217.3732319435619,13.153682579237417,5,-1.080852783480782,8.774985275584152,-10.938291295433487,7.285597542557753,7.691613722484228,5,-3.814863318945618,7.581887072947737,-12.13467628903993,4.870116702685436,6.645817037992514,5,0.9989301892762159,0.008613872652454148,0.9892921972773066,1.0071556691774504,0.007550392281762247,5,0.9952592602742572,0.009478719664406172,0.9850138797964115,1.0061583445724174,0.008308464111636268,5,0.8046182562311379,0.012893586733918074,0.7880201708495139,0.8212407791416884,0.01130172707304548,5,0.19538174376886208,0.0128935867339181,0.17875922085831164,0.2119798291504861,0.011301727073045501,5,0.8046195217327938,0.012893368240867079,0.7880209321212712,0.8212411061938057,0.011301535555442142,5,0.1098992843295167,0.008281763209374885,0.09902909382920397,0.11996662247455216,0.007259285519809874,5,311.86944,0.0,311.86944,311.86944,0.0,5,2017.7520523631588,0.24114524454065644,2017.537163603169,2018.1279789494452,0.2113731264235374,5,98.52304943179487,0.011774670143585988,98.51255681656099,98.54140522214088,0.010320953438648627,5,1410.0,0.0,1410.0,1410.0,0.0,5,0.0,0.0,0.0,0.0,0.0,5,40.8,0.4472135954999579,40.0,41.0,0.39199999999999996,5,100.0,0.0,100.0,100.0,0.0,5,100.0,0.0,100.0,100.0,0.0,5,100.0,0.0,100.0,100.0,0.0,5,100.0,0.0,100.0,100.0,0.0
long5s_tensor_mma_f16acc_t384_b1,NVIDIA A100-SXM4-80GB,ampere,ga100,datacenter,80,108,ga100,f16acc,"A100 SXM dense FP16 Tensor Core peak, no sparsity",https://www.nvidia.com/en-us/data-center/a100/,312.0,624.0,312.0,312.0,tensor_core_mma_m16n16k16_f16acc,fp16-energy-bench-v2,fp16-energy-bench-v2,"nvml_timed_energy_counter,explicit_m16n16k16_denominator,strict_denominator_provenance,tensor_no_memory_warpsync_baseline,timed_kernel_memory_provenance","nvml_timed_energy_counter,explicit_m16n16k16_denominator,strict_denominator_provenance,tensor_no_memory_warpsync_baseline,timed_kernel_memory_provenance",ce960f9677a1,ce960f9677a1,tensor_mma_f16acc,tensor_baseline_mov,1,1,1,0,1,True,0,0,0,0,0,pure_fp16_candidate_no_l2:1,1,1,True,1,True,bench_json_metadata,0,valid_basic,"stats use valid_basic rows, but no valid_no_l2 row was available",1,5.91192382812,0.0,5.91192382812,5.91192382812,0.0,1,9.688875,0.0,9.688875,9.688875,0.0,1,0.18432635916006604,0.0,0.18432635916006604,0.18432635916006604,0.0,0,nan,nan,nan,nan,nan,0,nan,nan,nan,nan,nan,1,0.18432635916006604,0.0,0.18432635916006604,0.18432635916006604,0.0,1,0.12288423944004401,0.0,0.12288423944004401,0.12288423944004401,0.0,1,0.09216317958003302,0.0,0.09216317958003302,0.09216317958003302,0.0,1,221183996544.0,0.0,221183996544.0,221183996544.0,0.0,1,8192.0,0.0,8192.0,8192.0,0.0,1,8192.0,0.0,8192.0,8192.0,0.0,1,4096.0,0.0,4096.0,4096.0,0.0,1,4096.0,0.0,4096.0,4096.0,0.0,1,12288.0,0.0,12288.0,12288.0,0.0,1,16384.0,0.0,16384.0,16384.0,0.0,1,306.4889454546046,0.0,306.4889454546046,306.4889454546046,0.0,0,nan,nan,nan,nan,nan,1,56.4936248753956,0.0,56.4936248753956,56.4936248753956,0.0,1,1029.146,0.0,1029.146,1029.146,0.0,1,695.1578258693886,0.0,695.1578258693886,695.1578258693886,0.0,1,333.98817413061136,0.0,333.98817413061136,333.98817413061136,0.0,1,-1.6053791449908204,0.0,-1.6053791449908204,-1.6053791449908204,0.0,1,-4.215710493582947,0.0,-4.215710493582947,-4.215710493582947,0.0,1,0.9984425156468648,0.0,0.9984425156468648,0.9984425156468648,0.0,1,0.9963132971217902,0.0,0.9963132971217902,0.9963132971217902,0.0,1,0.6754705609013577,0.0,0.6754705609013577,0.6754705609013577,0.0,1,0.32452943909864235,0.0,0.32452943909864235,0.32452943909864235,0.0,1,0.6754719832559415,0.0,0.6754719832559415,0.6754719832559415,0.0,1,0.18432516315262373,0.0,0.18432516315262373,0.18432516315262373,0.0,1,311.86944,0.0,311.86944,311.86944,0.0,1,2012.6670964972723,0.0,2012.6670964972723,2012.6670964972723,0.0,1,98.27476057115587,0.0,98.27476057115587,98.27476057115587,0.0,1,1410.0,0.0,1410.0,1410.0,0.0,1,0.0,0.0,0.0,0.0,0.0,1,41.0,0.0,41.0,41.0,0.0,1,100.0,0.0,100.0,100.0,0.0,1,100.0,0.0,100.0,100.0,0.0,1,100.0,0.0,100.0,100.0,0.0,1,100.0,0.0,100.0,100.0,0.0
long5s_tensor_mma_f16acc_t384_b2,NVIDIA A100-SXM4-80GB,ampere,ga100,datacenter,80,108,ga100,f16acc,"A100 SXM dense FP16 Tensor Core peak, no sparsity",https://www.nvidia.com/en-us/data-center/a100/,312.0,624.0,312.0,312.0,tensor_core_mma_m16n16k16_f16acc,fp16-energy-bench-v2,fp16-energy-bench-v2,"nvml_timed_energy_counter,explicit_m16n16k16_denominator,strict_denominator_provenance,tensor_no_memory_warpsync_baseline,timed_kernel_memory_provenance","nvml_timed_energy_counter,explicit_m16n16k16_denominator,strict_denominator_provenance,tensor_no_memory_warpsync_baseline,timed_kernel_memory_provenance",ce960f9677a1,ce960f9677a1,tensor_mma_f16acc,tensor_baseline_mov,5,5,5,0,5,True,0,0,0,0,0,pure_fp16_candidate_no_l2:5,5,5,True,5,True,bench_json_metadata,0,valid_basic,"stats use valid_basic rows, but no valid_no_l2 row was available",5,5.892032714846,0.0012689904109747983,5.89072167969,5.89395556641,0.0011123191381201371,5,5.770503124998,0.0009433605502803329,5.76904394531,5.77115625,0.0008268919805456256,5,0.11540689998226492,0.006117064906505715,0.10968121462769116,0.12443589758215214,0.005361843797860268,0,nan,nan,nan,nan,nan,0,nan,nan,nan,nan,nan,5,0.11540689998226492,0.006117064906505715,0.10968121462769116,0.12443589758215214,0.005361843797860268,5,0.07693793332150996,0.00407804327100381,0.07312080975179411,0.0829572650547681,0.003574562531906845,5,0.05770344999113246,0.0030585324532528576,0.05484060731384558,0.06221794879107607,0.002680921898930134,5,221184006912.0,0.0,221184006912.0,221184006912.0,0.0,5,8192.0,0.0,8192.0,8192.0,0.0,5,8192.0,0.0,8192.0,8192.0,0.0,5,4096.0,0.0,4096.0,4096.0,0.0,5,4096.0,0.0,4096.0,4096.0,0.0,5,12288.0,0.0,12288.0,12288.0,0.0,5,16384.0,0.0,16384.0,16384.0,0.0,5,307.52365771650375,0.0662255208037221,307.4233194002095,307.5920885670595,0.058049228414080056,0,nan,nan,nan,nan,nan,5,35.48991997709824,1.8776740990575458,33.729354550957396,38.25417219048907,1.6458539146326716,5,1022.3513999999999,6.801799526595898,1018.851,1034.509,5.962040155431372,5,813.2410926648747,6.592235926521746,807.848397688057,820.8192874627866,5.778349560924221,5,209.11030733512524,11.083750822393553,198.73571253721332,225.47030369002835,9.715335951540142,5,-8.458426808239414,6.209816133932776,-12.384525706152886,2.4650703784413963,5.443143833273461,5,0.3012731920794522,6.76765837834613,-7.107802888967967,8.004042603277071,5.932114119531351,5,0.9917920212758302,0.006022180344824076,0.9879905943914487,1.0023885324138724,0.005278673812525584,5,1.0003836177827974,0.008496741150731488,0.9910992005046424,1.0100675354320088,0.0074477219937001135,5,0.7955019105621692,0.009696401527378593,0.7820509017417651,0.8050760257786845,0.008499270677321718,5,0.20449808943783082,0.009696401527378568,0.1949239742213155,0.2179490982582349,0.008499270677321697,5,0.7955032834227718,0.00969639736061102,0.782052347576899,0.8050775866735596,0.008499267024988906,5,0.1154059258806925,0.006117040155345662,0.10968012368254988,0.1244348420449168,0.005361822102511919,5,311.86944,0.0,311.86944,311.86944,0.0,5,2019.4618972714984,0.43489309695112516,2018.802990545111,2019.911272439319,0.381200606869424,5,98.60653795270989,0.02123501449957008,98.5743647727105,98.62848009957612,0.01861331088229909,5,1410.0,0.0,1410.0,1410.0,0.0,5,0.0,0.0,0.0,0.0,0.0,5,41.8,0.4472135954999579,41.0,42.0,0.39199999999999996,5,100.0,0.0,100.0,100.0,0.0,5,100.0,0.0,100.0,100.0,0.0,5,100.0,0.0,100.0,100.0,0.0,5,100.0,0.0,100.0,100.0,0.0
long5s_tensor_mma_f16acc_t384_b4,NVIDIA A100-SXM4-80GB,ampere,ga100,datacenter,80,108,ga100,f16acc,"A100 SXM dense FP16 Tensor Core peak, no sparsity",https://www.nvidia.com/en-us/data-center/a100/,312.0,624.0,312.0,312.0,tensor_core_mma_m16n16k16_f16acc,fp16-energy-bench-v2,fp16-energy-bench-v2,"nvml_timed_energy_counter,explicit_m16n16k16_denominator,strict_denominator_provenance,tensor_no_memory_warpsync_baseline,timed_kernel_memory_provenance","nvml_timed_energy_counter,explicit_m16n16k16_denominator,strict_denominator_provenance,tensor_no_memory_warpsync_baseline,timed_kernel_memory_provenance",ce960f9677a1,ce960f9677a1,tensor_mma_f16acc,tensor_baseline_mov,5,5,5,0,5,True,0,0,0,0,0,pure_fp16_candidate_no_l2:5,5,5,True,5,True,bench_json_metadata,0,valid_basic,"stats use valid_basic rows, but no valid_no_l2 row was available",5,5.883921191406,0.0011509583818977,5.882426269530001,5.88518505859,0.0010088595030289967,5,5.627619628904,0.0009668378707506412,5.6270478515599995,5.62932226562,0.0008474707592700789,5,0.11444309113637999,0.005313912382755817,0.10858909809877729,0.11887320871585655,0.0046578495712133955,0,nan,nan,nan,nan,nan,0,nan,nan,nan,nan,nan,5,0.11444309113637999,0.005313912382755817,0.10858909809877729,0.11887320871585655,0.0046578495712133955,5,0.07629539409091998,0.003542608255170548,0.07239273206585152,0.07924880581057103,0.0031052330474756,5,0.057221545568189994,0.0026569561913779086,0.05429454904938864,0.059436604357928274,0.0023289247856066978,5,221183986176.0,0.0,221183986176.0,221183986176.0,0.0,5,8192.0,0.0,8192.0,8192.0,0.0,5,8192.0,0.0,8192.0,8192.0,0.0,5,4096.0,0.0,4096.0,4096.0,0.0,5,4096.0,0.0,4096.0,4096.0,0.0,5,12288.0,0.0,12288.0,12288.0,0.0,5,16384.0,0.0,16384.0,16384.0,0.0,5,307.94757633181257,0.060240098708596056,307.88143392518987,308.0258267136026,0.05280277462801748,0,nan,nan,nan,nan,nan,5,35.24187472394097,1.6396967402407312,33.431763515078785,36.599715624123405,1.437257562475931,5,1029.851,9.342257757094893,1019.325,1038.04,8.188849976010049,5,822.4870753123511,2.268561123618012,818.5889715441273,824.3052197338847,1.9884814983410857,5,207.363924687649,9.62848623008104,196.75684513992098,215.39102845587274,8.439740294505699,5,1.8866638965356288,9.419146476320142,-9.588295019265843,10.367254572389584,8.256245909943145,5,0.19476337951446113,2.1885518190013897,-2.588446890637897,2.1868532990961285,1.9183502507106258,5,1.001836400416709,0.009161559382364374,0.990681143818745,1.0100880894414261,0.00803046086707615,5,1.0002550933573382,0.0027827990192255195,0.9967196583548344,1.0028014738359297,0.002439230887685538,5,0.7986995403844761,0.007612677537769225,0.7916874325848926,0.8069733940206304,0.006672806070373182,5,0.20130045961552395,0.00761267753776921,0.19302660597936966,0.2083125674151074,0.006672806070373169,5,0.7987028572019741,0.007611978915684458,0.7916941407030753,0.8069771386721676,0.0066721937011161095,5,0.11444072593173023,0.0053134464304895315,0.1085864876256298,0.1188683735454042,0.004657441146044255,5,311.86944,0.0,311.86944,311.86944,0.0,5,2022.2457074587114,0.39558772464277137,2021.8113601601647,2022.7595660205059,0.3467479289993565,5,98.74246618450739,0.019315806867320092,98.72125782032055,98.767556934595,0.01693105122066931,5,1410.0,0.0,1410.0,1410.0,0.0,5,0.0,0.0,0.0,0.0,0.0,5,41.6,0.5477225575051661,41.0,42.0,0.4800999895855029,5,99.94347826086957,0.07777627747825688,99.84782608695652,100.0,0.06817391304348117,5,100.0,0.0,100.0,100.0,0.0,5,99.96666666666667,0.07453559924999512,99.83333333333333,100.0,0.06533333333333519,5,100.0,0.0,100.0,100.0,0.0
long5s_tensor_mma_f16acc_t384_b8,NVIDIA A100-SXM4-80GB,ampere,ga100,datacenter,80,108,ga100,f16acc,"A100 SXM dense FP16 Tensor Core peak, no sparsity",https://www.nvidia.com/en-us/data-center/a100/,312.0,624.0,312.0,312.0,tensor_core_mma_m16n16k16_f16acc,fp16-energy-bench-v2,fp16-energy-bench-v2,"nvml_timed_energy_counter,explicit_m16n16k16_denominator,strict_denominator_provenance,tensor_no_memory_warpsync_baseline,timed_kernel_memory_provenance","nvml_timed_energy_counter,explicit_m16n16k16_denominator,strict_denominator_provenance,tensor_no_memory_warpsync_baseline,timed_kernel_memory_provenance",ce960f9677a1,ce960f9677a1,tensor_mma_f16acc,tensor_baseline_mov,5,5,5,0,5,True,0,0,0,0,0,pure_fp16_candidate_no_l2:5,5,5,True,5,True,bench_json_metadata,0,valid_basic,"stats use valid_basic rows, but no valid_no_l2 row was available",5,5.879400390626,0.0011027808010494148,5.877661621090001,5.88060791016,0.0009666299914878397,5,5.3548381835939995,0.0014697299932034998,5.352741699219999,5.35607177734,0.001288275139962345,5,0.10836979996920984,0.006127526610056167,0.10151500984574019,0.11524499355875018,0.005371013885337579,0,nan,nan,nan,nan,nan,0,nan,nan,nan,nan,nan,5,0.10836979996920984,0.006127526610056167,0.10151500984574019,0.11524499355875018,0.005371013885337579,5,0.07224653331280657,0.004085017740037442,0.06767667323049346,0.07682999570583345,0.0035806759235583827,5,0.05418489998460492,0.0030637633050280837,0.050757504922870095,0.05762249677937509,0.0026855069426687896,5,221184027648.0,0.0,221184027648.0,221184027648.0,0.0,5,8192.0,0.0,8192.0,8192.0,0.0,5,8192.0,0.0,8192.0,8192.0,0.0,5,4096.0,0.0,4096.0,4096.0,0.0,5,4096.0,0.0,4096.0,4096.0,0.0,5,12288.0,0.0,12288.0,12288.0,0.0,5,16384.0,0.0,16384.0,16384.0,0.0,5,308.1844210481731,0.05781187559870002,308.1211300215927,308.2755815664658,0.0506743432282182,0,nan,nan,nan,nan,nan,5,33.39781459980064,1.8926761828347356,31.27881114230871,35.51555909965765,1.6590038208516094,5,1030.0432,9.372457025775073,1019.714,1039.438,8.215320802124795,5,833.6836729233577,8.138172800043533,828.0346039799736,847.9899382858164,7.13342297666656,5,196.35952707664234,11.10270783596559,183.9390617141837,208.81696228632313,9.73195250657115,5,2.4054931812988114,8.83108872460354,-9.163435085119659,9.450710940426916,7.740790563789809,5,-4.860424277680022,4.7648849953276065,-11.504688683659879,1.7927306556260874,4.176605847772348,5,1.002341630793064,0.008593498240739872,0.9910937544428102,1.0092429453432397,0.007532533322481129,5,0.9937102525319459,0.006118220420136377,0.985322632258711,1.0023834645526286,0.005362856650214886,5,0.8094095251206166,0.009609482609398132,0.798885133746584,0.821752211911688,0.008423082886540782,5,0.19059047487938346,0.009609482609398139,0.178247788088312,0.20111486625341604,0.008423082886540789,5,0.8094107517060289,0.009609033940368553,0.7988867936798977,0.8217527195623172,0.008422689610796563,5,0.10836893435275743,0.006127205223054123,0.10151465801815258,0.11524380291100854,0.005370732177209586,5,311.86944,0.0,311.86944,311.86944,0.0,5,2023.80103131188,0.37964194640605803,2023.3854085998994,2024.399668810519,0.33277083811551683,5,98.81840973202539,0.018537204414347676,98.79811565429198,98.8476400786386,0.01624857607984991,5,1410.0,0.0,1410.0,1410.0,0.0,5,0.0,0.0,0.0,0.0,0.0,5,41.2,0.8366600265340756,40.0,42.0,0.7333648478076925,5,100.0,0.0,100.0,100.0,0.0,5,100.0,0.0,100.0,100.0,0.0,5,100.0,0.0,100.0,100.0,0.0,5,100.0,0.0,100.0,100.0,0.0
full5s_tensor_mma_f16acc_t032_b01,NVIDIA A100-SXM4-80GB,ampere,ga100,datacenter,80,108,ga100,f16acc,"A100 SXM dense FP16 Tensor Core peak, no sparsity",https://www.nvidia.com/en-us/data-center/a100/,312.0,624.0,312.0,312.0,tensor_core_mma_m16n16k16_f16acc,fp16-energy-bench-v2,fp16-energy-bench-v2,"nvml_timed_energy_counter,explicit_m16n16k16_denominator,strict_denominator_provenance,tensor_no_memory_warpsync_baseline,timed_kernel_memory_provenance","nvml_timed_energy_counter,explicit_m16n16k16_denominator,strict_denominator_provenance,tensor_no_memory_warpsync_baseline,timed_kernel_memory_provenance",ce960f9677a1,ce960f9677a1,tensor_mma_f16acc,tensor_baseline_mov,1,1,1,0,1,True,0,0,0,0,0,pure_fp16_candidate_no_l2:1,1,1,True,1,True,bench_json_metadata,0,valid_basic,"stats use valid_basic rows, but no valid_no_l2 row was available",1,35.6010078125,0.0,35.6010078125,35.6010078125,0.0,1,112.610875,0.0,112.610875,112.610875,0.0,1,0.18363641726354013,0.0,0.18363641726354013,0.18363641726354013,0.0,0,nan,nan,nan,nan,nan,0,nan,nan,nan,nan,nan,1,0.18363641726354013,0.0,0.18363641726354013,0.18363641726354013,0.0,1,0.1224242781756934,0.0,0.1224242781756934,0.1224242781756934,0.0,1,0.09181820863177007,0.0,0.09181820863177007,0.09181820863177007,0.0,1,221184000000.0,0.0,221184000000.0,221184000000.0,0.0,1,8192.0,0.0,8192.0,8192.0,0.0,1,8192.0,0.0,8192.0,8192.0,0.0,1,4096.0,0.0,4096.0,4096.0,0.0,1,4096.0,0.0,4096.0,4096.0,0.0,1,12288.0,0.0,12288.0,12288.0,0.0,1,16384.0,0.0,16384.0,16384.0,0.0,1,50.89573131027497,0.0,50.89573131027497,50.89573131027497,0.0,0,nan,nan,nan,nan,nan,1,9.346576411145705,0.0,9.346576411145705,9.346576411145705,0.0,1,3719.717,0.0,3719.717,3719.717,0.0,1,3386.9789535071736,0.0,3386.9789535071736,3386.9789535071736,0.0,1,332.73804649282647,0.0,332.73804649282647,332.73804649282647,0.0,1,-2.795830414426291,0.0,-2.795830414426291,-2.795830414426291,0.0,1,-2.69088421692868,0.0,-2.69088421692868,-2.69088421692868,0.0,1,0.9992489400193377,0.0,0.9992489400193377,0.9992489400193377,0.0,1,0.9997488938633867,0.0,0.9997488938633867,0.9997488938633867,0.0,1,0.9105474834529544,0.0,0.9105474834529544,0.9105474834529544,0.0,1,0.0894525165470455,0.0,0.0894525165470455,0.0894525165470455,0.0,1,0.9105451595892733,0.0,0.9105451595892733,0.9105451595892733,0.0,1,0.18364165658935708,0.0,0.18364165658935708,0.18364165658935708,0.0,1,311.86944,0.0,311.86944,311.86944,0.0,1,334.22466056130133,0.0,334.22466056130133,334.22466056130133,0.0,1,16.319563503969793,0.0,16.319563503969793,16.319563503969793,0.0,1,1410.0,0.0,1410.0,1410.0,0.0,1,0.0,0.0,0.0,0.0,0.0,1,35.0,0.0,35.0,35.0,0.0,1,99.97826086956522,0.0,99.97826086956522,99.97826086956522,0.0,1,100.0,0.0,100.0,100.0,0.0,1,100.0,0.0,100.0,100.0,0.0,1,100.0,0.0,100.0,100.0,0.0
full5s_tensor_mma_f16acc_t032_b02,NVIDIA A100-SXM4-80GB,ampere,ga100,datacenter,80,108,ga100,f16acc,"A100 SXM dense FP16 Tensor Core peak, no sparsity",https://www.nvidia.com/en-us/data-center/a100/,312.0,624.0,312.0,312.0,tensor_core_mma_m16n16k16_f16acc,fp16-energy-bench-v2,fp16-energy-bench-v2,"nvml_timed_energy_counter,explicit_m16n16k16_denominator,strict_denominator_provenance,tensor_no_memory_warpsync_baseline,timed_kernel_memory_provenance","nvml_timed_energy_counter,explicit_m16n16k16_denominator,strict_denominator_provenance,tensor_no_memory_warpsync_baseline,timed_kernel_memory_provenance",ce960f9677a1,ce960f9677a1,tensor_mma_f16acc,tensor_baseline_mov,1,1,1,0,1,True,0,0,0,0,0,pure_fp16_candidate_no_l2:1,1,1,True,1,True,bench_json_metadata,0,valid_basic,"stats use valid_basic rows, but no valid_no_l2 row was available",1,17.8015644531,0.0,17.8015644531,17.8015644531,0.0,1,56.3100390625,0.0,56.3100390625,56.3100390625,0.0,1,0.1842291323015573,0.0,0.1842291323015573,0.1842291323015573,0.0,0,nan,nan,nan,nan,nan,0,nan,nan,nan,nan,nan,1,0.1842291323015573,0.0,0.1842291323015573,0.1842291323015573,0.0,1,0.12281942153437152,0.0,0.12281942153437152,0.12281942153437152,0.0,1,0.09211456615077865,0.0,0.09211456615077865,0.09211456615077865,0.0,1,221184000000.0,0.0,221184000000.0,221184000000.0,0.0,1,8192.0,0.0,8192.0,8192.0,0.0,1,8192.0,0.0,8192.0,8192.0,0.0,1,4096.0,0.0,4096.0,4096.0,0.0,1,4096.0,0.0,4096.0,4096.0,0.0,1,12288.0,0.0,12288.0,12288.0,0.0,1,16384.0,0.0,16384.0,16384.0,0.0,1,101.78539828753452,0.0,101.78539828753452,101.78539828753452,0.0,0,nan,nan,nan,nan,nan,1,18.752098767006416,0.0,18.752098767006416,18.752098767006416,0.0,1,2080.059,0.0,2080.059,2080.059,0.0,1,1746.2469898194934,0.0,1746.2469898194934,1746.2469898194934,0.0,1,333.81201018050683,0.0,333.81201018050683,333.81201018050683,0.0,1,-1.359307973490104,0.0,-1.359307973490104,-1.359307973490104,0.0,1,-3.064595641608321,0.0,-3.064595641608321,-3.064595641608321,0.0,1,0.999346931864545,0.0,0.999346931864545,0.999346931864545,0.0,1,0.9994455007596963,0.0,0.9994455007596963,0.9994455007596963,0.0,1,0.839518008777392,0.0,0.839518008777392,0.839518008777392,0.0,1,0.160481991222608,0.0,0.160481991222608,0.160481991222608,0.0,1,0.8395161180424484,0.0,0.8395161180424484,0.8395161180424484,0.0,1,0.18423171773650124,0.0,0.18423171773650124,0.18423171773650124,0.0,1,311.86944,0.0,311.86944,311.86944,0.0,1,668.4094975540748,0.0,668.4094975540748,668.4094975540748,0.0,1,32.637182497757564,0.0,32.637182497757564,32.637182497757564,0.0,1,1410.0,0.0,1410.0,1410.0,0.0,1,0.0,0.0,0.0,0.0,0.0,1,36.0,0.0,36.0,36.0,0.0,1,100.0,0.0,100.0,100.0,0.0,1,100.0,0.0,100.0,100.0,0.0,1,100.0,0.0,100.0,100.0,0.0,1,100.0,0.0,100.0,100.0,0.0
full5s_tensor_mma_f16acc_t032_b04,NVIDIA A100-SXM4-80GB,ampere,ga100,datacenter,80,108,ga100,f16acc,"A100 SXM dense FP16 Tensor Core peak, no sparsity",https://www.nvidia.com/en-us/data-center/a100/,312.0,624.0,312.0,312.0,tensor_core_mma_m16n16k16_f16acc,fp16-energy-bench-v2,fp16-energy-bench-v2,"nvml_timed_energy_counter,explicit_m16n16k16_denominator,strict_denominator_provenance,tensor_no_memory_warpsync_baseline,timed_kernel_memory_provenance","nvml_timed_energy_counter,explicit_m16n16k16_denominator,strict_denominator_provenance,tensor_no_memory_warpsync_baseline,timed_kernel_memory_provenance",ce960f9677a1,ce960f9677a1,tensor_mma_f16acc,tensor_baseline_mov,1,1,1,0,1,True,0,0,0,0,0,pure_fp16_candidate_no_l2:1,1,1,True,1,True,bench_json_metadata,0,valid_basic,"stats use valid_basic rows, but no valid_no_l2 row was available",1,8.90396875,0.0,8.90396875,8.90396875,0.0,1,28.1534199219,0.0,28.1534199219,28.1534199219,0.0,1,0.18760505053583584,0.0,0.18760505053583584,0.18760505053583584,0.0,0,nan,nan,nan,nan,nan,0,nan,nan,nan,nan,nan,1,0.18760505053583584,0.0,0.18760505053583584,0.18760505053583584,0.0,1,0.12507003369055722,0.0,0.12507003369055722,0.12507003369055722,0.0,1,0.09380252526791792,0.0,0.09380252526791792,0.09380252526791792,0.0,1,221184000000.0,0.0,221184000000.0,221184000000.0,0.0,1,8192.0,0.0,8192.0,8192.0,0.0,1,8192.0,0.0,8192.0,8192.0,0.0,1,4096.0,0.0,4096.0,4096.0,0.0,1,4096.0,0.0,4096.0,4096.0,0.0,1,12288.0,0.0,12288.0,12288.0,0.0,1,16384.0,0.0,16384.0,16384.0,0.0,1,203.49794331881498,0.0,203.49794331881498,203.49794331881498,0.0,0,nan,nan,nan,nan,nan,1,38.17736812064753,0.0,38.17736812064753,38.17736812064753,0.0,1,1271.274,0.0,1271.274,1271.274,0.0,1,931.3450308026914,0.0,931.3450308026914,931.3450308026914,0.0,1,339.92896919730845,0.0,339.92896919730845,339.92896919730845,0.0,1,5.416162714709799,0.0,5.416162714709799,5.416162714709799,0.0,1,-0.956731431483604,0.0,-0.956731431483604,-0.956731431483604,0.0,1,1.0042786500625736,0.0,1.0042786500625736,1.0042786500625736,0.0,1,0.9996752179760742,0.0,0.9996752179760742,0.9996752179760742,0.0,1,0.7326076288846397,0.0,0.7326076288846397,0.7326076288846397,0.0,1,0.26739237111536024,0.0,0.26739237111536024,0.26739237111536024,0.0,1,0.7326069814329703,0.0,0.7326069814329703,0.7326069814329703,0.0,1,0.18760567059312255,0.0,0.18760567059312255,0.18760567059312255,0.0,1,311.86944,0.0,311.86944,311.86944,0.0,1,1336.3405786630876,0.0,1336.3405786630876,1336.3405786630876,0.0,1,65.25100481753357,0.0,65.25100481753357,65.25100481753357,0.0,1,1410.0,0.0,1410.0,1410.0,0.0,1,0.0,0.0,0.0,0.0,0.0,1,38.0,0.0,38.0,38.0,0.0,1,100.0,0.0,100.0,100.0,0.0,1,100.0,0.0,100.0,100.0,0.0,1,100.0,0.0,100.0,100.0,0.0,1,100.0,0.0,100.0,100.0,0.0
full5s_tensor_mma_f16acc_t032_b08,NVIDIA A100-SXM4-80GB,ampere,ga100,datacenter,80,108,ga100,f16acc,"A100 SXM dense FP16 Tensor Core peak, no sparsity",https://www.nvidia.com/en-us/data-center/a100/,312.0,624.0,312.0,312.0,tensor_core_mma_m16n16k16_f16acc,fp16-energy-bench-v2,fp16-energy-bench-v2,"nvml_timed_energy_counter,explicit_m16n16k16_denominator,strict_denominator_provenance,tensor_no_memory_warpsync_baseline,timed_kernel_memory_provenance","nvml_timed_energy_counter,explicit_m16n16k16_denominator,strict_denominator_provenance,tensor_no_memory_warpsync_baseline,timed_kernel_memory_provenance",ce960f9677a1,ce960f9677a1,tensor_mma_f16acc,tensor_baseline_mov,1,1,1,0,1,True,0,0,0,0,0,pure_fp16_candidate_no_l2:1,1,1,True,1,True,bench_json_metadata,0,valid_basic,"stats use valid_basic rows, but no valid_no_l2 row was available",1,6.744935546880001,0.0,6.744935546880001,6.744935546880001,0.0,1,14.7589501953,0.0,14.7589501953,14.7589501953,0.0,1,0.16600215054890208,0.0,0.16600215054890208,0.16600215054890208,0.0,0,nan,nan,nan,nan,nan,0,nan,nan,nan,nan,nan,1,0.16600215054890208,0.0,0.16600215054890208,0.16600215054890208,0.0,1,0.11066810036593472,0.0,0.11066810036593472,0.11066810036593472,0.0,1,0.08300107527445104,0.0,0.08300107527445104,0.08300107527445104,0.0,1,221184000000.0,0.0,221184000000.0,221184000000.0,0.0,1,8192.0,0.0,8192.0,8192.0,0.0,1,8192.0,0.0,8192.0,8192.0,0.0,1,4096.0,0.0,4096.0,4096.0,0.0,1,4096.0,0.0,4096.0,4096.0,0.0,1,12288.0,0.0,12288.0,12288.0,0.0,1,16384.0,0.0,16384.0,16384.0,0.0,1,268.6370114890345,0.0,268.6370114890345,268.6370114890345,0.0,0,nan,nan,nan,nan,nan,1,44.59421009546644,0.0,44.59421009546644,44.59421009546644,0.0,1,1063.463,0.0,1063.463,1063.463,0.0,1,762.6771748878675,0.0,762.6771748878675,762.6771748878675,0.0,1,300.78582511213244,0.0,300.78582511213244,300.78582511213244,0.0,1,-5.383035701888957,0.0,-5.383035701888957,-5.383035701888957,0.0,1,0.17136630751383564,0.0,0.17136630751383564,0.17136630751383564,0.0,1,0.9949636940007416,0.0,0.9949636940007416,0.9949636940007416,0.0,1,1.0001026956275263,0.0,1.0001026956275263,1.0001026956275263,0.0,1,0.7171638081323634,0.0,0.7171638081323634,0.7171638081323634,0.0,1,0.28283619186763664,0.0,0.28283619186763664,0.28283619186763664,0.0,1,0.7171643154277354,0.0,0.7171643154277354,0.7171643154277354,0.0,1,0.1660017353836842,0.0,0.1660017353836842,0.1660017353836842,0.0,1,311.86944,0.0,311.86944,311.86944,0.0,1,1764.0991035528925,0.0,1764.0991035528925,1764.0991035528925,0.0,1,86.13765154066859,0.0,86.13765154066859,86.13765154066859,0.0,1,1410.0,0.0,1410.0,1410.0,0.0,1,0.0,0.0,0.0,0.0,0.0,1,40.0,0.0,40.0,40.0,0.0,1,100.0,0.0,100.0,100.0,0.0,1,100.0,0.0,100.0,100.0,0.0,1,100.0,0.0,100.0,100.0,0.0,1,100.0,0.0,100.0,100.0,0.0
full5s_tensor_mma_f16acc_t064_b01,NVIDIA A100-SXM4-80GB,ampere,ga100,datacenter,80,108,ga100,f16acc,"A100 SXM dense FP16 Tensor Core peak, no sparsity",https://www.nvidia.com/en-us/data-center/a100/,312.0,624.0,312.0,312.0,tensor_core_mma_m16n16k16_f16acc,fp16-energy-bench-v2,fp16-energy-bench-v2,"nvml_timed_energy_counter,explicit_m16n16k16_denominator,strict_denominator_provenance,tensor_no_memory_warpsync_baseline,timed_kernel_memory_provenance","nvml_timed_energy_counter,explicit_m16n16k16_denominator,strict_denominator_provenance,tensor_no_memory_warpsync_baseline,timed_kernel_memory_provenance",ce960f9677a1,ce960f9677a1,tensor_mma_f16acc,tensor_baseline_mov,1,1,1,0,1,True,0,0,0,0,0,pure_fp16_candidate_no_l2:1,1,1,True,1,True,bench_json_metadata,0,valid_basic,"stats use valid_basic rows, but no valid_no_l2 row was available",1,17.8009042969,0.0,17.8009042969,17.8009042969,0.0,1,56.3106875,0.0,56.3106875,56.3106875,0.0,1,0.18303138790568255,0.0,0.18303138790568255,0.18303138790568255,0.0,0,nan,nan,nan,nan,nan,0,nan,nan,nan,nan,nan,1,0.18303138790568255,0.0,0.18303138790568255,0.18303138790568255,0.0,1,0.12202092527045504,0.0,0.12202092527045504,0.12202092527045504,0.0,1,0.09151569395284127,0.0,0.09151569395284127,0.09151569395284127,0.0,1,221184000000.0,0.0,221184000000.0,221184000000.0,0.0,1,8192.0,0.0,8192.0,8192.0,0.0,1,8192.0,0.0,8192.0,8192.0,0.0,1,4096.0,0.0,4096.0,4096.0,0.0,1,4096.0,0.0,4096.0,4096.0,0.0,1,12288.0,0.0,12288.0,12288.0,0.0,1,16384.0,0.0,16384.0,16384.0,0.0,1,101.78917305428952,0.0,101.78917305428952,101.78917305428952,0.0,0,nan,nan,nan,nan,nan,1,18.63062525839817,0.0,18.63062525839817,18.63062525839817,0.0,1,2080.518,0.0,2080.518,2080.518,0.0,1,1748.8762299952703,0.0,1748.8762299952703,1748.8762299952703,0.0,1,331.6417700047298,0.0,331.6417700047298,331.6417700047298,0.0,1,-1.5124939881402497,0.0,-1.5124939881402497,-1.5124939881402497,0.0,1,-2.9409524616412455,0.0,-2.9409524616412455,-2.9409524616412455,0.0,1,0.9992735485899426,0.0,0.9992735485899426,0.9992735485899426,0.0,1,0.9994686864099135,0.0,0.9994686864099135,0.9994686864099135,0.0,1,0.840596538936587,0.0,0.840596538936587,0.840596538936587,0.0,1,0.15940346106341294,0.0,0.15940346106341294,0.15940346106341294,0.0,1,0.8405964552164806,0.0,0.8405964552164806,0.8405964552164806,0.0,1,0.1830315022646021,0.0,0.1830315022646021,0.1830315022646021,0.0,1,311.86944,0.0,311.86944,311.86944,0.0,1,668.4342858831725,0.0,668.4342858831725,668.4342858831725,0.0,1,32.638392865389285,0.0,32.638392865389285,32.638392865389285,0.0,1,1410.0,0.0,1410.0,1410.0,0.0,1,0.0,0.0,0.0,0.0,0.0,1,36.0,0.0,36.0,36.0,0.0,1,100.0,0.0,100.0,100.0,0.0,1,100.0,0.0,100.0,100.0,0.0,1,100.0,0.0,100.0,100.0,0.0,1,100.0,0.0,100.0,100.0,0.0
full5s_tensor_mma_f16acc_t064_b02,NVIDIA A100-SXM4-80GB,ampere,ga100,datacenter,80,108,ga100,f16acc,"A100 SXM dense FP16 Tensor Core peak, no sparsity",https://www.nvidia.com/en-us/data-center/a100/,312.0,624.0,312.0,312.0,tensor_core_mma_m16n16k16_f16acc,fp16-energy-bench-v2,fp16-energy-bench-v2,"nvml_timed_energy_counter,explicit_m16n16k16_denominator,strict_denominator_provenance,tensor_no_memory_warpsync_baseline,timed_kernel_memory_provenance","nvml_timed_energy_counter,explicit_m16n16k16_denominator,strict_denominator_provenance,tensor_no_memory_warpsync_baseline,timed_kernel_memory_provenance",ce960f9677a1,ce960f9677a1,tensor_mma_f16acc,tensor_baseline_mov,1,1,1,0,1,True,0,0,0,0,0,pure_fp16_candidate_no_l2:1,1,1,True,1,True,bench_json_metadata,0,valid_basic,"stats use valid_basic rows, but no valid_no_l2 row was available",1,8.903109375,0.0,8.903109375,8.903109375,0.0,1,28.1520839844,0.0,28.1520839844,28.1520839844,0.0,1,0.18001165087345736,0.0,0.18001165087345736,0.18001165087345736,0.0,0,nan,nan,nan,nan,nan,0,nan,nan,nan,nan,nan,1,0.18001165087345736,0.0,0.18001165087345736,0.18001165087345736,0.0,1,0.12000776724897158,0.0,0.12000776724897158,0.12000776724897158,0.0,1,0.09000582543672868,0.0,0.09000582543672868,0.09000582543672868,0.0,1,221184000000.0,0.0,221184000000.0,221184000000.0,0.0,1,8192.0,0.0,8192.0,8192.0,0.0,1,8192.0,0.0,8192.0,8192.0,0.0,1,4096.0,0.0,4096.0,4096.0,0.0,1,4096.0,0.0,4096.0,4096.0,0.0,1,12288.0,0.0,12288.0,12288.0,0.0,1,16384.0,0.0,16384.0,16384.0,0.0,1,203.51758601190946,0.0,203.51758601190946,203.51758601190946,0.0,0,nan,nan,nan,nan,nan,1,36.63566956990665,0.0,36.63566956990665,36.63566956990665,0.0,1,1256.918,0.0,1256.918,1256.918,0.0,1,930.7478102841769,0.0,930.7478102841769,930.7478102841769,0.0,1,326.17018971582297,0.0,326.17018971582297,326.17018971582297,0.0,1,-8.429597577416871,0.0,-8.429597577416871,-8.429597577416871,0.0,1,-0.9434968432301503,0.0,-0.9434968432301503,-0.9434968432301503,0.0,1,0.9933381170568816,0.0,0.9933381170568816,0.9933381170568816,0.0,1,0.9996795192248376,0.0,0.9996795192248376,0.9996795192248376,0.0,1,0.7405000248895927,0.0,0.7405000248895927,0.7405000248895927,0.0,1,0.25949997511040734,0.0,0.25949997511040734,0.25949997511040734,0.0,1,0.7404993276487247,0.0,0.7404993276487247,0.7404993276487247,0.0,1,0.18001230403628513,0.0,0.18001230403628513,0.18001230403628513,0.0,1,311.86944,0.0,311.86944,311.86944,0.0,1,1336.4695692928124,0.0,1336.4695692928124,1336.4695692928124,0.0,1,65.2573031881256,0.0,65.2573031881256,65.2573031881256,0.0,1,1410.0,0.0,1410.0,1410.0,0.0,1,0.0,0.0,0.0,0.0,0.0,1,38.0,0.0,38.0,38.0,0.0,1,99.89855072463769,0.0,99.89855072463769,99.89855072463769,0.0,1,100.0,0.0,100.0,100.0,0.0,1,99.88888888888889,0.0,99.88888888888889,99.88888888888889,0.0,1,100.0,0.0,100.0,100.0,0.0
full5s_tensor_mma_f16acc_t064_b04,NVIDIA A100-SXM4-80GB,ampere,ga100,datacenter,80,108,ga100,f16acc,"A100 SXM dense FP16 Tensor Core peak, no sparsity",https://www.nvidia.com/en-us/data-center/a100/,312.0,624.0,312.0,312.0,tensor_core_mma_m16n16k16_f16acc,fp16-energy-bench-v2,fp16-energy-bench-v2,"nvml_timed_energy_counter,explicit_m16n16k16_denominator,strict_denominator_provenance,tensor_no_memory_warpsync_baseline,timed_kernel_memory_provenance","nvml_timed_energy_counter,explicit_m16n16k16_denominator,strict_denominator_provenance,tensor_no_memory_warpsync_baseline,timed_kernel_memory_provenance",ce960f9677a1,ce960f9677a1,tensor_mma_f16acc,tensor_baseline_mov,1,1,1,0,1,True,0,0,0,0,0,pure_fp16_candidate_no_l2:1,1,1,True,1,True,bench_json_metadata,0,valid_basic,"stats use valid_basic rows, but no valid_no_l2 row was available",1,6.74087402344,0.0,6.74087402344,6.74087402344,0.0,1,14.7601865234,0.0,14.7601865234,14.7601865234,0.0,1,0.17266958783846312,0.0,0.17266958783846312,0.17266958783846312,0.0,0,nan,nan,nan,nan,nan,0,nan,nan,nan,nan,nan,1,0.17266958783846312,0.0,0.17266958783846312,0.17266958783846312,0.0,1,0.11511305855897543,0.0,0.11511305855897543,0.11511305855897543,0.0,1,0.08633479391923156,0.0,0.08633479391923156,0.08633479391923156,0.0,1,221184000000.0,0.0,221184000000.0,221184000000.0,0.0,1,8192.0,0.0,8192.0,8192.0,0.0,1,8192.0,0.0,8192.0,8192.0,0.0,1,4096.0,0.0,4096.0,4096.0,0.0,1,4096.0,0.0,4096.0,4096.0,0.0,1,12288.0,0.0,12288.0,12288.0,0.0,1,16384.0,0.0,16384.0,16384.0,0.0,1,268.7988711403528,0.0,268.7988711403528,268.7988711403528,0.0,0,nan,nan,nan,nan,nan,1,46.412402271676086,0.0,46.412402271676086,46.412402271676086,0.0,1,1062.219,0.0,1062.219,1062.219,0.0,1,749.3521830459382,0.0,749.3521830459382,749.3521830459382,0.0,1,312.86681695406185,0.0,312.86681695406185,312.86681695406185,0.0,1,-6.043975723944868,0.0,-6.043975723944868,-6.043975723944868,0.0,1,1.1203324196401354,0.0,1.1203324196401354,1.1203324196401354,0.0,1,0.9943422398217546,0.0,0.9943422398217546,0.9943422398217546,0.0,1,1.0006832550649647,0.0,1.0006832550649647,1.0006832550649647,0.0,1,0.7054592160806182,0.0,0.7054592160806182,0.7054592160806182,0.0,1,0.2945407839193818,0.0,0.2945407839193818,0.2945407839193818,0.0,1,0.7054636393391929,0.0,0.7054636393391929,0.7054636393391929,0.0,1,0.1726659121549731,0.0,0.1726659121549731,0.1726659121549731,0.0,1,311.86944,0.0,311.86944,311.86944,0.0,1,1765.1620116913107,0.0,1765.1620116913107,1765.1620116913107,0.0,1,86.18955135211478,0.0,86.18955135211478,86.18955135211478,0.0,1,1410.0,0.0,1410.0,1410.0,0.0,1,0.0,0.0,0.0,0.0,0.0,1,40.0,0.0,40.0,40.0,0.0,1,100.0,0.0,100.0,100.0,0.0,1,100.0,0.0,100.0,100.0,0.0,1,100.0,0.0,100.0,100.0,0.0,1,100.0,0.0,100.0,100.0,0.0
full5s_tensor_mma_f16acc_t064_b08,NVIDIA A100-SXM4-80GB,ampere,ga100,datacenter,80,108,ga100,f16acc,"A100 SXM dense FP16 Tensor Core peak, no sparsity",https://www.nvidia.com/en-us/data-center/a100/,312.0,624.0,312.0,312.0,tensor_core_mma_m16n16k16_f16acc,fp16-energy-bench-v2,fp16-energy-bench-v2,"nvml_timed_energy_counter,explicit_m16n16k16_denominator,strict_denominator_provenance,tensor_no_memory_warpsync_baseline,timed_kernel_memory_provenance","nvml_timed_energy_counter,explicit_m16n16k16_denominator,strict_denominator_provenance,tensor_no_memory_warpsync_baseline,timed_kernel_memory_provenance",ce960f9677a1,ce960f9677a1,tensor_mma_f16acc,tensor_baseline_mov,1,1,1,0,1,True,0,0,0,0,0,pure_fp16_candidate_no_l2:1,1,1,True,1,True,bench_json_metadata,0,valid_basic,"stats use valid_basic rows, but no valid_no_l2 row was available",1,6.38882519531,0.0,6.38882519531,6.38882519531,0.0,1,7.7201430664099995,0.0,7.7201430664099995,7.7201430664099995,0.0,1,0.13050866668266328,0.0,0.13050866668266328,0.13050866668266328,0.0,0,nan,nan,nan,nan,nan,0,nan,nan,nan,nan,nan,1,0.13050866668266328,0.0,0.13050866668266328,0.13050866668266328,0.0,1,0.08700577778844219,0.0,0.08700577778844219,0.08700577778844219,0.0,1,0.06525433334133164,0.0,0.06525433334133164,0.06525433334133164,0.0,1,221184000000.0,0.0,221184000000.0,221184000000.0,0.0,1,8192.0,0.0,8192.0,8192.0,0.0,1,8192.0,0.0,8192.0,8192.0,0.0,1,4096.0,0.0,4096.0,4096.0,0.0,1,4096.0,0.0,4096.0,4096.0,0.0,1,12288.0,0.0,12288.0,12288.0,0.0,1,16384.0,0.0,16384.0,16384.0,0.0,1,283.6107222545601,0.0,283.6107222545601,283.6107222545601,0.0,0,nan,nan,nan,nan,nan,1,37.01348396194874,0.0,37.01348396194874,37.01348396194874,0.0,1,1031.828,0.0,1031.828,1031.828,0.0,1,795.3542141928391,0.0,795.3542141928391,795.3542141928391,0.0,1,236.47378580716088,0.0,236.47378580716088,236.47378580716088,0.0,1,-13.494325086243634,0.0,-13.494325086243634,-13.494325086243634,0.0,1,0.05123264639541958,0.0,0.05123264639541958,0.05123264639541958,0.0,1,0.9870907520461402,0.0,0.9870907520461402,0.9870907520461402,0.0,1,1.000053309545376,0.0,1.000053309545376,1.000053309545376,0.0,1,0.7708205381060013,0.0,0.7708205381060013,0.7708205381060013,0.0,1,0.22917946189399868,0.0,0.22917946189399868,0.22917946189399868,0.0,1,0.7708213650131169,0.0,0.7708213650131169,0.7708213650131169,0.0,1,0.1305080557875615,0.0,0.1305080557875615,0.1305080557875615,0.0,1,311.86944,0.0,311.86944,311.86944,0.0,1,1862.429224156554,0.0,1862.429224156554,1862.429224156554,0.0,1,90.93892696076925,0.0,90.93892696076925,90.93892696076925,0.0,1,1410.0,0.0,1410.0,1410.0,0.0,1,0.0,0.0,0.0,0.0,0.0,1,40.0,0.0,40.0,40.0,0.0,1,99.85714285714286,0.0,99.85714285714286,99.85714285714286,0.0,1,100.0,0.0,100.0,100.0,0.0,1,99.85714285714286,0.0,99.85714285714286,99.85714285714286,0.0,1,100.0,0.0,100.0,100.0,0.0
full5s_tensor_mma_f16acc_t096_b01,NVIDIA A100-SXM4-80GB,ampere,ga100,datacenter,80,108,ga100,f16acc,"A100 SXM dense FP16 Tensor Core peak, no sparsity",https://www.nvidia.com/en-us/data-center/a100/,312.0,624.0,312.0,312.0,tensor_core_mma_m16n16k16_f16acc,fp16-energy-bench-v2,fp16-energy-bench-v2,"nvml_timed_energy_counter,explicit_m16n16k16_denominator,strict_denominator_provenance,tensor_no_memory_warpsync_baseline,timed_kernel_memory_provenance","nvml_timed_energy_counter,explicit_m16n16k16_denominator,strict_denominator_provenance,tensor_no_memory_warpsync_baseline,timed_kernel_memory_provenance",ce960f9677a1,ce960f9677a1,tensor_mma_f16acc,tensor_baseline_mov,1,1,1,0,1,True,0,0,0,0,0,pure_fp16_candidate_no_l2:1,1,1,True,1,True,bench_json_metadata,0,valid_basic,"stats use valid_basic rows, but no valid_no_l2 row was available",1,11.8672373047,0.0,11.8672373047,11.8672373047,0.0,1,37.536859375,0.0,37.536859375,37.536859375,0.0,1,0.19264099649774158,0.0,0.19264099649774158,0.19264099649774158,0.0,0,nan,nan,nan,nan,nan,0,nan,nan,nan,nan,nan,1,0.19264099649774158,0.0,0.19264099649774158,0.19264099649774158,0.0,1,0.12842733099849438,0.0,0.12842733099849438,0.12842733099849438,0.0,1,0.09632049824887079,0.0,0.09632049824887079,0.09632049824887079,0.0,1,221183999136.0,0.0,221183999136.0,221183999136.0,0.0,1,8192.0,0.0,8192.0,8192.0,0.0,1,8192.0,0.0,8192.0,8192.0,0.0,1,4096.0,0.0,4096.0,4096.0,0.0,1,4096.0,0.0,4096.0,4096.0,0.0,1,12288.0,0.0,12288.0,12288.0,0.0,1,16384.0,0.0,16384.0,16384.0,0.0,1,152.68417361170458,0.0,152.68417361170458,152.68417361170458,0.0,0,nan,nan,nan,nan,nan,1,29.41345003691096,0.0,29.41345003691096,29.41345003691096,0.0,1,1536.587,0.0,1536.587,1536.587,0.0,1,1187.5332036241232,0.0,1187.5332036241232,1187.5332036241232,0.0,1,349.0537963758768,0.0,349.0537963758768,349.0537963758768,0.0,1,-1.2225881183962883,0.0,-1.2225881183962883,-1.2225881183962883,0.0,1,-5.343419028000426,0.0,-5.343419028000426,-5.343419028000426,0.0,1,0.9992049808195745,0.0,0.9992049808195745,0.9992049808195745,0.0,1,0.9985794738662108,0.0,0.9985794738662108,0.9985794738662108,0.0,1,0.7728382471178808,0.0,0.7728382471178808,0.7728382471178808,0.0,1,0.22716175288211915,0.0,0.22716175288211915,0.22716175288211915,0.0,1,0.7728369418633606,0.0,0.7728369418633606,0.7728369418633606,0.0,1,0.19264242875435886,0.0,0.19264242875435886,0.19264242875435886,0.0,1,311.86944,0.0,311.86944,311.86944,0.0,1,1002.6541476996624,0.0,1002.6541476996624,1002.6541476996624,0.0,1,48.95772205564757,0.0,48.95772205564757,48.95772205564757,0.0,1,1410.0,0.0,1410.0,1410.0,0.0,1,0.0,0.0,0.0,0.0,0.0,1,37.0,0.0,37.0,37.0,0.0,1,100.0,0.0,100.0,100.0,0.0,1,100.0,0.0,100.0,100.0,0.0,1,100.0,0.0,100.0,100.0,0.0,1,100.0,0.0,100.0,100.0,0.0
full5s_tensor_mma_f16acc_t096_b02,NVIDIA A100-SXM4-80GB,ampere,ga100,datacenter,80,108,ga100,f16acc,"A100 SXM dense FP16 Tensor Core peak, no sparsity",https://www.nvidia.com/en-us/data-center/a100/,312.0,624.0,312.0,312.0,tensor_core_mma_m16n16k16_f16acc,fp16-energy-bench-v2,fp16-energy-bench-v2,"nvml_timed_energy_counter,explicit_m16n16k16_denominator,strict_denominator_provenance,tensor_no_memory_warpsync_baseline,timed_kernel_memory_provenance","nvml_timed_energy_counter,explicit_m16n16k16_denominator,strict_denominator_provenance,tensor_no_memory_warpsync_baseline,timed_kernel_memory_provenance",ce960f9677a1,ce960f9677a1,tensor_mma_f16acc,tensor_baseline_mov,1,1,1,0,1,True,0,0,0,0,0,pure_fp16_candidate_no_l2:1,1,1,True,1,True,bench_json_metadata,0,valid_basic,"stats use valid_basic rows, but no valid_no_l2 row was available",1,8.93231445312,0.0,8.93231445312,8.93231445312,0.0,1,19.6753144531,0.0,19.6753144531,19.6753144531,0.0,1,0.1817776491445802,0.0,0.1817776491445802,0.1817776491445802,0.0,0,nan,nan,nan,nan,nan,0,nan,nan,nan,nan,nan,1,0.1817776491445802,0.0,0.1817776491445802,0.1817776491445802,0.0,1,0.12118509942972014,0.0,0.12118509942972014,0.12118509942972014,0.0,1,0.0908888245722901,0.0,0.0908888245722901,0.0908888245722901,0.0,1,221184001728.0,0.0,221184001728.0,221184001728.0,0.0,1,8192.0,0.0,8192.0,8192.0,0.0,1,8192.0,0.0,8192.0,8192.0,0.0,1,4096.0,0.0,4096.0,4096.0,0.0,1,4096.0,0.0,4096.0,4096.0,0.0,1,12288.0,0.0,12288.0,12288.0,0.0,1,16384.0,0.0,16384.0,16384.0,0.0,1,202.8521668897222,0.0,202.8521668897222,202.8521668897222,0.0,0,nan,nan,nan,nan,nan,1,36.8740836284576,0.0,36.8740836284576,36.8740836284576,0.0,1,1295.476,0.0,1295.476,1295.476,0.0,1,966.105925990346,0.0,966.105925990346,966.105925990346,0.0,1,329.3700740096541,0.0,329.3700740096541,329.3700740096541,0.0,1,1.6303096225178706,0.0,1.6303096225178706,1.6303096225178706,0.0,1,2.3720001201045307,0.0,2.3720001201045307,2.3720001201045307,0.0,1,1.001260049505627,0.0,1.001260049505627,1.001260049505627,0.0,1,1.0011158777447033,0.0,1.0011158777447033,1.0011158777447033,0.0,1,0.7457536272307214,0.0,0.7457536272307214,0.7457536272307214,0.0,1,0.2542463727692787,0.0,0.2542463727692787,0.2542463727692787,0.0,1,0.7457531459042774,0.0,0.7457531459042774,0.7457531459042774,0.0,1,0.18177811060063107,0.0,0.18177811060063107,0.18177811060063107,0.0,1,311.86944,0.0,311.86944,311.86944,0.0,1,1332.099861371961,0.0,1332.099861371961,1332.099861371961,0.0,1,65.04393854355278,0.0,65.04393854355278,65.04393854355278,0.0,1,1410.0,0.0,1410.0,1410.0,0.0,1,0.0,0.0,0.0,0.0,0.0,1,39.0,0.0,39.0,39.0,0.0,1,100.0,0.0,100.0,100.0,0.0,1,100.0,0.0,100.0,100.0,0.0,1,100.0,0.0,100.0,100.0,0.0,1,100.0,0.0,100.0,100.0,0.0
full5s_tensor_mma_f16acc_t096_b04,NVIDIA A100-SXM4-80GB,ampere,ga100,datacenter,80,108,ga100,f16acc,"A100 SXM dense FP16 Tensor Core peak, no sparsity",https://www.nvidia.com/en-us/data-center/a100/,312.0,624.0,312.0,312.0,tensor_core_mma_m16n16k16_f16acc,fp16-energy-bench-v2,fp16-energy-bench-v2,"nvml_timed_energy_counter,explicit_m16n16k16_denominator,strict_denominator_provenance,tensor_no_memory_warpsync_baseline,timed_kernel_memory_provenance","nvml_timed_energy_counter,explicit_m16n16k16_denominator,strict_denominator_provenance,tensor_no_memory_warpsync_baseline,timed_kernel_memory_provenance",ce960f9677a1,ce960f9677a1,tensor_mma_f16acc,tensor_baseline_mov,1,1,1,0,1,True,0,0,0,0,0,pure_fp16_candidate_no_l2:1,1,1,True,1,True,bench_json_metadata,0,valid_basic,"stats use valid_basic rows, but no valid_no_l2 row was available",1,6.60830322266,0.0,6.60830322266,6.60830322266,0.0,1,10.0616318359,0.0,10.0616318359,10.0616318359,0.0,1,0.15000482739901116,0.0,0.15000482739901116,0.15000482739901116,0.0,0,nan,nan,nan,nan,nan,0,nan,nan,nan,nan,nan,1,0.15000482739901116,0.0,0.15000482739901116,0.15000482739901116,0.0,1,0.10000321826600744,0.0,0.10000321826600744,0.10000321826600744,0.0,1,0.07500241369950558,0.0,0.07500241369950558,0.07500241369950558,0.0,1,221183996544.0,0.0,221183996544.0,221183996544.0,0.0,1,8192.0,0.0,8192.0,8192.0,0.0,1,8192.0,0.0,8192.0,8192.0,0.0,1,4096.0,0.0,4096.0,4096.0,0.0,1,4096.0,0.0,4096.0,4096.0,0.0,1,12288.0,0.0,12288.0,12288.0,0.0,1,16384.0,0.0,16384.0,16384.0,0.0,1,274.191307304918,0.0,274.191307304918,274.191307304918,0.0,0,nan,nan,nan,nan,nan,1,41.12987420941076,0.0,41.12987420941076,41.12987420941076,0.0,1,1058.879,0.0,1058.879,1058.879,0.0,1,787.0793580927491,0.0,787.0793580927491,787.0793580927491,0.0,1,271.7996419072508,0.0,271.7996419072508,271.7996419072508,0.0,1,0.4239155174334428,0.0,0.4239155174334428,0.4239155174334428,0.0,1,9.967733340468385,0.0,9.967733340468385,9.967733340468385,0.0,1,1.0004005040210475,0.0,1.0004005040210475,1.0004005040210475,0.0,1,1.0083873808114079,0.0,1.0083873808114079,1.0083873808114079,0.0,1,0.7433137857042675,0.0,0.7433137857042675,0.7433137857042675,0.0,1,0.2566862142957324,0.0,0.2566862142957324,0.2566862142957324,0.0,1,0.7433144607457426,0.0,0.7433144607457426,0.7433144607457426,0.0,1,0.1500042966849848,0.0,0.1500042966849848,0.1500042966849848,0.0,1,311.86944,0.0,311.86944,311.86944,0.0,1,1800.573334022314,0.0,1800.573334022314,1800.573334022314,0.0,1,87.91861982530831,0.0,87.91861982530831,87.91861982530831,0.0,1,1410.0,0.0,1410.0,1410.0,0.0,1,0.0,0.0,0.0,0.0,0.0,1,40.0,0.0,40.0,40.0,0.0,1,100.0,0.0,100.0,100.0,0.0,1,100.0,0.0,100.0,100.0,0.0,1,100.0,0.0,100.0,100.0,0.0,1,100.0,0.0,100.0,100.0,0.0
full5s_tensor_mma_f16acc_t096_b08,NVIDIA A100-SXM4-80GB,ampere,ga100,datacenter,80,108,ga100,f16acc,"A100 SXM dense FP16 Tensor Core peak, no sparsity",https://www.nvidia.com/en-us/data-center/a100/,312.0,624.0,312.0,312.0,tensor_core_mma_m16n16k16_f16acc,fp16-energy-bench-v2,fp16-energy-bench-v2,"nvml_timed_energy_counter,explicit_m16n16k16_denominator,strict_denominator_provenance,tensor_no_memory_warpsync_baseline,timed_kernel_memory_provenance","nvml_timed_energy_counter,explicit_m16n16k16_denominator,strict_denominator_provenance,tensor_no_memory_warpsync_baseline,timed_kernel_memory_provenance",ce960f9677a1,ce960f9677a1,tensor_mma_f16acc,tensor_baseline_mov,1,1,1,0,1,True,0,0,0,0,0,pure_fp16_candidate_no_l2:1,1,1,True,1,True,bench_json_metadata,0,valid_basic,"stats use valid_basic rows, but no valid_no_l2 row was available",1,6.23338818359,0.0,6.23338818359,6.23338818359,0.0,1,6.71047167969,0.0,6.71047167969,6.71047167969,0.0,1,0.12068957702602909,0.0,0.12068957702602909,0.12068957702602909,0.0,0,nan,nan,nan,nan,nan,0,nan,nan,nan,nan,nan,1,0.12068957702602909,0.0,0.12068957702602909,0.12068957702602909,0.0,1,0.08045971801735273,0.0,0.08045971801735273,0.08045971801735273,0.0,1,0.060344788513014544,0.0,0.060344788513014544,0.060344788513014544,0.0,1,221184006912.0,0.0,221184006912.0,221184006912.0,0.0,1,8192.0,0.0,8192.0,8192.0,0.0,1,8192.0,0.0,8192.0,8192.0,0.0,1,4096.0,0.0,4096.0,4096.0,0.0,1,4096.0,0.0,4096.0,4096.0,0.0,1,12288.0,0.0,12288.0,12288.0,0.0,1,16384.0,0.0,16384.0,16384.0,0.0,1,290.68290490767293,0.0,290.68290490767293,290.68290490767293,0.0,0,nan,nan,nan,nan,nan,1,35.082105968732265,0.0,35.082105968732265,35.082105968732265,0.0,1,1030.878,0.0,1030.878,1030.878,0.0,1,812.1958020730341,0.0,812.1958020730341,812.1958020730341,0.0,1,218.68219792696584,0.0,218.68219792696584,218.68219792696584,0.0,1,-5.346390042544954,0.0,-5.346390042544954,-5.346390042544954,0.0,1,-5.0624047056699055,0.0,-5.0624047056699055,-5.0624047056699055,0.0,1,0.9948405093588606,0.0,0.9948405093588606,0.9948405093588606,0.0,1,0.9942434825004467,0.0,0.9942434825004467,0.9942434825004467,0.0,1,0.7878680135506182,0.0,0.7878680135506182,0.7878680135506182,0.0,1,0.21213198644938183,0.0,0.21213198644938183,0.21213198644938183,0.0,1,0.7878693992689151,0.0,0.7878693992689151,0.7878693992689151,0.0,1,0.12068857637113227,0.0,0.12068857637113227,0.12068857637113227,0.0,1,311.86944,0.0,311.86944,311.86944,0.0,1,1908.8711906203896,0.0,1908.8711906203896,1908.8711906203896,0.0,1,93.20660110451121,0.0,93.20660110451121,93.20660110451121,0.0,1,1410.0,0.0,1410.0,1410.0,0.0,1,0.0,0.0,0.0,0.0,0.0,1,41.0,0.0,41.0,41.0,0.0,1,100.0,0.0,100.0,100.0,0.0,1,100.0,0.0,100.0,100.0,0.0,1,100.0,0.0,100.0,100.0,0.0,1,100.0,0.0,100.0,100.0,0.0
full5s_tensor_mma_f16acc_t160_b01,NVIDIA A100-SXM4-80GB,ampere,ga100,datacenter,80,108,ga100,f16acc,"A100 SXM dense FP16 Tensor Core peak, no sparsity",https://www.nvidia.com/en-us/data-center/a100/,312.0,624.0,312.0,312.0,tensor_core_mma_m16n16k16_f16acc,fp16-energy-bench-v2,fp16-energy-bench-v2,"nvml_timed_energy_counter,explicit_m16n16k16_denominator,strict_denominator_provenance,tensor_no_memory_warpsync_baseline,timed_kernel_memory_provenance","nvml_timed_energy_counter,explicit_m16n16k16_denominator,strict_denominator_provenance,tensor_no_memory_warpsync_baseline,timed_kernel_memory_provenance",ce960f9677a1,ce960f9677a1,tensor_mma_f16acc,tensor_baseline_mov,1,1,1,0,1,True,0,0,0,0,0,pure_fp16_candidate_no_l2:1,1,1,True,1,True,bench_json_metadata,0,valid_basic,"stats use valid_basic rows, but no valid_no_l2 row was available",1,9.682297851560001,0.0,9.682297851560001,9.682297851560001,0.0,1,23.6121113281,0.0,23.6121113281,23.6121113281,0.0,1,0.19821752079500876,0.0,0.19821752079500876,0.19821752079500876,0.0,0,nan,nan,nan,nan,nan,0,nan,nan,nan,nan,nan,1,0.19821752079500876,0.0,0.19821752079500876,0.19821752079500876,0.0,1,0.13214501386333918,0.0,0.13214501386333918,0.13214501386333918,0.0,1,0.09910876039750438,0.0,0.09910876039750438,0.09910876039750438,0.0,1,221184000000.0,0.0,221184000000.0,221184000000.0,0.0,1,8192.0,0.0,8192.0,8192.0,0.0,1,8192.0,0.0,8192.0,8192.0,0.0,1,4096.0,0.0,4096.0,4096.0,0.0,1,4096.0,0.0,4096.0,4096.0,0.0,1,12288.0,0.0,12288.0,12288.0,0.0,1,16384.0,0.0,16384.0,16384.0,0.0,1,187.13939147286843,0.0,187.13939147286843,187.13939147286843,0.0,0,nan,nan,nan,nan,nan,1,37.09443791638719,0.0,37.09443791638719,37.09443791638719,0.0,1,1360.211,0.0,1360.211,1360.211,0.0,1,1001.0528785728658,0.0,1001.0528785728658,1001.0528785728658,0.0,1,359.15812142713423,0.0,359.15812142713423,359.15812142713423,0.0,1,-5.212508780617554,0.0,-5.212508780617554,-5.212508780617554,0.0,1,2.2798360092929215,0.0,2.2798360092929215,2.2798360092929215,0.0,1,0.9961824966780655,0.0,0.9961824966780655,0.9961824966780655,0.0,1,1.000934752396194,0.0,1.000934752396194,1.000934752396194,0.0,1,0.7359541119523851,0.0,0.7359541119523851,0.7359541119523851,0.0,1,0.26404588804761486,0.0,0.26404588804761486,0.26404588804761486,0.0,1,0.735953422040573,0.0,0.735953422040573,0.735953422040573,0.0,1,0.198218224524713,0.0,0.198218224524713,0.198218224524713,0.0,1,311.86944,0.0,311.86944,311.86944,0.0,1,1228.916413664752,0.0,1228.916413664752,1228.916413664752,0.0,1,60.00568426097421,0.0,60.00568426097421,60.00568426097421,0.0,1,1410.0,0.0,1410.0,1410.0,0.0,1,0.0,0.0,0.0,0.0,0.0,1,39.0,0.0,39.0,39.0,0.0,1,100.0,0.0,100.0,100.0,0.0,1,100.0,0.0,100.0,100.0,0.0,1,100.0,0.0,100.0,100.0,0.0,1,100.0,0.0,100.0,100.0,0.0
full5s_tensor_mma_f16acc_t160_b02,NVIDIA A100-SXM4-80GB,ampere,ga100,datacenter,80,108,ga100,f16acc,"A100 SXM dense FP16 Tensor Core peak, no sparsity",https://www.nvidia.com/en-us/data-center/a100/,312.0,624.0,312.0,312.0,tensor_core_mma_m16n16k16_f16acc,fp16-energy-bench-v2,fp16-energy-bench-v2,"nvml_timed_energy_counter,explicit_m16n16k16_denominator,strict_denominator_provenance,tensor_no_memory_warpsync_baseline,timed_kernel_memory_provenance","nvml_timed_energy_counter,explicit_m16n16k16_denominator,strict_denominator_provenance,tensor_no_memory_warpsync_baseline,timed_kernel_memory_provenance",ce960f9677a1,ce960f9677a1,tensor_mma_f16acc,tensor_baseline_mov,1,1,1,0,1,True,0,0,0,0,0,pure_fp16_candidate_no_l2:1,1,1,True,1,True,bench_json_metadata,0,valid_basic,"stats use valid_basic rows, but no valid_no_l2 row was available",1,8.219463867189999,0.0,8.219463867189999,8.219463867189999,0.0,1,11.9891894531,0.0,11.9891894531,11.9891894531,0.0,1,0.13479811197803723,0.0,0.13479811197803723,0.13479811197803723,0.0,0,nan,nan,nan,nan,nan,0,nan,nan,nan,nan,nan,1,0.13479811197803723,0.0,0.13479811197803723,0.13479811197803723,0.0,1,0.08986540798535815,0.0,0.08986540798535815,0.08986540798535815,0.0,1,0.06739905598901862,0.0,0.06739905598901862,0.06739905598901862,0.0,1,221184000000.0,0.0,221184000000.0,221184000000.0,0.0,1,8192.0,0.0,8192.0,8192.0,0.0,1,8192.0,0.0,8192.0,8192.0,0.0,1,4096.0,0.0,4096.0,4096.0,0.0,1,4096.0,0.0,4096.0,4096.0,0.0,1,12288.0,0.0,12288.0,12288.0,0.0,1,16384.0,0.0,16384.0,16384.0,0.0,1,220.44495325696354,0.0,220.44495325696354,220.44495325696354,0.0,0,nan,nan,nan,nan,nan,1,29.71542006880081,0.0,29.71542006880081,29.71542006880081,0.0,1,1199.405,0.0,1199.405,1199.405,0.0,1,955.1589995668464,0.0,955.1589995668464,955.1589995668464,0.0,1,244.24600043315354,0.0,244.24600043315354,244.24600043315354,0.0,1,-6.4177457773273545,0.0,-6.4177457773273545,-6.4177457773273545,0.0,1,-5.157411532330343,0.0,-5.157411532330343,-5.157411532330343,0.0,1,0.9946777038335015,0.0,0.9946777038335015,0.9946777038335015,0.0,1,0.9963118811954146,0.0,0.9963118811954146,0.9963118811954146,0.0,1,0.7963606951503841,0.0,0.7963606951503841,0.7963606951503841,0.0,1,0.2036393048496159,0.0,0.2036393048496159,0.2036393048496159,0.0,1,0.7963614778835225,0.0,0.7963614778835225,0.7963614778835225,0.0,1,0.1347974613606272,0.0,0.1347974613606272,0.1347974613606272,0.0,1,311.86944,0.0,311.86944,311.86944,0.0,1,1447.6290600010739,0.0,1447.6290600010739,1447.6290600010739,0.0,1,70.68501269536493,0.0,70.68501269536493,70.68501269536493,0.0,1,1410.0,0.0,1410.0,1410.0,0.0,1,0.0,0.0,0.0,0.0,0.0,1,40.0,0.0,40.0,40.0,0.0,1,99.78125,0.0,99.78125,99.78125,0.0,1,100.0,0.0,100.0,100.0,0.0,1,99.75,0.0,99.75,99.75,0.0,1,100.0,0.0,100.0,100.0,0.0
full5s_tensor_mma_f16acc_t160_b04,NVIDIA A100-SXM4-80GB,ampere,ga100,datacenter,80,108,ga100,f16acc,"A100 SXM dense FP16 Tensor Core peak, no sparsity",https://www.nvidia.com/en-us/data-center/a100/,312.0,624.0,312.0,312.0,tensor_core_mma_m16n16k16_f16acc,fp16-energy-bench-v2,fp16-energy-bench-v2,"nvml_timed_energy_counter,explicit_m16n16k16_denominator,strict_denominator_provenance,tensor_no_memory_warpsync_baseline,timed_kernel_memory_provenance","nvml_timed_energy_counter,explicit_m16n16k16_denominator,strict_denominator_provenance,tensor_no_memory_warpsync_baseline,timed_kernel_memory_provenance",ce960f9677a1,ce960f9677a1,tensor_mma_f16acc,tensor_baseline_mov,1,1,1,0,1,True,0,0,0,0,0,pure_fp16_candidate_no_l2:1,1,1,True,1,True,bench_json_metadata,0,valid_basic,"stats use valid_basic rows, but no valid_no_l2 row was available",1,6.46374511719,0.0,6.46374511719,6.46374511719,0.0,1,6.345914550780001,0.0,6.345914550780001,6.345914550780001,0.0,1,0.11039093525918164,0.0,0.11039093525918164,0.11039093525918164,0.0,0,nan,nan,nan,nan,nan,0,nan,nan,nan,nan,nan,1,0.11039093525918164,0.0,0.11039093525918164,0.11039093525918164,0.0,1,0.07359395683945442,0.0,0.07359395683945442,0.07359395683945442,0.0,1,0.05519546762959082,0.0,0.05519546762959082,0.05519546762959082,0.0,1,221184000000.0,0.0,221184000000.0,221184000000.0,0.0,1,8192.0,0.0,8192.0,8192.0,0.0,1,8192.0,0.0,8192.0,8192.0,0.0,1,4096.0,0.0,4096.0,4096.0,0.0,1,4096.0,0.0,4096.0,4096.0,0.0,1,12288.0,0.0,12288.0,12288.0,0.0,1,16384.0,0.0,16384.0,16384.0,0.0,1,280.3234495093626,0.0,280.3234495093626,280.3234495093626,0.0,0,nan,nan,nan,nan,nan,1,30.944660275013604,0.0,30.944660275013604,30.944660275013604,0.0,1,1063.353,0.0,1063.353,1063.353,0.0,1,863.331322949187,0.0,863.331322949187,863.331322949187,0.0,1,200.02167705081308,0.0,200.02167705081308,200.02167705081308,0.0,1,2.3424987637188224,0.0,2.3424987637188224,2.3424987637188224,0.0,1,11.187090993541233,0.0,11.187090993541233,11.187090993541233,0.0,1,1.0022077997917922,0.0,1.0022077997917922,1.0022077997917922,0.0,1,1.0133751776474802,0.0,1.0133751776474802,1.0133751776474802,0.0,1,0.8118953188162228,0.0,0.8118953188162228,0.8118953188162228,0.0,1,0.18810468118377724,0.0,0.18810468118377724,0.18810468118377724,0.0,1,0.8118978234073079,0.0,0.8118978234073079,0.8118978234073079,0.0,1,0.11038912488118506,0.0,0.11038912488118506,0.11038912488118506,0.0,1,311.86944,0.0,311.86944,311.86944,0.0,1,1840.8421953596178,0.0,1840.8421953596178,1840.8421953596178,0.0,1,89.88487282029384,0.0,89.88487282029384,89.88487282029384,0.0,1,1410.0,0.0,1410.0,1410.0,0.0,1,0.0,0.0,0.0,0.0,0.0,1,41.0,0.0,41.0,41.0,0.0,1,99.86,0.0,99.86,99.86,0.0,1,100.0,0.0,100.0,100.0,0.0,1,99.83333333333333,0.0,99.83333333333333,99.83333333333333,0.0,1,100.0,0.0,100.0,100.0,0.0
full5s_tensor_mma_f16acc_t160_b08,NVIDIA A100-SXM4-80GB,ampere,ga100,datacenter,80,108,ga100,f16acc,"A100 SXM dense FP16 Tensor Core peak, no sparsity",https://www.nvidia.com/en-us/data-center/a100/,312.0,624.0,312.0,312.0,tensor_core_mma_m16n16k16_f16acc,fp16-energy-bench-v2,fp16-energy-bench-v2,"nvml_timed_energy_counter,explicit_m16n16k16_denominator,strict_denominator_provenance,tensor_no_memory_warpsync_baseline,timed_kernel_memory_provenance","nvml_timed_energy_counter,explicit_m16n16k16_denominator,strict_denominator_provenance,tensor_no_memory_warpsync_baseline,timed_kernel_memory_provenance",ce960f9677a1,ce960f9677a1,tensor_mma_f16acc,tensor_baseline_mov,5,5,5,0,5,True,0,0,0,0,0,pure_fp16_candidate_no_l2:5,5,5,True,5,True,bench_json_metadata,0,valid_basic,"stats use valid_basic rows, but no valid_no_l2 row was available",5,6.1738244140619996,0.0023583466436010343,6.17073583984,6.17732714844,0.0020671819765633497,5,6.240366601562,0.0047402623054931935,6.2368349609400004,6.248033203119999,0.00415502310853496,5,0.10936709399456149,0.0048483945734662005,0.10229171351145017,0.1141240255765983,0.004249805220420517,0,nan,nan,nan,nan,nan,0,nan,nan,nan,nan,nan,5,0.10936709399456149,0.0048483945734662005,0.10229171351145017,0.1141240255765983,0.004249805220420517,5,0.07291139599637433,0.0032322630489774696,0.0681944756743001,0.0760826837177322,0.0028332034802803466,5,0.054683546997280744,0.0024241972867331003,0.05114585675572508,0.05706201278829915,0.0021249026102102583,5,221184000000.0,0.0,221184000000.0,221184000000.0,0.0,5,8192.0,0.0,8192.0,8192.0,0.0,5,8192.0,0.0,8192.0,8192.0,0.0,5,4096.0,0.0,4096.0,4096.0,0.0,5,4096.0,0.0,4096.0,4096.0,0.0,5,12288.0,0.0,12288.0,12288.0,0.0,5,16384.0,0.0,16384.0,16384.0,0.0,5,293.487377996545,0.11209872894061826,293.3209273945578,293.63423990727523,0.0982588682161978,0,nan,nan,nan,nan,nan,5,32.09778841076941,1.4319729692142125,30.00428117837916,33.49118176459223,1.2551796492332354,5,1036.9536,5.6039455118692665,1030.871,1042.962,4.912074817843857,5,838.7870612021813,6.518357181621172,833.8839096798637,850.2426213600944,5.713591985813722,5,198.16653879781856,8.78499680532519,185.34637863990554,206.78581021191633,7.700389215219638,5,-5.442522410394804,5.256368318622809,-12.807635405481278,1.2681786725358961,4.607409975085015,5,-1.0576515643349693,1.896370271999169,-3.8363578434951933,1.2312913691890799,1.6622418327703639,5,0.9947888322462258,0.0050382845329534475,0.9877497466553261,1.0012260979827403,0.004416251108622518,5,0.998769335897987,0.0022078535435197206,0.9955588116244548,1.0014583046152445,0.001935268958208163,5,0.8089155050062203,0.007805718483152256,0.801732172205779,0.8210232257778853,0.006842013919489556,5,0.1910844949937796,0.007805718483152224,0.17897677422211472,0.198267827794221,0.006842013919489528,5,0.8089174852140019,0.007804243787365659,0.8017375800139773,0.8210233192874384,0.006840721291639771,5,0.1093656811497086,0.004847308218196507,0.10229164841695454,0.11412014305506671,0.004248852988042062,5,311.86944,0.0,311.86944,311.86944,0.0,5,1927.287746234207,0.7361355985069014,1926.1946900089165,1928.252166451768,0.6452513016562181,5,94.10584698409212,0.03594412102084212,94.05247509809163,94.15293781502774,0.03150641121368019,5,1410.0,0.0,1410.0,1410.0,0.0,5,0.0,0.0,0.0,0.0,0.0,5,40.8,0.4472135954999579,40.0,41.0,0.39199999999999996,5,99.97083333333333,0.06521864934374175,99.85416666666667,100.0,0.05716666666666481,5,100.0,0.0,100.0,100.0,0.0,5,99.96666666666667,0.07453559924999512,99.83333333333333,100.0,0.06533333333333519,5,100.0,0.0,100.0,100.0,0.0
full5s_tensor_mma_f16acc_t192_b01,NVIDIA A100-SXM4-80GB,ampere,ga100,datacenter,80,108,ga100,f16acc,"A100 SXM dense FP16 Tensor Core peak, no sparsity",https://www.nvidia.com/en-us/data-center/a100/,312.0,624.0,312.0,312.0,tensor_core_mma_m16n16k16_f16acc,fp16-energy-bench-v2,fp16-energy-bench-v2,"nvml_timed_energy_counter,explicit_m16n16k16_denominator,strict_denominator_provenance,tensor_no_memory_warpsync_baseline,timed_kernel_memory_provenance","nvml_timed_energy_counter,explicit_m16n16k16_denominator,strict_denominator_provenance,tensor_no_memory_warpsync_baseline,timed_kernel_memory_provenance",ce960f9677a1,ce960f9677a1,tensor_mma_f16acc,tensor_baseline_mov,1,1,1,0,1,True,0,0,0,0,0,pure_fp16_candidate_no_l2:1,1,1,True,1,True,bench_json_metadata,0,valid_basic,"stats use valid_basic rows, but no valid_no_l2 row was available",1,8.06714550781,0.0,8.06714550781,8.06714550781,0.0,1,19.676625,0.0,19.676625,19.676625,0.0,1,0.18914219228945833,0.0,0.18914219228945833,0.18914219228945833,0.0,0,nan,nan,nan,nan,nan,0,nan,nan,nan,nan,nan,1,0.18914219228945833,0.0,0.18914219228945833,0.18914219228945833,0.0,1,0.12609479485963887,0.0,0.12609479485963887,0.12609479485963887,0.0,1,0.09457109614472917,0.0,0.09457109614472917,0.09457109614472917,0.0,1,221184001728.0,0.0,221184001728.0,221184001728.0,0.0,1,8192.0,0.0,8192.0,8192.0,0.0,1,8192.0,0.0,8192.0,8192.0,0.0,1,4096.0,0.0,4096.0,4096.0,0.0,1,4096.0,0.0,4096.0,4096.0,0.0,1,12288.0,0.0,12288.0,12288.0,0.0,1,16384.0,0.0,16384.0,16384.0,0.0,1,224.6072468138319,0.0,224.6072468138319,224.6072468138319,0.0,0,nan,nan,nan,nan,nan,1,42.482100753000395,0.0,42.482100753000395,42.482100753000395,0.0,1,1191.476,0.0,1191.476,1191.476,0.0,1,848.7618205291377,0.0,848.7618205291377,848.7618205291377,0.0,1,342.7141794708624,0.0,342.7141794708624,342.7141794708624,0.0,1,-6.5900539309132,0.0,-6.5900539309132,-6.5900539309132,0.0,1,3.145501707580479,0.0,3.145501707580479,3.145501707580479,0.0,1,0.9944994235423907,0.0,0.9944994235423907,0.9944994235423907,0.0,1,1.0015217203437905,0.0,1.0015217203437905,1.0015217203437905,0.0,1,0.7123616594284212,0.0,0.7123616594284212,0.7123616594284212,0.0,1,0.2876383405715788,0.0,0.2876383405715788,0.2876383405715788,0.0,1,0.7123645838105835,0.0,0.7123645838105835,0.7123645838105835,0.0,1,0.1891394928508791,0.0,0.1891394928508791,0.1891394928508791,0.0,1,311.86944,0.0,311.86944,311.86944,0.0,1,1474.962219686314,0.0,1474.962219686314,1474.962219686314,0.0,1,72.0196396331208,0.0,72.0196396331208,72.0196396331208,0.0,1,1410.0,0.0,1410.0,1410.0,0.0,1,0.0,0.0,0.0,0.0,0.0,1,39.0,0.0,39.0,39.0,0.0,1,100.0,0.0,100.0,100.0,0.0,1,100.0,0.0,100.0,100.0,0.0,1,100.0,0.0,100.0,100.0,0.0,1,100.0,0.0,100.0,100.0,0.0
full5s_tensor_mma_f16acc_t192_b02,NVIDIA A100-SXM4-80GB,ampere,ga100,datacenter,80,108,ga100,f16acc,"A100 SXM dense FP16 Tensor Core peak, no sparsity",https://www.nvidia.com/en-us/data-center/a100/,312.0,624.0,312.0,312.0,tensor_core_mma_m16n16k16_f16acc,fp16-energy-bench-v2,fp16-energy-bench-v2,"nvml_timed_energy_counter,explicit_m16n16k16_denominator,strict_denominator_provenance,tensor_no_memory_warpsync_baseline,timed_kernel_memory_provenance","nvml_timed_energy_counter,explicit_m16n16k16_denominator,strict_denominator_provenance,tensor_no_memory_warpsync_baseline,timed_kernel_memory_provenance",ce960f9677a1,ce960f9677a1,tensor_mma_f16acc,tensor_baseline_mov,1,1,1,0,1,True,0,0,0,0,0,pure_fp16_candidate_no_l2:1,1,1,True,1,True,bench_json_metadata,0,valid_basic,"stats use valid_basic rows, but no valid_no_l2 row was available",1,6.84983789062,0.0,6.84983789062,6.84983789062,0.0,1,9.98952734375,0.0,9.98952734375,9.98952734375,0.0,1,0.16493972514886118,0.0,0.16493972514886118,0.16493972514886118,0.0,0,nan,nan,nan,nan,nan,0,nan,nan,nan,nan,nan,1,0.16493972514886118,0.0,0.16493972514886118,0.16493972514886118,0.0,1,0.10995981676590745,0.0,0.10995981676590745,0.10995981676590745,0.0,1,0.08246986257443059,0.0,0.08246986257443059,0.08246986257443059,0.0,1,221183996544.0,0.0,221183996544.0,221183996544.0,0.0,1,8192.0,0.0,8192.0,8192.0,0.0,1,8192.0,0.0,8192.0,8192.0,0.0,1,4096.0,0.0,4096.0,4096.0,0.0,1,4096.0,0.0,4096.0,4096.0,0.0,1,12288.0,0.0,12288.0,12288.0,0.0,1,16384.0,0.0,16384.0,16384.0,0.0,1,264.5229461809123,0.0,264.5229461809123,264.5229461809123,0.0,0,nan,nan,nan,nan,nan,1,43.62990196847022,0.0,43.62990196847022,43.62990196847022,0.0,1,1098.407,0.0,1098.407,1098.407,0.0,1,799.5462299229673,0.0,799.5462299229673,799.5462299229673,0.0,1,298.8607700770326,0.0,298.8607700770326,298.8607700770326,0.0,1,6.243294715772663,0.0,6.243294715772663,6.243294715772663,0.0,1,-3.174561654426043,0.0,-3.174561654426043,-3.174561654426043,0.0,1,1.0057164458822112,0.0,1.0057164458822112,1.0057164458822112,0.0,1,0.9972848419050603,0.0,0.9972848419050603,0.9972848419050603,0.0,1,0.7279143613642005,0.0,0.7279143613642005,0.7279143613642005,0.0,1,0.2720856386357995,0.0,0.2720856386357995,0.2720856386357995,0.0,1,0.7279163590188882,0.0,0.7279163590188882,0.7279163590188882,0.0,1,0.16493806151180132,0.0,0.16493806151180132,0.16493806151180132,0.0,1,311.86944,0.0,311.86944,311.86944,0.0,1,1737.0826515689014,0.0,1737.0826515689014,1737.0826515689014,0.0,1,84.81848884613777,0.0,84.81848884613777,84.81848884613777,0.0,1,1410.0,0.0,1410.0,1410.0,0.0,1,0.0,0.0,0.0,0.0,0.0,1,40.0,0.0,40.0,40.0,0.0,1,100.0,0.0,100.0,100.0,0.0,1,100.0,0.0,100.0,100.0,0.0,1,100.0,0.0,100.0,100.0,0.0,1,100.0,0.0,100.0,100.0,0.0
full5s_tensor_mma_f16acc_t192_b04,NVIDIA A100-SXM4-80GB,ampere,ga100,datacenter,80,108,ga100,f16acc,"A100 SXM dense FP16 Tensor Core peak, no sparsity",https://www.nvidia.com/en-us/data-center/a100/,312.0,624.0,312.0,312.0,tensor_core_mma_m16n16k16_f16acc,fp16-energy-bench-v2,fp16-energy-bench-v2,"nvml_timed_energy_counter,explicit_m16n16k16_denominator,strict_denominator_provenance,tensor_no_memory_warpsync_baseline,timed_kernel_memory_provenance","nvml_timed_energy_counter,explicit_m16n16k16_denominator,strict_denominator_provenance,tensor_no_memory_warpsync_baseline,timed_kernel_memory_provenance",ce960f9677a1,ce960f9677a1,tensor_mma_f16acc,tensor_baseline_mov,5,5,5,0,5,True,0,0,0,0,0,pure_fp16_candidate_no_l2:5,5,5,True,5,True,bench_json_metadata,0,valid_basic,"stats use valid_basic rows, but no valid_no_l2 row was available",5,6.363752343749999,0.0013931970417192733,6.362429199219999,6.3655566406199995,0.001221191050203675,5,6.139341015624,0.036810480378291405,6.09772363281,6.16634765625,0.03226580867283045,5,0.10689609678295127,0.005810876823157409,0.10069298656202487,0.1152390508782006,0.005093458109499532,0,nan,nan,nan,nan,nan,0,nan,nan,nan,nan,nan,5,0.10689609678295127,0.005810876823157409,0.10069298656202487,0.1152390508782006,0.005093458109499532,5,0.07126406452196751,0.0038739178821049418,0.06712865770801658,0.07682603391880041,0.0033956387396663567,5,0.053448048391475635,0.0029054384115787045,0.050346493281012435,0.0576195254391003,0.002546729054749766,5,221184006912.0,0.0,221184006912.0,221184006912.0,0.0,5,8192.0,0.0,8192.0,8192.0,0.0,5,8192.0,0.0,8192.0,8192.0,0.0,5,4096.0,0.0,4096.0,4096.0,0.0,5,4096.0,0.0,4096.0,4096.0,0.0,5,12288.0,0.0,12288.0,12288.0,0.0,5,16384.0,0.0,16384.0,16384.0,0.0,5,284.7281534885914,0.062331033751759544,284.64743728156077,284.7873552518649,0.05463556000209309,0,nan,nan,nan,nan,nan,5,30.435792828627,1.656119383735966,28.675135306791674,32.81768047079427,1.4516526441883624,5,1051.8532,6.156884496236665,1046.54,1062.399,5.396747207174294,5,858.1639521764876,8.20288708752658,851.300899682891,868.0064118929421,7.190147550670163,5,193.68924782351252,10.528956575072492,182.44958810705782,208.80617493279738,9.229037352530138,5,-6.0487800730821615,4.762456322820669,-9.351527838846096,1.9693984079085567,4.174477022458674,5,-2.6331797392157568,3.101517467107939,-6.947922406756106,1.1939649093164917,2.718599924823677,5,0.9942795917932221,0.0044984166613827245,0.9911434767755108,1.0018571703439358,0.0039430360548200144,5,0.9968405749725509,0.003676757672540781,0.9918082787734703,1.0014249116974079,0.0032228201962972783,5,0.8158831962580404,0.009335600321594174,0.8034578581749443,0.8263139169017476,0.00818301447650256,5,0.18411680374195968,0.009335600321594174,0.17368608309825243,0.19654214182505575,0.00818301447650256,5,0.8158861201816935,0.009336070532293917,0.8034600860101822,0.8263186916895551,0.008183426634353203,5,0.10689402101501608,0.005811203039332633,0.10068963659370161,0.11523742509455584,0.0050937440505844514,5,311.86944,0.0,311.86944,311.86944,0.0,5,1869.767228057469,0.40931858255691494,1869.2371767898658,1870.1559971885006,0.35878355662003963,5,91.2972279324936,0.019986258913908986,91.27134652294266,91.31621080021975,0.01751872835058535,5,1410.0,0.0,1410.0,1410.0,0.0,5,0.0,0.0,0.0,0.0,0.0,5,41.0,0.0,41.0,41.0,0.0,5,99.98367346938775,0.03650723228570891,99.91836734693878,100.0,0.031999999999998294,5,100.0,0.0,100.0,100.0,0.0,5,100.0,0.0,100.0,100.0,0.0,5,100.0,0.0,100.0,100.0,0.0
full5s_tensor_mma_f16acc_t192_b08,NVIDIA A100-SXM4-80GB,ampere,ga100,datacenter,80,108,ga100,f16acc,"A100 SXM dense FP16 Tensor Core peak, no sparsity",https://www.nvidia.com/en-us/data-center/a100/,312.0,624.0,312.0,312.0,tensor_core_mma_m16n16k16_f16acc,fp16-energy-bench-v2,fp16-energy-bench-v2,"nvml_timed_energy_counter,explicit_m16n16k16_denominator,strict_denominator_provenance,tensor_no_memory_warpsync_baseline,timed_kernel_memory_provenance","nvml_timed_energy_counter,explicit_m16n16k16_denominator,strict_denominator_provenance,tensor_no_memory_warpsync_baseline,timed_kernel_memory_provenance",ce960f9677a1,ce960f9677a1,tensor_mma_f16acc,tensor_baseline_mov,5,5,5,0,5,True,0,0,0,0,0,pure_fp16_candidate_no_l2:5,5,5,True,5,True,bench_json_metadata,0,valid_basic,"stats use valid_basic rows, but no valid_no_l2 row was available",5,6.117574902342,0.0010686967210629195,6.11655175781,6.11907910156,0.0009367539781261052,5,5.821941113279999,0.013251300483953583,5.80660107422,5.843137695309999,0.01161527699957926,5,0.10500236958169595,0.0014663217798577416,0.10347610751513803,0.10743836353737714,0.0012852877092469537,0,nan,nan,nan,nan,nan,0,nan,nan,nan,nan,nan,5,0.10500236958169595,0.0014663217798577416,0.10347610751513803,0.10743836353737714,0.0012852877092469537,5,0.07000157972113064,0.0009775478532384949,0.06898407167675868,0.07162557569158476,0.0008568584728313028,5,0.05250118479084798,0.0007331608899288708,0.051738053757569014,0.05371918176868857,0.0006426438546234768,5,221183986176.0,0.0,221183986176.0,221183986176.0,0.0,5,8192.0,0.0,8192.0,8192.0,0.0,5,8192.0,0.0,8192.0,8192.0,0.0,5,4096.0,0.0,4096.0,4096.0,0.0,5,4096.0,0.0,4096.0,4096.0,0.0,5,12288.0,0.0,12288.0,12288.0,0.0,5,16384.0,0.0,16384.0,16384.0,0.0,5,296.18587232892054,0.051738116677157435,296.1130563407582,296.2354095083383,0.0453504587998323,0,nan,nan,nan,nan,nan,5,31.099892967072424,0.4356072857455355,30.652468560474745,31.826728703924516,0.38182662094910746,5,1035.9568,1.0978395602271929,1034.284,1037.041,0.9622988029421391,5,845.6988889128545,2.3065452225325656,842.3692159376524,847.993583003242,2.0217760290179965,5,190.2579110871456,2.6568859343718185,187.49241699675815,194.67178406234757,2.328863202625625,5,-6.44051415394938,0.9186497324715888,-7.727680598851521,-5.718381001178159,0.8052319937328396,5,1.312814298774174,3.788467739530653,-4.54241450084794,5.229167243307643,3.3207383872929586,5,0.9938219151782274,0.0008767362401074723,0.992592427857718,0.9945161068743512,0.0007684931978374111,5,1.001654860857702,0.0047111019502084845,0.9943929697816528,1.0065563754150952,0.004129462930162416,5,0.8163466411062654,0.0024706661070028673,0.8122814970070156,0.8189329290818436,0.0021656343270655665,5,0.18365335889373466,0.002470666107002877,0.18106707091815644,0.18771850299298445,0.002165634327065575,5,0.8163482754203653,0.0024706129454907778,0.8122830249026872,0.8189338109918791,0.0021655877289456778,5,0.10500122460455193,0.0014662586926794572,0.10347549208878404,0.10743728697641958,0.0012852324108970456,5,311.86944,0.0,311.86944,311.86944,0.0,5,1945.008355193857,0.33975647936134995,1944.530183482783,1945.3336584471915,0.29780968479000924,5,94.97111109345005,0.016589671843820274,94.94776286537027,94.98699504136677,0.01454148851514099,5,1410.0,0.0,1410.0,1410.0,0.0,5,0.0,0.0,0.0,0.0,0.0,5,41.0,0.0,41.0,41.0,0.0,5,100.0,0.0,100.0,100.0,0.0,5,100.0,0.0,100.0,100.0,0.0,5,100.0,0.0,100.0,100.0,0.0,5,100.0,0.0,100.0,100.0,0.0
full5s_tensor_mma_f16acc_t224_b01,NVIDIA A100-SXM4-80GB,ampere,ga100,datacenter,80,108,ga100,f16acc,"A100 SXM dense FP16 Tensor Core peak, no sparsity",https://www.nvidia.com/en-us/data-center/a100/,312.0,624.0,312.0,312.0,tensor_core_mma_m16n16k16_f16acc,fp16-energy-bench-v2,fp16-energy-bench-v2,"nvml_timed_energy_counter,explicit_m16n16k16_denominator,strict_denominator_provenance,tensor_no_memory_warpsync_baseline,timed_kernel_memory_provenance","nvml_timed_energy_counter,explicit_m16n16k16_denominator,strict_denominator_provenance,tensor_no_memory_warpsync_baseline,timed_kernel_memory_provenance",ce960f9677a1,ce960f9677a1,tensor_mma_f16acc,tensor_baseline_mov,1,1,1,0,1,True,0,0,0,0,0,pure_fp16_candidate_no_l2:1,1,1,True,1,True,bench_json_metadata,0,valid_basic,"stats use valid_basic rows, but no valid_no_l2 row was available",1,6.914348144530001,0.0,6.914348144530001,6.914348144530001,0.0,1,16.8632050781,0.0,16.8632050781,16.8632050781,0.0,1,0.19786168200478021,0.0,0.19786168200478021,0.19786168200478021,0.0,0,nan,nan,nan,nan,nan,0,nan,nan,nan,nan,nan,1,0.19786168200478021,0.0,0.19786168200478021,0.19786168200478021,0.0,1,0.1319077880031868,0.0,0.1319077880031868,0.1319077880031868,0.0,1,0.09893084100239011,0.0,0.09893084100239011,0.09893084100239011,0.0,1,221184002592.0,0.0,221184002592.0,221184002592.0,0.0,1,8192.0,0.0,8192.0,8192.0,0.0,1,8192.0,0.0,8192.0,8192.0,0.0,1,4096.0,0.0,4096.0,4096.0,0.0,1,4096.0,0.0,4096.0,4096.0,0.0,1,12288.0,0.0,12288.0,12288.0,0.0,1,16384.0,0.0,16384.0,16384.0,0.0,1,262.0549777591261,0.0,262.0549777591261,262.0549777591261,0.0,0,nan,nan,nan,nan,nan,1,51.850346967902595,0.0,51.850346967902595,51.850346967902595,0.0,1,1097.388,0.0,1097.388,1097.388,0.0,1,738.8746326699803,0.0,738.8746326699803,738.8746326699803,0.0,1,358.5133673300196,0.0,358.5133673300196,358.5133673300196,0.0,1,0.026978271165944534,0.0,0.026978271165944534,0.026978271165944534,0.0,1,2.3142570202633124,0.0,2.3142570202633124,2.3142570202633124,0.0,1,1.0000245846814602,0.0,1.0000245846814602,1.0000245846814602,0.0,1,1.001285908559936,0.0,1.001285908559936,1.001285908559936,0.0,1,0.6733030000965751,0.0,0.6733030000965751,0.6733030000965751,0.0,1,0.3266969999034249,0.0,0.3266969999034249,0.3266969999034249,0.0,1,0.6733042376175674,0.0,0.6733042376175674,0.6733042376175674,0.0,1,0.19786056884430583,0.0,0.19786056884430583,0.19786056884430583,0.0,1,311.86944,0.0,311.86944,311.86944,0.0,1,1720.8758718093384,0.0,1720.8758718093384,1720.8758718093384,0.0,1,84.02714217819036,0.0,84.02714217819036,84.02714217819036,0.0,1,1410.0,0.0,1410.0,1410.0,0.0,1,0.0,0.0,0.0,0.0,0.0,1,40.0,0.0,40.0,40.0,0.0,1,99.87037037037037,0.0,99.87037037037037,99.87037037037037,0.0,1,100.0,0.0,100.0,100.0,0.0,1,99.83333333333333,0.0,99.83333333333333,99.83333333333333,0.0,1,100.0,0.0,100.0,100.0,0.0
full5s_tensor_mma_f16acc_t224_b02,NVIDIA A100-SXM4-80GB,ampere,ga100,datacenter,80,108,ga100,f16acc,"A100 SXM dense FP16 Tensor Core peak, no sparsity",https://www.nvidia.com/en-us/data-center/a100/,312.0,624.0,312.0,312.0,tensor_core_mma_m16n16k16_f16acc,fp16-energy-bench-v2,fp16-energy-bench-v2,"nvml_timed_energy_counter,explicit_m16n16k16_denominator,strict_denominator_provenance,tensor_no_memory_warpsync_baseline,timed_kernel_memory_provenance","nvml_timed_energy_counter,explicit_m16n16k16_denominator,strict_denominator_provenance,tensor_no_memory_warpsync_baseline,timed_kernel_memory_provenance",ce960f9677a1,ce960f9677a1,tensor_mma_f16acc,tensor_baseline_mov,1,1,1,0,1,True,0,0,0,0,0,pure_fp16_candidate_no_l2:1,1,1,True,1,True,bench_json_metadata,0,valid_basic,"stats use valid_basic rows, but no valid_no_l2 row was available",1,6.81100878906,0.0,6.81100878906,6.81100878906,0.0,1,8.56153320312,0.0,8.56153320312,8.56153320312,0.0,1,0.14184869880093798,0.0,0.14184869880093798,0.14184869880093798,0.0,0,nan,nan,nan,nan,nan,0,nan,nan,nan,nan,nan,1,0.14184869880093798,0.0,0.14184869880093798,0.14184869880093798,0.0,1,0.09456579920062533,0.0,0.09456579920062533,0.09456579920062533,0.0,1,0.07092434940046899,0.0,0.07092434940046899,0.07092434940046899,0.0,1,221183996544.0,0.0,221183996544.0,221183996544.0,0.0,1,8192.0,0.0,8192.0,8192.0,0.0,1,8192.0,0.0,8192.0,8192.0,0.0,1,4096.0,0.0,4096.0,4096.0,0.0,1,4096.0,0.0,4096.0,4096.0,0.0,1,12288.0,0.0,12288.0,12288.0,0.0,1,16384.0,0.0,16384.0,16384.0,0.0,1,266.0309736494287,0.0,266.0309736494287,266.0309736494287,0.0,0,nan,nan,nan,nan,nan,1,37.73608358306326,0.0,37.73608358306326,37.73608358306326,0.0,1,1082.96,0.0,1082.96,1082.96,0.0,1,825.9387680329108,0.0,825.9387680329108,825.9387680329108,0.0,1,257.0212319670892,0.0,257.0212319670892,257.0212319670892,0.0,1,-11.419283804363204,0.0,-11.419283804363204,-11.419283804363204,0.0,1,-3.8101874003907596,0.0,-3.8101874003907596,-3.8101874003907596,0.0,1,0.989565515380859,0.0,0.989565515380859,0.989565515380859,0.0,1,0.9963434821058612,0.0,0.9963434821058612,0.9963434821058612,0.0,1,0.7626678437180605,0.0,0.7626678437180605,0.7626678437180605,0.0,1,0.2373321562819395,0.0,0.2373321562819395,0.2373321562819395,0.0,1,0.7626681500770045,0.0,0.7626681500770045,0.7626681500770045,0.0,1,0.1418484587166578,0.0,0.1418484587166578,0.1418484587166578,0.0,1,311.86944,0.0,311.86944,311.86944,0.0,1,1746.9856425625735,0.0,1746.9856425625735,1746.9856425625735,0.0,1,85.30203332825066,0.0,85.30203332825066,85.30203332825066,0.0,1,1410.0,0.0,1410.0,1410.0,0.0,1,0.0,0.0,0.0,0.0,0.0,1,41.0,0.0,41.0,41.0,0.0,1,100.0,0.0,100.0,100.0,0.0,1,100.0,0.0,100.0,100.0,0.0,1,100.0,0.0,100.0,100.0,0.0,1,100.0,0.0,100.0,100.0,0.0
full5s_tensor_mma_f16acc_t224_b04,NVIDIA A100-SXM4-80GB,ampere,ga100,datacenter,80,108,ga100,f16acc,"A100 SXM dense FP16 Tensor Core peak, no sparsity",https://www.nvidia.com/en-us/data-center/a100/,312.0,624.0,312.0,312.0,tensor_core_mma_m16n16k16_f16acc,fp16-energy-bench-v2,fp16-energy-bench-v2,"nvml_timed_energy_counter,explicit_m16n16k16_denominator,strict_denominator_provenance,tensor_no_memory_warpsync_baseline,timed_kernel_memory_provenance","nvml_timed_energy_counter,explicit_m16n16k16_denominator,strict_denominator_provenance,tensor_no_memory_warpsync_baseline,timed_kernel_memory_provenance",ce960f9677a1,ce960f9677a1,tensor_mma_f16acc,tensor_baseline_mov,1,1,1,0,1,True,0,0,0,0,0,pure_fp16_candidate_no_l2:1,1,1,True,1,True,bench_json_metadata,0,valid_basic,"stats use valid_basic rows, but no valid_no_l2 row was available",1,6.2911313476599995,0.0,6.2911313476599995,6.2911313476599995,0.0,1,6.63650390625,0.0,6.63650390625,6.63650390625,0.0,1,0.12368656371834552,0.0,0.12368656371834552,0.12368656371834552,0.0,0,nan,nan,nan,nan,nan,0,nan,nan,nan,nan,nan,1,0.12368656371834552,0.0,0.12368656371834552,0.12368656371834552,0.0,1,0.08245770914556368,0.0,0.08245770914556368,0.08245770914556368,0.0,1,0.06184328185917276,0.0,0.06184328185917276,0.06184328185917276,0.0,1,221183996544.0,0.0,221183996544.0,221183996544.0,0.0,1,8192.0,0.0,8192.0,8192.0,0.0,1,8192.0,0.0,8192.0,8192.0,0.0,1,4096.0,0.0,4096.0,4096.0,0.0,1,4096.0,0.0,4096.0,4096.0,0.0,1,12288.0,0.0,12288.0,12288.0,0.0,1,16384.0,0.0,16384.0,16384.0,0.0,1,288.01485767141116,0.0,288.01485767141116,288.01485767141116,0.0,0,nan,nan,nan,nan,nan,1,35.62333722753078,0.0,35.62333722753078,35.62333722753078,0.0,1,1055.829,0.0,1055.829,1055.829,0.0,1,831.7164543553104,0.0,831.7164543553104,831.7164543553104,0.0,1,224.1125456446896,0.0,224.1125456446896,224.1125456446896,0.0,1,1.7049227639540732,0.0,1.7049227639540732,1.7049227639540732,0.0,1,-5.779710379518633,0.0,-5.779710379518633,-5.779710379518633,0.0,1,1.0016173833809245,0.0,1.0016173833809245,1.0016173833809245,0.0,1,0.9934556527350102,0.0,0.9934556527350102,0.9934556527350102,0.0,1,0.7877378385660087,0.0,0.7877378385660087,0.7877378385660087,0.0,1,0.2122621614339913,0.0,0.2122621614339913,0.2122621614339913,0.0,1,0.787738921960272,0.0,0.787738921960272,0.787738921960272,0.0,1,0.12368576230943108,0.0,0.12368576230943108,0.12368576230943108,0.0,1,311.86944,0.0,311.86944,311.86944,0.0,1,1891.3505231902495,0.0,1891.3505231902495,1891.3505231902495,0.0,1,92.35109976514889,0.0,92.35109976514889,92.35109976514889,0.0,1,1410.0,0.0,1410.0,1410.0,0.0,1,0.0,0.0,0.0,0.0,0.0,1,41.0,0.0,41.0,41.0,0.0,1,99.87755102040816,0.0,99.87755102040816,99.87755102040816,0.0,1,100.0,0.0,100.0,100.0,0.0,1,99.85714285714286,0.0,99.85714285714286,99.85714285714286,0.0,1,100.0,0.0,100.0,100.0,0.0
full5s_tensor_mma_f16acc_t224_b08,NVIDIA A100-SXM4-80GB,ampere,ga100,datacenter,80,108,ga100,f16acc,"A100 SXM dense FP16 Tensor Core peak, no sparsity",https://www.nvidia.com/en-us/data-center/a100/,312.0,624.0,312.0,312.0,tensor_core_mma_m16n16k16_f16acc,fp16-energy-bench-v2,fp16-energy-bench-v2,"nvml_timed_energy_counter,explicit_m16n16k16_denominator,strict_denominator_provenance,tensor_no_memory_warpsync_baseline,timed_kernel_memory_provenance","nvml_timed_energy_counter,explicit_m16n16k16_denominator,strict_denominator_provenance,tensor_no_memory_warpsync_baseline,timed_kernel_memory_provenance",ce960f9677a1,ce960f9677a1,tensor_mma_f16acc,tensor_baseline_mov,5,5,5,0,5,True,0,0,0,0,0,pure_fp16_candidate_no_l2:5,5,5,True,5,True,bench_json_metadata,0,valid_basic,"stats use valid_basic rows, but no valid_no_l2 row was available",5,6.0817125,0.0003810769132419184,6.081048339840001,6.08198779297,0.00033402864200456994,5,5.9070456054700005,0.0017873759926401158,5.904123046880001,5.90879443359,0.0015667041345906294,5,0.10973811534841342,0.002924190331607321,0.10642720216289184,0.11222920419790572,0.002563165837363676,0,nan,nan,nan,nan,nan,0,nan,nan,nan,nan,nan,5,0.10973811534841342,0.002924190331607321,0.10642720216289184,0.11222920419790572,0.002563165837363676,5,0.07315874356560895,0.0019494602210715533,0.07095146810859455,0.07481946946527049,0.0017087772249091222,5,0.05486905767420671,0.0014620951658036606,0.05321360108144592,0.05611460209895286,0.001281582918681838,5,221184020736.0,0.0,221184020736.0,221184020736.0,0.0,5,8192.0,0.0,8192.0,8192.0,0.0,5,8192.0,0.0,8192.0,8192.0,0.0,5,4096.0,0.0,4096.0,4096.0,0.0,5,4096.0,0.0,4096.0,4096.0,0.0,5,12288.0,0.0,12288.0,12288.0,0.0,5,16384.0,0.0,16384.0,16384.0,0.0,5,297.9324497106652,0.01866966334550338,297.91896326455674,297.96498837188756,0.016364681452172024,0,nan,nan,nan,nan,nan,5,32.69367578100334,0.8697468696985012,31.711250276363074,33.43525681244731,0.7623667445544923,5,1037.6236000000001,5.75619694763826,1030.573,1042.67,5.045529085384011,5,838.7847743784712,0.9881209779953729,837.3050039887216,839.6634906733565,0.8661262253021612,5,198.83882562152885,5.2984559611268685,192.839651246666,203.35252790062577,4.644301420308515,5,-7.070333654672913,4.010910850476929,-12.18413471626377,-3.9526421982293414,3.5157183708362996,5,2.493661452662195,4.346748995813691,-2.2616652990008106,8.145428127745276,3.8100934844211976,5,0.9932272095797867,0.003852716388753207,0.9883154626224839,0.9962160777567796,0.0033770548113656335,5,1.0030956145982077,0.005379992188315941,0.9972340414456408,1.0101157850756235,0.004715771074584979,5,0.8083886419959645,0.0040678027524282895,0.8049694266636369,0.8131818706970274,0.003565586321608238,5,0.19161135800403545,0.004067802752428309,0.1868181293029726,0.19503057333636314,0.0035655863216082547,5,0.8083926434871518,0.004065541802939258,0.8049739121387885,0.8131834505332978,0.0035636045120017805,5,0.10973526700035958,0.002922557195164467,0.1064260953934109,0.11222599770830877,0.0025617343301553965,5,311.86944,0.0,311.86944,311.86944,0.0,5,1956.477867813667,0.12260088879367874,1956.3893043377775,1956.6915443386365,0.10746441720626668,5,95.53114588933921,0.005986371523129994,95.52682150086802,95.54157931340998,0.0052472859964007475,5,1410.0,0.0,1410.0,1410.0,0.0,5,0.0,0.0,0.0,0.0,0.0,5,41.0,0.0,41.0,41.0,0.0,5,100.0,0.0,100.0,100.0,0.0,5,100.0,0.0,100.0,100.0,0.0,5,100.0,0.0,100.0,100.0,0.0,5,100.0,0.0,100.0,100.0,0.0
full5s_tensor_mma_f16acc_t288_b01,NVIDIA A100-SXM4-80GB,ampere,ga100,datacenter,80,108,ga100,f16acc,"A100 SXM dense FP16 Tensor Core peak, no sparsity",https://www.nvidia.com/en-us/data-center/a100/,312.0,624.0,312.0,312.0,tensor_core_mma_m16n16k16_f16acc,fp16-energy-bench-v2,fp16-energy-bench-v2,"nvml_timed_energy_counter,explicit_m16n16k16_denominator,strict_denominator_provenance,tensor_no_memory_warpsync_baseline,timed_kernel_memory_provenance","nvml_timed_energy_counter,explicit_m16n16k16_denominator,strict_denominator_provenance,tensor_no_memory_warpsync_baseline,timed_kernel_memory_provenance",ce960f9677a1,ce960f9677a1,tensor_mma_f16acc,tensor_baseline_mov,1,1,1,0,1,True,0,0,0,0,0,pure_fp16_candidate_no_l2:1,1,1,True,1,True,bench_json_metadata,0,valid_basic,"stats use valid_basic rows, but no valid_no_l2 row was available",1,7.8799453125,0.0,7.8799453125,7.8799453125,0.0,1,13.1178271484,0.0,13.1178271484,13.1178271484,0.0,1,0.18112018912420114,0.0,0.18112018912420114,0.18112018912420114,0.0,0,nan,nan,nan,nan,nan,0,nan,nan,nan,nan,nan,1,0.18112018912420114,0.0,0.18112018912420114,0.18112018912420114,0.0,1,0.12074679274946742,0.0,0.12074679274946742,0.12074679274946742,0.0,1,0.09056009456210057,0.0,0.09056009456210057,0.09056009456210057,0.0,1,221183996544.0,0.0,221183996544.0,221183996544.0,0.0,1,8192.0,0.0,8192.0,8192.0,0.0,1,8192.0,0.0,8192.0,8192.0,0.0,1,4096.0,0.0,4096.0,4096.0,0.0,1,4096.0,0.0,4096.0,4096.0,0.0,1,12288.0,0.0,12288.0,12288.0,0.0,1,16384.0,0.0,16384.0,16384.0,0.0,1,229.94313130754333,0.0,229.94313130754333,229.94313130754333,0.0,0,nan,nan,nan,nan,nan,1,41.64718857149154,0.0,41.64718857149154,41.64718857149154,0.0,1,1201.892,0.0,1201.892,1201.892,0.0,1,873.7132113588558,0.0,873.7132113588558,873.7132113588558,0.0,1,328.17878864114425,0.0,328.17878864114425,328.17878864114425,0.0,1,-1.0444140564786721,0.0,-1.0444140564786721,-1.0444140564786721,0.0,1,-7.426080588358218,0.0,-7.426080588358218,-7.426080588358218,0.0,1,0.9991317794986713,0.0,0.9991317794986713,0.9991317794986713,0.0,1,0.9949202786641067,0.0,0.9949202786641067,0.9949202786641067,0.0,1,0.7269481878229124,0.0,0.7269481878229124,0.7269481878229124,0.0,1,0.2730518121770877,0.0,0.2730518121770877,0.2730518121770877,0.0,1,0.7269489258926255,0.0,0.7269489258926255,0.7269489258926255,0.0,1,0.18111951565880627,0.0,0.18111951565880627,0.18111951565880627,0.0,1,311.86944,0.0,311.86944,311.86944,0.0,1,1510.0021756471192,0.0,1510.0021756471192,1510.0021756471192,0.0,1,73.7305749827695,0.0,73.7305749827695,73.7305749827695,0.0,1,1410.0,0.0,1410.0,1410.0,0.0,1,0.0,0.0,0.0,0.0,0.0,1,41.0,0.0,41.0,41.0,0.0,1,100.0,0.0,100.0,100.0,0.0,1,100.0,0.0,100.0,100.0,0.0,1,100.0,0.0,100.0,100.0,0.0,1,100.0,0.0,100.0,100.0,0.0
full5s_tensor_mma_f16acc_t288_b02,NVIDIA A100-SXM4-80GB,ampere,ga100,datacenter,80,108,ga100,f16acc,"A100 SXM dense FP16 Tensor Core peak, no sparsity",https://www.nvidia.com/en-us/data-center/a100/,312.0,624.0,312.0,312.0,tensor_core_mma_m16n16k16_f16acc,fp16-energy-bench-v2,fp16-energy-bench-v2,"nvml_timed_energy_counter,explicit_m16n16k16_denominator,strict_denominator_provenance,tensor_no_memory_warpsync_baseline,timed_kernel_memory_provenance","nvml_timed_energy_counter,explicit_m16n16k16_denominator,strict_denominator_provenance,tensor_no_memory_warpsync_baseline,timed_kernel_memory_provenance",ce960f9677a1,ce960f9677a1,tensor_mma_f16acc,tensor_baseline_mov,1,1,1,0,1,True,0,0,0,0,0,pure_fp16_candidate_no_l2:1,1,1,True,1,True,bench_json_metadata,0,valid_basic,"stats use valid_basic rows, but no valid_no_l2 row was available",1,6.6063525390599995,0.0,6.6063525390599995,6.6063525390599995,0.0,1,6.9603544921900005,0.0,6.9603544921900005,6.9603544921900005,0.0,1,0.13002036676993145,0.0,0.13002036676993145,0.13002036676993145,0.0,0,nan,nan,nan,nan,nan,0,nan,nan,nan,nan,nan,1,0.13002036676993145,0.0,0.13002036676993145,0.13002036676993145,0.0,1,0.08668024451328762,0.0,0.08668024451328762,0.08668024451328762,0.0,1,0.06501018338496573,0.0,0.06501018338496573,0.06501018338496573,0.0,1,221183996544.0,0.0,221183996544.0,221183996544.0,0.0,1,8192.0,0.0,8192.0,8192.0,0.0,1,8192.0,0.0,8192.0,8192.0,0.0,1,4096.0,0.0,4096.0,4096.0,0.0,1,4096.0,0.0,4096.0,4096.0,0.0,1,12288.0,0.0,12288.0,12288.0,0.0,1,16384.0,0.0,16384.0,16384.0,0.0,1,274.2722688465947,0.0,274.2722688465947,274.2722688465947,0.0,0,nan,nan,nan,nan,nan,1,35.66081827593189,0.0,35.66081827593189,35.66081827593189,0.0,1,1076.483,0.0,1076.483,1076.483,0.0,1,840.8939876896552,0.0,840.8939876896552,840.8939876896552,0.0,1,235.58901231034474,0.0,235.58901231034474,235.58901231034474,0.0,1,-8.649789422034019,0.0,-8.649789422034019,-8.649789422034019,0.0,1,-0.9600854412889248,0.0,-0.9600854412889248,-0.9600854412889248,0.0,1,0.9920288194160632,0.0,0.9920288194160632,0.9920288194160632,0.0,1,0.9989174989358622,0.0,0.9989174989358622,0.9989174989358622,0.0,1,0.7811493425252932,0.0,0.7811493425252932,0.7811493425252932,0.0,1,0.21885065747470675,0.0,0.21885065747470675,0.21885065747470675,0.0,1,0.7811501225616768,0.0,0.7811501225616768,0.7811501225616768,0.0,1,0.13001977351154523,0.0,0.13001977351154523,0.13001977351154523,0.0,1,311.86944,0.0,311.86944,311.86944,0.0,1,1801.1049963658702,0.0,1801.1049963658702,1801.1049963658702,0.0,1,87.94457990067725,0.0,87.94457990067725,87.94457990067725,0.0,1,1410.0,0.0,1410.0,1410.0,0.0,1,0.0,0.0,0.0,0.0,0.0,1,41.0,0.0,41.0,41.0,0.0,1,100.0,0.0,100.0,100.0,0.0,1,100.0,0.0,100.0,100.0,0.0,1,100.0,0.0,100.0,100.0,0.0,1,100.0,0.0,100.0,100.0,0.0
full5s_tensor_mma_f16acc_t288_b04,NVIDIA A100-SXM4-80GB,ampere,ga100,datacenter,80,108,ga100,f16acc,"A100 SXM dense FP16 Tensor Core peak, no sparsity",https://www.nvidia.com/en-us/data-center/a100/,312.0,624.0,312.0,312.0,tensor_core_mma_m16n16k16_f16acc,fp16-energy-bench-v2,fp16-energy-bench-v2,"nvml_timed_energy_counter,explicit_m16n16k16_denominator,strict_denominator_provenance,tensor_no_memory_warpsync_baseline,timed_kernel_memory_provenance","nvml_timed_energy_counter,explicit_m16n16k16_denominator,strict_denominator_provenance,tensor_no_memory_warpsync_baseline,timed_kernel_memory_provenance",ce960f9677a1,ce960f9677a1,tensor_mma_f16acc,tensor_baseline_mov,1,1,1,0,1,True,0,0,0,0,0,pure_fp16_candidate_no_l2:1,1,1,True,1,True,bench_json_metadata,0,valid_basic,"stats use valid_basic rows, but no valid_no_l2 row was available",1,5.913698242190001,0.0,5.913698242190001,5.913698242190001,0.0,1,6.57043359375,0.0,6.57043359375,6.57043359375,0.0,1,0.13279166497970818,0.0,0.13279166497970818,0.13279166497970818,0.0,0,nan,nan,nan,nan,nan,0,nan,nan,nan,nan,nan,1,0.13279166497970818,0.0,0.13279166497970818,0.13279166497970818,0.0,1,0.08852777665313878,0.0,0.08852777665313878,0.08852777665313878,0.0,1,0.06639583248985409,0.0,0.06639583248985409,0.06639583248985409,0.0,1,221183996544.0,0.0,221183996544.0,221183996544.0,0.0,1,8192.0,0.0,8192.0,8192.0,0.0,1,8192.0,0.0,8192.0,8192.0,0.0,1,4096.0,0.0,4096.0,4096.0,0.0,1,4096.0,0.0,4096.0,4096.0,0.0,1,12288.0,0.0,12288.0,12288.0,0.0,1,16384.0,0.0,16384.0,16384.0,0.0,1,306.39698298461684,0.0,306.39698298461684,306.39698298461684,0.0,0,nan,nan,nan,nan,nan,1,40.6865172727214,0.0,40.6865172727214,40.6865172727214,0.0,1,1027.806,0.0,1027.806,1027.806,0.0,1,787.1955635522046,0.0,787.1955635522046,787.1955635522046,0.0,1,240.61043644779545,0.0,240.61043644779545,240.61043644779545,0.0,1,1.135347508437917,0.0,1.135347508437917,1.135347508437917,0.0,1,-4.69369882341266,0.0,-4.69369882341266,-4.69369882341266,0.0,1,1.0011058536695119,0.0,1.0011058536695119,1.0011058536695119,0.0,1,0.9946620701537088,0.0,0.9946620701537088,0.9946620701537088,0.0,1,0.7658989766086252,0.0,0.7658989766086252,0.7658989766086252,0.0,1,0.23410102339137487,0.0,0.23410102339137487,0.23410102339137487,0.0,1,0.7659009519115897,0.0,0.7659009519115897,0.7659009519115897,0.0,1,0.13279020203264905,0.0,0.13279020203264905,0.13279020203264905,0.0,1,311.86944,0.0,311.86944,311.86944,0.0,1,2012.0631927017128,0.0,2012.0631927017128,2012.0631927017128,0.0,1,98.24527308113832,0.0,98.24527308113832,98.24527308113832,0.0,1,1410.0,0.0,1410.0,1410.0,0.0,1,0.0,0.0,0.0,0.0,0.0,1,41.0,0.0,41.0,41.0,0.0,1,100.0,0.0,100.0,100.0,0.0,1,100.0,0.0,100.0,100.0,0.0,1,100.0,0.0,100.0,100.0,0.0,1,100.0,0.0,100.0,100.0,0.0
full5s_tensor_mma_f16acc_t288_b08,NVIDIA A100-SXM4-80GB,ampere,ga100,datacenter,80,108,ga100,f16acc,"A100 SXM dense FP16 Tensor Core peak, no sparsity",https://www.nvidia.com/en-us/data-center/a100/,312.0,624.0,312.0,312.0,tensor_core_mma_m16n16k16_f16acc,fp16-energy-bench-v2,fp16-energy-bench-v2,"nvml_timed_energy_counter,explicit_m16n16k16_denominator,strict_denominator_provenance,tensor_no_memory_warpsync_baseline,timed_kernel_memory_provenance","nvml_timed_energy_counter,explicit_m16n16k16_denominator,strict_denominator_provenance,tensor_no_memory_warpsync_baseline,timed_kernel_memory_provenance",ce960f9677a1,ce960f9677a1,tensor_mma_f16acc,tensor_baseline_mov,5,5,5,0,5,True,0,0,0,0,0,pure_fp16_candidate_no_l2:5,5,5,True,5,True,bench_json_metadata,0,valid_basic,"stats use valid_basic rows, but no valid_no_l2 row was available",5,5.893247265624,0.0007377049516500151,5.89248730469,5.89429052734,0.0006466269003372307,5,5.56877001953,0.00205565974039185,5.56561621094,5.57059912109,0.0018018652079052923,5,0.1097813307288101,0.0028339662368694687,0.1081274426610938,0.11482228890915212,0.002484080931419126,0,nan,nan,nan,nan,nan,0,nan,nan,nan,nan,nan,5,0.1097813307288101,0.0028339662368694687,0.1081274426610938,0.11482228890915212,0.002484080931419126,5,0.07318755381920675,0.001889310824579646,0.07208496177406254,0.07654819260610142,0.0016560539542794172,5,0.05489066536440505,0.0014169831184347344,0.0540637213305469,0.05741114445457606,0.001242040465709563,5,221184027648.0,0.0,221184027648.0,221184027648.0,0.0,5,8192.0,0.0,8192.0,8192.0,0.0,5,8192.0,0.0,8192.0,8192.0,0.0,5,4096.0,0.0,4096.0,4096.0,0.0,5,4096.0,0.0,4096.0,4096.0,0.0,5,12288.0,0.0,12288.0,12288.0,0.0,5,16384.0,0.0,16384.0,16384.0,0.0,5,307.4603008386348,0.038485577486348246,307.4058779573113,307.4999504963279,0.033734096025821586,0,nan,nan,nan,nan,nan,5,33.752984874320966,0.8677296040695892,33.2488673131877,35.29681452144928,0.7605985332691232,5,1032.2060000000001,0.924341387150877,1030.818,1033.055,0.8102209490256381,5,833.2888645076553,5.9729219922370325,822.7669529881514,837.1346097162535,5.235496962786626,5,198.91713549234478,5.134975520679823,195.92039028374654,208.0510470118486,4.501004496198685,5,4.7423471652612985,0.8983961380903398,3.4846485333180226,5.843473152105389,0.7874789355133688,5,5.395845128128417,7.097593309788076,-6.627418364661253,11.298964926146027,6.221314837994873,5,1.0046157121890098,0.0008753418060877216,1.0033919355663312,1.0056895507384502,0.0007672709225281572,5,1.006913186186009,0.009082526043904488,0.9915414536941708,1.0144998683568216,0.007961185091500409,5,0.807286005289759,0.0051338706283349834,0.7981689813217768,0.8103485387673004,0.00450003601535746,5,0.1927139947102409,0.00513387062833495,0.18965146123269963,0.20183101867822312,0.0045000360153574295,5,0.807287586008145,0.005134140609433892,0.7981700402125845,0.8103499991594736,0.004500272664224661,5,0.10978021614061609,0.0028341537461482693,0.1081264151734709,0.11482153417492837,0.002484245290548699,5,311.86944,0.0,311.86944,311.86944,0.0,5,2019.045842123948,0.2527290352400899,2018.688455196423,2019.3062154999209,0.2215267666524341,5,98.58622275995839,0.012340284923826958,98.56877222638785,98.59893630370706,0.010816736652946012,5,1410.0,0.0,1410.0,1410.0,0.0,5,0.0,0.0,0.0,0.0,0.0,5,41.6,0.5477225575051661,41.0,42.0,0.4800999895855029,5,99.93845410628019,0.08428366613157187,99.84444444444445,100.0,0.07387789069033185,5,100.0,0.0,100.0,100.0,0.0,5,99.96666666666667,0.07453559924999512,99.83333333333333,100.0,0.06533333333333519,5,100.0,0.0,100.0,100.0,0.0
full5s_tensor_mma_f16acc_t320_b01,NVIDIA A100-SXM4-80GB,ampere,ga100,datacenter,80,108,ga100,f16acc,"A100 SXM dense FP16 Tensor Core peak, no sparsity",https://www.nvidia.com/en-us/data-center/a100/,312.0,624.0,312.0,312.0,tensor_core_mma_m16n16k16_f16acc,fp16-energy-bench-v2,fp16-energy-bench-v2,"nvml_timed_energy_counter,explicit_m16n16k16_denominator,strict_denominator_provenance,tensor_no_memory_warpsync_baseline,timed_kernel_memory_provenance","nvml_timed_energy_counter,explicit_m16n16k16_denominator,strict_denominator_provenance,tensor_no_memory_warpsync_baseline,timed_kernel_memory_provenance",ce960f9677a1,ce960f9677a1,tensor_mma_f16acc,tensor_baseline_mov,1,1,1,0,1,True,0,0,0,0,0,pure_fp16_candidate_no_l2:1,1,1,True,1,True,bench_json_metadata,0,valid_basic,"stats use valid_basic rows, but no valid_no_l2 row was available",1,7.09096337891,0.0,7.09096337891,7.09096337891,0.0,1,11.8061513672,0.0,11.8061513672,11.8061513672,0.0,1,0.17214395997705875,0.0,0.17214395997705875,0.17214395997705875,0.0,0,nan,nan,nan,nan,nan,0,nan,nan,nan,nan,nan,1,0.17214395997705875,0.0,0.17214395997705875,0.17214395997705875,0.0,1,0.11476263998470583,0.0,0.11476263998470583,0.11476263998470583,0.0,1,0.08607197998852938,0.0,0.08607197998852938,0.08607197998852938,0.0,1,221184000000.0,0.0,221184000000.0,221184000000.0,0.0,1,8192.0,0.0,8192.0,8192.0,0.0,1,8192.0,0.0,8192.0,8192.0,0.0,1,4096.0,0.0,4096.0,4096.0,0.0,1,4096.0,0.0,4096.0,4096.0,0.0,1,12288.0,0.0,12288.0,12288.0,0.0,1,16384.0,0.0,16384.0,16384.0,0.0,1,255.5279489087596,0.0,255.5279489087596,255.5279489087596,0.0,0,nan,nan,nan,nan,nan,1,43.987345197396024,0.0,43.987345197396024,43.987345197396024,0.0,1,1120.537,0.0,1120.537,1120.537,0.0,1,808.6225888399093,0.0,808.6225888399093,808.6225888399093,0.0,1,311.9144111600907,0.0,311.9144111600907,311.9144111600907,0.0,1,-8.682872507919456,0.0,-8.682872507919456,-8.682872507919456,0.0,1,6.277051628399249,0.0,6.277051628399249,6.277051628399249,0.0,1,0.992310733525584,0.0,0.992310733525584,0.992310733525584,0.0,1,1.0046842027706768,0.0,1.0046842027706768,1.0046842027706768,0.0,1,0.7216384544552382,0.0,0.7216384544552382,0.7216384544552382,0.0,1,0.2783615455447617,0.0,0.2783615455447617,0.2783615455447617,0.0,1,0.7216395861328584,0.0,0.7216395861328584,0.7216395861328584,0.0,1,0.17214299017092027,0.0,0.17214299017092027,0.17214299017092027,0.0,1,311.86944,0.0,311.86944,311.86944,0.0,1,1678.0138488886237,0.0,1678.0138488886237,1678.0138488886237,0.0,1,81.93426996526483,0.0,81.93426996526483,81.93426996526483,0.0,1,1410.0,0.0,1410.0,1410.0,0.0,1,0.0,0.0,0.0,0.0,0.0,1,41.0,0.0,41.0,41.0,0.0,1,99.89090909090909,0.0,99.89090909090909,99.89090909090909,0.0,1,100.0,0.0,100.0,100.0,0.0,1,99.85714285714286,0.0,99.85714285714286,99.85714285714286,0.0,1,100.0,0.0,100.0,100.0,0.0
full5s_tensor_mma_f16acc_t320_b02,NVIDIA A100-SXM4-80GB,ampere,ga100,datacenter,80,108,ga100,f16acc,"A100 SXM dense FP16 Tensor Core peak, no sparsity",https://www.nvidia.com/en-us/data-center/a100/,312.0,624.0,312.0,312.0,tensor_core_mma_m16n16k16_f16acc,fp16-energy-bench-v2,fp16-energy-bench-v2,"nvml_timed_energy_counter,explicit_m16n16k16_denominator,strict_denominator_provenance,tensor_no_memory_warpsync_baseline,timed_kernel_memory_provenance","nvml_timed_energy_counter,explicit_m16n16k16_denominator,strict_denominator_provenance,tensor_no_memory_warpsync_baseline,timed_kernel_memory_provenance",ce960f9677a1,ce960f9677a1,tensor_mma_f16acc,tensor_baseline_mov,1,1,1,0,1,True,0,0,0,0,0,pure_fp16_candidate_no_l2:1,1,1,True,1,True,bench_json_metadata,0,valid_basic,"stats use valid_basic rows, but no valid_no_l2 row was available",1,5.94397509766,0.0,5.94397509766,5.94397509766,0.0,1,6.2643261718800005,0.0,6.2643261718800005,6.2643261718800005,0.0,1,0.13177700751186583,0.0,0.13177700751186583,0.13177700751186583,0.0,0,nan,nan,nan,nan,nan,0,nan,nan,nan,nan,nan,1,0.13177700751186583,0.0,0.13177700751186583,0.13177700751186583,0.0,1,0.08785133834124388,0.0,0.08785133834124388,0.08785133834124388,0.0,1,0.06588850375593291,0.0,0.06588850375593291,0.06588850375593291,0.0,1,221184000000.0,0.0,221184000000.0,221184000000.0,0.0,1,8192.0,0.0,8192.0,8192.0,0.0,1,8192.0,0.0,8192.0,8192.0,0.0,1,4096.0,0.0,4096.0,4096.0,0.0,1,4096.0,0.0,4096.0,4096.0,0.0,1,12288.0,0.0,12288.0,12288.0,0.0,1,16384.0,0.0,16384.0,16384.0,0.0,1,304.8362919140285,0.0,304.8362919140285,304.8362919140285,0.0,0,nan,nan,nan,nan,nan,1,40.17011372287084,0.0,40.17011372287084,40.17011372287084,0.0,1,1026.121,0.0,1026.121,1026.121,0.0,1,787.349057563099,0.0,787.349057563099,787.349057563099,0.0,1,238.7719424369011,0.0,238.7719424369011,238.7719424369011,0.0,1,-5.2671627350555354,0.0,-5.2671627350555354,-5.2671627350555354,0.0,1,8.004348007526687,0.0,8.004348007526687,8.004348007526687,0.0,1,0.9948931324545282,0.0,0.9948931324545282,0.9948931324545282,0.0,1,1.0097402487976803,0.0,1.0097402487976803,1.0097402487976803,0.0,1,0.7673062509812185,0.0,0.7673062509812185,0.7673062509812185,0.0,1,0.23269374901878148,0.0,0.23269374901878148,0.23269374901878148,0.0,1,0.7673075871040069,0.0,0.7673075871040069,0.7673075871040069,0.0,1,0.1317760213872429,0.0,0.1317760213872429,0.1317760213872429,0.0,1,311.86944,0.0,311.86944,311.86944,0.0,1,2001.814367704416,0.0,2001.814367704416,2001.814367704416,0.0,1,97.7448421730672,0.0,97.7448421730672,97.7448421730672,0.0,1,1410.0,0.0,1410.0,1410.0,0.0,1,0.0,0.0,0.0,0.0,0.0,1,41.0,0.0,41.0,41.0,0.0,1,99.91304347826087,0.0,99.91304347826087,99.91304347826087,0.0,1,100.0,0.0,100.0,100.0,0.0,1,100.0,0.0,100.0,100.0,0.0,1,100.0,0.0,100.0,100.0,0.0
full5s_tensor_mma_f16acc_t320_b04,NVIDIA A100-SXM4-80GB,ampere,ga100,datacenter,80,108,ga100,f16acc,"A100 SXM dense FP16 Tensor Core peak, no sparsity",https://www.nvidia.com/en-us/data-center/a100/,312.0,624.0,312.0,312.0,tensor_core_mma_m16n16k16_f16acc,fp16-energy-bench-v2,fp16-energy-bench-v2,"nvml_timed_energy_counter,explicit_m16n16k16_denominator,strict_denominator_provenance,tensor_no_memory_warpsync_baseline,timed_kernel_memory_provenance","nvml_timed_energy_counter,explicit_m16n16k16_denominator,strict_denominator_provenance,tensor_no_memory_warpsync_baseline,timed_kernel_memory_provenance",ce960f9677a1,ce960f9677a1,tensor_mma_f16acc,tensor_baseline_mov,1,1,1,0,1,True,0,0,0,0,0,pure_fp16_candidate_no_l2:1,1,1,True,1,True,bench_json_metadata,0,valid_basic,"stats use valid_basic rows, but no valid_no_l2 row was available",1,5.9086767578099995,0.0,5.9086767578099995,5.9086767578099995,0.0,1,6.20497900391,0.0,6.20497900391,6.20497900391,0.0,1,0.1253320164950077,0.0,0.1253320164950077,0.1253320164950077,0.0,0,nan,nan,nan,nan,nan,0,nan,nan,nan,nan,nan,1,0.1253320164950077,0.0,0.1253320164950077,0.1253320164950077,0.0,1,0.08355467766333845,0.0,0.08355467766333845,0.08355467766333845,0.0,1,0.06266600824750385,0.0,0.06266600824750385,0.06266600824750385,0.0,1,221184000000.0,0.0,221184000000.0,221184000000.0,0.0,1,8192.0,0.0,8192.0,8192.0,0.0,1,8192.0,0.0,8192.0,8192.0,0.0,1,4096.0,0.0,4096.0,4096.0,0.0,1,4096.0,0.0,4096.0,4096.0,0.0,1,12288.0,0.0,12288.0,12288.0,0.0,1,16384.0,0.0,16384.0,16384.0,0.0,1,306.657379015531,0.0,306.657379015531,306.657379015531,0.0,0,nan,nan,nan,nan,nan,1,38.43323848586627,0.0,38.43323848586627,38.43323848586627,0.0,1,1029.938,0.0,1029.938,1029.938,0.0,1,802.843990255151,0.0,802.843990255151,802.843990255151,0.0,1,227.09400974484913,0.0,227.09400974484913,227.09400974484913,0.0,1,1.5924930550845602,0.0,1.5924930550845602,1.5924930550845602,0.0,1,1.3892971318880427,0.0,1.3892971318880427,1.3892971318880427,0.0,1,1.001548597280126,0.0,1.001548597280126,1.001548597280126,0.0,1,1.001650546051321,0.0,1.001650546051321,1.001650546051321,0.0,1,0.779507106500732,0.0,0.779507106500732,0.779507106500732,0.0,1,0.220492893499268,0.0,0.220492893499268,0.220492893499268,0.0,1,0.779510456914267,0.0,0.779510456914267,0.779510456914267,0.0,1,0.12532957338006787,0.0,0.12532957338006787,0.12532957338006787,0.0,1,311.86944,0.0,311.86944,311.86944,0.0,1,2013.7731745175402,0.0,2013.7731745175402,2013.7731745175402,0.0,1,98.32876828698926,0.0,98.32876828698926,98.32876828698926,0.0,1,1410.0,0.0,1410.0,1410.0,0.0,1,0.0,0.0,0.0,0.0,0.0,1,42.0,0.0,42.0,42.0,0.0,1,100.0,0.0,100.0,100.0,0.0,1,100.0,0.0,100.0,100.0,0.0,1,100.0,0.0,100.0,100.0,0.0,1,100.0,0.0,100.0,100.0,0.0
full5s_tensor_mma_f16acc_t320_b08,NVIDIA A100-SXM4-80GB,ampere,ga100,datacenter,80,108,ga100,f16acc,"A100 SXM dense FP16 Tensor Core peak, no sparsity",https://www.nvidia.com/en-us/data-center/a100/,312.0,624.0,312.0,312.0,tensor_core_mma_m16n16k16_f16acc,fp16-energy-bench-v2,fp16-energy-bench-v2,"nvml_timed_energy_counter,explicit_m16n16k16_denominator,strict_denominator_provenance,tensor_no_memory_warpsync_baseline,timed_kernel_memory_provenance","nvml_timed_energy_counter,explicit_m16n16k16_denominator,strict_denominator_provenance,tensor_no_memory_warpsync_baseline,timed_kernel_memory_provenance",ce960f9677a1,ce960f9677a1,tensor_mma_f16acc,tensor_baseline_mov,5,5,5,0,5,True,0,0,0,0,0,pure_fp16_candidate_no_l2:5,5,5,True,5,True,bench_json_metadata,0,valid_basic,"stats use valid_basic rows, but no valid_no_l2 row was available",5,5.891226464842,0.0003741038117720832,5.890611328119999,5.89156347656,0.0003279164490755523,5,5.46056044922,0.0012223970387241947,5.45889794922,5.46186230469,0.0010714782466400429,5,0.10654134000790583,0.005913450603024039,0.0983490482515109,0.11486727820410529,0.005183367991739959,0,nan,nan,nan,nan,nan,0,nan,nan,nan,nan,nan,5,0.10654134000790583,0.005913450603024039,0.0983490482515109,0.11486727820410529,0.005183367991739959,5,0.07102756000527055,0.003942300402016028,0.06556603216767394,0.07657818546940354,0.0034555786611599744,5,0.053270670003952914,0.0029567253015120197,0.04917452412575545,0.057433639102052646,0.0025916839958699794,5,221184000000.0,0.0,221184000000.0,221184000000.0,0.0,5,8192.0,0.0,8192.0,8192.0,0.0,5,8192.0,0.0,8192.0,8192.0,0.0,5,4096.0,0.0,4096.0,4096.0,0.0,5,4096.0,0.0,4096.0,4096.0,0.0,5,12288.0,0.0,12288.0,12288.0,0.0,5,16384.0,0.0,16384.0,16384.0,0.0,5,307.5657241593084,0.019532051234845187,307.5481296618339,307.5978412207149,0.017120597766040035,0,nan,nan,nan,nan,nan,5,32.767614963291734,1.8177462321243834,30.251089577586413,35.32853100117288,1.5933248232226993,5,1027.5156000000002,9.719893533367548,1015.62,1034.852,8.519862328470818,5,834.4691559818557,8.025549490960469,825.3911871590878,840.5854303173842,7.034704293681965,5,193.0464440181444,10.714813711804574,178.20250839828225,208.1325388783356,9.39194831573001,5,-0.3204987454952743,9.187220531871327,-12.439690117343048,6.715414498678683,8.052953856350054,5,3.603557900569649,6.227898760597798,-6.385390850999215,10.263284064972936,5.4589939543878785,5,0.999684672313647,0.008938642511713397,0.9878998367148086,1.006531636548469,0.007835065614842162,5,1.0046821913674835,0.008081598707333021,0.9917242487260995,1.0133553958928698,0.007083833597976657,5,0.8121646567744826,0.009289056950394082,0.7987322998387638,0.8249864141494997,0.008142217412875638,5,0.18783534322551743,0.009289056950394082,0.17501358585050028,0.20126770016123616,0.008142217412875638,5,0.8121683583564463,0.009289918508727974,0.7987338597543058,0.8249905442387213,0.008142972602052094,5,0.10653875467343958,0.0059138185028897415,0.09834623499805363,0.11486616359846541,0.005183690470190539,5,311.86944,0.0,311.86944,311.86944,0.0,5,2019.7381413140818,0.12826406116916905,2019.6226008788674,2019.9490492560735,0.11242840665902563,5,98.62002643135165,0.006262893611774465,98.61438480853845,98.63032467070671,0.005489668293896536,5,1410.0,0.0,1410.0,1410.0,0.0,5,0.0,0.0,0.0,0.0,0.0,5,41.8,0.4472135954999579,41.0,42.0,0.39199999999999996,5,100.0,0.0,100.0,100.0,0.0,5,100.0,0.0,100.0,100.0,0.0,5,100.0,0.0,100.0,100.0,0.0,5,100.0,0.0,100.0,100.0,0.0
