scope,condition,repeat_index,gpu,architecture_generation,architecture_chip,sm_count,test_kernel,baseline_kernel,threads,threads_per_sm,blocks_per_sm_requested,unroll,measurement_grade,baseline_match_grade,required_kernel,required_baseline,required_kernel_baseline_pair,quality_pass,target_pass,positive_increment,no_intended_l2,pure_fp16_candidate,energy_source_reliable,energy_trace_crosscheck_pass,baseline_structural_match,benchmark_schema_current,test_benchmark_schema_version,baseline_benchmark_schema_version,test_timed_kernel_memory_provenance_available,baseline_timed_kernel_memory_provenance_available,test_timed_kernel_memory_provenance_source,baseline_timed_kernel_memory_provenance_source,test_timed_kernel_global_input_loads,baseline_timed_kernel_global_input_loads,test_timed_kernel_global_output_stores,baseline_timed_kernel_global_output_stores,test_timed_kernel_has_intended_global_memory,baseline_timed_kernel_has_intended_global_memory,matmul_denominator_valid,matmul_denominator_note,matmul_denominator_metadata_complete,matmul_denominator_source,energy_signal_reliable,measurement_resolution_reliable,ncu_validation_pass,ncu_validation_context_match,ncu_required,ncu_tensor_activity_required,test_ncu_note,baseline_ncu_note,test_ncu_tensor_activity_note,test_ncu_validation_blocks_per_sm,baseline_ncu_validation_blocks_per_sm,test_ncu_validation_unroll,baseline_ncu_validation_unroll,test_ncu_validation_suppress_output_store,baseline_ncu_validation_suppress_output_store,test_ncu_tensor_activity_pct,baseline_ncu_tensor_activity_pct,test_ncu_sm_activity_pct,baseline_ncu_sm_activity_pct,test_ncu_tensor_activity_observed,baseline_ncu_tensor_activity_observed,test_ncu_memory_counter_classes_complete,test_ncu_common_hmma_seen,test_ncu_hmma_token_seen,test_ncu_tensor_inst_seen,test_ncu_wgmma_token_seen,test_ncu_no_l2,test_ncu_no_dram,test_ncu_no_local_spill,baseline_ncu_memory_counter_classes_complete,baseline_ncu_common_hmma_seen,baseline_ncu_hmma_token_seen,baseline_ncu_tensor_inst_seen,baseline_ncu_wgmma_token_seen,baseline_ncu_no_l2,baseline_ncu_no_dram,baseline_ncu_no_local_spill,clock_stable,sm_util_available,common_hmma_path,tflops,elapsed_s,baseline_elapsed_s,tensor_peak_tflops_model,achieved_flops_per_sm_cycle,tensor_model_utilization_pct,avg_sm_util_pct,matmul_logical_mma_count,matmul_flops_per_logical_mma,matmul_input_bits_per_logical_mma,matmul_input_pj_per_bit,incremental_power_w,test_energy_j,incremental_energy_j,incremental_energy_fraction,baseline_energy_fraction,baseline_power_fraction,clock_span_mhz,test_energy_source,baseline_energy_source,test_energy_counter_vs_trace_ratio,baseline_energy_counter_vs_trace_ratio,test_energy_counter_vs_trace_delta_j,baseline_energy_counter_vs_trace_delta_j,test_power_samples,baseline_power_samples,fail_reasons,warnings,fp16_path,run_count,required_valid_count,valid_no_l2_count,pure_fp16_candidate_count,selected_optimal,quality_gate_selected_target,util_saturated,util_reference_scope,util_reference_max_pct,util_metric_source,target_selection_note,test_benchmark_schema_versions,baseline_benchmark_schema_versions,timed_kernel_memory_provenance_metadata_count,timed_kernel_memory_provenance_metadata_all,timed_kernel_has_intended_global_memory_count,test_timed_kernel_has_intended_global_memory_count,baseline_timed_kernel_has_intended_global_memory_count,target_util_available,target_util_value_pct,avg_sm_util_pct_mean,avg_gpu_util_pct_mean,tflops_mean,elapsed_s_mean,baseline_elapsed_s_mean,tensor_peak_tflops_model_mean,achieved_flops_per_sm_cycle_mean,tensor_model_utilization_pct_mean,matmul_logical_mma_count_mean,matmul_input_pj_per_bit_mean,matmul_input_pj_per_bit_ci95,incremental_power_w_mean,test_energy_j_mean,incremental_energy_j_mean,incremental_energy_fraction_mean,baseline_energy_fraction_mean,baseline_power_fraction_mean,clock_span_mhz_mean,stats_scope,test_energy_source_counts,baseline_energy_source_counts,test_energy_counter_vs_trace_ratio_mean,baseline_energy_counter_vs_trace_ratio_mean,test_energy_counter_vs_trace_delta_j_mean,baseline_energy_counter_vs_trace_delta_j_mean
pair,long5s_tensor_mma_f16acc_t128_b1,0,NVIDIA A100-SXM4-80GB,ampere,ga100,108,tensor_mma_f16acc,tensor_baseline_mov,128,128.0,1,8,strict_nvml_counter,structural_baseline,tensor_mma_f16acc,tensor_baseline_mov,True,True,False,True,True,True,True,True,True,True,fp16-energy-bench-v2,fp16-energy-bench-v2,True,True,bench_json_metadata,bench_json_metadata,False,False,False,False,False,False,True,logical_m16n16k16_input_bits_8192,True,bench_json_metadata,True,True,False,False,False,False,missing NCU validation row,missing NCU validation row,missing NCU validation row for tensor activity,,,,,,,,,,,,,,,,,,,,,,,,,,,,,True,True,True,203.4233579550459,8.907233398439999,28.16565625,311.86944,1335.8507877268578,65.22708924447548,99.88888888888889,221184000000.0,8192.0,8192.0,0.18263823221903155,37.15280690273981,1253.391,330.92939575406,0.2640272634429799,0.7359727365570201,0.735973131888046,0.0,nvml_total_energy_counter,nvml_total_energy_counter,0.9926581129397608,0.9989561927366597,-9.27031678315484,-3.0478774163238995,69,217,,,,,,,,,,,,,,,,,,,,,,,,,,,,,,,,,,,,,,,,,,,,,,,,
pair,long5s_tensor_mma_f16acc_t128_b2,0,NVIDIA A100-SXM4-80GB,ampere,ga100,108,tensor_mma_f16acc,tensor_baseline_mov,128,256.0,2,8,strict_nvml_counter,structural_baseline,tensor_mma_f16acc,tensor_baseline_mov,True,True,False,True,True,True,True,True,True,True,fp16-energy-bench-v2,fp16-energy-bench-v2,True,True,bench_json_metadata,bench_json_metadata,False,False,False,False,False,False,True,logical_m16n16k16_input_bits_8192,True,bench_json_metadata,True,True,False,False,False,False,missing NCU validation row,missing NCU validation row,missing NCU validation row for tensor activity,,,,,,,,,,,,,,,,,,,,,,,,,,,,,True,True,True,270.37171174819673,6.70166015625,14.7610917969,311.86944,1775.4906208838765,86.69387797284554,100.0,221184000000.0,8192.0,8192.0,0.1771044519521767,47.883482319231675,1062.91,320.90252165603533,0.3019094012249723,0.6980905987750277,0.6980930262524604,0.0,nvml_total_energy_counter,nvml_total_energy_counter,0.999527254535791,1.0008226270807994,-0.502723541636442,1.3433497352436916,51,114,,,,,,,,,,,,,,,,,,,,,,,,,,,,,,,,,,,,,,,,,,,,,,,,
pair,long5s_tensor_mma_f16acc_t128_b4,0,NVIDIA A100-SXM4-80GB,ampere,ga100,108,tensor_mma_f16acc,tensor_baseline_mov,128,512.0,4,8,strict_nvml_counter,structural_baseline,tensor_mma_f16acc,tensor_baseline_mov,True,True,False,True,True,True,True,True,True,True,fp16-energy-bench-v2,fp16-energy-bench-v2,True,True,bench_json_metadata,bench_json_metadata,False,False,False,False,False,False,True,logical_m16n16k16_input_bits_8192,True,bench_json_metadata,True,True,False,False,False,False,missing NCU validation row,missing NCU validation row,missing NCU validation row for tensor activity,,,,,,,,,,,,,,,,,,,,,,,,,,,,,True,True,True,283.56404063700796,6.38987695312,7.68240625,311.86944,1862.1226729511948,90.92395864019507,100.0,221184000000.0,8192.0,8192.0,0.13822185174974688,39.19458222242561,1031.844,250.44960917435196,0.24272042011617256,0.7572795798838274,0.7572803516222798,0.0,nvml_total_energy_counter,nvml_total_energy_counter,0.9879164807688149,0.9935286550011562,-12.620810625489185,-6.119129945514032,49,59,,,,,,,,,,,,,,,,,,,,,,,,,,,,,,,,,,,,,,,,,,,,,,,,
pair,long5s_tensor_mma_f16acc_t128_b8,0,NVIDIA A100-SXM4-80GB,ampere,ga100,108,tensor_mma_f16acc,tensor_baseline_mov,128,1024.0,8,8,strict_nvml_counter,structural_baseline,tensor_mma_f16acc,tensor_baseline_mov,True,True,False,True,True,True,True,True,True,True,fp16-energy-bench-v2,fp16-energy-bench-v2,True,True,bench_json_metadata,bench_json_metadata,False,False,False,False,False,False,True,logical_m16n16k16_input_bits_8192,True,bench_json_metadata,True,True,False,False,False,False,missing NCU validation row,missing NCU validation row,missing NCU validation row for tensor activity,,,,,,,,,,,,,,,,,,,,,,,,,,,,,True,True,True,294.93480645123657,6.14352490234,6.984665039059999,311.86944,1936.792792561312,94.5699605742828,100.0,221184000000.0,8192.0,8192.0,0.12725998526907592,37.53317923578007,1023.756,230.5873721897393,0.22523665032462747,0.7747633496753725,0.7747643720107835,0.0,nvml_total_energy_counter,nvml_total_energy_counter,0.997018991001017,0.9921109407092392,-3.060950569957299,-7.17065516413561,48,54,,,,,,,,,,,,,,,,,,,,,,,,,,,,,,,,,,,,,,,,,,,,,,,,
pair,long5s_tensor_mma_f16acc_t256_b1,0,NVIDIA A100-SXM4-80GB,ampere,ga100,108,tensor_mma_f16acc,tensor_baseline_mov,256,256.0,1,8,strict_nvml_counter,structural_baseline,tensor_mma_f16acc,tensor_baseline_mov,True,True,False,True,True,True,True,True,True,True,fp16-energy-bench-v2,fp16-energy-bench-v2,True,True,bench_json_metadata,bench_json_metadata,False,False,False,False,False,False,True,logical_m16n16k16_input_bits_8192,True,bench_json_metadata,True,True,False,False,False,False,missing NCU validation row,missing NCU validation row,missing NCU validation row for tensor activity,,,,,,,,,,,,,,,,,,,,,,,,,,,,,True,True,True,299.34733412089315,6.05296630859,14.7587695312,311.86944,1965.7692022648616,95.98482432933896,99.83333333333333,221184000000.0,8192.0,8192.0,0.20217123330929784,60.51917279363896,1020.052,366.3220086233804,0.3591209160154388,0.6408790839845612,0.6408800230645207,0.0,nvml_total_energy_counter,nvml_total_energy_counter,0.9954203601004039,1.0010470145889818,-4.692962919094384,1.6671642990559121,47,114,,,,,,,,,,,,,,,,,,,,,,,,,,,,,,,,,,,,,,,,,,,,,,,,
pair,long5s_tensor_mma_f16acc_t256_b2,0,NVIDIA A100-SXM4-80GB,ampere,ga100,108,tensor_mma_f16acc,tensor_baseline_mov,256,512.0,2,8,strict_nvml_counter,structural_baseline,tensor_mma_f16acc,tensor_baseline_mov,True,True,False,True,True,True,True,True,True,True,fp16-energy-bench-v2,fp16-energy-bench-v2,True,True,bench_json_metadata,bench_json_metadata,False,False,False,False,False,False,True,logical_m16n16k16_input_bits_8192,True,bench_json_metadata,True,True,False,False,False,False,missing NCU validation row,missing NCU validation row,missing NCU validation row for tensor activity,,,,,,,,,,,,,,,,,,,,,,,,,,,,,True,True,True,303.9600876305008,5.961109375,7.37937207031,311.86944,1996.0604651333124,97.46388989908752,100.0,221184000000.0,8192.0,8192.0,0.14747411016899217,44.82536695479416,1015.562,267.2141400770016,0.26311947481000825,0.7368805251899917,0.7368843163280845,0.0,nvml_total_energy_counter,nvml_total_energy_counter,0.9940397269030686,1.0081466201838882,-6.089320882299148,7.486002585493452,46,57,,,,,,,,,,,,,,,,,,,,,,,,,,,,,,,,,,,,,,,,,,,,,,,,
pair,long5s_tensor_mma_f16acc_t256_b4,0,NVIDIA A100-SXM4-80GB,ampere,ga100,108,tensor_mma_f16acc,tensor_baseline_mov,256,1024.0,4,8,strict_nvml_counter,structural_baseline,tensor_mma_f16acc,tensor_baseline_mov,True,True,False,True,True,True,True,True,True,True,fp16-energy-bench-v2,fp16-energy-bench-v2,True,True,bench_json_metadata,bench_json_metadata,False,False,False,False,False,False,True,logical_m16n16k16_input_bits_8192,True,bench_json_metadata,True,True,False,False,False,False,missing NCU validation row,missing NCU validation row,missing NCU validation row for tensor activity,,,,,,,,,,,,,,,,,,,,,,,,,,,,,True,True,True,306.1220372577311,5.919009765619999,6.49960351562,311.86944,2010.2576652070602,98.15711255893848,100.0,221184000000.0,8192.0,8192.0,0.12750438103718179,39.03165568795126,1021.881,231.03020249356712,0.22608327436713974,0.7739167256328603,0.773917824775849,0.0,nvml_total_energy_counter,nvml_total_energy_counter,1.0004496941681695,0.9985654804576046,0.4593273694240452,-1.2475651592451413,46,50,,,,,,,,,,,,,,,,,,,,,,,,,,,,,,,,,,,,,,,,,,,,,,,,
pair,long5s_tensor_mma_f16acc_t256_b8,0,NVIDIA A100-SXM4-80GB,ampere,ga100,108,tensor_mma_f16acc,tensor_baseline_mov,256,2048.0,8,8,strict_nvml_counter,structural_baseline,tensor_mma_f16acc,tensor_baseline_mov,True,True,False,True,True,True,True,True,True,True,fp16-energy-bench-v2,fp16-energy-bench-v2,True,True,bench_json_metadata,bench_json_metadata,False,False,False,False,False,False,True,logical_m16n16k16_input_bits_8192,True,bench_json_metadata,True,True,False,False,False,False,missing NCU validation row,missing NCU validation row,missing NCU validation row for tensor activity,,,,,,,,,,,,,,,,,,,,,,,,,,,,,True,True,True,307.2313732396474,5.897637695309999,5.706118164059999,311.86944,2017.5425087972642,98.51281781236642,100.0,221184000000.0,8192.0,8192.0,0.10413397112681302,31.992916489968536,1010.587,188.68443766548899,0.18670776258302252,0.8132922374169774,0.8132936919577348,0.0,nvml_total_energy_counter,nvml_total_energy_counter,0.9892921972773066,1.0018830553413645,-10.938291295433487,1.494617522718272,46,44,,,,,,,,,,,,,,,,,,,,,,,,,,,,,,,,,,,,,,,,,,,,,,,,
pair,long5s_tensor_mma_f16acc_t256_b8,0,NVIDIA A100-SXM4-80GB,ampere,ga100,108,tensor_mma_f16acc,tensor_baseline_mov,256,2048.0,8,8,strict_nvml_counter,structural_baseline,tensor_mma_f16acc,tensor_baseline_mov,True,True,False,True,True,True,True,True,True,True,fp16-energy-bench-v2,fp16-energy-bench-v2,True,True,bench_json_metadata,bench_json_metadata,False,False,False,False,False,False,True,logical_m16n16k16_input_bits_8192,True,bench_json_metadata,True,True,False,False,False,False,missing NCU validation row,missing NCU validation row,missing NCU validation row for tensor activity,,,,,,,,,,,,,,,,,,,,,,,,,,,,,True,True,True,307.23055927349054,5.89765332031,5.70623779297,311.86944,2017.537163603169,98.51255681656099,100.0,221184000000.0,8192.0,8192.0,0.09902931444754032,30.424763881493305,1003.781,179.4351094723769,0.17875922085831164,0.8212407791416884,0.8212411061938057,0.0,nvml_total_energy_counter,nvml_total_energy_counter,0.9899442306495585,0.9850138797964115,-10.196322077388572,-12.13467628903993,46,44,,,,,,,,,,,,,,,,,,,,,,,,,,,,,,,,,,,,,,,,,,,,,,,,
pair,long5s_tensor_mma_f16acc_t256_b8,1,NVIDIA A100-SXM4-80GB,ampere,ga100,108,tensor_mma_f16acc,tensor_baseline_mov,256,2048.0,8,8,strict_nvml_counter,structural_baseline,tensor_mma_f16acc,tensor_baseline_mov,True,True,False,True,True,True,True,True,True,True,fp16-energy-bench-v2,fp16-energy-bench-v2,True,True,bench_json_metadata,bench_json_metadata,False,False,False,False,False,False,True,logical_m16n16k16_input_bits_8192,True,bench_json_metadata,True,True,False,False,False,False,missing NCU validation row,missing NCU validation row,missing NCU validation row for tensor activity,,,,,,,,,,,,,,,,,,,,,,,,,,,,,True,True,True,307.2674718878125,5.896944824219999,5.707844726559999,311.86944,2017.7795632244056,98.52439273556669,100.0,221184000000.0,8192.0,8192.0,0.11996716920069075,36.861840798675274,1025.443,217.3732319435619,0.2119798291504861,0.7880201708495139,0.7880209321212712,0.0,nvml_total_energy_counter,nvml_total_energy_counter,1.0071556691774504,0.9859077623627713,7.285597542557753,-11.179906302232553,46,44,,,,,,,,,,,,,,,,,,,,,,,,,,,,,,,,,,,,,,,,,,,,,,,,
pair,long5s_tensor_mma_f16acc_t256_b8,2,NVIDIA A100-SXM4-80GB,ampere,ga100,108,tensor_mma_f16acc,tensor_baseline_mov,256,2048.0,8,8,strict_nvml_counter,structural_baseline,tensor_mma_f16acc,tensor_baseline_mov,True,True,False,True,True,True,True,True,True,True,fp16-energy-bench-v2,fp16-energy-bench-v2,True,True,bench_json_metadata,bench_json_metadata,False,False,False,False,False,False,True,logical_m16n16k16_input_bits_8192,True,bench_json_metadata,True,True,False,False,False,False,missing NCU validation row,missing NCU validation row,missing NCU validation row for tensor activity,,,,,,,,,,,,,,,,,,,,,,,,,,,,,True,True,True,307.3205286344215,5.89592675781,5.70525,311.86944,2018.1279789494452,98.54140522214088,100.0,221184000000.0,8192.0,8192.0,0.11325896706469955,34.80628583332796,1026.3,205.21837667318584,0.19995944331402696,0.8000405566859731,0.8000429457363509,0.0,nvml_total_energy_counter,nvml_total_energy_counter,1.003282592372894,0.9973332592983214,3.35790192903994,-2.124468228859314,46,44,,,,,,,,,,,,,,,,,,,,,,,,,,,,,,,,,,,,,,,,,,,,,,,,
pair,long5s_tensor_mma_f16acc_t256_b8,3,NVIDIA A100-SXM4-80GB,ampere,ga100,108,tensor_mma_f16acc,tensor_baseline_mov,256,2048.0,8,8,strict_nvml_counter,structural_baseline,tensor_mma_f16acc,tensor_baseline_mov,True,True,False,True,True,True,True,True,True,True,fp16-energy-bench-v2,fp16-energy-bench-v2,True,True,bench_json_metadata,bench_json_metadata,False,False,False,False,False,False,True,logical_m16n16k16_input_bits_8192,True,bench_json_metadata,True,True,False,False,False,False,missing NCU validation row,missing NCU validation row,missing NCU validation row for tensor activity,,,,,,,,,,,,,,,,,,,,,,,,,,,,,True,True,True,307.26647963393725,5.89696386719,5.70562548828,311.86944,2017.7730472415108,98.52407457233939,100.0,221184000000.0,8192.0,8192.0,0.11311144448197306,34.75505163355149,1027.311,204.9510747037756,0.19950246293846324,0.8004975370615368,0.8004989326548063,0.0,nvml_total_energy_counter,nvml_total_energy_counter,1.0049762569038698,1.0061583445724174,5.086849983820457,4.870116702685436,46,44,,,,,,,,,,,,,,,,,,,,,,,,,,,,,,,,,,,,,,,,,,,,,,,,
pair,long5s_tensor_mma_f16acc_t384_b1,0,NVIDIA A100-SXM4-80GB,ampere,ga100,108,tensor_mma_f16acc,tensor_baseline_mov,384,384.0,1,8,strict_nvml_counter,structural_baseline,tensor_mma_f16acc,tensor_baseline_mov,True,True,False,True,True,True,True,True,True,True,fp16-energy-bench-v2,fp16-energy-bench-v2,True,True,bench_json_metadata,bench_json_metadata,False,False,False,False,False,False,True,logical_m16n16k16_input_bits_8192,True,bench_json_metadata,True,True,False,False,False,False,missing NCU validation row,missing NCU validation row,missing NCU validation row for tensor activity,,,,,,,,,,,,,,,,,,,,,,,,,,,,,True,True,True,306.4889454546046,5.91192382812,9.688875,311.86944,2012.6670964972723,98.27476057115587,100.0,221183996544.0,8192.0,8192.0,0.18432635916006604,56.4936248753956,1029.146,333.98817413061136,0.32452943909864235,0.6754705609013577,0.6754719832559415,0.0,nvml_total_energy_counter,nvml_total_energy_counter,0.9984425156468648,0.9963132971217902,-1.6053791449908204,-4.215710493582947,46,75,,,,,,,,,,,,,,,,,,,,,,,,,,,,,,,,,,,,,,,,,,,,,,,,
pair,long5s_tensor_mma_f16acc_t384_b2,0,NVIDIA A100-SXM4-80GB,ampere,ga100,108,tensor_mma_f16acc,tensor_baseline_mov,384,768.0,2,8,strict_nvml_counter,structural_baseline,tensor_mma_f16acc,tensor_baseline_mov,True,True,False,True,True,True,True,True,True,True,fp16-energy-bench-v2,fp16-energy-bench-v2,True,True,bench_json_metadata,bench_json_metadata,False,False,False,False,False,False,True,logical_m16n16k16_input_bits_8192,True,bench_json_metadata,True,True,False,False,False,False,missing NCU validation row,missing NCU validation row,missing NCU validation row for tensor activity,,,,,,,,,,,,,,,,,,,,,,,,,,,,,True,True,True,307.50501795189524,5.89238964844,5.770047363280001,311.86944,2019.3394927232416,98.60056116812703,100.0,221184006912.0,8192.0,8192.0,0.10970927875883468,33.735887269500694,1018.851,198.7865630417275,0.19510857136296428,0.8048914286370358,0.8048926690276663,0.0,nvml_total_energy_counter,nvml_total_energy_counter,0.9879905943914487,1.0100675354320088,-12.384525706152886,8.004042603277071,45,44,,,,,,,,,,,,,,,,,,,,,,,,,,,,,,,,,,,,,,,,,,,,,,,,
pair,long5s_tensor_mma_f16acc_t384_b2,0,NVIDIA A100-SXM4-80GB,ampere,ga100,108,tensor_mma_f16acc,tensor_baseline_mov,384,768.0,2,8,strict_nvml_counter,structural_baseline,tensor_mma_f16acc,tensor_baseline_mov,True,True,False,True,True,True,True,True,True,True,fp16-energy-bench-v2,fp16-energy-bench-v2,True,True,bench_json_metadata,bench_json_metadata,False,False,False,False,False,False,True,logical_m16n16k16_input_bits_8192,True,bench_json_metadata,True,True,False,False,False,False,missing NCU validation row,missing NCU validation row,missing NCU validation row for tensor activity,,,,,,,,,,,,,,,,,,,,,,,,,,,,,True,True,True,307.5247676468817,5.89201123047,5.76904394531,311.86944,2019.4691860183982,98.6068938485546,100.0,221184006912.0,8192.0,8192.0,0.10968121462769116,33.729354550957396,1019.555,198.73571253721332,0.1949239742213155,0.8050760257786845,0.8050775866735596,0.0,nvml_total_energy_counter,nvml_total_energy_counter,0.9903846922528329,1.008763334683752,-9.898512332478845,6.981846484534117,46,44,,,,,,,,,,,,,,,,,,,,,,,,,,,,,,,,,,,,,,,,,,,,,,,,
pair,long5s_tensor_mma_f16acc_t384_b2,1,NVIDIA A100-SXM4-80GB,ampere,ga100,108,tensor_mma_f16acc,tensor_baseline_mov,384,768.0,2,8,strict_nvml_counter,structural_baseline,tensor_mma_f16acc,tensor_baseline_mov,True,True,False,True,True,True,True,True,True,True,fp16-energy-bench-v2,fp16-energy-bench-v2,True,True,bench_json_metadata,bench_json_metadata,False,False,False,False,False,False,True,logical_m16n16k16_input_bits_8192,True,bench_json_metadata,True,True,False,False,False,False,missing NCU validation row,missing NCU validation row,missing NCU validation row for tensor activity,,,,,,,,,,,,,,,,,,,,,,,,,,,,,True,True,True,307.5920885670595,5.89072167969,5.77112597656,311.86944,2019.911272439319,98.62848009957612,100.0,221184006912.0,8192.0,8192.0,0.11674264829556802,35.90879036691359,1019.379,211.53060231194297,0.2075092799753016,0.7924907200246984,0.7924922067798185,0.0,nvml_total_energy_counter,nvml_total_energy_counter,0.9900560584726424,0.9910992005046424,-10.238455775781063,-7.107802888967967,46,44,,,,,,,,,,,,,,,,,,,,,,,,,,,,,,,,,,,,,,,,,,,,,,,,
pair,long5s_tensor_mma_f16acc_t384_b2,2,NVIDIA A100-SXM4-80GB,ampere,ga100,108,tensor_mma_f16acc,tensor_baseline_mov,384,768.0,2,8,strict_nvml_counter,structural_baseline,tensor_mma_f16acc,tensor_baseline_mov,True,True,False,True,True,True,True,True,True,True,fp16-energy-bench-v2,fp16-energy-bench-v2,True,True,bench_json_metadata,bench_json_metadata,False,False,False,False,False,False,True,logical_m16n16k16_input_bits_8192,True,bench_json_metadata,True,True,False,False,False,False,missing NCU validation row,missing NCU validation row,missing NCU validation row for tensor activity,,,,,,,,,,,,,,,,,,,,,,,,,,,,,True,True,True,307.4233194002095,5.89395556641,5.77115625,311.86944,2018.802990545111,98.5743647727105,100.0,221184006912.0,8192.0,8192.0,0.12443589758215214,38.25417219048907,1034.509,225.47030369002835,0.2179490982582349,0.7820509017417651,0.782052347576899,0.0,nvml_total_energy_counter,nvml_total_energy_counter,1.0023885324138724,0.9958477350824548,2.4650703784413963,-3.303073065852004,46,44,,,,,,,,,,,,,,,,,,,,,,,,,,,,,,,,,,,,,,,,,,,,,,,,
pair,long5s_tensor_mma_f16acc_t384_b2,3,NVIDIA A100-SXM4-80GB,ampere,ga100,108,tensor_mma_f16acc,tensor_baseline_mov,384,768.0,2,8,strict_nvml_counter,structural_baseline,tensor_mma_f16acc,tensor_baseline_mov,True,True,False,True,True,True,True,True,True,True,fp16-energy-bench-v2,fp16-energy-bench-v2,True,True,bench_json_metadata,bench_json_metadata,False,False,False,False,False,False,True,logical_m16n16k16_input_bits_8192,True,bench_json_metadata,True,True,False,False,False,False,missing NCU validation row,missing NCU validation row,missing NCU validation row for tensor activity,,,,,,,,,,,,,,,,,,,,,,,,,,,,,True,True,True,307.57309501647296,5.891085449219999,5.7711420898400005,311.86944,2019.786544631422,98.62238987458116,100.0,221184006912.0,8192.0,8192.0,0.11646546064707863,35.821395507630456,1019.463,211.02835509471402,0.20699952337133767,0.7930004766286624,0.7930016070559155,0.0,nvml_total_energy_counter,nvml_total_energy_counter,0.9881402288483545,0.9961402832111291,-12.235710605225677,-3.0686471725939555,46,45,,,,,,,,,,,,,,,,,,,,,,,,,,,,,,,,,,,,,,,,,,,,,,,,
pair,long5s_tensor_mma_f16acc_t384_b4,0,NVIDIA A100-SXM4-80GB,ampere,ga100,108,tensor_mma_f16acc,tensor_baseline_mov,384,1536.0,4,8,strict_nvml_counter,structural_baseline,tensor_mma_f16acc,tensor_baseline_mov,True,True,False,True,True,True,True,True,True,True,fp16-energy-bench-v2,fp16-energy-bench-v2,True,True,bench_json_metadata,bench_json_metadata,False,False,False,False,False,False,True,logical_m16n16k16_input_bits_8192,True,bench_json_metadata,True,True,False,False,False,False,missing NCU validation row,missing NCU validation row,missing NCU validation row for tensor activity,,,,,,,,,,,,,,,,,,,,,,,,,,,,,True,True,True,308.0258267136026,5.882426269530001,5.62714599609,311.86944,2022.7595660205059,98.767556934595,100.0,221183986176.0,8192.0,8192.0,0.11776597058478604,36.2742528883403,1037.69,213.3847802661154,0.2056344190134967,0.7943655809865033,0.7943687671947123,0.0,nvml_total_energy_counter,nvml_total_energy_counter,1.0080668867579277,1.0027686587911329,8.30394076999778,2.17716483927029,46,43,,,,,,,,,,,,,,,,,,,,,,,,,,,,,,,,,,,,,,,,,,,,,,,,
pair,long5s_tensor_mma_f16acc_t384_b4,0,NVIDIA A100-SXM4-80GB,ampere,ga100,108,tensor_mma_f16acc,tensor_baseline_mov,384,1536.0,4,8,strict_nvml_counter,structural_baseline,tensor_mma_f16acc,tensor_baseline_mov,True,True,False,True,True,True,True,True,True,True,fp16-energy-bench-v2,fp16-energy-bench-v2,True,True,bench_json_metadata,bench_json_metadata,False,False,False,False,False,False,True,logical_m16n16k16_input_bits_8192,True,bench_json_metadata,True,True,False,False,False,False,missing NCU validation row,missing NCU validation row,missing NCU validation row for tensor activity,,,,,,,,,,,,,,,,,,,,,,,,,,,,,True,True,True,307.90120645626064,5.8848071289099995,5.62748193359,311.86944,2021.9412034164739,98.72759782307001,100.0,221183986176.0,8192.0,8192.0,0.11887320871585655,36.599715624123405,1033.98,215.39102845587274,0.2083125674151074,0.7916874325848926,0.7916941407030753,0.0,nvml_total_energy_counter,nvml_total_energy_counter,1.0072033537320901,1.0028014738359297,7.394855928853076,2.1868532990961285,45,43,,,,,,,,,,,,,,,,,,,,,,,,,,,,,,,,,,,,,,,,,,,,,,,,
pair,long5s_tensor_mma_f16acc_t384_b4,1,NVIDIA A100-SXM4-80GB,ampere,ga100,108,tensor_mma_f16acc,tensor_baseline_mov,384,1536.0,4,8,strict_nvml_counter,structural_baseline,tensor_mma_f16acc,tensor_baseline_mov,True,True,False,True,True,True,True,True,True,True,fp16-energy-bench-v2,fp16-energy-bench-v2,True,True,bench_json_metadata,bench_json_metadata,False,False,False,False,False,False,True,logical_m16n16k16_input_bits_8192,True,bench_json_metadata,True,True,False,False,False,False,missing NCU validation row,missing NCU validation row,missing NCU validation row for tensor activity,,,,,,,,,,,,,,,,,,,,,,,,,,,,,True,True,True,307.88143392518987,5.88518505859,5.6270478515599995,311.86944,2021.8113601601647,98.72125782032055,99.83333333333333,221183986176.0,8192.0,8192.0,0.10858909809877729,33.431763515078785,1019.325,196.75684513992098,0.19302660597936966,0.8069733940206304,0.8069771386721676,0.0,nvml_total_energy_counter,nvml_total_energy_counter,0.990681143818745,0.9967196583548344,-9.588295019265843,-2.588446890637897,46,43,,,,,,,,,,,,,,,,,,,,,,,,,,,,,,,,,,,,,,,,,,,,,,,,
pair,long5s_tensor_mma_f16acc_t384_b4,2,NVIDIA A100-SXM4-80GB,ampere,ga100,108,tensor_mma_f16acc,tensor_baseline_mov,384,1536.0,4,8,strict_nvml_counter,structural_baseline,tensor_mma_f16acc,tensor_baseline_mov,True,True,False,True,True,True,True,True,True,True,fp16-energy-bench-v2,fp16-energy-bench-v2,True,True,bench_json_metadata,bench_json_metadata,False,False,False,False,False,False,True,logical_m16n16k16_input_bits_8192,True,bench_json_metadata,True,True,False,False,False,False,missing NCU validation row,missing NCU validation row,missing NCU validation row for tensor activity,,,,,,,,,,,,,,,,,,,,,,,,,,,,,True,True,True,307.9394047772092,5.88407714844,5.62710009766,311.86944,2022.192046080964,98.73984600004707,100.0,221183986176.0,8192.0,8192.0,0.10868677901975894,33.46856089560768,1020.22,196.93383703118093,0.19303075516180915,0.8069692448381909,0.806971018742892,0.0,nvml_total_energy_counter,nvml_total_energy_counter,0.993142528333356,0.9979907644388495,-7.044436769296453,-1.5851203329734744,46,43,,,,,,,,,,,,,,,,,,,,,,,,,,,,,,,,,,,,,,,,,,,,,,,,
pair,long5s_tensor_mma_f16acc_t384_b4,3,NVIDIA A100-SXM4-80GB,ampere,ga100,108,tensor_mma_f16acc,tensor_baseline_mov,384,1536.0,4,8,strict_nvml_counter,structural_baseline,tensor_mma_f16acc,tensor_baseline_mov,True,True,False,True,True,True,True,True,True,True,fp16-energy-bench-v2,fp16-energy-bench-v2,True,True,bench_json_metadata,bench_json_metadata,False,False,False,False,False,False,True,logical_m16n16k16_input_bits_8192,True,bench_json_metadata,True,True,False,False,False,False,missing NCU validation row,missing NCU validation row,missing NCU validation row for tensor activity,,,,,,,,,,,,,,,,,,,,,,,,,,,,,True,True,True,307.99000978680056,5.88311035156,5.62932226562,311.86944,2022.524361615449,98.75607234450435,100.0,221183986176.0,8192.0,8192.0,0.11830039926272104,36.43508069655465,1038.04,214.35313254515484,0.20649795050783673,0.7935020494921633,0.7935032206970235,0.0,nvml_total_energy_counter,nvml_total_energy_counter,1.0100880894414261,1.0009949113659444,10.367254572389584,0.7833659828172586,46,43,,,,,,,,,,,,,,,,,,,,,,,,,,,,,,,,,,,,,,,,,,,,,,,,
pair,long5s_tensor_mma_f16acc_t384_b8,0,NVIDIA A100-SXM4-80GB,ampere,ga100,108,tensor_mma_f16acc,tensor_baseline_mov,384,3072.0,8,8,strict_nvml_counter,structural_baseline,tensor_mma_f16acc,tensor_baseline_mov,True,True,False,True,True,True,True,True,True,True,fp16-energy-bench-v2,fp16-energy-bench-v2,True,True,bench_json_metadata,bench_json_metadata,False,False,False,False,False,False,True,logical_m16n16k16_input_bits_8192,True,bench_json_metadata,True,True,False,False,False,False,missing NCU validation row,missing NCU validation row,missing NCU validation row for tensor activity,,,,,,,,,,,,,,,,,,,,,,,,,,,,,True,True,True,308.2755815664658,5.877661621090001,5.352741699219999,311.86944,2024.399668810519,98.8476400786386,100.0,221184027648.0,8192.0,8192.0,0.11444559735857009,35.28042245534078,1039.438,207.3685046915059,0.19950060002761674,0.8004993999723833,0.8005010323756043,0.0,nvml_total_energy_counter,nvml_total_energy_counter,1.008186721104707,0.9934677969938989,8.440489081536725,-4.982394695715129,45,42,,,,,,,,,,,,,,,,,,,,,,,,,,,,,,,,,,,,,,,,,,,,,,,,
pair,long5s_tensor_mma_f16acc_t384_b8,0,NVIDIA A100-SXM4-80GB,ampere,ga100,108,tensor_mma_f16acc,tensor_baseline_mov,384,3072.0,8,8,strict_nvml_counter,structural_baseline,tensor_mma_f16acc,tensor_baseline_mov,True,True,False,True,True,True,True,True,True,True,fp16-energy-bench-v2,fp16-energy-bench-v2,True,True,bench_json_metadata,bench_json_metadata,False,False,False,False,False,False,True,logical_m16n16k16_input_bits_8192,True,bench_json_metadata,True,True,False,False,False,False,missing NCU validation row,missing NCU validation row,missing NCU validation row for tensor activity,,,,,,,,,,,,,,,,,,,,,,,,,,,,,True,True,True,308.1211300215927,5.88060791016,5.35592871094,311.86944,2023.3854085998994,98.79811565429198,100.0,221184027648.0,8192.0,8192.0,0.10151500984574019,31.27881114230871,1031.929,183.9390617141837,0.178247788088312,0.821752211911688,0.8217527195623172,0.0,nvml_total_energy_counter,nvml_total_energy_counter,1.0092429453432397,0.985322632258711,9.450710940426916,-11.504688683659879,46,41,,,,,,,,,,,,,,,,,,,,,,,,,,,,,,,,,,,,,,,,,,,,,,,,
pair,long5s_tensor_mma_f16acc_t384_b8,1,NVIDIA A100-SXM4-80GB,ampere,ga100,108,tensor_mma_f16acc,tensor_baseline_mov,384,3072.0,8,8,strict_nvml_counter,structural_baseline,tensor_mma_f16acc,tensor_baseline_mov,True,True,False,True,True,True,True,True,True,True,fp16-energy-bench-v2,fp16-energy-bench-v2,True,True,bench_json_metadata,bench_json_metadata,False,False,False,False,False,False,True,logical_m16n16k16_input_bits_8192,True,bench_json_metadata,True,True,False,False,False,False,missing NCU validation row,missing NCU validation row,missing NCU validation row for tensor activity,,,,,,,,,,,,,,,,,,,,,,,,,,,,,True,True,True,308.1540858032883,5.87997900391,5.35385595703,311.86944,2023.6018242926734,98.8086828267907,100.0,221184027648.0,8192.0,8192.0,0.10578686002233789,32.598430520611856,1019.714,191.6793960200265,0.18797368283658603,0.812026317163414,0.8120273595562049,0.0,nvml_total_energy_counter,nvml_total_energy_counter,0.9910937544428102,1.0023834645526286,-9.163435085119659,1.7927306556260874,45,42,,,,,,,,,,,,,,,,,,,,,,,,,,,,,,,,,,,,,,,,,,,,,,,,
pair,long5s_tensor_mma_f16acc_t384_b8,2,NVIDIA A100-SXM4-80GB,ampere,ga100,108,tensor_mma_f16acc,tensor_baseline_mov,384,3072.0,8,8,strict_nvml_counter,structural_baseline,tensor_mma_f16acc,tensor_baseline_mov,True,True,False,True,True,True,True,True,True,True,fp16-energy-bench-v2,fp16-energy-bench-v2,True,True,bench_json_metadata,bench_json_metadata,False,False,False,False,False,False,True,logical_m16n16k16_input_bits_8192,True,bench_json_metadata,True,True,False,False,False,False,missing NCU validation row,missing NCU validation row,missing NCU validation row for tensor activity,,,,,,,,,,,,,,,,,,,,,,,,,,,,,True,True,True,308.17760437047383,5.87953027344,5.35607177734,311.86944,2023.75626720826,98.81622398477832,100.0,221184027648.0,8192.0,8192.0,0.11524499355875018,35.51555909965765,1038.297,208.81696228632313,0.20111486625341604,0.798885133746584,0.7988867936798977,0.0,nvml_total_energy_counter,nvml_total_energy_counter,1.0081483603041363,0.9922579523105324,8.392036719825228,-5.895792226318804,46,42,,,,,,,,,,,,,,,,,,,,,,,,,,,,,,,,,,,,,,,,,,,,,,,,
pair,long5s_tensor_mma_f16acc_t384_b8,3,NVIDIA A100-SXM4-80GB,ampere,ga100,108,tensor_mma_f16acc,tensor_baseline_mov,384,3072.0,8,8,strict_nvml_counter,structural_baseline,tensor_mma_f16acc,tensor_baseline_mov,True,True,False,True,True,True,True,True,True,True,fp16-energy-bench-v2,fp16-energy-bench-v2,True,True,bench_json_metadata,bench_json_metadata,False,False,False,False,False,False,True,logical_m16n16k16_input_bits_8192,True,bench_json_metadata,True,True,False,False,False,False,missing NCU validation row,missing NCU validation row,missing NCU validation row for tensor activity,,,,,,,,,,,,,,,,,,,,,,,,,,,,,True,True,True,308.19370347904476,5.87922314453,5.355592773440001,311.86944,2023.861987648048,98.82138611562735,100.0,221184027648.0,8192.0,8192.0,0.10485653906065089,32.31584978108418,1020.838,189.99371067117238,0.1861154371909866,0.8138845628090134,0.8138858533561202,0.0,nvml_total_energy_counter,nvml_total_energy_counter,0.9950363727704264,0.9951194165439583,-5.0923357501751525,-3.7119764383323854,46,42,,,,,,,,,,,,,,,,,,,,,,,,,,,,,,,,,,,,,,,,,,,,,,,,
pair,full5s_tensor_mma_f16acc_t032_b01,0,NVIDIA A100-SXM4-80GB,ampere,ga100,108,tensor_mma_f16acc,tensor_baseline_mov,32,32.0,1,8,strict_nvml_counter,structural_baseline,tensor_mma_f16acc,tensor_baseline_mov,True,True,False,True,True,True,True,True,True,True,fp16-energy-bench-v2,fp16-energy-bench-v2,True,True,bench_json_metadata,bench_json_metadata,False,False,False,False,False,False,True,logical_m16n16k16_input_bits_8192,True,bench_json_metadata,True,True,False,False,False,False,missing NCU validation row,missing NCU validation row,missing NCU validation row for tensor activity,,,,,,,,,,,,,,,,,,,,,,,,,,,,,True,True,True,50.89573131027497,35.6010078125,112.610875,311.86944,334.22466056130133,16.319563503969793,100.0,221184000000.0,8192.0,8192.0,0.18363641726354013,9.346576411145705,3719.717,332.73804649282647,0.0894525165470455,0.9105474834529544,0.9105451595892733,0.0,nvml_total_energy_counter,nvml_total_energy_counter,0.9992489400193377,0.9997488938633867,-2.795830414426291,-2.69088421692868,276,871,,,,,,,,,,,,,,,,,,,,,,,,,,,,,,,,,,,,,,,,,,,,,,,,
pair,full5s_tensor_mma_f16acc_t032_b02,0,NVIDIA A100-SXM4-80GB,ampere,ga100,108,tensor_mma_f16acc,tensor_baseline_mov,32,64.0,2,8,strict_nvml_counter,structural_baseline,tensor_mma_f16acc,tensor_baseline_mov,True,True,False,True,True,True,True,True,True,True,fp16-energy-bench-v2,fp16-energy-bench-v2,True,True,bench_json_metadata,bench_json_metadata,False,False,False,False,False,False,True,logical_m16n16k16_input_bits_8192,True,bench_json_metadata,True,True,False,False,False,False,missing NCU validation row,missing NCU validation row,missing NCU validation row for tensor activity,,,,,,,,,,,,,,,,,,,,,,,,,,,,,True,True,True,101.78539828753452,17.8015644531,56.3100390625,311.86944,668.4094975540748,32.637182497757564,100.0,221184000000.0,8192.0,8192.0,0.1842291323015573,18.752098767006416,2080.059,333.81201018050683,0.160481991222608,0.839518008777392,0.8395161180424484,0.0,nvml_total_energy_counter,nvml_total_energy_counter,0.999346931864545,0.9994455007596963,-1.359307973490104,-3.064595641608321,137,436,,,,,,,,,,,,,,,,,,,,,,,,,,,,,,,,,,,,,,,,,,,,,,,,
pair,full5s_tensor_mma_f16acc_t032_b04,0,NVIDIA A100-SXM4-80GB,ampere,ga100,108,tensor_mma_f16acc,tensor_baseline_mov,32,128.0,4,8,strict_nvml_counter,structural_baseline,tensor_mma_f16acc,tensor_baseline_mov,True,True,False,True,True,True,True,True,True,True,fp16-energy-bench-v2,fp16-energy-bench-v2,True,True,bench_json_metadata,bench_json_metadata,False,False,False,False,False,False,True,logical_m16n16k16_input_bits_8192,True,bench_json_metadata,True,True,False,False,False,False,missing NCU validation row,missing NCU validation row,missing NCU validation row for tensor activity,,,,,,,,,,,,,,,,,,,,,,,,,,,,,True,True,True,203.49794331881498,8.90396875,28.1534199219,311.86944,1336.3405786630876,65.25100481753357,100.0,221184000000.0,8192.0,8192.0,0.18760505053583584,38.17736812064753,1271.274,339.92896919730845,0.26739237111536024,0.7326076288846397,0.7326069814329703,0.0,nvml_total_energy_counter,nvml_total_energy_counter,1.0042786500625736,0.9996752179760742,5.416162714709799,-0.956731431483604,69,219,,,,,,,,,,,,,,,,,,,,,,,,,,,,,,,,,,,,,,,,,,,,,,,,
pair,full5s_tensor_mma_f16acc_t032_b08,0,NVIDIA A100-SXM4-80GB,ampere,ga100,108,tensor_mma_f16acc,tensor_baseline_mov,32,256.0,8,8,strict_nvml_counter,structural_baseline,tensor_mma_f16acc,tensor_baseline_mov,True,True,False,True,True,True,True,True,True,True,fp16-energy-bench-v2,fp16-energy-bench-v2,True,True,bench_json_metadata,bench_json_metadata,False,False,False,False,False,False,True,logical_m16n16k16_input_bits_8192,True,bench_json_metadata,True,True,False,False,False,False,missing NCU validation row,missing NCU validation row,missing NCU validation row for tensor activity,,,,,,,,,,,,,,,,,,,,,,,,,,,,,True,True,True,268.6370114890345,6.744935546880001,14.7589501953,311.86944,1764.0991035528925,86.13765154066859,100.0,221184000000.0,8192.0,8192.0,0.16600215054890208,44.59421009546644,1063.463,300.78582511213244,0.28283619186763664,0.7171638081323634,0.7171643154277354,0.0,nvml_total_energy_counter,nvml_total_energy_counter,0.9949636940007416,1.0001026956275263,-5.383035701888957,0.17136630751383564,52,114,,,,,,,,,,,,,,,,,,,,,,,,,,,,,,,,,,,,,,,,,,,,,,,,
pair,full5s_tensor_mma_f16acc_t064_b01,0,NVIDIA A100-SXM4-80GB,ampere,ga100,108,tensor_mma_f16acc,tensor_baseline_mov,64,64.0,1,8,strict_nvml_counter,structural_baseline,tensor_mma_f16acc,tensor_baseline_mov,True,True,False,True,True,True,True,True,True,True,fp16-energy-bench-v2,fp16-energy-bench-v2,True,True,bench_json_metadata,bench_json_metadata,False,False,False,False,False,False,True,logical_m16n16k16_input_bits_8192,True,bench_json_metadata,True,True,False,False,False,False,missing NCU validation row,missing NCU validation row,missing NCU validation row for tensor activity,,,,,,,,,,,,,,,,,,,,,,,,,,,,,True,True,True,101.78917305428952,17.8009042969,56.3106875,311.86944,668.4342858831725,32.638392865389285,100.0,221184000000.0,8192.0,8192.0,0.18303138790568255,18.63062525839817,2080.518,331.6417700047298,0.15940346106341294,0.840596538936587,0.8405964552164806,0.0,nvml_total_energy_counter,nvml_total_energy_counter,0.9992735485899426,0.9994686864099135,-1.5124939881402497,-2.9409524616412455,138,436,,,,,,,,,,,,,,,,,,,,,,,,,,,,,,,,,,,,,,,,,,,,,,,,
pair,full5s_tensor_mma_f16acc_t064_b02,0,NVIDIA A100-SXM4-80GB,ampere,ga100,108,tensor_mma_f16acc,tensor_baseline_mov,64,128.0,2,8,strict_nvml_counter,structural_baseline,tensor_mma_f16acc,tensor_baseline_mov,True,True,False,True,True,True,True,True,True,True,fp16-energy-bench-v2,fp16-energy-bench-v2,True,True,bench_json_metadata,bench_json_metadata,False,False,False,False,False,False,True,logical_m16n16k16_input_bits_8192,True,bench_json_metadata,True,True,False,False,False,False,missing NCU validation row,missing NCU validation row,missing NCU validation row for tensor activity,,,,,,,,,,,,,,,,,,,,,,,,,,,,,True,True,True,203.51758601190946,8.903109375,28.1520839844,311.86944,1336.4695692928124,65.2573031881256,99.88888888888889,221184000000.0,8192.0,8192.0,0.18001165087345736,36.63566956990665,1256.918,326.17018971582297,0.25949997511040734,0.7405000248895927,0.7404993276487247,0.0,nvml_total_energy_counter,nvml_total_energy_counter,0.9933381170568816,0.9996795192248376,-8.429597577416871,-0.9434968432301503,69,218,,,,,,,,,,,,,,,,,,,,,,,,,,,,,,,,,,,,,,,,,,,,,,,,
pair,full5s_tensor_mma_f16acc_t064_b04,0,NVIDIA A100-SXM4-80GB,ampere,ga100,108,tensor_mma_f16acc,tensor_baseline_mov,64,256.0,4,8,strict_nvml_counter,structural_baseline,tensor_mma_f16acc,tensor_baseline_mov,True,True,False,True,True,True,True,True,True,True,fp16-energy-bench-v2,fp16-energy-bench-v2,True,True,bench_json_metadata,bench_json_metadata,False,False,False,False,False,False,True,logical_m16n16k16_input_bits_8192,True,bench_json_metadata,True,True,False,False,False,False,missing NCU validation row,missing NCU validation row,missing NCU validation row for tensor activity,,,,,,,,,,,,,,,,,,,,,,,,,,,,,True,True,True,268.7988711403528,6.74087402344,14.7601865234,311.86944,1765.1620116913107,86.18955135211478,100.0,221184000000.0,8192.0,8192.0,0.17266958783846312,46.412402271676086,1062.219,312.86681695406185,0.2945407839193818,0.7054592160806182,0.7054636393391929,0.0,nvml_total_energy_counter,nvml_total_energy_counter,0.9943422398217546,1.0006832550649647,-6.043975723944868,1.1203324196401354,52,114,,,,,,,,,,,,,,,,,,,,,,,,,,,,,,,,,,,,,,,,,,,,,,,,
pair,full5s_tensor_mma_f16acc_t064_b08,0,NVIDIA A100-SXM4-80GB,ampere,ga100,108,tensor_mma_f16acc,tensor_baseline_mov,64,512.0,8,8,strict_nvml_counter,structural_baseline,tensor_mma_f16acc,tensor_baseline_mov,True,True,False,True,True,True,True,True,True,True,fp16-energy-bench-v2,fp16-energy-bench-v2,True,True,bench_json_metadata,bench_json_metadata,False,False,False,False,False,False,True,logical_m16n16k16_input_bits_8192,True,bench_json_metadata,True,True,False,False,False,False,missing NCU validation row,missing NCU validation row,missing NCU validation row for tensor activity,,,,,,,,,,,,,,,,,,,,,,,,,,,,,True,True,True,283.6107222545601,6.38882519531,7.7201430664099995,311.86944,1862.429224156554,90.93892696076925,99.85714285714286,221184000000.0,8192.0,8192.0,0.13050866668266328,37.01348396194874,1031.828,236.47378580716088,0.22917946189399868,0.7708205381060013,0.7708213650131169,0.0,nvml_total_energy_counter,nvml_total_energy_counter,0.9870907520461402,1.000053309545376,-13.494325086243634,0.05123264639541958,49,60,,,,,,,,,,,,,,,,,,,,,,,,,,,,,,,,,,,,,,,,,,,,,,,,
pair,full5s_tensor_mma_f16acc_t096_b01,0,NVIDIA A100-SXM4-80GB,ampere,ga100,108,tensor_mma_f16acc,tensor_baseline_mov,96,96.0,1,8,strict_nvml_counter,structural_baseline,tensor_mma_f16acc,tensor_baseline_mov,True,True,False,True,True,True,True,True,True,True,fp16-energy-bench-v2,fp16-energy-bench-v2,True,True,bench_json_metadata,bench_json_metadata,False,False,False,False,False,False,True,logical_m16n16k16_input_bits_8192,True,bench_json_metadata,True,True,False,False,False,False,missing NCU validation row,missing NCU validation row,missing NCU validation row for tensor activity,,,,,,,,,,,,,,,,,,,,,,,,,,,,,True,True,True,152.68417361170458,11.8672373047,37.536859375,311.86944,1002.6541476996624,48.95772205564757,100.0,221183999136.0,8192.0,8192.0,0.19264099649774158,29.41345003691096,1536.587,349.0537963758768,0.22716175288211915,0.7728382471178808,0.7728369418633606,0.0,nvml_total_energy_counter,nvml_total_energy_counter,0.9992049808195745,0.9985794738662108,-1.2225881183962883,-5.343419028000426,91,291,,,,,,,,,,,,,,,,,,,,,,,,,,,,,,,,,,,,,,,,,,,,,,,,
pair,full5s_tensor_mma_f16acc_t096_b02,0,NVIDIA A100-SXM4-80GB,ampere,ga100,108,tensor_mma_f16acc,tensor_baseline_mov,96,192.0,2,8,strict_nvml_counter,structural_baseline,tensor_mma_f16acc,tensor_baseline_mov,True,True,False,True,True,True,True,True,True,True,fp16-energy-bench-v2,fp16-energy-bench-v2,True,True,bench_json_metadata,bench_json_metadata,False,False,False,False,False,False,True,logical_m16n16k16_input_bits_8192,True,bench_json_metadata,True,True,False,False,False,False,missing NCU validation row,missing NCU validation row,missing NCU validation row for tensor activity,,,,,,,,,,,,,,,,,,,,,,,,,,,,,True,True,True,202.8521668897222,8.93231445312,19.6753144531,311.86944,1332.099861371961,65.04393854355278,100.0,221184001728.0,8192.0,8192.0,0.1817776491445802,36.8740836284576,1295.476,329.3700740096541,0.2542463727692787,0.7457536272307214,0.7457531459042774,0.0,nvml_total_energy_counter,nvml_total_energy_counter,1.001260049505627,1.0011158777447033,1.6303096225178706,2.3720001201045307,70,153,,,,,,,,,,,,,,,,,,,,,,,,,,,,,,,,,,,,,,,,,,,,,,,,
pair,full5s_tensor_mma_f16acc_t096_b04,0,NVIDIA A100-SXM4-80GB,ampere,ga100,108,tensor_mma_f16acc,tensor_baseline_mov,96,384.0,4,8,strict_nvml_counter,structural_baseline,tensor_mma_f16acc,tensor_baseline_mov,True,True,False,True,True,True,True,True,True,True,fp16-energy-bench-v2,fp16-energy-bench-v2,True,True,bench_json_metadata,bench_json_metadata,False,False,False,False,False,False,True,logical_m16n16k16_input_bits_8192,True,bench_json_metadata,True,True,False,False,False,False,missing NCU validation row,missing NCU validation row,missing NCU validation row for tensor activity,,,,,,,,,,,,,,,,,,,,,,,,,,,,,True,True,True,274.191307304918,6.60830322266,10.0616318359,311.86944,1800.573334022314,87.91861982530831,100.0,221183996544.0,8192.0,8192.0,0.15000482739901116,41.12987420941076,1058.879,271.7996419072508,0.2566862142957324,0.7433137857042675,0.7433144607457426,0.0,nvml_total_energy_counter,nvml_total_energy_counter,1.0004005040210475,1.0083873808114079,0.4239155174334428,9.967733340468385,51,78,,,,,,,,,,,,,,,,,,,,,,,,,,,,,,,,,,,,,,,,,,,,,,,,
pair,full5s_tensor_mma_f16acc_t096_b08,0,NVIDIA A100-SXM4-80GB,ampere,ga100,108,tensor_mma_f16acc,tensor_baseline_mov,96,768.0,8,8,strict_nvml_counter,structural_baseline,tensor_mma_f16acc,tensor_baseline_mov,True,True,False,True,True,True,True,True,True,True,fp16-energy-bench-v2,fp16-energy-bench-v2,True,True,bench_json_metadata,bench_json_metadata,False,False,False,False,False,False,True,logical_m16n16k16_input_bits_8192,True,bench_json_metadata,True,True,False,False,False,False,missing NCU validation row,missing NCU validation row,missing NCU validation row for tensor activity,,,,,,,,,,,,,,,,,,,,,,,,,,,,,True,True,True,290.68290490767293,6.23338818359,6.71047167969,311.86944,1908.8711906203896,93.20660110451121,100.0,221184006912.0,8192.0,8192.0,0.12068957702602909,35.082105968732265,1030.878,218.68219792696584,0.21213198644938183,0.7878680135506182,0.7878693992689151,0.0,nvml_total_energy_counter,nvml_total_energy_counter,0.9948405093588606,0.9942434825004467,-5.346390042544954,-5.0624047056699055,48,52,,,,,,,,,,,,,,,,,,,,,,,,,,,,,,,,,,,,,,,,,,,,,,,,
pair,full5s_tensor_mma_f16acc_t160_b01,0,NVIDIA A100-SXM4-80GB,ampere,ga100,108,tensor_mma_f16acc,tensor_baseline_mov,160,160.0,1,8,strict_nvml_counter,structural_baseline,tensor_mma_f16acc,tensor_baseline_mov,True,True,False,True,True,True,True,True,True,True,fp16-energy-bench-v2,fp16-energy-bench-v2,True,True,bench_json_metadata,bench_json_metadata,False,False,False,False,False,False,True,logical_m16n16k16_input_bits_8192,True,bench_json_metadata,True,True,False,False,False,False,missing NCU validation row,missing NCU validation row,missing NCU validation row for tensor activity,,,,,,,,,,,,,,,,,,,,,,,,,,,,,True,True,True,187.13939147286843,9.682297851560001,23.6121113281,311.86944,1228.916413664752,60.00568426097421,100.0,221184000000.0,8192.0,8192.0,0.19821752079500876,37.09443791638719,1360.211,359.15812142713423,0.26404588804761486,0.7359541119523851,0.735953422040573,0.0,nvml_total_energy_counter,nvml_total_energy_counter,0.9961824966780655,1.000934752396194,-5.212508780617554,2.2798360092929215,75,183,,,,,,,,,,,,,,,,,,,,,,,,,,,,,,,,,,,,,,,,,,,,,,,,
pair,full5s_tensor_mma_f16acc_t160_b02,0,NVIDIA A100-SXM4-80GB,ampere,ga100,108,tensor_mma_f16acc,tensor_baseline_mov,160,320.0,2,8,strict_nvml_counter,structural_baseline,tensor_mma_f16acc,tensor_baseline_mov,True,True,False,True,True,True,True,True,True,True,fp16-energy-bench-v2,fp16-energy-bench-v2,True,True,bench_json_metadata,bench_json_metadata,False,False,False,False,False,False,True,logical_m16n16k16_input_bits_8192,True,bench_json_metadata,True,True,False,False,False,False,missing NCU validation row,missing NCU validation row,missing NCU validation row for tensor activity,,,,,,,,,,,,,,,,,,,,,,,,,,,,,True,True,True,220.44495325696354,8.219463867189999,11.9891894531,311.86944,1447.6290600010739,70.68501269536493,99.75,221184000000.0,8192.0,8192.0,0.13479811197803723,29.71542006880081,1199.405,244.24600043315354,0.2036393048496159,0.7963606951503841,0.7963614778835225,0.0,nvml_total_energy_counter,nvml_total_energy_counter,0.9946777038335015,0.9963118811954146,-6.4177457773273545,-5.157411532330343,64,93,,,,,,,,,,,,,,,,,,,,,,,,,,,,,,,,,,,,,,,,,,,,,,,,
pair,full5s_tensor_mma_f16acc_t160_b04,0,NVIDIA A100-SXM4-80GB,ampere,ga100,108,tensor_mma_f16acc,tensor_baseline_mov,160,640.0,4,8,strict_nvml_counter,structural_baseline,tensor_mma_f16acc,tensor_baseline_mov,True,True,False,True,True,True,True,True,True,True,fp16-energy-bench-v2,fp16-energy-bench-v2,True,True,bench_json_metadata,bench_json_metadata,False,False,False,False,False,False,True,logical_m16n16k16_input_bits_8192,True,bench_json_metadata,True,True,False,False,False,False,missing NCU validation row,missing NCU validation row,missing NCU validation row for tensor activity,,,,,,,,,,,,,,,,,,,,,,,,,,,,,True,True,True,280.3234495093626,6.46374511719,6.345914550780001,311.86944,1840.8421953596178,89.88487282029384,99.83333333333333,221184000000.0,8192.0,8192.0,0.11039093525918164,30.944660275013604,1063.353,200.02167705081308,0.18810468118377724,0.8118953188162228,0.8118978234073079,0.0,nvml_total_energy_counter,nvml_total_energy_counter,1.0022077997917922,1.0133751776474802,2.3424987637188224,11.187090993541233,50,49,,,,,,,,,,,,,,,,,,,,,,,,,,,,,,,,,,,,,,,,,,,,,,,,
pair,full5s_tensor_mma_f16acc_t160_b08,0,NVIDIA A100-SXM4-80GB,ampere,ga100,108,tensor_mma_f16acc,tensor_baseline_mov,160,1280.0,8,8,strict_nvml_counter,structural_baseline,tensor_mma_f16acc,tensor_baseline_mov,True,True,False,True,True,True,True,True,True,True,fp16-energy-bench-v2,fp16-energy-bench-v2,True,True,bench_json_metadata,bench_json_metadata,False,False,False,False,False,False,True,logical_m16n16k16_input_bits_8192,True,bench_json_metadata,True,True,False,False,False,False,missing NCU validation row,missing NCU validation row,missing NCU validation row for tensor activity,,,,,,,,,,,,,,,,,,,,,,,,,,,,,True,True,True,293.4941773953714,6.17368066406,6.23826123047,311.86944,1927.3323968700515,94.10802719092047,100.0,221184000000.0,8192.0,8192.0,0.1087161624432363,31.90727421524244,1030.871,196.98709032013642,0.19108801229265,0.80891198770735,0.8089133753946622,0.0,nvml_total_energy_counter,nvml_total_energy_counter,0.9923539386805816,0.9994558768119106,-7.942834276336953,-0.4587343357516147,48,48,,,,,,,,,,,,,,,,,,,,,,,,,,,,,,,,,,,,,,,,,,,,,,,,
pair,full5s_tensor_mma_f16acc_t160_b08,0,NVIDIA A100-SXM4-80GB,ampere,ga100,108,tensor_mma_f16acc,tensor_baseline_mov,160,1280.0,8,8,strict_nvml_counter,structural_baseline,tensor_mma_f16acc,tensor_baseline_mov,True,True,False,True,True,True,True,True,True,True,fp16-energy-bench-v2,fp16-energy-bench-v2,True,True,bench_json_metadata,bench_json_metadata,False,False,False,False,False,False,True,logical_m16n16k16_input_bits_8192,True,bench_json_metadata,True,True,False,False,False,False,missing NCU validation row,missing NCU validation row,missing NCU validation row for tensor activity,,,,,,,,,,,,,,,,,,,,,,,,,,,,,True,True,True,293.3209273945578,6.17732714844,6.248033203119999,311.86944,1926.1946900089165,94.05247509809163,99.83333333333333,221184000000.0,8192.0,8192.0,0.10229171351145017,30.00428117837916,1035.589,185.34637863990554,0.17897677422211472,0.8210232257778853,0.8210233192874384,0.0,nvml_total_energy_counter,nvml_total_energy_counter,1.0012260979827403,0.9955588116244548,1.2681786725358961,-3.8363578434951933,48,48,,,,,,,,,,,,,,,,,,,,,,,,,,,,,,,,,,,,,,,,,,,,,,,,
pair,full5s_tensor_mma_f16acc_t160_b08,1,NVIDIA A100-SXM4-80GB,ampere,ga100,108,tensor_mma_f16acc,tensor_baseline_mov,160,1280.0,8,8,strict_nvml_counter,structural_baseline,tensor_mma_f16acc,tensor_baseline_mov,True,True,False,True,True,True,True,True,True,True,fp16-energy-bench-v2,fp16-energy-bench-v2,True,True,bench_json_metadata,bench_json_metadata,False,False,False,False,False,False,True,logical_m16n16k16_input_bits_8192,True,bench_json_metadata,True,True,False,False,False,False,missing NCU validation row,missing NCU validation row,missing NCU validation row for tensor activity,,,,,,,,,,,,,,,,,,,,,,,,,,,,,True,True,True,293.63423990727523,6.17073583984,6.2368881835900005,311.86944,1928.252166451768,94.15293781502774,100.0,221184000000.0,8192.0,8192.0,0.11372458691874085,33.39309183769538,1042.654,206.06205159862088,0.19763224578682945,0.8023677542131705,0.8023693725610803,0.0,nvml_total_energy_counter,nvml_total_energy_counter,0.9962343633159513,1.0014583046152445,-3.94109689019524,1.2312913691890799,47,49,,,,,,,,,,,,,,,,,,,,,,,,,,,,,,,,,,,,,,,,,,,,,,,,
pair,full5s_tensor_mma_f16acc_t160_b08,2,NVIDIA A100-SXM4-80GB,ampere,ga100,108,tensor_mma_f16acc,tensor_baseline_mov,160,1280.0,8,8,strict_nvml_counter,structural_baseline,tensor_mma_f16acc,tensor_baseline_mov,True,True,False,True,True,True,True,True,True,True,fp16-energy-bench-v2,fp16-energy-bench-v2,True,True,bench_json_metadata,bench_json_metadata,False,False,False,False,False,False,True,logical_m16n16k16_input_bits_8192,True,bench_json_metadata,True,True,False,False,False,False,missing NCU validation row,missing NCU validation row,missing NCU validation row for tensor activity,,,,,,,,,,,,,,,,,,,,,,,,,,,,,True,True,True,293.51453633186344,6.17325244141,6.2368349609400004,311.86944,1927.4660909631168,94.11455522280843,100.0,221184000000.0,8192.0,8192.0,0.10797898152278179,31.693113057937865,1032.692,195.65136321851367,0.18945761487308285,0.8105423851269171,0.8105437788128512,0.0,nvml_total_energy_counter,nvml_total_energy_counter,0.9877497466553261,0.9995457674575536,-12.807635405481278,-0.38430221711598733,47,48,,,,,,,,,,,,,,,,,,,,,,,,,,,,,,,,,,,,,,,,,,,,,,,,
pair,full5s_tensor_mma_f16acc_t160_b08,3,NVIDIA A100-SXM4-80GB,ampere,ga100,108,tensor_mma_f16acc,tensor_baseline_mov,160,1280.0,8,8,strict_nvml_counter,structural_baseline,tensor_mma_f16acc,tensor_baseline_mov,True,True,False,True,True,True,True,True,True,True,fp16-energy-bench-v2,fp16-energy-bench-v2,True,True,bench_json_metadata,bench_json_metadata,False,False,False,False,False,False,True,logical_m16n16k16_input_bits_8192,True,bench_json_metadata,True,True,False,False,False,False,missing NCU validation row,missing NCU validation row,missing NCU validation row for tensor activity,,,,,,,,,,,,,,,,,,,,,,,,,,,,,True,True,True,293.47300895365714,6.17412597656,6.24181542969,311.86944,1927.193386877181,94.10123959361236,100.0,221184000000.0,8192.0,8192.0,0.1141240255765983,33.49118176459223,1042.962,206.78581021191633,0.198267827794221,0.801732172205779,0.8017375800139773,0.0,nvml_total_energy_counter,nvml_total_energy_counter,0.9963800145965299,0.9978279189807717,-3.7892241524964447,-1.8401547945011316,47,49,,,,,,,,,,,,,,,,,,,,,,,,,,,,,,,,,,,,,,,,,,,,,,,,
pair,full5s_tensor_mma_f16acc_t192_b01,0,NVIDIA A100-SXM4-80GB,ampere,ga100,108,tensor_mma_f16acc,tensor_baseline_mov,192,192.0,1,8,strict_nvml_counter,structural_baseline,tensor_mma_f16acc,tensor_baseline_mov,True,True,False,True,True,True,True,True,True,True,fp16-energy-bench-v2,fp16-energy-bench-v2,True,True,bench_json_metadata,bench_json_metadata,False,False,False,False,False,False,True,logical_m16n16k16_input_bits_8192,True,bench_json_metadata,True,True,False,False,False,False,missing NCU validation row,missing NCU validation row,missing NCU validation row for tensor activity,,,,,,,,,,,,,,,,,,,,,,,,,,,,,True,True,True,224.6072468138319,8.06714550781,19.676625,311.86944,1474.962219686314,72.0196396331208,100.0,221184001728.0,8192.0,8192.0,0.18914219228945833,42.482100753000395,1191.476,342.7141794708624,0.2876383405715788,0.7123616594284212,0.7123645838105835,0.0,nvml_total_energy_counter,nvml_total_energy_counter,0.9944994235423907,1.0015217203437905,-6.5900539309132,3.145501707580479,62,153,,,,,,,,,,,,,,,,,,,,,,,,,,,,,,,,,,,,,,,,,,,,,,,,
pair,full5s_tensor_mma_f16acc_t192_b02,0,NVIDIA A100-SXM4-80GB,ampere,ga100,108,tensor_mma_f16acc,tensor_baseline_mov,192,384.0,2,8,strict_nvml_counter,structural_baseline,tensor_mma_f16acc,tensor_baseline_mov,True,True,False,True,True,True,True,True,True,True,fp16-energy-bench-v2,fp16-energy-bench-v2,True,True,bench_json_metadata,bench_json_metadata,False,False,False,False,False,False,True,logical_m16n16k16_input_bits_8192,True,bench_json_metadata,True,True,False,False,False,False,missing NCU validation row,missing NCU validation row,missing NCU validation row for tensor activity,,,,,,,,,,,,,,,,,,,,,,,,,,,,,True,True,True,264.5229461809123,6.84983789062,9.98952734375,311.86944,1737.0826515689014,84.81848884613777,100.0,221183996544.0,8192.0,8192.0,0.16493972514886118,43.62990196847022,1098.407,298.8607700770326,0.2720856386357995,0.7279143613642005,0.7279163590188882,0.0,nvml_total_energy_counter,nvml_total_energy_counter,1.0057164458822112,0.9972848419050603,6.243294715772663,-3.174561654426043,53,78,,,,,,,,,,,,,,,,,,,,,,,,,,,,,,,,,,,,,,,,,,,,,,,,
pair,full5s_tensor_mma_f16acc_t192_b04,0,NVIDIA A100-SXM4-80GB,ampere,ga100,108,tensor_mma_f16acc,tensor_baseline_mov,192,768.0,4,8,strict_nvml_counter,structural_baseline,tensor_mma_f16acc,tensor_baseline_mov,True,True,False,True,True,True,True,True,True,True,fp16-energy-bench-v2,fp16-energy-bench-v2,True,True,bench_json_metadata,bench_json_metadata,False,False,False,False,False,False,True,logical_m16n16k16_input_bits_8192,True,bench_json_metadata,True,True,False,False,False,False,missing NCU validation row,missing NCU validation row,missing NCU validation row for tensor activity,,,,,,,,,,,,,,,,,,,,,,,,,,,,,True,True,True,284.7424704022849,6.3634321289099995,6.16634765625,311.86944,1869.8612450898665,91.30181860790364,100.0,221184006912.0,8192.0,8192.0,0.10869731920347767,30.950449706592565,1048.736,196.9529536677304,0.187800317398974,0.812199682601026,0.8122011289777162,0.0,nvml_total_energy_counter,nvml_total_energy_counter,0.9949701271332245,0.9991017749189615,-5.301675504579634,-0.7420642172561429,50,47,,,,,,,,,,,,,,,,,,,,,,,,,,,,,,,,,,,,,,,,,,,,,,,,
pair,full5s_tensor_mma_f16acc_t192_b04,0,NVIDIA A100-SXM4-80GB,ampere,ga100,108,tensor_mma_f16acc,tensor_baseline_mov,192,768.0,4,8,strict_nvml_counter,structural_baseline,tensor_mma_f16acc,tensor_baseline_mov,True,True,False,True,True,True,True,True,True,True,fp16-energy-bench-v2,fp16-energy-bench-v2,True,True,bench_json_metadata,bench_json_metadata,False,False,False,False,False,False,True,logical_m16n16k16_input_bits_8192,True,bench_json_metadata,True,True,False,False,False,False,missing NCU validation row,missing NCU validation row,missing NCU validation row for tensor activity,,,,,,,,,,,,,,,,,,,,,,,,,,,,,True,True,True,284.64743728156077,6.3655566406199995,6.10033642578,311.86944,1869.2371767898658,91.27134652294266,100.0,221184006912.0,8192.0,8192.0,0.10775145237969429,30.67023036899488,1046.54,195.23910031710898,0.1865567492089256,0.8134432507910744,0.8134479235442517,0.0,nvml_total_energy_counter,nvml_total_energy_counter,0.9911434767755108,0.9952349933692985,-9.351527838846096,-3.906057278369758,49,47,,,,,,,,,,,,,,,,,,,,,,,,,,,,,,,,,,,,,,,,,,,,,,,,
pair,full5s_tensor_mma_f16acc_t192_b04,1,NVIDIA A100-SXM4-80GB,ampere,ga100,108,tensor_mma_f16acc,tensor_baseline_mov,192,768.0,4,8,strict_nvml_counter,structural_baseline,tensor_mma_f16acc,tensor_baseline_mov,True,True,False,True,True,True,True,True,True,True,fp16-energy-bench-v2,fp16-energy-bench-v2,True,True,bench_json_metadata,bench_json_metadata,False,False,False,False,False,False,True,logical_m16n16k16_input_bits_8192,True,bench_json_metadata,True,True,False,False,False,False,missing NCU validation row,missing NCU validation row,missing NCU validation row for tensor activity,,,,,,,,,,,,,,,,,,,,,,,,,,,,,True,True,True,284.7873552518649,6.362429199219999,6.166046875,311.86944,1870.1559971885006,91.31621080021975,100.0,221184006912.0,8192.0,8192.0,0.10069298656202487,28.675135306791674,1050.456,182.44958810705782,0.17368608309825243,0.8263139169017476,0.8263186916895551,0.0,nvml_total_energy_counter,nvml_total_energy_counter,0.991567732031378,0.9918082787734703,-8.933052372630527,-6.947922406756106,50,48,,,,,,,,,,,,,,,,,,,,,,,,,,,,,,,,,,,,,,,,,,,,,,,,
pair,full5s_tensor_mma_f16acc_t192_b04,2,NVIDIA A100-SXM4-80GB,ampere,ga100,108,tensor_mma_f16acc,tensor_baseline_mov,192,768.0,4,8,strict_nvml_counter,structural_baseline,tensor_mma_f16acc,tensor_baseline_mov,True,True,False,True,True,True,True,True,True,True,fp16-energy-bench-v2,fp16-energy-bench-v2,True,True,bench_json_metadata,bench_json_metadata,False,False,False,False,False,False,True,logical_m16n16k16_input_bits_8192,True,bench_json_metadata,True,True,False,False,False,False,missing NCU validation row,missing NCU validation row,missing NCU validation row for tensor activity,,,,,,,,,,,,,,,,,,,,,,,,,,,,,True,True,True,284.7831808448198,6.36252246094,6.09772363281,311.86944,1870.128584481349,91.31487228912837,100.0,221184006912.0,8192.0,8192.0,0.1152390508782006,32.81768047079427,1062.399,208.80617493279738,0.19654214182505575,0.8034578581749443,0.8034600860101822,0.0,nvml_total_energy_counter,nvml_total_energy_counter,1.0018571703439358,0.996632916103616,1.9693984079085567,-2.7638197030132687,49,47,,,,,,,,,,,,,,,,,,,,,,,,,,,,,,,,,,,,,,,,,,,,,,,,
pair,full5s_tensor_mma_f16acc_t192_b04,3,NVIDIA A100-SXM4-80GB,ampere,ga100,108,tensor_mma_f16acc,tensor_baseline_mov,192,768.0,4,8,strict_nvml_counter,structural_baseline,tensor_mma_f16acc,tensor_baseline_mov,True,True,False,True,True,True,True,True,True,True,fp16-energy-bench-v2,fp16-energy-bench-v2,True,True,bench_json_metadata,bench_json_metadata,False,False,False,False,False,False,True,logical_m16n16k16_input_bits_8192,True,bench_json_metadata,True,True,False,False,False,False,missing NCU validation row,missing NCU validation row,missing NCU validation row for tensor activity,,,,,,,,,,,,,,,,,,,,,,,,,,,,,True,True,True,284.6803236624266,6.36482128906,6.16625048828,311.86944,1869.453136737763,91.2818914422736,100.0,221184006912.0,8192.0,8192.0,0.10209967489135896,29.065468289961615,1051.135,184.99842209286794,0.17599872717859072,0.8240012728214093,0.8240027706867622,0.0,nvml_total_energy_counter,nvml_total_energy_counter,0.9918594526820612,1.0014249116974079,-8.627043057263108,1.1939649093164917,49,47,,,,,,,,,,,,,,,,,,,,,,,,,,,,,,,,,,,,,,,,,,,,,,,,
pair,full5s_tensor_mma_f16acc_t192_b08,0,NVIDIA A100-SXM4-80GB,ampere,ga100,108,tensor_mma_f16acc,tensor_baseline_mov,192,1536.0,8,8,strict_nvml_counter,structural_baseline,tensor_mma_f16acc,tensor_baseline_mov,True,True,False,True,True,True,True,True,True,True,fp16-energy-bench-v2,fp16-energy-bench-v2,True,True,bench_json_metadata,bench_json_metadata,False,False,False,False,False,False,True,logical_m16n16k16_input_bits_8192,True,bench_json_metadata,True,True,False,False,False,False,missing NCU validation row,missing NCU validation row,missing NCU validation row for tensor activity,,,,,,,,,,,,,,,,,,,,,,,,,,,,,True,True,True,296.22926107154257,6.1166787109400005,5.80660107422,311.86944,1945.2932825817084,94.98502356355999,100.0,221183986176.0,8192.0,8192.0,0.10347610751513803,30.652468560474745,1035.486,187.49241699675815,0.18106707091815644,0.8189329290818436,0.8189338109918791,0.0,nvml_total_energy_counter,nvml_total_energy_counter,0.992592427857718,1.0043099686248862,-7.727680598851521,3.454665413273119,47,45,,,,,,,,,,,,,,,,,,,,,,,,,,,,,,,,,,,,,,,,,,,,,,,,
pair,full5s_tensor_mma_f16acc_t192_b08,0,NVIDIA A100-SXM4-80GB,ampere,ga100,108,tensor_mma_f16acc,tensor_baseline_mov,192,1536.0,8,8,strict_nvml_counter,structural_baseline,tensor_mma_f16acc,tensor_baseline_mov,True,True,False,True,True,True,True,True,True,True,fp16-energy-bench-v2,fp16-energy-bench-v2,True,True,bench_json_metadata,bench_json_metadata,False,False,False,False,False,False,True,logical_m16n16k16_input_bits_8192,True,bench_json_metadata,True,True,False,False,False,False,missing NCU validation row,missing NCU validation row,missing NCU validation row for tensor activity,,,,,,,,,,,,,,,,,,,,,,,,,,,,,True,True,True,296.1130563407582,6.11907910156,5.8183056640599995,311.86944,1944.530183482783,94.94776286537027,100.0,221183986176.0,8192.0,8192.0,0.10485205212308164,31.04783498847908,1034.284,189.98554498922022,0.18368798607463732,0.8163120139253627,0.8163131084336749,0.0,nvml_total_energy_counter,nvml_total_energy_counter,0.9943215668430737,1.0065563754150952,-5.906653094054036,5.229167243307643,47,45,,,,,,,,,,,,,,,,,,,,,,,,,,,,,,,,,,,,,,,,,,,,,,,,
pair,full5s_tensor_mma_f16acc_t192_b08,1,NVIDIA A100-SXM4-80GB,ampere,ga100,108,tensor_mma_f16acc,tensor_baseline_mov,192,1536.0,8,8,strict_nvml_counter,structural_baseline,tensor_mma_f16acc,tensor_baseline_mov,True,True,False,True,True,True,True,True,True,True,fp16-energy-bench-v2,fp16-energy-bench-v2,True,True,bench_json_metadata,bench_json_metadata,False,False,False,False,False,False,True,logical_m16n16k16_input_bits_8192,True,bench_json_metadata,True,True,False,False,False,False,missing NCU validation row,missing NCU validation row,missing NCU validation row for tensor activity,,,,,,,,,,,,,,,,,,,,,,,,,,,,,True,True,True,296.1966313342826,6.11735253906,5.82185351562,311.86944,1945.079007974012,94.97456093623107,100.0,221183986176.0,8192.0,8192.0,0.10450885260540388,30.95474221299665,1036.307,189.3636883246553,0.18272933438127437,0.8172706656187256,0.8172727298450291,0.0,nvml_total_energy_counter,nvml_total_energy_counter,0.993195207281071,1.003076728943645,-7.100169509959642,2.4723383456864667,47,45,,,,,,,,,,,,,,,,,,,,,,,,,,,,,,,,,,,,,,,,,,,,,,,,
pair,full5s_tensor_mma_f16acc_t192_b08,2,NVIDIA A100-SXM4-80GB,ampere,ga100,108,tensor_mma_f16acc,tensor_baseline_mov,192,1536.0,8,8,strict_nvml_counter,structural_baseline,tensor_mma_f16acc,tensor_baseline_mov,True,True,False,True,True,True,True,True,True,True,fp16-energy-bench-v2,fp16-energy-bench-v2,True,True,bench_json_metadata,bench_json_metadata,False,False,False,False,False,False,True,logical_m16n16k16_input_bits_8192,True,bench_json_metadata,True,True,False,False,False,False,missing NCU validation row,missing NCU validation row,missing NCU validation row for tensor activity,,,,,,,,,,,,,,,,,,,,,,,,,,,,,True,True,True,296.2354095083383,6.11655175781,5.843137695309999,311.86944,1945.3336584471915,94.98699504136677,100.0,221183986176.0,8192.0,8192.0,0.10743836353737714,31.826728703924516,1037.041,194.67178406234757,0.18771850299298445,0.8122814970070156,0.8122830249026872,0.0,nvml_total_energy_counter,nvml_total_energy_counter,0.9945161068743512,0.9999382615232308,-5.718381001178159,-0.04968500754841898,47,45,,,,,,,,,,,,,,,,,,,,,,,,,,,,,,,,,,,,,,,,,,,,,,,,
pair,full5s_tensor_mma_f16acc_t192_b08,3,NVIDIA A100-SXM4-80GB,ampere,ga100,108,tensor_mma_f16acc,tensor_baseline_mov,192,1536.0,8,8,strict_nvml_counter,structural_baseline,tensor_mma_f16acc,tensor_baseline_mov,True,True,False,True,True,True,True,True,True,True,fp16-energy-bench-v2,fp16-energy-bench-v2,True,True,bench_json_metadata,bench_json_metadata,False,False,False,False,False,False,True,logical_m16n16k16_input_bits_8192,True,bench_json_metadata,True,True,False,False,False,False,missing NCU validation row,missing NCU validation row,missing NCU validation row for tensor activity,,,,,,,,,,,,,,,,,,,,,,,,,,,,,True,True,True,296.1550033896811,6.11821240234,5.81980761719,311.86944,1944.8056434835903,94.96121306072217,100.0,221183986176.0,8192.0,8192.0,0.10473647212747905,31.017690369487127,1036.666,189.77612106274682,0.1830639001016208,0.8169360998983792,0.8169387029285557,0.0,nvml_total_energy_counter,nvml_total_energy_counter,0.9944842670349233,0.9943929697816528,-5.749686565703541,-4.54241450084794,47,45,,,,,,,,,,,,,,,,,,,,,,,,,,,,,,,,,,,,,,,,,,,,,,,,
pair,full5s_tensor_mma_f16acc_t224_b01,0,NVIDIA A100-SXM4-80GB,ampere,ga100,108,tensor_mma_f16acc,tensor_baseline_mov,224,224.0,1,8,strict_nvml_counter,structural_baseline,tensor_mma_f16acc,tensor_baseline_mov,True,True,False,True,True,True,True,True,True,True,fp16-energy-bench-v2,fp16-energy-bench-v2,True,True,bench_json_metadata,bench_json_metadata,False,False,False,False,False,False,True,logical_m16n16k16_input_bits_8192,True,bench_json_metadata,True,True,False,False,False,False,missing NCU validation row,missing NCU validation row,missing NCU validation row for tensor activity,,,,,,,,,,,,,,,,,,,,,,,,,,,,,True,True,True,262.0549777591261,6.914348144530001,16.8632050781,311.86944,1720.8758718093384,84.02714217819036,99.83333333333333,221184002592.0,8192.0,8192.0,0.19786168200478021,51.850346967902595,1097.388,358.5133673300196,0.3266969999034249,0.6733030000965751,0.6733042376175674,0.0,nvml_total_energy_counter,nvml_total_energy_counter,1.0000245846814602,1.001285908559936,0.026978271165944534,2.3142570202633124,54,131,,,,,,,,,,,,,,,,,,,,,,,,,,,,,,,,,,,,,,,,,,,,,,,,
pair,full5s_tensor_mma_f16acc_t224_b02,0,NVIDIA A100-SXM4-80GB,ampere,ga100,108,tensor_mma_f16acc,tensor_baseline_mov,224,448.0,2,8,strict_nvml_counter,structural_baseline,tensor_mma_f16acc,tensor_baseline_mov,True,True,False,True,True,True,True,True,True,True,fp16-energy-bench-v2,fp16-energy-bench-v2,True,True,bench_json_metadata,bench_json_metadata,False,False,False,False,False,False,True,logical_m16n16k16_input_bits_8192,True,bench_json_metadata,True,True,False,False,False,False,missing NCU validation row,missing NCU validation row,missing NCU validation row for tensor activity,,,,,,,,,,,,,,,,,,,,,,,,,,,,,True,True,True,266.0309736494287,6.81100878906,8.56153320312,311.86944,1746.9856425625735,85.30203332825066,100.0,221183996544.0,8192.0,8192.0,0.14184869880093798,37.73608358306326,1082.96,257.0212319670892,0.2373321562819395,0.7626678437180605,0.7626681500770045,0.0,nvml_total_energy_counter,nvml_total_energy_counter,0.989565515380859,0.9963434821058612,-11.419283804363204,-3.8101874003907596,53,66,,,,,,,,,,,,,,,,,,,,,,,,,,,,,,,,,,,,,,,,,,,,,,,,
pair,full5s_tensor_mma_f16acc_t224_b04,0,NVIDIA A100-SXM4-80GB,ampere,ga100,108,tensor_mma_f16acc,tensor_baseline_mov,224,896.0,4,8,strict_nvml_counter,structural_baseline,tensor_mma_f16acc,tensor_baseline_mov,True,True,False,True,True,True,True,True,True,True,fp16-energy-bench-v2,fp16-energy-bench-v2,True,True,bench_json_metadata,bench_json_metadata,False,False,False,False,False,False,True,logical_m16n16k16_input_bits_8192,True,bench_json_metadata,True,True,False,False,False,False,missing NCU validation row,missing NCU validation row,missing NCU validation row for tensor activity,,,,,,,,,,,,,,,,,,,,,,,,,,,,,True,True,True,288.01485767141116,6.2911313476599995,6.63650390625,311.86944,1891.3505231902495,92.35109976514889,99.85714285714286,221183996544.0,8192.0,8192.0,0.12368656371834552,35.62333722753078,1055.829,224.1125456446896,0.2122621614339913,0.7877378385660087,0.787738921960272,0.0,nvml_total_energy_counter,nvml_total_energy_counter,1.0016173833809245,0.9934556527350102,1.7049227639540732,-5.779710379518633,49,51,,,,,,,,,,,,,,,,,,,,,,,,,,,,,,,,,,,,,,,,,,,,,,,,
pair,full5s_tensor_mma_f16acc_t224_b08,0,NVIDIA A100-SXM4-80GB,ampere,ga100,108,tensor_mma_f16acc,tensor_baseline_mov,224,1792.0,8,8,strict_nvml_counter,structural_baseline,tensor_mma_f16acc,tensor_baseline_mov,True,True,False,True,True,True,True,True,True,True,fp16-energy-bench-v2,fp16-energy-bench-v2,True,True,bench_json_metadata,bench_json_metadata,False,False,False,False,False,False,True,logical_m16n16k16_input_bits_8192,True,bench_json_metadata,True,True,False,False,False,False,missing NCU validation row,missing NCU validation row,missing NCU validation row for tensor activity,,,,,,,,,,,,,,,,,,,,,,,,,,,,,True,True,True,297.91896326455674,6.08198779297,5.90808496094,311.86944,1956.3893043377775,95.52682150086802,100.0,221184020736.0,8192.0,8192.0,0.10666360341421185,31.77684076440741,1030.573,193.26799601127846,0.1875345036317451,0.8124654963682549,0.8124667880106465,0.0,nvml_total_energy_counter,nvml_total_energy_counter,0.9883154626224839,1.0101157850756235,-12.18413471626377,8.145428127745276,47,46,,,,,,,,,,,,,,,,,,,,,,,,,,,,,,,,,,,,,,,,,,,,,,,,
pair,full5s_tensor_mma_f16acc_t224_b08,0,NVIDIA A100-SXM4-80GB,ampere,ga100,108,tensor_mma_f16acc,tensor_baseline_mov,224,1792.0,8,8,strict_nvml_counter,structural_baseline,tensor_mma_f16acc,tensor_baseline_mov,True,True,False,True,True,True,True,True,True,True,fp16-energy-bench-v2,fp16-energy-bench-v2,True,True,bench_json_metadata,bench_json_metadata,False,False,False,False,False,False,True,logical_m16n16k16_input_bits_8192,True,bench_json_metadata,True,True,False,False,False,False,missing NCU validation row,missing NCU validation row,missing NCU validation row for tensor activity,,,,,,,,,,,,,,,,,,,,,,,,,,,,,True,True,True,297.9289134342383,6.08178466797,5.904123046880001,311.86944,1956.4546456149087,95.53001199291548,100.0,221184020736.0,8192.0,8192.0,0.11169823488059316,33.27692136503114,1040.636,202.39044362243044,0.1944872593514259,0.8055127406485741,0.8055184481812464,0.0,nvml_total_energy_counter,nvml_total_energy_counter,0.9962160777567796,1.0000804793464302,-3.9526421982293414,0.0654856027125561,47,46,,,,,,,,,,,,,,,,,,,,,,,,,,,,,,,,,,,,,,,,,,,,,,,,
pair,full5s_tensor_mma_f16acc_t224_b08,1,NVIDIA A100-SXM4-80GB,ampere,ga100,108,tensor_mma_f16acc,tensor_baseline_mov,224,1792.0,8,8,strict_nvml_counter,structural_baseline,tensor_mma_f16acc,tensor_baseline_mov,True,True,False,True,True,True,True,True,True,True,fp16-energy-bench-v2,fp16-energy-bench-v2,True,True,bench_json_metadata,bench_json_metadata,False,False,False,False,False,False,True,logical_m16n16k16_input_bits_8192,True,bench_json_metadata,True,True,False,False,False,False,missing NCU validation row,missing NCU validation row,missing NCU validation row for tensor activity,,,,,,,,,,,,,,,,,,,,,,,,,,,,,True,True,True,297.9214746628861,6.0819365234400005,5.90690087891,311.86944,1956.405796315249,95.52762677320553,100.0,221184020736.0,8192.0,8192.0,0.11167233208646452,33.26810968676779,1042.007,202.34350932664358,0.1941863243976706,0.8058136756023294,0.8058206185717802,0.0,nvml_total_energy_counter,nvml_total_energy_counter,0.9957821954501523,1.0007587630962902,-4.413597557432013,0.618302160163239,47,46,,,,,,,,,,,,,,,,,,,,,,,,,,,,,,,,,,,,,,,,,,,,,,,,
pair,full5s_tensor_mma_f16acc_t224_b08,2,NVIDIA A100-SXM4-80GB,ampere,ga100,108,tensor_mma_f16acc,tensor_baseline_mov,224,1792.0,8,8,strict_nvml_counter,structural_baseline,tensor_mma_f16acc,tensor_baseline_mov,True,True,False,True,True,True,True,True,True,True,fp16-energy-bench-v2,fp16-energy-bench-v2,True,True,bench_json_metadata,bench_json_metadata,False,False,False,False,False,False,True,logical_m16n16k16_input_bits_8192,True,bench_json_metadata,True,True,False,False,False,False,missing NCU validation row,missing NCU validation row,missing NCU validation row for tensor activity,,,,,,,,,,,,,,,,,,,,,,,,,,,,,True,True,True,297.9279088197573,6.0818051757800005,5.90879443359,311.86944,1956.4480484617634,95.52968986629703,100.0,221184020736.0,8192.0,8192.0,0.11222920419790572,33.43525681244731,1042.67,203.35252790062577,0.19503057333636314,0.8049694266636369,0.8049739121387885,0.0,nvml_total_energy_counter,nvml_total_energy_counter,0.9960406424664467,1.0072890040270543,-4.144713723013638,5.900756671690715,46,46,,,,,,,,,,,,,,,,,,,,,,,,,,,,,,,,,,,,,,,,,,,,,,,,
pair,full5s_tensor_mma_f16acc_t224_b08,3,NVIDIA A100-SXM4-80GB,ampere,ga100,108,tensor_mma_f16acc,tensor_baseline_mov,224,1792.0,8,8,strict_nvml_counter,structural_baseline,tensor_mma_f16acc,tensor_baseline_mov,True,True,False,True,True,True,True,True,True,True,fp16-energy-bench-v2,fp16-energy-bench-v2,True,True,bench_json_metadata,bench_json_metadata,False,False,False,False,False,False,True,logical_m16n16k16_input_bits_8192,True,bench_json_metadata,True,True,False,False,False,False,missing NCU validation row,missing NCU validation row,missing NCU validation row for tensor activity,,,,,,,,,,,,,,,,,,,,,,,,,,,,,True,True,True,297.96498837188756,6.081048339840001,5.907324707030001,311.86944,1956.6915443386365,95.54157931340998,100.0,221184020736.0,8192.0,8192.0,0.10642720216289184,31.711250276363074,1032.232,192.839651246666,0.1868181293029726,0.8131818706970274,0.8131834505332978,0.0,nvml_total_energy_counter,nvml_total_energy_counter,0.9897816696030707,0.9972340414456408,-10.656580078425804,-2.2616652990008106,47,45,,,,,,,,,,,,,,,,,,,,,,,,,,,,,,,,,,,,,,,,,,,,,,,,
pair,full5s_tensor_mma_f16acc_t288_b01,0,NVIDIA A100-SXM4-80GB,ampere,ga100,108,tensor_mma_f16acc,tensor_baseline_mov,288,288.0,1,8,strict_nvml_counter,structural_baseline,tensor_mma_f16acc,tensor_baseline_mov,True,True,False,True,True,True,True,True,True,True,fp16-energy-bench-v2,fp16-energy-bench-v2,True,True,bench_json_metadata,bench_json_metadata,False,False,False,False,False,False,True,logical_m16n16k16_input_bits_8192,True,bench_json_metadata,True,True,False,False,False,False,missing NCU validation row,missing NCU validation row,missing NCU validation row for tensor activity,,,,,,,,,,,,,,,,,,,,,,,,,,,,,True,True,True,229.94313130754333,7.8799453125,13.1178271484,311.86944,1510.0021756471192,73.7305749827695,100.0,221183996544.0,8192.0,8192.0,0.18112018912420114,41.64718857149154,1201.892,328.17878864114425,0.2730518121770877,0.7269481878229124,0.7269489258926255,0.0,nvml_total_energy_counter,nvml_total_energy_counter,0.9991317794986713,0.9949202786641067,-1.0444140564786721,-7.426080588358218,61,102,,,,,,,,,,,,,,,,,,,,,,,,,,,,,,,,,,,,,,,,,,,,,,,,
pair,full5s_tensor_mma_f16acc_t288_b02,0,NVIDIA A100-SXM4-80GB,ampere,ga100,108,tensor_mma_f16acc,tensor_baseline_mov,288,576.0,2,8,strict_nvml_counter,structural_baseline,tensor_mma_f16acc,tensor_baseline_mov,True,True,False,True,True,True,True,True,True,True,fp16-energy-bench-v2,fp16-energy-bench-v2,True,True,bench_json_metadata,bench_json_metadata,False,False,False,False,False,False,True,logical_m16n16k16_input_bits_8192,True,bench_json_metadata,True,True,False,False,False,False,missing NCU validation row,missing NCU validation row,missing NCU validation row for tensor activity,,,,,,,,,,,,,,,,,,,,,,,,,,,,,True,True,True,274.2722688465947,6.6063525390599995,6.9603544921900005,311.86944,1801.1049963658702,87.94457990067725,100.0,221183996544.0,8192.0,8192.0,0.13002036676993145,35.66081827593189,1076.483,235.58901231034474,0.21885065747470675,0.7811493425252932,0.7811501225616768,0.0,nvml_total_energy_counter,nvml_total_energy_counter,0.9920288194160632,0.9989174989358622,-8.649789422034019,-0.9600854412889248,51,54,,,,,,,,,,,,,,,,,,,,,,,,,,,,,,,,,,,,,,,,,,,,,,,,
pair,full5s_tensor_mma_f16acc_t288_b04,0,NVIDIA A100-SXM4-80GB,ampere,ga100,108,tensor_mma_f16acc,tensor_baseline_mov,288,1152.0,4,8,strict_nvml_counter,structural_baseline,tensor_mma_f16acc,tensor_baseline_mov,True,True,False,True,True,True,True,True,True,True,fp16-energy-bench-v2,fp16-energy-bench-v2,True,True,bench_json_metadata,bench_json_metadata,False,False,False,False,False,False,True,logical_m16n16k16_input_bits_8192,True,bench_json_metadata,True,True,False,False,False,False,missing NCU validation row,missing NCU validation row,missing NCU validation row for tensor activity,,,,,,,,,,,,,,,,,,,,,,,,,,,,,True,True,True,306.39698298461684,5.913698242190001,6.57043359375,311.86944,2012.0631927017128,98.24527308113832,100.0,221183996544.0,8192.0,8192.0,0.13279166497970818,40.6865172727214,1027.806,240.61043644779545,0.23410102339137487,0.7658989766086252,0.7659009519115897,0.0,nvml_total_energy_counter,nvml_total_energy_counter,1.0011058536695119,0.9946620701537088,1.135347508437917,-4.69369882341266,46,51,,,,,,,,,,,,,,,,,,,,,,,,,,,,,,,,,,,,,,,,,,,,,,,,
pair,full5s_tensor_mma_f16acc_t288_b08,0,NVIDIA A100-SXM4-80GB,ampere,ga100,108,tensor_mma_f16acc,tensor_baseline_mov,288,2304.0,8,8,strict_nvml_counter,structural_baseline,tensor_mma_f16acc,tensor_baseline_mov,True,True,False,True,True,True,True,True,True,True,fp16-energy-bench-v2,fp16-energy-bench-v2,True,True,bench_json_metadata,bench_json_metadata,False,False,False,False,False,False,True,logical_m16n16k16_input_bits_8192,True,bench_json_metadata,True,True,False,False,False,False,missing NCU validation row,missing NCU validation row,missing NCU validation row for tensor activity,,,,,,,,,,,,,,,,,,,,,,,,,,,,,True,True,True,307.43931767807896,5.8936494140599995,5.57059912109,311.86944,2018.9080488447528,98.5794945724977,100.0,221184027648.0,8192.0,8192.0,0.10896393365975546,33.499356143207194,1031.755,197.43606141119847,0.1913594423203168,0.8086405576796832,0.808642595994955,0.0,nvml_total_energy_counter,nvml_total_energy_counter,1.004866131827459,1.0102492859007224,4.996342980043892,8.0004851092217,46,44,,,,,,,,,,,,,,,,,,,,,,,,,,,,,,,,,,,,,,,,,,,,,,,,
pair,full5s_tensor_mma_f16acc_t288_b08,0,NVIDIA A100-SXM4-80GB,ampere,ga100,108,tensor_mma_f16acc,tensor_baseline_mov,288,2304.0,8,8,strict_nvml_counter,structural_baseline,tensor_mma_f16acc,tensor_baseline_mov,True,True,False,True,True,True,True,True,True,True,fp16-energy-bench-v2,fp16-energy-bench-v2,True,True,bench_json_metadata,bench_json_metadata,False,False,False,False,False,False,True,logical_m16n16k16_input_bits_8192,True,bench_json_metadata,True,True,False,False,False,False,missing NCU validation row,missing NCU validation row,missing NCU validation row for tensor activity,,,,,,,,,,,,,,,,,,,,,,,,,,,,,True,True,True,307.4058779573113,5.89429052734,5.56561621094,311.86944,2018.688455196423,98.56877222638785,100.0,221184027648.0,8192.0,8192.0,0.11482228890915212,35.29681452144928,1030.818,208.0510470118486,0.20183101867822312,0.7981689813217768,0.7981700402125845,0.0,nvml_total_energy_counter,nvml_total_energy_counter,1.0033919355663312,0.9915414536941708,3.4846485333180226,-6.627418364661253,46,43,,,,,,,,,,,,,,,,,,,,,,,,,,,,,,,,,,,,,,,,,,,,,,,,
pair,full5s_tensor_mma_f16acc_t288_b08,1,NVIDIA A100-SXM4-80GB,ampere,ga100,108,tensor_mma_f16acc,tensor_baseline_mov,288,2304.0,8,8,strict_nvml_counter,structural_baseline,tensor_mma_f16acc,tensor_baseline_mov,True,True,False,True,True,True,True,True,True,True,fp16-energy-bench-v2,fp16-energy-bench-v2,True,True,bench_json_metadata,bench_json_metadata,False,False,False,False,False,False,True,logical_m16n16k16_input_bits_8192,True,bench_json_metadata,True,True,False,False,False,False,missing NCU validation row,missing NCU validation row,missing NCU validation row for tensor activity,,,,,,,,,,,,,,,,,,,,,,,,,,,,,True,True,True,307.4906502134936,5.89266552734,5.56999560547,311.86944,2019.2451419325823,98.59595419592686,99.83333333333333,221184027648.0,8192.0,8192.0,0.1085639688928186,33.38211428912558,1032.505,196.71134942958224,0.19051854415192393,0.8094814558480761,0.8094828006636255,0.0,nvml_total_energy_counter,nvml_total_energy_counter,1.0041493125487149,1.0063903838242723,4.266482981735862,5.016530983852817,45,44,,,,,,,,,,,,,,,,,,,,,,,,,,,,,,,,,,,,,,,,,,,,,,,,
pair,full5s_tensor_mma_f16acc_t288_b08,2,NVIDIA A100-SXM4-80GB,ampere,ga100,108,tensor_mma_f16acc,tensor_baseline_mov,288,2304.0,8,8,strict_nvml_counter,structural_baseline,tensor_mma_f16acc,tensor_baseline_mov,True,True,False,True,True,True,True,True,True,True,fp16-energy-bench-v2,fp16-energy-bench-v2,True,True,bench_json_metadata,bench_json_metadata,False,False,False,False,False,False,True,logical_m16n16k16_input_bits_8192,True,bench_json_metadata,True,True,False,False,False,False,missing NCU validation row,missing NCU validation row,missing NCU validation row for tensor activity,,,,,,,,,,,,,,,,,,,,,,,,,,,,,True,True,True,307.46570784796205,5.89314355469,5.56984521484,311.86944,2019.0813491460603,98.58795650127247,100.0,221184027648.0,8192.0,8192.0,0.1084290195212306,33.337772104635064,1032.897,196.46682932534804,0.190209507168041,0.809790492831959,0.8097924940100861,0.0,nvml_total_energy_counter,nvml_total_energy_counter,1.0056895507384502,1.0144998683568216,5.843473152105389,11.298964926146027,46,43,,,,,,,,,,,,,,,,,,,,,,,,,,,,,,,,,,,,,,,,,,,,,,,,
pair,full5s_tensor_mma_f16acc_t288_b08,3,NVIDIA A100-SXM4-80GB,ampere,ga100,108,tensor_mma_f16acc,tensor_baseline_mov,288,2304.0,8,8,strict_nvml_counter,structural_baseline,tensor_mma_f16acc,tensor_baseline_mov,True,True,False,True,True,True,True,True,True,True,fp16-energy-bench-v2,fp16-energy-bench-v2,True,True,bench_json_metadata,bench_json_metadata,False,False,False,False,False,False,True,logical_m16n16k16_input_bits_8192,True,bench_json_metadata,True,True,False,False,False,False,missing NCU validation row,missing NCU validation row,missing NCU validation row for tensor activity,,,,,,,,,,,,,,,,,,,,,,,,,,,,,True,True,True,307.4999504963279,5.89248730469,5.56779394531,311.86944,2019.3062154999209,98.59893630370706,100.0,221184027648.0,8192.0,8192.0,0.1081274426610938,33.2488673131877,1033.055,195.92039028374654,0.18965146123269963,0.8103485387673004,0.8103499991594736,0.0,nvml_total_energy_counter,nvml_total_energy_counter,1.0049816302640928,1.011884939154058,5.120788179103329,9.290662986082793,46,44,,,,,,,,,,,,,,,,,,,,,,,,,,,,,,,,,,,,,,,,,,,,,,,,
pair,full5s_tensor_mma_f16acc_t320_b01,0,NVIDIA A100-SXM4-80GB,ampere,ga100,108,tensor_mma_f16acc,tensor_baseline_mov,320,320.0,1,8,strict_nvml_counter,structural_baseline,tensor_mma_f16acc,tensor_baseline_mov,True,True,False,True,True,True,True,True,True,True,fp16-energy-bench-v2,fp16-energy-bench-v2,True,True,bench_json_metadata,bench_json_metadata,False,False,False,False,False,False,True,logical_m16n16k16_input_bits_8192,True,bench_json_metadata,True,True,False,False,False,False,missing NCU validation row,missing NCU validation row,missing NCU validation row for tensor activity,,,,,,,,,,,,,,,,,,,,,,,,,,,,,True,True,True,255.5279489087596,7.09096337891,11.8061513672,311.86944,1678.0138488886237,81.93426996526483,99.85714285714286,221184000000.0,8192.0,8192.0,0.17214395997705875,43.987345197396024,1120.537,311.9144111600907,0.2783615455447617,0.7216384544552382,0.7216395861328584,0.0,nvml_total_energy_counter,nvml_total_energy_counter,0.992310733525584,1.0046842027706768,-8.682872507919456,6.277051628399249,55,91,,,,,,,,,,,,,,,,,,,,,,,,,,,,,,,,,,,,,,,,,,,,,,,,
pair,full5s_tensor_mma_f16acc_t320_b02,0,NVIDIA A100-SXM4-80GB,ampere,ga100,108,tensor_mma_f16acc,tensor_baseline_mov,320,640.0,2,8,strict_nvml_counter,structural_baseline,tensor_mma_f16acc,tensor_baseline_mov,True,True,False,True,True,True,True,True,True,True,fp16-energy-bench-v2,fp16-energy-bench-v2,True,True,bench_json_metadata,bench_json_metadata,False,False,False,False,False,False,True,logical_m16n16k16_input_bits_8192,True,bench_json_metadata,True,True,False,False,False,False,missing NCU validation row,missing NCU validation row,missing NCU validation row for tensor activity,,,,,,,,,,,,,,,,,,,,,,,,,,,,,True,True,True,304.8362919140285,5.94397509766,6.2643261718800005,311.86944,2001.814367704416,97.7448421730672,100.0,221184000000.0,8192.0,8192.0,0.13177700751186583,40.17011372287084,1026.121,238.7719424369011,0.23269374901878148,0.7673062509812185,0.7673075871040069,0.0,nvml_total_energy_counter,nvml_total_energy_counter,0.9948931324545282,1.0097402487976803,-5.2671627350555354,8.004348007526687,46,48,,,,,,,,,,,,,,,,,,,,,,,,,,,,,,,,,,,,,,,,,,,,,,,,
pair,full5s_tensor_mma_f16acc_t320_b04,0,NVIDIA A100-SXM4-80GB,ampere,ga100,108,tensor_mma_f16acc,tensor_baseline_mov,320,1280.0,4,8,strict_nvml_counter,structural_baseline,tensor_mma_f16acc,tensor_baseline_mov,True,True,False,True,True,True,True,True,True,True,fp16-energy-bench-v2,fp16-energy-bench-v2,True,True,bench_json_metadata,bench_json_metadata,False,False,False,False,False,False,True,logical_m16n16k16_input_bits_8192,True,bench_json_metadata,True,True,False,False,False,False,missing NCU validation row,missing NCU validation row,missing NCU validation row for tensor activity,,,,,,,,,,,,,,,,,,,,,,,,,,,,,True,True,True,306.657379015531,5.9086767578099995,6.20497900391,311.86944,2013.7731745175402,98.32876828698926,100.0,221184000000.0,8192.0,8192.0,0.1253320164950077,38.43323848586627,1029.938,227.09400974484913,0.220492893499268,0.779507106500732,0.779510456914267,0.0,nvml_total_energy_counter,nvml_total_energy_counter,1.001548597280126,1.001650546051321,1.5924930550845602,1.3892971318880427,46,48,,,,,,,,,,,,,,,,,,,,,,,,,,,,,,,,,,,,,,,,,,,,,,,,
pair,full5s_tensor_mma_f16acc_t320_b08,0,NVIDIA A100-SXM4-80GB,ampere,ga100,108,tensor_mma_f16acc,tensor_baseline_mov,320,2560.0,8,8,strict_nvml_counter,structural_baseline,tensor_mma_f16acc,tensor_baseline_mov,True,True,False,True,True,True,True,True,True,True,fp16-energy-bench-v2,fp16-energy-bench-v2,True,True,bench_json_metadata,bench_json_metadata,False,False,False,False,False,False,True,logical_m16n16k16_input_bits_8192,True,bench_json_metadata,True,True,False,False,False,False,missing NCU validation row,missing NCU validation row,missing NCU validation row for tensor activity,,,,,,,,,,,,,,,,,,,,,,,,,,,,,True,True,True,307.56255710489194,5.89128710938,5.45889794922,311.86944,2019.7173437410818,98.6190109248575,100.0,221184000000.0,8192.0,8192.0,0.11486727820410529,35.32853100117288,1034.108,208.1325388783356,0.20126770016123616,0.7987322998387638,0.7987338597543058,0.0,nvml_total_energy_counter,nvml_total_energy_counter,1.0055966772840945,1.003288810393722,5.755357872234981,2.5088563261255103,46,43,,,,,,,,,,,,,,,,,,,,,,,,,,,,,,,,,,,,,,,,,,,,,,,,
pair,full5s_tensor_mma_f16acc_t320_b08,0,NVIDIA A100-SXM4-80GB,ampere,ga100,108,tensor_mma_f16acc,tensor_baseline_mov,320,2560.0,8,8,strict_nvml_counter,structural_baseline,tensor_mma_f16acc,tensor_baseline_mov,True,True,False,True,True,True,True,True,True,True,fp16-energy-bench-v2,fp16-energy-bench-v2,True,True,bench_json_metadata,bench_json_metadata,False,False,False,False,False,False,True,logical_m16n16k16_input_bits_8192,True,bench_json_metadata,True,True,False,False,False,False,missing NCU validation row,missing NCU validation row,missing NCU validation row for tensor activity,,,,,,,,,,,,,,,,,,,,,,,,,,,,,True,True,True,307.5481296618339,5.89156347656,5.46186230469,311.86944,2019.6226008788674,98.61438480853845,100.0,221184000000.0,8192.0,8192.0,0.10498630384654478,32.288100772922036,1015.62,190.22881284091216,0.1873031378280382,0.8126968621719618,0.8126979965336488,0.0,nvml_total_energy_counter,nvml_total_energy_counter,0.9878998367148086,0.9917242487260995,-12.439690117343048,-6.385390850999215,46,42,,,,,,,,,,,,,,,,,,,,,,,,,,,,,,,,,,,,,,,,,,,,,,,,
pair,full5s_tensor_mma_f16acc_t320_b08,1,NVIDIA A100-SXM4-80GB,ampere,ga100,108,tensor_mma_f16acc,tensor_baseline_mov,320,2560.0,8,8,strict_nvml_counter,structural_baseline,tensor_mma_f16acc,tensor_baseline_mov,True,True,False,True,True,True,True,True,True,True,fp16-energy-bench-v2,fp16-energy-bench-v2,True,True,bench_json_metadata,bench_json_metadata,False,False,False,False,False,False,True,logical_m16n16k16_input_bits_8192,True,bench_json_metadata,True,True,False,False,False,False,missing NCU validation row,missing NCU validation row,missing NCU validation row for tensor activity,,,,,,,,,,,,,,,,,,,,,,,,,,,,,True,True,True,307.56747702010836,5.89119287109,5.45974267578,311.86944,2019.7496520889702,98.62058848090675,100.0,221184000000.0,8192.0,8192.0,0.10717332897507253,32.96265582962786,1034.777,194.19156968261586,0.1876651391387863,0.8123348608612138,0.8123365931571968,0.0,nvml_total_energy_counter,nvml_total_energy_counter,1.0062121539482165,1.007356679207468,6.388507633157133,5.689190824431535,46,43,,,,,,,,,,,,,,,,,,,,,,,,,,,,,,,,,,,,,,,,,,,,,,,,
pair,full5s_tensor_mma_f16acc_t320_b08,2,NVIDIA A100-SXM4-80GB,ampere,ga100,108,tensor_mma_f16acc,tensor_baseline_mov,320,2560.0,8,8,strict_nvml_counter,structural_baseline,tensor_mma_f16acc,tensor_baseline_mov,True,True,False,True,True,True,True,True,True,True,fp16-energy-bench-v2,fp16-energy-bench-v2,True,True,bench_json_metadata,bench_json_metadata,False,False,False,False,False,False,True,logical_m16n16k16_input_bits_8192,True,bench_json_metadata,True,True,False,False,False,False,missing NCU validation row,missing NCU validation row,missing NCU validation row for tensor activity,,,,,,,,,,,,,,,,,,,,,,,,,,,,,True,True,True,307.5526157889927,5.891477539059999,5.4614282226599995,311.86944,2019.6520606054155,98.61582327174881,100.0,221184000000.0,8192.0,8192.0,0.10733074076229561,33.00769763514947,1034.852,194.4767902905761,0.18792715314902622,0.8120728468509738,0.8120827980983587,0.0,nvml_total_energy_counter,nvml_total_energy_counter,1.006531636548469,1.0076858226172583,6.715414498678683,5.94184913831748,46,43,,,,,,,,,,,,,,,,,,,,,,,,,,,,,,,,,,,,,,,,,,,,,,,,
pair,full5s_tensor_mma_f16acc_t320_b08,3,NVIDIA A100-SXM4-80GB,ampere,ga100,108,tensor_mma_f16acc,tensor_baseline_mov,320,2560.0,8,8,strict_nvml_counter,structural_baseline,tensor_mma_f16acc,tensor_baseline_mov,True,True,False,True,True,True,True,True,True,True,fp16-energy-bench-v2,fp16-energy-bench-v2,True,True,bench_json_metadata,bench_json_metadata,False,False,False,False,False,False,True,logical_m16n16k16_input_bits_8192,True,bench_json_metadata,True,True,False,False,False,False,missing NCU validation row,missing NCU validation row,missing NCU validation row for tensor activity,,,,,,,,,,,,,,,,,,,,,,,,,,,,,True,True,True,307.5978412207149,5.890611328119999,5.46087109375,311.86944,2019.9490492560735,98.63032467070671,100.0,221184000000.0,8192.0,8192.0,0.0983490482515109,30.251089577586413,1018.221,178.20250839828225,0.17501358585050028,0.8249864141494997,0.8249905442387213,0.0,nvml_total_energy_counter,nvml_total_energy_counter,0.9921830570726459,1.0133553958928698,-8.02208361420412,10.263284064972936,46,43,,,,,,,,,,,,,,,,,,,,,,,,,,,,,,,,,,,,,,,,,,,,,,,,
thread_sweep,,,NVIDIA A100-SXM4-80GB,ampere,ga100,108,tensor_mma_f16acc,tensor_baseline_mov,32,32.0,1,8,strict_nvml_counter,structural_baseline,tensor_mma_f16acc,tensor_baseline_mov,True,True,False,,True,True,True,True,True,True,,,,,,,,,,,,,True,logical_m16n16k16_input_bits_8192,True,bench_json_metadata,True,True,False,False,False,False,missing NCU validation row,missing NCU validation row,missing NCU validation row for tensor activity,,,,,,,,,,,,,,,,,,,,,,,,,,,,,True,True,,,,,,,,,,8192.0,8192.0,,,,,,,,,,,,,,,,,,,tensor_core_mma_m16n16k16_f16acc,1,1,1,1,False,False,False,quality_pass,98.81840973202539,tensor_model_utilization_pct_mean,quality_pass_below_saturation_band,fp16-energy-bench-v2,fp16-energy-bench-v2,1,True,0,0,0,True,16.319563503969793,100.0,99.97826086956522,50.89573131027497,35.6010078125,112.610875,311.86944,334.22466056130133,16.319563503969793,221184000000.0,0.18363641726354013,0.0,9.346576411145705,3719.717,332.73804649282647,0.0894525165470455,0.9105474834529544,0.9105451595892733,0.0,valid_no_l2,nvml_total_energy_counter:1,nvml_total_energy_counter:1,0.9992489400193377,0.9997488938633867,-2.795830414426291,-2.69088421692868
thread_sweep,,,NVIDIA A100-SXM4-80GB,ampere,ga100,108,tensor_mma_f16acc,tensor_baseline_mov,64,64.0,1,8,strict_nvml_counter,structural_baseline,tensor_mma_f16acc,tensor_baseline_mov,True,True,False,,True,True,True,True,True,True,,,,,,,,,,,,,True,logical_m16n16k16_input_bits_8192,True,bench_json_metadata,True,True,False,False,False,False,missing NCU validation row,missing NCU validation row,missing NCU validation row for tensor activity,,,,,,,,,,,,,,,,,,,,,,,,,,,,,True,True,,,,,,,,,,8192.0,8192.0,,,,,,,,,,,,,,,,,,,tensor_core_mma_m16n16k16_f16acc,1,1,1,1,False,False,False,quality_pass,98.81840973202539,tensor_model_utilization_pct_mean,quality_pass_below_saturation_band,fp16-energy-bench-v2,fp16-energy-bench-v2,1,True,0,0,0,True,32.638392865389285,100.0,100.0,101.78917305428952,17.8009042969,56.3106875,311.86944,668.4342858831725,32.638392865389285,221184000000.0,0.18303138790568255,0.0,18.63062525839817,2080.518,331.6417700047298,0.15940346106341294,0.840596538936587,0.8405964552164806,0.0,valid_no_l2,nvml_total_energy_counter:1,nvml_total_energy_counter:1,0.9992735485899426,0.9994686864099135,-1.5124939881402497,-2.9409524616412455
thread_sweep,,,NVIDIA A100-SXM4-80GB,ampere,ga100,108,tensor_mma_f16acc,tensor_baseline_mov,32,64.0,2,8,strict_nvml_counter,structural_baseline,tensor_mma_f16acc,tensor_baseline_mov,True,True,False,,True,True,True,True,True,True,,,,,,,,,,,,,True,logical_m16n16k16_input_bits_8192,True,bench_json_metadata,True,True,False,False,False,False,missing NCU validation row,missing NCU validation row,missing NCU validation row for tensor activity,,,,,,,,,,,,,,,,,,,,,,,,,,,,,True,True,,,,,,,,,,8192.0,8192.0,,,,,,,,,,,,,,,,,,,tensor_core_mma_m16n16k16_f16acc,1,1,1,1,False,False,False,quality_pass,98.81840973202539,tensor_model_utilization_pct_mean,quality_pass_below_saturation_band,fp16-energy-bench-v2,fp16-energy-bench-v2,1,True,0,0,0,True,32.637182497757564,100.0,100.0,101.78539828753452,17.8015644531,56.3100390625,311.86944,668.4094975540748,32.637182497757564,221184000000.0,0.1842291323015573,0.0,18.752098767006416,2080.059,333.81201018050683,0.160481991222608,0.839518008777392,0.8395161180424484,0.0,valid_no_l2,nvml_total_energy_counter:1,nvml_total_energy_counter:1,0.999346931864545,0.9994455007596963,-1.359307973490104,-3.064595641608321
thread_sweep,,,NVIDIA A100-SXM4-80GB,ampere,ga100,108,tensor_mma_f16acc,tensor_baseline_mov,96,96.0,1,8,strict_nvml_counter,structural_baseline,tensor_mma_f16acc,tensor_baseline_mov,True,True,False,,True,True,True,True,True,True,,,,,,,,,,,,,True,logical_m16n16k16_input_bits_8192,True,bench_json_metadata,True,True,False,False,False,False,missing NCU validation row,missing NCU validation row,missing NCU validation row for tensor activity,,,,,,,,,,,,,,,,,,,,,,,,,,,,,True,True,,,,,,,,,,8192.0,8192.0,,,,,,,,,,,,,,,,,,,tensor_core_mma_m16n16k16_f16acc,1,1,1,1,False,False,False,quality_pass,98.81840973202539,tensor_model_utilization_pct_mean,quality_pass_below_saturation_band,fp16-energy-bench-v2,fp16-energy-bench-v2,1,True,0,0,0,True,48.95772205564757,100.0,100.0,152.68417361170458,11.8672373047,37.536859375,311.86944,1002.6541476996624,48.95772205564757,221183999136.0,0.19264099649774158,0.0,29.41345003691096,1536.587,349.0537963758768,0.22716175288211915,0.7728382471178808,0.7728369418633606,0.0,valid_no_l2,nvml_total_energy_counter:1,nvml_total_energy_counter:1,0.9992049808195745,0.9985794738662108,-1.2225881183962883,-5.343419028000426
thread_sweep,,,NVIDIA A100-SXM4-80GB,ampere,ga100,108,tensor_mma_f16acc,tensor_baseline_mov,128,128.0,1,8,strict_nvml_counter,structural_baseline,tensor_mma_f16acc,tensor_baseline_mov,True,True,False,,True,True,True,True,True,True,,,,,,,,,,,,,True,logical_m16n16k16_input_bits_8192,True,bench_json_metadata,True,True,False,False,False,False,missing NCU validation row,missing NCU validation row,missing NCU validation row for tensor activity,,,,,,,,,,,,,,,,,,,,,,,,,,,,,True,True,,,,,,,,,,8192.0,8192.0,,,,,,,,,,,,,,,,,,,tensor_core_mma_m16n16k16_f16acc,1,1,1,1,False,False,False,quality_pass,98.81840973202539,tensor_model_utilization_pct_mean,quality_pass_below_saturation_band,fp16-energy-bench-v2,fp16-energy-bench-v2,1,True,0,0,0,True,65.22708924447548,99.88888888888889,99.89855072463769,203.4233579550459,8.907233398439999,28.16565625,311.86944,1335.8507877268578,65.22708924447548,221184000000.0,0.18263823221903155,0.0,37.15280690273981,1253.391,330.92939575406,0.2640272634429799,0.7359727365570201,0.735973131888046,0.0,valid_no_l2,nvml_total_energy_counter:1,nvml_total_energy_counter:1,0.9926581129397608,0.9989561927366597,-9.27031678315484,-3.0478774163238995
thread_sweep,,,NVIDIA A100-SXM4-80GB,ampere,ga100,108,tensor_mma_f16acc,tensor_baseline_mov,64,128.0,2,8,strict_nvml_counter,structural_baseline,tensor_mma_f16acc,tensor_baseline_mov,True,True,False,,True,True,True,True,True,True,,,,,,,,,,,,,True,logical_m16n16k16_input_bits_8192,True,bench_json_metadata,True,True,False,False,False,False,missing NCU validation row,missing NCU validation row,missing NCU validation row for tensor activity,,,,,,,,,,,,,,,,,,,,,,,,,,,,,True,True,,,,,,,,,,8192.0,8192.0,,,,,,,,,,,,,,,,,,,tensor_core_mma_m16n16k16_f16acc,1,1,1,1,False,False,False,quality_pass,98.81840973202539,tensor_model_utilization_pct_mean,quality_pass_below_saturation_band,fp16-energy-bench-v2,fp16-energy-bench-v2,1,True,0,0,0,True,65.2573031881256,99.88888888888889,99.89855072463769,203.51758601190946,8.903109375,28.1520839844,311.86944,1336.4695692928124,65.2573031881256,221184000000.0,0.18001165087345736,0.0,36.63566956990665,1256.918,326.17018971582297,0.25949997511040734,0.7405000248895927,0.7404993276487247,0.0,valid_no_l2,nvml_total_energy_counter:1,nvml_total_energy_counter:1,0.9933381170568816,0.9996795192248376,-8.429597577416871,-0.9434968432301503
thread_sweep,,,NVIDIA A100-SXM4-80GB,ampere,ga100,108,tensor_mma_f16acc,tensor_baseline_mov,32,128.0,4,8,strict_nvml_counter,structural_baseline,tensor_mma_f16acc,tensor_baseline_mov,True,True,False,,True,True,True,True,True,True,,,,,,,,,,,,,True,logical_m16n16k16_input_bits_8192,True,bench_json_metadata,True,True,False,False,False,False,missing NCU validation row,missing NCU validation row,missing NCU validation row for tensor activity,,,,,,,,,,,,,,,,,,,,,,,,,,,,,True,True,,,,,,,,,,8192.0,8192.0,,,,,,,,,,,,,,,,,,,tensor_core_mma_m16n16k16_f16acc,1,1,1,1,False,False,False,quality_pass,98.81840973202539,tensor_model_utilization_pct_mean,quality_pass_below_saturation_band,fp16-energy-bench-v2,fp16-energy-bench-v2,1,True,0,0,0,True,65.25100481753357,100.0,100.0,203.49794331881498,8.90396875,28.1534199219,311.86944,1336.3405786630876,65.25100481753357,221184000000.0,0.18760505053583584,0.0,38.17736812064753,1271.274,339.92896919730845,0.26739237111536024,0.7326076288846397,0.7326069814329703,0.0,valid_no_l2,nvml_total_energy_counter:1,nvml_total_energy_counter:1,1.0042786500625736,0.9996752179760742,5.416162714709799,-0.956731431483604
thread_sweep,,,NVIDIA A100-SXM4-80GB,ampere,ga100,108,tensor_mma_f16acc,tensor_baseline_mov,160,160.0,1,8,strict_nvml_counter,structural_baseline,tensor_mma_f16acc,tensor_baseline_mov,True,True,False,,True,True,True,True,True,True,,,,,,,,,,,,,True,logical_m16n16k16_input_bits_8192,True,bench_json_metadata,True,True,False,False,False,False,missing NCU validation row,missing NCU validation row,missing NCU validation row for tensor activity,,,,,,,,,,,,,,,,,,,,,,,,,,,,,True,True,,,,,,,,,,8192.0,8192.0,,,,,,,,,,,,,,,,,,,tensor_core_mma_m16n16k16_f16acc,1,1,1,1,False,False,False,quality_pass,98.81840973202539,tensor_model_utilization_pct_mean,quality_pass_below_saturation_band,fp16-energy-bench-v2,fp16-energy-bench-v2,1,True,0,0,0,True,60.00568426097421,100.0,100.0,187.13939147286843,9.682297851560001,23.6121113281,311.86944,1228.916413664752,60.00568426097421,221184000000.0,0.19821752079500876,0.0,37.09443791638719,1360.211,359.15812142713423,0.26404588804761486,0.7359541119523851,0.735953422040573,0.0,valid_no_l2,nvml_total_energy_counter:1,nvml_total_energy_counter:1,0.9961824966780655,1.000934752396194,-5.212508780617554,2.2798360092929215
thread_sweep,,,NVIDIA A100-SXM4-80GB,ampere,ga100,108,tensor_mma_f16acc,tensor_baseline_mov,192,192.0,1,8,strict_nvml_counter,structural_baseline,tensor_mma_f16acc,tensor_baseline_mov,True,True,False,,True,True,True,True,True,True,,,,,,,,,,,,,True,logical_m16n16k16_input_bits_8192,True,bench_json_metadata,True,True,False,False,False,False,missing NCU validation row,missing NCU validation row,missing NCU validation row for tensor activity,,,,,,,,,,,,,,,,,,,,,,,,,,,,,True,True,,,,,,,,,,8192.0,8192.0,,,,,,,,,,,,,,,,,,,tensor_core_mma_m16n16k16_f16acc,1,1,1,1,False,False,False,quality_pass,98.81840973202539,tensor_model_utilization_pct_mean,quality_pass_below_saturation_band,fp16-energy-bench-v2,fp16-energy-bench-v2,1,True,0,0,0,True,72.0196396331208,100.0,100.0,224.6072468138319,8.06714550781,19.676625,311.86944,1474.962219686314,72.0196396331208,221184001728.0,0.18914219228945833,0.0,42.482100753000395,1191.476,342.7141794708624,0.2876383405715788,0.7123616594284212,0.7123645838105835,0.0,valid_no_l2,nvml_total_energy_counter:1,nvml_total_energy_counter:1,0.9944994235423907,1.0015217203437905,-6.5900539309132,3.145501707580479
thread_sweep,,,NVIDIA A100-SXM4-80GB,ampere,ga100,108,tensor_mma_f16acc,tensor_baseline_mov,96,192.0,2,8,strict_nvml_counter,structural_baseline,tensor_mma_f16acc,tensor_baseline_mov,True,True,False,,True,True,True,True,True,True,,,,,,,,,,,,,True,logical_m16n16k16_input_bits_8192,True,bench_json_metadata,True,True,False,False,False,False,missing NCU validation row,missing NCU validation row,missing NCU validation row for tensor activity,,,,,,,,,,,,,,,,,,,,,,,,,,,,,True,True,,,,,,,,,,8192.0,8192.0,,,,,,,,,,,,,,,,,,,tensor_core_mma_m16n16k16_f16acc,1,1,1,1,False,False,False,quality_pass,98.81840973202539,tensor_model_utilization_pct_mean,quality_pass_below_saturation_band,fp16-energy-bench-v2,fp16-energy-bench-v2,1,True,0,0,0,True,65.04393854355278,100.0,100.0,202.8521668897222,8.93231445312,19.6753144531,311.86944,1332.099861371961,65.04393854355278,221184001728.0,0.1817776491445802,0.0,36.8740836284576,1295.476,329.3700740096541,0.2542463727692787,0.7457536272307214,0.7457531459042774,0.0,valid_no_l2,nvml_total_energy_counter:1,nvml_total_energy_counter:1,1.001260049505627,1.0011158777447033,1.6303096225178706,2.3720001201045307
thread_sweep,,,NVIDIA A100-SXM4-80GB,ampere,ga100,108,tensor_mma_f16acc,tensor_baseline_mov,224,224.0,1,8,strict_nvml_counter,structural_baseline,tensor_mma_f16acc,tensor_baseline_mov,True,True,False,,True,True,True,True,True,True,,,,,,,,,,,,,True,logical_m16n16k16_input_bits_8192,True,bench_json_metadata,True,True,False,False,False,False,missing NCU validation row,missing NCU validation row,missing NCU validation row for tensor activity,,,,,,,,,,,,,,,,,,,,,,,,,,,,,True,True,,,,,,,,,,8192.0,8192.0,,,,,,,,,,,,,,,,,,,tensor_core_mma_m16n16k16_f16acc,1,1,1,1,False,False,False,quality_pass,98.81840973202539,tensor_model_utilization_pct_mean,quality_pass_below_saturation_band,fp16-energy-bench-v2,fp16-energy-bench-v2,1,True,0,0,0,True,84.02714217819036,99.83333333333333,99.87037037037037,262.0549777591261,6.914348144530001,16.8632050781,311.86944,1720.8758718093384,84.02714217819036,221184002592.0,0.19786168200478021,0.0,51.850346967902595,1097.388,358.5133673300196,0.3266969999034249,0.6733030000965751,0.6733042376175674,0.0,valid_no_l2,nvml_total_energy_counter:1,nvml_total_energy_counter:1,1.0000245846814602,1.001285908559936,0.026978271165944534,2.3142570202633124
thread_sweep,,,NVIDIA A100-SXM4-80GB,ampere,ga100,108,tensor_mma_f16acc,tensor_baseline_mov,256,256.0,1,8,strict_nvml_counter,structural_baseline,tensor_mma_f16acc,tensor_baseline_mov,True,True,False,,True,True,True,True,True,True,,,,,,,,,,,,,True,logical_m16n16k16_input_bits_8192,True,bench_json_metadata,True,True,False,False,False,False,missing NCU validation row,missing NCU validation row,missing NCU validation row for tensor activity,,,,,,,,,,,,,,,,,,,,,,,,,,,,,True,True,,,,,,,,,,8192.0,8192.0,,,,,,,,,,,,,,,,,,,tensor_core_mma_m16n16k16_f16acc,1,1,1,1,False,False,False,quality_pass,98.81840973202539,tensor_model_utilization_pct_mean,quality_pass_below_saturation_band,fp16-energy-bench-v2,fp16-energy-bench-v2,1,True,0,0,0,True,95.98482432933896,99.83333333333333,99.85106382978724,299.34733412089315,6.05296630859,14.7587695312,311.86944,1965.7692022648616,95.98482432933896,221184000000.0,0.20217123330929784,0.0,60.51917279363896,1020.052,366.3220086233804,0.3591209160154388,0.6408790839845612,0.6408800230645207,0.0,valid_no_l2,nvml_total_energy_counter:1,nvml_total_energy_counter:1,0.9954203601004039,1.0010470145889818,-4.692962919094384,1.6671642990559121
thread_sweep,,,NVIDIA A100-SXM4-80GB,ampere,ga100,108,tensor_mma_f16acc,tensor_baseline_mov,128,256.0,2,8,strict_nvml_counter,structural_baseline,tensor_mma_f16acc,tensor_baseline_mov,True,True,False,,True,True,True,True,True,True,,,,,,,,,,,,,True,logical_m16n16k16_input_bits_8192,True,bench_json_metadata,True,True,False,False,False,False,missing NCU validation row,missing NCU validation row,missing NCU validation row for tensor activity,,,,,,,,,,,,,,,,,,,,,,,,,,,,,True,True,,,,,,,,,,8192.0,8192.0,,,,,,,,,,,,,,,,,,,tensor_core_mma_m16n16k16_f16acc,1,1,1,1,False,False,False,quality_pass,98.81840973202539,tensor_model_utilization_pct_mean,quality_pass_below_saturation_band,fp16-energy-bench-v2,fp16-energy-bench-v2,1,True,0,0,0,True,86.69387797284554,100.0,100.0,270.37171174819673,6.70166015625,14.7610917969,311.86944,1775.4906208838765,86.69387797284554,221184000000.0,0.1771044519521767,0.0,47.883482319231675,1062.91,320.90252165603533,0.3019094012249723,0.6980905987750277,0.6980930262524604,0.0,valid_no_l2,nvml_total_energy_counter:1,nvml_total_energy_counter:1,0.999527254535791,1.0008226270807994,-0.502723541636442,1.3433497352436916
thread_sweep,,,NVIDIA A100-SXM4-80GB,ampere,ga100,108,tensor_mma_f16acc,tensor_baseline_mov,64,256.0,4,8,strict_nvml_counter,structural_baseline,tensor_mma_f16acc,tensor_baseline_mov,True,True,False,,True,True,True,True,True,True,,,,,,,,,,,,,True,logical_m16n16k16_input_bits_8192,True,bench_json_metadata,True,True,False,False,False,False,missing NCU validation row,missing NCU validation row,missing NCU validation row for tensor activity,,,,,,,,,,,,,,,,,,,,,,,,,,,,,True,True,,,,,,,,,,8192.0,8192.0,,,,,,,,,,,,,,,,,,,tensor_core_mma_m16n16k16_f16acc,1,1,1,1,False,False,False,quality_pass,98.81840973202539,tensor_model_utilization_pct_mean,quality_pass_below_saturation_band,fp16-energy-bench-v2,fp16-energy-bench-v2,1,True,0,0,0,True,86.18955135211478,100.0,100.0,268.7988711403528,6.74087402344,14.7601865234,311.86944,1765.1620116913107,86.18955135211478,221184000000.0,0.17266958783846312,0.0,46.412402271676086,1062.219,312.86681695406185,0.2945407839193818,0.7054592160806182,0.7054636393391929,0.0,valid_no_l2,nvml_total_energy_counter:1,nvml_total_energy_counter:1,0.9943422398217546,1.0006832550649647,-6.043975723944868,1.1203324196401354
thread_sweep,,,NVIDIA A100-SXM4-80GB,ampere,ga100,108,tensor_mma_f16acc,tensor_baseline_mov,32,256.0,8,8,strict_nvml_counter,structural_baseline,tensor_mma_f16acc,tensor_baseline_mov,True,True,False,,True,True,True,True,True,True,,,,,,,,,,,,,True,logical_m16n16k16_input_bits_8192,True,bench_json_metadata,True,True,False,False,False,False,missing NCU validation row,missing NCU validation row,missing NCU validation row for tensor activity,,,,,,,,,,,,,,,,,,,,,,,,,,,,,True,True,,,,,,,,,,8192.0,8192.0,,,,,,,,,,,,,,,,,,,tensor_core_mma_m16n16k16_f16acc,1,1,1,1,False,False,False,quality_pass,98.81840973202539,tensor_model_utilization_pct_mean,quality_pass_below_saturation_band,fp16-energy-bench-v2,fp16-energy-bench-v2,1,True,0,0,0,True,86.13765154066859,100.0,100.0,268.6370114890345,6.744935546880001,14.7589501953,311.86944,1764.0991035528925,86.13765154066859,221184000000.0,0.16600215054890208,0.0,44.59421009546644,1063.463,300.78582511213244,0.28283619186763664,0.7171638081323634,0.7171643154277354,0.0,valid_no_l2,nvml_total_energy_counter:1,nvml_total_energy_counter:1,0.9949636940007416,1.0001026956275263,-5.383035701888957,0.17136630751383564
thread_sweep,,,NVIDIA A100-SXM4-80GB,ampere,ga100,108,tensor_mma_f16acc,tensor_baseline_mov,288,288.0,1,8,strict_nvml_counter,structural_baseline,tensor_mma_f16acc,tensor_baseline_mov,True,True,False,,True,True,True,True,True,True,,,,,,,,,,,,,True,logical_m16n16k16_input_bits_8192,True,bench_json_metadata,True,True,False,False,False,False,missing NCU validation row,missing NCU validation row,missing NCU validation row for tensor activity,,,,,,,,,,,,,,,,,,,,,,,,,,,,,True,True,,,,,,,,,,8192.0,8192.0,,,,,,,,,,,,,,,,,,,tensor_core_mma_m16n16k16_f16acc,1,1,1,1,False,False,False,quality_pass,98.81840973202539,tensor_model_utilization_pct_mean,quality_pass_below_saturation_band,fp16-energy-bench-v2,fp16-energy-bench-v2,1,True,0,0,0,True,73.7305749827695,100.0,100.0,229.94313130754333,7.8799453125,13.1178271484,311.86944,1510.0021756471192,73.7305749827695,221183996544.0,0.18112018912420114,0.0,41.64718857149154,1201.892,328.17878864114425,0.2730518121770877,0.7269481878229124,0.7269489258926255,0.0,valid_no_l2,nvml_total_energy_counter:1,nvml_total_energy_counter:1,0.9991317794986713,0.9949202786641067,-1.0444140564786721,-7.426080588358218
thread_sweep,,,NVIDIA A100-SXM4-80GB,ampere,ga100,108,tensor_mma_f16acc,tensor_baseline_mov,320,320.0,1,8,strict_nvml_counter,structural_baseline,tensor_mma_f16acc,tensor_baseline_mov,True,True,False,,True,True,True,True,True,True,,,,,,,,,,,,,True,logical_m16n16k16_input_bits_8192,True,bench_json_metadata,True,True,False,False,False,False,missing NCU validation row,missing NCU validation row,missing NCU validation row for tensor activity,,,,,,,,,,,,,,,,,,,,,,,,,,,,,True,True,,,,,,,,,,8192.0,8192.0,,,,,,,,,,,,,,,,,,,tensor_core_mma_m16n16k16_f16acc,1,1,1,1,False,False,False,quality_pass,98.81840973202539,tensor_model_utilization_pct_mean,quality_pass_below_saturation_band,fp16-energy-bench-v2,fp16-energy-bench-v2,1,True,0,0,0,True,81.93426996526483,99.85714285714286,99.89090909090909,255.5279489087596,7.09096337891,11.8061513672,311.86944,1678.0138488886237,81.93426996526483,221184000000.0,0.17214395997705875,0.0,43.987345197396024,1120.537,311.9144111600907,0.2783615455447617,0.7216384544552382,0.7216395861328584,0.0,valid_no_l2,nvml_total_energy_counter:1,nvml_total_energy_counter:1,0.992310733525584,1.0046842027706768,-8.682872507919456,6.277051628399249
thread_sweep,,,NVIDIA A100-SXM4-80GB,ampere,ga100,108,tensor_mma_f16acc,tensor_baseline_mov,160,320.0,2,8,strict_nvml_counter,structural_baseline,tensor_mma_f16acc,tensor_baseline_mov,True,True,False,,True,True,True,True,True,True,,,,,,,,,,,,,True,logical_m16n16k16_input_bits_8192,True,bench_json_metadata,True,True,False,False,False,False,missing NCU validation row,missing NCU validation row,missing NCU validation row for tensor activity,,,,,,,,,,,,,,,,,,,,,,,,,,,,,True,True,,,,,,,,,,8192.0,8192.0,,,,,,,,,,,,,,,,,,,tensor_core_mma_m16n16k16_f16acc,1,1,1,1,False,False,False,quality_pass,98.81840973202539,tensor_model_utilization_pct_mean,quality_pass_below_saturation_band,fp16-energy-bench-v2,fp16-energy-bench-v2,1,True,0,0,0,True,70.68501269536493,99.75,99.78125,220.44495325696354,8.219463867189999,11.9891894531,311.86944,1447.6290600010739,70.68501269536493,221184000000.0,0.13479811197803723,0.0,29.71542006880081,1199.405,244.24600043315354,0.2036393048496159,0.7963606951503841,0.7963614778835225,0.0,valid_no_l2,nvml_total_energy_counter:1,nvml_total_energy_counter:1,0.9946777038335015,0.9963118811954146,-6.4177457773273545,-5.157411532330343
thread_sweep,,,NVIDIA A100-SXM4-80GB,ampere,ga100,108,tensor_mma_f16acc,tensor_baseline_mov,384,384.0,1,8,strict_nvml_counter,structural_baseline,tensor_mma_f16acc,tensor_baseline_mov,True,True,False,,True,True,True,True,True,True,,,,,,,,,,,,,True,logical_m16n16k16_input_bits_8192,True,bench_json_metadata,True,True,False,False,False,False,missing NCU validation row,missing NCU validation row,missing NCU validation row for tensor activity,,,,,,,,,,,,,,,,,,,,,,,,,,,,,True,True,,,,,,,,,,8192.0,8192.0,,,,,,,,,,,,,,,,,,,tensor_core_mma_m16n16k16_f16acc,1,1,1,1,False,False,False,quality_pass,98.81840973202539,tensor_model_utilization_pct_mean,quality_pass_below_saturation_band,fp16-energy-bench-v2,fp16-energy-bench-v2,1,True,0,0,0,True,98.27476057115587,100.0,100.0,306.4889454546046,5.91192382812,9.688875,311.86944,2012.6670964972723,98.27476057115587,221183996544.0,0.18432635916006604,0.0,56.4936248753956,1029.146,333.98817413061136,0.32452943909864235,0.6754705609013577,0.6754719832559415,0.0,valid_no_l2,nvml_total_energy_counter:1,nvml_total_energy_counter:1,0.9984425156468648,0.9963132971217902,-1.6053791449908204,-4.215710493582947
thread_sweep,,,NVIDIA A100-SXM4-80GB,ampere,ga100,108,tensor_mma_f16acc,tensor_baseline_mov,192,384.0,2,8,strict_nvml_counter,structural_baseline,tensor_mma_f16acc,tensor_baseline_mov,True,True,False,,True,True,True,True,True,True,,,,,,,,,,,,,True,logical_m16n16k16_input_bits_8192,True,bench_json_metadata,True,True,False,False,False,False,missing NCU validation row,missing NCU validation row,missing NCU validation row for tensor activity,,,,,,,,,,,,,,,,,,,,,,,,,,,,,True,True,,,,,,,,,,8192.0,8192.0,,,,,,,,,,,,,,,,,,,tensor_core_mma_m16n16k16_f16acc,1,1,1,1,False,False,False,quality_pass,98.81840973202539,tensor_model_utilization_pct_mean,quality_pass_below_saturation_band,fp16-energy-bench-v2,fp16-energy-bench-v2,1,True,0,0,0,True,84.81848884613777,100.0,100.0,264.5229461809123,6.84983789062,9.98952734375,311.86944,1737.0826515689014,84.81848884613777,221183996544.0,0.16493972514886118,0.0,43.62990196847022,1098.407,298.8607700770326,0.2720856386357995,0.7279143613642005,0.7279163590188882,0.0,valid_no_l2,nvml_total_energy_counter:1,nvml_total_energy_counter:1,1.0057164458822112,0.9972848419050603,6.243294715772663,-3.174561654426043
thread_sweep,,,NVIDIA A100-SXM4-80GB,ampere,ga100,108,tensor_mma_f16acc,tensor_baseline_mov,96,384.0,4,8,strict_nvml_counter,structural_baseline,tensor_mma_f16acc,tensor_baseline_mov,True,True,False,,True,True,True,True,True,True,,,,,,,,,,,,,True,logical_m16n16k16_input_bits_8192,True,bench_json_metadata,True,True,False,False,False,False,missing NCU validation row,missing NCU validation row,missing NCU validation row for tensor activity,,,,,,,,,,,,,,,,,,,,,,,,,,,,,True,True,,,,,,,,,,8192.0,8192.0,,,,,,,,,,,,,,,,,,,tensor_core_mma_m16n16k16_f16acc,1,1,1,1,False,False,False,quality_pass,98.81840973202539,tensor_model_utilization_pct_mean,quality_pass_below_saturation_band,fp16-energy-bench-v2,fp16-energy-bench-v2,1,True,0,0,0,True,87.91861982530831,100.0,100.0,274.191307304918,6.60830322266,10.0616318359,311.86944,1800.573334022314,87.91861982530831,221183996544.0,0.15000482739901116,0.0,41.12987420941076,1058.879,271.7996419072508,0.2566862142957324,0.7433137857042675,0.7433144607457426,0.0,valid_no_l2,nvml_total_energy_counter:1,nvml_total_energy_counter:1,1.0004005040210475,1.0083873808114079,0.4239155174334428,9.967733340468385
thread_sweep,,,NVIDIA A100-SXM4-80GB,ampere,ga100,108,tensor_mma_f16acc,tensor_baseline_mov,224,448.0,2,8,strict_nvml_counter,structural_baseline,tensor_mma_f16acc,tensor_baseline_mov,True,True,False,,True,True,True,True,True,True,,,,,,,,,,,,,True,logical_m16n16k16_input_bits_8192,True,bench_json_metadata,True,True,False,False,False,False,missing NCU validation row,missing NCU validation row,missing NCU validation row for tensor activity,,,,,,,,,,,,,,,,,,,,,,,,,,,,,True,True,,,,,,,,,,8192.0,8192.0,,,,,,,,,,,,,,,,,,,tensor_core_mma_m16n16k16_f16acc,1,1,1,1,False,False,False,quality_pass,98.81840973202539,tensor_model_utilization_pct_mean,quality_pass_below_saturation_band,fp16-energy-bench-v2,fp16-energy-bench-v2,1,True,0,0,0,True,85.30203332825066,100.0,100.0,266.0309736494287,6.81100878906,8.56153320312,311.86944,1746.9856425625735,85.30203332825066,221183996544.0,0.14184869880093798,0.0,37.73608358306326,1082.96,257.0212319670892,0.2373321562819395,0.7626678437180605,0.7626681500770045,0.0,valid_no_l2,nvml_total_energy_counter:1,nvml_total_energy_counter:1,0.989565515380859,0.9963434821058612,-11.419283804363204,-3.8101874003907596
thread_sweep,,,NVIDIA A100-SXM4-80GB,ampere,ga100,108,tensor_mma_f16acc,tensor_baseline_mov,256,512.0,2,8,strict_nvml_counter,structural_baseline,tensor_mma_f16acc,tensor_baseline_mov,True,True,False,,True,True,True,True,True,True,,,,,,,,,,,,,True,logical_m16n16k16_input_bits_8192,True,bench_json_metadata,True,True,False,False,False,False,missing NCU validation row,missing NCU validation row,missing NCU validation row for tensor activity,,,,,,,,,,,,,,,,,,,,,,,,,,,,,True,True,,,,,,,,,,8192.0,8192.0,,,,,,,,,,,,,,,,,,,tensor_core_mma_m16n16k16_f16acc,1,1,1,1,False,False,False,quality_pass,98.81840973202539,tensor_model_utilization_pct_mean,quality_pass_below_saturation_band,fp16-energy-bench-v2,fp16-energy-bench-v2,1,True,0,0,0,True,97.46388989908752,100.0,100.0,303.9600876305008,5.961109375,7.37937207031,311.86944,1996.0604651333124,97.46388989908752,221184000000.0,0.14747411016899217,0.0,44.82536695479416,1015.562,267.2141400770016,0.26311947481000825,0.7368805251899917,0.7368843163280845,0.0,valid_no_l2,nvml_total_energy_counter:1,nvml_total_energy_counter:1,0.9940397269030686,1.0081466201838882,-6.089320882299148,7.486002585493452
thread_sweep,,,NVIDIA A100-SXM4-80GB,ampere,ga100,108,tensor_mma_f16acc,tensor_baseline_mov,128,512.0,4,8,strict_nvml_counter,structural_baseline,tensor_mma_f16acc,tensor_baseline_mov,True,True,False,,True,True,True,True,True,True,,,,,,,,,,,,,True,logical_m16n16k16_input_bits_8192,True,bench_json_metadata,True,True,False,False,False,False,missing NCU validation row,missing NCU validation row,missing NCU validation row for tensor activity,,,,,,,,,,,,,,,,,,,,,,,,,,,,,True,True,,,,,,,,,,8192.0,8192.0,,,,,,,,,,,,,,,,,,,tensor_core_mma_m16n16k16_f16acc,1,1,1,1,False,False,False,quality_pass,98.81840973202539,tensor_model_utilization_pct_mean,quality_pass_below_saturation_band,fp16-energy-bench-v2,fp16-energy-bench-v2,1,True,0,0,0,True,90.92395864019507,100.0,100.0,283.56404063700796,6.38987695312,7.68240625,311.86944,1862.1226729511948,90.92395864019507,221184000000.0,0.13822185174974688,0.0,39.19458222242561,1031.844,250.44960917435196,0.24272042011617256,0.7572795798838274,0.7572803516222798,0.0,valid_no_l2,nvml_total_energy_counter:1,nvml_total_energy_counter:1,0.9879164807688149,0.9935286550011562,-12.620810625489185,-6.119129945514032
thread_sweep,,,NVIDIA A100-SXM4-80GB,ampere,ga100,108,tensor_mma_f16acc,tensor_baseline_mov,64,512.0,8,8,strict_nvml_counter,structural_baseline,tensor_mma_f16acc,tensor_baseline_mov,True,True,False,,True,True,True,True,True,True,,,,,,,,,,,,,True,logical_m16n16k16_input_bits_8192,True,bench_json_metadata,True,True,False,False,False,False,missing NCU validation row,missing NCU validation row,missing NCU validation row for tensor activity,,,,,,,,,,,,,,,,,,,,,,,,,,,,,True,True,,,,,,,,,,8192.0,8192.0,,,,,,,,,,,,,,,,,,,tensor_core_mma_m16n16k16_f16acc,1,1,1,1,False,False,False,quality_pass,98.81840973202539,tensor_model_utilization_pct_mean,quality_pass_below_saturation_band,fp16-energy-bench-v2,fp16-energy-bench-v2,1,True,0,0,0,True,90.93892696076925,99.85714285714286,99.85714285714286,283.6107222545601,6.38882519531,7.7201430664099995,311.86944,1862.429224156554,90.93892696076925,221184000000.0,0.13050866668266328,0.0,37.01348396194874,1031.828,236.47378580716088,0.22917946189399868,0.7708205381060013,0.7708213650131169,0.0,valid_no_l2,nvml_total_energy_counter:1,nvml_total_energy_counter:1,0.9870907520461402,1.000053309545376,-13.494325086243634,0.05123264639541958
thread_sweep,,,NVIDIA A100-SXM4-80GB,ampere,ga100,108,tensor_mma_f16acc,tensor_baseline_mov,288,576.0,2,8,strict_nvml_counter,structural_baseline,tensor_mma_f16acc,tensor_baseline_mov,True,True,False,,True,True,True,True,True,True,,,,,,,,,,,,,True,logical_m16n16k16_input_bits_8192,True,bench_json_metadata,True,True,False,False,False,False,missing NCU validation row,missing NCU validation row,missing NCU validation row for tensor activity,,,,,,,,,,,,,,,,,,,,,,,,,,,,,True,True,,,,,,,,,,8192.0,8192.0,,,,,,,,,,,,,,,,,,,tensor_core_mma_m16n16k16_f16acc,1,1,1,1,False,False,False,quality_pass,98.81840973202539,tensor_model_utilization_pct_mean,quality_pass_below_saturation_band,fp16-energy-bench-v2,fp16-energy-bench-v2,1,True,0,0,0,True,87.94457990067725,100.0,100.0,274.2722688465947,6.6063525390599995,6.9603544921900005,311.86944,1801.1049963658702,87.94457990067725,221183996544.0,0.13002036676993145,0.0,35.66081827593189,1076.483,235.58901231034474,0.21885065747470675,0.7811493425252932,0.7811501225616768,0.0,valid_no_l2,nvml_total_energy_counter:1,nvml_total_energy_counter:1,0.9920288194160632,0.9989174989358622,-8.649789422034019,-0.9600854412889248
thread_sweep,,,NVIDIA A100-SXM4-80GB,ampere,ga100,108,tensor_mma_f16acc,tensor_baseline_mov,320,640.0,2,8,strict_nvml_counter,structural_baseline,tensor_mma_f16acc,tensor_baseline_mov,True,True,False,,True,True,True,True,True,True,,,,,,,,,,,,,True,logical_m16n16k16_input_bits_8192,True,bench_json_metadata,True,True,False,False,False,False,missing NCU validation row,missing NCU validation row,missing NCU validation row for tensor activity,,,,,,,,,,,,,,,,,,,,,,,,,,,,,True,True,,,,,,,,,,8192.0,8192.0,,,,,,,,,,,,,,,,,,,tensor_core_mma_m16n16k16_f16acc,1,1,1,1,False,False,False,quality_pass,98.81840973202539,tensor_model_utilization_pct_mean,quality_pass_below_saturation_band,fp16-energy-bench-v2,fp16-energy-bench-v2,1,True,0,0,0,True,97.7448421730672,100.0,99.91304347826087,304.8362919140285,5.94397509766,6.2643261718800005,311.86944,2001.814367704416,97.7448421730672,221184000000.0,0.13177700751186583,0.0,40.17011372287084,1026.121,238.7719424369011,0.23269374901878148,0.7673062509812185,0.7673075871040069,0.0,valid_no_l2,nvml_total_energy_counter:1,nvml_total_energy_counter:1,0.9948931324545282,1.0097402487976803,-5.2671627350555354,8.004348007526687
thread_sweep,,,NVIDIA A100-SXM4-80GB,ampere,ga100,108,tensor_mma_f16acc,tensor_baseline_mov,160,640.0,4,8,strict_nvml_counter,structural_baseline,tensor_mma_f16acc,tensor_baseline_mov,True,True,False,,True,True,True,True,True,True,,,,,,,,,,,,,True,logical_m16n16k16_input_bits_8192,True,bench_json_metadata,True,True,False,False,False,False,missing NCU validation row,missing NCU validation row,missing NCU validation row for tensor activity,,,,,,,,,,,,,,,,,,,,,,,,,,,,,True,True,,,,,,,,,,8192.0,8192.0,,,,,,,,,,,,,,,,,,,tensor_core_mma_m16n16k16_f16acc,1,1,1,1,False,False,False,quality_pass,98.81840973202539,tensor_model_utilization_pct_mean,quality_pass_below_saturation_band,fp16-energy-bench-v2,fp16-energy-bench-v2,1,True,0,0,0,True,89.88487282029384,99.83333333333333,99.86,280.3234495093626,6.46374511719,6.345914550780001,311.86944,1840.8421953596178,89.88487282029384,221184000000.0,0.11039093525918164,0.0,30.944660275013604,1063.353,200.02167705081308,0.18810468118377724,0.8118953188162228,0.8118978234073079,0.0,valid_no_l2,nvml_total_energy_counter:1,nvml_total_energy_counter:1,1.0022077997917922,1.0133751776474802,2.3424987637188224,11.187090993541233
thread_sweep,,,NVIDIA A100-SXM4-80GB,ampere,ga100,108,tensor_mma_f16acc,tensor_baseline_mov,384,768.0,2,8,strict_nvml_counter,structural_baseline,tensor_mma_f16acc,tensor_baseline_mov,True,True,False,,True,True,True,True,True,True,,,,,,,,,,,,,True,logical_m16n16k16_input_bits_8192,True,bench_json_metadata,True,True,False,False,False,False,missing NCU validation row,missing NCU validation row,missing NCU validation row for tensor activity,,,,,,,,,,,,,,,,,,,,,,,,,,,,,True,True,,,,,,,,,,8192.0,8192.0,,,,,,,,,,,,,,,,,,,tensor_core_mma_m16n16k16_f16acc,5,3,5,5,False,False,False,quality_pass,98.81840973202539,tensor_model_utilization_pct_mean,quality_pass_below_saturation_band,fp16-energy-bench-v2,fp16-energy-bench-v2,5,True,0,0,0,True,98.60653795270989,100.0,100.0,307.52365771650375,5.892032714846,5.770503124998,311.86944,2019.4618972714984,98.60653795270989,221184006912.0,0.11540689998226492,0.005361843797860268,35.48991997709824,1022.3513999999999,209.11030733512524,0.20449808943783082,0.7955019105621692,0.7955032834227718,0.0,valid_no_l2,nvml_total_energy_counter:5,nvml_total_energy_counter:5,0.9917920212758302,1.0003836177827974,-8.458426808239414,0.3012731920794522
thread_sweep,,,NVIDIA A100-SXM4-80GB,ampere,ga100,108,tensor_mma_f16acc,tensor_baseline_mov,192,768.0,4,8,strict_nvml_counter,structural_baseline,tensor_mma_f16acc,tensor_baseline_mov,True,True,False,,True,True,True,True,True,True,,,,,,,,,,,,,True,logical_m16n16k16_input_bits_8192,True,bench_json_metadata,True,True,False,False,False,False,missing NCU validation row,missing NCU validation row,missing NCU validation row for tensor activity,,,,,,,,,,,,,,,,,,,,,,,,,,,,,True,True,,,,,,,,,,8192.0,8192.0,,,,,,,,,,,,,,,,,,,tensor_core_mma_m16n16k16_f16acc,5,3,5,5,False,False,False,quality_pass,98.81840973202539,tensor_model_utilization_pct_mean,quality_pass_below_saturation_band,fp16-energy-bench-v2,fp16-energy-bench-v2,5,True,0,0,0,True,91.2972279324936,100.0,99.98367346938775,284.7281534885914,6.363752343749999,6.139341015624,311.86944,1869.767228057469,91.2972279324936,221184006912.0,0.10689609678295127,0.005093458109499532,30.435792828627,1051.8532,193.68924782351252,0.18411680374195968,0.8158831962580404,0.8158861201816935,0.0,valid_no_l2,nvml_total_energy_counter:5,nvml_total_energy_counter:5,0.9942795917932221,0.9968405749725509,-6.0487800730821615,-2.6331797392157568
thread_sweep,,,NVIDIA A100-SXM4-80GB,ampere,ga100,108,tensor_mma_f16acc,tensor_baseline_mov,96,768.0,8,8,strict_nvml_counter,structural_baseline,tensor_mma_f16acc,tensor_baseline_mov,True,True,False,,True,True,True,True,True,True,,,,,,,,,,,,,True,logical_m16n16k16_input_bits_8192,True,bench_json_metadata,True,True,False,False,False,False,missing NCU validation row,missing NCU validation row,missing NCU validation row for tensor activity,,,,,,,,,,,,,,,,,,,,,,,,,,,,,True,True,,,,,,,,,,8192.0,8192.0,,,,,,,,,,,,,,,,,,,tensor_core_mma_m16n16k16_f16acc,1,1,1,1,False,False,False,quality_pass,98.81840973202539,tensor_model_utilization_pct_mean,quality_pass_below_saturation_band,fp16-energy-bench-v2,fp16-energy-bench-v2,1,True,0,0,0,True,93.20660110451121,100.0,100.0,290.68290490767293,6.23338818359,6.71047167969,311.86944,1908.8711906203896,93.20660110451121,221184006912.0,0.12068957702602909,0.0,35.082105968732265,1030.878,218.68219792696584,0.21213198644938183,0.7878680135506182,0.7878693992689151,0.0,valid_no_l2,nvml_total_energy_counter:1,nvml_total_energy_counter:1,0.9948405093588606,0.9942434825004467,-5.346390042544954,-5.0624047056699055
thread_sweep,,,NVIDIA A100-SXM4-80GB,ampere,ga100,108,tensor_mma_f16acc,tensor_baseline_mov,224,896.0,4,8,strict_nvml_counter,structural_baseline,tensor_mma_f16acc,tensor_baseline_mov,True,True,False,,True,True,True,True,True,True,,,,,,,,,,,,,True,logical_m16n16k16_input_bits_8192,True,bench_json_metadata,True,True,False,False,False,False,missing NCU validation row,missing NCU validation row,missing NCU validation row for tensor activity,,,,,,,,,,,,,,,,,,,,,,,,,,,,,True,True,,,,,,,,,,8192.0,8192.0,,,,,,,,,,,,,,,,,,,tensor_core_mma_m16n16k16_f16acc,1,1,1,1,False,False,False,quality_pass,98.81840973202539,tensor_model_utilization_pct_mean,quality_pass_below_saturation_band,fp16-energy-bench-v2,fp16-energy-bench-v2,1,True,0,0,0,True,92.35109976514889,99.85714285714286,99.87755102040816,288.01485767141116,6.2911313476599995,6.63650390625,311.86944,1891.3505231902495,92.35109976514889,221183996544.0,0.12368656371834552,0.0,35.62333722753078,1055.829,224.1125456446896,0.2122621614339913,0.7877378385660087,0.787738921960272,0.0,valid_no_l2,nvml_total_energy_counter:1,nvml_total_energy_counter:1,1.0016173833809245,0.9934556527350102,1.7049227639540732,-5.779710379518633
thread_sweep,,,NVIDIA A100-SXM4-80GB,ampere,ga100,108,tensor_mma_f16acc,tensor_baseline_mov,256,1024.0,4,8,strict_nvml_counter,structural_baseline,tensor_mma_f16acc,tensor_baseline_mov,True,True,False,,True,True,True,True,True,True,,,,,,,,,,,,,True,logical_m16n16k16_input_bits_8192,True,bench_json_metadata,True,True,False,False,False,False,missing NCU validation row,missing NCU validation row,missing NCU validation row for tensor activity,,,,,,,,,,,,,,,,,,,,,,,,,,,,,True,True,,,,,,,,,,8192.0,8192.0,,,,,,,,,,,,,,,,,,,tensor_core_mma_m16n16k16_f16acc,1,1,1,1,False,False,False,quality_pass,98.81840973202539,tensor_model_utilization_pct_mean,quality_pass_below_saturation_band,fp16-energy-bench-v2,fp16-energy-bench-v2,1,True,0,0,0,True,98.15711255893848,100.0,100.0,306.1220372577311,5.919009765619999,6.49960351562,311.86944,2010.2576652070602,98.15711255893848,221184000000.0,0.12750438103718179,0.0,39.03165568795126,1021.881,231.03020249356712,0.22608327436713974,0.7739167256328603,0.773917824775849,0.0,valid_no_l2,nvml_total_energy_counter:1,nvml_total_energy_counter:1,1.0004496941681695,0.9985654804576046,0.4593273694240452,-1.2475651592451413
thread_sweep,,,NVIDIA A100-SXM4-80GB,ampere,ga100,108,tensor_mma_f16acc,tensor_baseline_mov,128,1024.0,8,8,strict_nvml_counter,structural_baseline,tensor_mma_f16acc,tensor_baseline_mov,True,True,False,,True,True,True,True,True,True,,,,,,,,,,,,,True,logical_m16n16k16_input_bits_8192,True,bench_json_metadata,True,True,False,False,False,False,missing NCU validation row,missing NCU validation row,missing NCU validation row for tensor activity,,,,,,,,,,,,,,,,,,,,,,,,,,,,,True,True,,,,,,,,,,8192.0,8192.0,,,,,,,,,,,,,,,,,,,tensor_core_mma_m16n16k16_f16acc,1,1,1,1,False,False,False,quality_pass,98.81840973202539,tensor_model_utilization_pct_mean,quality_pass_below_saturation_band,fp16-energy-bench-v2,fp16-energy-bench-v2,1,True,0,0,0,True,94.5699605742828,100.0,100.0,294.93480645123657,6.14352490234,6.984665039059999,311.86944,1936.792792561312,94.5699605742828,221184000000.0,0.12725998526907592,0.0,37.53317923578007,1023.756,230.5873721897393,0.22523665032462747,0.7747633496753725,0.7747643720107835,0.0,valid_no_l2,nvml_total_energy_counter:1,nvml_total_energy_counter:1,0.997018991001017,0.9921109407092392,-3.060950569957299,-7.17065516413561
thread_sweep,,,NVIDIA A100-SXM4-80GB,ampere,ga100,108,tensor_mma_f16acc,tensor_baseline_mov,288,1152.0,4,8,strict_nvml_counter,structural_baseline,tensor_mma_f16acc,tensor_baseline_mov,True,True,False,,True,True,True,True,True,True,,,,,,,,,,,,,True,logical_m16n16k16_input_bits_8192,True,bench_json_metadata,True,True,False,False,False,False,missing NCU validation row,missing NCU validation row,missing NCU validation row for tensor activity,,,,,,,,,,,,,,,,,,,,,,,,,,,,,True,True,,,,,,,,,,8192.0,8192.0,,,,,,,,,,,,,,,,,,,tensor_core_mma_m16n16k16_f16acc,1,1,1,1,False,False,False,quality_pass,98.81840973202539,tensor_model_utilization_pct_mean,quality_pass_below_saturation_band,fp16-energy-bench-v2,fp16-energy-bench-v2,1,True,0,0,0,True,98.24527308113832,100.0,100.0,306.39698298461684,5.913698242190001,6.57043359375,311.86944,2012.0631927017128,98.24527308113832,221183996544.0,0.13279166497970818,0.0,40.6865172727214,1027.806,240.61043644779545,0.23410102339137487,0.7658989766086252,0.7659009519115897,0.0,valid_no_l2,nvml_total_energy_counter:1,nvml_total_energy_counter:1,1.0011058536695119,0.9946620701537088,1.135347508437917,-4.69369882341266
thread_sweep,,,NVIDIA A100-SXM4-80GB,ampere,ga100,108,tensor_mma_f16acc,tensor_baseline_mov,320,1280.0,4,8,strict_nvml_counter,structural_baseline,tensor_mma_f16acc,tensor_baseline_mov,True,True,False,,True,True,True,True,True,True,,,,,,,,,,,,,True,logical_m16n16k16_input_bits_8192,True,bench_json_metadata,True,True,False,False,False,False,missing NCU validation row,missing NCU validation row,missing NCU validation row for tensor activity,,,,,,,,,,,,,,,,,,,,,,,,,,,,,True,True,,,,,,,,,,8192.0,8192.0,,,,,,,,,,,,,,,,,,,tensor_core_mma_m16n16k16_f16acc,1,1,1,1,False,False,False,quality_pass,98.81840973202539,tensor_model_utilization_pct_mean,quality_pass_below_saturation_band,fp16-energy-bench-v2,fp16-energy-bench-v2,1,True,0,0,0,True,98.32876828698926,100.0,100.0,306.657379015531,5.9086767578099995,6.20497900391,311.86944,2013.7731745175402,98.32876828698926,221184000000.0,0.1253320164950077,0.0,38.43323848586627,1029.938,227.09400974484913,0.220492893499268,0.779507106500732,0.779510456914267,0.0,valid_no_l2,nvml_total_energy_counter:1,nvml_total_energy_counter:1,1.001548597280126,1.001650546051321,1.5924930550845602,1.3892971318880427
thread_sweep,,,NVIDIA A100-SXM4-80GB,ampere,ga100,108,tensor_mma_f16acc,tensor_baseline_mov,160,1280.0,8,8,strict_nvml_counter,structural_baseline,tensor_mma_f16acc,tensor_baseline_mov,True,True,False,,True,True,True,True,True,True,,,,,,,,,,,,,True,logical_m16n16k16_input_bits_8192,True,bench_json_metadata,True,True,False,False,False,False,missing NCU validation row,missing NCU validation row,missing NCU validation row for tensor activity,,,,,,,,,,,,,,,,,,,,,,,,,,,,,True,True,,,,,,,,,,8192.0,8192.0,,,,,,,,,,,,,,,,,,,tensor_core_mma_m16n16k16_f16acc,5,3,5,5,False,False,False,quality_pass,98.81840973202539,tensor_model_utilization_pct_mean,quality_pass_below_saturation_band,fp16-energy-bench-v2,fp16-energy-bench-v2,5,True,0,0,0,True,94.10584698409212,99.96666666666667,99.97083333333333,293.487377996545,6.1738244140619996,6.240366601562,311.86944,1927.287746234207,94.10584698409212,221184000000.0,0.10936709399456149,0.004249805220420517,32.09778841076941,1036.9536,198.16653879781856,0.1910844949937796,0.8089155050062203,0.8089174852140019,0.0,valid_no_l2,nvml_total_energy_counter:5,nvml_total_energy_counter:5,0.9947888322462258,0.998769335897987,-5.442522410394804,-1.0576515643349693
thread_sweep,,,NVIDIA A100-SXM4-80GB,ampere,ga100,108,tensor_mma_f16acc,tensor_baseline_mov,384,1536.0,4,8,strict_nvml_counter,structural_baseline,tensor_mma_f16acc,tensor_baseline_mov,True,True,True,,True,True,True,True,True,True,,,,,,,,,,,,,True,logical_m16n16k16_input_bits_8192,True,bench_json_metadata,True,True,False,False,False,False,missing NCU validation row,missing NCU validation row,missing NCU validation row for tensor activity,,,,,,,,,,,,,,,,,,,,,,,,,,,,,True,True,,,,,,,,,,8192.0,8192.0,,,,,,,,,,,,,,,,,,,tensor_core_mma_m16n16k16_f16acc,5,3,5,5,True,True,True,quality_pass,98.81840973202539,tensor_model_utilization_pct_mean,quality_gate_first_saturation_point,fp16-energy-bench-v2,fp16-energy-bench-v2,5,True,0,0,0,True,98.74246618450739,99.96666666666667,99.94347826086957,307.94757633181257,5.883921191406,5.627619628904,311.86944,2022.2457074587114,98.74246618450739,221183986176.0,0.11444309113637999,0.0046578495712133955,35.24187472394097,1029.851,207.363924687649,0.20130045961552395,0.7986995403844761,0.7987028572019741,0.0,valid_no_l2,nvml_total_energy_counter:5,nvml_total_energy_counter:5,1.001836400416709,1.0002550933573382,1.8866638965356288,0.19476337951446113
thread_sweep,,,NVIDIA A100-SXM4-80GB,ampere,ga100,108,tensor_mma_f16acc,tensor_baseline_mov,192,1536.0,8,8,strict_nvml_counter,structural_baseline,tensor_mma_f16acc,tensor_baseline_mov,True,True,False,,True,True,True,True,True,True,,,,,,,,,,,,,True,logical_m16n16k16_input_bits_8192,True,bench_json_metadata,True,True,False,False,False,False,missing NCU validation row,missing NCU validation row,missing NCU validation row for tensor activity,,,,,,,,,,,,,,,,,,,,,,,,,,,,,True,True,,,,,,,,,,8192.0,8192.0,,,,,,,,,,,,,,,,,,,tensor_core_mma_m16n16k16_f16acc,5,3,5,5,False,False,False,quality_pass,98.81840973202539,tensor_model_utilization_pct_mean,quality_pass_below_saturation_band,fp16-energy-bench-v2,fp16-energy-bench-v2,5,True,0,0,0,True,94.97111109345005,100.0,100.0,296.18587232892054,6.117574902342,5.821941113279999,311.86944,1945.008355193857,94.97111109345005,221183986176.0,0.10500236958169595,0.0012852877092469537,31.099892967072424,1035.9568,190.2579110871456,0.18365335889373466,0.8163466411062654,0.8163482754203653,0.0,valid_no_l2,nvml_total_energy_counter:5,nvml_total_energy_counter:5,0.9938219151782274,1.001654860857702,-6.44051415394938,1.312814298774174
thread_sweep,,,NVIDIA A100-SXM4-80GB,ampere,ga100,108,tensor_mma_f16acc,tensor_baseline_mov,224,1792.0,8,8,strict_nvml_counter,structural_baseline,tensor_mma_f16acc,tensor_baseline_mov,True,True,False,,True,True,True,True,True,True,,,,,,,,,,,,,True,logical_m16n16k16_input_bits_8192,True,bench_json_metadata,True,True,False,False,False,False,missing NCU validation row,missing NCU validation row,missing NCU validation row for tensor activity,,,,,,,,,,,,,,,,,,,,,,,,,,,,,True,True,,,,,,,,,,8192.0,8192.0,,,,,,,,,,,,,,,,,,,tensor_core_mma_m16n16k16_f16acc,5,3,5,5,False,False,False,quality_pass,98.81840973202539,tensor_model_utilization_pct_mean,quality_pass_below_saturation_band,fp16-energy-bench-v2,fp16-energy-bench-v2,5,True,0,0,0,True,95.53114588933921,100.0,100.0,297.9324497106652,6.0817125,5.9070456054700005,311.86944,1956.477867813667,95.53114588933921,221184020736.0,0.10973811534841342,0.002563165837363676,32.69367578100334,1037.6236000000001,198.83882562152885,0.19161135800403545,0.8083886419959645,0.8083926434871518,0.0,valid_no_l2,nvml_total_energy_counter:5,nvml_total_energy_counter:5,0.9932272095797867,1.0030956145982077,-7.070333654672913,2.493661452662195
thread_sweep,,,NVIDIA A100-SXM4-80GB,ampere,ga100,108,tensor_mma_f16acc,tensor_baseline_mov,256,2048.0,8,8,strict_nvml_counter,structural_baseline,tensor_mma_f16acc,tensor_baseline_mov,True,True,False,,True,True,True,True,True,True,,,,,,,,,,,,,True,logical_m16n16k16_input_bits_8192,True,bench_json_metadata,True,True,False,False,False,False,missing NCU validation row,missing NCU validation row,missing NCU validation row for tensor activity,,,,,,,,,,,,,,,,,,,,,,,,,,,,,True,True,,,,,,,,,,8192.0,8192.0,,,,,,,,,,,,,,,,,,,tensor_core_mma_m16n16k16_f16acc,5,3,5,5,False,False,False,quality_pass,98.81840973202539,tensor_model_utilization_pct_mean,quality_pass_below_saturation_band,fp16-energy-bench-v2,fp16-energy-bench-v2,5,True,0,0,0,True,98.52304943179487,100.0,100.0,307.2632825338618,5.897025292968,5.706215234374,311.86944,2017.7520523631588,98.52304943179487,221184000000.0,0.10990017326434334,0.007259449792811944,33.76817172740331,1018.6843999999999,199.13244609167785,0.19538174376886208,0.8046182562311379,0.8046195217327938,0.0,valid_no_l2,nvml_total_energy_counter:5,nvml_total_energy_counter:5,0.9989301892762159,0.9952592602742572,-1.080852783480782,-3.814863318945618
thread_sweep,,,NVIDIA A100-SXM4-80GB,ampere,ga100,108,tensor_mma_f16acc,tensor_baseline_mov,288,2304.0,8,8,strict_nvml_counter,structural_baseline,tensor_mma_f16acc,tensor_baseline_mov,True,True,False,,True,True,True,True,True,True,,,,,,,,,,,,,True,logical_m16n16k16_input_bits_8192,True,bench_json_metadata,True,True,False,False,False,False,missing NCU validation row,missing NCU validation row,missing NCU validation row for tensor activity,,,,,,,,,,,,,,,,,,,,,,,,,,,,,True,True,,,,,,,,,,8192.0,8192.0,,,,,,,,,,,,,,,,,,,tensor_core_mma_m16n16k16_f16acc,5,3,5,5,False,False,False,quality_pass,98.81840973202539,tensor_model_utilization_pct_mean,quality_pass_below_saturation_band,fp16-energy-bench-v2,fp16-energy-bench-v2,5,True,0,0,0,True,98.58622275995839,99.96666666666667,99.93845410628019,307.4603008386348,5.893247265624,5.56877001953,311.86944,2019.045842123948,98.58622275995839,221184027648.0,0.1097813307288101,0.002484080931419126,33.752984874320966,1032.2060000000001,198.91713549234478,0.1927139947102409,0.807286005289759,0.807287586008145,0.0,valid_no_l2,nvml_total_energy_counter:5,nvml_total_energy_counter:5,1.0046157121890098,1.006913186186009,4.7423471652612985,5.395845128128417
thread_sweep,,,NVIDIA A100-SXM4-80GB,ampere,ga100,108,tensor_mma_f16acc,tensor_baseline_mov,320,2560.0,8,8,strict_nvml_counter,structural_baseline,tensor_mma_f16acc,tensor_baseline_mov,True,True,False,,True,True,True,True,True,True,,,,,,,,,,,,,True,logical_m16n16k16_input_bits_8192,True,bench_json_metadata,True,True,False,False,False,False,missing NCU validation row,missing NCU validation row,missing NCU validation row for tensor activity,,,,,,,,,,,,,,,,,,,,,,,,,,,,,True,True,,,,,,,,,,8192.0,8192.0,,,,,,,,,,,,,,,,,,,tensor_core_mma_m16n16k16_f16acc,5,3,5,5,False,False,False,quality_pass,98.81840973202539,tensor_model_utilization_pct_mean,quality_pass_below_saturation_band,fp16-energy-bench-v2,fp16-energy-bench-v2,5,True,0,0,0,True,98.62002643135165,100.0,100.0,307.5657241593084,5.891226464842,5.46056044922,311.86944,2019.7381413140818,98.62002643135165,221184000000.0,0.10654134000790583,0.005183367991739959,32.767614963291734,1027.5156000000002,193.0464440181444,0.18783534322551743,0.8121646567744826,0.8121683583564463,0.0,valid_no_l2,nvml_total_energy_counter:5,nvml_total_energy_counter:5,0.999684672313647,1.0046821913674835,-0.3204987454952743,3.603557900569649
thread_sweep,,,NVIDIA A100-SXM4-80GB,ampere,ga100,108,tensor_mma_f16acc,tensor_baseline_mov,384,3072.0,8,8,strict_nvml_counter,structural_baseline,tensor_mma_f16acc,tensor_baseline_mov,True,True,False,,True,True,True,True,True,True,,,,,,,,,,,,,True,logical_m16n16k16_input_bits_8192,True,bench_json_metadata,True,True,False,False,False,False,missing NCU validation row,missing NCU validation row,missing NCU validation row for tensor activity,,,,,,,,,,,,,,,,,,,,,,,,,,,,,True,True,,,,,,,,,,8192.0,8192.0,,,,,,,,,,,,,,,,,,,tensor_core_mma_m16n16k16_f16acc,5,3,5,5,False,False,True,quality_pass,98.81840973202539,tensor_model_utilization_pct_mean,quality_pass_saturated_tie_loser,fp16-energy-bench-v2,fp16-energy-bench-v2,5,True,0,0,0,True,98.81840973202539,100.0,100.0,308.1844210481731,5.879400390626,5.3548381835939995,311.86944,2023.80103131188,98.81840973202539,221184027648.0,0.10836979996920984,0.005371013885337579,33.39781459980064,1030.0432,196.35952707664234,0.19059047487938346,0.8094095251206166,0.8094107517060289,0.0,valid_no_l2,nvml_total_energy_counter:5,nvml_total_energy_counter:5,1.002341630793064,0.9937102525319459,2.4054931812988114,-4.860424277680022
