condition,gpu,architecture_generation,architecture_chip,gpu_product_class,recommended_cuda_arch,sm_count,tensor_model_architecture_chip,tensor_model_reference_note,tensor_model_reference_url,tensor_model_reference_dense_tflops,tensor_model_reference_sparse_tflops,fp16_path,test_benchmark_schema_version,baseline_benchmark_schema_version,test_benchmark_schema_features,baseline_benchmark_schema_features,test_bench_build_git_commit,baseline_bench_build_git_commit,test_kernel,baseline_kernel,run_count,valid_count,valid_no_l2_count,expected_l2_touch_count,valid_basic_expected_l2_touch_count,invalid_or_nonpositive_increment_count,separation_quality_counts,pure_fp16_candidate_count,matmul_denominator_valid_count,matmul_denominator_valid_all,matmul_denominator_metadata_complete_count,matmul_denominator_metadata_complete_all,matmul_denominator_source,invalid_count,stats_scope,stats_scope_note,elapsed_s_n,elapsed_s_mean,elapsed_s_std,elapsed_s_min,elapsed_s_max,elapsed_s_ci95,baseline_elapsed_s_n,baseline_elapsed_s_mean,baseline_elapsed_s_std,baseline_elapsed_s_min,baseline_elapsed_s_max,baseline_elapsed_s_ci95,pj_per_flop_n,pj_per_flop_mean,pj_per_flop_std,pj_per_flop_min,pj_per_flop_max,pj_per_flop_ci95,incremental_pj_per_bit_n,incremental_pj_per_bit_mean,incremental_pj_per_bit_std,incremental_pj_per_bit_min,incremental_pj_per_bit_max,incremental_pj_per_bit_ci95,total_pj_per_bit_n,total_pj_per_bit_mean,total_pj_per_bit_std,total_pj_per_bit_min,total_pj_per_bit_max,total_pj_per_bit_ci95,matmul_input_pj_per_bit_n,matmul_input_pj_per_bit_mean,matmul_input_pj_per_bit_std,matmul_input_pj_per_bit_min,matmul_input_pj_per_bit_max,matmul_input_pj_per_bit_ci95,matmul_arithmetic_read_pj_per_bit_n,matmul_arithmetic_read_pj_per_bit_mean,matmul_arithmetic_read_pj_per_bit_std,matmul_arithmetic_read_pj_per_bit_min,matmul_arithmetic_read_pj_per_bit_max,matmul_arithmetic_read_pj_per_bit_ci95,matmul_register_read_write_pj_per_bit_n,matmul_register_read_write_pj_per_bit_mean,matmul_register_read_write_pj_per_bit_std,matmul_register_read_write_pj_per_bit_min,matmul_register_read_write_pj_per_bit_max,matmul_register_read_write_pj_per_bit_ci95,matmul_logical_mma_count_n,matmul_logical_mma_count_mean,matmul_logical_mma_count_std,matmul_logical_mma_count_min,matmul_logical_mma_count_max,matmul_logical_mma_count_ci95,matmul_flops_per_logical_mma_n,matmul_flops_per_logical_mma_mean,matmul_flops_per_logical_mma_std,matmul_flops_per_logical_mma_min,matmul_flops_per_logical_mma_max,matmul_flops_per_logical_mma_ci95,matmul_input_bits_per_logical_mma_n,matmul_input_bits_per_logical_mma_mean,matmul_input_bits_per_logical_mma_std,matmul_input_bits_per_logical_mma_min,matmul_input_bits_per_logical_mma_max,matmul_input_bits_per_logical_mma_ci95,matmul_accumulator_bits_per_logical_mma_n,matmul_accumulator_bits_per_logical_mma_mean,matmul_accumulator_bits_per_logical_mma_std,matmul_accumulator_bits_per_logical_mma_min,matmul_accumulator_bits_per_logical_mma_max,matmul_accumulator_bits_per_logical_mma_ci95,matmul_output_bits_per_logical_mma_n,matmul_output_bits_per_logical_mma_mean,matmul_output_bits_per_logical_mma_std,matmul_output_bits_per_logical_mma_min,matmul_output_bits_per_logical_mma_max,matmul_output_bits_per_logical_mma_ci95,matmul_arithmetic_read_bits_per_logical_mma_n,matmul_arithmetic_read_bits_per_logical_mma_mean,matmul_arithmetic_read_bits_per_logical_mma_std,matmul_arithmetic_read_bits_per_logical_mma_min,matmul_arithmetic_read_bits_per_logical_mma_max,matmul_arithmetic_read_bits_per_logical_mma_ci95,matmul_register_read_write_bits_per_logical_mma_n,matmul_register_read_write_bits_per_logical_mma_mean,matmul_register_read_write_bits_per_logical_mma_std,matmul_register_read_write_bits_per_logical_mma_min,matmul_register_read_write_bits_per_logical_mma_max,matmul_register_read_write_bits_per_logical_mma_ci95,tflops_n,tflops_mean,tflops_std,tflops_min,tflops_max,tflops_ci95,memory_gbps_n,memory_gbps_mean,memory_gbps_std,memory_gbps_min,memory_gbps_max,memory_gbps_ci95,incremental_power_w_n,incremental_power_w_mean,incremental_power_w_std,incremental_power_w_min,incremental_power_w_max,incremental_power_w_ci95,test_energy_j_n,test_energy_j_mean,test_energy_j_std,test_energy_j_min,test_energy_j_max,test_energy_j_ci95,baseline_scaled_energy_j_n,baseline_scaled_energy_j_mean,baseline_scaled_energy_j_std,baseline_scaled_energy_j_min,baseline_scaled_energy_j_max,baseline_scaled_energy_j_ci95,incremental_energy_j_n,incremental_energy_j_mean,incremental_energy_j_std,incremental_energy_j_min,incremental_energy_j_max,incremental_energy_j_ci95,test_energy_counter_vs_trace_delta_j_n,test_energy_counter_vs_trace_delta_j_mean,test_energy_counter_vs_trace_delta_j_std,test_energy_counter_vs_trace_delta_j_min,test_energy_counter_vs_trace_delta_j_max,test_energy_counter_vs_trace_delta_j_ci95,baseline_energy_counter_vs_trace_delta_j_n,baseline_energy_counter_vs_trace_delta_j_mean,baseline_energy_counter_vs_trace_delta_j_std,baseline_energy_counter_vs_trace_delta_j_min,baseline_energy_counter_vs_trace_delta_j_max,baseline_energy_counter_vs_trace_delta_j_ci95,test_energy_counter_vs_trace_ratio_n,test_energy_counter_vs_trace_ratio_mean,test_energy_counter_vs_trace_ratio_std,test_energy_counter_vs_trace_ratio_min,test_energy_counter_vs_trace_ratio_max,test_energy_counter_vs_trace_ratio_ci95,baseline_energy_counter_vs_trace_ratio_n,baseline_energy_counter_vs_trace_ratio_mean,baseline_energy_counter_vs_trace_ratio_std,baseline_energy_counter_vs_trace_ratio_min,baseline_energy_counter_vs_trace_ratio_max,baseline_energy_counter_vs_trace_ratio_ci95,baseline_energy_fraction_n,baseline_energy_fraction_mean,baseline_energy_fraction_std,baseline_energy_fraction_min,baseline_energy_fraction_max,baseline_energy_fraction_ci95,incremental_energy_fraction_n,incremental_energy_fraction_mean,incremental_energy_fraction_std,incremental_energy_fraction_min,incremental_energy_fraction_max,incremental_energy_fraction_ci95,baseline_power_fraction_n,baseline_power_fraction_mean,baseline_power_fraction_std,baseline_power_fraction_min,baseline_power_fraction_max,baseline_power_fraction_ci95,w_per_tflops_n,w_per_tflops_mean,w_per_tflops_std,w_per_tflops_min,w_per_tflops_max,w_per_tflops_ci95,tensor_peak_tflops_model_n,tensor_peak_tflops_model_mean,tensor_peak_tflops_model_std,tensor_peak_tflops_model_min,tensor_peak_tflops_model_max,tensor_peak_tflops_model_ci95,achieved_flops_per_sm_cycle_n,achieved_flops_per_sm_cycle_mean,achieved_flops_per_sm_cycle_std,achieved_flops_per_sm_cycle_min,achieved_flops_per_sm_cycle_max,achieved_flops_per_sm_cycle_ci95,tensor_model_utilization_pct_n,tensor_model_utilization_pct_mean,tensor_model_utilization_pct_std,tensor_model_utilization_pct_min,tensor_model_utilization_pct_max,tensor_model_utilization_pct_ci95,avg_sm_clock_mhz_n,avg_sm_clock_mhz_mean,avg_sm_clock_mhz_std,avg_sm_clock_mhz_min,avg_sm_clock_mhz_max,avg_sm_clock_mhz_ci95,clock_span_mhz_n,clock_span_mhz_mean,clock_span_mhz_std,clock_span_mhz_min,clock_span_mhz_max,clock_span_mhz_ci95,max_temp_c_n,max_temp_c_mean,max_temp_c_std,max_temp_c_min,max_temp_c_max,max_temp_c_ci95,avg_gpu_util_pct_n,avg_gpu_util_pct_mean,avg_gpu_util_pct_std,avg_gpu_util_pct_min,avg_gpu_util_pct_max,avg_gpu_util_pct_ci95,max_gpu_util_pct_n,max_gpu_util_pct_mean,max_gpu_util_pct_std,max_gpu_util_pct_min,max_gpu_util_pct_max,max_gpu_util_pct_ci95,avg_sm_util_pct_n,avg_sm_util_pct_mean,avg_sm_util_pct_std,avg_sm_util_pct_min,avg_sm_util_pct_max,avg_sm_util_pct_ci95,max_sm_util_pct_n,max_sm_util_pct_mean,max_sm_util_pct_std,max_sm_util_pct_min,max_sm_util_pct_max,max_sm_util_pct_ci95,input_dir,architecture_label
launch_shape_tensor_mma_f16acc_t032_b01,NVIDIA GeForce RTX 3090,ampere,ga102,consumer,86,82,ga102,"RTX 3090 FE dense FP16 Tensor Core peak, no sparsity",https://www.nvidia.com/content/dam/en-zz/Solutions/geforce/ampere/pdf/NVIDIA-ampere-GA102-GPU-Architecture-Whitepaper-V1.pdf,142.0,284.0,tensor_core_mma_m16n16k16_f16acc,fp16-energy-bench-v2,fp16-energy-bench-v2,"nvml_timed_energy_counter,explicit_m16n16k16_denominator,strict_denominator_provenance,tensor_no_memory_warpsync_baseline","nvml_timed_energy_counter,explicit_m16n16k16_denominator,strict_denominator_provenance,tensor_no_memory_warpsync_baseline",bae1f83e791c,bae1f83e791c,tensor_mma_f16acc,tensor_baseline_mov,10,7,7,0,0,3,invalid_or_nonpositive_increment:3; pure_fp16_candidate_no_l2:7,7,10,True,10,True,bench_json_metadata,3,valid_basic,"stats use valid_basic rows, but no valid_no_l2 row was available",7,1.1225822928314284,0.00651127911401491,1.1168706054700002,1.13192834473,0.004823623070731481,7,0.8455708618164286,0.003371349806720152,0.8433172607420001,0.851713012695,0.002497530887932415,7,0.5784353929819288,0.1636616457575475,0.44063854825906845,0.9250534677829616,0.12124224387352556,0,nan,nan,nan,nan,nan,0,nan,nan,nan,nan,nan,7,0.5784353929819288,0.1636616457575475,0.44063854825906845,0.9250534677829616,0.12124224387352556,7,0.38562359532128593,0.10910776383836501,0.2937590321727123,0.6167023118553078,0.08082816258235039,7,0.2892176964909644,0.08183082287877375,0.22031927412953423,0.4625267338914808,0.06062112193676278,7,5248000000.0,0.0,5248000000.0,5248000000.0,0.0,7,8192.0,0.0,8192.0,8192.0,0.0,7,8192.0,0.0,8192.0,8192.0,0.0,7,4096.0,0.0,4096.0,4096.0,0.0,7,4096.0,0.0,4096.0,4096.0,0.0,7,12288.0,0.0,12288.0,12288.0,0.0,7,16384.0,0.0,16384.0,16384.0,0.0,7,38.29817437035757,0.2215336229205264,37.98086354154762,38.49292459613826,0.16411440452032397,0,nan,nan,nan,nan,nan,7,17.26917689735703,6.391568805383134,11.253687825309811,30.58620402364312,4.73494043304855,7,187.713,7.751101126076649,176.666,195.162,5.742096070623225,7,162.8451277041118,9.776500240362443,153.29845653360655,176.21823673844867,7.242532731997421,7,24.867872295888183,7.036078628336511,18.94376326155134,39.76954346639346,5.212399991588963,7,-7.97100174708673,7.766402630303397,-19.262431208219283,0.7668082745812796,5.753431583586595,7,-12.231450446379261,7.931918517496248,-22.82293104107751,0.05595876479722506,5.876047468738497,7,0.959308932332476,0.039722951378367205,0.901686390844683,1.0039835398029833,0.029427174192827605,7,0.9129921965949538,0.05398320835922647,0.8535131696470425,1.0004122221732694,0.03999132040173099,7,0.8675086669392351,0.036231590731830285,0.7940127651066284,0.9029331362583324,0.02684073803059478,7,0.13249133306076497,0.03623159073183028,0.09706686374166763,0.20598723489337153,0.026840738030594776,7,0.8936737510518419,0.03786949863204222,0.8177693277488098,0.9326736184354998,0.028054117183423634,7,0.45052439069848427,0.1651968405199207,0.29588480507760806,0.7945928854341099,0.1223795320690063,7,161.9382857142857,0.6732417588270784,161.21856,162.47808,0.4987444745024485,7,242.17341302250333,0.5584789682146062,241.24024099052093,242.6839512924529,0.4137270094596224,7,23.649747365478838,0.054538961739706765,23.55861728423056,23.6996046184036,0.0404030282675406,7,1928.5714285714287,8.017837257372731,1920.0,1935.0,5.939696961966998,7,0.0,0.0,0.0,0.0,0.0,7,67.71428571428571,1.3801311186847085,65.0,69.0,1.02241544067631,7,98.80952380952381,0.9890642493585535,96.88888888888889,99.77777777777777,0.7327090496509022,7,100.0,0.0,100.0,100.0,0.0,7,100.0,0.0,100.0,100.0,0.0,7,100.0,0.0,100.0,100.0,0.0,results/strict_fp16_launch_shape_rtx3090_20260602_115550,"ga102
GeForce RTX 3090"
launch_shape_tensor_mma_f16acc_t032_b02,NVIDIA GeForce RTX 3090,ampere,ga102,consumer,86,82,ga102,"RTX 3090 FE dense FP16 Tensor Core peak, no sparsity",https://www.nvidia.com/content/dam/en-zz/Solutions/geforce/ampere/pdf/NVIDIA-ampere-GA102-GPU-Architecture-Whitepaper-V1.pdf,142.0,284.0,tensor_core_mma_m16n16k16_f16acc,fp16-energy-bench-v2,fp16-energy-bench-v2,"nvml_timed_energy_counter,explicit_m16n16k16_denominator,strict_denominator_provenance,tensor_no_memory_warpsync_baseline","nvml_timed_energy_counter,explicit_m16n16k16_denominator,strict_denominator_provenance,tensor_no_memory_warpsync_baseline",bae1f83e791c,bae1f83e791c,tensor_mma_f16acc,tensor_baseline_mov,10,9,9,0,0,1,invalid_or_nonpositive_increment:1; pure_fp16_candidate_no_l2:9,9,10,True,10,True,bench_json_metadata,1,valid_basic,"stats use valid_basic rows, but no valid_no_l2 row was available",9,1.1161382785377778,0.002789872418770999,1.10883935547,1.11788330078,0.001822716646930386,9,1.006495557997111,0.004271573267138619,0.998589416504,1.01300939941,0.0027907612011972313,9,0.4111398517249557,0.10925186114749072,0.3183173514105836,0.5620118758460263,0.0713778826163606,0,nan,nan,nan,nan,nan,0,nan,nan,nan,nan,nan,9,0.4111398517249557,0.10925186114749072,0.3183173514105836,0.5620118758460263,0.0713778826163606,9,0.2740932344833038,0.07283457409832714,0.21221156760705573,0.3746745838973508,0.047585255077573725,9,0.20556992586247785,0.05462593057374536,0.1591586757052918,0.28100593792301315,0.0356889413081803,9,10496000000.0,0.0,10496000000.0,10496000000.0,0.0,9,8192.0,0.0,8192.0,8192.0,0.0,9,8192.0,0.0,8192.0,8192.0,0.0,9,4096.0,0.0,4096.0,4096.0,0.0,9,4096.0,0.0,4096.0,4096.0,0.0,9,12288.0,0.0,12288.0,12288.0,0.0,9,16384.0,0.0,16384.0,16384.0,0.0,9,77.0367917480933,0.19360815161431896,76.91610737901303,77.54345259828425,0.1264906590546884,0,nan,nan,nan,nan,nan,9,26.544974218428784,8.175920243259055,19.56599876942346,37.73995450454149,5.341601225595916,9,201.22277777777776,9.722315513520654,188.127,215.077,6.351912802166827,9,165.87164452246532,3.377209263858595,160.75704532403827,171.04791048057072,2.2064433857209487,9,35.35113325531247,9.39382812347648,27.369954675961736,48.32359750762407,6.1373010406713,9,-5.5434854417408195,8.087384823678889,-12.958578930885892,6.890385675176134,5.283758084803541,9,-10.778260677858485,2.2897623148800355,-13.273063090748224,-6.932116227399661,1.4959780457216232,9,0.9730321832617553,0.03905471740591609,0.9371661330306708,1.0330971599568135,0.025515748705198512,9,0.9347342827765647,0.013369754949401288,0.9197449722020095,0.9555034915226511,0.008734906566942174,9,0.8257991213165026,0.03781278978379925,0.7728652592084526,0.8612337392278796,0.024704355992082174,9,0.1742008786834974,0.03781278978379925,0.13876626077212037,0.22713474079154736,0.024704355992082174,9,0.849953434921138,0.03895825515315406,0.7958672921478623,0.8866514055673553,0.025452726700060654,9,0.3446354343972249,0.10635826063190155,0.2543122262765611,0.4904984651674988,0.06948739694617569,9,162.47808,0.0,162.47808,162.47808,0.0,9,485.5157985006195,1.2201938086236888,484.75519870809245,488.7089720696052,0.7971932883008099,9,47.413652197326115,0.11915955162340737,47.33937487383715,47.72548555367238,0.07785090706062615,9,1935.0,0.0,1935.0,1935.0,0.0,9,0.0,0.0,0.0,0.0,0.0,9,67.77777777777777,2.773886162848873,61.0,70.0,1.8122722930612636,9,98.9753086419753,0.9325687638529022,97.33333333333333,99.77777777777777,0.6092782590505628,9,100.0,0.0,100.0,100.0,0.0,9,100.0,0.0,100.0,100.0,0.0,9,100.0,0.0,100.0,100.0,0.0,results/strict_fp16_launch_shape_rtx3090_20260602_115550,"ga102
GeForce RTX 3090"
launch_shape_tensor_mma_f16acc_t032_b04,NVIDIA GeForce RTX 3090,ampere,ga102,consumer,86,82,ga102,"RTX 3090 FE dense FP16 Tensor Core peak, no sparsity",https://www.nvidia.com/content/dam/en-zz/Solutions/geforce/ampere/pdf/NVIDIA-ampere-GA102-GPU-Architecture-Whitepaper-V1.pdf,142.0,284.0,tensor_core_mma_m16n16k16_f16acc,fp16-energy-bench-v2,fp16-energy-bench-v2,"nvml_timed_energy_counter,explicit_m16n16k16_denominator,strict_denominator_provenance,tensor_no_memory_warpsync_baseline","nvml_timed_energy_counter,explicit_m16n16k16_denominator,strict_denominator_provenance,tensor_no_memory_warpsync_baseline",bae1f83e791c,bae1f83e791c,tensor_mma_f16acc,tensor_baseline_mov,10,10,10,0,0,0,pure_fp16_candidate_no_l2:10,10,10,True,10,True,bench_json_metadata,0,valid_basic,"stats use valid_basic rows, but no valid_no_l2 row was available",10,1.119416955567,0.003948692410725023,1.1097354736299998,1.1238779296899999,0.0024474249122731838,10,1.036873107912,0.0029668008802780847,1.0286909179700001,1.0387916259799999,0.0018388422365907687,10,0.3508538499309065,0.08133382284276085,0.24216481503665047,0.46234663753962896,0.05041122567438403,0,nan,nan,nan,nan,nan,0,nan,nan,nan,nan,nan,10,0.3508538499309065,0.08133382284276085,0.24216481503665047,0.46234663753962896,0.05041122567438403,10,0.2339025666206044,0.05422254856184056,0.16144321002443365,0.308231091693086,0.03360748378292268,10,0.17542692496545326,0.040666911421380424,0.12108240751832523,0.23117331876981448,0.025205612837192016,10,20992000000.0,0.0,20992000000.0,20992000000.0,0.0,10,8192.0,0.0,8192.0,8192.0,0.0,10,8192.0,0.0,8192.0,8192.0,0.0,10,4096.0,0.0,4096.0,4096.0,0.0,10,4096.0,0.0,4096.0,4096.0,0.0,10,12288.0,0.0,12288.0,12288.0,0.0,10,16384.0,0.0,16384.0,16384.0,0.0,10,153.62318630587984,0.5446346626684407,153.01169233515748,154.96167157519906,0.33756806123511124,0,nan,nan,nan,nan,nan,10,47.785906612027844,12.47961490636923,31.237319860528686,64.38492629964162,7.73494545547948,10,236.0489,10.249774842513476,219.848,255.744,6.352876265222301,10,175.71380404659536,10.553497650011463,162.76662946534086,193.1317730529332,6.541125611633064,10,60.335095953404654,13.986689917872011,41.64422694706681,79.50811639997966,8.669040225129837,10,-0.8078378300173739,8.492328513322489,-7.587309766559656,16.132718941168065,5.263599745136167,10,-10.118046404137718,8.645754574894669,-19.410249332062648,4.399701009865595,5.358694203307643,10,0.9965133958177859,0.035604060970908236,0.9685218682190601,1.067328712028408,0.022067625617436894,10,0.9428442178787151,0.04858283935621418,0.8916816093840549,1.0245249010694835,0.030111955802486223,10,0.7454403265156062,0.05222437001256421,0.6891105308434229,0.822621447903249,0.03236899988699145,10,0.25455967348439373,0.05222437001256423,0.177378552096751,0.3108894691565771,0.032368999886991455,10,0.7677427896671685,0.05457018902321022,0.709222229652683,0.8464441246560216,0.033822953573215624,10,0.31109161310621636,0.08146104131847072,0.2037408480226831,0.4201742577360282,0.05049007650254883,10,162.11421866666666,0.3914061393917855,161.6384,162.47808,0.24259603856767317,10,970.3660204051354,2.477972224398423,966.9470274637957,976.6286731908934,1.5358630967156441,10,94.762306680189,0.24198947503891072,94.4284206507613,95.37389386629819,0.1499866305386385,10,1930.6666666666667,4.661372658533996,1925.0,1935.0,2.8891487062651415,10,7.5,7.905694150420948,0.0,15.0,4.8999999999999995,10,70.1,2.766867462592951,63.0,72.0,1.7149222204584735,10,99.37777777777777,0.8383797817434586,97.44444444444444,99.88888888888889,0.5196331722906594,10,100.0,0.0,100.0,100.0,0.0,10,100.0,0.0,100.0,100.0,0.0,10,100.0,0.0,100.0,100.0,0.0,results/strict_fp16_launch_shape_rtx3090_20260602_115550,"ga102
GeForce RTX 3090"
launch_shape_tensor_mma_f16acc_t032_b08,NVIDIA GeForce RTX 3090,ampere,ga102,consumer,86,82,ga102,"RTX 3090 FE dense FP16 Tensor Core peak, no sparsity",https://www.nvidia.com/content/dam/en-zz/Solutions/geforce/ampere/pdf/NVIDIA-ampere-GA102-GPU-Architecture-Whitepaper-V1.pdf,142.0,284.0,tensor_core_mma_m16n16k16_f16acc,fp16-energy-bench-v2,fp16-energy-bench-v2,"nvml_timed_energy_counter,explicit_m16n16k16_denominator,strict_denominator_provenance,tensor_no_memory_warpsync_baseline","nvml_timed_energy_counter,explicit_m16n16k16_denominator,strict_denominator_provenance,tensor_no_memory_warpsync_baseline",bae1f83e791c,bae1f83e791c,tensor_mma_f16acc,tensor_baseline_mov,10,10,10,0,0,0,pure_fp16_candidate_no_l2:10,10,10,True,10,True,bench_json_metadata,0,valid_basic,"stats use valid_basic rows, but no valid_no_l2 row was available",10,1.08339786377,0.0072405780292601404,1.07320837402,1.10043334961,0.004487756757132525,10,1.022653350831,0.004498535844082673,1.01302270508,1.02768945312,0.0027882214030290303,10,0.2739995185042506,0.04310696979001603,0.2068740704271738,0.3423062724994491,0.026717976682646093,0,nan,nan,nan,nan,nan,0,nan,nan,nan,nan,nan,10,0.2739995185042506,0.04310696979001603,0.2068740704271738,0.3423062724994491,0.026717976682646093,10,0.18266634566950035,0.028737979860010684,0.13791604695144918,0.2282041816662994,0.017811984455097397,10,0.1369997592521253,0.021553484895008013,0.1034370352135869,0.17115313624972456,0.013358988341323047,10,20992000000.0,0.0,20992000000.0,20992000000.0,0.0,10,8192.0,0.0,8192.0,8192.0,0.0,10,8192.0,0.0,8192.0,8192.0,0.0,10,4096.0,0.0,4096.0,4096.0,0.0,10,4096.0,0.0,4096.0,4096.0,0.0,10,12288.0,0.0,12288.0,12288.0,0.0,10,16384.0,0.0,16384.0,16384.0,0.0,10,158.7351562002065,1.0535408082658637,156.27158524498182,160.23585741867802,0.6529913581627562,0,nan,nan,nan,nan,nan,10,126.8214866913142,284.90076202049585,26.66173394603848,937.4652938958236,176.58332176006292,10,233.35999999999999,4.189665804757646,222.99,237.805,2.59678176927947,10,186.24127166512147,8.566111237751889,174.77450705931872,199.26959761535196,5.30933075152538,10,47.11872833487853,7.412953168543879,35.575402384648044,58.86519928675071,4.594595975349099,10,6.208527911224403,64.21482751138053,-21.058650185602005,188.7815345100649,39.80076244019768,10,-2.991893793092865,7.128527669987783,-11.16675859777402,9.113309634243393,4.418307224936124,10,1.361869748633863,1.3238815282191274,0.9172127359416798,5.129579827453709,0.8205502723537964,10,0.9836735941281907,0.038562077715569555,0.940093383371702,1.0497020872916605,0.023901023390366007,10,0.7980160272004443,0.03176812181771515,0.7524644171201165,0.8485153936228234,0.019690085898214985,10,0.20198397279955574,0.03176812181771517,0.15148460637717662,0.24753558287988356,0.019690085898215,10,0.7569006735976777,0.21481566506225558,0.15171333894287034,0.8732197525630963,0.13314412862139444,10,0.7963930127459841,1.786412461545946,0.16823847634513794,5.879366117900324,1.1072299149226572,10,161.88680533333334,0.5685737011309709,161.21856,162.47808,0.35240563099616157,10,1004.0609160786704,4.896804881193512,991.7178002981519,1009.8686419529718,3.0350711096723364,10,98.05282383580764,0.4782036016790507,96.8474414353664,98.61998456571989,0.2963936630539371,10,1927.9583333333333,6.7713140854965665,1920.0,1935.0,4.196903951459657,10,7.5,7.905694150420948,0.0,15.0,4.8999999999999995,10,70.2,2.485513584307633,64.0,72.0,1.5405372800134083,10,99.64583333333333,0.17139011444826568,99.33333333333333,99.88888888888889,0.10622869349831666,10,100.0,0.0,100.0,100.0,0.0,9,98.22222222222223,0.8333333333333334,97.0,99.0,0.5444444444444444,9,98.22222222222223,0.8333333333333334,97.0,99.0,0.5444444444444444,results/strict_fp16_launch_shape_rtx3090_20260602_115550,"ga102
GeForce RTX 3090"
launch_shape_tensor_mma_f16acc_t064_b01,NVIDIA GeForce RTX 3090,ampere,ga102,consumer,86,82,ga102,"RTX 3090 FE dense FP16 Tensor Core peak, no sparsity",https://www.nvidia.com/content/dam/en-zz/Solutions/geforce/ampere/pdf/NVIDIA-ampere-GA102-GPU-Architecture-Whitepaper-V1.pdf,142.0,284.0,tensor_core_mma_m16n16k16_f16acc,fp16-energy-bench-v2,fp16-energy-bench-v2,"nvml_timed_energy_counter,explicit_m16n16k16_denominator,strict_denominator_provenance,tensor_no_memory_warpsync_baseline","nvml_timed_energy_counter,explicit_m16n16k16_denominator,strict_denominator_provenance,tensor_no_memory_warpsync_baseline",bae1f83e791c,bae1f83e791c,tensor_mma_f16acc,tensor_baseline_mov,10,10,10,0,0,0,pure_fp16_candidate_no_l2:10,10,10,True,10,True,bench_json_metadata,0,valid_basic,"stats use valid_basic rows, but no valid_no_l2 row was available",10,1.11640345459,0.0019795923017730897,1.1109498291,1.1177625732399998,0.001226964020379115,10,1.039806030274,0.004601390257346181,1.03095495605,1.0468094482399999,0.0028519712288383623,10,0.3240552504550143,0.07972474772487745,0.17749640896937025,0.41162002812779996,0.049413910583816195,0,nan,nan,nan,nan,nan,0,nan,nan,nan,nan,nan,10,0.3240552504550143,0.07972474772487745,0.17749640896937025,0.41162002812779996,0.049413910583816195,10,0.2160368336366762,0.05314983181658497,0.11833093931291348,0.27441335208519996,0.03294260705587746,10,0.16202762522750716,0.039862373862438724,0.08874820448468512,0.20581001406389998,0.024706955291908098,10,10496000000.0,0.0,10496000000.0,10496000000.0,0.0,10,8192.0,0.0,8192.0,8192.0,0.0,10,8192.0,0.0,8192.0,8192.0,0.0,10,4096.0,0.0,4096.0,4096.0,0.0,10,4096.0,0.0,4096.0,4096.0,0.0,10,12288.0,0.0,12288.0,12288.0,0.0,10,16384.0,0.0,16384.0,16384.0,0.0,10,77.0182821688005,0.13711019765826848,76.92441495045313,77.39614314505681,0.08498178094705859,0,nan,nan,nan,nan,nan,10,20.34412583015528,6.458762461295231,8.781627919976643,27.094376035956145,4.003182447762856,10,193.4527,2.5108927164125014,189.2,198.316,1.5562674290613872,10,165.5893822193084,7.251685153339143,156.49257962564084,176.71128508841977,4.4946410239598995,10,27.863317780691602,6.854991479769611,15.261714911580242,35.39242037435915,4.248767737755523,10,-12.406287303060514,3.243804336106102,-18.545214429832896,-6.32737681133645,2.0105307572610265,10,-23.88921707052437,6.55882367204587,-31.15222469698,-14.380731518693892,4.0652010287184615,10,0.9398710360125768,0.015299356427944727,0.9107309668685695,0.968077791542962,0.009482639357220447,10,0.8691888325237567,0.03526352018177648,0.8334926812301524,0.9221268733454308,0.021856556249586795,10,0.8559560190213858,0.03550672520629084,0.8155540017491771,0.9205007219162057,0.022007296285495838,10,0.14404398097861426,0.035506725206290855,0.07949927808379428,0.1844459982508229,0.022007296285495845,10,0.8794725644091217,0.03796431912918646,0.8389924796492682,0.947406368783767,0.023530528780082965,10,0.26409240030655656,0.08367431160234952,0.11408994649131218,0.35185418216939174,0.051861875636775225,10,162.47808,0.0,162.47808,162.47808,0.0,10,485.3991439389961,0.8641217473893552,484.8075562516741,487.78057065013434,0.5355882078972641,10,47.40226015029258,0.08438688939349041,47.34448791520254,47.63482135255217,0.0523035359274664,10,1935.0,0.0,1935.0,1935.0,0.0,10,0.0,0.0,0.0,0.0,0.0,10,67.7,2.3118054512532935,62.0,70.0,1.4328718636981388,10,98.62222222222222,1.2094733518154561,96.44444444444444,99.88888888888889,0.7496393499589374,10,100.0,0.0,100.0,100.0,0.0,10,100.0,0.0,100.0,100.0,0.0,10,100.0,0.0,100.0,100.0,0.0,results/strict_fp16_launch_shape_rtx3090_20260602_115550,"ga102
GeForce RTX 3090"
launch_shape_tensor_mma_f16acc_t064_b02,NVIDIA GeForce RTX 3090,ampere,ga102,consumer,86,82,ga102,"RTX 3090 FE dense FP16 Tensor Core peak, no sparsity",https://www.nvidia.com/content/dam/en-zz/Solutions/geforce/ampere/pdf/NVIDIA-ampere-GA102-GPU-Architecture-Whitepaper-V1.pdf,142.0,284.0,tensor_core_mma_m16n16k16_f16acc,fp16-energy-bench-v2,fp16-energy-bench-v2,"nvml_timed_energy_counter,explicit_m16n16k16_denominator,strict_denominator_provenance,tensor_no_memory_warpsync_baseline","nvml_timed_energy_counter,explicit_m16n16k16_denominator,strict_denominator_provenance,tensor_no_memory_warpsync_baseline",bae1f83e791c,bae1f83e791c,tensor_mma_f16acc,tensor_baseline_mov,10,10,10,0,0,0,pure_fp16_candidate_no_l2:10,10,10,True,10,True,bench_json_metadata,0,valid_basic,"stats use valid_basic rows, but no valid_no_l2 row was available",10,1.117703540038,0.0034642363063858567,1.10876660156,1.12129345703,0.0021471559079207303,10,1.037170092773,0.0026995048294053393,1.02970373535,1.03900366211,0.0016731704278468505,10,0.3752513802876595,0.08683827657054317,0.2459948090199036,0.48224638500634665,0.05382292144112416,0,nan,nan,nan,nan,nan,0,nan,nan,nan,nan,nan,10,0.3752513802876595,0.08683827657054317,0.2459948090199036,0.48224638500634665,0.05382292144112416,10,0.25016758685843965,0.057892184380362116,0.16399653934660238,0.3214975900042311,0.03588194762741611,10,0.18762569014382974,0.04341913828527159,0.1229974045099518,0.24112319250317332,0.02691146072056208,10,20992000000.0,0.0,20992000000.0,20992000000.0,0.0,10,8192.0,0.0,8192.0,8192.0,0.0,10,8192.0,0.0,8192.0,8192.0,0.0,10,4096.0,0.0,4096.0,4096.0,0.0,10,4096.0,0.0,4096.0,4096.0,0.0,10,12288.0,0.0,12288.0,12288.0,0.0,10,16384.0,0.0,16384.0,16384.0,0.0,10,153.8582929251505,0.4793990015317095,153.36436944481258,155.09708153009709,0.2971345795587473,0,nan,nan,nan,nan,nan,10,51.55360582173694,13.172048509187317,31.537638814400594,67.8594836064751,8.164120248894422,10,239.3499,11.211423583411104,225.019,254.793,6.948912329955147,10,174.8192470208119,8.54121605955653,160.21865315557187,189.67814253049187,5.293900560218174,10,64.5306529791881,14.933271361690355,42.302857469508126,82.93020560632405,9.255737482379907,10,3.023970598773431,9.859516667887744,-9.48002492985998,14.972355362206343,6.110991742588161,10,-9.946248095363021,6.199097517119012,-15.79055852389294,2.5272612119662767,3.8422404479517804,10,1.0127069589975233,0.041412961361617706,0.9605401821218662,1.0631485147778643,0.025668019380830947,10,0.943430779445935,0.03528800948125372,0.9110894771101263,1.0141307186681452,0.021871734874658204,10,0.7319902281058005,0.05252843344598314,0.6709340814059208,0.8176451628818389,0.0325574603555353,10,0.2680097718941995,0.05252843344598314,0.18235483711816108,0.3290659185940792,0.0325574603555353,10,0.7537763116802315,0.0542861706173189,0.6904073224255843,0.8431422692138504,0.03364691714145038,10,0.33503698150229166,0.0855362986595218,0.2052005839457171,0.4409112913097232,0.05301594717136126,10,162.262912,0.2544463313040246,161.9182933333333,162.47808,0.15770747004212576,10,970.9599616895191,2.340324834315262,969.7997386332698,977.4820793476845,1.4505483604541136,10,94.8203087587421,0.22854734710109775,94.70700572590526,95.4572343112973,0.14165511332559577,10,1932.4375,3.0302773830985577,1928.3333333333333,1935.0,1.878185380646469,10,7.5,7.905694150420948,0.0,15.0,4.8999999999999995,10,69.9,2.330951164939612,64.0,72.0,1.4447384999830706,10,98.89027777777778,1.4718210785893657,95.66666666666667,99.88888888888889,0.9122441556512636,10,100.0,0.0,100.0,100.0,0.0,10,99.9,0.31622776601683794,99.0,100.0,0.19599999999999998,10,99.9,0.31622776601683794,99.0,100.0,0.19599999999999998,results/strict_fp16_launch_shape_rtx3090_20260602_115550,"ga102
GeForce RTX 3090"
launch_shape_tensor_mma_f16acc_t064_b04,NVIDIA GeForce RTX 3090,ampere,ga102,consumer,86,82,ga102,"RTX 3090 FE dense FP16 Tensor Core peak, no sparsity",https://www.nvidia.com/content/dam/en-zz/Solutions/geforce/ampere/pdf/NVIDIA-ampere-GA102-GPU-Architecture-Whitepaper-V1.pdf,142.0,284.0,tensor_core_mma_m16n16k16_f16acc,fp16-energy-bench-v2,fp16-energy-bench-v2,"nvml_timed_energy_counter,explicit_m16n16k16_denominator,strict_denominator_provenance,tensor_no_memory_warpsync_baseline","nvml_timed_energy_counter,explicit_m16n16k16_denominator,strict_denominator_provenance,tensor_no_memory_warpsync_baseline",bae1f83e791c,bae1f83e791c,tensor_mma_f16acc,tensor_baseline_mov,10,9,9,0,0,1,invalid_or_nonpositive_increment:1; pure_fp16_candidate_no_l2:9,9,10,True,10,True,bench_json_metadata,1,valid_basic,"stats use valid_basic rows, but no valid_no_l2 row was available",9,1.0822167290599998,0.0063126996512947045,1.07017089844,1.09290270996,0.00412429710551254,9,1.02210466851,0.004889747473967256,1.01335412598,1.02931237793,0.003194635016325274,9,0.3271037722918796,0.03312006503844041,0.269978358892419,0.3918446777373228,0.021638442491781068,0,nan,nan,nan,nan,nan,0,nan,nan,nan,nan,nan,9,0.3271037722918796,0.03312006503844041,0.269978358892419,0.3918446777373228,0.021638442491781068,9,0.2180691815279197,0.022080043358960275,0.17998557259494602,0.2612297851582152,0.014425628327854045,9,0.1635518861459398,0.016560032519220204,0.1349891794462095,0.1959223388686614,0.010819221245890534,9,20992000000.0,0.0,20992000000.0,20992000000.0,0.0,9,8192.0,0.0,8192.0,8192.0,0.0,9,8192.0,0.0,8192.0,8192.0,0.0,9,4096.0,0.0,4096.0,4096.0,0.0,9,4096.0,0.0,4096.0,4096.0,0.0,9,12288.0,0.0,12288.0,12288.0,0.0,9,16384.0,0.0,16384.0,16384.0,0.0,9,158.9068704363188,0.9284336546445839,157.3483736775563,160.6906562780556,0.6065766543677948,0,nan,nan,nan,nan,nan,9,45.73149065689686,5.2103286769118276,36.46389686913551,55.82984032199235,3.4040814022490604,9,234.24988888888888,4.163983832955063,228.948,240.275,2.720469437530641,9,177.9990098067932,6.045209614245945,172.1292589692018,189.73577626474776,3.949536947974017,9,56.25087908209571,5.695540472110621,46.427223735252255,67.38414366770692,3.721086441778939,9,-12.0584078796005,4.381158347947936,-16.75907024700905,-4.9004598001770034,2.8623567873259854,9,-8.931386743483532,6.346743174430634,-16.77893014052046,2.158811059167931,4.146538873961348,9,0.9512321820909341,0.01741205212270781,0.9325237449622222,0.9791371660339895,0.011375874053502434,9,0.9511793419124869,0.03436368661072131,0.9095694496863206,1.0118575475321212,0.022450941919004586,9,0.7599051451487033,0.023189542448407836,0.7195540790023642,0.8034102559026932,0.015150501066293119,9,0.24009485485129664,0.02318954244840783,0.19658974409730676,0.2804459209976357,0.015150501066293114,9,0.7824813837498351,0.023852561350083717,0.7407197447952382,0.8277777539751894,0.015583673415388029,9,0.2878050140265512,0.03293869417875905,0.229551938741719,0.35191986962980915,0.021519946863455913,9,161.9829908994709,0.4867122913081822,161.39849142857145,162.47808,0.31798536365467905,9,1004.5560792083207,5.498246496287607,991.6705973249909,1012.7349611020079,3.5921877109079037,9,98.10117961018756,0.5369381344030862,96.84283177001865,98.89989854511796,0.3507995811433497,9,1929.1038359788358,5.796402097324925,1922.142857142857,1935.0,3.786982703585617,9,8.333333333333334,7.905694150420948,0.0,15.0,5.1650535116083525,9,70.22222222222223,2.5385910352879693,64.0,72.0,1.6585461430548065,9,97.34885361552028,6.670946706464716,79.6,99.875,4.358351848223614,9,100.0,0.0,100.0,100.0,0.0,9,92.55555555555556,16.68915149963526,49.0,100.0,10.903578979761702,9,98.0,3.427827300200522,89.0,100.0,2.2395138361310076,results/strict_fp16_launch_shape_rtx3090_20260602_115550,"ga102
GeForce RTX 3090"
launch_shape_tensor_mma_f16acc_t064_b08,NVIDIA GeForce RTX 3090,ampere,ga102,consumer,86,82,ga102,"RTX 3090 FE dense FP16 Tensor Core peak, no sparsity",https://www.nvidia.com/content/dam/en-zz/Solutions/geforce/ampere/pdf/NVIDIA-ampere-GA102-GPU-Architecture-Whitepaper-V1.pdf,142.0,284.0,tensor_core_mma_m16n16k16_f16acc,fp16-energy-bench-v2,fp16-energy-bench-v2,"nvml_timed_energy_counter,explicit_m16n16k16_denominator,strict_denominator_provenance,tensor_no_memory_warpsync_baseline","nvml_timed_energy_counter,explicit_m16n16k16_denominator,strict_denominator_provenance,tensor_no_memory_warpsync_baseline",bae1f83e791c,bae1f83e791c,tensor_mma_f16acc,tensor_baseline_mov,10,10,10,0,0,0,pure_fp16_candidate_no_l2:10,10,10,True,10,True,bench_json_metadata,0,valid_basic,"stats use valid_basic rows, but no valid_no_l2 row was available",10,1.081557238769,0.005680160747606884,1.06981433105,1.08711523438,0.003520600105911223,10,1.0321833129890001,0.005477817505691594,1.02279064941,1.0438000488299999,0.0033951864652466486,10,0.12627210690418847,0.05759763365011508,0.053661236065363355,0.2004406297731618,0.035699383193383,0,nan,nan,nan,nan,nan,0,nan,nan,nan,nan,nan,10,0.12627210690418847,0.05759763365011508,0.053661236065363355,0.2004406297731618,0.035699383193383,10,0.0841814046027923,0.03839842243341005,0.0357741573769089,0.1336270865154412,0.023799588795588664,10,0.06313605345209423,0.02879881682505754,0.026830618032681677,0.1002203148865809,0.0178496915966915,10,20992000000.0,0.0,20992000000.0,20992000000.0,0.0,10,8192.0,0.0,8192.0,8192.0,0.0,10,8192.0,0.0,8192.0,8192.0,0.0,10,4096.0,0.0,4096.0,4096.0,0.0,10,4096.0,0.0,4096.0,4096.0,0.0,10,12288.0,0.0,12288.0,12288.0,0.0,10,16384.0,0.0,16384.0,16384.0,0.0,10,159.00291106839,0.8382993402781369,158.18604924442565,160.74421421445962,0.5195833141539068,0,nan,nan,nan,nan,nan,10,174.78202099657398,341.8446405790502,3.7198494980819703,906.8332461944633,211.87750334967816,10,235.23269999999997,2.559121683095372,231.03,239.509,1.5861600523085795,10,213.51813227385674,10.518359449669946,196.56093365597624,225.3833599135333,6.519346729425199,10,21.71456772614328,9.904861393577704,9.227933020029809,34.46906634402376,6.139096694747103,10,14.953977301927143,86.63474216099588,-33.434693960123695,184.94061227501774,53.69676950711232,10,3.1604109634357656,9.349627305946509,-8.952083767705517,19.930936080934487,5.794959041857004,10,1.5950627065312588,1.4747602618592897,0.8742431114434746,4.746665578071209,0.9140658803156133,10,1.0154028236855424,0.045696350549427556,0.9567722395149224,1.099683058218025,0.028322891504760847,10,0.9076287879597743,0.04234742851406613,0.8508026388606512,0.960615218734668,0.026247208122499314,10,0.09237121204022573,0.04234742851406612,0.039384781265331965,0.1491973611393488,0.02624720812249931,10,0.7863804323143619,0.31459049315313037,0.1860640330995233,0.9823739124491135,0.19498520776550154,10,1.096565562541837,2.146266889864704,0.023515660931224976,5.725448421521394,1.3302700003613313,10,161.801088,0.6299786287168844,161.21856,162.47808,0.39046479941908296,10,1006.287952601025,2.429821092692274,1004.7386257903053,1013.072504030123,1.5060187160868328,10,98.27030787119385,0.2372872160832305,98.11900642483448,98.9328617216917,0.14707214024285517,10,1926.9375,7.502603714711314,1920.0,1935.0,4.650161959545065,10,1.5,4.743416490252569,0.0,15.0,2.9399999999999995,10,70.7,1.9465068427541912,66.0,72.0,1.2064574404244668,10,99.7513888888889,0.1625586841382266,99.33333333333333,99.88888888888889,0.10075491628206963,10,100.0,0.0,100.0,100.0,0.0,8,100.0,0.0,100.0,100.0,0.0,8,100.0,0.0,100.0,100.0,0.0,results/strict_fp16_launch_shape_rtx3090_20260602_115550,"ga102
GeForce RTX 3090"
launch_shape_tensor_mma_f16acc_t128_b01,NVIDIA GeForce RTX 3090,ampere,ga102,consumer,86,82,ga102,"RTX 3090 FE dense FP16 Tensor Core peak, no sparsity",https://www.nvidia.com/content/dam/en-zz/Solutions/geforce/ampere/pdf/NVIDIA-ampere-GA102-GPU-Architecture-Whitepaper-V1.pdf,142.0,284.0,tensor_core_mma_m16n16k16_f16acc,fp16-energy-bench-v2,fp16-energy-bench-v2,"nvml_timed_energy_counter,explicit_m16n16k16_denominator,strict_denominator_provenance,tensor_no_memory_warpsync_baseline","nvml_timed_energy_counter,explicit_m16n16k16_denominator,strict_denominator_provenance,tensor_no_memory_warpsync_baseline",bae1f83e791c,bae1f83e791c,tensor_mma_f16acc,tensor_baseline_mov,10,9,9,0,0,1,invalid_or_nonpositive_increment:1; pure_fp16_candidate_no_l2:9,9,10,True,10,True,bench_json_metadata,1,valid_basic,"stats use valid_basic rows, but no valid_no_l2 row was available",9,1.117575507271111,0.0031160556013381724,1.11001086426,1.12062231445,0.0020358229928742724,9,1.0375763075088889,0.0040496718900752135,1.03001086426,1.04584094238,0.0026457856348491397,9,0.37584111113196156,0.047653794109573926,0.3259242927858038,0.4703028746441885,0.031133812151588298,0,nan,nan,nan,nan,nan,0,nan,nan,nan,nan,nan,9,0.37584111113196156,0.047653794109573926,0.3259242927858038,0.4703028746441885,0.031133812151588298,9,0.2505607407546411,0.03176919607304927,0.21728286185720252,0.3135352497627923,0.02075587476772552,9,0.18792055556598078,0.023826897054786963,0.1629621463929019,0.23515143732209426,0.015566906075794149,9,20992000000.0,0.0,20992000000.0,20992000000.0,0.0,9,8192.0,0.0,8192.0,8192.0,0.0,9,8192.0,0.0,8192.0,8192.0,0.0,9,4096.0,0.0,4096.0,4096.0,0.0,9,4096.0,0.0,4096.0,4096.0,0.0,9,12288.0,0.0,12288.0,12288.0,0.0,9,16384.0,0.0,16384.0,16384.0,0.0,9,153.8756500911245,0.43096988959633126,153.45621962239875,154.92322601242574,0.28156699453626977,0,nan,nan,nan,nan,nan,9,51.53510124096138,7.176255737864638,44.28003035396591,66.78038020687873,4.688487082071563,9,234.8871111111111,5.428765846038223,229.861,244.909,3.546793686078306,9,170.25504420391664,3.597380917522308,162.05967763840366,174.73995183792462,2.3502888661145747,9,64.63206690719446,8.194854469207455,56.04804816207539,80.87632236159635,5.35397158654887,9,-2.6004854228594354,10.671826745671837,-19.13248648542927,15.905326959210868,6.9722601405055995,9,-12.847220391530682,1.9185665220795076,-15.659851354022578,-10.248329783683005,1.2534634610919448,9,0.9899905073602387,0.045091931341705686,0.9231606948619965,1.0700580531528145,0.02946006180991438,9,0.9269108340117328,0.01058069651454639,0.9124006982535569,0.9420003245328903,0.0069127217228369744,9,0.7253715542841828,0.02852528051289669,0.6670879476010293,0.7571448768476897,0.018636516601759173,9,0.27462844571581724,0.028525280512896684,0.24285512315231028,0.3329120523989707,0.018636516601759166,9,0.7477920332530005,0.02880770552390807,0.6861509516458983,0.7790218540644579,0.01882103427561994,9,0.33482686393629735,0.045760046595112035,0.28823594181556494,0.4310546709214702,0.029896563775473197,9,162.27593481481483,0.24351434915005907,161.9182933333333,162.47808,0.15909604144470527,9,970.9917595642061,2.077858626854359,969.4661464749809,976.3863743141472,1.3575343028781812,9,94.823414019942,0.202915881528747,94.67442836669736,95.35023186661594,0.13257170926544806,9,1932.5925925925924,2.900085141364056,1928.3333333333333,1935.0,1.8947222923578497,9,6.666666666666667,7.905694150420948,0.0,15.0,5.1650535116083525,9,70.0,2.23606797749979,65.0,72.0,1.4608977452998626,9,95.95916429249763,7.898817239817455,75.07692307692308,99.66666666666667,5.160560596680737,9,100.0,0.0,100.0,100.0,0.0,9,94.44444444444444,16.666666666666668,50.0,100.0,10.888888888888891,9,100.0,0.0,100.0,100.0,0.0,results/strict_fp16_launch_shape_rtx3090_20260602_115550,"ga102
GeForce RTX 3090"
launch_shape_tensor_mma_f16acc_t128_b02,NVIDIA GeForce RTX 3090,ampere,ga102,consumer,86,82,ga102,"RTX 3090 FE dense FP16 Tensor Core peak, no sparsity",https://www.nvidia.com/content/dam/en-zz/Solutions/geforce/ampere/pdf/NVIDIA-ampere-GA102-GPU-Architecture-Whitepaper-V1.pdf,142.0,284.0,tensor_core_mma_m16n16k16_f16acc,fp16-energy-bench-v2,fp16-energy-bench-v2,"nvml_timed_energy_counter,explicit_m16n16k16_denominator,strict_denominator_provenance,tensor_no_memory_warpsync_baseline","nvml_timed_energy_counter,explicit_m16n16k16_denominator,strict_denominator_provenance,tensor_no_memory_warpsync_baseline",bae1f83e791c,bae1f83e791c,tensor_mma_f16acc,tensor_baseline_mov,10,10,10,0,0,0,pure_fp16_candidate_no_l2:10,10,10,True,10,True,bench_json_metadata,0,valid_basic,"stats use valid_basic rows, but no valid_no_l2 row was available",10,1.080639526366,0.004679057856847517,1.06971960449,1.08554931641,0.00290011010574347,10,0.9928208923334999,0.004975405028935598,0.98664831543,1.00327313232,0.0030837879859653204,10,0.29368389464924827,0.08613358632391274,0.17364840938670562,0.42452356293740173,0.0533861499011696,0,nan,nan,nan,nan,nan,0,nan,nan,nan,nan,nan,10,0.29368389464924827,0.08613358632391274,0.17364840938670562,0.42452356293740173,0.0533861499011696,10,0.19578926309949884,0.05742239088260849,0.11576560625780374,0.28301570862493447,0.03559076660077973,10,0.14684194732462413,0.04306679316195637,0.08682420469335281,0.21226178146870087,0.0266930749505848,10,20992000000.0,0.0,20992000000.0,20992000000.0,0.0,10,8192.0,0.0,8192.0,8192.0,0.0,10,8192.0,0.0,8192.0,8192.0,0.0,10,4096.0,0.0,4096.0,4096.0,0.0,10,4096.0,0.0,4096.0,4096.0,0.0,10,12288.0,0.0,12288.0,12288.0,0.0,10,16384.0,0.0,16384.0,16384.0,0.0,10,159.136674388988,0.6925598528581157,158.4142345266331,160.7584485487548,0.42925304400045294,0,nan,nan,nan,nan,nan,10,40.73816910854332,13.431076391847279,22.14067769737983,61.065495968881436,8.3246673938869,10,228.06599999999997,10.980652783671632,209.676,239.148,6.805879106406623,10,177.56221910342026,6.550605357055406,166.14418399697357,186.07897563852674,4.0601072643143405,10,50.50378089657974,14.81208827176203,29.861702941456173,73.00381600302643,9.180627425078084,10,-17.615474170252636,11.218381282991325,-37.27596946521612,-8.70200514648738,6.953224756833091,10,-7.597092924965082,6.452198611871478,-20.27097160632036,-0.3773792625762553,3.9991141317409578,10,0.9284475599149526,0.045350608288196405,0.8490557919180047,0.9648900344329457,0.028108598231102844,10,0.9568364631851038,0.03639903033479948,0.8854559512086874,0.9978516418299979,0.0225603527339874,10,0.7807288402599345,0.05621737865853847,0.6947337380909461,0.8575816834475277,0.03484389228644407,10,0.21927115974006553,0.05621737865853846,0.14241831655247225,0.3052662619090539,0.03484389228644406,10,0.8035359316131714,0.05804621357345953,0.7151871592974955,0.882673350417633,0.03597741591037987,10,0.25607697862846196,0.0847642485443202,0.13898793825053593,0.38475231251683706,0.05253742555232211,10,162.02850133333334,0.4770155404441123,161.49845333333332,162.47808,0.2956572950715142,10,1005.7227614684869,2.748871417024815,1003.5744981098073,1013.1622143363888,1.7037681558556617,10,98.21511342465692,0.2684444743188261,98.00532208103589,98.94162249378796,0.16638360897027732,10,1929.6458333333333,5.680920594084765,1923.3333333333333,1935.0,3.5210710636374865,10,7.5,7.905694150420948,0.0,15.0,4.8999999999999995,10,70.3,2.057506581601462,65.0,72.0,1.2752557913349516,10,99.72361111111111,0.19493434757072864,99.33333333333333,99.88888888888889,0.12082156037439301,10,100.0,0.0,100.0,100.0,0.0,10,99.2,0.7888106377466155,98.0,100.0,0.4889098985384617,10,99.2,0.7888106377466155,98.0,100.0,0.4889098985384617,results/strict_fp16_launch_shape_rtx3090_20260602_115550,"ga102
GeForce RTX 3090"
launch_shape_tensor_mma_f16acc_t128_b04,NVIDIA GeForce RTX 3090,ampere,ga102,consumer,86,82,ga102,"RTX 3090 FE dense FP16 Tensor Core peak, no sparsity",https://www.nvidia.com/content/dam/en-zz/Solutions/geforce/ampere/pdf/NVIDIA-ampere-GA102-GPU-Architecture-Whitepaper-V1.pdf,142.0,284.0,tensor_core_mma_m16n16k16_f16acc,fp16-energy-bench-v2,fp16-energy-bench-v2,"nvml_timed_energy_counter,explicit_m16n16k16_denominator,strict_denominator_provenance,tensor_no_memory_warpsync_baseline","nvml_timed_energy_counter,explicit_m16n16k16_denominator,strict_denominator_provenance,tensor_no_memory_warpsync_baseline",bae1f83e791c,bae1f83e791c,tensor_mma_f16acc,tensor_baseline_mov,10,9,9,0,0,1,invalid_or_nonpositive_increment:1; pure_fp16_candidate_no_l2:9,9,10,True,10,True,bench_json_metadata,1,valid_basic,"stats use valid_basic rows, but no valid_no_l2 row was available",9,1.081650973851111,0.005509775941687793,1.0699925537100001,1.08682446289,0.003599720281902691,9,1.0250524291977778,0.002973066159297835,1.02142156982,1.03042358398,0.0019424032240745852,9,0.1587677275116767,0.05361193283601651,0.05968774407637486,0.22988383528569312,0.03502646278619745,0,nan,nan,nan,nan,nan,0,nan,nan,nan,nan,nan,9,0.1587677275116767,0.05361193283601651,0.05968774407637486,0.22988383528569312,0.03502646278619745,9,0.10584515167445113,0.03574128855734434,0.039791829384249904,0.15325589019046207,0.023350975190798304,9,0.07938386375583835,0.026805966418008254,0.02984387203818743,0.11494191764284656,0.017513231393098724,9,20992000000.0,0.0,20992000000.0,20992000000.0,0.0,9,8192.0,0.0,8192.0,8192.0,0.0,9,8192.0,0.0,8192.0,8192.0,0.0,9,4096.0,0.0,4096.0,4096.0,0.0,9,4096.0,0.0,4096.0,4096.0,0.0,9,12288.0,0.0,12288.0,12288.0,0.0,9,16384.0,0.0,16384.0,16384.0,0.0,9,158.98885498352527,0.8138460049650421,158.22837070001168,160.71743995202422,0.5317127232438276,0,nan,nan,nan,nan,nan,9,18.88792045873878,8.838255972833705,3.420526855587269,30.726838168581054,5.774327235584688,9,234.08244444444446,3.163398414328773,230.509,240.555,2.0667536306947984,9,206.7797197469459,8.46582250371388,194.28168971516092,220.24470970704886,5.531004035759735,9,27.30272469749856,9.21945451801525,10.26429029295113,39.53231028483907,6.023376951769962,9,-26.33551272295402,6.108147042944251,-34.18165920763644,-15.763639223881881,3.9906560680569103,9,-1.5581390024836201,7.9092167855457705,-11.0608547381851,9.12149200420319,5.16735496655657,9,0.8992822103049244,0.02174277691456548,0.8708618607473313,0.9361456389380182,0.014205280917516114,9,0.992672022120171,0.03882398386334313,0.9452202030775434,1.0468970086412335,0.025365002790717513,9,0.8835324679281132,0.038868010266230206,0.8309241093996123,0.955471195081532,0.025393766707270404,9,0.1164675320718868,0.03886801026623022,0.04452880491846796,0.1690758906003878,0.02539376670727041,9,0.9103673820717904,0.04141335574523127,0.8552667413026462,0.9834164233753127,0.027056725753551097,9,0.11870506618099437,0.05531964746544516,0.02159744958997126,0.1911854629948892,0.03614216967742417,9,161.83082666666667,0.6319428834950245,161.21856,162.47808,0.41286935055008267,9,1006.0154173248791,2.664603894890129,1004.0859434270031,1012.9037622236353,1.740874544661551,9,98.24369309813272,0.26021522411036263,98.05526791279327,98.91638302965188,0.17000727975210359,9,1927.2916666666667,7.525996611745184,1920.0,1935.0,4.916984453006854,9,1.6666666666666667,5.0,0.0,15.0,3.266666666666667,9,70.77777777777777,1.7159383568311666,67.0,72.0,1.1210797264630288,9,99.74145299145299,0.1941889229319363,99.25,99.92307692307692,0.1268700963155317,9,100.0,0.0,100.0,100.0,0.0,9,100.0,0.0,100.0,100.0,0.0,9,100.0,0.0,100.0,100.0,0.0,results/strict_fp16_launch_shape_rtx3090_20260602_115550,"ga102
GeForce RTX 3090"
launch_shape_tensor_mma_f16acc_t128_b08,NVIDIA GeForce RTX 3090,ampere,ga102,consumer,86,82,ga102,"RTX 3090 FE dense FP16 Tensor Core peak, no sparsity",https://www.nvidia.com/content/dam/en-zz/Solutions/geforce/ampere/pdf/NVIDIA-ampere-GA102-GPU-Architecture-Whitepaper-V1.pdf,142.0,284.0,tensor_core_mma_m16n16k16_f16acc,fp16-energy-bench-v2,fp16-energy-bench-v2,"nvml_timed_energy_counter,explicit_m16n16k16_denominator,strict_denominator_provenance,tensor_no_memory_warpsync_baseline","nvml_timed_energy_counter,explicit_m16n16k16_denominator,strict_denominator_provenance,tensor_no_memory_warpsync_baseline",bae1f83e791c,bae1f83e791c,tensor_mma_f16acc,tensor_baseline_mov,10,8,8,0,0,2,invalid_or_nonpositive_increment:2; pure_fp16_candidate_no_l2:8,8,10,True,10,True,bench_json_metadata,2,valid_basic,"stats use valid_basic rows, but no valid_no_l2 row was available",8,2.167643341065,0.00548068124034629,2.15790185547,2.1719128418,0.0037979183331593447,8,1.0307694396975,0.002783310188170769,1.0272430419899998,1.03597460938,0.0019287355580371332,8,0.09847000138355587,0.029434517294475163,0.0632217801681034,0.1357221291185235,0.020397079844278573,0,nan,nan,nan,nan,nan,0,nan,nan,nan,nan,nan,8,0.09847000138355587,0.029434517294475163,0.0632217801681034,0.1357221291185235,0.020397079844278573,8,0.06564666758903724,0.01962301152965011,0.04214785344540226,0.090481419412349,0.01359805322951905,8,0.049235000691777935,0.014717258647237582,0.0316108900840517,0.06786106455926175,0.010198539922139286,8,41984000000.0,0.0,41984000000.0,41984000000.0,0.0,8,8192.0,0.0,8192.0,8192.0,0.0,8,8192.0,0.0,8192.0,8192.0,0.0,8,4096.0,0.0,4096.0,4096.0,0.0,8,4096.0,0.0,4096.0,4096.0,0.0,8,12288.0,0.0,12288.0,12288.0,0.0,8,16384.0,0.0,16384.0,16384.0,0.0,8,158.66764130945134,0.4020623731780843,158.35484803108454,159.3830262151056,0.278615009923496,0,nan,nan,nan,nan,nan,8,9.844711343254303,4.162741909477677,4.205735660347159,15.623795190807158,2.8846329718706802,8,467.5085,10.932515460117775,446.805,479.613,7.5758467009305255,8,433.6414241039896,6.1486044650938085,425.0609480334119,443.79596726159093,4.260765513859682,8,33.86707589601042,10.123499717355482,21.74405196658813,46.679309262127845,7.0152273934925145,8,-59.20226519360224,11.66476985085773,-83.62695661803588,-51.217740223858755,8.083273105271456,8,4.115420064356904,7.063195386221922,-10.155915595097696,12.343924876621827,4.894544687354196,8,0.8876568549339711,0.02171163922895869,0.8423417828155937,0.9031942114504095,0.0150453983828831,8,1.0209015219906945,0.033361111098574474,0.9551286179607911,1.0615208888039873,0.023118070528005404,8,0.9278977777859896,0.020386469679294392,0.9012581746408121,0.9520239979721964,0.014127102735589344,8,0.0721022222140104,0.020386469679294424,0.047976002027803576,0.09874182535918789,0.014127102735589366,8,0.9534026432288268,0.01915503042460086,0.9266716964503697,0.9789636918091753,0.013273758868928502,8,0.06203218439350461,0.02618368564305856,0.026557084136834122,0.09802671941817107,0.018144368441170282,8,161.60232,0.5729936974971306,161.21856,162.47808,0.39706437449582677,8,1005.4075322513737,1.1237026132376413,1003.1571358283556,1006.3761705418334,0.7786861831002327,8,98.18432932142322,0.10973658332399323,97.96456404573786,98.27892290447593,0.07604357256838545,8,1924.5703125,6.823953142829727,1920.0,1935.0,4.728758270958269,8,1.875,5.303300858899107,0.0,15.0,3.675,8,71.875,0.9910312089651149,70.0,73.0,0.6867495904622004,8,99.87775735294117,0.07874736654966394,99.75,99.9375,0.05456914095009306,8,100.0,0.0,100.0,100.0,0.0,8,100.0,0.0,100.0,100.0,0.0,8,100.0,0.0,100.0,100.0,0.0,results/strict_fp16_launch_shape_rtx3090_20260602_115550,"ga102
GeForce RTX 3090"
launch_shape_tensor_mma_f16acc_t256_b01,NVIDIA GeForce RTX 3090,ampere,ga102,consumer,86,82,ga102,"RTX 3090 FE dense FP16 Tensor Core peak, no sparsity",https://www.nvidia.com/content/dam/en-zz/Solutions/geforce/ampere/pdf/NVIDIA-ampere-GA102-GPU-Architecture-Whitepaper-V1.pdf,142.0,284.0,tensor_core_mma_m16n16k16_f16acc,fp16-energy-bench-v2,fp16-energy-bench-v2,"nvml_timed_energy_counter,explicit_m16n16k16_denominator,strict_denominator_provenance,tensor_no_memory_warpsync_baseline","nvml_timed_energy_counter,explicit_m16n16k16_denominator,strict_denominator_provenance,tensor_no_memory_warpsync_baseline",bae1f83e791c,bae1f83e791c,tensor_mma_f16acc,tensor_baseline_mov,10,10,10,0,0,0,pure_fp16_candidate_no_l2:10,10,10,True,10,True,bench_json_metadata,0,valid_basic,"stats use valid_basic rows, but no valid_no_l2 row was available",10,1.0805565307610001,0.003793413429987965,1.07258984375,1.08382104492,0.002351182002904995,10,1.023533850099,0.0027538551915898004,1.02035662842,1.02777954102,0.001706857131333815,10,0.30845850528420093,0.04084483321425941,0.24261037842537508,0.35771617637610836,0.02531588990692417,0,nan,nan,nan,nan,nan,0,nan,nan,nan,nan,nan,10,0.30845850528420093,0.04084483321425941,0.24261037842537508,0.35771617637610836,0.02531588990692417,10,0.20563900352280062,0.027229888809506282,0.16174025228358338,0.2384774509174056,0.01687725993794945,10,0.15422925264210047,0.020422416607129706,0.12130518921268754,0.17885808818805418,0.012657944953462084,10,20992000000.0,0.0,20992000000.0,20992000000.0,0.0,10,8192.0,0.0,8192.0,8192.0,0.0,10,8192.0,0.0,8192.0,8192.0,0.0,10,4096.0,0.0,4096.0,4096.0,0.0,10,4096.0,0.0,4096.0,4096.0,0.0,10,12288.0,0.0,12288.0,12288.0,0.0,10,16384.0,0.0,16384.0,16384.0,0.0,10,159.1479705254172,0.5608888020013666,158.6668433926685,160.32826061336644,0.3476424811678752,0,nan,nan,nan,nan,nan,10,42.4301754980403,6.075180074802887,32.2955963714046,50.15333987610077,3.7654356214816493,10,234.9764,3.7032012937757277,230.379,241.957,2.29526794159307,10,181.93188155555066,7.131642671251947,172.85630597443418,194.7886811352806,4.4202379227223005,10,53.04451844444935,7.023941540525948,41.72084890751364,61.515185966999695,4.35348407030704,10,-11.826618552921843,2.776597459034567,-14.933294013607338,-7.126520904375326,1.720952934733118,10,-5.4646503491888065,6.493270780763445,-11.060065922124863,8.84465187689932,4.024570925760737,10,0.9521627868427419,0.010895433641024828,0.9400248347125292,0.9700036397192512,0.006753059734568528,10,0.9702642970671331,0.03558787301158421,0.939868418275749,1.0490502046461805,0.022057592216298615,10,0.7743016847650346,0.029132847187138922,0.7381775442987882,0.8222791893356323,0.01805672576004977,10,0.22569831523496547,0.029132847187138943,0.1777208106643677,0.26182245570121176,0.018056725760049783,10,0.7987380540198459,0.028207904937593543,0.7693511640397387,0.8465518980717731,0.017483440614363854,10,0.26657795479650154,0.03792118378642258,0.20346903330544786,0.3154004280097927,0.023503793217648918,10,161.83582476190477,0.5691638482915634,161.21856,162.47808,0.3527714079958636,10,1006.9966569629887,2.91157004422993,999.9801058339226,1010.4510027942675,1.8046098097492185,10,98.33951728154186,0.28433301213183126,97.654307210344,98.67685574162769,0.17623142673332343,10,1927.3511904761904,6.778342324356493,1920.0,1935.0,4.201260099036123,10,7.5,7.905694150420948,0.0,15.0,4.8999999999999995,10,70.8,1.5491933384829668,67.0,72.0,0.9601999791710057,10,97.26904761904761,7.700558926904986,75.35714285714286,99.88888888888889,4.7728558712109175,10,100.0,0.0,100.0,100.0,0.0,10,93.75,15.56215137940624,49.5,100.0,9.645521355645956,10,98.7,0.6749485577105528,98.0,100.0,0.4183374501789461,results/strict_fp16_launch_shape_rtx3090_20260602_115550,"ga102
GeForce RTX 3090"
launch_shape_tensor_mma_f16acc_t256_b02,NVIDIA GeForce RTX 3090,ampere,ga102,consumer,86,82,ga102,"RTX 3090 FE dense FP16 Tensor Core peak, no sparsity",https://www.nvidia.com/content/dam/en-zz/Solutions/geforce/ampere/pdf/NVIDIA-ampere-GA102-GPU-Architecture-Whitepaper-V1.pdf,142.0,284.0,tensor_core_mma_m16n16k16_f16acc,fp16-energy-bench-v2,fp16-energy-bench-v2,"nvml_timed_energy_counter,explicit_m16n16k16_denominator,strict_denominator_provenance,tensor_no_memory_warpsync_baseline","nvml_timed_energy_counter,explicit_m16n16k16_denominator,strict_denominator_provenance,tensor_no_memory_warpsync_baseline",bae1f83e791c,bae1f83e791c,tensor_mma_f16acc,tensor_baseline_mov,10,10,10,0,0,0,pure_fp16_candidate_no_l2:10,10,10,True,10,True,bench_json_metadata,0,valid_basic,"stats use valid_basic rows, but no valid_no_l2 row was available",10,1.08324432373,0.005831958570483947,1.07570996094,1.09690466309,0.003614685371283905,10,1.029480407715,0.004298992095619575,1.02402954102,1.0371451416,0.002664542906382773,10,0.1571273791686486,0.057226064438869836,0.041821788578967366,0.23401741319165295,0.03546908221026126,0,nan,nan,nan,nan,nan,0,nan,nan,nan,nan,nan,10,0.1571273791686486,0.057226064438869836,0.041821788578967366,0.23401741319165295,0.03546908221026126,10,0.1047515861124324,0.03815070962591323,0.02788119238597824,0.15601160879443532,0.023646054806840844,10,0.0785636895843243,0.028613032219434918,0.020910894289483683,0.11700870659582648,0.01773454110513063,10,20992000000.0,0.0,20992000000.0,20992000000.0,0.0,10,8192.0,0.0,8192.0,8192.0,0.0,10,8192.0,0.0,8192.0,8192.0,0.0,10,4096.0,0.0,4096.0,4096.0,0.0,10,4096.0,0.0,4096.0,4096.0,0.0,10,12288.0,0.0,12288.0,12288.0,0.0,10,16384.0,0.0,16384.0,16384.0,0.0,10,158.75543801759903,0.8503392611230866,156.77430298779788,159.86322544575916,0.52704573440667,0,nan,nan,nan,nan,nan,10,96.46343178015414,250.3561991897835,1.1326325190404987,808.6463475579052,155.17237989337337,10,232.8411,7.000468039114714,214.347,238.155,4.338935043399778,10,205.82046020678027,6.215523787795342,197.9118529390045,220.37918856858383,3.8524215559965094,10,27.02063979321976,9.840963950188591,7.191945100080602,40.24314706099551,6.099492649023934,10,-8.831753201813317,67.17985749161598,-48.26431435437419,181.22544496597027,41.63850706157037,10,-6.608138811355491,11.458717785523714,-17.34782500072754,20.687368778104144,7.102186864397801,10,1.2156417675248996,1.0431022473812017,0.816213880681298,4.183327971870542,0.6465214710963408,10,0.9697015912329279,0.05640602761367317,0.9182266727850947,1.105742219247185,0.03496081812022564,10,0.884796004606948,0.040740085458545766,0.8310211960236169,0.9664471856378648,0.025250966575306344,10,0.11520399539305207,0.04074008545854575,0.03355281436213524,0.16897880397638307,0.025250966575306337,10,0.8441753203846973,0.23475954728922857,0.18424146257441895,0.9941217075365097,0.14550547489317806,10,0.6078296655482792,1.5776285668433823,0.007123007580992326,5.095681776558052,0.9778243163025677,10,161.65239466666668,0.595390424974333,161.21856,162.47808,0.36902680863500015,10,1005.6496657320979,4.103150036663445,995.7717415383503,1008.3955345571758,2.543158740662936,10,98.20797516915016,0.4006982457679113,97.24333413460454,98.47612642159919,0.24835534576786283,10,1925.1666666666667,7.090682462060884,1920.0,1935.0,4.394850522044079,10,1.5,4.743416490252569,0.0,15.0,2.9399999999999995,10,71.4,1.776388345929897,67.0,73.0,1.1010169036950441,10,99.73333333333333,0.14160916286334888,99.5,99.88888888888889,0.08777026847079111,10,100.0,0.0,100.0,100.0,0.0,9,100.0,0.0,100.0,100.0,0.0,9,100.0,0.0,100.0,100.0,0.0,results/strict_fp16_launch_shape_rtx3090_20260602_115550,"ga102
GeForce RTX 3090"
launch_shape_tensor_mma_f16acc_t256_b04,NVIDIA GeForce RTX 3090,ampere,ga102,consumer,86,82,ga102,"RTX 3090 FE dense FP16 Tensor Core peak, no sparsity",https://www.nvidia.com/content/dam/en-zz/Solutions/geforce/ampere/pdf/NVIDIA-ampere-GA102-GPU-Architecture-Whitepaper-V1.pdf,142.0,284.0,tensor_core_mma_m16n16k16_f16acc,fp16-energy-bench-v2,fp16-energy-bench-v2,"nvml_timed_energy_counter,explicit_m16n16k16_denominator,strict_denominator_provenance,tensor_no_memory_warpsync_baseline","nvml_timed_energy_counter,explicit_m16n16k16_denominator,strict_denominator_provenance,tensor_no_memory_warpsync_baseline",bae1f83e791c,bae1f83e791c,tensor_mma_f16acc,tensor_baseline_mov,10,7,7,0,0,3,invalid_or_nonpositive_increment:3; pure_fp16_candidate_no_l2:7,7,10,True,10,True,bench_json_metadata,3,valid_basic,"stats use valid_basic rows, but no valid_no_l2 row was available",7,2.16467794364,0.007541255119322855,2.15298657227,2.17054638672,0.005586639973325879,7,1.025842677527143,0.0031557351409799627,1.02250494385,1.0293605957,0.0023378013082536943,7,0.11697108717296255,0.020428168067714903,0.08203848766356525,0.1381187568330779,0.015133398685385262,0,nan,nan,nan,nan,nan,0,nan,nan,nan,nan,nan,7,0.11697108717296255,0.020428168067714903,0.08203848766356525,0.1381187568330779,0.015133398685385262,7,0.07798072478197504,0.013618778711809939,0.0546923251090435,0.09207917122205192,0.010088932456923511,7,0.058485543586481274,0.010214084033857452,0.041019243831782626,0.06905937841653895,0.007566699342692631,7,41984000000.0,0.0,41984000000.0,41984000000.0,0.0,7,8192.0,0.0,8192.0,8192.0,0.0,7,8192.0,0.0,8192.0,8192.0,0.0,7,4096.0,0.0,4096.0,4096.0,0.0,7,4096.0,0.0,4096.0,4096.0,0.0,7,12288.0,0.0,12288.0,12288.0,0.0,7,16384.0,0.0,16384.0,16384.0,0.0,7,158.88576734664593,0.5551010488387749,158.45453942116893,159.74689876369015,0.411224611766785,0,nan,nan,nan,nan,nan,7,12.567557487867239,3.289945223778267,6.2650868429925595,15.763602905528472,2.4372255289597704,7,477.3764285714286,2.6572595442888653,473.935,481.442,1.9685254184795253,7,437.1462200686883,8.10660353387277,430.5121405429948,451.8262627291781,6.0054559398469225,7,40.230208502740254,7.02591965720529,28.215737270821876,47.50358844932049,5.204874120455905,7,-49.428064835881564,3.143903812930964,-54.97033533515918,-44.77903670417476,2.3290365377784576,7,7.260096459512182,3.8052421862401555,1.6650539028368314,13.502197250093246,2.8189628608856903,7,0.9061946252874611,0.005548163434064433,0.8960677239144783,0.9138710701281508,0.004110136990309447,7,1.035250250376001,0.018528482305779043,1.0080059926836873,1.0655068682233522,0.01372609177871455,7,0.9157066179358527,0.01478767386038557,0.9013306100229717,0.941222357062878,0.010954862101038994,7,0.0842933820641473,0.014787673860385582,0.05877764293712191,0.09866938997702836,0.010954862101039003,7,0.9414149951716553,0.01530740839035625,0.9269851746426031,0.9707822660574839,0.011339886828980126,7,0.07907028146928212,0.02061366984936761,0.03953870217842158,0.09937853727263296,0.01527082032834875,7,161.57842285714287,0.6145828299400726,161.21856,162.47808,0.4552893318600853,7,1006.9365290906223,0.6975872970446189,1006.0271495094802,1008.1219561292028,0.5167799016065852,7,98.33364541900609,0.06812375947701681,98.24483881928518,98.44940977824247,0.050466787266270484,7,1924.2857142857142,7.319250547113999,1920.0,1935.0,5.422176684690383,7,0.0,0.0,0.0,0.0,0.0,7,72.28571428571429,0.7559289460184545,71.0,73.0,0.56,7,99.88638876603272,0.0450847834037121,99.8125,99.94736842105263,0.03339927494384163,7,100.0,0.0,100.0,100.0,0.0,7,100.0,0.0,100.0,100.0,0.0,7,100.0,0.0,100.0,100.0,0.0,results/strict_fp16_launch_shape_rtx3090_20260602_115550,"ga102
GeForce RTX 3090"
launch_shape_tensor_mma_f16acc_t256_b08,NVIDIA GeForce RTX 3090,ampere,ga102,consumer,86,82,ga102,"RTX 3090 FE dense FP16 Tensor Core peak, no sparsity",https://www.nvidia.com/content/dam/en-zz/Solutions/geforce/ampere/pdf/NVIDIA-ampere-GA102-GPU-Architecture-Whitepaper-V1.pdf,142.0,284.0,tensor_core_mma_m16n16k16_f16acc,fp16-energy-bench-v2,fp16-energy-bench-v2,"nvml_timed_energy_counter,explicit_m16n16k16_denominator,strict_denominator_provenance,tensor_no_memory_warpsync_baseline","nvml_timed_energy_counter,explicit_m16n16k16_denominator,strict_denominator_provenance,tensor_no_memory_warpsync_baseline",bae1f83e791c,bae1f83e791c,tensor_mma_f16acc,tensor_baseline_mov,10,5,5,0,0,5,invalid_or_nonpositive_increment:5; pure_fp16_candidate_no_l2:5,5,10,True,10,True,bench_json_metadata,5,valid_basic,"stats use valid_basic rows, but no valid_no_l2 row was available",5,4.33656640625,0.013095246711604227,4.313443359380001,4.34584375,0.011478489837076833,5,1.05382705078,0.008099074910368268,1.0437945556600001,1.06157653809,0.007099152165343013,5,0.07422558968892201,0.018090477799848226,0.049326658304319274,0.10039638611946602,0.015857002937517295,0,nan,nan,nan,nan,nan,0,nan,nan,nan,nan,nan,5,0.07422558968892201,0.018090477799848226,0.049326658304319274,0.10039638611946602,0.015857002937517295,5,0.04948372645928134,0.012060318533232155,0.03288443886954618,0.06693092407964403,0.0105713352916782,5,0.037112794844461006,0.009045238899924113,0.024663329152159637,0.05019819305973301,0.007928501468758647,5,83968000000.0,0.0,83968000000.0,83968000000.0,0.0,5,8192.0,0.0,8192.0,8192.0,0.0,5,8192.0,0.0,8192.0,8192.0,0.0,5,4096.0,0.0,4096.0,4096.0,0.0,5,4096.0,0.0,4096.0,4096.0,0.0,5,12288.0,0.0,12288.0,12288.0,0.0,5,16384.0,0.0,16384.0,16384.0,0.0,5,158.62109065977123,0.48081196512101054,158.28131326626735,159.47024191338204,0.42145026945508823,0,nan,nan,nan,nan,nan,5,6.299152095121616,1.8840649495185524,5.215695978206696,9.648215153453123,1.6514557420500915,5,947.3248,9.101860754812716,936.748,961.312,7.978132712843521,5,896.267551211525,11.275398765414186,886.9356607327612,915.8678759618799,9.883322780250262,5,51.057248788475114,12.443821997241598,33.930124038120084,69.05924607737302,10.907490899209849,5,-110.03844641947936,17.916544979451125,-127.98684170353499,-83.36114282766948,15.704544098426231,5,-7.229243060443525,4.5352625712819075,-9.997237800059878,0.8269579812954362,3.9753329188371573,5,0.8960711623659552,0.01594238372560677,0.8797946336584976,0.9193143249940013,0.013974115463666491,5,0.9689090648882537,0.019534292697729758,0.9570941803700649,1.0036344043517618,0.017122562494884582,5,0.9461483118164168,0.01278093268726594,0.9281614646676906,0.9642764840122636,0.011202981447393675,5,0.053851688183583137,0.012780932687265907,0.03572351598773643,0.0718385353323094,0.011202981447393645,5,0.9704536755842629,0.008633852753379216,0.9551644284935946,0.9760246838380918,0.007567905612397625,5,0.03971967415468062,0.011915764954437235,0.032706390331054096,0.06088758010601872,0.010444628493276285,5,161.470464,0.5632744678041112,161.21856,162.47808,0.49373184000000364,5,1005.9314657941704,0.6945694994588922,1005.0434355163675,1006.5784789404071,0.6088170094281299,5,98.23549470646195,0.06782905268153284,98.14877299964526,98.29867958402413,0.05945478607696615,5,1923.0,6.708203932499369,1920.0,1935.0,5.88,5,0.0,0.0,0.0,0.0,0.0,5,73.4,0.8944271909999159,72.0,74.0,0.7839999999999999,5,99.94581105169341,0.02525916518205905,99.9090909090909,99.96969696969697,0.022140634477576113,5,100.0,0.0,100.0,100.0,0.0,5,100.0,0.0,100.0,100.0,0.0,5,100.0,0.0,100.0,100.0,0.0,results/strict_fp16_launch_shape_rtx3090_20260602_115550,"ga102
GeForce RTX 3090"
launch_shape_tensor_mma_f16acc_t032_b01,NVIDIA GeForce RTX 3090,ampere,ga102,consumer,86,82,ga102,"RTX 3090 FE dense FP16 Tensor Core peak, no sparsity",https://www.nvidia.com/content/dam/en-zz/Solutions/geforce/ampere/pdf/NVIDIA-ampere-GA102-GPU-Architecture-Whitepaper-V1.pdf,142.0,284.0,tensor_core_mma_m16n16k16_f16acc,fp16-energy-bench-v2,fp16-energy-bench-v2,"nvml_timed_energy_counter,explicit_m16n16k16_denominator,strict_denominator_provenance,tensor_no_memory_warpsync_baseline","nvml_timed_energy_counter,explicit_m16n16k16_denominator,strict_denominator_provenance,tensor_no_memory_warpsync_baseline",d46eadcde2d6,d46eadcde2d6,tensor_mma_f16acc,tensor_baseline_mov,10,5,5,0,0,5,invalid_or_nonpositive_increment:5; pure_fp16_candidate_no_l2:5,5,10,True,10,True,bench_json_metadata,5,valid_basic,"stats use valid_basic rows, but no valid_no_l2 row was available",5,0.2793105529784,0.0006381383662597841,0.278381469727,0.279938934326,0.0005593529402749539,5,0.06460354309082,2.6183524377869343e-05,0.06458982086180001,0.0646502380371,2.2950871036579987e-05,5,0.5340734734226805,0.2945286937921661,0.22167164242890894,1.004957419506588,0.25816578281225344,0,nan,nan,nan,nan,nan,0,nan,nan,nan,nan,nan,5,0.5340734734226805,0.2945286937921661,0.22167164242890894,1.004957419506588,0.25816578281225344,5,0.35604898228178705,0.19635246252811078,0.14778109495260597,0.6699716130043921,0.17211052187483566,5,0.26703673671134026,0.14726434689608306,0.11083582121445447,0.502478709753294,0.12908289140612672,5,1312000000.0,0.0,1312000000.0,1312000000.0,0.0,5,8192.0,0.0,8192.0,8192.0,0.0,5,8192.0,0.0,8192.0,8192.0,0.0,5,4096.0,0.0,4096.0,4096.0,0.0,5,4096.0,0.0,4096.0,4096.0,0.0,5,12288.0,0.0,12288.0,12288.0,0.0,5,16384.0,0.0,16384.0,16384.0,0.0,5,38.48028227787235,0.0879939697531157,38.3937447853668,38.608546792069646,0.07713011520738661,0,nan,nan,nan,nan,nan,5,15.835228664556848,10.719020351010899,5.746647651599659,33.503275318078806,9.395635597569097,5,48.608000000000004,0.5157286108022295,48.02,49.41,0.45205605882456446,5,42.867829578706484,3.1305555457648944,37.91681413105547,45.99149446765176,2.744052923006349,5,5.740170421293522,3.1655661261235974,2.3825055323482403,10.801185868944536,2.77474104975095,5,3.2650357201716047,0.777841169707421,2.5141294834858456,4.122196516970291,0.6818078466161874,1,0.9660908315000007,0.0,0.9660908315000007,0.9660908315000007,0.0,5,1.0721281291730385,0.01778307813275621,1.055248464757387,1.092434628261355,0.015587555249180901,1,1.096005122904633,0.0,1.096005122904633,1.096005122904633,0.0,5,0.8819829481899237,0.06492224557072329,0.7782916813304213,0.9507482215167602,0.05690685730444418,5,0.11801705181007618,0.06492224557072328,0.04925177848323976,0.2217083186695787,0.05690685730444417,5,0.9064284336404353,0.06319779269666126,0.8025825773688744,0.9662037080859533,0.05539530771508833,5,0.411133792226961,0.27735282401860994,0.14967666435574964,0.8677683596462252,0.24311046915680212,5,162.47808,0.0,162.47808,162.47808,0.0,5,242.5176925560746,0.5545721923055266,241.97229964937793,243.32606536881357,0.4861039592070874,5,23.683368413679155,0.05415744065483509,23.630107387634563,23.762311071173198,0.04747108976631582,5,1935.0,0.0,1935.0,1935.0,0.0,5,0.0,0.0,0.0,0.0,0.0,5,65.8,0.8366600265340756,65.0,67.0,0.7333648478076925,5,97.6,3.5150470203904187,91.33333333333333,99.33333333333333,3.0810745600268175,5,100.0,0.0,100.0,100.0,0.0,0,nan,nan,nan,nan,nan,0,nan,nan,nan,nan,nan,results/diagnostic_fp16_launch_shape_rtx3090_20260602_125100,"ga102
GeForce RTX 3090"
launch_shape_tensor_mma_f16acc_t032_b02,NVIDIA GeForce RTX 3090,ampere,ga102,consumer,86,82,ga102,"RTX 3090 FE dense FP16 Tensor Core peak, no sparsity",https://www.nvidia.com/content/dam/en-zz/Solutions/geforce/ampere/pdf/NVIDIA-ampere-GA102-GPU-Architecture-Whitepaper-V1.pdf,142.0,284.0,tensor_core_mma_m16n16k16_f16acc,fp16-energy-bench-v2,fp16-energy-bench-v2,"nvml_timed_energy_counter,explicit_m16n16k16_denominator,strict_denominator_provenance,tensor_no_memory_warpsync_baseline","nvml_timed_energy_counter,explicit_m16n16k16_denominator,strict_denominator_provenance,tensor_no_memory_warpsync_baseline",d46eadcde2d6,d46eadcde2d6,tensor_mma_f16acc,tensor_baseline_mov,10,2,2,0,0,8,invalid_or_nonpositive_increment:8; pure_fp16_candidate_no_l2:2,2,10,True,10,True,bench_json_metadata,8,valid_basic,"stats use valid_basic rows, but no valid_no_l2 row was available",2,0.2761850585935,0.004279325304195702,0.27315911865200004,0.279210998535,0.0059308422853399335,2,0.06483865356445,0.00034610857123917535,0.06459391784669999,0.0650833892822,0.0004796820067900159,2,0.2597413327372706,0.019008534990892178,0.246300268744789,0.27318239672975225,0.026344485425263985,0,nan,nan,nan,nan,nan,0,nan,nan,nan,nan,nan,2,0.2597413327372706,0.019008534990892178,0.246300268744789,0.27318239672975225,0.026344485425263985,2,0.17316088849151373,0.012672356660594792,0.16420017916319266,0.18212159781983484,0.01756299028350933,2,0.1298706663686353,0.009504267495446089,0.1231501343723945,0.13659119836487613,0.013172242712631992,2,2624000000.0,0.0,2624000000.0,2624000000.0,0.0,2,8192.0,0.0,8192.0,8192.0,0.0,2,8192.0,0.0,8192.0,8192.0,0.0,2,4096.0,0.0,4096.0,4096.0,0.0,2,4096.0,0.0,4096.0,4096.0,0.0,2,12288.0,0.0,12288.0,12288.0,0.0,2,16384.0,0.0,16384.0,16384.0,0.0,2,77.84052020031221,1.2060931517487763,76.987683553968,78.69335684665643,1.671559826834662,0,nan,nan,nan,nan,nan,2,14.669981662679234,1.3193304602715512,13.737074147595251,15.602889177763217,1.8284987295646062,2,49.078,0.8456997102991144,48.48,49.676,1.172080000000005,2,43.494650181815516,1.254303528824615,42.607723650917414,44.38157671271362,1.7383760005602784,2,5.583349818184484,0.4086038185255005,5.294423287286385,5.872276349082583,0.5662960005602736,2,3.9555891782688377,4.196461787563204,0.9882425912926749,6.9229357652450005,5.815999310473279,0,nan,nan,nan,nan,nan,2,1.091368564640066,0.09978669195673184,1.0208087180852878,1.1619284111948442,0.13829729924736528,0,nan,nan,nan,nan,nan,2,0.8861465446080972,0.010287494453054049,0.8788721875189236,0.8934209016972706,0.014257739894780078,2,0.11385345539190289,0.01028749445305404,0.10657909830272938,0.12112781248107639,0.014257739894780066,2,0.9146401957988561,0.01046837945375528,0.9072379336990719,0.9220424578986405,0.014508433715577196,2,0.18861596955016777,0.01987164121560251,0.17456459729330914,0.2026673418070264,0.027540689623442898,2,163.7376,1.7812302660801533,162.47808,164.99712,2.4686591999999896,2,486.79528299380985,2.2471618976771737,485.2062995775383,488.3842664100814,3.114407495892258,2,47.53860185486424,0.21944940407004498,47.38342769311897,47.69377601660952,0.3041413570207401,2,1950.0,21.213203435596427,1935.0,1965.0,29.4,2,0.0,0.0,0.0,0.0,0.0,2,59.5,9.192388155425117,53.0,66.0,12.739999999999998,2,96.16666666666666,4.006938426723773,93.33333333333333,99.0,5.553333333333337,2,99.5,0.7071067811865476,99.0,100.0,0.9799999999999999,0,nan,nan,nan,nan,nan,0,nan,nan,nan,nan,nan,results/diagnostic_fp16_launch_shape_rtx3090_20260602_125100,"ga102
GeForce RTX 3090"
launch_shape_tensor_mma_f16acc_t032_b04,NVIDIA GeForce RTX 3090,ampere,ga102,consumer,86,82,ga102,"RTX 3090 FE dense FP16 Tensor Core peak, no sparsity",https://www.nvidia.com/content/dam/en-zz/Solutions/geforce/ampere/pdf/NVIDIA-ampere-GA102-GPU-Architecture-Whitepaper-V1.pdf,142.0,284.0,tensor_core_mma_m16n16k16_f16acc,fp16-energy-bench-v2,fp16-energy-bench-v2,"nvml_timed_energy_counter,explicit_m16n16k16_denominator,strict_denominator_provenance,tensor_no_memory_warpsync_baseline","nvml_timed_energy_counter,explicit_m16n16k16_denominator,strict_denominator_provenance,tensor_no_memory_warpsync_baseline",d46eadcde2d6,d46eadcde2d6,tensor_mma_f16acc,tensor_baseline_mov,10,5,5,0,0,5,invalid_or_nonpositive_increment:5; pure_fp16_candidate_no_l2:5,5,10,True,10,True,bench_json_metadata,5,valid_basic,"stats use valid_basic rows, but no valid_no_l2 row was available",5,0.2793057250978,0.00078687565453428,0.27815393066399996,0.28003634643599995,0.0006897269217242899,5,0.06487606506348001,0.0006361622968660764,0.0641218566895,0.0656066589355,0.0005576208390818596,5,0.4421566378373777,0.09957307543161732,0.2849240421641433,0.540504516765347,0.08727964883437372,0,nan,nan,nan,nan,nan,0,nan,nan,nan,nan,nan,5,0.4421566378373777,0.09957307543161732,0.2849240421641433,0.540504516765347,0.08727964883437372,5,0.2947710918915851,0.0663820502877449,0.18994936144276217,0.3603363445102314,0.05818643255624916,5,0.22107831891868884,0.04978653771580866,0.14246202108207165,0.2702522583826735,0.04363982441718686,5,5248000000.0,0.0,5248000000.0,5248000000.0,0.0,5,8192.0,0.0,8192.0,8192.0,0.0,5,8192.0,0.0,8192.0,8192.0,0.0,5,4096.0,0.0,4096.0,4096.0,0.0,5,4096.0,0.0,4096.0,4096.0,0.0,5,12288.0,0.0,12288.0,12288.0,0.0,5,16384.0,0.0,16384.0,16384.0,0.0,5,153.9241247913159,0.43413069339948773,153.52155728051318,154.56051941229742,0.38053233069166653,0,nan,nan,nan,nan,nan,5,60.833741126675136,15.622381634938133,35.89802387218819,76.07547042369748,13.69362126401706,5,62.720600000000005,1.6644322755822785,60.825,64.59,1.458939215161482,5,43.71157161424439,3.3526448248931104,40.49883736895863,48.575654990111346,2.938722759286559,5,19.009028385755613,4.280807422895126,12.249345009888657,23.237162631041365,3.7522931473022427,5,12.11718069249959,1.3198392047346799,10.36855589095321,13.679227240075,1.1568900710131544,0,nan,nan,nan,nan,nan,5,1.2395137554007871,0.02652989426232354,1.20432486251716,1.2754644643798818,0.023254477626523332,0,nan,nan,nan,nan,nan,5,0.6977633030490858,0.06383715874964292,0.6354154225078235,0.7986133167301495,0.055955736770221635,5,0.30223669695091415,0.06383715874964296,0.20138668326985049,0.36458457749217654,0.05595573677022168,5,0.7210386222770493,0.06787022960757003,0.6559006615922813,0.8294905280758511,0.05949087924400981,5,0.39536589980265663,0.10195799515453961,0.2322586906972571,0.4942020634865932,0.08937012314193674,5,162.47808,0.0,162.47808,162.47808,0.0,5,970.0896501627018,2.7360603352838195,967.5525132697624,974.1004563704382,2.3982626248923107,5,94.73531739870134,0.2671933921175574,94.48755012400022,95.12699769242559,0.23420533446213698,5,1935.0,0.0,1935.0,1935.0,0.0,5,0.0,0.0,0.0,0.0,0.0,5,66.0,3.5355339059327378,60.0,69.0,3.0990321069650117,5,94.13333333333334,6.4230487741847,85.0,98.66666666666667,5.630050483294484,5,99.8,0.4472135954999579,99.0,100.0,0.39199999999999996,0,nan,nan,nan,nan,nan,0,nan,nan,nan,nan,nan,results/diagnostic_fp16_launch_shape_rtx3090_20260602_125100,"ga102
GeForce RTX 3090"
launch_shape_tensor_mma_f16acc_t032_b08,NVIDIA GeForce RTX 3090,ampere,ga102,consumer,86,82,ga102,"RTX 3090 FE dense FP16 Tensor Core peak, no sparsity",https://www.nvidia.com/content/dam/en-zz/Solutions/geforce/ampere/pdf/NVIDIA-ampere-GA102-GPU-Architecture-Whitepaper-V1.pdf,142.0,284.0,tensor_core_mma_m16n16k16_f16acc,fp16-energy-bench-v2,fp16-energy-bench-v2,"nvml_timed_energy_counter,explicit_m16n16k16_denominator,strict_denominator_provenance,tensor_no_memory_warpsync_baseline","nvml_timed_energy_counter,explicit_m16n16k16_denominator,strict_denominator_provenance,tensor_no_memory_warpsync_baseline",d46eadcde2d6,d46eadcde2d6,tensor_mma_f16acc,tensor_baseline_mov,10,2,2,0,0,8,invalid_or_nonpositive_increment:8; pure_fp16_candidate_no_l2:2,2,10,True,10,True,bench_json_metadata,8,valid_basic,"stats use valid_basic rows, but no valid_no_l2 row was available",2,0.5360142822265,0.0043219657763312975,0.532958190918,0.5390703735350001,0.005989938964660081,2,0.0671971206665,0.0007394216128469977,0.06667427062989999,0.0677199707031,0.0010247860717360118,2,0.35761242385923464,0.04284836257027705,0.3273140561230519,0.3879107915954174,0.059384800762918175,0,nan,nan,nan,nan,nan,0,nan,nan,nan,nan,nan,2,0.35761242385923464,0.04284836257027705,0.3273140561230519,0.3879107915954174,0.059384800762918175,2,0.23840828257282312,0.02856557504685138,0.21820937074870128,0.25860719439694496,0.0395898671752788,2,0.17880621192961732,0.021424181285138524,0.16365702806152596,0.1939553957977087,0.029692400381459087,2,10496000000.0,0.0,10496000000.0,10496000000.0,0.0,2,8192.0,0.0,8192.0,8192.0,0.0,2,8192.0,0.0,8192.0,8192.0,0.0,2,4096.0,0.0,4096.0,4096.0,0.0,2,4096.0,0.0,4096.0,4096.0,0.0,2,12288.0,0.0,12288.0,12288.0,0.0,2,16384.0,0.0,16384.0,16384.0,0.0,2,160.41741800267113,1.2934703673474397,159.5027963346559,161.33203967068636,1.7926584693098493,0,nan,nan,nan,nan,nan,2,50.52433476657406,7.341495358016829,45.3331136148708,55.71555591827732,10.174793457338389,2,124.305,2.252842204860335,122.712,125.898,3.122279999999993,2,93.55632799322909,5.937082904560582,89.35817641094758,97.7544795755106,8.228377101271763,2,30.74867200677091,3.684240699700246,28.143520424489395,33.353823589052425,5.106097101271768,2,14.354318729436912,4.064225222786315,11.480477514135302,17.228159944738522,5.632728781991156,0,nan,nan,nan,nan,nan,2,1.1318317836422966,0.04453829146461775,1.1003384557252025,1.1633251115593908,0.061726922717504504,0,nan,nan,nan,nan,nan,2,0.7523260217023077,0.03412743727971481,0.7281942793773027,0.7764577640273126,0.04729821495700964,2,0.24767397829769233,0.034127437279714824,0.22354223597268738,0.27180572062269726,0.047298214957009664,2,0.7752926643429885,0.03494961004617799,0.7505795580795106,0.8000057706064665,0.04843768827641677,2,0.31478114464264817,0.043226822632853934,0.284215165229809,0.3453471240554873,0.059909319649164725,2,163.10784,0.8906151330400666,162.47808,163.7376,1.2343295999999808,2,1007.1022257375929,2.62141398846014,1005.2486061300555,1008.9558453451303,3.6330944307733803,2,98.34982673218681,0.25599745981057564,98.16880919238822,98.5308442719854,0.35479437800523383,2,1942.5,10.606601717798213,1935.0,1950.0,14.7,2,0.0,0.0,0.0,0.0,0.0,2,64.0,5.656854249492381,60.0,68.0,7.839999999999999,2,99.55,0.07071067811865074,99.5,99.6,0.09799999999999442,2,100.0,0.0,100.0,100.0,0.0,2,100.0,0.0,100.0,100.0,0.0,2,100.0,0.0,100.0,100.0,0.0,results/diagnostic_fp16_launch_shape_rtx3090_20260602_125100,"ga102
GeForce RTX 3090"
launch_shape_tensor_mma_f16acc_t064_b01,NVIDIA GeForce RTX 3090,ampere,ga102,consumer,86,82,ga102,"RTX 3090 FE dense FP16 Tensor Core peak, no sparsity",https://www.nvidia.com/content/dam/en-zz/Solutions/geforce/ampere/pdf/NVIDIA-ampere-GA102-GPU-Architecture-Whitepaper-V1.pdf,142.0,284.0,tensor_core_mma_m16n16k16_f16acc,fp16-energy-bench-v2,fp16-energy-bench-v2,"nvml_timed_energy_counter,explicit_m16n16k16_denominator,strict_denominator_provenance,tensor_no_memory_warpsync_baseline","nvml_timed_energy_counter,explicit_m16n16k16_denominator,strict_denominator_provenance,tensor_no_memory_warpsync_baseline",d46eadcde2d6,d46eadcde2d6,tensor_mma_f16acc,tensor_baseline_mov,10,1,1,0,0,9,invalid_or_nonpositive_increment:9; pure_fp16_candidate_no_l2:1,1,10,True,10,True,bench_json_metadata,9,valid_basic,"stats use valid_basic rows, but no valid_no_l2 row was available",1,0.27578982543900005,0.0,0.27578982543900005,0.27578982543900005,0.0,1,0.0636076469421,0.0,0.0636076469421,0.0636076469421,0.0,1,0.4303230982439019,0.0,0.4303230982439019,0.4303230982439019,0.0,0,nan,nan,nan,nan,nan,0,nan,nan,nan,nan,nan,1,0.4303230982439019,0.0,0.4303230982439019,0.4303230982439019,0.0,1,0.2868820654959346,0.0,0.2868820654959346,0.2868820654959346,0.0,1,0.21516154912195096,0.0,0.21516154912195096,0.21516154912195096,0.0,1,2624000000.0,0.0,2624000000.0,2624000000.0,0.0,1,8192.0,0.0,8192.0,8192.0,0.0,1,8192.0,0.0,8192.0,8192.0,0.0,1,4096.0,0.0,4096.0,4096.0,0.0,1,4096.0,0.0,4096.0,4096.0,0.0,1,12288.0,0.0,12288.0,12288.0,0.0,1,16384.0,0.0,16384.0,16384.0,0.0,1,77.94271585539148,0.0,77.94271585539148,77.94271585539148,0.0,0,nan,nan,nan,nan,nan,1,27.752294407480832,0.0,27.752294407480832,27.752294407480832,0.0,1,50.243,0.0,50.243,50.243,0.0,1,40.99285730218395,0.0,40.99285730218395,40.99285730218395,0.0,1,9.250142697816052,0.0,9.250142697816052,9.250142697816052,0.0,1,7.713557367889997,0.0,7.713557367889997,7.713557367889997,0.0,0,nan,nan,nan,nan,nan,1,1.1813698203057619,0.0,1.1813698203057619,1.1813698203057619,0.0,0,nan,nan,nan,nan,nan,1,0.8158919113544961,0.0,0.8158919113544961,0.8158919113544961,0.0,1,0.1841080886455039,0.0,0.1841080886455039,0.1841080886455039,0.0,1,0.8426654412255676,0.0,0.8426654412255676,0.8426654412255676,0.0,1,0.3560601411294182,0.0,0.3560601411294182,0.3560601411294182,0.0,1,163.7376,0.0,163.7376,163.7376,0.0,1,487.4466282388461,0.0,487.4466282388461,487.4466282388461,0.0,1,47.602209788949814,0.0,47.602209788949814,47.602209788949814,0.0,1,1950.0,0.0,1950.0,1950.0,0.0,1,0.0,0.0,0.0,0.0,0.0,1,55.0,0.0,55.0,55.0,0.0,1,97.5,0.0,97.5,97.5,0.0,1,99.0,0.0,99.0,99.0,0.0,0,nan,nan,nan,nan,nan,0,nan,nan,nan,nan,nan,results/diagnostic_fp16_launch_shape_rtx3090_20260602_125100,"ga102
GeForce RTX 3090"
launch_shape_tensor_mma_f16acc_t064_b02,NVIDIA GeForce RTX 3090,ampere,ga102,consumer,86,82,ga102,"RTX 3090 FE dense FP16 Tensor Core peak, no sparsity",https://www.nvidia.com/content/dam/en-zz/Solutions/geforce/ampere/pdf/NVIDIA-ampere-GA102-GPU-Architecture-Whitepaper-V1.pdf,142.0,284.0,tensor_core_mma_m16n16k16_f16acc,fp16-energy-bench-v2,fp16-energy-bench-v2,"nvml_timed_energy_counter,explicit_m16n16k16_denominator,strict_denominator_provenance,tensor_no_memory_warpsync_baseline","nvml_timed_energy_counter,explicit_m16n16k16_denominator,strict_denominator_provenance,tensor_no_memory_warpsync_baseline",d46eadcde2d6,d46eadcde2d6,tensor_mma_f16acc,tensor_baseline_mov,10,4,4,0,0,6,invalid_or_nonpositive_increment:6; pure_fp16_candidate_no_l2:4,4,10,True,10,True,bench_json_metadata,6,valid_basic,"stats use valid_basic rows, but no valid_no_l2 row was available",4,0.2795890808105,0.0008995741575493856,0.278402679443,0.280331085205,0.0008815826743983979,4,0.065071870803825,0.0005470819290889745,0.06458982086180001,0.0655861740112,0.0005361402905071951,4,0.1740401497201803,0.042337849407430475,0.11976191793019848,0.2190673489741555,0.041491092419281866,0,nan,nan,nan,nan,nan,0,nan,nan,nan,nan,nan,4,0.1740401497201803,0.042337849407430475,0.11976191793019848,0.2190673489741555,0.041491092419281866,4,0.11602676648012021,0.028225232938286982,0.07984127862013234,0.14604489931610368,0.027660728279521242,4,0.08702007486009015,0.021168924703715238,0.05988095896509924,0.10953367448707775,0.020745546209640933,4,5248000000.0,0.0,5248000000.0,5248000000.0,0.0,4,8192.0,0.0,8192.0,8192.0,0.0,4,8192.0,0.0,8192.0,8192.0,0.0,4,4096.0,0.0,4096.0,4096.0,0.0,4,4096.0,0.0,4096.0,4096.0,0.0,4,12288.0,0.0,12288.0,12288.0,0.0,4,16384.0,0.0,16384.0,16384.0,0.0,4,153.7683451789784,0.49547423304119137,153.3601454457367,154.4224218172515,0.48556474838036756,0,nan,nan,nan,nan,nan,4,19.46664955810394,6.667069237235267,11.003187408376505,26.936281978677016,6.5337278524905615,4,60.9775,0.7109348305810669,60.258,61.617,0.6967161339694455,4,53.4952327146475,1.202565114778952,52.19894065476511,55.109241612921394,1.178513812483373,4,7.482267285352499,1.8201725639900785,5.148758387078608,9.418059345234887,1.7837691127102768,4,10.234861065358771,1.089370013813338,9.388059433305962,11.7787358944,1.0675826135370712,0,nan,nan,nan,nan,nan,4,1.2018916368062944,0.02382672880982519,1.1837627300918518,1.2363392085535438,0.023350194233628687,0,nan,nan,nan,nan,nan,4,0.8775216617779801,0.02860926015786544,0.8471516083997129,0.9145547746842144,0.02803707495470813,4,0.1224783382220199,0.02860926015786543,0.08544522531578559,0.15284839160028707,0.02803707495470812,4,0.9079608650056508,0.03040649671054652,0.8743823274637156,0.9470114140245068,0.02979836677633559,4,0.1265252209163163,0.04305668083015986,0.0717245416149783,0.1744324539253392,0.04219554721355666,4,162.47808,0.0,162.47808,162.47808,0.0,4,969.1078665089707,3.1226711605293898,966.5352331615094,973.230111661004,3.0602177373188018,4,94.63944008876666,0.30494835552044336,94.38820636342865,95.04200309189491,0.2988493884100345,4,1935.0,0.0,1935.0,1935.0,0.0,4,0.0,0.0,0.0,0.0,0.0,4,67.25,2.217355782608345,64.0,69.0,2.173008666956178,4,98.75,0.5692750425533092,98.0,99.33333333333333,0.557889541702243,4,99.75,0.5,99.0,100.0,0.49,0,nan,nan,nan,nan,nan,0,nan,nan,nan,nan,nan,results/diagnostic_fp16_launch_shape_rtx3090_20260602_125100,"ga102
GeForce RTX 3090"
launch_shape_tensor_mma_f16acc_t064_b04,NVIDIA GeForce RTX 3090,ampere,ga102,consumer,86,82,ga102,"RTX 3090 FE dense FP16 Tensor Core peak, no sparsity",https://www.nvidia.com/content/dam/en-zz/Solutions/geforce/ampere/pdf/NVIDIA-ampere-GA102-GPU-Architecture-Whitepaper-V1.pdf,142.0,284.0,tensor_core_mma_m16n16k16_f16acc,fp16-energy-bench-v2,fp16-energy-bench-v2,"nvml_timed_energy_counter,explicit_m16n16k16_denominator,strict_denominator_provenance,tensor_no_memory_warpsync_baseline","nvml_timed_energy_counter,explicit_m16n16k16_denominator,strict_denominator_provenance,tensor_no_memory_warpsync_baseline",d46eadcde2d6,d46eadcde2d6,tensor_mma_f16acc,tensor_baseline_mov,10,3,3,0,0,7,invalid_or_nonpositive_increment:7; pure_fp16_candidate_no_l2:3,3,10,True,10,True,bench_json_metadata,7,valid_basic,"stats use valid_basic rows, but no valid_no_l2 row was available",3,0.539096415202,0.001039494658261162,0.5379932250980001,0.540057617188,0.0011762989407057894,3,0.06796107737223334,0.0007209814749280214,0.06739529418950001,0.0687728652954,0.0008158673433156361,3,0.2702451383289621,0.09477442384189982,0.18416014955037266,0.37180448879244,0.1072473566701286,0,nan,nan,nan,nan,nan,0,nan,nan,nan,nan,nan,3,0.2702451383289621,0.09477442384189982,0.18416014955037266,0.37180448879244,0.1072473566701286,3,0.18016342555264142,0.06318294922793323,0.12277343303358179,0.24786965919496,0.07149823778008575,3,0.13512256916448104,0.04738721192094991,0.09208007477518633,0.18590224439622,0.0536236783350643,3,10496000000.0,0.0,10496000000.0,10496000000.0,0.0,3,8192.0,0.0,8192.0,8192.0,0.0,3,8192.0,0.0,8192.0,8192.0,0.0,3,4096.0,0.0,4096.0,4096.0,0.0,3,4096.0,0.0,4096.0,4096.0,0.0,3,12288.0,0.0,12288.0,12288.0,0.0,3,16384.0,0.0,16384.0,16384.0,0.0,3,159.4954868621768,0.307661628908383,159.21121980966018,159.8221464300734,0.3481519075683644,0,nan,nan,nan,nan,nan,3,36.23500212357306,14.400295465853294,22.450033712303338,51.18040467780037,16.29546834869627,3,118.81933333333335,14.85566593368784,101.789,129.114,16.810768542579424,3,95.58278290752209,14.979888831770747,79.88298520499244,109.72031513605562,16.95133998492888,3,23.23655042581124,8.149011272864403,15.83468486394439,31.968951618481768,9.221474349954413,3,5.049997390043312,11.229977678411448,-7.8615215637021265,12.545904639073242,12.707916045823703,0,nan,nan,nan,nan,nan,3,1.0422885697500412,0.09906588935778331,0.9283038379426684,1.1076272594162895,0.11210360706092272,0,nan,nan,nan,nan,nan,3,0.8036899745627952,0.06290913552431444,0.7523974811524562,0.8738824828645264,0.0711883884057212,3,0.1963100254372048,0.06290913552431442,0.12611751713547362,0.24760251884754378,0.07118838840572117,3,0.8293900984615834,0.06339708124057009,0.7787584736948083,0.9004936694702936,0.07174055096335624,3,0.22714751080379528,0.09022935538526619,0.14100786200333587,0.3209746721282648,0.10210412753616009,3,162.47808,0.0,162.47808,162.47808,0.0,3,1005.2025389939923,1.9390031443144697,1003.4109775613549,1007.2612745325101,2.1941886151658005,3,98.16431044863207,0.1893557758119656,97.98935327747606,98.36535884106544,0.21427623194979162,3,1935.0,0.0,1935.0,1935.0,0.0,3,0.0,0.0,0.0,0.0,0.0,3,68.0,2.6457513110645907,65.0,70.0,2.9939494540378155,3,99.61666666666667,0.12583057392117955,99.5,99.75,0.1423906988223291,3,100.0,0.0,100.0,100.0,0.0,3,99.0,0.0,99.0,99.0,0.0,3,99.0,0.0,99.0,99.0,0.0,results/diagnostic_fp16_launch_shape_rtx3090_20260602_125100,"ga102
GeForce RTX 3090"
launch_shape_tensor_mma_f16acc_t064_b08,NVIDIA GeForce RTX 3090,ampere,ga102,consumer,86,82,ga102,"RTX 3090 FE dense FP16 Tensor Core peak, no sparsity",https://www.nvidia.com/content/dam/en-zz/Solutions/geforce/ampere/pdf/NVIDIA-ampere-GA102-GPU-Architecture-Whitepaper-V1.pdf,142.0,284.0,tensor_core_mma_m16n16k16_f16acc,fp16-energy-bench-v2,fp16-energy-bench-v2,"nvml_timed_energy_counter,explicit_m16n16k16_denominator,strict_denominator_provenance,tensor_no_memory_warpsync_baseline","nvml_timed_energy_counter,explicit_m16n16k16_denominator,strict_denominator_provenance,tensor_no_memory_warpsync_baseline",d46eadcde2d6,d46eadcde2d6,tensor_mma_f16acc,tensor_baseline_mov,10,2,2,0,0,8,invalid_or_nonpositive_increment:8; pure_fp16_candidate_no_l2:2,2,10,True,10,True,bench_json_metadata,8,valid_basic,"stats use valid_basic rows, but no valid_no_l2 row was available",2,1.07200097656,0.010257364167586071,1.0647479248,1.07925402832,0.014215981449600033,2,0.07065687942505,0.0002579737790718131,0.0704744644165,0.0708392944336,0.00035753341675799855,2,0.14115765292566146,0.08156949758094115,0.08347930804819828,0.1988359978031246,0.11304955595982781,0,nan,nan,nan,nan,nan,0,nan,nan,nan,nan,nan,2,0.14115765292566146,0.08156949758094115,0.08347930804819828,0.1988359978031246,0.11304955595982781,2,0.09410510195044096,0.05437966505396077,0.05565287203213218,0.13255733186874974,0.0753663706398852,2,0.07057882646283073,0.040784748790470574,0.04173965402409914,0.0994179989015623,0.056524777979913905,2,20992000000.0,0.0,20992000000.0,20992000000.0,0.0,2,8192.0,0.0,8192.0,8192.0,0.0,2,8192.0,0.0,8192.0,8192.0,0.0,2,4096.0,0.0,4096.0,4096.0,0.0,2,4096.0,0.0,4096.0,4096.0,0.0,2,12288.0,0.0,12288.0,12288.0,0.0,2,16384.0,0.0,16384.0,16384.0,0.0,2,160.42367525736762,1.535002387309201,159.33826466016373,161.50908585457148,2.127404770519595,0,nan,nan,nan,nan,nan,2,722.3431029845713,1015.3394202816446,4.389713697402328,1440.2964922717401,1407.188643002851,2,228.675,5.444722215136428,224.825,232.525,7.546000000000016,2,204.40061755983476,19.471940284387433,190.63187654188488,218.1693585777846,26.986732395181733,2,24.274382440165255,14.027218069251004,14.355641422215399,34.19312345811511,19.440732395181715,2,80.80487396635961,160.59488131471022,-32.75285563512077,194.36260356783998,222.5731500189015,0,nan,nan,nan,nan,nan,2,4.128472293285991,4.598935557756382,0.8765337741565168,7.380410812415467,6.373799497493771,0,nan,nan,nan,nan,nan,2,0.8930871080823769,0.06388686593182188,0.8479122719532298,0.938261944211524,0.08854267881312826,2,0.10691289191762314,0.06388686593182187,0.06173805578847607,0.1520877280467702,0.08854267881312824,2,0.544654857670754,0.6138978894477569,0.11056349708613546,0.9787462182553723,0.8508190667458521,2,4.472646240589524,6.286315882034595,0.02754965172216918,8.917742829456879,8.712389314180015,2,163.10784,0.8906151330400666,162.47808,163.7376,1.2343295999999808,2,1007.1373697965541,4.137573411637537,1004.211663579528,1010.0630760135801,5.734384185371078,2,98.35325876919475,0.4040599034802424,98.06754527143829,98.63897226695121,0.559998455602664,2,1942.5,10.606601717798213,1935.0,1950.0,14.7,2,0.0,0.0,0.0,0.0,0.0,2,66.5,6.363961030678928,62.0,71.0,8.819999999999999,2,99.77777777777777,0.3142696805273533,99.55555555555556,100.0,0.4355555555555539,2,100.0,0.0,100.0,100.0,0.0,1,100.0,0.0,100.0,100.0,0.0,1,100.0,0.0,100.0,100.0,0.0,results/diagnostic_fp16_launch_shape_rtx3090_20260602_125100,"ga102
GeForce RTX 3090"
launch_shape_tensor_mma_f16acc_t128_b01,NVIDIA GeForce RTX 3090,ampere,ga102,consumer,86,82,ga102,"RTX 3090 FE dense FP16 Tensor Core peak, no sparsity",https://www.nvidia.com/content/dam/en-zz/Solutions/geforce/ampere/pdf/NVIDIA-ampere-GA102-GPU-Architecture-Whitepaper-V1.pdf,142.0,284.0,tensor_core_mma_m16n16k16_f16acc,fp16-energy-bench-v2,fp16-energy-bench-v2,"nvml_timed_energy_counter,explicit_m16n16k16_denominator,strict_denominator_provenance,tensor_no_memory_warpsync_baseline","nvml_timed_energy_counter,explicit_m16n16k16_denominator,strict_denominator_provenance,tensor_no_memory_warpsync_baseline",d46eadcde2d6,d46eadcde2d6,tensor_mma_f16acc,tensor_baseline_mov,10,4,4,0,0,6,invalid_or_nonpositive_increment:6; pure_fp16_candidate_no_l2:4,4,10,True,10,True,bench_json_metadata,6,valid_basic,"stats use valid_basic rows, but no valid_no_l2 row was available",4,0.27886428070075,0.0006309958480862384,0.278132720947,0.279577606201,0.0006183759311245135,4,0.06448125457762499,0.00022554051523702615,0.0641429443359,0.0645945587158,0.00022102970493228561,4,0.2578455883259538,0.12775198022800394,0.07650303502368576,0.36406615750786175,0.12519694062344386,0,nan,nan,nan,nan,nan,0,nan,nan,nan,nan,nan,4,0.2578455883259538,0.12775198022800394,0.07650303502368576,0.36406615750786175,0.12519694062344386,4,0.1718970588839692,0.0851679868186693,0.05100202334912384,0.24271077167190785,0.0834646270822959,4,0.1289227941629769,0.06387599011400197,0.03825151751184288,0.18203307875393088,0.06259847031172193,4,5248000000.0,0.0,5248000000.0,5248000000.0,0.0,4,8192.0,0.0,8192.0,8192.0,0.0,4,8192.0,0.0,8192.0,8192.0,0.0,4,4096.0,0.0,4096.0,4096.0,0.0,4,4096.0,0.0,4096.0,4096.0,0.0,4,12288.0,0.0,12288.0,12288.0,0.0,4,16384.0,0.0,16384.0,16384.0,0.0,4,154.16739996902655,0.3488666266744745,153.77346055782283,154.5723058172373,0.341889294140985,0,nan,nan,nan,nan,nan,4,32.35691554504416,20.281354304461857,3.3147962838971523,48.74588637777032,19.87572721837262,4,62.5905,1.644256366872269,60.589,64.588,1.6113712395348236,4,51.50530147939651,5.042713941208693,48.78198916606032,59.06401089542715,4.94185966238452,4,11.085198520603488,5.492264077201939,3.288989104572849,15.651792442173509,5.3824187956579,4,12.362225400777174,1.0404062508611587,11.204794181907907,13.569770080509997,1.0195981258439355,0,nan,nan,nan,nan,nan,4,1.2463560659618953,0.02310271862390748,1.2190652438867084,1.2754599234075938,0.02264066425142933,0,nan,nan,nan,nan,nan,4,0.8234947954482662,0.08560638427130184,0.7576671759123442,0.9472521112925946,0.08389425658587579,4,0.17650520455173377,0.08560638427130184,0.0527478887074054,0.24233282408765577,0.08389425658587579,4,0.851703357967837,0.09162626386637328,0.7821725470683429,0.9846051315378749,0.08979373858904581,4,0.210005759149133,0.13181763529506615,0.021480928679153147,0.31699804505238793,0.12918128258916484,4,162.47808,0.0,162.47808,162.47808,0.0,4,971.6228648706532,2.19869305271608,969.1401056143118,974.1747388746284,2.1547191916617585,4,94.88504539752472,0.21471611842931362,94.64258843889762,95.13425184322543,0.21042179606072733,4,1935.0,0.0,1935.0,1935.0,0.0,4,0.0,0.0,0.0,0.0,0.0,4,65.25,2.6299556396765835,63.0,69.0,2.577356526883052,4,96.91666666666667,3.178341053419516,92.33333333333333,99.66666666666667,3.1147742323511256,4,99.25,0.9574271077563381,98.0,100.0,0.9382785656012114,0,nan,nan,nan,nan,nan,0,nan,nan,nan,nan,nan,results/diagnostic_fp16_launch_shape_rtx3090_20260602_125100,"ga102
GeForce RTX 3090"
launch_shape_tensor_mma_f16acc_t128_b02,NVIDIA GeForce RTX 3090,ampere,ga102,consumer,86,82,ga102,"RTX 3090 FE dense FP16 Tensor Core peak, no sparsity",https://www.nvidia.com/content/dam/en-zz/Solutions/geforce/ampere/pdf/NVIDIA-ampere-GA102-GPU-Architecture-Whitepaper-V1.pdf,142.0,284.0,tensor_core_mma_m16n16k16_f16acc,fp16-energy-bench-v2,fp16-energy-bench-v2,"nvml_timed_energy_counter,explicit_m16n16k16_denominator,strict_denominator_provenance,tensor_no_memory_warpsync_baseline","nvml_timed_energy_counter,explicit_m16n16k16_denominator,strict_denominator_provenance,tensor_no_memory_warpsync_baseline",d46eadcde2d6,d46eadcde2d6,tensor_mma_f16acc,tensor_baseline_mov,10,5,5,0,0,5,invalid_or_nonpositive_increment:5; pure_fp16_candidate_no_l2:5,5,10,True,10,True,bench_json_metadata,5,valid_basic,"stats use valid_basic rows, but no valid_no_l2 row was available",5,0.5387948120116001,0.0011259279357713158,0.5369077758790001,0.5399009399410001,0.0009869193496430662,5,0.0678684677124,0.0005090915314933402,0.06735974121089999,0.0687257614136,0.00044623840230592474,5,0.21983833163887442,0.1568014740173707,0.05875093358777847,0.4651506952029258,0.1374425519110031,0,nan,nan,nan,nan,nan,0,nan,nan,nan,nan,nan,5,0.21983833163887442,0.1568014740173707,0.05875093358777847,0.4651506952029258,0.1374425519110031,5,0.1465588877592496,0.10453431601158045,0.03916728905851898,0.31010046346861714,0.09162836794066871,5,0.10991916581943721,0.07840073700868536,0.029375466793889235,0.2325753476014629,0.06872127595550155,5,10496000000.0,0.0,10496000000.0,10496000000.0,0.0,5,8192.0,0.0,8192.0,8192.0,0.0,5,8192.0,0.0,8192.0,8192.0,0.0,5,4096.0,0.0,4096.0,4096.0,0.0,5,4096.0,0.0,4096.0,4096.0,0.0,5,12288.0,0.0,12288.0,12288.0,0.0,5,16384.0,0.0,16384.0,16384.0,0.0,5,159.58493112449523,0.33413048600506257,159.25742231416783,160.14525373418613,0.2928782841844459,0,nan,nan,nan,nan,nan,5,28.992770482476914,24.861662144242967,2.350784471652247,67.398734984225,21.792207702558898,5,113.1114,12.017267713586145,103.521,126.624,10.533599584465701,5,94.20898972820171,15.447452183405558,81.19915604423986,120.84540484710546,13.540288839218771,5,18.90241027179828,13.482297518377557,5.051595152894549,39.99516014059445,11.817754827635824,5,-0.035017824168940594,12.969993944694265,-11.379306346486032,16.329745072863787,11.368700946214032,0,nan,nan,nan,nan,nan,5,1.000596321405044,0.11516502102291036,0.9018901039715124,1.148056171045824,0.10094659172986861,0,nan,nan,nan,nan,nan,5,0.8340584924605293,0.10615931174810067,0.6841423415735212,0.9598751745244561,0.09305273950523128,5,0.16594150753947073,0.10615931174810064,0.04012482547554389,0.3158576584264788,0.09305273950523126,5,0.8590280801841196,0.1090917663244211,0.7053561416813224,0.9896223293299978,0.09562314927247574,5,0.18145748770808653,0.15518574410347666,0.014738279009287536,0.4208600218405188,0.1360263021980703,5,162.47808,0.0,162.47808,162.47808,0.0,5,1005.7662514936361,2.105820167675433,1003.7021636992993,1009.2976223242334,1.845832760978411,5,98.2193604974254,0.20564650074955287,98.0177894237597,98.56422093010092,0.18025710556429697,5,1935.0,0.0,1935.0,1935.0,0.0,5,0.0,0.0,0.0,0.0,0.0,5,68.8,2.3874672772626644,65.0,71.0,2.092707337398137,5,99.27000000000001,0.7172865536171712,98.0,99.75,0.6287293853479407,5,100.0,0.0,100.0,100.0,0.0,5,98.0,1.224744871391589,96.0,99.0,1.0735362127101253,5,98.0,1.224744871391589,96.0,99.0,1.0735362127101253,results/diagnostic_fp16_launch_shape_rtx3090_20260602_125100,"ga102
GeForce RTX 3090"
launch_shape_tensor_mma_f16acc_t128_b04,NVIDIA GeForce RTX 3090,ampere,ga102,consumer,86,82,ga102,"RTX 3090 FE dense FP16 Tensor Core peak, no sparsity",https://www.nvidia.com/content/dam/en-zz/Solutions/geforce/ampere/pdf/NVIDIA-ampere-GA102-GPU-Architecture-Whitepaper-V1.pdf,142.0,284.0,tensor_core_mma_m16n16k16_f16acc,fp16-energy-bench-v2,fp16-energy-bench-v2,"nvml_timed_energy_counter,explicit_m16n16k16_denominator,strict_denominator_provenance,tensor_no_memory_warpsync_baseline","nvml_timed_energy_counter,explicit_m16n16k16_denominator,strict_denominator_provenance,tensor_no_memory_warpsync_baseline",d46eadcde2d6,d46eadcde2d6,tensor_mma_f16acc,tensor_baseline_mov,10,2,2,0,0,8,invalid_or_nonpositive_increment:8; pure_fp16_candidate_no_l2:2,2,10,True,10,True,bench_json_metadata,8,valid_basic,"stats use valid_basic rows, but no valid_no_l2 row was available",2,1.0785079956099999,0.0006769822362567042,1.07802929688,1.07898669434,0.0009382495107998999,2,0.0708244476318,6.516914308577082e-06,0.0708198394775,0.0708290557861,9.03198242801273e-06,2,0.11431933699016313,0.10498840348159008,0.040081324942381445,0.1885573490379448,0.14550650361365208,0,nan,nan,nan,nan,nan,0,nan,nan,nan,nan,nan,2,0.11431933699016313,0.10498840348159008,0.040081324942381445,0.1885573490379448,0.14550650361365208,2,0.07621289132677542,0.06999226898772672,0.026720883294920967,0.12570489935862986,0.09700433574243472,2,0.05715966849508156,0.05249420174079504,0.020040662471190723,0.0942786745189724,0.07275325180682604,2,20992000000.0,0.0,20992000000.0,20992000000.0,0.0,2,8192.0,0.0,8192.0,8192.0,0.0,2,8192.0,0.0,8192.0,8192.0,0.0,2,4096.0,0.0,4096.0,4096.0,0.0,2,4096.0,0.0,4096.0,4096.0,0.0,2,12288.0,0.0,12288.0,12288.0,0.0,2,16384.0,0.0,16384.0,16384.0,0.0,2,159.44851459449802,0.10008624175006024,159.37774293425306,159.51928625474295,0.13871245408008973,0,nan,nan,nan,nan,nan,2,12.636571028621276,15.581416397018359,1.618845833798332,23.65429622344422,21.59474138185297,2,236.4755,2.1135421689665934,234.981,237.97,2.9292200000000035,2,216.81640785097724,20.168026676700926,202.55545942473083,231.07735627722366,27.95145891544297,2,19.659092149022754,18.054484507734333,6.8926437227763415,32.42554057526917,25.022238915442966,2,-23.851472160449774,5.097043337120342,-27.455626068129277,-20.24731825277027,7.064141659051827,0,nan,nan,nan,nan,nan,2,0.9084849757651738,0.01853057374492449,0.8953818814108603,0.9215880701194873,0.02568206493445447,0,nan,nan,nan,nan,nan,2,0.9165217402914716,0.07709432617679317,0.8620078194608536,0.9710356611220896,0.1068472848280113,2,0.08347825970852843,0.07709432617679317,0.028964338877910414,0.13799218053914644,0.1068472848280113,2,0.9403413553301943,0.07376022761667969,0.8881849982005767,0.9924977124598117,0.10222645997405023,2,0.07922107836329924,0.09767094724352467,0.010157289242489416,0.14828486748410907,0.13536502667678724,2,162.47808,0.0,162.47808,162.47808,0.0,2,1004.9065015094095,0.6307823895509699,1004.460471004305,1005.352532014514,0.8742197900049086,2,98.13540053802826,0.06159984272959067,98.09184287151415,98.17895820454238,0.08537302636767208,2,1935.0,0.0,1935.0,1935.0,0.0,2,0.0,0.0,0.0,0.0,0.0,2,71.0,1.4142135623730951,70.0,72.0,1.9599999999999997,2,99.76388888888889,0.019641855032955187,99.75,99.77777777777777,0.02722222222221603,2,100.0,0.0,100.0,100.0,0.0,2,100.0,0.0,100.0,100.0,0.0,2,100.0,0.0,100.0,100.0,0.0,results/diagnostic_fp16_launch_shape_rtx3090_20260602_125100,"ga102
GeForce RTX 3090"
launch_shape_tensor_mma_f16acc_t128_b08,NVIDIA GeForce RTX 3090,ampere,ga102,consumer,86,82,ga102,"RTX 3090 FE dense FP16 Tensor Core peak, no sparsity",https://www.nvidia.com/content/dam/en-zz/Solutions/geforce/ampere/pdf/NVIDIA-ampere-GA102-GPU-Architecture-Whitepaper-V1.pdf,142.0,284.0,tensor_core_mma_m16n16k16_f16acc,fp16-energy-bench-v2,fp16-energy-bench-v2,"nvml_timed_energy_counter,explicit_m16n16k16_denominator,strict_denominator_provenance,tensor_no_memory_warpsync_baseline","nvml_timed_energy_counter,explicit_m16n16k16_denominator,strict_denominator_provenance,tensor_no_memory_warpsync_baseline",d46eadcde2d6,d46eadcde2d6,tensor_mma_f16acc,tensor_baseline_mov,10,7,7,0,0,3,invalid_or_nonpositive_increment:3; pure_fp16_candidate_no_l2:7,7,10,True,10,True,bench_json_metadata,3,valid_basic,"stats use valid_basic rows, but no valid_no_l2 row was available",7,2.1607149483814285,0.008773552460394598,2.15578833008,2.1801921386700003,0.0064995386189392315,7,0.1286301868982857,0.0012209046258930651,0.127564796448,0.130836486816,0.0009044588040995922,7,0.46622605649446724,0.11712031697415634,0.33625810244492393,0.6189270412967885,0.08676394501226888,0,nan,nan,nan,nan,nan,0,nan,nan,nan,nan,nan,7,0.46622605649446724,0.11712031697415634,0.33625810244492393,0.6189270412967885,0.08676394501226888,7,0.3108173709963115,0.07808021131610424,0.22417206829661593,0.4126180275311924,0.05784263000817926,7,0.23311302824723362,0.05856015848707817,0.16812905122246197,0.3094635206483943,0.04338197250613444,7,41984000000.0,0.0,41984000000.0,41984000000.0,0.0,7,8192.0,0.0,8192.0,8192.0,0.0,7,8192.0,0.0,8192.0,8192.0,0.0,7,4096.0,0.0,4096.0,4096.0,0.0,7,4096.0,0.0,4096.0,4096.0,0.0,7,12288.0,0.0,12288.0,12288.0,0.0,7,16384.0,0.0,16384.0,16384.0,0.0,7,159.17775493787926,0.6418127597113193,157.75349424469172,159.5392846324745,0.4754615461299777,0,nan,nan,nan,nan,nan,7,112.37285335398109,74.0755500737692,47.634110105790626,231.68750807888676,54.87593544314156,7,469.96842857142855,12.80158035630943,448.281,480.772,9.483543443193225,7,309.61793585139304,39.155583596232525,252.76026479725977,355.8699928256688,29.006862257864785,7,160.35049272003556,40.28153354520969,115.65023373760664,212.86938953158142,29.84097765290063,7,10.579360782885301,109.54789243133142,-75.67172690500257,172.23795175162275,81.15421440687619,7,-2.4071030785814287,2.3730495269276313,-5.604471702359998,0.2683108378000014,1.7579796911851964,7,1.084393610813579,0.31966860938224106,0.8555752780370155,1.558246173248818,0.23681381986619243,7,0.8874448779694951,0.11129079577178551,0.7456267377500058,1.0122939133660016,0.08244537527033446,7,0.659086344176081,0.08444913029237792,0.5547501691008688,0.7465031440641153,0.06256079121301053,7,0.340913655823919,0.08444913029237791,0.25349685593588467,0.44524983089913117,0.06256079121301052,7,0.5932190040009395,0.1483257812090194,0.3755501149262978,0.7640686274232377,0.10988127642756396,7,0.7058487572311815,0.4645468139496256,0.29863588013969034,1.4522285756302455,0.34414109577626806,7,162.4227164835165,0.14647809632140343,162.0905353846154,162.47808,0.10851249230768759,7,1003.5426323419788,4.120100906241304,994.2238245710703,1005.4785695624536,3.0522134648337746,7,98.00221018964636,0.40235360412512466,97.09217036826858,98.19126655883336,0.29806772117517133,7,1934.3406593406594,1.744451413888708,1930.3846153846155,1935.0,1.2923076923076677,7,2.142857142857143,5.669467095138408,0.0,15.0,4.2,7,70.28571428571429,2.870208222079931,64.0,72.0,2.1262800066469767,7,99.81702855967562,0.2091143213211346,99.3529411764706,99.9375,0.15491405714337672,7,100.0,0.0,100.0,100.0,0.0,7,99.92857142857143,0.1889822365046136,99.5,100.0,0.13999999999999999,7,100.0,0.0,100.0,100.0,0.0,results/diagnostic_fp16_launch_shape_rtx3090_20260602_125100,"ga102
GeForce RTX 3090"
launch_shape_tensor_mma_f16acc_t256_b01,NVIDIA GeForce RTX 3090,ampere,ga102,consumer,86,82,ga102,"RTX 3090 FE dense FP16 Tensor Core peak, no sparsity",https://www.nvidia.com/content/dam/en-zz/Solutions/geforce/ampere/pdf/NVIDIA-ampere-GA102-GPU-Architecture-Whitepaper-V1.pdf,142.0,284.0,tensor_core_mma_m16n16k16_f16acc,fp16-energy-bench-v2,fp16-energy-bench-v2,"nvml_timed_energy_counter,explicit_m16n16k16_denominator,strict_denominator_provenance,tensor_no_memory_warpsync_baseline","nvml_timed_energy_counter,explicit_m16n16k16_denominator,strict_denominator_provenance,tensor_no_memory_warpsync_baseline",d46eadcde2d6,d46eadcde2d6,tensor_mma_f16acc,tensor_baseline_mov,10,5,5,0,0,5,invalid_or_nonpositive_increment:5; pure_fp16_candidate_no_l2:5,5,10,True,10,True,bench_json_metadata,5,valid_basic,"stats use valid_basic rows, but no valid_no_l2 row was available",5,0.5379841552736,0.0005360484928804547,0.537610229492,0.5389291381839999,0.00046986722077226734,5,0.06838183898928,0.0004972265185251588,0.067716003418,0.06880973052980001,0.00043583825989002294,5,0.18327427199001278,0.12364367683648977,0.04931144478869232,0.3790882501060182,0.10837846122660764,0,nan,nan,nan,nan,nan,0,nan,nan,nan,nan,nan,5,0.18327427199001278,0.12364367683648977,0.04931144478869232,0.3790882501060182,0.10837846122660764,5,0.12218284799334185,0.08242911789099318,0.032874296525794884,0.2527255000706788,0.07225230748440509,5,0.09163713599500639,0.06182183841824489,0.02465572239434616,0.1895441250530091,0.05418923061330382,5,10496000000.0,0.0,10496000000.0,10496000000.0,0.0,5,8192.0,0.0,8192.0,8192.0,0.0,5,8192.0,0.0,8192.0,8192.0,0.0,5,4096.0,0.0,4096.0,4096.0,0.0,5,4096.0,0.0,4096.0,4096.0,0.0,5,12288.0,0.0,12288.0,12288.0,0.0,5,16384.0,0.0,16384.0,16384.0,0.0,5,159.82496764102692,0.1590527583533453,159.54459669731907,159.93600434509494,0.13941588963727564,0,nan,nan,nan,nan,nan,5,21.56785643408934,18.80535505038122,0.6185661713283537,50.78331344566368,16.48362047559918,5,128.382,3.1381366286380845,123.165,131.318,2.750698035132174,5,112.62348575185165,11.568760136653358,97.41676704266021,127.07804260247869,10.140465359731092,5,15.75851424814837,10.631282950764925,4.239957397521323,32.59523295733979,9.318730375450409,5,12.488342089456054,2.31997303078138,9.796220660633978,15.130506692665008,2.0335460218950043,0,nan,nan,nan,nan,nan,5,1.1079199710694725,0.020813180258985233,1.0814886424599843,1.132534830436231,0.018243556867722683,0,nan,nan,nan,nan,nan,5,0.876925715945022,0.08220360828621784,0.7492905811975834,0.9677122907939405,0.07205463960050924,5,0.12307428405497808,0.08220360828621784,0.03228770920605951,0.2507094188024166,0.07205463960050924,5,0.9059784291475577,0.08147845089994002,0.7810502326223091,0.9973887195020859,0.07141901112614875,5,0.13492204219469675,0.11758950444415898,0.0038694195743163625,0.3176036384032533,0.10307174514804002,5,162.47808,0.0,162.47808,162.47808,0.0,5,1007.2790549002768,1.0024122918846907,1005.5120482594004,1007.9788513587631,0.8786531142451274,5,98.36709520510514,0.09789182537936203,98.19453596283208,98.4354347030042,0.08580596818799871,5,1935.0,0.0,1935.0,1935.0,0.0,5,0.0,0.0,0.0,0.0,0.0,5,69.8,0.8366600265340756,69.0,71.0,0.7333648478076925,5,99.57000000000001,0.10954451150103284,99.5,99.75,0.09601999791710024,5,100.0,0.0,100.0,100.0,0.0,5,99.4,0.8944271909999159,98.0,100.0,0.7839999999999999,5,99.4,0.8944271909999159,98.0,100.0,0.7839999999999999,results/diagnostic_fp16_launch_shape_rtx3090_20260602_125100,"ga102
GeForce RTX 3090"
launch_shape_tensor_mma_f16acc_t256_b02,NVIDIA GeForce RTX 3090,ampere,ga102,consumer,86,82,ga102,"RTX 3090 FE dense FP16 Tensor Core peak, no sparsity",https://www.nvidia.com/content/dam/en-zz/Solutions/geforce/ampere/pdf/NVIDIA-ampere-GA102-GPU-Architecture-Whitepaper-V1.pdf,142.0,284.0,tensor_core_mma_m16n16k16_f16acc,fp16-energy-bench-v2,fp16-energy-bench-v2,"nvml_timed_energy_counter,explicit_m16n16k16_denominator,strict_denominator_provenance,tensor_no_memory_warpsync_baseline","nvml_timed_energy_counter,explicit_m16n16k16_denominator,strict_denominator_provenance,tensor_no_memory_warpsync_baseline",d46eadcde2d6,d46eadcde2d6,tensor_mma_f16acc,tensor_baseline_mov,10,4,4,0,0,6,invalid_or_nonpositive_increment:6; pure_fp16_candidate_no_l2:4,4,10,True,10,True,bench_json_metadata,6,valid_basic,"stats use valid_basic rows, but no valid_no_l2 row was available",4,1.078595092775,0.008212868633853142,1.07184228516,1.09053137207,0.008048611261176078,4,0.06803660964965001,0.0006536982480445712,0.06768025970460001,0.06901657867430001,0.0006406242830836798,4,0.15729236425141663,0.13812149651545227,0.04157560935736545,0.3507692477100749,0.13535906658514324,0,nan,nan,nan,nan,nan,0,nan,nan,nan,nan,nan,4,0.15729236425141663,0.13812149651545227,0.04157560935736545,0.3507692477100749,0.13535906658514324,4,0.10486157616761108,0.09208099767696817,0.027717072904910302,0.23384616514004988,0.09023937772342881,4,0.07864618212570831,0.06906074825772614,0.020787804678682725,0.17538462385503745,0.06767953329257162,4,20992000000.0,0.0,20992000000.0,20992000000.0,0.0,4,8192.0,0.0,8192.0,8192.0,0.0,4,8192.0,0.0,8192.0,8192.0,0.0,4,4096.0,0.0,4096.0,4096.0,0.0,4,4096.0,0.0,4096.0,4096.0,0.0,4,12288.0,0.0,12288.0,12288.0,0.0,4,16384.0,0.0,16384.0,16384.0,0.0,4,159.4424983313409,1.2066155932626952,157.69052445834788,160.44008188604872,1.1824832813974413,0,nan,nan,nan,nan,nan,4,18.092029435350838,21.738417184613436,1.1046864829673098,49.17921937866663,21.303648840921166,4,228.00075,15.052202593529847,206.245,239.148,14.75115854165925,4,200.95173830548387,23.3021660906997,169.38845279135833,223.61343879920162,22.836122768885705,4,27.049011694516125,23.752265358150648,7.149610529831449,60.32054720864167,23.277220050987633,4,-31.072289625749477,8.653151337570597,-43.5394008559862,-25.025533542538,8.480088310819184,0,nan,nan,nan,nan,nan,4,0.8793770415508267,0.03711704202404677,0.8256920740175087,0.9052685815761013,0.03637470118356583,0,nan,nan,nan,nan,nan,4,0.8829790332405546,0.10278175973098128,0.7374045108870716,0.9653343812949092,0.10072612453636165,4,0.11702096675944541,0.10278175973098128,0.03466561870509079,0.2625954891129284,0.10072612453636165,4,0.912534888448137,0.10646203539710249,0.7595215793781087,0.9940880117834967,0.10433279468916043,4,0.11422417152844211,0.13800484598207305,0.006885352275947506,0.31187174719338795,0.13524474906243159,4,162.47808,0.0,162.47808,162.47808,0.0,4,1004.8685846810417,7.604560365933726,993.8269645071398,1011.1557439090485,7.4524691586150515,4,98.13169772275796,0.7426328482357105,97.05341450265037,98.745678116118,0.7277801912709962,4,1935.0,0.0,1935.0,1935.0,0.0,4,0.0,0.0,0.0,0.0,0.0,4,68.5,3.3166247903554,64.0,71.0,3.250292294548292,4,99.58333333333333,0.3385016001931662,99.25,99.875,0.3317315681893029,4,100.0,0.0,100.0,100.0,0.0,4,100.0,0.0,100.0,100.0,0.0,4,100.0,0.0,100.0,100.0,0.0,results/diagnostic_fp16_launch_shape_rtx3090_20260602_125100,"ga102
GeForce RTX 3090"
launch_shape_tensor_mma_f16acc_t256_b04,NVIDIA GeForce RTX 3090,ampere,ga102,consumer,86,82,ga102,"RTX 3090 FE dense FP16 Tensor Core peak, no sparsity",https://www.nvidia.com/content/dam/en-zz/Solutions/geforce/ampere/pdf/NVIDIA-ampere-GA102-GPU-Architecture-Whitepaper-V1.pdf,142.0,284.0,tensor_core_mma_m16n16k16_f16acc,fp16-energy-bench-v2,fp16-energy-bench-v2,"nvml_timed_energy_counter,explicit_m16n16k16_denominator,strict_denominator_provenance,tensor_no_memory_warpsync_baseline","nvml_timed_energy_counter,explicit_m16n16k16_denominator,strict_denominator_provenance,tensor_no_memory_warpsync_baseline",d46eadcde2d6,d46eadcde2d6,tensor_mma_f16acc,tensor_baseline_mov,10,9,9,0,0,1,invalid_or_nonpositive_increment:1; pure_fp16_candidate_no_l2:9,9,10,True,10,True,bench_json_metadata,1,valid_basic,"stats use valid_basic rows, but no valid_no_l2 row was available",9,2.152692491318889,0.004079857616261268,2.1453608398400004,2.16101367188,0.0026655069759573616,9,0.12044155290400001,0.001129359441454752,0.118815742493,0.122042366028,0.0007378481684171046,9,0.3840773138894258,0.09508403307094233,0.25209842877457106,0.5471828581399892,0.062121568273015654,0,nan,nan,nan,nan,nan,0,nan,nan,nan,nan,nan,9,0.3840773138894258,0.09508403307094233,0.25209842877457106,0.5471828581399892,0.062121568273015654,9,0.25605154259295054,0.06338935538062823,0.16806561918304735,0.3647885720933262,0.04141437884867711,9,0.1920386569447129,0.04754201653547117,0.12604921438728553,0.2735914290699946,0.031060784136507827,9,41984000000.0,0.0,41984000000.0,41984000000.0,0.0,9,8192.0,0.0,8192.0,8192.0,0.0,9,8192.0,0.0,8192.0,8192.0,0.0,9,4096.0,0.0,4096.0,4096.0,0.0,9,4096.0,0.0,4096.0,4096.0,0.0,9,12288.0,0.0,12288.0,12288.0,0.0,9,16384.0,0.0,16384.0,16384.0,0.0,9,159.7692316950093,0.3026075779302849,159.15351784923757,160.3147226392229,0.19770361758111946,0,nan,nan,nan,nan,nan,9,54.708646916337045,15.534119265713839,34.031655482232196,81.06482335838325,10.148957920266374,9,462.6734444444444,15.381499066338694,439.88,478.163,10.049246056674614,9,330.57660930007916,34.89299843345815,287.36879744850484,368.6760492473623,22.796758976525993,9,132.0968351443653,32.70252990013803,86.70495075263767,188.19420255149515,21.36565286809018,9,-60.568925108233444,11.49655662564968,-74.51566288469559,-47.71916775486477,7.511083662091124,8,-0.7883714521712499,1.8720183624413167,-3.7089676241800014,0.8488847392499999,1.2972425410162312,9,0.8841550695417355,0.02239757604495375,0.8554252383563077,0.9088079611816255,0.01463308301603645,8,0.9604015600918847,0.09245554373713637,0.8188800914109992,1.0421698896530993,0.06406842309612219,9,0.7143921441612103,0.06989768206973825,0.6042707221724668,0.8095991032725615,0.04566648561889566,9,0.28560785583878967,0.06989768206973825,0.1904008967274385,0.39572927782753314,0.04566648561889566,9,0.7373425991299314,0.07328363116935008,0.6223372840364544,0.8336957802762405,0.04787863903064205,9,0.34237314711356776,0.09707477105509839,0.2138291125582885,0.5070422457944771,0.0634221837559976,9,162.40810666666667,0.2099200000000015,161.84832,162.47808,0.1371477333333343,9,1007.3614417369396,1.2423635209674013,1005.8781819173928,1010.3656812202868,0.8116775003653688,9,98.37514079462302,0.12132456259447144,98.23029120287039,98.66852355666863,0.07926538089505468,9,1934.1666666666667,2.5,1927.5,1935.0,1.6333333333333335,9,1.6666666666666667,5.0,0.0,15.0,3.266666666666667,9,70.44444444444444,2.2973414586817036,65.0,72.0,1.5009297530053798,9,99.90277777777777,0.03294039229342062,99.875,99.9375,0.021521056298368136,9,100.0,0.0,100.0,100.0,0.0,9,100.0,0.0,100.0,100.0,0.0,9,100.0,0.0,100.0,100.0,0.0,results/diagnostic_fp16_launch_shape_rtx3090_20260602_125100,"ga102
GeForce RTX 3090"
launch_shape_tensor_mma_f16acc_t256_b08,NVIDIA GeForce RTX 3090,ampere,ga102,consumer,86,82,ga102,"RTX 3090 FE dense FP16 Tensor Core peak, no sparsity",https://www.nvidia.com/content/dam/en-zz/Solutions/geforce/ampere/pdf/NVIDIA-ampere-GA102-GPU-Architecture-Whitepaper-V1.pdf,142.0,284.0,tensor_core_mma_m16n16k16_f16acc,fp16-energy-bench-v2,fp16-energy-bench-v2,"nvml_timed_energy_counter,explicit_m16n16k16_denominator,strict_denominator_provenance,tensor_no_memory_warpsync_baseline","nvml_timed_energy_counter,explicit_m16n16k16_denominator,strict_denominator_provenance,tensor_no_memory_warpsync_baseline",d46eadcde2d6,d46eadcde2d6,tensor_mma_f16acc,tensor_baseline_mov,10,7,7,0,0,3,invalid_or_nonpositive_increment:3; pure_fp16_candidate_no_l2:7,7,10,True,10,True,bench_json_metadata,3,valid_basic,"stats use valid_basic rows, but no valid_no_l2 row was available",7,4.333325055804286,0.015897546674135635,4.308373535159999,4.34606201172,0.011777067387625366,7,0.20959518214642858,0.0021731775863915673,0.205833221436,0.21274111938499998,0.0016099124855440679,7,0.1772706542921197,0.0700762396165351,0.06588569917803404,0.2848993361136963,0.051913204795178754,0,nan,nan,nan,nan,nan,0,nan,nan,nan,nan,nan,7,0.1772706542921197,0.0700762396165351,0.06588569917803404,0.2848993361136963,0.051913204795178754,7,0.11818043619474647,0.04671749307769007,0.0439237994520227,0.1899328907424642,0.03460880319678584,7,0.08863532714605984,0.03503811980826755,0.03294284958901702,0.14244966805684814,0.025956602397589377,7,83968000000.0,0.0,83968000000.0,83968000000.0,0.0,7,8192.0,0.0,8192.0,8192.0,0.0,7,8192.0,0.0,8192.0,8192.0,0.0,7,4096.0,0.0,4096.0,4096.0,0.0,7,4096.0,0.0,4096.0,4096.0,0.0,7,12288.0,0.0,12288.0,12288.0,0.0,7,16384.0,0.0,16384.0,16384.0,0.0,7,158.74041429650728,0.5840579741983879,158.27336428818458,159.65789650930412,0.4326762022724718,0,nan,nan,nan,nan,nan,7,38.308039299347406,31.684237485041137,4.29720005978956,85.98957098315222,23.47201160251624,7,943.8975714285714,14.415164478852843,923.544,960.593,10.678903289358255,7,821.9591410702424,41.703441249351464,764.6204742903205,878.2234771367431,30.894341621185493,7,121.938430358329,48.20305254908903,45.32052286325688,195.97252570967942,35.70932105413894,7,-51.600298161050674,107.89779182935392,-140.13817404025247,107.61528729620579,79.93180277417648,7,2.154896742209999,1.9515156964865605,-0.5176424774699981,4.445983937899996,1.4457030595118845,7,0.9595259193191843,0.1152057556485432,0.8682518355008653,1.1306872427366028,0.0853456181338096,7,1.0554282401786546,0.05012056577524785,0.986972186661127,1.1153601994025153,0.03712983473112509,7,0.8711715043683977,0.050099236447459436,0.7959879723153517,0.9509275975337863,0.0371140337439762,7,0.12882849563160234,0.050099236447459436,0.04907240246621372,0.20401202768464835,0.0371140337439762,7,0.8427086876937345,0.11319607128248402,0.6773186548556486,0.979185342248426,0.08385682312083802,7,0.24072019885951473,0.1982399806477298,0.027139738615759284,0.538586395431692,0.14685823283716204,7,161.62732467532467,0.5846986699988858,161.21856,162.47808,0.4331508363636368,7,1005.7096756291619,0.4033446061800482,1005.2460055586964,1006.2261077034356,0.29880186577127416,7,98.21383551066035,0.03938912169726918,98.16855523034145,98.26426833041363,0.029179869704225137,7,1924.8681006493505,6.963351157570565,1920.0,1935.0,5.158522727272727,7,4.285714285714286,7.319250547113999,0.0,15.0,5.422176684690383,7,72.71428571428571,0.4879500364742666,72.0,73.0,0.36147844564602555,7,99.92651037687801,0.03807872281594804,99.87878787878788,99.96969696969697,0.028209112627908706,7,100.0,0.0,100.0,100.0,0.0,7,100.0,0.0,100.0,100.0,0.0,7,100.0,0.0,100.0,100.0,0.0,results/diagnostic_fp16_launch_shape_rtx3090_20260602_125100,"ga102
GeForce RTX 3090"
launch_shape_tensor_mma_f16acc_t032_b01,NVIDIA GeForce RTX 3090,ampere,ga102,consumer,86,82,ga102,"RTX 3090 FE dense FP16 Tensor Core peak, no sparsity",https://www.nvidia.com/content/dam/en-zz/Solutions/geforce/ampere/pdf/NVIDIA-ampere-GA102-GPU-Architecture-Whitepaper-V1.pdf,142.0,284.0,tensor_core_mma_m16n16k16_f16acc,fp16-energy-bench-v2,fp16-energy-bench-v2,"nvml_timed_energy_counter,explicit_m16n16k16_denominator,strict_denominator_provenance,tensor_loop_only_mov_baseline","nvml_timed_energy_counter,explicit_m16n16k16_denominator,strict_denominator_provenance,tensor_loop_only_mov_baseline",5cb1f26c5c1f,5cb1f26c5c1f,tensor_mma_f16acc,tensor_baseline_mov,1,1,1,0,0,0,pure_fp16_candidate_no_l2:1,1,1,True,1,True,bench_json_metadata,0,valid_basic,"stats use valid_basic rows, but no valid_no_l2 row was available",1,5.6833359375,0.0,5.6833359375,5.6833359375,0.0,1,1.32828369141,0.0,1.32828369141,1.32828369141,0.0,1,0.4856341120258067,0.0,0.4856341120258067,0.4856341120258067,0.0,0,nan,nan,nan,nan,nan,0,nan,nan,nan,nan,nan,1,0.4856341120258067,0.0,0.4856341120258067,0.4856341120258067,0.0,1,0.3237560746838711,0.0,0.3237560746838711,0.3237560746838711,0.0,1,0.24281705601290335,0.0,0.24281705601290335,0.24281705601290335,0.0,1,26240000000.0,0.0,26240000000.0,26240000000.0,0.0,1,8192.0,0.0,8192.0,8192.0,0.0,1,8192.0,0.0,8192.0,8192.0,0.0,1,4096.0,0.0,4096.0,4096.0,0.0,1,4096.0,0.0,4096.0,4096.0,0.0,1,12288.0,0.0,12288.0,12288.0,0.0,1,16384.0,0.0,16384.0,16384.0,0.0,1,37.82251873968166,0.0,37.82251873968166,37.82251873968166,0.0,0,nan,nan,nan,nan,nan,1,15.559891454212675,0.0,15.559891454212675,15.559891454212675,0.0,1,934.649,0.0,934.649,934.649,0.0,1,830.2580236964277,0.0,830.2580236964277,830.2580236964277,0.0,1,104.3909763035723,0.0,104.3909763035723,104.3909763035723,0.0,0,nan,nan,nan,nan,nan,0,nan,nan,nan,nan,nan,0,nan,nan,nan,nan,nan,0,nan,nan,nan,nan,nan,1,0.8883099684442264,0.0,0.8883099684442264,0.8883099684442264,0.0,1,0.11169003155577367,0.0,0.11169003155577367,0.11169003155577367,0.0,1,0.9037411103706702,0.0,0.9037411103706702,0.9037411103706702,0.0,1,0.41139225976211746,0.0,0.41139225976211746,0.41139225976211746,0.0,1,142.32576,0.0,142.32576,142.32576,0.0,1,272.12402863286326,0.0,272.12402863286326,272.12402863286326,0.0,1,26.574612171178053,0.0,26.574612171178053,26.574612171178053,0.0,0,nan,nan,nan,nan,nan,0,nan,nan,nan,nan,nan,0,nan,nan,nan,nan,nan,0,nan,nan,nan,nan,nan,0,nan,nan,nan,nan,nan,0,nan,nan,nan,nan,nan,0,nan,nan,nan,nan,nan,results/fp16_launch_shape_warpsync_rtx3090_20260602_direct,"ga102
GeForce RTX 3090"
launch_shape_tensor_mma_f16acc_t032_b02,NVIDIA GeForce RTX 3090,ampere,ga102,consumer,86,82,ga102,"RTX 3090 FE dense FP16 Tensor Core peak, no sparsity",https://www.nvidia.com/content/dam/en-zz/Solutions/geforce/ampere/pdf/NVIDIA-ampere-GA102-GPU-Architecture-Whitepaper-V1.pdf,142.0,284.0,tensor_core_mma_m16n16k16_f16acc,fp16-energy-bench-v2,fp16-energy-bench-v2,"nvml_timed_energy_counter,explicit_m16n16k16_denominator,strict_denominator_provenance,tensor_loop_only_mov_baseline","nvml_timed_energy_counter,explicit_m16n16k16_denominator,strict_denominator_provenance,tensor_loop_only_mov_baseline",5cb1f26c5c1f,5cb1f26c5c1f,tensor_mma_f16acc,tensor_baseline_mov,1,1,1,0,0,0,pure_fp16_candidate_no_l2:1,1,1,True,1,True,bench_json_metadata,0,valid_basic,"stats use valid_basic rows, but no valid_no_l2 row was available",1,5.70592529297,0.0,5.70592529297,5.70592529297,0.0,1,1.3218815918,0.0,1.3218815918,1.3218815918,0.0,1,0.46330132858033296,0.0,0.46330132858033296,0.46330132858033296,0.0,0,nan,nan,nan,nan,nan,0,nan,nan,nan,nan,nan,1,0.46330132858033296,0.0,0.46330132858033296,0.46330132858033296,0.0,1,0.3088675523868887,0.0,0.3088675523868887,0.3088675523868887,0.0,1,0.23165066429016648,0.0,0.23165066429016648,0.23165066429016648,0.0,1,52480000000.0,0.0,52480000000.0,52480000000.0,0.0,1,8192.0,0.0,8192.0,8192.0,0.0,1,8192.0,0.0,8192.0,8192.0,0.0,1,4096.0,0.0,4096.0,4096.0,0.0,1,4096.0,0.0,4096.0,4096.0,0.0,1,12288.0,0.0,12288.0,12288.0,0.0,1,16384.0,0.0,16384.0,16384.0,0.0,1,75.34556411554833,0.0,75.34556411554833,75.34556411554833,0.0,0,nan,nan,nan,nan,nan,1,29.673719833500314,0.0,29.673719833500314,29.673719833500314,0.0,1,1065.36,0.0,1065.36,1065.36,0.0,1,866.1792718938449,0.0,866.1792718938449,866.1792718938449,0.0,1,199.18072810615502,0.0,199.18072810615502,199.18072810615502,0.0,0,nan,nan,nan,nan,nan,0,nan,nan,nan,nan,nan,0,nan,nan,nan,nan,nan,0,nan,nan,nan,nan,nan,1,0.8130390402247549,0.0,0.8130390402247549,0.8130390402247549,0.0,1,0.18696095977524502,0.0,0.18696095977524502,0.18696095977524502,0.0,1,0.8364878831758681,0.0,0.8364878831758681,0.8364878831758681,0.0,1,0.3938349945591135,0.0,0.3938349945591135,0.3938349945591135,0.0,1,142.32576,0.0,142.32576,142.32576,0.0,1,542.0934176239177,0.0,542.0934176239177,542.0934176239177,0.0,1,52.93881031483571,0.0,52.93881031483571,52.93881031483571,0.0,0,nan,nan,nan,nan,nan,0,nan,nan,nan,nan,nan,0,nan,nan,nan,nan,nan,0,nan,nan,nan,nan,nan,0,nan,nan,nan,nan,nan,0,nan,nan,nan,nan,nan,0,nan,nan,nan,nan,nan,results/fp16_launch_shape_warpsync_rtx3090_20260602_direct,"ga102
GeForce RTX 3090"
launch_shape_tensor_mma_f16acc_t032_b04,NVIDIA GeForce RTX 3090,ampere,ga102,consumer,86,82,ga102,"RTX 3090 FE dense FP16 Tensor Core peak, no sparsity",https://www.nvidia.com/content/dam/en-zz/Solutions/geforce/ampere/pdf/NVIDIA-ampere-GA102-GPU-Architecture-Whitepaper-V1.pdf,142.0,284.0,tensor_core_mma_m16n16k16_f16acc,fp16-energy-bench-v2,fp16-energy-bench-v2,"nvml_timed_energy_counter,explicit_m16n16k16_denominator,strict_denominator_provenance,tensor_loop_only_mov_baseline","nvml_timed_energy_counter,explicit_m16n16k16_denominator,strict_denominator_provenance,tensor_loop_only_mov_baseline",5cb1f26c5c1f,5cb1f26c5c1f,tensor_mma_f16acc,tensor_baseline_mov,1,1,1,0,0,0,pure_fp16_candidate_no_l2:1,1,1,True,1,True,bench_json_metadata,0,valid_basic,"stats use valid_basic rows, but no valid_no_l2 row was available",1,5.73602197266,0.0,5.73602197266,5.73602197266,0.0,1,1.31974755859,0.0,1.31974755859,1.31974755859,0.0,1,0.3537803122394822,0.0,0.3537803122394822,0.3537803122394822,0.0,0,nan,nan,nan,nan,nan,0,nan,nan,nan,nan,nan,1,0.3537803122394822,0.0,0.3537803122394822,0.3537803122394822,0.0,1,0.23585354149298815,0.0,0.23585354149298815,0.23585354149298815,0.0,1,0.1768901561197411,0.0,0.1768901561197411,0.1768901561197411,0.0,1,104960000000.0,0.0,104960000000.0,104960000000.0,0.0,1,8192.0,0.0,8192.0,8192.0,0.0,1,8192.0,0.0,8192.0,8192.0,0.0,1,4096.0,0.0,4096.0,4096.0,0.0,1,4096.0,0.0,4096.0,4096.0,0.0,1,12288.0,0.0,12288.0,12288.0,0.0,1,16384.0,0.0,16384.0,16384.0,0.0,1,149.90045786056584,0.0,149.90045786056584,149.90045786056584,0.0,0,nan,nan,nan,nan,nan,1,49.76975658467927,0.0,49.76975658467927,49.76975658467927,0.0,1,1240.293,0.0,1240.293,1240.293,0.0,1,936.1012533568015,0.0,936.1012533568015,936.1012533568015,0.0,1,304.19174664319837,0.0,304.19174664319837,304.19174664319837,0.0,0,nan,nan,nan,nan,nan,0,nan,nan,nan,nan,nan,0,nan,nan,nan,nan,nan,0,nan,nan,nan,nan,nan,1,0.7547420273732107,0.0,0.7547420273732107,0.7547420273732107,0.0,1,0.2452579726267893,0.0,0.2452579726267893,0.2452579726267893,0.0,1,0.7663026351893738,0.0,0.7663026351893738,0.7663026351893738,0.0,1,0.33201870958242186,0.0,0.33201870958242186,0.33201870958242186,0.0,1,142.32576,0.0,142.32576,142.32576,0.0,1,1078.4981499429157,0.0,1078.4981499429157,1078.4981499429157,0.0,1,105.32208495536284,0.0,105.32208495536284,105.32208495536284,0.0,0,nan,nan,nan,nan,nan,0,nan,nan,nan,nan,nan,0,nan,nan,nan,nan,nan,0,nan,nan,nan,nan,nan,0,nan,nan,nan,nan,nan,0,nan,nan,nan,nan,nan,0,nan,nan,nan,nan,nan,results/fp16_launch_shape_warpsync_rtx3090_20260602_direct,"ga102
GeForce RTX 3090"
launch_shape_tensor_mma_f16acc_t032_b08,NVIDIA GeForce RTX 3090,ampere,ga102,consumer,86,82,ga102,"RTX 3090 FE dense FP16 Tensor Core peak, no sparsity",https://www.nvidia.com/content/dam/en-zz/Solutions/geforce/ampere/pdf/NVIDIA-ampere-GA102-GPU-Architecture-Whitepaper-V1.pdf,142.0,284.0,tensor_core_mma_m16n16k16_f16acc,fp16-energy-bench-v2,fp16-energy-bench-v2,"nvml_timed_energy_counter,explicit_m16n16k16_denominator,strict_denominator_provenance,tensor_loop_only_mov_baseline","nvml_timed_energy_counter,explicit_m16n16k16_denominator,strict_denominator_provenance,tensor_loop_only_mov_baseline",5cb1f26c5c1f,5cb1f26c5c1f,tensor_mma_f16acc,tensor_baseline_mov,1,1,1,0,0,0,pure_fp16_candidate_no_l2:1,1,1,True,1,True,bench_json_metadata,0,valid_basic,"stats use valid_basic rows, but no valid_no_l2 row was available",1,11.12584375,0.0,11.12584375,11.12584375,0.0,1,1.39182592773,0.0,1.39182592773,1.39182592773,0.0,1,0.28747916225324727,0.0,0.28747916225324727,0.28747916225324727,0.0,0,nan,nan,nan,nan,nan,0,nan,nan,nan,nan,nan,1,0.28747916225324727,0.0,0.28747916225324727,0.28747916225324727,0.0,1,0.19165277483549817,0.0,0.19165277483549817,0.19165277483549817,0.0,1,0.14373958112662363,0.0,0.14373958112662363,0.14373958112662363,0.0,1,209920000000.0,0.0,209920000000.0,209920000000.0,0.0,1,8192.0,0.0,8192.0,8192.0,0.0,1,8192.0,0.0,8192.0,8192.0,0.0,1,4096.0,0.0,4096.0,4096.0,0.0,1,4096.0,0.0,4096.0,4096.0,0.0,1,12288.0,0.0,12288.0,12288.0,0.0,1,16384.0,0.0,16384.0,16384.0,0.0,1,154.56487423706628,0.0,154.56487423706628,154.56487423706628,0.0,0,nan,nan,nan,nan,nan,1,40.586545386581946,0.0,40.586545386581946,40.586545386581946,0.0,1,2457.401,0.0,2457.401,2457.401,0.0,1,1963.0332499362678,0.0,1963.0332499362678,1963.0332499362678,0.0,1,494.36775006373205,0.0,494.36775006373205,494.36775006373205,0.0,0,nan,nan,nan,nan,nan,0,nan,nan,nan,nan,nan,0,nan,nan,nan,nan,nan,0,nan,nan,nan,nan,nan,1,0.7988249577241435,0.0,0.7988249577241435,0.7988249577241435,0.0,1,0.2011750422758565,0.0,0.2011750422758565,0.2011750422758565,0.0,1,0.8129872829776178,0.0,0.8129872829776178,0.8129872829776178,0.0,1,0.2625858273874807,0.0,0.2625858273874807,0.2625858273874807,0.0,1,142.32576,0.0,142.32576,142.32576,0.0,1,1112.0575166347671,0.0,1112.0575166347671,1112.0575166347671,0.0,1,108.59936685886397,0.0,108.59936685886397,108.59936685886397,0.0,0,nan,nan,nan,nan,nan,0,nan,nan,nan,nan,nan,0,nan,nan,nan,nan,nan,0,nan,nan,nan,nan,nan,0,nan,nan,nan,nan,nan,0,nan,nan,nan,nan,nan,0,nan,nan,nan,nan,nan,results/fp16_launch_shape_warpsync_rtx3090_20260602_direct,"ga102
GeForce RTX 3090"
launch_shape_tensor_mma_f16acc_t064_b01,NVIDIA GeForce RTX 3090,ampere,ga102,consumer,86,82,ga102,"RTX 3090 FE dense FP16 Tensor Core peak, no sparsity",https://www.nvidia.com/content/dam/en-zz/Solutions/geforce/ampere/pdf/NVIDIA-ampere-GA102-GPU-Architecture-Whitepaper-V1.pdf,142.0,284.0,tensor_core_mma_m16n16k16_f16acc,fp16-energy-bench-v2,fp16-energy-bench-v2,"nvml_timed_energy_counter,explicit_m16n16k16_denominator,strict_denominator_provenance,tensor_loop_only_mov_baseline","nvml_timed_energy_counter,explicit_m16n16k16_denominator,strict_denominator_provenance,tensor_loop_only_mov_baseline",5cb1f26c5c1f,5cb1f26c5c1f,tensor_mma_f16acc,tensor_baseline_mov,1,1,1,0,0,0,pure_fp16_candidate_no_l2:1,1,1,True,1,True,bench_json_metadata,0,valid_basic,"stats use valid_basic rows, but no valid_no_l2 row was available",1,5.73529980469,0.0,5.73529980469,5.73529980469,0.0,1,1.3221907959,0.0,1.3221907959,1.3221907959,0.0,1,0.4122673143257749,0.0,0.4122673143257749,0.4122673143257749,0.0,0,nan,nan,nan,nan,nan,0,nan,nan,nan,nan,nan,1,0.4122673143257749,0.0,0.4122673143257749,0.4122673143257749,0.0,1,0.2748448762171833,0.0,0.2748448762171833,0.2748448762171833,0.0,1,0.20613365716288745,0.0,0.20613365716288745,0.20613365716288745,0.0,1,52480000000.0,0.0,52480000000.0,52480000000.0,0.0,1,8192.0,0.0,8192.0,8192.0,0.0,1,8192.0,0.0,8192.0,8192.0,0.0,1,4096.0,0.0,4096.0,4096.0,0.0,1,4096.0,0.0,4096.0,4096.0,0.0,1,12288.0,0.0,12288.0,12288.0,0.0,1,16384.0,0.0,16384.0,16384.0,0.0,1,74.95966638891993,0.0,74.95966638891993,74.95966638891993,0.0,0,nan,nan,nan,nan,nan,1,26.550377536209936,0.0,26.550377536209936,26.550377536209936,0.0,1,1049.639,0.0,1049.639,1049.639,0.0,1,872.3986193315498,0.0,872.3986193315498,872.3986193315498,0.0,1,177.24038066845014,0.0,177.24038066845014,177.24038066845014,0.0,0,nan,nan,nan,nan,nan,0,nan,nan,nan,nan,nan,0,nan,nan,nan,nan,nan,0,nan,nan,nan,nan,nan,1,0.8311415823264473,0.0,0.8311415823264473,0.8311415823264473,0.0,1,0.16885841767355267,0.0,0.16885841767355267,0.16885841767355267,0.0,1,0.85139222373801,0.0,0.85139222373801,0.85139222373801,0.0,1,0.35419551360402596,0.0,0.35419551360402596,0.35419551360402596,0.0,1,142.32576,0.0,142.32576,142.32576,0.0,1,539.316975242247,0.0,539.316975242247,539.316975242247,0.0,1,52.6676733635007,0.0,52.6676733635007,52.6676733635007,0.0,0,nan,nan,nan,nan,nan,0,nan,nan,nan,nan,nan,0,nan,nan,nan,nan,nan,0,nan,nan,nan,nan,nan,0,nan,nan,nan,nan,nan,0,nan,nan,nan,nan,nan,0,nan,nan,nan,nan,nan,results/fp16_launch_shape_warpsync_rtx3090_20260602_direct,"ga102
GeForce RTX 3090"
launch_shape_tensor_mma_f16acc_t064_b02,NVIDIA GeForce RTX 3090,ampere,ga102,consumer,86,82,ga102,"RTX 3090 FE dense FP16 Tensor Core peak, no sparsity",https://www.nvidia.com/content/dam/en-zz/Solutions/geforce/ampere/pdf/NVIDIA-ampere-GA102-GPU-Architecture-Whitepaper-V1.pdf,142.0,284.0,tensor_core_mma_m16n16k16_f16acc,fp16-energy-bench-v2,fp16-energy-bench-v2,"nvml_timed_energy_counter,explicit_m16n16k16_denominator,strict_denominator_provenance,tensor_loop_only_mov_baseline","nvml_timed_energy_counter,explicit_m16n16k16_denominator,strict_denominator_provenance,tensor_loop_only_mov_baseline",5cb1f26c5c1f,5cb1f26c5c1f,tensor_mma_f16acc,tensor_baseline_mov,1,1,1,0,0,0,pure_fp16_candidate_no_l2:1,1,1,True,1,True,bench_json_metadata,0,valid_basic,"stats use valid_basic rows, but no valid_no_l2 row was available",1,5.76151953125,0.0,5.76151953125,5.76151953125,0.0,1,1.32071325684,0.0,1.32071325684,1.32071325684,0.0,1,0.35325543015748234,0.0,0.35325543015748234,0.35325543015748234,0.0,0,nan,nan,nan,nan,nan,0,nan,nan,nan,nan,nan,1,0.35325543015748234,0.0,0.35325543015748234,0.35325543015748234,0.0,1,0.23550362010498826,0.0,0.23550362010498826,0.23550362010498826,0.0,1,0.17662771507874117,0.0,0.17662771507874117,0.17662771507874117,0.0,1,104960000000.0,0.0,104960000000.0,104960000000.0,0.0,1,8192.0,0.0,8192.0,8192.0,0.0,1,8192.0,0.0,8192.0,8192.0,0.0,1,4096.0,0.0,4096.0,4096.0,0.0,1,4096.0,0.0,4096.0,4096.0,0.0,1,12288.0,0.0,12288.0,12288.0,0.0,1,16384.0,0.0,16384.0,16384.0,0.0,1,149.23707458359576,0.0,149.23707458359576,149.23707458359576,0.0,0,nan,nan,nan,nan,nan,1,79.42307869761402,0.0,79.42307869761402,79.42307869761402,0.0,1,1245.517,0.0,1245.517,1245.517,0.0,1,941.776563935094,0.0,941.776563935094,941.776563935094,0.0,1,303.740436064906,0.0,303.740436064906,303.740436064906,0.0,0,nan,nan,nan,nan,nan,0,nan,nan,nan,nan,nan,0,nan,nan,nan,nan,nan,0,nan,nan,nan,nan,nan,1,0.7561330467067844,0.0,0.7561330467067844,0.7561330467067844,0.0,1,0.2438669532932156,0.0,0.2438669532932156,0.2438669532932156,0.0,1,0.6729983840776373,0.0,0.6729983840776373,0.6729983840776373,0.0,1,0.5321940202809649,0.0,0.5321940202809649,0.5321940202809649,0.0,1,142.32576,0.0,142.32576,142.32576,0.0,1,1073.7252650089629,0.0,1073.7252650089629,1073.7252650089629,0.0,1,104.85598291103153,0.0,104.85598291103153,104.85598291103153,0.0,0,nan,nan,nan,nan,nan,0,nan,nan,nan,nan,nan,0,nan,nan,nan,nan,nan,0,nan,nan,nan,nan,nan,0,nan,nan,nan,nan,nan,0,nan,nan,nan,nan,nan,0,nan,nan,nan,nan,nan,results/fp16_launch_shape_warpsync_rtx3090_20260602_direct,"ga102
GeForce RTX 3090"
launch_shape_tensor_mma_f16acc_t064_b04,NVIDIA GeForce RTX 3090,ampere,ga102,consumer,86,82,ga102,"RTX 3090 FE dense FP16 Tensor Core peak, no sparsity",https://www.nvidia.com/content/dam/en-zz/Solutions/geforce/ampere/pdf/NVIDIA-ampere-GA102-GPU-Architecture-Whitepaper-V1.pdf,142.0,284.0,tensor_core_mma_m16n16k16_f16acc,fp16-energy-bench-v2,fp16-energy-bench-v2,"nvml_timed_energy_counter,explicit_m16n16k16_denominator,strict_denominator_provenance,tensor_loop_only_mov_baseline","nvml_timed_energy_counter,explicit_m16n16k16_denominator,strict_denominator_provenance,tensor_loop_only_mov_baseline",5cb1f26c5c1f,5cb1f26c5c1f,tensor_mma_f16acc,tensor_baseline_mov,1,1,1,0,0,0,pure_fp16_candidate_no_l2:1,1,1,True,1,True,bench_json_metadata,0,valid_basic,"stats use valid_basic rows, but no valid_no_l2 row was available",1,11.1712216797,0.0,11.1712216797,11.1712216797,0.0,1,1.3953177490200002,0.0,1.3953177490200002,1.3953177490200002,0.0,1,0.30476134052751414,0.0,0.30476134052751414,0.30476134052751414,0.0,0,nan,nan,nan,nan,nan,0,nan,nan,nan,nan,nan,1,0.30476134052751414,0.0,0.30476134052751414,0.30476134052751414,0.0,1,0.20317422701834276,0.0,0.20317422701834276,0.20317422701834276,0.0,1,0.15238067026375707,0.0,0.15238067026375707,0.15238067026375707,0.0,1,209920000000.0,0.0,209920000000.0,209920000000.0,0.0,1,8192.0,0.0,8192.0,8192.0,0.0,1,8192.0,0.0,8192.0,8192.0,0.0,1,4096.0,0.0,4096.0,4096.0,0.0,1,4096.0,0.0,4096.0,4096.0,0.0,1,12288.0,0.0,12288.0,12288.0,0.0,1,16384.0,0.0,16384.0,16384.0,0.0,1,153.93702580666906,0.0,153.93702580666906,153.93702580666906,0.0,0,nan,nan,nan,nan,nan,1,54.86936543072696,0.0,54.86936543072696,54.86936543072696,0.0,1,2498.911,0.0,2498.911,2498.911,0.0,1,1974.823699055835,0.0,1974.823699055835,1974.823699055835,0.0,1,524.087300944165,0.0,524.087300944165,524.087300944165,0.0,0,nan,nan,nan,nan,nan,0,nan,nan,nan,nan,nan,0,nan,nan,nan,nan,nan,0,nan,nan,nan,nan,nan,1,0.79027372285601,0.0,0.79027372285601,0.79027372285601,0.0,1,0.20972627714398992,0.0,0.20972627714398992,0.20972627714398992,0.0,1,0.7631338525689202,0.0,0.7631338525689202,0.7631338525689202,0.0,1,0.35644033748994153,0.0,0.35644033748994153,0.35644033748994153,0.0,1,142.32576,0.0,142.32576,142.32576,0.0,1,1107.5402964721854,0.0,1107.5402964721854,1107.5402964721854,0.0,1,108.15823207736186,0.0,108.15823207736186,108.15823207736186,0.0,0,nan,nan,nan,nan,nan,0,nan,nan,nan,nan,nan,0,nan,nan,nan,nan,nan,0,nan,nan,nan,nan,nan,0,nan,nan,nan,nan,nan,0,nan,nan,nan,nan,nan,0,nan,nan,nan,nan,nan,results/fp16_launch_shape_warpsync_rtx3090_20260602_direct,"ga102
GeForce RTX 3090"
launch_shape_tensor_mma_f16acc_t064_b08,NVIDIA GeForce RTX 3090,ampere,ga102,consumer,86,82,ga102,"RTX 3090 FE dense FP16 Tensor Core peak, no sparsity",https://www.nvidia.com/content/dam/en-zz/Solutions/geforce/ampere/pdf/NVIDIA-ampere-GA102-GPU-Architecture-Whitepaper-V1.pdf,142.0,284.0,tensor_core_mma_m16n16k16_f16acc,fp16-energy-bench-v2,fp16-energy-bench-v2,"nvml_timed_energy_counter,explicit_m16n16k16_denominator,strict_denominator_provenance,tensor_loop_only_mov_baseline","nvml_timed_energy_counter,explicit_m16n16k16_denominator,strict_denominator_provenance,tensor_loop_only_mov_baseline",5cb1f26c5c1f,5cb1f26c5c1f,tensor_mma_f16acc,tensor_baseline_mov,1,1,1,0,0,0,pure_fp16_candidate_no_l2:1,1,1,True,1,True,bench_json_metadata,0,valid_basic,"stats use valid_basic rows, but no valid_no_l2 row was available",1,22.5662109375,0.0,22.5662109375,22.5662109375,0.0,1,1.45712438965,0.0,1.45712438965,1.45712438965,0.0,1,0.0824898549152167,0.0,0.0824898549152167,0.0824898549152167,0.0,0,nan,nan,nan,nan,nan,0,nan,nan,nan,nan,nan,1,0.0824898549152167,0.0,0.0824898549152167,0.0824898549152167,0.0,1,0.05499323661014446,0.0,0.05499323661014446,0.05499323661014446,0.0,1,0.04124492745760835,0.0,0.04124492745760835,0.04124492745760835,0.0,1,419840000000.0,0.0,419840000000.0,419840000000.0,0.0,1,8192.0,0.0,8192.0,8192.0,0.0,1,8192.0,0.0,8192.0,8192.0,0.0,1,4096.0,0.0,4096.0,4096.0,0.0,1,4096.0,0.0,4096.0,4096.0,0.0,1,12288.0,0.0,12288.0,12288.0,0.0,1,16384.0,0.0,16384.0,16384.0,0.0,1,152.41057922952425,0.0,152.41057922952425,152.41057922952425,0.0,0,nan,nan,nan,nan,nan,1,14.708320392655736,0.0,14.708320392655736,14.708320392655736,0.0,1,5074.442,0.0,5074.442,5074.442,0.0,1,4790.732226687143,0.0,4790.732226687143,4790.732226687143,0.0,1,283.70977331285667,0.0,283.70977331285667,283.70977331285667,0.0,0,nan,nan,nan,nan,nan,0,nan,nan,nan,nan,nan,0,nan,nan,nan,nan,nan,0,nan,nan,nan,nan,nan,1,0.9440904490951209,0.0,0.9440904490951209,0.9440904490951209,0.0,1,0.05590955090487913,0.0,0.05590955090487913,0.05590955090487913,0.0,1,0.9352070714456963,0.0,0.9352070714456963,0.9352070714456963,0.0,1,0.09650458955677606,0.0,0.09650458955677606,0.09650458955677606,0.0,1,142.32576,0.0,142.32576,142.32576,0.0,1,1096.5578763186147,0.0,1096.5578763186147,1096.5578763186147,0.0,1,107.08573010923969,0.0,107.08573010923969,107.08573010923969,0.0,0,nan,nan,nan,nan,nan,0,nan,nan,nan,nan,nan,0,nan,nan,nan,nan,nan,0,nan,nan,nan,nan,nan,0,nan,nan,nan,nan,nan,0,nan,nan,nan,nan,nan,0,nan,nan,nan,nan,nan,results/fp16_launch_shape_warpsync_rtx3090_20260602_direct,"ga102
GeForce RTX 3090"
launch_shape_tensor_mma_f16acc_t128_b01,NVIDIA GeForce RTX 3090,ampere,ga102,consumer,86,82,ga102,"RTX 3090 FE dense FP16 Tensor Core peak, no sparsity",https://www.nvidia.com/content/dam/en-zz/Solutions/geforce/ampere/pdf/NVIDIA-ampere-GA102-GPU-Architecture-Whitepaper-V1.pdf,142.0,284.0,tensor_core_mma_m16n16k16_f16acc,fp16-energy-bench-v2,fp16-energy-bench-v2,"nvml_timed_energy_counter,explicit_m16n16k16_denominator,strict_denominator_provenance,tensor_loop_only_mov_baseline","nvml_timed_energy_counter,explicit_m16n16k16_denominator,strict_denominator_provenance,tensor_loop_only_mov_baseline",5cb1f26c5c1f,5cb1f26c5c1f,tensor_mma_f16acc,tensor_baseline_mov,1,1,1,0,0,0,pure_fp16_candidate_no_l2:1,1,1,True,1,True,bench_json_metadata,0,valid_basic,"stats use valid_basic rows, but no valid_no_l2 row was available",1,5.8231640625,0.0,5.8231640625,5.8231640625,0.0,1,1.3348106689500001,0.0,1.3348106689500001,1.3348106689500001,0.0,1,0.38423870583206315,0.0,0.38423870583206315,0.38423870583206315,0.0,0,nan,nan,nan,nan,nan,0,nan,nan,nan,nan,nan,1,0.38423870583206315,0.0,0.38423870583206315,0.38423870583206315,0.0,1,0.25615913722137545,0.0,0.25615913722137545,0.25615913722137545,0.0,1,0.19211935291603158,0.0,0.19211935291603158,0.19211935291603158,0.0,1,104960000000.0,0.0,104960000000.0,104960000000.0,0.0,1,8192.0,0.0,8192.0,8192.0,0.0,1,8192.0,0.0,8192.0,8192.0,0.0,1,4096.0,0.0,4096.0,4096.0,0.0,1,4096.0,0.0,4096.0,4096.0,0.0,1,12288.0,0.0,12288.0,12288.0,0.0,1,16384.0,0.0,16384.0,16384.0,0.0,1,147.65723767550125,0.0,147.65723767550125,147.65723767550125,0.0,0,nan,nan,nan,nan,nan,1,75.62487756224559,0.0,75.62487756224559,75.62487756224559,0.0,1,1289.166,0.0,1289.166,1289.166,0.0,1,958.7851421306195,0.0,958.7851421306195,958.7851421306195,0.0,1,330.3808578693804,0.0,330.3808578693804,330.3808578693804,0.0,0,nan,nan,nan,nan,nan,0,nan,nan,nan,nan,nan,0,nan,nan,nan,nan,nan,0,nan,nan,nan,nan,nan,1,0.7437251231653794,0.0,0.7437251231653794,0.7437251231653794,0.0,1,0.2562748768346205,0.0,0.2562748768346205,0.2562748768346205,0.0,1,0.6852570914137618,0.0,0.6852570914137618,0.6852570914137618,0.0,1,0.5121650570793049,0.0,0.5121650570793049,0.5121650570793049,0.0,1,142.32576,0.0,142.32576,142.32576,0.0,1,1062.35871411973,0.0,1062.35871411973,1062.35871411973,0.0,1,103.74596817575485,0.0,103.74596817575485,103.74596817575485,0.0,0,nan,nan,nan,nan,nan,0,nan,nan,nan,nan,nan,0,nan,nan,nan,nan,nan,0,nan,nan,nan,nan,nan,0,nan,nan,nan,nan,nan,0,nan,nan,nan,nan,nan,0,nan,nan,nan,nan,nan,results/fp16_launch_shape_warpsync_rtx3090_20260602_direct,"ga102
GeForce RTX 3090"
launch_shape_tensor_mma_f16acc_t128_b02,NVIDIA GeForce RTX 3090,ampere,ga102,consumer,86,82,ga102,"RTX 3090 FE dense FP16 Tensor Core peak, no sparsity",https://www.nvidia.com/content/dam/en-zz/Solutions/geforce/ampere/pdf/NVIDIA-ampere-GA102-GPU-Architecture-Whitepaper-V1.pdf,142.0,284.0,tensor_core_mma_m16n16k16_f16acc,fp16-energy-bench-v2,fp16-energy-bench-v2,"nvml_timed_energy_counter,explicit_m16n16k16_denominator,strict_denominator_provenance,tensor_loop_only_mov_baseline","nvml_timed_energy_counter,explicit_m16n16k16_denominator,strict_denominator_provenance,tensor_loop_only_mov_baseline",5cb1f26c5c1f,5cb1f26c5c1f,tensor_mma_f16acc,tensor_baseline_mov,1,1,1,0,0,0,pure_fp16_candidate_no_l2:1,1,1,True,1,True,bench_json_metadata,0,valid_basic,"stats use valid_basic rows, but no valid_no_l2 row was available",1,11.2243701172,0.0,11.2243701172,11.2243701172,0.0,1,1.40102246094,0.0,1.40102246094,1.40102246094,0.0,1,0.3172913642392568,0.0,0.3172913642392568,0.3172913642392568,0.0,0,nan,nan,nan,nan,nan,0,nan,nan,nan,nan,nan,1,0.3172913642392568,0.0,0.3172913642392568,0.3172913642392568,0.0,1,0.21152757615950454,0.0,0.21152757615950454,0.21152757615950454,0.0,1,0.1586456821196284,0.0,0.1586456821196284,0.1586456821196284,0.0,1,209920000000.0,0.0,209920000000.0,209920000000.0,0.0,1,8192.0,0.0,8192.0,8192.0,0.0,1,8192.0,0.0,8192.0,8192.0,0.0,1,4096.0,0.0,4096.0,4096.0,0.0,1,4096.0,0.0,4096.0,4096.0,0.0,1,12288.0,0.0,12288.0,12288.0,0.0,1,16384.0,0.0,16384.0,16384.0,0.0,1,153.20811965785236,0.0,153.20811965785236,153.20811965785236,0.0,0,nan,nan,nan,nan,nan,1,44.374700807453564,0.0,44.374700807453564,44.374700807453564,0.0,1,2557.965,0.0,2557.965,2557.965,0.0,1,2012.3302603403897,0.0,2012.3302603403897,2012.3302603403897,0.0,1,545.6347396596104,0.0,545.6347396596104,545.6347396596104,0.0,0,nan,nan,nan,nan,nan,0,nan,nan,nan,nan,nan,0,nan,nan,nan,nan,nan,0,nan,nan,nan,nan,nan,1,0.7866918665190452,0.0,0.7866918665190452,0.7866918665190452,0.0,1,0.21330813348095473,0.0,0.21330813348095473,0.21330813348095473,0.0,1,0.8015948001224527,0.0,0.8015948001224527,0.8015948001224527,0.0,1,0.2896367431866672,0.0,0.2896367431866672,0.2896367431866672,0.0,1,142.32576,0.0,142.32576,142.32576,0.0,1,1102.2959900557764,0.0,1102.2959900557764,1102.2959900557764,0.0,1,107.64609277888442,0.0,107.64609277888442,107.64609277888442,0.0,0,nan,nan,nan,nan,nan,0,nan,nan,nan,nan,nan,0,nan,nan,nan,nan,nan,0,nan,nan,nan,nan,nan,0,nan,nan,nan,nan,nan,0,nan,nan,nan,nan,nan,0,nan,nan,nan,nan,nan,results/fp16_launch_shape_warpsync_rtx3090_20260602_direct,"ga102
GeForce RTX 3090"
launch_shape_tensor_mma_f16acc_t128_b04,NVIDIA GeForce RTX 3090,ampere,ga102,consumer,86,82,ga102,"RTX 3090 FE dense FP16 Tensor Core peak, no sparsity",https://www.nvidia.com/content/dam/en-zz/Solutions/geforce/ampere/pdf/NVIDIA-ampere-GA102-GPU-Architecture-Whitepaper-V1.pdf,142.0,284.0,tensor_core_mma_m16n16k16_f16acc,fp16-energy-bench-v2,fp16-energy-bench-v2,"nvml_timed_energy_counter,explicit_m16n16k16_denominator,strict_denominator_provenance,tensor_loop_only_mov_baseline","nvml_timed_energy_counter,explicit_m16n16k16_denominator,strict_denominator_provenance,tensor_loop_only_mov_baseline",5cb1f26c5c1f,5cb1f26c5c1f,tensor_mma_f16acc,tensor_baseline_mov,1,1,1,0,0,0,pure_fp16_candidate_no_l2:1,1,1,True,1,True,bench_json_metadata,0,valid_basic,"stats use valid_basic rows, but no valid_no_l2 row was available",1,22.5312910156,0.0,22.5312910156,22.5312910156,0.0,1,1.4553856201200002,0.0,1.4553856201200002,1.4553856201200002,0.0,1,0.11876203378613467,0.0,0.11876203378613467,0.11876203378613467,0.0,0,nan,nan,nan,nan,nan,0,nan,nan,nan,nan,nan,1,0.11876203378613467,0.0,0.11876203378613467,0.11876203378613467,0.0,1,0.07917468919075643,0.0,0.07917468919075643,0.07917468919075643,0.0,1,0.05938101689306734,0.0,0.05938101689306734,0.05938101689306734,0.0,1,419840000000.0,0.0,419840000000.0,419840000000.0,0.0,1,8192.0,0.0,8192.0,8192.0,0.0,1,8192.0,0.0,8192.0,8192.0,0.0,1,4096.0,0.0,4096.0,4096.0,0.0,1,4096.0,0.0,4096.0,4096.0,0.0,1,12288.0,0.0,12288.0,12288.0,0.0,1,16384.0,0.0,16384.0,16384.0,0.0,1,152.6467914163778,0.0,152.6467914163778,152.6467914163778,0.0,0,nan,nan,nan,nan,nan,1,19.540897494458335,0.0,19.540897494458335,19.540897494458335,0.0,1,5211.008,0.0,5211.008,5211.008,0.0,1,4802.546259846998,0.0,4802.546259846998,4802.546259846998,0.0,1,408.4617401530022,0.0,408.4617401530022,408.4617401530022,0.0,0,nan,nan,nan,nan,nan,0,nan,nan,nan,nan,nan,0,nan,nan,nan,nan,nan,0,nan,nan,nan,nan,nan,1,0.9216155991023229,0.0,0.9216155991023229,0.9216155991023229,0.0,1,0.07838440089767704,0.0,0.07838440089767704,0.07838440089767704,0.0,1,0.9160221056499351,0.0,0.9160221056499351,0.9160221056499351,0.0,1,0.128013810923521,0.0,0.128013810923521,0.128013810923521,0.0,1,142.32576,0.0,142.32576,142.32576,0.0,1,1098.2573668348643,0.0,1098.2573668348643,1098.2573668348643,0.0,1,107.25169597996722,0.0,107.25169597996722,107.25169597996722,0.0,0,nan,nan,nan,nan,nan,0,nan,nan,nan,nan,nan,0,nan,nan,nan,nan,nan,0,nan,nan,nan,nan,nan,0,nan,nan,nan,nan,nan,0,nan,nan,nan,nan,nan,0,nan,nan,nan,nan,nan,results/fp16_launch_shape_warpsync_rtx3090_20260602_direct,"ga102
GeForce RTX 3090"
launch_shape_tensor_mma_f16acc_t128_b08,NVIDIA GeForce RTX 3090,ampere,ga102,consumer,86,82,ga102,"RTX 3090 FE dense FP16 Tensor Core peak, no sparsity",https://www.nvidia.com/content/dam/en-zz/Solutions/geforce/ampere/pdf/NVIDIA-ampere-GA102-GPU-Architecture-Whitepaper-V1.pdf,142.0,284.0,tensor_core_mma_m16n16k16_f16acc,fp16-energy-bench-v2,fp16-energy-bench-v2,"nvml_timed_energy_counter,explicit_m16n16k16_denominator,strict_denominator_provenance,tensor_loop_only_mov_baseline","nvml_timed_energy_counter,explicit_m16n16k16_denominator,strict_denominator_provenance,tensor_loop_only_mov_baseline",5cb1f26c5c1f,5cb1f26c5c1f,tensor_mma_f16acc,tensor_baseline_mov,1,1,1,0,0,0,pure_fp16_candidate_no_l2:1,1,1,True,1,True,bench_json_metadata,0,valid_basic,"stats use valid_basic rows, but no valid_no_l2 row was available",1,45.3394140625,0.0,45.3394140625,45.3394140625,0.0,1,2.72089892578,0.0,2.72089892578,2.72089892578,0.0,1,0.11136570647920574,0.0,0.11136570647920574,0.11136570647920574,0.0,0,nan,nan,nan,nan,nan,0,nan,nan,nan,nan,nan,1,0.11136570647920574,0.0,0.11136570647920574,0.11136570647920574,0.0,1,0.07424380431947049,0.0,0.07424380431947049,0.07424380431947049,0.0,1,0.05568285323960287,0.0,0.05568285323960287,0.05568285323960287,0.0,1,839680000000.0,0.0,839680000000.0,839680000000.0,0.0,1,8192.0,0.0,8192.0,8192.0,0.0,1,8192.0,0.0,8192.0,8192.0,0.0,1,4096.0,0.0,4096.0,4096.0,0.0,1,4096.0,0.0,4096.0,4096.0,0.0,1,12288.0,0.0,12288.0,12288.0,0.0,1,16384.0,0.0,16384.0,16384.0,0.0,1,151.7147652265163,0.0,151.7147652265163,151.7147652265163,0.0,0,nan,nan,nan,nan,nan,1,15.54028072113968,0.0,15.54028072113968,15.54028072113968,0.0,1,10653.125,0.0,10653.125,10653.125,0.0,1,9887.078329836364,0.0,9887.078329836364,9887.078329836364,0.0,1,766.046670163636,0.0,766.046670163636,766.046670163636,0.0,0,nan,nan,nan,nan,nan,0,nan,nan,nan,nan,nan,0,nan,nan,nan,nan,nan,0,nan,nan,nan,nan,nan,1,0.9280918350095736,0.0,0.9280918350095736,0.9280918350095736,0.0,1,0.07190816499042638,0.0,0.07190816499042638,0.07190816499042638,0.0,1,0.933477202542185,0.0,0.933477202542185,0.933477202542185,0.0,1,0.10243090511287685,0.0,0.10243090511287685,0.10243090511287685,0.0,1,142.32576,0.0,142.32576,142.32576,0.0,1,1091.5516600224212,0.0,1091.5516600224212,1091.5516600224212,0.0,1,106.59684179906456,0.0,106.59684179906456,106.59684179906456,0.0,0,nan,nan,nan,nan,nan,0,nan,nan,nan,nan,nan,0,nan,nan,nan,nan,nan,0,nan,nan,nan,nan,nan,0,nan,nan,nan,nan,nan,0,nan,nan,nan,nan,nan,0,nan,nan,nan,nan,nan,results/fp16_launch_shape_warpsync_rtx3090_20260602_direct,"ga102
GeForce RTX 3090"
launch_shape_tensor_mma_f16acc_t256_b01,NVIDIA GeForce RTX 3090,ampere,ga102,consumer,86,82,ga102,"RTX 3090 FE dense FP16 Tensor Core peak, no sparsity",https://www.nvidia.com/content/dam/en-zz/Solutions/geforce/ampere/pdf/NVIDIA-ampere-GA102-GPU-Architecture-Whitepaper-V1.pdf,142.0,284.0,tensor_core_mma_m16n16k16_f16acc,fp16-energy-bench-v2,fp16-energy-bench-v2,"nvml_timed_energy_counter,explicit_m16n16k16_denominator,strict_denominator_provenance,tensor_loop_only_mov_baseline","nvml_timed_energy_counter,explicit_m16n16k16_denominator,strict_denominator_provenance,tensor_loop_only_mov_baseline",5cb1f26c5c1f,5cb1f26c5c1f,tensor_mma_f16acc,tensor_baseline_mov,1,1,1,0,0,0,pure_fp16_candidate_no_l2:1,1,1,True,1,True,bench_json_metadata,0,valid_basic,"stats use valid_basic rows, but no valid_no_l2 row was available",1,11.2419912109,0.0,11.2419912109,11.2419912109,0.0,1,1.41003369141,0.0,1.41003369141,1.41003369141,0.0,1,0.3428342079774187,0.0,0.3428342079774187,0.3428342079774187,0.0,0,nan,nan,nan,nan,nan,0,nan,nan,nan,nan,nan,1,0.3428342079774187,0.0,0.3428342079774187,0.3428342079774187,0.0,1,0.22855613865161245,0.0,0.22855613865161245,0.22855613865161245,0.0,1,0.17141710398870935,0.0,0.17141710398870935,0.17141710398870935,0.0,1,209920000000.0,0.0,209920000000.0,209920000000.0,0.0,1,8192.0,0.0,8192.0,8192.0,0.0,1,8192.0,0.0,8192.0,8192.0,0.0,1,4096.0,0.0,4096.0,4096.0,0.0,1,4096.0,0.0,4096.0,4096.0,0.0,1,12288.0,0.0,12288.0,12288.0,0.0,1,16384.0,0.0,16384.0,16384.0,0.0,1,152.96797584511978,0.0,152.96797584511978,152.96797584511978,0.0,0,nan,nan,nan,nan,nan,1,48.12698325685125,0.0,48.12698325685125,48.12698325685125,0.0,1,2617.741,0.0,2617.741,2617.741,0.0,1,2028.1811351588271,0.0,2028.1811351588271,2028.1811351588271,0.0,1,589.5598648411728,0.0,589.5598648411728,589.5598648411728,0.0,0,nan,nan,nan,nan,nan,0,nan,nan,nan,nan,nan,0,nan,nan,nan,nan,nan,0,nan,nan,nan,nan,nan,1,0.774782965602337,0.0,0.774782965602337,0.774782965602337,0.0,1,0.22521703439766305,0.0,0.22521703439766305,0.22521703439766305,0.0,1,0.7894138197128148,0.0,0.7894138197128148,0.7894138197128148,0.0,1,0.3146212989415501,0.0,0.3146212989415501,0.3146212989415501,0.0,1,142.32576,0.0,142.32576,142.32576,0.0,1,1100.5682124262162,0.0,1100.5682124262162,1100.5682124262162,0.0,1,107.47736449474768,0.0,107.47736449474768,107.47736449474768,0.0,0,nan,nan,nan,nan,nan,0,nan,nan,nan,nan,nan,0,nan,nan,nan,nan,nan,0,nan,nan,nan,nan,nan,0,nan,nan,nan,nan,nan,0,nan,nan,nan,nan,nan,0,nan,nan,nan,nan,nan,results/fp16_launch_shape_warpsync_rtx3090_20260602_direct,"ga102
GeForce RTX 3090"
launch_shape_tensor_mma_f16acc_t256_b02,NVIDIA GeForce RTX 3090,ampere,ga102,consumer,86,82,ga102,"RTX 3090 FE dense FP16 Tensor Core peak, no sparsity",https://www.nvidia.com/content/dam/en-zz/Solutions/geforce/ampere/pdf/NVIDIA-ampere-GA102-GPU-Architecture-Whitepaper-V1.pdf,142.0,284.0,tensor_core_mma_m16n16k16_f16acc,fp16-energy-bench-v2,fp16-energy-bench-v2,"nvml_timed_energy_counter,explicit_m16n16k16_denominator,strict_denominator_provenance,tensor_loop_only_mov_baseline","nvml_timed_energy_counter,explicit_m16n16k16_denominator,strict_denominator_provenance,tensor_loop_only_mov_baseline",5cb1f26c5c1f,5cb1f26c5c1f,tensor_mma_f16acc,tensor_baseline_mov,1,0,0,0,0,1,invalid_or_nonpositive_increment:1,0,1,True,1,True,bench_json_metadata,1,all_runs_no_valid_basic,stats use all runs because no run passed valid_basic,1,22.5235,0.0,22.5235,22.5235,0.0,1,1.47420056152,0.0,1.47420056152,1.47420056152,0.0,1,-0.760499318539454,0.0,-0.760499318539454,-0.760499318539454,0.0,0,nan,nan,nan,nan,nan,0,nan,nan,nan,nan,nan,1,-0.760499318539454,0.0,-0.760499318539454,-0.760499318539454,0.0,1,-0.5069995456929693,0.0,-0.5069995456929693,-0.5069995456929693,0.0,1,-0.380249659269727,0.0,-0.380249659269727,-0.380249659269727,0.0,1,419840000000.0,0.0,419840000000.0,419840000000.0,0.0,1,8192.0,0.0,8192.0,8192.0,0.0,1,8192.0,0.0,8192.0,8192.0,0.0,1,4096.0,0.0,4096.0,4096.0,0.0,1,4096.0,0.0,4096.0,4096.0,0.0,1,12288.0,0.0,12288.0,12288.0,0.0,1,16384.0,0.0,16384.0,16384.0,0.0,1,152.69959286966946,0.0,152.69959286966946,152.69959286966946,0.0,0,nan,nan,nan,nan,nan,1,-114.29260006685985,0.0,-114.29260006685985,-114.29260006685985,0.0,1,5252.526,0.0,5252.526,5252.526,0.0,1,7868.133573672791,0.0,7868.133573672791,7868.133573672791,0.0,1,-2615.6075736727907,0.0,-2615.6075736727907,-2615.6075736727907,0.0,0,nan,nan,nan,nan,nan,0,nan,nan,nan,nan,nan,0,nan,nan,nan,nan,nan,0,nan,nan,nan,nan,nan,1,1.4979713710456246,0.0,1.4979713710456246,1.4979713710456246,0.0,1,-0.49797137104562467,0.0,-0.49797137104562467,-0.49797137104562467,0.0,1,1.4862741623630042,0.0,1.4862741623630042,1.4862741623630042,0.0,1,-0.7484800576017885,0.0,-0.7484800576017885,-0.7484800576017885,0.0,1,142.32576,0.0,142.32576,142.32576,0.0,1,1098.6372607358046,0.0,1098.6372607358046,1098.6372607358046,0.0,1,107.2887949937309,0.0,107.2887949937309,107.2887949937309,0.0,0,nan,nan,nan,nan,nan,0,nan,nan,nan,nan,nan,0,nan,nan,nan,nan,nan,0,nan,nan,nan,nan,nan,0,nan,nan,nan,nan,nan,0,nan,nan,nan,nan,nan,0,nan,nan,nan,nan,nan,results/fp16_launch_shape_warpsync_rtx3090_20260602_direct,"ga102
GeForce RTX 3090"
launch_shape_tensor_mma_f16acc_t256_b04,NVIDIA GeForce RTX 3090,ampere,ga102,consumer,86,82,ga102,"RTX 3090 FE dense FP16 Tensor Core peak, no sparsity",https://www.nvidia.com/content/dam/en-zz/Solutions/geforce/ampere/pdf/NVIDIA-ampere-GA102-GPU-Architecture-Whitepaper-V1.pdf,142.0,284.0,tensor_core_mma_m16n16k16_f16acc,fp16-energy-bench-v2,fp16-energy-bench-v2,"nvml_timed_energy_counter,explicit_m16n16k16_denominator,strict_denominator_provenance,tensor_loop_only_mov_baseline","nvml_timed_energy_counter,explicit_m16n16k16_denominator,strict_denominator_provenance,tensor_loop_only_mov_baseline",5cb1f26c5c1f,5cb1f26c5c1f,tensor_mma_f16acc,tensor_baseline_mov,1,1,1,0,0,0,pure_fp16_candidate_no_l2:1,1,1,True,1,True,bench_json_metadata,0,valid_basic,"stats use valid_basic rows, but no valid_no_l2 row was available",1,45.40375,0.0,45.40375,45.40375,0.0,1,2.54496362305,0.0,2.54496362305,2.54496362305,0.0,1,0.10690971417009967,0.0,0.10690971417009967,0.10690971417009967,0.0,0,nan,nan,nan,nan,nan,0,nan,nan,nan,nan,nan,1,0.10690971417009967,0.0,0.10690971417009967,0.10690971417009967,0.0,1,0.07127314278006645,0.0,0.07127314278006645,0.07127314278006645,0.0,1,0.05345485708504984,0.0,0.05345485708504984,0.05345485708504984,0.0,1,839680000000.0,0.0,839680000000.0,839680000000.0,0.0,1,8192.0,0.0,8192.0,8192.0,0.0,1,8192.0,0.0,8192.0,8192.0,0.0,1,4096.0,0.0,4096.0,4096.0,0.0,1,4096.0,0.0,4096.0,4096.0,0.0,1,12288.0,0.0,12288.0,12288.0,0.0,1,16384.0,0.0,16384.0,16384.0,0.0,1,151.49978933458138,0.0,151.49978933458138,151.49978933458138,0.0,0,nan,nan,nan,nan,nan,1,18.849244291207754,0.0,18.849244291207754,18.849244291207754,0.0,1,10755.479,0.0,10755.479,10755.479,0.0,1,10020.08357947669,0.0,10020.08357947669,10020.08357947669,0.0,1,735.3954205233094,0.0,735.3954205233094,735.3954205233094,0.0,0,nan,nan,nan,nan,nan,0,nan,nan,nan,nan,nan,0,nan,nan,nan,nan,nan,0,nan,nan,nan,nan,nan,1,0.9316259721651347,0.0,0.9316259721651347,0.9316259721651347,0.0,1,0.06837402783486532,0.0,0.06837402783486532,0.06837402783486532,0.0,1,0.9213099061107676,0.0,0.9213099061107676,0.9213099061107676,0.0,1,0.12441762707392241,0.0,0.12441762707392241,0.12441762707392241,0.0,1,142.32576,0.0,142.32576,142.32576,0.0,1,1090.0049595983983,0.0,1090.0049595983983,1090.0049595983983,0.0,1,106.44579683578108,0.0,106.44579683578108,106.44579683578108,0.0,0,nan,nan,nan,nan,nan,0,nan,nan,nan,nan,nan,0,nan,nan,nan,nan,nan,0,nan,nan,nan,nan,nan,0,nan,nan,nan,nan,nan,0,nan,nan,nan,nan,nan,0,nan,nan,nan,nan,nan,results/fp16_launch_shape_warpsync_rtx3090_20260602_direct,"ga102
GeForce RTX 3090"
launch_shape_tensor_mma_f16acc_t256_b08,NVIDIA GeForce RTX 3090,ampere,ga102,consumer,86,82,ga102,"RTX 3090 FE dense FP16 Tensor Core peak, no sparsity",https://www.nvidia.com/content/dam/en-zz/Solutions/geforce/ampere/pdf/NVIDIA-ampere-GA102-GPU-Architecture-Whitepaper-V1.pdf,142.0,284.0,tensor_core_mma_m16n16k16_f16acc,fp16-energy-bench-v2,fp16-energy-bench-v2,"nvml_timed_energy_counter,explicit_m16n16k16_denominator,strict_denominator_provenance,tensor_loop_only_mov_baseline","nvml_timed_energy_counter,explicit_m16n16k16_denominator,strict_denominator_provenance,tensor_loop_only_mov_baseline",5cb1f26c5c1f,5cb1f26c5c1f,tensor_mma_f16acc,tensor_baseline_mov,1,1,1,0,0,0,pure_fp16_candidate_no_l2:1,1,1,True,1,True,bench_json_metadata,0,valid_basic,"stats use valid_basic rows, but no valid_no_l2 row was available",1,92.213828125,0.0,92.213828125,92.213828125,0.0,1,4.52450097656,0.0,4.52450097656,4.52450097656,0.0,1,0.017524694409002832,0.0,0.017524694409002832,0.017524694409002832,0.0,0,nan,nan,nan,nan,nan,0,nan,nan,nan,nan,nan,1,0.017524694409002832,0.0,0.017524694409002832,0.017524694409002832,0.0,1,0.011683129606001888,0.0,0.011683129606001888,0.011683129606001888,0.0,1,0.008762347204501416,0.0,0.008762347204501416,0.008762347204501416,0.0,1,1679360000000.0,0.0,1679360000000.0,1679360000000.0,0.0,1,8192.0,0.0,8192.0,8192.0,0.0,1,8192.0,0.0,8192.0,8192.0,0.0,1,4096.0,0.0,4096.0,4096.0,0.0,1,4096.0,0.0,4096.0,4096.0,0.0,1,12288.0,0.0,12288.0,12288.0,0.0,1,16384.0,0.0,16384.0,16384.0,0.0,1,149.18930706738837,0.0,149.18930706738837,149.18930706738837,0.0,0,nan,nan,nan,nan,nan,1,2.629551547906459,0.0,2.629551547906459,2.629551547906459,0.0,1,21969.684,0.0,21969.684,21969.684,0.0,1,21728.591221584258,0.0,21728.591221584258,21728.591221584258,0.0,1,241.09277841574294,0.0,241.09277841574294,241.09277841574294,0.0,0,nan,nan,nan,nan,nan,0,nan,nan,nan,nan,nan,0,nan,nan,nan,nan,nan,0,nan,nan,nan,nan,nan,1,0.989026115331666,0.0,0.989026115331666,0.989026115331666,0.0,1,0.010973884668334006,0.0,0.010973884668334006,0.010973884668334006,0.0,1,0.988963623992533,0.0,0.988963623992533,0.988963623992533,0.0,1,0.01762560333307734,0.0,0.01762560333307734,0.01762560333307734,0.0,1,142.32576,0.0,142.32576,142.32576,0.0,1,1073.38158908834,0.0,1073.38158908834,1073.38158908834,0.0,1,104.8224208094082,0.0,104.8224208094082,104.8224208094082,0.0,0,nan,nan,nan,nan,nan,0,nan,nan,nan,nan,nan,0,nan,nan,nan,nan,nan,0,nan,nan,nan,nan,nan,0,nan,nan,nan,nan,nan,0,nan,nan,nan,nan,nan,0,nan,nan,nan,nan,nan,results/fp16_launch_shape_warpsync_rtx3090_20260602_direct,"ga102
GeForce RTX 3090"
