scope,condition,repeat_index,gpu,architecture_generation,architecture_chip,sm_count,test_kernel,baseline_kernel,threads,threads_per_sm,blocks_per_sm_requested,unroll,measurement_grade,baseline_match_grade,quality_pass,target_pass,positive_increment,no_intended_l2,pure_fp16_candidate,energy_source_reliable,energy_trace_crosscheck_pass,baseline_structural_match,benchmark_schema_current,test_benchmark_schema_version,baseline_benchmark_schema_version,matmul_denominator_valid,matmul_denominator_note,matmul_denominator_metadata_complete,matmul_denominator_source,energy_signal_reliable,measurement_resolution_reliable,ncu_validation_pass,ncu_validation_context_match,ncu_required,ncu_tensor_activity_required,test_ncu_note,baseline_ncu_note,test_ncu_tensor_activity_note,test_ncu_validation_blocks_per_sm,baseline_ncu_validation_blocks_per_sm,test_ncu_validation_unroll,baseline_ncu_validation_unroll,test_ncu_validation_suppress_output_store,baseline_ncu_validation_suppress_output_store,test_ncu_tensor_activity_pct,baseline_ncu_tensor_activity_pct,test_ncu_sm_activity_pct,baseline_ncu_sm_activity_pct,test_ncu_tensor_activity_observed,baseline_ncu_tensor_activity_observed,clock_stable,sm_util_available,common_hmma_path,tflops,elapsed_s,baseline_elapsed_s,tensor_peak_tflops_model,achieved_flops_per_sm_cycle,tensor_model_utilization_pct,avg_sm_util_pct,matmul_logical_mma_count,matmul_flops_per_logical_mma,matmul_input_bits_per_logical_mma,matmul_input_pj_per_bit,incremental_power_w,test_energy_j,incremental_energy_j,incremental_energy_fraction,baseline_energy_fraction,baseline_power_fraction,clock_span_mhz,test_energy_source,baseline_energy_source,test_energy_counter_vs_trace_ratio,baseline_energy_counter_vs_trace_ratio,test_energy_counter_vs_trace_delta_j,baseline_energy_counter_vs_trace_delta_j,test_power_samples,baseline_power_samples,fail_reasons,warnings,fp16_path,run_count,required_valid_count,valid_no_l2_count,pure_fp16_candidate_count,selected_optimal,quality_gate_selected_target,util_saturated,util_reference_scope,util_reference_max_pct,util_metric_source,target_selection_note,test_benchmark_schema_versions,baseline_benchmark_schema_versions,target_util_available,target_util_value_pct,avg_sm_util_pct_mean,avg_gpu_util_pct_mean,tflops_mean,elapsed_s_mean,baseline_elapsed_s_mean,tensor_peak_tflops_model_mean,achieved_flops_per_sm_cycle_mean,tensor_model_utilization_pct_mean,matmul_logical_mma_count_mean,matmul_input_pj_per_bit_mean,matmul_input_pj_per_bit_ci95,incremental_power_w_mean,test_energy_j_mean,incremental_energy_j_mean,incremental_energy_fraction_mean,baseline_energy_fraction_mean,baseline_power_fraction_mean,clock_span_mhz_mean,stats_scope,test_energy_source_counts,baseline_energy_source_counts,test_energy_counter_vs_trace_ratio_mean,baseline_energy_counter_vs_trace_ratio_mean,test_energy_counter_vs_trace_delta_j_mean,baseline_energy_counter_vs_trace_delta_j_mean,gpu_product_class,recommended_cuda_arch,input_dir,architecture_label
pair,launch_shape_tensor_mma_f16acc_t032_b01,0,NVIDIA GeForce RTX 3090,ampere,ga102,82,tensor_mma_f16acc,tensor_baseline_mov,32,32.0,1,8,strict_nvml_counter,structural_baseline,True,False,False,False,False,True,True,True,True,fp16-energy-bench-v2,fp16-energy-bench-v2,True,logical_m16n16k16_input_bits_8192,True,bench_json_metadata,True,True,False,False,False,False,missing NCU validation row,missing NCU validation row,missing NCU validation row for tensor activity,,,,,,,,,,,,,True,True,True,38.24564101497849,1.12409191895,0.837378051758,162.47808,241.03889213448346,23.538954310008148,100.0,5248000000.0,8192.0,8192.0,0.0003175277316325787,-4.129327064175328,169.195,0.013651030307698875,8.068223238097388e-05,0.999919317767619,1.0282104917011519,0.0,nvml_total_energy_counter,nvml_total_energy_counter,0.9110933920762397,0.9377381534709006,-16.510440815931048,-8.604227802656396,9,6,,baseline elapsed_s 0.8456s < warning threshold 1s,,,,,,,False,False,quality_pass,98.33951728154186,tensor_model_utilization_pct_mean,quality_pass_below_saturation_band,fp16-energy-bench-v2,fp16-energy-bench-v2,,,,,,1.1225822928314284,,161.9382857142857,242.17341302250333,23.649747365478838,5248000000.0,,,,187.713,24.867872295888183,0.13249133306076497,0.8675086669392351,0.8936737510518419,,,,,0.959308932332476,0.9129921965949538,-7.97100174708673,-12.231450446379261,consumer,86,results/strict_fp16_launch_shape_rtx3090_20260602_115550,"ga102
GeForce RTX 3090"
pair,launch_shape_tensor_mma_f16acc_t032_b01,1,NVIDIA GeForce RTX 3090,ampere,ga102,82,tensor_mma_f16acc,tensor_baseline_mov,32,32.0,1,8,strict_nvml_counter,structural_baseline,True,False,True,True,True,True,True,True,True,fp16-energy-bench-v2,fp16-energy-bench-v2,True,logical_m16n16k16_input_bits_8192,True,bench_json_metadata,True,True,False,False,False,False,missing NCU validation row,missing NCU validation row,missing NCU validation row for tensor activity,,,,,,,,,,,,,True,True,True,38.46093898424268,1.1177994384799999,0.843499511719,162.47808,242.39578360271432,23.67146324245257,100.0,5248000000.0,8192.0,8192.0,0.523484351783236,14.754942212065771,193.261,22.505438233873804,0.11645100787988164,0.8835489921201184,0.9119188946498964,0.0,nvml_total_energy_counter,nvml_total_energy_counter,1.0039835398029833,0.8535131696470425,0.7668082745812796,-22.82293104107751,9,6,,baseline elapsed_s 0.8456s < warning threshold 1s,,,,,,,False,False,quality_pass,98.33951728154186,tensor_model_utilization_pct_mean,quality_pass_below_saturation_band,fp16-energy-bench-v2,fp16-energy-bench-v2,,,,,,1.1225822928314284,,161.9382857142857,242.17341302250333,23.649747365478838,5248000000.0,,,,187.713,24.867872295888183,0.13249133306076497,0.8675086669392351,0.8936737510518419,,,,,0.959308932332476,0.9129921965949538,-7.97100174708673,-12.231450446379261,consumer,86,results/strict_fp16_launch_shape_rtx3090_20260602_115550,"ga102
GeForce RTX 3090"
pair,launch_shape_tensor_mma_f16acc_t032_b01,2,NVIDIA GeForce RTX 3090,ampere,ga102,82,tensor_mma_f16acc,tensor_baseline_mov,32,32.0,1,8,strict_nvml_counter,structural_baseline,True,False,False,False,False,True,True,True,True,fp16-energy-bench-v2,fp16-energy-bench-v2,True,logical_m16n16k16_input_bits_8192,True,bench_json_metadata,True,True,False,False,False,False,missing NCU validation row,missing NCU validation row,missing NCU validation row for tensor activity,,,,,,,,,,,,,True,True,True,38.4787180852094,1.1172829589800002,0.843881347656,162.47808,242.50783440605912,23.68240570371671,100.0,5248000000.0,8192.0,8192.0,-0.016696071991383437,-5.076923038602189,173.929,-0.7177911157619121,-0.004126920270696158,1.0041269202706962,1.0335693367572538,0.0,nvml_total_energy_counter,nvml_total_energy_counter,0.9008855705521093,0.8987427553082413,-19.135475317777946,-15.046018362582288,9,6,,baseline elapsed_s 0.8456s < warning threshold 1s,,,,,,,False,False,quality_pass,98.33951728154186,tensor_model_utilization_pct_mean,quality_pass_below_saturation_band,fp16-energy-bench-v2,fp16-energy-bench-v2,,,,,,1.1225822928314284,,161.9382857142857,242.17341302250333,23.649747365478838,5248000000.0,,,,187.713,24.867872295888183,0.13249133306076497,0.8675086669392351,0.8936737510518419,,,,,0.959308932332476,0.9129921965949538,-7.97100174708673,-12.231450446379261,consumer,86,results/strict_fp16_launch_shape_rtx3090_20260602_115550,"ga102
GeForce RTX 3090"
pair,launch_shape_tensor_mma_f16acc_t032_b01,3,NVIDIA GeForce RTX 3090,ampere,ga102,82,tensor_mma_f16acc,tensor_baseline_mov,32,32.0,1,8,strict_nvml_counter,structural_baseline,True,False,True,True,True,True,True,True,True,fp16-energy-bench-v2,fp16-energy-bench-v2,True,logical_m16n16k16_input_bits_8192,True,bench_json_metadata,True,True,False,False,False,False,missing NCU validation row,missing NCU validation row,missing NCU validation row for tensor activity,,,,,,,,,,,,,True,True,True,38.42208058281879,1.1189299316399999,0.8443453369139999,162.47808,242.150882856361,23.6475471539415,100.0,5248000000.0,8192.0,8192.0,0.5854957363598722,17.92685183924641,180.616,25.171407867220864,0.13936421948897584,0.8606357805110242,0.8857065926374839,0.0,nvml_total_energy_counter,nvml_total_energy_counter,0.929943847141194,0.8920590723294587,-13.60647972847434,-14.605424839772425,9,6,,baseline elapsed_s 0.8456s < warning threshold 1s,,,,,,,False,False,quality_pass,98.33951728154186,tensor_model_utilization_pct_mean,quality_pass_below_saturation_band,fp16-energy-bench-v2,fp16-energy-bench-v2,,,,,,1.1225822928314284,,161.9382857142857,242.17341302250333,23.649747365478838,5248000000.0,,,,187.713,24.867872295888183,0.13249133306076497,0.8675086669392351,0.8936737510518419,,,,,0.959308932332476,0.9129921965949538,-7.97100174708673,-12.231450446379261,consumer,86,results/strict_fp16_launch_shape_rtx3090_20260602_115550,"ga102
GeForce RTX 3090"
pair,launch_shape_tensor_mma_f16acc_t032_b01,4,NVIDIA GeForce RTX 3090,ampere,ga102,82,tensor_mma_f16acc,tensor_baseline_mov,32,32.0,1,8,strict_nvml_counter,structural_baseline,True,False,True,True,True,True,True,True,True,fp16-energy-bench-v2,fp16-energy-bench-v2,True,logical_m16n16k16_input_bits_8192,True,bench_json_metadata,True,True,False,False,False,False,missing NCU validation row,missing NCU validation row,missing NCU validation row for tensor activity,,,,,,,,,,,,,True,True,True,38.49292459613826,1.1168706054700002,0.848976867676,162.47808,242.59736935865794,23.69114935143144,100.0,5248000000.0,8192.0,8192.0,0.9250534677829616,30.58620402364312,193.068,39.76954346639346,0.20598723489337153,0.7940127651066284,0.8177693277488098,0.0,nvml_total_energy_counter,nvml_total_energy_counter,0.9895454301311142,0.8829071875789911,-2.039767790326323,-15.91701297582577,9,6,,baseline elapsed_s 0.8456s < warning threshold 1s,,,,,,,False,False,quality_pass,98.33951728154186,tensor_model_utilization_pct_mean,quality_pass_below_saturation_band,fp16-energy-bench-v2,fp16-energy-bench-v2,,,,,,1.1225822928314284,,161.9382857142857,242.17341302250333,23.649747365478838,5248000000.0,,,,187.713,24.867872295888183,0.13249133306076497,0.8675086669392351,0.8936737510518419,,,,,0.959308932332476,0.9129921965949538,-7.97100174708673,-12.231450446379261,consumer,86,results/strict_fp16_launch_shape_rtx3090_20260602_115550,"ga102
GeForce RTX 3090"
pair,launch_shape_tensor_mma_f16acc_t032_b01,5,NVIDIA GeForce RTX 3090,ampere,ga102,82,tensor_mma_f16acc,tensor_baseline_mov,32,32.0,1,8,strict_nvml_counter,structural_baseline,True,False,True,True,True,True,True,True,True,fp16-energy-bench-v2,fp16-energy-bench-v2,True,logical_m16n16k16_input_bits_8192,True,bench_json_metadata,True,True,False,False,False,False,missing NCU validation row,missing NCU validation row,missing NCU validation row for tensor activity,,,,,,,,,,,,,True,True,True,38.488234194269545,1.1170067138700002,0.843511779785,162.47808,242.5678086233664,23.68826256087562,100.0,5248000000.0,8192.0,8192.0,0.4737039401667616,13.787457061669414,176.666,20.36529789333639,0.11527570609702144,0.8847242939029786,0.9103054283704148,0.0,nvml_total_energy_counter,nvml_total_energy_counter,0.901686390844683,0.8971769759272393,-19.262431208219283,-13.919284884432557,9,6,,baseline elapsed_s 0.8456s < warning threshold 1s,,,,,,,False,False,quality_pass,98.33951728154186,tensor_model_utilization_pct_mean,quality_pass_below_saturation_band,fp16-energy-bench-v2,fp16-energy-bench-v2,,,,,,1.1225822928314284,,161.9382857142857,242.17341302250333,23.649747365478838,5248000000.0,,,,187.713,24.867872295888183,0.13249133306076497,0.8675086669392351,0.8936737510518419,,,,,0.959308932332476,0.9129921965949538,-7.97100174708673,-12.231450446379261,consumer,86,results/strict_fp16_launch_shape_rtx3090_20260602_115550,"ga102
GeForce RTX 3090"
pair,launch_shape_tensor_mma_f16acc_t032_b01,6,NVIDIA GeForce RTX 3090,ampere,ga102,82,tensor_mma_f16acc,tensor_baseline_mov,32,32.0,1,8,strict_nvml_counter,structural_baseline,True,False,True,True,True,True,True,True,True,fp16-energy-bench-v2,fp16-energy-bench-v2,True,logical_m16n16k16_input_bits_8192,True,bench_json_metadata,True,True,False,False,False,False,missing NCU validation row,missing NCU validation row,missing NCU validation row for tensor activity,,,,,,,,,,,,,True,True,True,37.98086354154762,1.13192834473,0.843632263184,161.21856,241.24024099052093,23.55861728423056,100.0,5248000000.0,8192.0,8192.0,0.4957399069516915,13.965898118048358,193.655,21.31265971554285,0.11005478668530556,0.8899452133146944,0.9159801536964527,0.0,nvml_total_energy_counter,nvml_total_energy_counter,0.9783965378686262,0.9769095608522681,-4.275994749700288,-3.124848727349786,9,6,,baseline elapsed_s 0.8456s < warning threshold 1s,,,,,,,False,False,quality_pass,98.33951728154186,tensor_model_utilization_pct_mean,quality_pass_below_saturation_band,fp16-energy-bench-v2,fp16-energy-bench-v2,,,,,,1.1225822928314284,,161.9382857142857,242.17341302250333,23.649747365478838,5248000000.0,,,,187.713,24.867872295888183,0.13249133306076497,0.8675086669392351,0.8936737510518419,,,,,0.959308932332476,0.9129921965949538,-7.97100174708673,-12.231450446379261,consumer,86,results/strict_fp16_launch_shape_rtx3090_20260602_115550,"ga102
GeForce RTX 3090"
pair,launch_shape_tensor_mma_f16acc_t032_b01,7,NVIDIA GeForce RTX 3090,ampere,ga102,82,tensor_mma_f16acc,tensor_baseline_mov,32,32.0,1,8,strict_nvml_counter,structural_baseline,True,False,True,True,True,True,True,True,True,fp16-energy-bench-v2,fp16-energy-bench-v2,True,logical_m16n16k16_input_bits_8192,True,bench_json_metadata,True,True,False,False,False,False,missing NCU validation row,missing NCU validation row,missing NCU validation row for tensor activity,,,,,,,,,,,,,True,True,True,38.03401740200233,1.13034643555,0.8433172607420001,161.21856,241.57785443344974,23.591587347016578,100.0,5248000000.0,8192.0,8192.0,0.44063854825906845,11.253687825309811,195.162,18.94376326155134,0.09706686374166763,0.9029331362583324,0.9326736184354998,0.0,nvml_total_energy_counter,nvml_total_energy_counter,0.9873139519452389,1.0004122221732694,-2.5076466361944085,0.05595876479722506,9,6,,baseline elapsed_s 0.8456s < warning threshold 1s,,,,,,,False,False,quality_pass,98.33951728154186,tensor_model_utilization_pct_mean,quality_pass_below_saturation_band,fp16-energy-bench-v2,fp16-energy-bench-v2,,,,,,1.1225822928314284,,161.9382857142857,242.17341302250333,23.649747365478838,5248000000.0,,,,187.713,24.867872295888183,0.13249133306076497,0.8675086669392351,0.8936737510518419,,,,,0.959308932332476,0.9129921965949538,-7.97100174708673,-12.231450446379261,consumer,86,results/strict_fp16_launch_shape_rtx3090_20260602_115550,"ga102
GeForce RTX 3090"
pair,launch_shape_tensor_mma_f16acc_t032_b01,8,NVIDIA GeForce RTX 3090,ampere,ga102,82,tensor_mma_f16acc,tensor_baseline_mov,32,32.0,1,8,strict_nvml_counter,structural_baseline,True,False,True,True,True,True,True,True,True,fp16-energy-bench-v2,fp16-energy-bench-v2,True,logical_m16n16k16_input_bits_8192,True,bench_json_metadata,True,True,False,False,False,False,missing NCU validation row,missing NCU validation row,missing NCU validation row for tensor activity,,,,,,,,,,,,,True,True,True,38.20816129148378,1.1251945800799998,0.851713012695,161.21856,242.6839512924529,23.6996046184036,100.0,5248000000.0,8192.0,8192.0,0.6049317995699108,18.609197201516338,181.563,26.006995633298573,0.14323951263913118,0.8567604873608688,0.8813622418243359,0.0,nvml_total_energy_counter,nvml_total_energy_counter,0.9242928285934929,0.8879671876564076,-14.871500391273742,-15.286609420994012,9,6,,baseline elapsed_s 0.8456s < warning threshold 1s,,,,,,,False,False,quality_pass,98.33951728154186,tensor_model_utilization_pct_mean,quality_pass_below_saturation_band,fp16-energy-bench-v2,fp16-energy-bench-v2,,,,,,1.1225822928314284,,161.9382857142857,242.17341302250333,23.649747365478838,5248000000.0,,,,187.713,24.867872295888183,0.13249133306076497,0.8675086669392351,0.8936737510518419,,,,,0.959308932332476,0.9129921965949538,-7.97100174708673,-12.231450446379261,consumer,86,results/strict_fp16_launch_shape_rtx3090_20260602_115550,"ga102
GeForce RTX 3090"
pair,launch_shape_tensor_mma_f16acc_t032_b01,9,NVIDIA GeForce RTX 3090,ampere,ga102,82,tensor_mma_f16acc,tensor_baseline_mov,32,32.0,1,8,strict_nvml_counter,structural_baseline,True,False,False,False,False,True,True,True,True,fp16-energy-bench-v2,fp16-energy-bench-v2,True,logical_m16n16k16_input_bits_8192,True,bench_json_metadata,True,True,False,False,False,False,missing NCU validation row,missing NCU validation row,missing NCU validation row for tensor activity,,,,,,,,,,,,,True,True,True,38.21383682278783,1.1250274658200001,0.8491416625980001,161.21856,242.7200001447398,23.703125014134745,100.0,5248000000.0,8192.0,8192.0,nan,nan,179.238,nan,nan,nan,nan,0.0,nvml_total_energy_counter,nvml_total_energy_counter,0.9134917451368867,nan,-16.973953697667184,nan,9,0,,baseline elapsed_s 0.8456s < warning threshold 1s,,,,,,,False,False,quality_pass,98.33951728154186,tensor_model_utilization_pct_mean,quality_pass_below_saturation_band,fp16-energy-bench-v2,fp16-energy-bench-v2,,,,,,1.1225822928314284,,161.9382857142857,242.17341302250333,23.649747365478838,5248000000.0,,,,187.713,24.867872295888183,0.13249133306076497,0.8675086669392351,0.8936737510518419,,,,,0.959308932332476,0.9129921965949538,-7.97100174708673,-12.231450446379261,consumer,86,results/strict_fp16_launch_shape_rtx3090_20260602_115550,"ga102
GeForce RTX 3090"
pair,launch_shape_tensor_mma_f16acc_t032_b02,0,NVIDIA GeForce RTX 3090,ampere,ga102,82,tensor_mma_f16acc,tensor_baseline_mov,32,64.0,2,8,strict_nvml_counter,structural_baseline,True,False,True,True,True,True,True,True,True,fp16-energy-bench-v2,fp16-energy-bench-v2,True,logical_m16n16k16_input_bits_8192,True,bench_json_metadata,True,True,False,False,False,False,missing NCU validation row,missing NCU validation row,missing NCU validation row for tensor activity,,,,,,,,,,,,,True,True,True,77.54345259828425,1.10883935547,0.998589416504,162.47808,488.7089720696052,47.72548555367238,100.0,10496000000.0,8192.0,8192.0,0.3183173514105836,20.03431299661412,188.127,27.369954675961736,0.1454865844666727,0.8545134155333273,0.878588804431246,0.0,nvml_total_energy_counter,nvml_total_energy_counter,0.9521206840005901,0.9555034915226511,-9.460347025729988,-6.932116227399661,9,7,,,,,,,,,False,False,quality_pass,98.33951728154186,tensor_model_utilization_pct_mean,quality_pass_below_saturation_band,fp16-energy-bench-v2,fp16-energy-bench-v2,,,,,,1.1161382785377778,,162.47808,485.5157985006195,47.413652197326115,10496000000.0,,,,201.22277777777776,35.35113325531247,0.1742008786834974,0.8257991213165026,0.849953434921138,,,,,0.9730321832617553,0.9347342827765647,-5.5434854417408195,-10.778260677858485,consumer,86,results/strict_fp16_launch_shape_rtx3090_20260602_115550,"ga102
GeForce RTX 3090"
pair,launch_shape_tensor_mma_f16acc_t032_b02,1,NVIDIA GeForce RTX 3090,ampere,ga102,82,tensor_mma_f16acc,tensor_baseline_mov,32,64.0,2,8,strict_nvml_counter,structural_baseline,True,False,True,True,True,True,True,True,True,fp16-energy-bench-v2,fp16-energy-bench-v2,True,logical_m16n16k16_input_bits_8192,True,bench_json_metadata,True,True,False,False,False,False,missing NCU validation row,missing NCU validation row,missing NCU validation row for tensor activity,,,,,,,,,,,,,True,True,True,76.97308681232998,1.11705578613,1.00594580078,162.47808,485.1143052393646,47.374443871031694,100.0,10496000000.0,8192.0,8192.0,0.354642460551121,22.498704430856236,193.576,30.493304962617884,0.15752626855921129,0.8424737314407887,0.8664702198867235,0.0,nvml_total_energy_counter,nvml_total_energy_counter,0.9485130365837078,0.9318215630752862,-10.507647281443155,-11.088800063848879,9,7,,,,,,,,,False,False,quality_pass,98.33951728154186,tensor_model_utilization_pct_mean,quality_pass_below_saturation_band,fp16-energy-bench-v2,fp16-energy-bench-v2,,,,,,1.1161382785377778,,162.47808,485.5157985006195,47.413652197326115,10496000000.0,,,,201.22277777777776,35.35113325531247,0.1742008786834974,0.8257991213165026,0.849953434921138,,,,,0.9730321832617553,0.9347342827765647,-5.5434854417408195,-10.778260677858485,consumer,86,results/strict_fp16_launch_shape_rtx3090_20260602_115550,"ga102
GeForce RTX 3090"
pair,launch_shape_tensor_mma_f16acc_t032_b02,2,NVIDIA GeForce RTX 3090,ampere,ga102,82,tensor_mma_f16acc,tensor_baseline_mov,32,64.0,2,8,strict_nvml_counter,structural_baseline,True,False,True,True,True,True,True,True,True,fp16-energy-bench-v2,fp16-energy-bench-v2,True,logical_m16n16k16_input_bits_8192,True,bench_json_metadata,True,True,False,False,False,False,missing NCU validation row,missing NCU validation row,missing NCU validation row for tensor activity,,,,,,,,,,,,,True,True,True,76.97229613822941,1.1170672607399998,1.00563354492,162.47808,485.10932210392264,47.37395723671119,100.0,10496000000.0,8192.0,8192.0,0.3407963737400257,21.116208487269773,193.277,29.302773668047337,0.15161024678594628,0.8483897532140537,0.8742380205476208,0.0,nvml_total_energy_counter,nvml_total_energy_counter,0.9371661330306708,0.9197449722020095,-12.958578930885892,-13.273063090748224,9,7,,,,,,,,,False,False,quality_pass,98.33951728154186,tensor_model_utilization_pct_mean,quality_pass_below_saturation_band,fp16-energy-bench-v2,fp16-energy-bench-v2,,,,,,1.1161382785377778,,162.47808,485.5157985006195,47.413652197326115,10496000000.0,,,,201.22277777777776,35.35113325531247,0.1742008786834974,0.8257991213165026,0.849953434921138,,,,,0.9730321832617553,0.9347342827765647,-5.5434854417408195,-10.778260677858485,consumer,86,results/strict_fp16_launch_shape_rtx3090_20260602_115550,"ga102
GeForce RTX 3090"
pair,launch_shape_tensor_mma_f16acc_t032_b02,3,NVIDIA GeForce RTX 3090,ampere,ga102,82,tensor_mma_f16acc,tensor_baseline_mov,32,64.0,2,8,strict_nvml_counter,structural_baseline,True,False,False,False,False,True,True,True,True,fp16-energy-bench-v2,fp16-energy-bench-v2,True,logical_m16n16k16_input_bits_8192,True,bench_json_metadata,True,True,False,False,False,False,missing NCU validation row,missing NCU validation row,missing NCU validation row for tensor activity,,,,,,,,,,,,,True,True,True,76.83790768934294,1.11902099609,1.01444403076,162.47808,484.2623538749791,47.29124549560343,100.0,10496000000.0,8192.0,8192.0,-10.867389744131492,-839.9252804507055,195.721,-934.4132936040787,-4.774210706076909,5.774210706076909,5.940562930154149,0.0,nvml_total_energy_counter,nvml_total_energy_counter,0.9476625788887465,nan,-10.809261255548876,1197176571590.548,9,2,,,,,,,,,False,False,quality_pass,98.33951728154186,tensor_model_utilization_pct_mean,quality_pass_below_saturation_band,fp16-energy-bench-v2,fp16-energy-bench-v2,,,,,,1.1161382785377778,,162.47808,485.5157985006195,47.413652197326115,10496000000.0,,,,201.22277777777776,35.35113325531247,0.1742008786834974,0.8257991213165026,0.849953434921138,,,,,0.9730321832617553,0.9347342827765647,-5.5434854417408195,-10.778260677858485,consumer,86,results/strict_fp16_launch_shape_rtx3090_20260602_115550,"ga102
GeForce RTX 3090"
pair,launch_shape_tensor_mma_f16acc_t032_b02,4,NVIDIA GeForce RTX 3090,ampere,ga102,82,tensor_mma_f16acc,tensor_baseline_mov,32,64.0,2,8,strict_nvml_counter,structural_baseline,True,False,True,True,True,True,True,True,True,fp16-energy-bench-v2,fp16-energy-bench-v2,True,logical_m16n16k16_input_bits_8192,True,bench_json_metadata,True,True,False,False,False,False,missing NCU validation row,missing NCU validation row,missing NCU validation row for tensor activity,,,,,,,,,,,,,True,True,True,76.94204403199058,1.11750646973,1.0050628051800001,162.47808,484.9186615742773,47.355338044363016,100.0,10496000000.0,8192.0,8192.0,0.5620118758460263,37.73995450454149,212.753,48.32359750762407,0.22713474079154736,0.7728652592084526,0.7958672921478623,0.0,nvml_total_energy_counter,nvml_total_energy_counter,1.0230346754819253,0.9216826109165898,4.790352106586681,-12.939310036015996,9,7,,,,,,,,,False,False,quality_pass,98.33951728154186,tensor_model_utilization_pct_mean,quality_pass_below_saturation_band,fp16-energy-bench-v2,fp16-energy-bench-v2,,,,,,1.1161382785377778,,162.47808,485.5157985006195,47.413652197326115,10496000000.0,,,,201.22277777777776,35.35113325531247,0.1742008786834974,0.8257991213165026,0.849953434921138,,,,,0.9730321832617553,0.9347342827765647,-5.5434854417408195,-10.778260677858485,consumer,86,results/strict_fp16_launch_shape_rtx3090_20260602_115550,"ga102
GeForce RTX 3090"
pair,launch_shape_tensor_mma_f16acc_t032_b02,5,NVIDIA GeForce RTX 3090,ampere,ga102,82,tensor_mma_f16acc,tensor_baseline_mov,32,64.0,2,8,strict_nvml_counter,structural_baseline,True,False,True,True,True,True,True,True,True,fp16-energy-bench-v2,fp16-energy-bench-v2,True,logical_m16n16k16_input_bits_8192,True,bench_json_metadata,True,True,False,False,False,False,missing NCU validation row,missing NCU validation row,missing NCU validation row for tensor activity,,,,,,,,,,,,,True,True,True,77.022569884451,1.1163381347699999,1.00517681885,162.47808,485.4261667892544,47.40489910051313,100.0,10496000000.0,8192.0,8192.0,0.3259032583955919,20.071941534339004,198.724,28.02221547618413,0.14101072581159865,0.8589892741884013,0.8839666187703322,0.0,nvml_total_energy_counter,nvml_total_energy_counter,0.9542432936478872,0.9503108834215009,-9.528969995017377,-8.26791705329785,9,7,,,,,,,,,False,False,quality_pass,98.33951728154186,tensor_model_utilization_pct_mean,quality_pass_below_saturation_band,fp16-energy-bench-v2,fp16-energy-bench-v2,,,,,,1.1161382785377778,,162.47808,485.5157985006195,47.413652197326115,10496000000.0,,,,201.22277777777776,35.35113325531247,0.1742008786834974,0.8257991213165026,0.849953434921138,,,,,0.9730321832617553,0.9347342827765647,-5.5434854417408195,-10.778260677858485,consumer,86,results/strict_fp16_launch_shape_rtx3090_20260602_115550,"ga102
GeForce RTX 3090"
pair,launch_shape_tensor_mma_f16acc_t032_b02,6,NVIDIA GeForce RTX 3090,ampere,ga102,82,tensor_mma_f16acc,tensor_baseline_mov,32,64.0,2,8,strict_nvml_counter,structural_baseline,True,False,True,True,True,True,True,True,True,fp16-energy-bench-v2,fp16-energy-bench-v2,True,logical_m16n16k16_input_bits_8192,True,bench_json_metadata,True,True,False,False,False,False,missing NCU validation row,missing NCU validation row,missing NCU validation row for tensor activity,,,,,,,,,,,,,True,True,True,77.01642207419626,1.11642724609,1.00675048828,162.47808,485.3874208999575,47.401115322261475,100.0,10496000000.0,8192.0,8192.0,0.5599995259846483,37.72824972911269,215.077,48.150569162628045,0.2238759568090872,0.7761240431909128,0.798510429826143,0.0,nvml_total_energy_counter,nvml_total_energy_counter,1.0330971599568135,0.9347257555949068,6.890385675176134,-10.83625952845793,9,7,,,,,,,,,False,False,quality_pass,98.33951728154186,tensor_model_utilization_pct_mean,quality_pass_below_saturation_band,fp16-energy-bench-v2,fp16-energy-bench-v2,,,,,,1.1161382785377778,,162.47808,485.5157985006195,47.413652197326115,10496000000.0,,,,201.22277777777776,35.35113325531247,0.1742008786834974,0.8257991213165026,0.849953434921138,,,,,0.9730321832617553,0.9347342827765647,-5.5434854417408195,-10.778260677858485,consumer,86,results/strict_fp16_launch_shape_rtx3090_20260602_115550,"ga102
GeForce RTX 3090"
pair,launch_shape_tensor_mma_f16acc_t032_b02,7,NVIDIA GeForce RTX 3090,ampere,ga102,82,tensor_mma_f16acc,tensor_baseline_mov,32,64.0,2,8,strict_nvml_counter,structural_baseline,True,False,True,True,True,True,True,True,True,fp16-energy-bench-v2,fp16-energy-bench-v2,True,logical_m16n16k16_input_bits_8192,True,bench_json_metadata,True,True,False,False,False,False,missing NCU validation row,missing NCU validation row,missing NCU validation row for tensor activity,,,,,,,,,,,,,True,True,True,76.91610737901303,1.11788330078,1.00582299805,162.47808,484.75519870809245,47.33937487383715,100.0,10496000000.0,8192.0,8192.0,0.3761215398659871,23.725861357197346,198.735,32.34014562249442,0.16272999533295301,0.837270004667047,0.8625177567918981,0.0,nvml_total_energy_counter,nvml_total_energy_counter,0.9501708234843015,0.9274854886271715,-10.422127421818232,-12.090449598088782,9,7,,,,,,,,,False,False,quality_pass,98.33951728154186,tensor_model_utilization_pct_mean,quality_pass_below_saturation_band,fp16-energy-bench-v2,fp16-energy-bench-v2,,,,,,1.1161382785377778,,162.47808,485.5157985006195,47.413652197326115,10496000000.0,,,,201.22277777777776,35.35113325531247,0.1742008786834974,0.8257991213165026,0.849953434921138,,,,,0.9730321832617553,0.9347342827765647,-5.5434854417408195,-10.778260677858485,consumer,86,results/strict_fp16_launch_shape_rtx3090_20260602_115550,"ga102
GeForce RTX 3090"
pair,launch_shape_tensor_mma_f16acc_t032_b02,8,NVIDIA GeForce RTX 3090,ampere,ga102,82,tensor_mma_f16acc,tensor_baseline_mov,32,64.0,2,8,strict_nvml_counter,structural_baseline,True,False,True,True,True,True,True,True,True,fp16-energy-bench-v2,fp16-energy-bench-v2,True,logical_m16n16k16_input_bits_8192,True,bench_json_metadata,True,True,False,False,False,False,missing NCU validation row,missing NCU validation row,missing NCU validation row for tensor activity,,,,,,,,,,,,,True,True,True,77.00822932558195,1.11654602051,1.01300939941,162.47808,485.3357870144448,47.39607295062937,100.0,10496000000.0,8192.0,8192.0,0.5419376268948031,36.42353615650495,212.128,46.59754870282529,0.2196671288223398,0.7803328711776603,0.8027703663210604,0.0,nvml_total_energy_counter,nvml_total_energy_counter,1.0169596491911612,0.9234558670755931,3.537619674963537,-12.80482496675748,9,7,,,,,,,,,False,False,quality_pass,98.33951728154186,tensor_model_utilization_pct_mean,quality_pass_below_saturation_band,fp16-energy-bench-v2,fp16-energy-bench-v2,,,,,,1.1161382785377778,,162.47808,485.5157985006195,47.413652197326115,10496000000.0,,,,201.22277777777776,35.35113325531247,0.1742008786834974,0.8257991213165026,0.849953434921138,,,,,0.9730321832617553,0.9347342827765647,-5.5434854417408195,-10.778260677858485,consumer,86,results/strict_fp16_launch_shape_rtx3090_20260602_115550,"ga102
GeForce RTX 3090"
pair,launch_shape_tensor_mma_f16acc_t032_b02,9,NVIDIA GeForce RTX 3090,ampere,ga102,82,tensor_mma_f16acc,tensor_baseline_mov,32,64.0,2,8,strict_nvml_counter,structural_baseline,True,False,True,True,True,True,True,True,True,fp16-energy-bench-v2,fp16-energy-bench-v2,True,logical_m16n16k16_input_bits_8192,True,bench_json_metadata,True,True,False,False,False,False,missing NCU validation row,missing NCU validation row,missing NCU validation row for tensor activity,,,,,,,,,,,,,True,True,True,76.93691748876321,1.1175809326200001,1.01246875,162.47808,484.8863521066567,47.35218282291569,100.0,10496000000.0,8192.0,8192.0,0.3205286528358144,19.56599876942346,198.608,27.560089519429283,0.13876626077212037,0.8612337392278796,0.8866514055673553,0.0,nvml_total_energy_counter,nvml_total_energy_counter,0.9419841939787397,0.9478779125533731,-12.232055777499085,-8.771605536111565,9,7,,,,,,,,,False,False,quality_pass,98.33951728154186,tensor_model_utilization_pct_mean,quality_pass_below_saturation_band,fp16-energy-bench-v2,fp16-energy-bench-v2,,,,,,1.1161382785377778,,162.47808,485.5157985006195,47.413652197326115,10496000000.0,,,,201.22277777777776,35.35113325531247,0.1742008786834974,0.8257991213165026,0.849953434921138,,,,,0.9730321832617553,0.9347342827765647,-5.5434854417408195,-10.778260677858485,consumer,86,results/strict_fp16_launch_shape_rtx3090_20260602_115550,"ga102
GeForce RTX 3090"
pair,launch_shape_tensor_mma_f16acc_t032_b04,0,NVIDIA GeForce RTX 3090,ampere,ga102,82,tensor_mma_f16acc,tensor_baseline_mov,32,128.0,4,8,strict_nvml_counter,structural_baseline,True,False,True,True,True,True,True,True,True,fp16-energy-bench-v2,fp16-energy-bench-v2,True,logical_m16n16k16_input_bits_8192,True,bench_json_metadata,True,True,False,False,False,False,missing NCU validation row,missing NCU validation row,missing NCU validation row for tensor activity,,,,,,,,,,,,,True,True,True,154.96167157519906,1.1097354736299998,1.0286909179700001,162.47808,976.6286731908934,95.37389386629819,100.0,20992000000.0,8192.0,8192.0,0.3319331525864203,45.98890788949842,219.848,57.08137053465916,0.2596401629064588,0.7403598370935413,0.7612955622079547,0.0,nvml_total_energy_counter,nvml_total_energy_counter,0.9759736078822709,0.9264206545649637,-5.4121896449229325,-12.323391928698726,9,8,,,,,,,,,False,False,quality_pass,98.33951728154186,tensor_model_utilization_pct_mean,quality_pass_below_saturation_band,fp16-energy-bench-v2,fp16-energy-bench-v2,,,,,,1.119416955567,,162.11421866666666,970.3660204051354,94.762306680189,20992000000.0,,,,236.0489,60.335095953404654,0.25455967348439373,0.7454403265156062,0.7677427896671685,,,,,0.9965133958177859,0.9428442178787151,-0.8078378300173739,-10.118046404137718,consumer,86,results/strict_fp16_launch_shape_rtx3090_20260602_115550,"ga102
GeForce RTX 3090"
pair,launch_shape_tensor_mma_f16acc_t032_b04,1,NVIDIA GeForce RTX 3090,ampere,ga102,82,tensor_mma_f16acc,tensor_baseline_mov,32,128.0,4,8,strict_nvml_counter,structural_baseline,True,False,True,True,True,True,True,True,True,fp16-energy-bench-v2,fp16-energy-bench-v2,True,logical_m16n16k16_input_bits_8192,True,bench_json_metadata,True,True,False,False,False,False,missing NCU validation row,missing NCU validation row,missing NCU validation row for tensor activity,,,,,,,,,,,,,True,True,True,153.89958794611155,1.1173939209000001,1.0384083252,162.47808,969.9350094290764,94.72021576455823,100.0,20992000000.0,8192.0,8192.0,0.3967875794849954,55.23138648113377,234.052,68.2341570031536,0.29153417617945415,0.7084658238205459,0.7287637413857633,0.0,nvml_total_energy_counter,nvml_total_energy_counter,1.0087208941822552,0.9049699576470561,2.0234960303859566,-16.642570502064018,9,8,,,,,,,,,False,False,quality_pass,98.33951728154186,tensor_model_utilization_pct_mean,quality_pass_below_saturation_band,fp16-energy-bench-v2,fp16-energy-bench-v2,,,,,,1.119416955567,,162.11421866666666,970.3660204051354,94.762306680189,20992000000.0,,,,236.0489,60.335095953404654,0.25455967348439373,0.7454403265156062,0.7677427896671685,,,,,0.9965133958177859,0.9428442178787151,-0.8078378300173739,-10.118046404137718,consumer,86,results/strict_fp16_launch_shape_rtx3090_20260602_115550,"ga102
GeForce RTX 3090"
pair,launch_shape_tensor_mma_f16acc_t032_b04,2,NVIDIA GeForce RTX 3090,ampere,ga102,82,tensor_mma_f16acc,tensor_baseline_mov,32,128.0,4,8,strict_nvml_counter,structural_baseline,True,False,True,True,True,True,True,True,True,fp16-energy-bench-v2,fp16-energy-bench-v2,True,logical_m16n16k16_input_bits_8192,True,bench_json_metadata,True,True,False,False,False,False,missing NCU validation row,missing NCU validation row,missing NCU validation row for tensor activity,,,,,,,,,,,,,True,True,True,153.7903652115589,1.1181875,1.03808813477,162.47808,969.2466453113941,94.65299270619083,100.0,20992000000.0,8192.0,8192.0,0.25214199985771185,31.516418696293442,228.798,43.359968141419216,0.189512006841927,0.810487993158073,0.8403055208902388,0.0,nvml_total_energy_counter,nvml_total_energy_counter,0.9729906828391005,0.997287726527657,-6.351219859318405,-0.48246589343773394,9,8,,,,,,,,,False,False,quality_pass,98.33951728154186,tensor_model_utilization_pct_mean,quality_pass_below_saturation_band,fp16-energy-bench-v2,fp16-energy-bench-v2,,,,,,1.119416955567,,162.11421866666666,970.3660204051354,94.762306680189,20992000000.0,,,,236.0489,60.335095953404654,0.25455967348439373,0.7454403265156062,0.7677427896671685,,,,,0.9965133958177859,0.9428442178787151,-0.8078378300173739,-10.118046404137718,consumer,86,results/strict_fp16_launch_shape_rtx3090_20260602_115550,"ga102
GeForce RTX 3090"
pair,launch_shape_tensor_mma_f16acc_t032_b04,3,NVIDIA GeForce RTX 3090,ampere,ga102,82,tensor_mma_f16acc,tensor_baseline_mov,32,128.0,4,8,strict_nvml_counter,structural_baseline,True,False,True,True,True,True,True,True,True,fp16-energy-bench-v2,fp16-energy-bench-v2,True,logical_m16n16k16_input_bits_8192,True,bench_json_metadata,True,True,False,False,False,False,missing NCU validation row,missing NCU validation row,missing NCU validation row for tensor activity,,,,,,,,,,,,,True,True,True,153.42548484768048,1.12084680176,1.0387916259799999,162.47808,966.9470274637957,94.4284206507613,100.0,20992000000.0,8192.0,8192.0,0.44233869554606886,61.593461730552235,249.756,76.06742136343001,0.304566942789883,0.6954330572101171,0.7155764051555249,0.0,nvml_total_energy_counter,nvml_total_energy_counter,1.048160533874367,0.9270216610947632,11.475706162934102,-13.038728052571429,9,8,,,,,,,,,False,False,quality_pass,98.33951728154186,tensor_model_utilization_pct_mean,quality_pass_below_saturation_band,fp16-energy-bench-v2,fp16-energy-bench-v2,,,,,,1.119416955567,,162.11421866666666,970.3660204051354,94.762306680189,20992000000.0,,,,236.0489,60.335095953404654,0.25455967348439373,0.7454403265156062,0.7677427896671685,,,,,0.9965133958177859,0.9428442178787151,-0.8078378300173739,-10.118046404137718,consumer,86,results/strict_fp16_launch_shape_rtx3090_20260602_115550,"ga102
GeForce RTX 3090"
pair,launch_shape_tensor_mma_f16acc_t032_b04,4,NVIDIA GeForce RTX 3090,ampere,ga102,82,tensor_mma_f16acc,tensor_baseline_mov,32,128.0,4,8,strict_nvml_counter,structural_baseline,True,False,True,True,True,True,True,True,True,fp16-energy-bench-v2,fp16-energy-bench-v2,True,logical_m16n16k16_input_bits_8192,True,bench_json_metadata,True,True,False,False,False,False,missing NCU validation row,missing NCU validation row,missing NCU validation row for tensor activity,,,,,,,,,,,,,True,True,True,153.768995797642,1.11834289551,1.03760961914,162.47808,969.1119669606227,94.6398405234983,100.0,20992000000.0,8192.0,8192.0,0.3528347850017153,48.334452037373694,231.617,60.675750352945215,0.26196587622214784,0.7380341237778522,0.7597532696474422,0.0,nvml_total_energy_counter,nvml_total_energy_counter,0.9732501521608322,0.9137776656668751,-6.366009286727206,-15.410094884883932,9,8,,,,,,,,,False,False,quality_pass,98.33951728154186,tensor_model_utilization_pct_mean,quality_pass_below_saturation_band,fp16-energy-bench-v2,fp16-energy-bench-v2,,,,,,1.119416955567,,162.11421866666666,970.3660204051354,94.762306680189,20992000000.0,,,,236.0489,60.335095953404654,0.25455967348439373,0.7454403265156062,0.7677427896671685,,,,,0.9965133958177859,0.9428442178787151,-0.8078378300173739,-10.118046404137718,consumer,86,results/strict_fp16_launch_shape_rtx3090_20260602_115550,"ga102
GeForce RTX 3090"
pair,launch_shape_tensor_mma_f16acc_t032_b04,5,NVIDIA GeForce RTX 3090,ampere,ga102,82,tensor_mma_f16acc,tensor_baseline_mov,32,128.0,4,8,strict_nvml_counter,structural_baseline,True,False,True,True,True,True,True,True,True,fp16-energy-bench-v2,fp16-energy-bench-v2,True,logical_m16n16k16_input_bits_8192,True,bench_json_metadata,True,True,False,False,False,False,missing NCU validation row,missing NCU validation row,missing NCU validation row for tensor activity,,,,,,,,,,,,,True,True,True,153.4605325005493,1.1205908203100001,1.03631933594,161.9182933333333,970.5116206793178,94.77652545696463,100.0,20992000000.0,8192.0,8192.0,0.40266925366652107,55.78262936741734,239.588,69.24560771455066,0.28901951564581974,0.7109804843541803,0.7315482337568302,15.0,nvml_total_energy_counter,nvml_total_energy_counter,1.0059110077145004,0.9046094671882534,1.4078845001601508,-17.088920166241166,9,8,,,,,,,,,False,False,quality_pass,98.33951728154186,tensor_model_utilization_pct_mean,quality_pass_below_saturation_band,fp16-energy-bench-v2,fp16-energy-bench-v2,,,,,,1.119416955567,,162.11421866666666,970.3660204051354,94.762306680189,20992000000.0,,,,236.0489,60.335095953404654,0.25455967348439373,0.7454403265156062,0.7677427896671685,,,,,0.9965133958177859,0.9428442178787151,-0.8078378300173739,-10.118046404137718,consumer,86,results/strict_fp16_launch_shape_rtx3090_20260602_115550,"ga102
GeForce RTX 3090"
pair,launch_shape_tensor_mma_f16acc_t032_b04,6,NVIDIA GeForce RTX 3090,ampere,ga102,82,tensor_mma_f16acc,tensor_baseline_mov,32,128.0,4,8,strict_nvml_counter,structural_baseline,True,False,True,True,True,True,True,True,True,fp16-energy-bench-v2,fp16-energy-bench-v2,True,logical_m16n16k16_input_bits_8192,True,bench_json_metadata,True,True,False,False,False,False,missing NCU validation row,missing NCU validation row,missing NCU validation row for tensor activity,,,,,,,,,,,,,True,True,True,153.01169233515748,1.1238779296899999,1.03861621094,161.6384,969.3487002544027,94.66295900921902,100.0,20992000000.0,8192.0,8192.0,0.380133682078357,52.00951240934188,233.447,65.37024515431523,0.2800217829071062,0.7199782170928938,0.7419654090669363,15.0,nvml_total_energy_counter,nvml_total_energy_counter,0.9685218682190601,0.8916816093840549,-7.587309766559656,-19.410249332062648,9,8,,,,,,,,,False,False,quality_pass,98.33951728154186,tensor_model_utilization_pct_mean,quality_pass_below_saturation_band,fp16-energy-bench-v2,fp16-energy-bench-v2,,,,,,1.119416955567,,162.11421866666666,970.3660204051354,94.762306680189,20992000000.0,,,,236.0489,60.335095953404654,0.25455967348439373,0.7454403265156062,0.7677427896671685,,,,,0.9965133958177859,0.9428442178787151,-0.8078378300173739,-10.118046404137718,consumer,86,results/strict_fp16_launch_shape_rtx3090_20260602_115550,"ga102
GeForce RTX 3090"
pair,launch_shape_tensor_mma_f16acc_t032_b04,7,NVIDIA GeForce RTX 3090,ampere,ga102,82,tensor_mma_f16acc,tensor_baseline_mov,32,128.0,4,8,strict_nvml_counter,structural_baseline,True,False,True,True,True,True,True,True,True,fp16-energy-bench-v2,fp16-energy-bench-v2,True,logical_m16n16k16_input_bits_8192,True,bench_json_metadata,True,True,False,False,False,False,missing NCU validation row,missing NCU validation row,missing NCU validation row for tensor activity,,,,,,,,,,,,,True,True,True,153.36077986525547,1.12131970215,1.03727612305,161.7783466666667,970.7197645281592,94.79685200470304,100.0,20992000000.0,8192.0,8192.0,0.24518789851099637,31.780051348497352,232.863,42.16409592252691,0.1810682500978125,0.8189317499021875,0.8425534002522905,15.0,nvml_total_energy_counter,nvml_total_energy_counter,0.9714075397545584,1.0100123331745137,-6.854101700524723,1.7990852575022984,9,8,,,,,,,,,False,False,quality_pass,98.33951728154186,tensor_model_utilization_pct_mean,quality_pass_below_saturation_band,fp16-energy-bench-v2,fp16-energy-bench-v2,,,,,,1.119416955567,,162.11421866666666,970.3660204051354,94.762306680189,20992000000.0,,,,236.0489,60.335095953404654,0.25455967348439373,0.7454403265156062,0.7677427896671685,,,,,0.9965133958177859,0.9428442178787151,-0.8078378300173739,-10.118046404137718,consumer,86,results/strict_fp16_launch_shape_rtx3090_20260602_115550,"ga102
GeForce RTX 3090"
pair,launch_shape_tensor_mma_f16acc_t032_b04,8,NVIDIA GeForce RTX 3090,ampere,ga102,82,tensor_mma_f16acc,tensor_baseline_mov,32,128.0,4,8,strict_nvml_counter,structural_baseline,True,False,True,True,True,True,True,True,True,fp16-energy-bench-v2,fp16-energy-bench-v2,True,logical_m16n16k16_input_bits_8192,True,bench_json_metadata,True,True,False,False,False,False,missing NCU validation row,missing NCU validation row,missing NCU validation row for tensor activity,,,,,,,,,,,,,True,True,True,153.3188860441522,1.12162609863,1.03750720215,161.7783466666667,970.4545913842024,94.77095618986351,100.0,20992000000.0,8192.0,8192.0,0.24216481503665047,31.237319860528686,234.776,41.64422694706681,0.177378552096751,0.822621447903249,0.8464441246560216,15.0,nvml_total_energy_counter,nvml_total_energy_counter,0.9728689595225057,1.0245249010694835,-6.547353676769092,4.399701009865595,9,8,,,,,,,,,False,False,quality_pass,98.33951728154186,tensor_model_utilization_pct_mean,quality_pass_below_saturation_band,fp16-energy-bench-v2,fp16-energy-bench-v2,,,,,,1.119416955567,,162.11421866666666,970.3660204051354,94.762306680189,20992000000.0,,,,236.0489,60.335095953404654,0.25455967348439373,0.7454403265156062,0.7677427896671685,,,,,0.9965133958177859,0.9428442178787151,-0.8078378300173739,-10.118046404137718,consumer,86,results/strict_fp16_launch_shape_rtx3090_20260602_115550,"ga102
GeForce RTX 3090"
pair,launch_shape_tensor_mma_f16acc_t032_b04,9,NVIDIA GeForce RTX 3090,ampere,ga102,82,tensor_mma_f16acc,tensor_baseline_mov,32,128.0,4,8,strict_nvml_counter,structural_baseline,True,False,True,True,True,True,True,True,True,fp16-energy-bench-v2,fp16-energy-bench-v2,True,logical_m16n16k16_input_bits_8192,True,bench_json_metadata,True,True,False,False,False,False,missing NCU validation row,missing NCU validation row,missing NCU validation row for tensor activity,,,,,,,,,,,,,True,True,True,153.2338669354919,1.12224841309,1.0374235839800001,161.6384,970.7562048494894,94.80041062983295,100.0,20992000000.0,8192.0,8192.0,0.46234663753962896,64.38492629964162,255.744,79.50811639997966,0.3108894691565771,0.6891105308434229,0.709222229652683,15.0,nvml_total_energy_counter,nvml_total_energy_counter,1.067328712028408,0.928136202469531,16.132718941168065,-12.982829548785418,9,8,,,,,,,,,False,False,quality_pass,98.33951728154186,tensor_model_utilization_pct_mean,quality_pass_below_saturation_band,fp16-energy-bench-v2,fp16-energy-bench-v2,,,,,,1.119416955567,,162.11421866666666,970.3660204051354,94.762306680189,20992000000.0,,,,236.0489,60.335095953404654,0.25455967348439373,0.7454403265156062,0.7677427896671685,,,,,0.9965133958177859,0.9428442178787151,-0.8078378300173739,-10.118046404137718,consumer,86,results/strict_fp16_launch_shape_rtx3090_20260602_115550,"ga102
GeForce RTX 3090"
pair,launch_shape_tensor_mma_f16acc_t032_b08,0,NVIDIA GeForce RTX 3090,ampere,ga102,82,tensor_mma_f16acc,tensor_baseline_mov,32,256.0,8,8,strict_nvml_counter,structural_baseline,True,False,True,True,True,True,True,True,True,fp16-energy-bench-v2,fp16-energy-bench-v2,True,logical_m16n16k16_input_bits_8192,True,bench_json_metadata,True,True,False,False,False,False,missing NCU validation row,missing NCU validation row,missing NCU validation row for tensor activity,,,,,,,,,,,,,True,True,True,160.23585741867802,1.07320837402,1.01302270508,162.47808,1009.8686419529718,98.61998456571989,98.0,20992000000.0,8192.0,8192.0,0.28037730042923537,39.14463488133552,222.99,48.21549294068129,0.21622266891197492,0.783777331088025,0.8062117874299031,0.0,nvml_total_energy_counter,nvml_total_energy_counter,0.9522046528588738,0.9684985605208489,-11.192850640879328,-5.519834519872006,8,8,,,,,,,,,False,False,quality_pass,98.33951728154186,tensor_model_utilization_pct_mean,quality_pass_below_saturation_band,fp16-energy-bench-v2,fp16-energy-bench-v2,,,,,,1.08339786377,,161.88680533333334,1004.0609160786704,98.05282383580764,20992000000.0,,,,233.35999999999999,47.11872833487853,0.20198397279955574,0.7980160272004443,0.7569006735976777,,,,,1.361869748633863,0.9836735941281907,6.208527911224403,-2.991893793092865,consumer,86,results/strict_fp16_launch_shape_rtx3090_20260602_115550,"ga102
GeForce RTX 3090"
pair,launch_shape_tensor_mma_f16acc_t032_b08,1,NVIDIA GeForce RTX 3090,ampere,ga102,82,tensor_mma_f16acc,tensor_baseline_mov,32,256.0,8,8,strict_nvml_counter,structural_baseline,True,False,True,True,True,True,True,True,True,fp16-energy-bench-v2,fp16-energy-bench-v2,True,logical_m16n16k16_input_bits_8192,True,bench_json_metadata,True,True,False,False,False,False,missing NCU validation row,missing NCU validation row,missing NCU validation row for tensor activity,,,,,,,,,,,,,True,True,True,159.45127150678812,1.07848913574,1.02048052979,162.47808,1004.9238766420125,98.13709732832152,99.0,20992000000.0,8192.0,8192.0,0.2948666981671062,41.62606932108949,230.296,50.70718343515253,0.22018264943877675,0.7798173505612233,0.8000140434010773,0.0,nvml_total_energy_counter,nvml_total_energy_counter,0.9515283681561763,0.9628720871571591,-11.73146623966241,-6.738203962913076,8,8,,,,,,,,,False,False,quality_pass,98.33951728154186,tensor_model_utilization_pct_mean,quality_pass_below_saturation_band,fp16-energy-bench-v2,fp16-energy-bench-v2,,,,,,1.08339786377,,161.88680533333334,1004.0609160786704,98.05282383580764,20992000000.0,,,,233.35999999999999,47.11872833487853,0.20198397279955574,0.7980160272004443,0.7569006735976777,,,,,1.361869748633863,0.9836735941281907,6.208527911224403,-2.991893793092865,consumer,86,results/strict_fp16_launch_shape_rtx3090_20260602_115550,"ga102
GeForce RTX 3090"
pair,launch_shape_tensor_mma_f16acc_t032_b08,2,NVIDIA GeForce RTX 3090,ampere,ga102,82,tensor_mma_f16acc,tensor_baseline_mov,32,256.0,8,8,strict_nvml_counter,structural_baseline,True,False,True,True,True,True,True,True,True,fp16-energy-bench-v2,fp16-energy-bench-v2,True,logical_m16n16k16_input_bits_8192,True,bench_json_metadata,True,True,False,False,False,False,missing NCU validation row,missing NCU validation row,missing NCU validation row for tensor activity,,,,,,,,,,,,,True,True,True,158.79481051896994,1.08294763184,1.02072296143,162.47808,1000.7866043925754,97.73306683521244,97.0,20992000000.0,8192.0,8192.0,0.3423062724994491,46.136623917101616,237.805,58.86519928675071,0.24753558287988356,0.7524644171201165,0.7817264449050398,0.0,nvml_total_energy_counter,nvml_total_energy_counter,0.9447624949821234,0.940093383371702,-13.903764121187635,-11.16675859777402,8,8,,,,,,,,,False,False,quality_pass,98.33951728154186,tensor_model_utilization_pct_mean,quality_pass_below_saturation_band,fp16-energy-bench-v2,fp16-energy-bench-v2,,,,,,1.08339786377,,161.88680533333334,1004.0609160786704,98.05282383580764,20992000000.0,,,,233.35999999999999,47.11872833487853,0.20198397279955574,0.7980160272004443,0.7569006735976777,,,,,1.361869748633863,0.9836735941281907,6.208527911224403,-2.991893793092865,consumer,86,results/strict_fp16_launch_shape_rtx3090_20260602_115550,"ga102
GeForce RTX 3090"
pair,launch_shape_tensor_mma_f16acc_t032_b08,3,NVIDIA GeForce RTX 3090,ampere,ga102,82,tensor_mma_f16acc,tensor_baseline_mov,32,256.0,8,8,strict_nvml_counter,structural_baseline,True,False,True,True,True,True,True,True,True,fp16-energy-bench-v2,fp16-energy-bench-v2,True,logical_m16n16k16_input_bits_8192,True,bench_json_metadata,True,True,False,False,False,False,missing NCU validation row,missing NCU validation row,missing NCU validation row for tensor activity,,,,,,,,,,,,,True,True,True,159.30819137873348,1.07945776367,1.0204610595699999,162.47808,1004.0221300733186,98.04903613997253,99.0,20992000000.0,8192.0,8192.0,0.22769211444258405,30.08524567702966,237.046,39.15540780137451,0.16518063076944775,0.8348193692305522,0.8590256223042204,0.0,nvml_total_energy_counter,nvml_total_energy_counter,0.9566558283503341,1.0497020872916605,-10.740082491928405,9.113309634243393,9,8,,,,,,,,,False,False,quality_pass,98.33951728154186,tensor_model_utilization_pct_mean,quality_pass_below_saturation_band,fp16-energy-bench-v2,fp16-energy-bench-v2,,,,,,1.08339786377,,161.88680533333334,1004.0609160786704,98.05282383580764,20992000000.0,,,,233.35999999999999,47.11872833487853,0.20198397279955574,0.7980160272004443,0.7569006735976777,,,,,1.361869748633863,0.9836735941281907,6.208527911224403,-2.991893793092865,consumer,86,results/strict_fp16_launch_shape_rtx3090_20260602_115550,"ga102
GeForce RTX 3090"
pair,launch_shape_tensor_mma_f16acc_t032_b08,4,NVIDIA GeForce RTX 3090,ampere,ga102,82,tensor_mma_f16acc,tensor_baseline_mov,32,256.0,8,8,strict_nvml_counter,structural_baseline,True,False,True,True,True,True,True,True,True,fp16-energy-bench-v2,fp16-energy-bench-v2,True,logical_m16n16k16_input_bits_8192,True,bench_json_metadata,True,True,False,False,False,False,missing NCU validation row,missing NCU validation row,missing NCU validation row for tensor activity,,,,,,,,,,,,,True,False,True,159.450062319068,1.07849731445,1.02053668213,162.1632,1006.8675495718242,98.32690913787346,nan,20992000000.0,8192.0,8192.0,0.3121090041430757,937.4652938958236,234.496,53.67228182504607,0.22888357082869673,0.7711164291713033,0.15171333894287034,15.0,nvml_total_energy_counter,nvml_total_energy_counter,5.129579827453709,0.9599004338671698,188.7815345100649,-7.356861340368624,4,7,,,,,,,,,False,False,quality_pass,98.33951728154186,tensor_model_utilization_pct_mean,quality_pass_below_saturation_band,fp16-energy-bench-v2,fp16-energy-bench-v2,,,,,,1.08339786377,,161.88680533333334,1004.0609160786704,98.05282383580764,20992000000.0,,,,233.35999999999999,47.11872833487853,0.20198397279955574,0.7980160272004443,0.7569006735976777,,,,,1.361869748633863,0.9836735941281907,6.208527911224403,-2.991893793092865,consumer,86,results/strict_fp16_launch_shape_rtx3090_20260602_115550,"ga102
GeForce RTX 3090"
pair,launch_shape_tensor_mma_f16acc_t032_b08,5,NVIDIA GeForce RTX 3090,ampere,ga102,82,tensor_mma_f16acc,tensor_baseline_mov,32,256.0,8,8,strict_nvml_counter,structural_baseline,True,False,True,True,True,True,True,True,True,fp16-energy-bench-v2,fp16-energy-bench-v2,True,logical_m16n16k16_input_bits_8192,True,bench_json_metadata,True,True,False,False,False,False,missing NCU validation row,missing NCU validation row,missing NCU validation row for tensor activity,,,,,,,,,,,,,True,True,True,158.4758405166631,1.08512731934,1.02591381836,161.49845333333332,1004.8347667709123,98.1283951924719,98.0,20992000000.0,8192.0,8192.0,0.2068740704271738,26.66173394603848,234.845,35.575402384648044,0.15148460637717662,0.8485153936228234,0.8732197525630963,15.0,nvml_total_energy_counter,nvml_total_energy_counter,0.9407950614186009,1.0370175459549165,-14.778971926344099,6.921200174758354,9,8,,,,,,,,,False,False,quality_pass,98.33951728154186,tensor_model_utilization_pct_mean,quality_pass_below_saturation_band,fp16-energy-bench-v2,fp16-energy-bench-v2,,,,,,1.08339786377,,161.88680533333334,1004.0609160786704,98.05282383580764,20992000000.0,,,,233.35999999999999,47.11872833487853,0.20198397279955574,0.7980160272004443,0.7569006735976777,,,,,1.361869748633863,0.9836735941281907,6.208527911224403,-2.991893793092865,consumer,86,results/strict_fp16_launch_shape_rtx3090_20260602_115550,"ga102
GeForce RTX 3090"
pair,launch_shape_tensor_mma_f16acc_t032_b08,6,NVIDIA GeForce RTX 3090,ampere,ga102,82,tensor_mma_f16acc,tensor_baseline_mov,32,256.0,8,8,strict_nvml_counter,structural_baseline,True,False,True,True,True,True,True,True,True,fp16-energy-bench-v2,fp16-energy-bench-v2,True,logical_m16n16k16_input_bits_8192,True,bench_json_metadata,True,True,False,False,False,False,missing NCU validation row,missing NCU validation row,missing NCU validation row for tensor activity,,,,,,,,,,,,,True,True,True,158.3797190536755,1.08578588867,1.02471557617,161.21856,1005.9687439893007,98.23913515520515,98.0,20992000000.0,8192.0,8192.0,0.22118182401003875,28.765402607839263,233.753,38.03585617607666,0.16271815196415304,0.8372818480358469,0.8623792066534839,0.0,nvml_total_energy_counter,nvml_total_energy_counter,0.9426198460516788,1.0242510638777267,-14.229260270790604,4.499292780984291,8,8,,,,,,,,,False,False,quality_pass,98.33951728154186,tensor_model_utilization_pct_mean,quality_pass_below_saturation_band,fp16-energy-bench-v2,fp16-energy-bench-v2,,,,,,1.08339786377,,161.88680533333334,1004.0609160786704,98.05282383580764,20992000000.0,,,,233.35999999999999,47.11872833487853,0.20198397279955574,0.7980160272004443,0.7569006735976777,,,,,1.361869748633863,0.9836735941281907,6.208527911224403,-2.991893793092865,consumer,86,results/strict_fp16_launch_shape_rtx3090_20260602_115550,"ga102
GeForce RTX 3090"
pair,launch_shape_tensor_mma_f16acc_t032_b08,7,NVIDIA GeForce RTX 3090,ampere,ga102,82,tensor_mma_f16acc,tensor_baseline_mov,32,256.0,8,8,strict_nvml_counter,structural_baseline,True,False,True,True,True,True,True,True,True,fp16-energy-bench-v2,fp16-energy-bench-v2,True,logical_m16n16k16_input_bits_8192,True,bench_json_metadata,True,True,False,False,False,False,missing NCU validation row,missing NCU validation row,missing NCU validation row for tensor activity,,,,,,,,,,,,,True,True,True,158.47357644615388,1.08514282227,1.02552575684,161.3585066666667,1005.6918946088921,98.21209908289961,99.0,20992000000.0,8192.0,8192.0,0.27591020762726504,39.4893866472886,233.714,47.44730278716659,0.20301437991376894,0.7969856200862311,0.8129716377098863,15.0,nvml_total_energy_counter,nvml_total_energy_counter,0.9436868926633112,0.9774231871405578,-13.946534248179432,-4.183355999307224,9,8,,,,,,,,,False,False,quality_pass,98.33951728154186,tensor_model_utilization_pct_mean,quality_pass_below_saturation_band,fp16-energy-bench-v2,fp16-energy-bench-v2,,,,,,1.08339786377,,161.88680533333334,1004.0609160786704,98.05282383580764,20992000000.0,,,,233.35999999999999,47.11872833487853,0.20198397279955574,0.7980160272004443,0.7569006735976777,,,,,1.361869748633863,0.9836735941281907,6.208527911224403,-2.991893793092865,consumer,86,results/strict_fp16_launch_shape_rtx3090_20260602_115550,"ga102
GeForce RTX 3090"
pair,launch_shape_tensor_mma_f16acc_t032_b08,8,NVIDIA GeForce RTX 3090,ampere,ga102,82,tensor_mma_f16acc,tensor_baseline_mov,32,256.0,8,8,strict_nvml_counter,structural_baseline,True,False,True,True,True,True,True,True,True,fp16-energy-bench-v2,fp16-energy-bench-v2,True,logical_m16n16k16_input_bits_8192,True,bench_json_metadata,True,True,False,False,False,False,missing NCU validation row,missing NCU validation row,missing NCU validation row for tensor activity,,,,,,,,,,,,,True,True,True,158.51064759835285,1.08488903809,1.0274649658200001,161.3585066666667,1005.9271524867439,98.23507348503358,97.0,20992000000.0,8192.0,8192.0,0.2997187735027227,41.33789452125356,235.343,51.54157767368011,0.21900620657372477,0.7809937934262752,0.8038603435209517,15.0,nvml_total_energy_counter,nvml_total_energy_counter,0.9396517784621414,0.9654327297645771,-15.114675273246945,-6.415101210677335,9,8,,,,,,,,,False,False,quality_pass,98.33951728154186,tensor_model_utilization_pct_mean,quality_pass_below_saturation_band,fp16-energy-bench-v2,fp16-energy-bench-v2,,,,,,1.08339786377,,161.88680533333334,1004.0609160786704,98.05282383580764,20992000000.0,,,,233.35999999999999,47.11872833487853,0.20198397279955574,0.7980160272004443,0.7569006735976777,,,,,1.361869748633863,0.9836735941281907,6.208527911224403,-2.991893793092865,consumer,86,results/strict_fp16_launch_shape_rtx3090_20260602_115550,"ga102
GeForce RTX 3090"
pair,launch_shape_tensor_mma_f16acc_t032_b08,9,NVIDIA GeForce RTX 3090,ampere,ga102,82,tensor_mma_f16acc,tensor_baseline_mov,32,256.0,8,8,strict_nvml_counter,structural_baseline,True,False,True,True,True,True,True,True,True,fp16-energy-bench-v2,fp16-energy-bench-v2,True,logical_m16n16k16_input_bits_8192,True,bench_json_metadata,True,True,False,False,False,False,missing NCU validation row,missing NCU validation row,missing NCU validation row for tensor activity,,,,,,,,,,,,,True,True,True,156.27158524498182,1.10043334961,1.02768945312,161.3585066666667,991.7178002981519,96.8474414353664,99.0,20992000000.0,8192.0,8192.0,0.27895891979385484,37.50258149834224,233.312,47.97157903820883,0.20561128033795445,0.7943887196620456,0.8178845585462474,15.0,nvml_total_energy_counter,nvml_total_energy_counter,0.9172127359416798,0.9515448623355891,-21.058650185602005,-9.072624890002402,9,8,,,,,,,,,False,False,quality_pass,98.33951728154186,tensor_model_utilization_pct_mean,quality_pass_below_saturation_band,fp16-energy-bench-v2,fp16-energy-bench-v2,,,,,,1.08339786377,,161.88680533333334,1004.0609160786704,98.05282383580764,20992000000.0,,,,233.35999999999999,47.11872833487853,0.20198397279955574,0.7980160272004443,0.7569006735976777,,,,,1.361869748633863,0.9836735941281907,6.208527911224403,-2.991893793092865,consumer,86,results/strict_fp16_launch_shape_rtx3090_20260602_115550,"ga102
GeForce RTX 3090"
pair,launch_shape_tensor_mma_f16acc_t064_b01,0,NVIDIA GeForce RTX 3090,ampere,ga102,82,tensor_mma_f16acc,tensor_baseline_mov,64,64.0,1,8,strict_nvml_counter,structural_baseline,True,False,True,True,True,True,True,True,True,fp16-energy-bench-v2,fp16-energy-bench-v2,True,logical_m16n16k16_input_bits_8192,True,bench_json_metadata,True,True,False,False,False,False,missing NCU validation row,missing NCU validation row,missing NCU validation row for tensor activity,,,,,,,,,,,,,True,True,True,77.39614314505681,1.1109498291,1.03095495605,162.47808,487.78057065013434,47.63482135255217,100.0,10496000000.0,8192.0,8192.0,0.41162002812779996,27.032573754566073,191.885,35.39242037435915,0.1844459982508229,0.8155540017491771,0.8389924796492682,0.0,nvml_total_energy_counter,nvml_total_energy_counter,0.968077791542962,0.8561322093802566,-6.32737681133645,-25.102396951440852,9,8,,,,,,,,,False,False,quality_pass,98.33951728154186,tensor_model_utilization_pct_mean,quality_pass_below_saturation_band,fp16-energy-bench-v2,fp16-energy-bench-v2,,,,,,1.11640345459,,162.47808,485.3991439389961,47.40226015029258,10496000000.0,,,,193.4527,27.863317780691602,0.14404398097861426,0.8559560190213858,0.8794725644091217,,,,,0.9398710360125768,0.8691888325237567,-12.406287303060514,-23.88921707052437,consumer,86,results/strict_fp16_launch_shape_rtx3090_20260602_115550,"ga102
GeForce RTX 3090"
pair,launch_shape_tensor_mma_f16acc_t064_b01,1,NVIDIA GeForce RTX 3090,ampere,ga102,82,tensor_mma_f16acc,tensor_baseline_mov,64,64.0,1,8,strict_nvml_counter,structural_baseline,True,False,True,True,True,True,True,True,True,fp16-energy-bench-v2,fp16-energy-bench-v2,True,logical_m16n16k16_input_bits_8192,True,bench_json_metadata,True,True,False,False,False,False,missing NCU validation row,missing NCU validation row,missing NCU validation row for tensor activity,,,,,,,,,,,,,True,True,True,76.92759061368346,1.11771643066,1.03760388184,162.47808,484.8275705154312,47.34644243314757,100.0,10496000000.0,8192.0,8192.0,0.37802698104216836,24.752761594887687,192.844,32.50398161320837,0.1685506503350292,0.8314493496649709,0.8528425582280545,0.0,nvml_total_energy_counter,nvml_total_energy_counter,0.9487476779856536,0.8487742778708598,-10.417630541683451,-27.206132324840382,9,8,,,,,,,,,False,False,quality_pass,98.33951728154186,tensor_model_utilization_pct_mean,quality_pass_below_saturation_band,fp16-energy-bench-v2,fp16-energy-bench-v2,,,,,,1.11640345459,,162.47808,485.3991439389961,47.40226015029258,10496000000.0,,,,193.4527,27.863317780691602,0.14404398097861426,0.8559560190213858,0.8794725644091217,,,,,0.9398710360125768,0.8691888325237567,-12.406287303060514,-23.88921707052437,consumer,86,results/strict_fp16_launch_shape_rtx3090_20260602_115550,"ga102
GeForce RTX 3090"
pair,launch_shape_tensor_mma_f16acc_t064_b01,2,NVIDIA GeForce RTX 3090,ampere,ga102,82,tensor_mma_f16acc,tensor_baseline_mov,64,64.0,1,8,strict_nvml_counter,structural_baseline,True,False,True,True,True,True,True,True,True,fp16-energy-bench-v2,fp16-energy-bench-v2,True,logical_m16n16k16_input_bits_8192,True,bench_json_metadata,True,True,False,False,False,False,missing NCU validation row,missing NCU validation row,missing NCU validation row for tensor activity,,,,,,,,,,,,,True,True,True,76.97109333507623,1.1170847168,1.03843505859,162.47808,485.1017415710357,47.37321695029645,100.0,10496000000.0,8192.0,8192.0,0.17749640896937025,8.781627919976643,191.973,15.261714911580242,0.07949927808379428,0.9205007219162057,0.947406368783767,0.0,nvml_total_energy_counter,nvml_total_energy_counter,0.9345827157172981,0.9122727025320682,-13.43738986865867,-16.411640349987152,9,8,,,,,,,,,False,False,quality_pass,98.33951728154186,tensor_model_utilization_pct_mean,quality_pass_below_saturation_band,fp16-energy-bench-v2,fp16-energy-bench-v2,,,,,,1.11640345459,,162.47808,485.3991439389961,47.40226015029258,10496000000.0,,,,193.4527,27.863317780691602,0.14404398097861426,0.8559560190213858,0.8794725644091217,,,,,0.9398710360125768,0.8691888325237567,-12.406287303060514,-23.88921707052437,consumer,86,results/strict_fp16_launch_shape_rtx3090_20260602_115550,"ga102
GeForce RTX 3090"
pair,launch_shape_tensor_mma_f16acc_t064_b01,3,NVIDIA GeForce RTX 3090,ampere,ga102,82,tensor_mma_f16acc,tensor_baseline_mov,64,64.0,1,8,strict_nvml_counter,structural_baseline,True,False,True,True,True,True,True,True,True,fp16-energy-bench-v2,fp16-energy-bench-v2,True,logical_m16n16k16_input_bits_8192,True,bench_json_metadata,True,True,False,False,False,False,missing NCU validation row,missing NCU validation row,missing NCU validation row for tensor activity,,,,,,,,,,,,,True,True,True,76.94097664615667,1.11752197266,1.0370854492200001,162.47808,484.91193449396025,47.3546811029258,100.0,10496000000.0,8192.0,8192.0,0.3556452896727652,22.549382431179595,191.914,30.579531451640577,0.15933976391321414,0.8406602360867859,0.8649069660401159,0.0,nvml_total_energy_counter,nvml_total_energy_counter,0.9306436770964206,0.8401725476022849,-14.3024120630634,-29.2945404783502,9,8,,,,,,,,,False,False,quality_pass,98.33951728154186,tensor_model_utilization_pct_mean,quality_pass_below_saturation_band,fp16-energy-bench-v2,fp16-energy-bench-v2,,,,,,1.11640345459,,162.47808,485.3991439389961,47.40226015029258,10496000000.0,,,,193.4527,27.863317780691602,0.14404398097861426,0.8559560190213858,0.8794725644091217,,,,,0.9398710360125768,0.8691888325237567,-12.406287303060514,-23.88921707052437,consumer,86,results/strict_fp16_launch_shape_rtx3090_20260602_115550,"ga102
GeForce RTX 3090"
pair,launch_shape_tensor_mma_f16acc_t064_b01,4,NVIDIA GeForce RTX 3090,ampere,ga102,82,tensor_mma_f16acc,tensor_baseline_mov,64,64.0,1,8,strict_nvml_counter,structural_baseline,True,False,True,True,True,True,True,True,True,fp16-energy-bench-v2,fp16-energy-bench-v2,True,logical_m16n16k16_input_bits_8192,True,bench_json_metadata,True,True,False,False,False,False,missing NCU validation row,missing NCU validation row,missing NCU validation row for tensor activity,,,,,,,,,,,,,True,True,True,76.92441495045313,1.1177625732399998,1.0468094482399999,162.47808,484.8075562516741,47.34448791520254,100.0,10496000000.0,8192.0,8192.0,0.20218089605340783,10.591757582949725,194.065,17.38416689132805,0.08957909407326436,0.9104209059267356,0.9371998924115007,0.0,nvml_total_energy_counter,nvml_total_energy_counter,0.934128600903299,0.9221268733454308,-13.684767871725427,-14.380731518693892,9,8,,,,,,,,,False,False,quality_pass,98.33951728154186,tensor_model_utilization_pct_mean,quality_pass_below_saturation_band,fp16-energy-bench-v2,fp16-energy-bench-v2,,,,,,1.11640345459,,162.47808,485.3991439389961,47.40226015029258,10496000000.0,,,,193.4527,27.863317780691602,0.14404398097861426,0.8559560190213858,0.8794725644091217,,,,,0.9398710360125768,0.8691888325237567,-12.406287303060514,-23.88921707052437,consumer,86,results/strict_fp16_launch_shape_rtx3090_20260602_115550,"ga102
GeForce RTX 3090"
pair,launch_shape_tensor_mma_f16acc_t064_b01,5,NVIDIA GeForce RTX 3090,ampere,ga102,82,tensor_mma_f16acc,tensor_baseline_mov,64,64.0,1,8,strict_nvml_counter,structural_baseline,True,False,True,True,True,True,True,True,True,fp16-energy-bench-v2,fp16-energy-bench-v2,True,logical_m16n16k16_input_bits_8192,True,bench_json_metadata,True,True,False,False,False,False,missing NCU validation row,missing NCU validation row,missing NCU validation row for tensor activity,,,,,,,,,,,,,True,True,True,77.00314446752077,1.11661975098,1.0406472168,162.47808,485.3037402629405,47.39294338505278,100.0,10496000000.0,8192.0,8192.0,0.3069426295756373,18.797787075741354,189.2,26.391919329492083,0.13949217404594125,0.8605078259540587,0.8857986846543778,0.0,nvml_total_energy_counter,nvml_total_energy_counter,0.9107309668685695,0.8403734118090276,-18.545214429832896,-29.657978080612935,9,8,,,,,,,,,False,False,quality_pass,98.33951728154186,tensor_model_utilization_pct_mean,quality_pass_below_saturation_band,fp16-energy-bench-v2,fp16-energy-bench-v2,,,,,,1.11640345459,,162.47808,485.3991439389961,47.40226015029258,10496000000.0,,,,193.4527,27.863317780691602,0.14404398097861426,0.8559560190213858,0.8794725644091217,,,,,0.9398710360125768,0.8691888325237567,-12.406287303060514,-23.88921707052437,consumer,86,results/strict_fp16_launch_shape_rtx3090_20260602_115550,"ga102
GeForce RTX 3090"
pair,launch_shape_tensor_mma_f16acc_t064_b01,6,NVIDIA GeForce RTX 3090,ampere,ga102,82,tensor_mma_f16acc,tensor_baseline_mov,64,64.0,1,8,strict_nvml_counter,structural_baseline,True,False,True,True,True,True,True,True,True,fp16-energy-bench-v2,fp16-energy-bench-v2,True,logical_m16n16k16_input_bits_8192,True,bench_json_metadata,True,True,False,False,False,False,missing NCU validation row,missing NCU validation row,missing NCU validation row for tensor activity,,,,,,,,,,,,,True,True,True,77.01381165666285,1.11646508789,1.0374921875,162.47808,485.37096903424,47.39950869474999,100.0,10496000000.0,8192.0,8192.0,0.3593105170376924,22.605430691610707,194.081,30.894679546491858,0.15918446188185273,0.8408155381181472,0.8660568297389044,0.0,nvml_total_energy_counter,nvml_total_energy_counter,0.9365510696584395,0.9090161872172975,-13.148489440208976,-15.630220218029194,9,8,,,,,,,,,False,False,quality_pass,98.33951728154186,tensor_model_utilization_pct_mean,quality_pass_below_saturation_band,fp16-energy-bench-v2,fp16-energy-bench-v2,,,,,,1.11640345459,,162.47808,485.3991439389961,47.40226015029258,10496000000.0,,,,193.4527,27.863317780691602,0.14404398097861426,0.8559560190213858,0.8794725644091217,,,,,0.9398710360125768,0.8691888325237567,-12.406287303060514,-23.88921707052437,consumer,86,results/strict_fp16_launch_shape_rtx3090_20260602_115550,"ga102
GeForce RTX 3090"
pair,launch_shape_tensor_mma_f16acc_t064_b01,7,NVIDIA GeForce RTX 3090,ampere,ga102,82,tensor_mma_f16acc,tensor_baseline_mov,64,64.0,1,8,strict_nvml_counter,structural_baseline,True,False,True,True,True,True,True,True,True,fp16-energy-bench-v2,fp16-energy-bench-v2,True,logical_m16n16k16_input_bits_8192,True,bench_json_metadata,True,True,False,False,False,False,missing NCU validation row,missing NCU validation row,missing NCU validation row for tensor activity,,,,,,,,,,,,,True,True,True,77.00455873198122,1.11659924316,1.04032751465,162.47808,485.3126535071609,47.39381381905868,100.0,10496000000.0,8192.0,8192.0,0.3839999504572559,27.094376035956145,195.918,33.01755682815474,0.16852742896596912,0.8314725710340309,0.8433707854148575,0.0,nvml_total_energy_counter,nvml_total_energy_counter,0.9481143334718674,0.8385541074683067,-10.721635203672747,-29.627693481858813,9,8,,,,,,,,,False,False,quality_pass,98.33951728154186,tensor_model_utilization_pct_mean,quality_pass_below_saturation_band,fp16-energy-bench-v2,fp16-energy-bench-v2,,,,,,1.11640345459,,162.47808,485.3991439389961,47.40226015029258,10496000000.0,,,,193.4527,27.863317780691602,0.14404398097861426,0.8559560190213858,0.8794725644091217,,,,,0.9398710360125768,0.8691888325237567,-12.406287303060514,-23.88921707052437,consumer,86,results/strict_fp16_launch_shape_rtx3090_20260602_115550,"ga102
GeForce RTX 3090"
pair,launch_shape_tensor_mma_f16acc_t064_b01,8,NVIDIA GeForce RTX 3090,ampere,ga102,82,tensor_mma_f16acc,tensor_baseline_mov,64,64.0,1,8,strict_nvml_counter,structural_baseline,True,False,True,True,True,True,True,True,True,fp16-energy-bench-v2,fp16-energy-bench-v2,True,logical_m16n16k16_input_bits_8192,True,bench_json_metadata,True,True,False,False,False,False,missing NCU validation row,missing NCU validation row,missing NCU validation row for tensor activity,,,,,,,,,,,,,True,True,True,77.00790097852972,1.11655078125,1.04352624512,162.47808,485.3337176437242,47.39587086364494,100.0,10496000000.0,8192.0,8192.0,0.28785640437540927,17.125962178784647,198.316,24.750824000096628,0.12480497791452343,0.8751950220854766,0.9007613988267551,0.0,nvml_total_energy_counter,nvml_total_energy_counter,0.9516505845315446,0.8909733267818828,-10.075612660672277,-20.42861260445028,9,8,,,,,,,,,False,False,quality_pass,98.33951728154186,tensor_model_utilization_pct_mean,quality_pass_below_saturation_band,fp16-energy-bench-v2,fp16-energy-bench-v2,,,,,,1.11640345459,,162.47808,485.3991439389961,47.40226015029258,10496000000.0,,,,193.4527,27.863317780691602,0.14404398097861426,0.8559560190213858,0.8794725644091217,,,,,0.9398710360125768,0.8691888325237567,-12.406287303060514,-23.88921707052437,consumer,86,results/strict_fp16_launch_shape_rtx3090_20260602_115550,"ga102
GeForce RTX 3090"
pair,launch_shape_tensor_mma_f16acc_t064_b01,9,NVIDIA GeForce RTX 3090,ampere,ga102,82,tensor_mma_f16acc,tensor_baseline_mov,64,64.0,1,8,strict_nvml_counter,structural_baseline,True,False,True,True,True,True,True,True,True,fp16-energy-bench-v2,fp16-energy-bench-v2,True,logical_m16n16k16_input_bits_8192,True,bench_json_metadata,True,True,False,False,False,False,missing NCU validation row,missing NCU validation row,missing NCU validation row for tensor activity,,,,,,,,,,,,,True,True,True,76.99318716288414,1.11676416016,1.04517834473,162.47808,485.24098545965927,47.38681498629485,100.0,10496000000.0,8192.0,8192.0,0.37747339923863676,24.10959903590023,194.331,32.45638286056433,0.16701598232173115,0.8329840176782689,0.8573896803436156,0.0,nvml_total_energy_counter,nvml_total_energy_counter,0.9354829423497147,0.8334926812301524,-13.402344139750852,-31.15222469698,9,8,,,,,,,,,False,False,quality_pass,98.33951728154186,tensor_model_utilization_pct_mean,quality_pass_below_saturation_band,fp16-energy-bench-v2,fp16-energy-bench-v2,,,,,,1.11640345459,,162.47808,485.3991439389961,47.40226015029258,10496000000.0,,,,193.4527,27.863317780691602,0.14404398097861426,0.8559560190213858,0.8794725644091217,,,,,0.9398710360125768,0.8691888325237567,-12.406287303060514,-23.88921707052437,consumer,86,results/strict_fp16_launch_shape_rtx3090_20260602_115550,"ga102
GeForce RTX 3090"
pair,launch_shape_tensor_mma_f16acc_t064_b02,0,NVIDIA GeForce RTX 3090,ampere,ga102,82,tensor_mma_f16acc,tensor_baseline_mov,64,128.0,2,8,strict_nvml_counter,structural_baseline,True,False,True,True,True,True,True,True,True,fp16-energy-bench-v2,fp16-energy-bench-v2,True,logical_m16n16k16_input_bits_8192,True,bench_json_metadata,True,True,False,False,False,False,missing NCU validation row,missing NCU validation row,missing NCU validation row for tensor activity,,,,,,,,,,,,,True,True,True,155.09708153009709,1.10876660156,1.02970373535,162.47808,977.4820793476845,95.4572343112973,100.0,20992000000.0,8192.0,8192.0,0.37681967365699937,52.76289756642075,225.019,64.80034684442813,0.28797722345414445,0.7120227765458556,0.7325272776469928,0.0,nvml_total_energy_counter,nvml_total_energy_counter,0.9986722212263046,0.912040385072527,-0.29917268702166666,-14.759972833757445,9,8,,,,,,,,,False,False,quality_pass,98.33951728154186,tensor_model_utilization_pct_mean,quality_pass_below_saturation_band,fp16-energy-bench-v2,fp16-energy-bench-v2,,,,,,1.117703540038,,162.262912,970.9599616895191,94.8203087587421,20992000000.0,,,,239.3499,64.5306529791881,0.2680097718941995,0.7319902281058005,0.7537763116802315,,,,,1.0127069589975233,0.943430779445935,3.023970598773431,-9.946248095363021,consumer,86,results/strict_fp16_launch_shape_rtx3090_20260602_115550,"ga102
GeForce RTX 3090"
pair,launch_shape_tensor_mma_f16acc_t064_b02,1,NVIDIA GeForce RTX 3090,ampere,ga102,82,tensor_mma_f16acc,tensor_baseline_mov,64,128.0,2,8,strict_nvml_counter,structural_baseline,True,False,True,True,True,True,True,True,True,fp16-energy-bench-v2,fp16-energy-bench-v2,True,logical_m16n16k16_input_bits_8192,True,bench_json_metadata,True,True,False,False,False,False,missing NCU validation row,missing NCU validation row,missing NCU validation row for tensor activity,,,,,,,,,,,,,True,True,True,153.91044981027252,1.11731506348,1.03829199219,162.47808,970.0034651179967,94.72690089042935,100.0,20992000000.0,8192.0,8192.0,0.43972057300669887,60.531877670323354,248.64,75.61719208801586,0.30412319855218733,0.6958768014478126,0.718963240091402,0.0,nvml_total_energy_counter,nvml_total_energy_counter,1.0490858073813656,0.9461331526307183,11.633648135767857,-9.390186619724119,8,8,,,,,,,,,False,False,quality_pass,98.33951728154186,tensor_model_utilization_pct_mean,quality_pass_below_saturation_band,fp16-energy-bench-v2,fp16-energy-bench-v2,,,,,,1.117703540038,,162.262912,970.9599616895191,94.8203087587421,20992000000.0,,,,239.3499,64.5306529791881,0.2680097718941995,0.7319902281058005,0.7537763116802315,,,,,1.0127069589975233,0.943430779445935,3.023970598773431,-9.946248095363021,consumer,86,results/strict_fp16_launch_shape_rtx3090_20260602_115550,"ga102
GeForce RTX 3090"
pair,launch_shape_tensor_mma_f16acc_t064_b02,2,NVIDIA GeForce RTX 3090,ampere,ga102,82,tensor_mma_f16acc,tensor_baseline_mov,64,128.0,2,8,strict_nvml_counter,structural_baseline,True,False,True,True,True,True,True,True,True,fp16-energy-bench-v2,fp16-energy-bench-v2,True,logical_m16n16k16_input_bits_8192,True,bench_json_metadata,True,True,False,False,False,False,missing NCU validation row,missing NCU validation row,missing NCU validation row for tensor activity,,,,,,,,,,,,,True,True,True,153.932733201098,1.11715332031,1.03900158691,162.47808,970.1439037064222,94.74061559633029,100.0,20992000000.0,8192.0,8192.0,0.3307126391613359,45.05576421872263,230.392,56.87148315668287,0.2468466055969082,0.7531533944030918,0.7751479259797502,0.0,nvml_total_energy_counter,nvml_total_energy_counter,0.9743483905015923,0.9321088157490978,-6.06551585979912,-12.095165141898548,9,8,,,,,,,,,False,False,quality_pass,98.33951728154186,tensor_model_utilization_pct_mean,quality_pass_below_saturation_band,fp16-energy-bench-v2,fp16-energy-bench-v2,,,,,,1.117703540038,,162.262912,970.9599616895191,94.8203087587421,20992000000.0,,,,239.3499,64.5306529791881,0.2680097718941995,0.7319902281058005,0.7537763116802315,,,,,1.0127069589975233,0.943430779445935,3.023970598773431,-9.946248095363021,consumer,86,results/strict_fp16_launch_shape_rtx3090_20260602_115550,"ga102
GeForce RTX 3090"
pair,launch_shape_tensor_mma_f16acc_t064_b02,3,NVIDIA GeForce RTX 3090,ampere,ga102,82,tensor_mma_f16acc,tensor_baseline_mov,64,128.0,2,8,strict_nvml_counter,structural_baseline,True,False,True,True,True,True,True,True,True,fp16-energy-bench-v2,fp16-energy-bench-v2,True,logical_m16n16k16_input_bits_8192,True,bench_json_metadata,True,True,False,False,False,False,missing NCU validation row,missing NCU validation row,missing NCU validation row for tensor activity,,,,,,,,,,,,,True,True,True,153.90199222123792,1.11737646484,1.0382161865200001,162.47808,969.9501621052367,94.72169551808952,100.0,20992000000.0,8192.0,8192.0,0.47313065339557275,66.54673644551832,252.248,81.36260547444624,0.3225500518317142,0.6774499481682859,0.6967998632444047,0.0,nvml_total_energy_counter,nvml_total_energy_counter,1.0631011049830335,0.9204091474634654,14.972355362206343,-14.121961046956471,9,8,,,,,,,,,False,False,quality_pass,98.33951728154186,tensor_model_utilization_pct_mean,quality_pass_below_saturation_band,fp16-energy-bench-v2,fp16-energy-bench-v2,,,,,,1.117703540038,,162.262912,970.9599616895191,94.8203087587421,20992000000.0,,,,239.3499,64.5306529791881,0.2680097718941995,0.7319902281058005,0.7537763116802315,,,,,1.0127069589975233,0.943430779445935,3.023970598773431,-9.946248095363021,consumer,86,results/strict_fp16_launch_shape_rtx3090_20260602_115550,"ga102
GeForce RTX 3090"
pair,launch_shape_tensor_mma_f16acc_t064_b02,4,NVIDIA GeForce RTX 3090,ampere,ga102,82,tensor_mma_f16acc,tensor_baseline_mov,64,128.0,2,8,strict_nvml_counter,structural_baseline,True,False,True,True,True,True,True,True,True,fp16-energy-bench-v2,fp16-energy-bench-v2,True,logical_m16n16k16_input_bits_8192,True,bench_json_metadata,True,True,False,False,False,False,missing NCU validation row,missing NCU validation row,missing NCU validation row for tensor activity,,,,,,,,,,,,,True,True,True,153.90733905883673,1.11733764648,1.03900366211,162.47808,969.9838599535938,94.72498632359314,100.0,20992000000.0,8192.0,8192.0,0.48224638500634665,67.8594836064751,252.017,82.93020560632405,0.3290659185940792,0.6709340814059208,0.6904073224255843,0.0,nvml_total_energy_counter,nvml_total_energy_counter,1.0631485147778643,0.9110894771101263,14.96921552121836,-15.79055852389294,9,8,,,,,,,,,False,False,quality_pass,98.33951728154186,tensor_model_utilization_pct_mean,quality_pass_below_saturation_band,fp16-energy-bench-v2,fp16-energy-bench-v2,,,,,,1.117703540038,,162.262912,970.9599616895191,94.8203087587421,20992000000.0,,,,239.3499,64.5306529791881,0.2680097718941995,0.7319902281058005,0.7537763116802315,,,,,1.0127069589975233,0.943430779445935,3.023970598773431,-9.946248095363021,consumer,86,results/strict_fp16_launch_shape_rtx3090_20260602_115550,"ga102
GeForce RTX 3090"
pair,launch_shape_tensor_mma_f16acc_t064_b02,5,NVIDIA GeForce RTX 3090,ampere,ga102,82,tensor_mma_f16acc,tensor_baseline_mov,64,128.0,2,8,strict_nvml_counter,structural_baseline,True,False,True,True,True,True,True,True,True,fp16-energy-bench-v2,fp16-energy-bench-v2,True,logical_m16n16k16_input_bits_8192,True,bench_json_metadata,True,True,False,False,False,False,missing NCU validation row,missing NCU validation row,missing NCU validation row for tensor activity,,,,,,,,,,,,,True,True,True,153.74558523132768,1.11851318359,1.0375577392600002,162.3381333333333,969.7997386332698,94.70700572590526,100.0,20992000000.0,8192.0,8192.0,0.36792839974879277,50.60130450095534,235.39,63.27134590997838,0.2687936866900819,0.731206313309918,0.752540231741589,15.0,nvml_total_energy_counter,nvml_total_energy_counter,0.9993135160507823,0.9199015332659927,-0.1617024629517232,-14.307465727486147,9,8,,,,,,,,,False,False,quality_pass,98.33951728154186,tensor_model_utilization_pct_mean,quality_pass_below_saturation_band,fp16-energy-bench-v2,fp16-energy-bench-v2,,,,,,1.117703540038,,162.262912,970.9599616895191,94.8203087587421,20992000000.0,,,,239.3499,64.5306529791881,0.2680097718941995,0.7319902281058005,0.7537763116802315,,,,,1.0127069589975233,0.943430779445935,3.023970598773431,-9.946248095363021,consumer,86,results/strict_fp16_launch_shape_rtx3090_20260602_115550,"ga102
GeForce RTX 3090"
pair,launch_shape_tensor_mma_f16acc_t064_b02,6,NVIDIA GeForce RTX 3090,ampere,ga102,82,tensor_mma_f16acc,tensor_baseline_mov,64,128.0,2,8,strict_nvml_counter,structural_baseline,True,False,True,True,True,True,True,True,True,fp16-energy-bench-v2,fp16-energy-bench-v2,True,logical_m16n16k16_input_bits_8192,True,bench_json_metadata,True,True,False,False,False,False,missing NCU validation row,missing NCU validation row,missing NCU validation row for tensor activity,,,,,,,,,,,,,True,True,True,153.69175958458007,1.11890490723,1.0378885498,162.05824,971.1345860266654,94.83736191666654,100.0,20992000000.0,8192.0,8192.0,0.2459948090199036,31.537638814400594,231.981,42.302857469508126,0.18235483711816108,0.8176451628818389,0.8431422692138504,15.0,nvml_total_energy_counter,nvml_total_energy_counter,0.9805643076490999,1.0141307186681452,-4.598078180169324,2.5272612119662767,9,8,,,,,,,,,False,False,quality_pass,98.33951728154186,tensor_model_utilization_pct_mean,quality_pass_below_saturation_band,fp16-energy-bench-v2,fp16-energy-bench-v2,,,,,,1.117703540038,,162.262912,970.9599616895191,94.8203087587421,20992000000.0,,,,239.3499,64.5306529791881,0.2680097718941995,0.7319902281058005,0.7537763116802315,,,,,1.0127069589975233,0.943430779445935,3.023970598773431,-9.946248095363021,consumer,86,results/strict_fp16_launch_shape_rtx3090_20260602_115550,"ga102
GeForce RTX 3090"
pair,launch_shape_tensor_mma_f16acc_t064_b02,7,NVIDIA GeForce RTX 3090,ampere,ga102,82,tensor_mma_f16acc,tensor_baseline_mov,64,128.0,2,8,strict_nvml_counter,structural_baseline,True,False,True,True,True,True,True,True,True,fp16-energy-bench-v2,fp16-energy-bench-v2,True,logical_m16n16k16_input_bits_8192,True,bench_json_metadata,True,True,False,False,False,False,missing NCU validation row,missing NCU validation row,missing NCU validation row for tensor activity,,,,,,,,,,,,,True,True,True,153.4822677454775,1.12043212891,1.03727722168,162.00576,970.1250262420853,94.73877209395361,99.0,20992000000.0,8192.0,8192.0,0.32782516135064244,44.41429467836576,232.254,56.37493380769945,0.24272965721881842,0.7572703427811815,0.779459748495377,15.0,nvml_total_energy_counter,nvml_total_energy_counter,0.9782654387532006,0.941264340172155,-5.160091103952055,-10.303372596013446,8,8,,,,,,,,,False,False,quality_pass,98.33951728154186,tensor_model_utilization_pct_mean,quality_pass_below_saturation_band,fp16-energy-bench-v2,fp16-energy-bench-v2,,,,,,1.117703540038,,162.262912,970.9599616895191,94.8203087587421,20992000000.0,,,,239.3499,64.5306529791881,0.2680097718941995,0.7319902281058005,0.7537763116802315,,,,,1.0127069589975233,0.943430779445935,3.023970598773431,-9.946248095363021,consumer,86,results/strict_fp16_launch_shape_rtx3090_20260602_115550,"ga102
GeForce RTX 3090"
pair,launch_shape_tensor_mma_f16acc_t064_b02,8,NVIDIA GeForce RTX 3090,ampere,ga102,82,tensor_mma_f16acc,tensor_baseline_mov,64,128.0,2,8,strict_nvml_counter,structural_baseline,True,False,True,True,True,True,True,True,True,fp16-energy-bench-v2,fp16-energy-bench-v2,True,logical_m16n16k16_input_bits_8192,True,bench_json_metadata,True,True,False,False,False,False,missing NCU validation row,missing NCU validation row,missing NCU validation row for tensor activity,,,,,,,,,,,,,True,True,True,153.36436944481258,1.12129345703,1.0374246826200002,161.9182933333333,969.9034684622507,94.71713559201666,100.0,20992000000.0,8192.0,8192.0,0.4560227247675387,63.44870360751244,254.793,78.42061548191884,0.3077816717175073,0.6922183282824926,0.7125667489414877,15.0,nvml_total_energy_counter,nvml_total_energy_counter,1.0600301065301243,0.9395884943712929,14.42907219229562,-10.798721011535065,9,8,,,,,,,,,False,False,quality_pass,98.33951728154186,tensor_model_utilization_pct_mean,quality_pass_below_saturation_band,fp16-energy-bench-v2,fp16-energy-bench-v2,,,,,,1.117703540038,,162.262912,970.9599616895191,94.8203087587421,20992000000.0,,,,239.3499,64.5306529791881,0.2680097718941995,0.7319902281058005,0.7537763116802315,,,,,1.0127069589975233,0.943430779445935,3.023970598773431,-9.946248095363021,consumer,86,results/strict_fp16_launch_shape_rtx3090_20260602_115550,"ga102
GeForce RTX 3090"
pair,launch_shape_tensor_mma_f16acc_t064_b02,9,NVIDIA GeForce RTX 3090,ampere,ga102,82,tensor_mma_f16acc,tensor_baseline_mov,64,128.0,2,8,strict_nvml_counter,structural_baseline,True,False,True,True,True,True,True,True,True,fp16-energy-bench-v2,fp16-energy-bench-v2,True,logical_m16n16k16_input_bits_8192,True,bench_json_metadata,True,True,False,False,False,False,missing NCU validation row,missing NCU validation row,missing NCU validation row for tensor activity,,,,,,,,,,,,,True,True,True,153.54935142376493,1.11994262695,1.0373355712899999,161.9182933333333,971.0733272999871,94.83137961913937,100.0,20992000000.0,8192.0,8192.0,0.25211278376276375,32.77735710867506,230.765,43.3549439528791,0.18787486816839252,0.8121251318316075,0.8362084890218769,15.0,nvml_total_energy_counter,nvml_total_energy_counter,0.9605401821218662,0.9976417299558298,-9.48002492985998,-0.42233866433230105,9,8,,,,,,,,,False,False,quality_pass,98.33951728154186,tensor_model_utilization_pct_mean,quality_pass_below_saturation_band,fp16-energy-bench-v2,fp16-energy-bench-v2,,,,,,1.117703540038,,162.262912,970.9599616895191,94.8203087587421,20992000000.0,,,,239.3499,64.5306529791881,0.2680097718941995,0.7319902281058005,0.7537763116802315,,,,,1.0127069589975233,0.943430779445935,3.023970598773431,-9.946248095363021,consumer,86,results/strict_fp16_launch_shape_rtx3090_20260602_115550,"ga102
GeForce RTX 3090"
pair,launch_shape_tensor_mma_f16acc_t064_b04,0,NVIDIA GeForce RTX 3090,ampere,ga102,82,tensor_mma_f16acc,tensor_baseline_mov,64,256.0,4,8,strict_nvml_counter,structural_baseline,True,False,True,True,True,True,True,True,True,fp16-energy-bench-v2,fp16-energy-bench-v2,True,logical_m16n16k16_input_bits_8192,True,bench_json_metadata,True,True,False,False,False,False,missing NCU validation row,missing NCU validation row,missing NCU validation row for tensor activity,,,,,,,,,,,,,True,True,True,160.6906562780556,1.07017089844,1.01335412598,162.47808,1012.7349611020079,98.89989854511796,100.0,20992000000.0,8192.0,8192.0,0.3364594449694459,48.04538186920314,229.989,57.859741030798205,0.2515761233398041,0.7484238766601959,0.769994708305254,0.0,nvml_total_energy_counter,nvml_total_energy_counter,0.9791371660339895,0.9654957680462545,-4.9004598001770034,-5.9909687146519275,8,8,,,,,,,,,False,False,quality_pass,98.33951728154186,tensor_model_utilization_pct_mean,quality_pass_below_saturation_band,fp16-energy-bench-v2,fp16-energy-bench-v2,,,,,,1.0822167290599998,,161.9829908994709,1004.5560792083207,98.10117961018756,20992000000.0,,,,234.24988888888888,56.25087908209571,0.24009485485129664,0.7599051451487033,0.7824813837498351,,,,,0.9512321820909341,0.9511793419124869,-12.0584078796005,-8.931386743483532,consumer,86,results/strict_fp16_launch_shape_rtx3090_20260602_115550,"ga102
GeForce RTX 3090"
pair,launch_shape_tensor_mma_f16acc_t064_b04,1,NVIDIA GeForce RTX 3090,ampere,ga102,82,tensor_mma_f16acc,tensor_baseline_mov,64,256.0,4,8,strict_nvml_counter,structural_baseline,True,False,True,True,True,True,True,True,True,fp16-energy-bench-v2,fp16-energy-bench-v2,True,logical_m16n16k16_input_bits_8192,True,bench_json_metadata,True,True,False,False,False,False,missing NCU validation row,missing NCU validation row,missing NCU validation row for tensor activity,,,,,,,,,,,,,True,True,True,157.3483736775563,1.09290270996,1.02044567871,162.47808,991.6705973249909,96.84283177001865,99.0,20992000000.0,8192.0,8192.0,0.3430787251799406,47.171657199907685,231.643,58.99803524282214,0.2546937971051236,0.7453062028948764,0.7700523519920572,0.0,nvml_total_energy_counter,nvml_total_energy_counter,0.9379246587455151,0.916170448224153,-15.330995021972399,-15.241970456847014,9,8,,,,,,,,,False,False,quality_pass,98.33951728154186,tensor_model_utilization_pct_mean,quality_pass_below_saturation_band,fp16-energy-bench-v2,fp16-energy-bench-v2,,,,,,1.0822167290599998,,161.9829908994709,1004.5560792083207,98.10117961018756,20992000000.0,,,,234.24988888888888,56.25087908209571,0.24009485485129664,0.7599051451487033,0.7824813837498351,,,,,0.9512321820909341,0.9511793419124869,-12.0584078796005,-8.931386743483532,consumer,86,results/strict_fp16_launch_shape_rtx3090_20260602_115550,"ga102
GeForce RTX 3090"
pair,launch_shape_tensor_mma_f16acc_t064_b04,2,NVIDIA GeForce RTX 3090,ampere,ga102,82,tensor_mma_f16acc,tensor_baseline_mov,64,256.0,4,8,strict_nvml_counter,structural_baseline,True,False,False,False,False,True,True,True,True,fp16-energy-bench-v2,fp16-energy-bench-v2,True,logical_m16n16k16_input_bits_8192,True,bench_json_metadata,True,True,False,False,False,False,missing NCU validation row,missing NCU validation row,missing NCU validation row for tensor activity,,,,,,,,,,,,,True,True,True,159.27661674330142,1.07967175293,1.0217519531200001,162.47808,1003.8231344507557,98.02960297370662,99.0,20992000000.0,8192.0,8192.0,-6.046689019991271,-965.7579859016131,209.315,-1039.827729675524,-4.967764993791769,5.96776499379177,6.050842861585457,0.0,nvml_total_energy_counter,nvml_total_energy_counter,0.869923053529867,6.418670057728919,-31.298234872518066,146.25420619975,9,2,,,,,,,,,False,False,quality_pass,98.33951728154186,tensor_model_utilization_pct_mean,quality_pass_below_saturation_band,fp16-energy-bench-v2,fp16-energy-bench-v2,,,,,,1.0822167290599998,,161.9829908994709,1004.5560792083207,98.10117961018756,20992000000.0,,,,234.24988888888888,56.25087908209571,0.24009485485129664,0.7599051451487033,0.7824813837498351,,,,,0.9512321820909341,0.9511793419124869,-12.0584078796005,-8.931386743483532,consumer,86,results/strict_fp16_launch_shape_rtx3090_20260602_115550,"ga102
GeForce RTX 3090"
pair,launch_shape_tensor_mma_f16acc_t064_b04,3,NVIDIA GeForce RTX 3090,ampere,ga102,82,tensor_mma_f16acc,tensor_baseline_mov,64,256.0,4,8,strict_nvml_counter,structural_baseline,True,False,True,True,True,True,True,True,True,fp16-energy-bench-v2,fp16-energy-bench-v2,True,logical_m16n16k16_input_bits_8192,True,bench_json_metadata,True,True,False,False,False,False,missing NCU validation row,missing NCU validation row,missing NCU validation row for tensor activity,,,,,,,,,,,,,True,True,True,159.37712988012595,1.0789908447299998,1.02064233398,162.47808,1004.4566072989597,98.09146555653903,99.0,20992000000.0,8192.0,8192.0,0.3237432185868593,45.62196207749275,230.271,55.67297654436126,0.2417715498015871,0.7582284501984129,0.7800694083238721,0.0,nvml_total_energy_counter,nvml_total_energy_counter,0.9404624615679912,0.9264885644718324,-14.577688182704719,-13.48048952112012,8,8,,,,,,,,,False,False,quality_pass,98.33951728154186,tensor_model_utilization_pct_mean,quality_pass_below_saturation_band,fp16-energy-bench-v2,fp16-energy-bench-v2,,,,,,1.0822167290599998,,161.9829908994709,1004.5560792083207,98.10117961018756,20992000000.0,,,,234.24988888888888,56.25087908209571,0.24009485485129664,0.7599051451487033,0.7824813837498351,,,,,0.9512321820909341,0.9511793419124869,-12.0584078796005,-8.931386743483532,consumer,86,results/strict_fp16_launch_shape_rtx3090_20260602_115550,"ga102
GeForce RTX 3090"
pair,launch_shape_tensor_mma_f16acc_t064_b04,4,NVIDIA GeForce RTX 3090,ampere,ga102,82,tensor_mma_f16acc,tensor_baseline_mov,64,256.0,4,8,strict_nvml_counter,structural_baseline,True,False,True,True,True,True,True,True,True,fp16-energy-bench-v2,fp16-energy-bench-v2,True,logical_m16n16k16_input_bits_8192,True,bench_json_metadata,True,True,False,False,False,False,missing NCU validation row,missing NCU validation row,missing NCU validation row for tensor activity,,,,,,,,,,,,,True,True,True,159.56293868793043,1.077734375,1.02931237793,162.47808,1005.6276466120277,98.20582486445582,99.0,20992000000.0,8192.0,8192.0,0.3077113643260741,43.0365248926839,228.948,52.91603525577071,0.23112687272118868,0.7688731272788113,0.7914611416045525,0.0,nvml_total_energy_counter,nvml_total_energy_counter,0.9325237449622222,0.9389727911583272,-16.566391710502756,-11.24642512561752,8,8,,,,,,,,,False,False,quality_pass,98.33951728154186,tensor_model_utilization_pct_mean,quality_pass_below_saturation_band,fp16-energy-bench-v2,fp16-energy-bench-v2,,,,,,1.0822167290599998,,161.9829908994709,1004.5560792083207,98.10117961018756,20992000000.0,,,,234.24988888888888,56.25087908209571,0.24009485485129664,0.7599051451487033,0.7824813837498351,,,,,0.9512321820909341,0.9511793419124869,-12.0584078796005,-8.931386743483532,consumer,86,results/strict_fp16_launch_shape_rtx3090_20260602_115550,"ga102
GeForce RTX 3090"
pair,launch_shape_tensor_mma_f16acc_t064_b04,5,NVIDIA GeForce RTX 3090,ampere,ga102,82,tensor_mma_f16acc,tensor_baseline_mov,64,256.0,4,8,strict_nvml_counter,structural_baseline,True,False,True,True,True,True,True,True,True,fp16-energy-bench-v2,fp16-energy-bench-v2,True,logical_m16n16k16_input_bits_8192,True,bench_json_metadata,True,True,False,False,False,False,missing NCU validation row,missing NCU validation row,missing NCU validation row for tensor activity,,,,,,,,,,,,,True,True,True,158.78716783591796,1.08299975586,1.01949200439,161.84832,1004.6323611142828,98.10862901506667,49.0,20992000000.0,8192.0,8192.0,0.33562626467950485,47.06882649987597,239.074,57.716461962462546,0.2414167243717951,0.7585832756282049,0.780592885191134,15.0,nvml_total_energy_counter,nvml_total_energy_counter,0.9755239075788583,0.9713712514899339,-5.998415081404858,-5.177701009563009,10,7,,,,,,,,,False,False,quality_pass,98.33951728154186,tensor_model_utilization_pct_mean,quality_pass_below_saturation_band,fp16-energy-bench-v2,fp16-energy-bench-v2,,,,,,1.0822167290599998,,161.9829908994709,1004.5560792083207,98.10117961018756,20992000000.0,,,,234.24988888888888,56.25087908209571,0.24009485485129664,0.7599051451487033,0.7824813837498351,,,,,0.9512321820909341,0.9511793419124869,-12.0584078796005,-8.931386743483532,consumer,86,results/strict_fp16_launch_shape_rtx3090_20260602_115550,"ga102
GeForce RTX 3090"
pair,launch_shape_tensor_mma_f16acc_t064_b04,6,NVIDIA GeForce RTX 3090,ampere,ga102,82,tensor_mma_f16acc,tensor_baseline_mov,64,256.0,4,8,strict_nvml_counter,structural_baseline,True,False,True,True,True,True,True,True,True,fp16-energy-bench-v2,fp16-energy-bench-v2,True,logical_m16n16k16_input_bits_8192,True,bench_json_metadata,True,True,False,False,False,False,missing NCU validation row,missing NCU validation row,missing NCU validation row for tensor activity,,,,,,,,,,,,,True,True,True,158.848132884484,1.0825841064500001,1.01924139404,161.69088,1005.9966775721155,98.2418630441519,100.0,20992000000.0,8192.0,8192.0,0.269978358892419,36.46389686913551,236.163,46.427223735252255,0.19658974409730676,0.8034102559026932,0.8277777539751894,15.0,nvml_total_energy_counter,nvml_total_energy_counter,0.9587140943717687,1.0118575475321212,-10.170084478907285,2.158811059167931,8,8,,,,,,,,,False,False,quality_pass,98.33951728154186,tensor_model_utilization_pct_mean,quality_pass_below_saturation_band,fp16-energy-bench-v2,fp16-energy-bench-v2,,,,,,1.0822167290599998,,161.9829908994709,1004.5560792083207,98.10117961018756,20992000000.0,,,,234.24988888888888,56.25087908209571,0.24009485485129664,0.7599051451487033,0.7824813837498351,,,,,0.9512321820909341,0.9511793419124869,-12.0584078796005,-8.931386743483532,consumer,86,results/strict_fp16_launch_shape_rtx3090_20260602_115550,"ga102
GeForce RTX 3090"
pair,launch_shape_tensor_mma_f16acc_t064_b04,7,NVIDIA GeForce RTX 3090,ampere,ga102,82,tensor_mma_f16acc,tensor_baseline_mov,64,256.0,4,8,strict_nvml_counter,structural_baseline,True,False,True,True,True,True,True,True,True,fp16-energy-bench-v2,fp16-energy-bench-v2,True,logical_m16n16k16_input_bits_8192,True,bench_json_metadata,True,True,False,False,False,False,missing NCU validation row,missing NCU validation row,missing NCU validation row for tensor activity,,,,,,,,,,,,,True,True,True,158.70927949701496,1.08353125,1.02443933105,161.49845333333332,1006.3149141713762,98.27294083704847,99.0,20992000000.0,8192.0,8192.0,0.30465100999048755,42.1771837391895,236.595,52.389756942092816,0.2214322235976788,0.7785677764023212,0.8012214204027178,15.0,nvml_total_energy_counter,nvml_total_energy_counter,0.94700288341357,0.9855310196698529,-13.240564541439227,-2.631744668889297,9,7,,,,,,,,,False,False,quality_pass,98.33951728154186,tensor_model_utilization_pct_mean,quality_pass_below_saturation_band,fp16-energy-bench-v2,fp16-energy-bench-v2,,,,,,1.0822167290599998,,161.9829908994709,1004.5560792083207,98.10117961018756,20992000000.0,,,,234.24988888888888,56.25087908209571,0.24009485485129664,0.7599051451487033,0.7824813837498351,,,,,0.9512321820909341,0.9511793419124869,-12.0584078796005,-8.931386743483532,consumer,86,results/strict_fp16_launch_shape_rtx3090_20260602_115550,"ga102
GeForce RTX 3090"
pair,launch_shape_tensor_mma_f16acc_t064_b04,8,NVIDIA GeForce RTX 3090,ampere,ga102,82,tensor_mma_f16acc,tensor_baseline_mov,64,256.0,4,8,strict_nvml_counter,structural_baseline,True,False,True,True,True,True,True,True,True,fp16-energy-bench-v2,fp16-energy-bench-v2,True,logical_m16n16k16_input_bits_8192,True,bench_json_metadata,True,True,False,False,False,False,missing NCU validation row,missing NCU validation row,missing NCU validation row for tensor activity,,,,,,,,,,,,,True,True,True,158.19454014716513,1.08705688477,1.0241464843799999,161.39849142857145,1003.6723867545439,98.01488151899842,89.0,20992000000.0,8192.0,8192.0,0.33084088626486197,46.16814244259095,235.291,56.89353735759448,0.24180073762955015,0.7581992623704499,0.7804430391585009,15.0,nvml_total_energy_counter,nvml_total_energy_counter,0.9335089641888012,0.9351572369335858,-16.75907024700905,-11.993062113310373,7,8,,,,,,,,,False,False,quality_pass,98.33951728154186,tensor_model_utilization_pct_mean,quality_pass_below_saturation_band,fp16-energy-bench-v2,fp16-energy-bench-v2,,,,,,1.0822167290599998,,161.9829908994709,1004.5560792083207,98.10117961018756,20992000000.0,,,,234.24988888888888,56.25087908209571,0.24009485485129664,0.7599051451487033,0.7824813837498351,,,,,0.9512321820909341,0.9511793419124869,-12.0584078796005,-8.931386743483532,consumer,86,results/strict_fp16_launch_shape_rtx3090_20260602_115550,"ga102
GeForce RTX 3090"
pair,launch_shape_tensor_mma_f16acc_t064_b04,9,NVIDIA GeForce RTX 3090,ampere,ga102,82,tensor_mma_f16acc,tensor_baseline_mov,64,256.0,4,8,strict_nvml_counter,structural_baseline,True,False,True,True,True,True,True,True,True,fp16-energy-bench-v2,fp16-energy-bench-v2,True,logical_m16n16k16_input_bits_8192,True,bench_json_metadata,True,True,False,False,False,False,missing NCU validation row,missing NCU validation row,missing NCU validation row for tensor activity,,,,,,,,,,,,,True,True,True,158.64361503861878,1.0839797363299999,1.02786828613,161.49845333333332,1005.8985609245814,98.23228134029114,99.0,20992000000.0,8192.0,8192.0,0.3918446777373228,55.82984032199235,240.275,67.38414366770692,0.2804459209976357,0.7195540790023642,0.7407197447952382,15.0,nvml_total_energy_counter,nvml_total_energy_counter,0.9562917579556909,0.9095694496863206,-10.982001852287198,-16.77893014052046,9,8,,,,,,,,,False,False,quality_pass,98.33951728154186,tensor_model_utilization_pct_mean,quality_pass_below_saturation_band,fp16-energy-bench-v2,fp16-energy-bench-v2,,,,,,1.0822167290599998,,161.9829908994709,1004.5560792083207,98.10117961018756,20992000000.0,,,,234.24988888888888,56.25087908209571,0.24009485485129664,0.7599051451487033,0.7824813837498351,,,,,0.9512321820909341,0.9511793419124869,-12.0584078796005,-8.931386743483532,consumer,86,results/strict_fp16_launch_shape_rtx3090_20260602_115550,"ga102
GeForce RTX 3090"
pair,launch_shape_tensor_mma_f16acc_t064_b08,0,NVIDIA GeForce RTX 3090,ampere,ga102,82,tensor_mma_f16acc,tensor_baseline_mov,64,512.0,8,8,strict_nvml_counter,structural_baseline,True,False,True,True,True,True,False,True,True,fp16-energy-bench-v2,fp16-energy-bench-v2,True,logical_m16n16k16_input_bits_8192,True,bench_json_metadata,True,True,False,False,False,False,missing NCU validation row,missing NCU validation row,missing NCU validation row for tensor activity,,,,,,,,,,,,,True,False,True,160.74421421445962,1.06981433105,1.02279064941,162.47808,1013.072504030123,98.9328617216917,nan,20992000000.0,8192.0,8192.0,0.2004406297731618,729.9082413494632,231.03,34.46906634402376,0.1491973611393488,0.8508026388606512,0.20110032491593852,0.0,nvml_total_energy_counter,nvml_total_energy_counter,3.9995168406656503,0.961163545862643,173.2655226383922,-7.809688123200374,3,8,,"test NVML-counter/power-trace ratio 1.595 outside [0.5, 1.5]",,,,,,,False,True,quality_pass,98.33951728154186,tensor_model_utilization_pct_mean,quality_pass_saturated_tie_loser,fp16-energy-bench-v2,fp16-energy-bench-v2,,,,,,1.081557238769,,161.801088,1006.287952601025,98.27030787119385,20992000000.0,,,,235.23269999999997,21.71456772614328,0.09237121204022573,0.9076287879597743,0.7863804323143619,,,,,1.5950627065312588,1.0154028236855424,14.953977301927143,3.1604109634357656,consumer,86,results/strict_fp16_launch_shape_rtx3090_20260602_115550,"ga102
GeForce RTX 3090"
pair,launch_shape_tensor_mma_f16acc_t064_b08,1,NVIDIA GeForce RTX 3090,ampere,ga102,82,tensor_mma_f16acc,tensor_baseline_mov,64,512.0,8,8,strict_nvml_counter,structural_baseline,True,False,True,True,True,True,False,True,True,fp16-energy-bench-v2,fp16-energy-bench-v2,True,logical_m16n16k16_input_bits_8192,True,bench_json_metadata,True,True,False,False,False,False,missing NCU validation row,missing NCU validation row,missing NCU validation row for tensor activity,,,,,,,,,,,,,True,True,True,159.52161643228357,1.0780135497999999,1.03158459473,162.47808,1005.3672176988944,98.18039235340764,100.0,20992000000.0,8192.0,8192.0,0.07184307447674086,4.193384053085083,233.171,12.354599480653775,0.052985146011527054,0.947014853988473,0.9799388190738916,0.0,nvml_total_energy_counter,nvml_total_energy_counter,0.8995685570442219,1.045611394936753,-26.032145968270584,9.526247809374155,9,8,,"test NVML-counter/power-trace ratio 1.595 outside [0.5, 1.5]",,,,,,,False,True,quality_pass,98.33951728154186,tensor_model_utilization_pct_mean,quality_pass_saturated_tie_loser,fp16-energy-bench-v2,fp16-energy-bench-v2,,,,,,1.081557238769,,161.801088,1006.287952601025,98.27030787119385,20992000000.0,,,,235.23269999999997,21.71456772614328,0.09237121204022573,0.9076287879597743,0.7863804323143619,,,,,1.5950627065312588,1.0154028236855424,14.953977301927143,3.1604109634357656,consumer,86,results/strict_fp16_launch_shape_rtx3090_20260602_115550,"ga102
GeForce RTX 3090"
pair,launch_shape_tensor_mma_f16acc_t064_b08,2,NVIDIA GeForce RTX 3090,ampere,ga102,82,tensor_mma_f16acc,tensor_baseline_mov,64,512.0,8,8,strict_nvml_counter,structural_baseline,True,False,True,True,True,True,False,True,True,fp16-energy-bench-v2,fp16-energy-bench-v2,True,logical_m16n16k16_input_bits_8192,True,bench_json_metadata,True,True,False,False,False,False,missing NCU validation row,missing NCU validation row,missing NCU validation row for tensor activity,,,,,,,,,,,,,True,True,True,159.53312380255622,1.0779357910199998,1.03202185059,162.47808,1005.4397416181774,98.18747476740015,100.0,20992000000.0,8192.0,8192.0,0.18670098160244436,26.650791188862797,236.213,32.10630763150141,0.1359210019410507,0.8640789980589493,0.8766169211165656,0.0,nvml_total_energy_counter,nvml_total_energy_counter,0.9235280875221458,0.9567722395149224,-19.559404966877338,-8.952083767705517,9,8,,"test NVML-counter/power-trace ratio 1.595 outside [0.5, 1.5]",,,,,,,False,True,quality_pass,98.33951728154186,tensor_model_utilization_pct_mean,quality_pass_saturated_tie_loser,fp16-energy-bench-v2,fp16-energy-bench-v2,,,,,,1.081557238769,,161.801088,1006.287952601025,98.27030787119385,20992000000.0,,,,235.23269999999997,21.71456772614328,0.09237121204022573,0.9076287879597743,0.7863804323143619,,,,,1.5950627065312588,1.0154028236855424,14.953977301927143,3.1604109634357656,consumer,86,results/strict_fp16_launch_shape_rtx3090_20260602_115550,"ga102
GeForce RTX 3090"
pair,launch_shape_tensor_mma_f16acc_t064_b08,3,NVIDIA GeForce RTX 3090,ampere,ga102,82,tensor_mma_f16acc,tensor_baseline_mov,64,512.0,8,8,strict_nvml_counter,structural_baseline,True,False,True,True,True,True,False,True,True,fp16-energy-bench-v2,fp16-energy-bench-v2,True,logical_m16n16k16_input_bits_8192,True,bench_json_metadata,True,True,False,False,False,False,missing NCU validation row,missing NCU validation row,missing NCU validation row for tensor activity,,,,,,,,,,,,,True,True,True,159.50843106143108,1.07810266113,1.0316298828100001,162.47808,1005.2841183678773,98.17227718436301,100.0,20992000000.0,8192.0,8192.0,0.10589827681520134,10.610173916740422,239.509,18.210952207603356,0.07603452149022942,0.9239654785097706,0.9508506965926469,0.0,nvml_total_energy_counter,nvml_total_energy_counter,0.9154903653935944,1.031489677702133,-22.109263887494336,6.650204136682021,9,8,,"test NVML-counter/power-trace ratio 1.595 outside [0.5, 1.5]",,,,,,,False,True,quality_pass,98.33951728154186,tensor_model_utilization_pct_mean,quality_pass_saturated_tie_loser,fp16-energy-bench-v2,fp16-energy-bench-v2,,,,,,1.081557238769,,161.801088,1006.287952601025,98.27030787119385,20992000000.0,,,,235.23269999999997,21.71456772614328,0.09237121204022573,0.9076287879597743,0.7863804323143619,,,,,1.5950627065312588,1.0154028236855424,14.953977301927143,3.1604109634357656,consumer,86,results/strict_fp16_launch_shape_rtx3090_20260602_115550,"ga102
GeForce RTX 3090"
pair,launch_shape_tensor_mma_f16acc_t064_b08,4,NVIDIA GeForce RTX 3090,ampere,ga102,82,tensor_mma_f16acc,tensor_baseline_mov,64,512.0,8,8,strict_nvml_counter,structural_baseline,True,False,True,True,True,True,False,True,True,fp16-energy-bench-v2,fp16-energy-bench-v2,True,logical_m16n16k16_input_bits_8192,True,bench_json_metadata,True,True,False,False,False,False,missing NCU validation row,missing NCU validation row,missing NCU validation row for tensor activity,,,,,,,,,,,,,True,True,True,159.18360470671985,1.0803026123,1.0296166992200002,162.00576,1006.1618254788048,98.25799076941452,100.0,20992000000.0,8192.0,8192.0,0.07983790114613204,6.502538848165614,236.266,13.729441553281873,0.058110102821742754,0.9418898971782572,0.9693994123623866,15.0,nvml_total_energy_counter,nvml_total_energy_counter,0.8985522871184767,1.0342431344673118,-26.674736323391784,7.227542831234672,8,8,,"test NVML-counter/power-trace ratio 1.595 outside [0.5, 1.5]",,,,,,,False,True,quality_pass,98.33951728154186,tensor_model_utilization_pct_mean,quality_pass_saturated_tie_loser,fp16-energy-bench-v2,fp16-energy-bench-v2,,,,,,1.081557238769,,161.801088,1006.287952601025,98.27030787119385,20992000000.0,,,,235.23269999999997,21.71456772614328,0.09237121204022573,0.9076287879597743,0.7863804323143619,,,,,1.5950627065312588,1.0154028236855424,14.953977301927143,3.1604109634357656,consumer,86,results/strict_fp16_launch_shape_rtx3090_20260602_115550,"ga102
GeForce RTX 3090"
pair,launch_shape_tensor_mma_f16acc_t064_b08,5,NVIDIA GeForce RTX 3090,ampere,ga102,82,tensor_mma_f16acc,tensor_baseline_mov,64,512.0,8,8,strict_nvml_counter,structural_baseline,True,False,True,True,True,True,False,True,True,fp16-energy-bench-v2,fp16-energy-bench-v2,True,logical_m16n16k16_input_bits_8192,True,bench_json_metadata,True,True,False,False,False,False,missing NCU validation row,missing NCU validation row,missing NCU validation row for tensor activity,,,,,,,,,,,,,True,True,True,158.3793807405359,1.08578820801,1.0379884033200002,161.21856,1005.9665951507616,98.23892530769156,100.0,20992000000.0,8192.0,8192.0,0.18491146265497765,23.093287423429928,237.967,31.798570385844556,0.13362596656613965,0.8663740334338603,0.8915667260607559,0.0,nvml_total_energy_counter,nvml_total_energy_counter,0.9043171856169184,0.9578897404902982,-25.178502247268142,-8.915653784696815,9,8,,"test NVML-counter/power-trace ratio 1.595 outside [0.5, 1.5]",,,,,,,False,True,quality_pass,98.33951728154186,tensor_model_utilization_pct_mean,quality_pass_saturated_tie_loser,fp16-energy-bench-v2,fp16-energy-bench-v2,,,,,,1.081557238769,,161.801088,1006.287952601025,98.27030787119385,20992000000.0,,,,235.23269999999997,21.71456772614328,0.09237121204022573,0.9076287879597743,0.7863804323143619,,,,,1.5950627065312588,1.0154028236855424,14.953977301927143,3.1604109634357656,consumer,86,results/strict_fp16_launch_shape_rtx3090_20260602_115550,"ga102
GeForce RTX 3090"
pair,launch_shape_tensor_mma_f16acc_t064_b08,6,NVIDIA GeForce RTX 3090,ampere,ga102,82,tensor_mma_f16acc,tensor_baseline_mov,64,512.0,8,8,strict_nvml_counter,structural_baseline,True,False,True,True,True,True,False,True,True,fp16-energy-bench-v2,fp16-energy-bench-v2,True,logical_m16n16k16_input_bits_8192,True,bench_json_metadata,True,True,False,False,False,False,missing NCU validation row,missing NCU validation row,missing NCU validation row for tensor activity,,,,,,,,,,,,,True,True,True,158.36565359282847,1.0858823242200002,1.03105847168,161.21856,1005.879405442254,98.23041068772011,100.0,20992000000.0,8192.0,8192.0,0.16424677956097375,19.855844063299145,235.543,28.244937904488125,0.11991414690518556,0.8800858530948145,0.9057887438205453,0.0,nvml_total_energy_counter,nvml_total_energy_counter,0.8940423815084282,1.0175757936164878,-27.91542755529315,3.4990409999446683,9,8,,"test NVML-counter/power-trace ratio 1.595 outside [0.5, 1.5]",,,,,,,False,True,quality_pass,98.33951728154186,tensor_model_utilization_pct_mean,quality_pass_saturated_tie_loser,fp16-energy-bench-v2,fp16-energy-bench-v2,,,,,,1.081557238769,,161.801088,1006.287952601025,98.27030787119385,20992000000.0,,,,235.23269999999997,21.71456772614328,0.09237121204022573,0.9076287879597743,0.7863804323143619,,,,,1.5950627065312588,1.0154028236855424,14.953977301927143,3.1604109634357656,consumer,86,results/strict_fp16_launch_shape_rtx3090_20260602_115550,"ga102
GeForce RTX 3090"
pair,launch_shape_tensor_mma_f16acc_t064_b08,7,NVIDIA GeForce RTX 3090,ampere,ga102,82,tensor_mma_f16acc,tensor_baseline_mov,64,512.0,8,8,strict_nvml_counter,structural_baseline,True,False,True,True,True,True,False,True,True,fp16-energy-bench-v2,fp16-energy-bench-v2,True,logical_m16n16k16_input_bits_8192,True,bench_json_metadata,True,True,False,False,False,False,missing NCU validation row,missing NCU validation row,missing NCU validation row for tensor activity,,,,,,,,,,,,,True,True,True,158.2206225100469,1.08687768555,1.0308615722699999,161.21856,1004.9582222436923,98.14045139098556,100.0,20992000000.0,8192.0,8192.0,0.15406625240337218,16.452853430148508,232.433,26.494228647539416,0.11398651933047121,0.8860134806695288,0.9201047336522523,0.0,nvml_total_energy_counter,nvml_total_energy_counter,0.8742431114434746,1.0126462321583798,-33.434693960123695,2.5100613219994727,9,8,,"test NVML-counter/power-trace ratio 1.595 outside [0.5, 1.5]",,,,,,,False,True,quality_pass,98.33951728154186,tensor_model_utilization_pct_mean,quality_pass_saturated_tie_loser,fp16-energy-bench-v2,fp16-energy-bench-v2,,,,,,1.081557238769,,161.801088,1006.287952601025,98.27030787119385,20992000000.0,,,,235.23269999999997,21.71456772614328,0.09237121204022573,0.9076287879597743,0.7863804323143619,,,,,1.5950627065312588,1.0154028236855424,14.953977301927143,3.1604109634357656,consumer,86,results/strict_fp16_launch_shape_rtx3090_20260602_115550,"ga102
GeForce RTX 3090"
pair,launch_shape_tensor_mma_f16acc_t064_b08,8,NVIDIA GeForce RTX 3090,ampere,ga102,82,tensor_mma_f16acc,tensor_baseline_mov,64,512.0,8,8,strict_nvml_counter,structural_baseline,True,False,True,True,True,True,False,True,True,fp16-energy-bench-v2,fp16-energy-bench-v2,True,logical_m16n16k16_input_bits_8192,True,bench_json_metadata,True,True,False,False,False,False,missing NCU validation row,missing NCU validation row,missing NCU validation row for tensor activity,,,,,,,,,,,,,True,True,True,158.18604924442565,1.08711523438,1.03048095703,161.21856,1004.7386257903053,98.11900642483448,100.0,20992000000.0,8192.0,8192.0,0.06111447454351741,3.7198494980819703,235.893,10.509640086466703,0.04455257293123027,0.9554474270687697,0.9823739124491135,0.0,nvml_total_energy_counter,nvml_total_energy_counter,0.89470267092847,1.099683058218025,-27.762186985419504,19.930936080934487,9,8,,"test NVML-counter/power-trace ratio 1.595 outside [0.5, 1.5]",,,,,,,False,True,quality_pass,98.33951728154186,tensor_model_utilization_pct_mean,quality_pass_saturated_tie_loser,fp16-energy-bench-v2,fp16-energy-bench-v2,,,,,,1.081557238769,,161.801088,1006.287952601025,98.27030787119385,20992000000.0,,,,235.23269999999997,21.71456772614328,0.09237121204022573,0.9076287879597743,0.7863804323143619,,,,,1.5950627065312588,1.0154028236855424,14.953977301927143,3.1604109634357656,consumer,86,results/strict_fp16_launch_shape_rtx3090_20260602_115550,"ga102
GeForce RTX 3090"
pair,launch_shape_tensor_mma_f16acc_t064_b08,9,NVIDIA GeForce RTX 3090,ampere,ga102,82,tensor_mma_f16acc,tensor_baseline_mov,64,512.0,8,8,strict_nvml_counter,structural_baseline,True,False,True,True,True,True,False,True,True,fp16-energy-bench-v2,fp16-energy-bench-v2,True,logical_m16n16k16_input_bits_8192,True,bench_json_metadata,True,True,False,False,False,False,missing NCU validation row,missing NCU validation row,missing NCU validation row for tensor activity,,,,,,,,,,,,,True,False,True,158.386414378613,1.08573999023,1.0438000488299999,161.21856,1006.011270189361,98.2432881044298,nan,20992000000.0,8192.0,8192.0,0.053661236065363355,906.8332461944633,234.302,9.227933020029809,0.039384781265331965,0.960615218734668,0.1860640330995233,0.0,nvml_total_energy_counter,nvml_total_energy_counter,4.746665578071209,1.0369534198884713,184.94061227501774,7.937502129790886,4,8,,"test NVML-counter/power-trace ratio 1.595 outside [0.5, 1.5]",,,,,,,False,True,quality_pass,98.33951728154186,tensor_model_utilization_pct_mean,quality_pass_saturated_tie_loser,fp16-energy-bench-v2,fp16-energy-bench-v2,,,,,,1.081557238769,,161.801088,1006.287952601025,98.27030787119385,20992000000.0,,,,235.23269999999997,21.71456772614328,0.09237121204022573,0.9076287879597743,0.7863804323143619,,,,,1.5950627065312588,1.0154028236855424,14.953977301927143,3.1604109634357656,consumer,86,results/strict_fp16_launch_shape_rtx3090_20260602_115550,"ga102
GeForce RTX 3090"
pair,launch_shape_tensor_mma_f16acc_t128_b01,0,NVIDIA GeForce RTX 3090,ampere,ga102,82,tensor_mma_f16acc,tensor_baseline_mov,128,128.0,1,8,strict_nvml_counter,structural_baseline,True,False,True,True,True,True,True,True,True,fp16-energy-bench-v2,fp16-energy-bench-v2,True,logical_m16n16k16_input_bits_8192,True,bench_json_metadata,True,True,False,False,False,False,missing NCU validation row,missing NCU validation row,missing NCU validation row for tensor activity,,,,,,,,,,,,,True,True,True,154.92322601242574,1.11001086426,1.03001086426,162.47808,976.3863743141472,95.35023186661594,100.0,20992000000.0,8192.0,8192.0,0.4703028746441885,66.78038020687873,242.936,80.87632236159635,0.3329120523989707,0.6670879476010293,0.6861509516458983,0.0,nvml_total_energy_counter,nvml_total_energy_counter,1.0700580531528145,0.9218646080071826,15.905326959210868,-13.105280542276006,9,8,,,,,,,,,False,False,quality_pass,98.33951728154186,tensor_model_utilization_pct_mean,quality_pass_below_saturation_band,fp16-energy-bench-v2,fp16-energy-bench-v2,,,,,,1.117575507271111,,162.27593481481483,970.9917595642061,94.823414019942,20992000000.0,,,,234.8871111111111,64.63206690719446,0.27462844571581724,0.7253715542841828,0.7477920332530005,,,,,0.9899905073602387,0.9269108340117328,-2.6004854228594354,-12.847220391530682,consumer,86,results/strict_fp16_launch_shape_rtx3090_20260602_115550,"ga102
GeForce RTX 3090"
pair,launch_shape_tensor_mma_f16acc_t128_b01,1,NVIDIA GeForce RTX 3090,ampere,ga102,82,tensor_mma_f16acc,tensor_baseline_mov,128,128.0,1,8,strict_nvml_counter,structural_baseline,True,False,True,True,True,True,True,True,True,fp16-energy-bench-v2,fp16-energy-bench-v2,True,logical_m16n16k16_input_bits_8192,True,bench_json_metadata,True,True,False,False,False,False,missing NCU validation row,missing NCU validation row,missing NCU validation row for tensor activity,,,,,,,,,,,,,True,True,True,153.85534925855953,1.11771520996,1.03811486816,162.47808,969.656200028736,94.69298828405624,100.0,20992000000.0,8192.0,8192.0,0.4309349144958892,58.924981871705285,244.909,74.1063534600004,0.30258730165081893,0.6974126983491811,0.7217094705184444,0.0,nvml_total_energy_counter,nvml_total_energy_counter,1.0540071550924452,0.9388026368589988,12.549097302262226,-10.699208984611545,9,8,,,,,,,,,False,False,quality_pass,98.33951728154186,tensor_model_utilization_pct_mean,quality_pass_below_saturation_band,fp16-energy-bench-v2,fp16-energy-bench-v2,,,,,,1.117575507271111,,162.27593481481483,970.9917595642061,94.823414019942,20992000000.0,,,,234.8871111111111,64.63206690719446,0.27462844571581724,0.7253715542841828,0.7477920332530005,,,,,0.9899905073602387,0.9269108340117328,-2.6004854228594354,-12.847220391530682,consumer,86,results/strict_fp16_launch_shape_rtx3090_20260602_115550,"ga102
GeForce RTX 3090"
pair,launch_shape_tensor_mma_f16acc_t128_b01,2,NVIDIA GeForce RTX 3090,ampere,ga102,82,tensor_mma_f16acc,tensor_baseline_mov,128,128.0,1,8,strict_nvml_counter,structural_baseline,True,False,True,True,True,True,True,True,True,fp16-energy-bench-v2,fp16-energy-bench-v2,True,logical_m16n16k16_input_bits_8192,True,bench_json_metadata,True,True,False,False,False,False,missing NCU validation row,missing NCU validation row,missing NCU validation row for tensor activity,,,,,,,,,,,,,True,True,True,153.82519346118522,1.11793432617,1.03807080078,162.47808,969.4661464749809,94.67442836669736,100.0,20992000000.0,8192.0,8192.0,0.3714622017624472,50.535970132263486,234.102,63.87904134674261,0.2728684135408609,0.7271315864591391,0.7508107745425733,0.0,nvml_total_energy_counter,nvml_total_energy_counter,0.9889719146649381,0.9291533436423131,-2.6104854898567567,-12.402218609779538,9,8,,,,,,,,,False,False,quality_pass,98.33951728154186,tensor_model_utilization_pct_mean,quality_pass_below_saturation_band,fp16-energy-bench-v2,fp16-energy-bench-v2,,,,,,1.117575507271111,,162.27593481481483,970.9917595642061,94.823414019942,20992000000.0,,,,234.8871111111111,64.63206690719446,0.27462844571581724,0.7253715542841828,0.7477920332530005,,,,,0.9899905073602387,0.9269108340117328,-2.6004854228594354,-12.847220391530682,consumer,86,results/strict_fp16_launch_shape_rtx3090_20260602_115550,"ga102
GeForce RTX 3090"
pair,launch_shape_tensor_mma_f16acc_t128_b01,3,NVIDIA GeForce RTX 3090,ampere,ga102,82,tensor_mma_f16acc,tensor_baseline_mov,128,128.0,1,8,strict_nvml_counter,structural_baseline,True,False,True,True,True,True,True,True,True,fp16-energy-bench-v2,fp16-energy-bench-v2,True,logical_m16n16k16_input_bits_8192,True,bench_json_metadata,True,True,False,False,False,False,missing NCU validation row,missing NCU validation row,missing NCU validation row for tensor activity,,,,,,,,,,,,,True,True,True,153.93527307526054,1.1171348877,1.0389329834,162.47808,970.159910980403,94.74217880667997,50.0,20992000000.0,8192.0,8192.0,0.34242866962436214,46.930707410840625,229.861,58.886247487525765,0.2561819860155736,0.7438180139844264,0.7653209449695633,0.0,nvml_total_energy_counter,nvml_total_energy_counter,0.9231606948619965,0.9313293139782471,-19.13248648542927,-12.062817516699738,13,8,,,,,,,,,False,False,quality_pass,98.33951728154186,tensor_model_utilization_pct_mean,quality_pass_below_saturation_band,fp16-energy-bench-v2,fp16-energy-bench-v2,,,,,,1.117575507271111,,162.27593481481483,970.9917595642061,94.823414019942,20992000000.0,,,,234.8871111111111,64.63206690719446,0.27462844571581724,0.7253715542841828,0.7477920332530005,,,,,0.9899905073602387,0.9269108340117328,-2.6004854228594354,-12.847220391530682,consumer,86,results/strict_fp16_launch_shape_rtx3090_20260602_115550,"ga102
GeForce RTX 3090"
pair,launch_shape_tensor_mma_f16acc_t128_b01,4,NVIDIA GeForce RTX 3090,ampere,ga102,82,tensor_mma_f16acc,tensor_baseline_mov,128,128.0,1,8,strict_nvml_counter,structural_baseline,True,False,True,True,True,True,True,True,True,fp16-energy-bench-v2,fp16-energy-bench-v2,True,logical_m16n16k16_input_bits_8192,True,bench_json_metadata,True,True,False,False,False,False,missing NCU validation row,missing NCU validation row,missing NCU validation row for tensor activity,,,,,,,,,,,,,True,True,True,154.0092521580133,1.1165982666,1.03727612305,162.47808,970.6261559085732,94.7877105379466,100.0,20992000000.0,8192.0,8192.0,0.35936240909395406,49.445181785649964,232.253,61.79828278640872,0.26608174183501926,0.7339182581649808,0.7553436529768841,0.0,nvml_total_energy_counter,nvml_total_energy_counter,0.9818008468172782,0.9190375660247113,-4.305158156920328,-14.357514918024378,9,8,,,,,,,,,False,False,quality_pass,98.33951728154186,tensor_model_utilization_pct_mean,quality_pass_below_saturation_band,fp16-energy-bench-v2,fp16-energy-bench-v2,,,,,,1.117575507271111,,162.27593481481483,970.9917595642061,94.823414019942,20992000000.0,,,,234.8871111111111,64.63206690719446,0.27462844571581724,0.7253715542841828,0.7477920332530005,,,,,0.9899905073602387,0.9269108340117328,-2.6004854228594354,-12.847220391530682,consumer,86,results/strict_fp16_launch_shape_rtx3090_20260602_115550,"ga102
GeForce RTX 3090"
pair,launch_shape_tensor_mma_f16acc_t128_b01,5,NVIDIA GeForce RTX 3090,ampere,ga102,82,tensor_mma_f16acc,tensor_baseline_mov,128,128.0,1,8,strict_nvml_counter,structural_baseline,True,False,True,True,True,True,True,True,True,fp16-energy-bench-v2,fp16-energy-bench-v2,True,logical_m16n16k16_input_bits_8192,True,bench_json_metadata,True,True,False,False,False,False,missing NCU validation row,missing NCU validation row,missing NCU validation row for tensor activity,,,,,,,,,,,,,True,True,True,153.62424989420512,1.11939660645,1.03627368164,162.05824,970.7080114634471,94.79570424447724,100.0,20992000000.0,8192.0,8192.0,0.3259242927858038,44.28003035396591,230.788,56.04804816207539,0.24285512315231028,0.7571448768476897,0.7790218540644579,15.0,nvml_total_energy_counter,nvml_total_energy_counter,0.9713206169866018,0.9420003245328903,-6.814286993547313,-10.248329783683005,9,8,,,,,,,,,False,False,quality_pass,98.33951728154186,tensor_model_utilization_pct_mean,quality_pass_below_saturation_band,fp16-energy-bench-v2,fp16-energy-bench-v2,,,,,,1.117575507271111,,162.27593481481483,970.9917595642061,94.823414019942,20992000000.0,,,,234.8871111111111,64.63206690719446,0.27462844571581724,0.7253715542841828,0.7477920332530005,,,,,0.9899905073602387,0.9269108340117328,-2.6004854228594354,-12.847220391530682,consumer,86,results/strict_fp16_launch_shape_rtx3090_20260602_115550,"ga102
GeForce RTX 3090"
pair,launch_shape_tensor_mma_f16acc_t128_b01,6,NVIDIA GeForce RTX 3090,ampere,ga102,82,tensor_mma_f16acc,tensor_baseline_mov,128,128.0,1,8,strict_nvml_counter,structural_baseline,True,False,False,False,False,True,True,True,True,fp16-energy-bench-v2,fp16-energy-bench-v2,True,logical_m16n16k16_input_bits_8192,True,bench_json_metadata,True,True,False,False,False,False,missing NCU validation row,missing NCU validation row,missing NCU validation row for tensor activity,,,,,,,,,,,,,True,True,True,153.71226893430713,1.11875561523,1.03739367676,162.05824,971.2641787836922,94.85001745934494,100.0,20992000000.0,8192.0,8192.0,-5.872940099014467,-908.3336692344238,232.965,-1009.9487421113278,-4.335195167133809,5.335195167133809,5.482386431654974,15.0,nvml_total_energy_counter,nvml_total_energy_counter,0.9724801178886636,5.426298274185399,-6.592596823456574,133.2311065280512,9,3,,,,,,,,,False,False,quality_pass,98.33951728154186,tensor_model_utilization_pct_mean,quality_pass_below_saturation_band,fp16-energy-bench-v2,fp16-energy-bench-v2,,,,,,1.117575507271111,,162.27593481481483,970.9917595642061,94.823414019942,20992000000.0,,,,234.8871111111111,64.63206690719446,0.27462844571581724,0.7253715542841828,0.7477920332530005,,,,,0.9899905073602387,0.9269108340117328,-2.6004854228594354,-12.847220391530682,consumer,86,results/strict_fp16_launch_shape_rtx3090_20260602_115550,"ga102
GeForce RTX 3090"
pair,launch_shape_tensor_mma_f16acc_t128_b01,7,NVIDIA GeForce RTX 3090,ampere,ga102,82,tensor_mma_f16acc,tensor_baseline_mov,128,128.0,1,8,strict_nvml_counter,structural_baseline,True,False,True,True,True,True,True,True,True,fp16-energy-bench-v2,fp16-energy-bench-v2,True,logical_m16n16k16_input_bits_8192,True,bench_json_metadata,True,True,False,False,False,False,missing NCU validation row,missing NCU validation row,missing NCU validation row for tensor activity,,,,,,,,,,,,,True,True,True,153.6396807177497,1.11928417969,1.03727612305,162.05824,970.8055144556408,94.80522602105866,100.0,20992000000.0,8192.0,8192.0,0.38008739036249595,50.64033598250953,234.872,65.3622845316261,0.27828895965302847,0.7217110403469715,0.7494108230072802,15.0,nvml_total_energy_counter,nvml_total_energy_counter,0.9780560485414648,0.9124006982535569,-5.26965686133741,-15.659851354022578,9,8,,,,,,,,,False,False,quality_pass,98.33951728154186,tensor_model_utilization_pct_mean,quality_pass_below_saturation_band,fp16-energy-bench-v2,fp16-energy-bench-v2,,,,,,1.117575507271111,,162.27593481481483,970.9917595642061,94.823414019942,20992000000.0,,,,234.8871111111111,64.63206690719446,0.27462844571581724,0.7253715542841828,0.7477920332530005,,,,,0.9899905073602387,0.9269108340117328,-2.6004854228594354,-12.847220391530682,consumer,86,results/strict_fp16_launch_shape_rtx3090_20260602_115550,"ga102
GeForce RTX 3090"
pair,launch_shape_tensor_mma_f16acc_t128_b01,8,NVIDIA GeForce RTX 3090,ampere,ga102,82,tensor_mma_f16acc,tensor_baseline_mov,128,128.0,1,8,strict_nvml_counter,structural_baseline,True,False,True,True,True,True,True,True,True,fp16-energy-bench-v2,fp16-energy-bench-v2,True,logical_m16n16k16_input_bits_8192,True,bench_json_metadata,True,True,False,False,False,False,missing NCU validation row,missing NCU validation row,missing NCU validation row for tensor activity,,,,,,,,,,,,,True,True,True,153.6124066203226,1.1194829101600001,1.0363903808600001,162.05824,970.633177178836,94.7883962088707,100.0,20992000000.0,8192.0,8192.0,0.3280003370552273,44.83066001334211,230.437,56.405058154195615,0.24477431208614767,0.7552256879138524,0.7761691228369669,15.0,nvml_total_energy_counter,nvml_total_energy_counter,0.9673298410777884,0.9334132086861369,-7.782674628510989,-11.807966657071347,9,8,,,,,,,,,False,False,quality_pass,98.33951728154186,tensor_model_utilization_pct_mean,quality_pass_below_saturation_band,fp16-energy-bench-v2,fp16-energy-bench-v2,,,,,,1.117575507271111,,162.27593481481483,970.9917595642061,94.823414019942,20992000000.0,,,,234.8871111111111,64.63206690719446,0.27462844571581724,0.7253715542841828,0.7477920332530005,,,,,0.9899905073602387,0.9269108340117328,-2.6004854228594354,-12.847220391530682,consumer,86,results/strict_fp16_launch_shape_rtx3090_20260602_115550,"ga102
GeForce RTX 3090"
pair,launch_shape_tensor_mma_f16acc_t128_b01,9,NVIDIA GeForce RTX 3090,ampere,ga102,82,tensor_mma_f16acc,tensor_baseline_mov,128,128.0,1,8,strict_nvml_counter,structural_baseline,True,False,True,True,True,True,True,True,True,fp16-energy-bench-v2,fp16-energy-bench-v2,True,logical_m16n16k16_input_bits_8192,True,bench_json_metadata,True,True,False,False,False,False,missing NCU validation row,missing NCU validation row,missing NCU validation row for tensor activity,,,,,,,,,,,,,True,True,True,153.45621962239875,1.12062231445,1.04584094238,161.9182933333333,970.4843452730913,94.77386184307532,100.0,20992000000.0,8192.0,8192.0,0.37406691036328593,51.44766341149682,233.826,64.32696387457923,0.2751061211096253,0.7248938788903747,0.7461907047149362,15.0,nvml_total_energy_counter,nvml_total_energy_counter,0.9752093950468209,0.9141958061215585,-5.944044451605947,-15.281795157608002,9,8,,,,,,,,,False,False,quality_pass,98.33951728154186,tensor_model_utilization_pct_mean,quality_pass_below_saturation_band,fp16-energy-bench-v2,fp16-energy-bench-v2,,,,,,1.117575507271111,,162.27593481481483,970.9917595642061,94.823414019942,20992000000.0,,,,234.8871111111111,64.63206690719446,0.27462844571581724,0.7253715542841828,0.7477920332530005,,,,,0.9899905073602387,0.9269108340117328,-2.6004854228594354,-12.847220391530682,consumer,86,results/strict_fp16_launch_shape_rtx3090_20260602_115550,"ga102
GeForce RTX 3090"
pair,launch_shape_tensor_mma_f16acc_t128_b02,0,NVIDIA GeForce RTX 3090,ampere,ga102,82,tensor_mma_f16acc,tensor_baseline_mov,128,256.0,2,8,strict_nvml_counter,structural_baseline,True,False,True,True,True,True,True,True,True,fp16-energy-bench-v2,fp16-energy-bench-v2,True,logical_m16n16k16_input_bits_8192,True,bench_json_metadata,True,True,False,False,False,False,missing NCU validation row,missing NCU validation row,missing NCU validation row for tensor activity,,,,,,,,,,,,,True,True,True,160.7584485487548,1.06971960449,1.00327313232,162.47808,1013.1622143363888,98.94162249378796,99.0,20992000000.0,8192.0,8192.0,0.31944848360555483,45.30462440774372,227.148,54.934426155809234,0.24184419918207176,0.7581558008179282,0.7803881477984546,0.0,nvml_total_energy_counter,nvml_total_energy_counter,0.9620279344219518,0.9760266767051489,-8.965725883110792,-4.07938176397289,9,7,,baseline elapsed_s 0.9928s < warning threshold 1s,,,,,,,False,False,quality_pass,98.33951728154186,tensor_model_utilization_pct_mean,quality_pass_below_saturation_band,fp16-energy-bench-v2,fp16-energy-bench-v2,,,,,,1.080639526366,,162.02850133333334,1005.7227614684869,98.21511342465692,20992000000.0,,,,228.06599999999997,50.50378089657974,0.21927115974006553,0.7807288402599345,0.8035359316131714,,,,,0.9284475599149526,0.9568364631851038,-17.615474170252636,-7.597092924965082,consumer,86,results/strict_fp16_launch_shape_rtx3090_20260602_115550,"ga102
GeForce RTX 3090"
pair,launch_shape_tensor_mma_f16acc_t128_b02,1,NVIDIA GeForce RTX 3090,ampere,ga102,82,tensor_mma_f16acc,tensor_baseline_mov,128,256.0,2,8,strict_nvml_counter,structural_baseline,True,False,True,True,True,True,True,True,True,fp16-energy-bench-v2,fp16-energy-bench-v2,True,logical_m16n16k16_input_bits_8192,True,bench_json_metadata,True,True,False,False,False,False,missing NCU validation row,missing NCU validation row,missing NCU validation row for tensor activity,,,,,,,,,,,,,True,True,True,159.2953474759538,1.0795447998,0.98664831543,162.47808,1003.9411828067928,98.04113113347584,98.0,20992000000.0,8192.0,8192.0,0.3057585178429907,42.65477938449874,231.68,52.58021115134002,0.2269518782430077,0.7730481217569923,0.7954774612514849,0.0,nvml_total_energy_counter,nvml_total_energy_counter,0.9578521753284107,0.9704610043821164,-10.194483315304723,-5.125898923884421,9,7,,baseline elapsed_s 0.9928s < warning threshold 1s,,,,,,,False,False,quality_pass,98.33951728154186,tensor_model_utilization_pct_mean,quality_pass_below_saturation_band,fp16-energy-bench-v2,fp16-energy-bench-v2,,,,,,1.080639526366,,162.02850133333334,1005.7227614684869,98.21511342465692,20992000000.0,,,,228.06599999999997,50.50378089657974,0.21927115974006553,0.7807288402599345,0.8035359316131714,,,,,0.9284475599149526,0.9568364631851038,-17.615474170252636,-7.597092924965082,consumer,86,results/strict_fp16_launch_shape_rtx3090_20260602_115550,"ga102
GeForce RTX 3090"
pair,launch_shape_tensor_mma_f16acc_t128_b02,2,NVIDIA GeForce RTX 3090,ampere,ga102,82,tensor_mma_f16acc,tensor_baseline_mov,128,256.0,2,8,strict_nvml_counter,structural_baseline,True,False,True,True,True,True,True,True,True,fp16-energy-bench-v2,fp16-energy-bench-v2,True,logical_m16n16k16_input_bits_8192,True,bench_json_metadata,True,True,False,False,False,False,missing NCU validation row,missing NCU validation row,missing NCU validation row for tensor activity,,,,,,,,,,,,,True,True,True,159.50263380079468,1.0781418457,0.993592346191,162.47808,1005.2475817785006,98.16870915805669,99.0,20992000000.0,8192.0,8192.0,0.1904925366175706,24.42877578557227,213.555,32.758327940514135,0.15339527494328925,0.8466047250567108,0.8728473357344186,0.0,nvml_total_energy_counter,nvml_total_energy_counter,0.8704815689223767,0.9746600986088271,-31.77472049525761,-4.4658497336428695,9,7,,baseline elapsed_s 0.9928s < warning threshold 1s,,,,,,,False,False,quality_pass,98.33951728154186,tensor_model_utilization_pct_mean,quality_pass_below_saturation_band,fp16-energy-bench-v2,fp16-energy-bench-v2,,,,,,1.080639526366,,162.02850133333334,1005.7227614684869,98.21511342465692,20992000000.0,,,,228.06599999999997,50.50378089657974,0.21927115974006553,0.7807288402599345,0.8035359316131714,,,,,0.9284475599149526,0.9568364631851038,-17.615474170252636,-7.597092924965082,consumer,86,results/strict_fp16_launch_shape_rtx3090_20260602_115550,"ga102
GeForce RTX 3090"
pair,launch_shape_tensor_mma_f16acc_t128_b02,3,NVIDIA GeForce RTX 3090,ampere,ga102,82,tensor_mma_f16acc,tensor_baseline_mov,128,256.0,2,8,strict_nvml_counter,structural_baseline,True,False,True,True,True,True,True,True,True,fp16-energy-bench-v2,fp16-energy-bench-v2,True,logical_m16n16k16_input_bits_8192,True,bench_json_metadata,True,True,False,False,False,False,missing NCU validation row,missing NCU validation row,missing NCU validation row for tensor activity,,,,,,,,,,,,,True,True,True,159.29927428284918,1.07951818848,0.9962239990230001,162.47808,1003.9659310698254,98.04354795603763,98.0,20992000000.0,8192.0,8192.0,0.17364840938670562,22.14067769737983,209.676,29.861702941456173,0.14241831655247225,0.8575816834475277,0.882673350417633,0.0,nvml_total_energy_counter,nvml_total_energy_counter,0.8490557919180047,0.9653773729187967,-37.27596946521612,-6.123765166555842,9,7,,baseline elapsed_s 0.9928s < warning threshold 1s,,,,,,,False,False,quality_pass,98.33951728154186,tensor_model_utilization_pct_mean,quality_pass_below_saturation_band,fp16-energy-bench-v2,fp16-energy-bench-v2,,,,,,1.080639526366,,162.02850133333334,1005.7227614684869,98.21511342465692,20992000000.0,,,,228.06599999999997,50.50378089657974,0.21927115974006553,0.7807288402599345,0.8035359316131714,,,,,0.9284475599149526,0.9568364631851038,-17.615474170252636,-7.597092924965082,consumer,86,results/strict_fp16_launch_shape_rtx3090_20260602_115550,"ga102
GeForce RTX 3090"
pair,launch_shape_tensor_mma_f16acc_t128_b02,4,NVIDIA GeForce RTX 3090,ampere,ga102,82,tensor_mma_f16acc,tensor_baseline_mov,128,256.0,2,8,strict_nvml_counter,structural_baseline,True,False,True,True,True,True,True,True,True,fp16-energy-bench-v2,fp16-energy-bench-v2,True,logical_m16n16k16_input_bits_8192,True,bench_json_metadata,True,True,False,False,False,False,missing NCU validation row,missing NCU validation row,missing NCU validation row for tensor activity,,,,,,,,,,,,,True,True,True,159.42312203851574,1.0786795654299999,0.987269104004,162.47808,1004.746467753928,98.11977224159452,100.0,20992000000.0,8192.0,8192.0,0.27429780937679366,37.56752719914519,233.249,47.17002436147325,0.20223033908601218,0.7977696609139878,0.8211698469363592,0.0,nvml_total_energy_counter,nvml_total_energy_counter,0.9455295628888382,0.9978516418299979,-13.437099678749092,-0.3773792625762553,9,7,,baseline elapsed_s 0.9928s < warning threshold 1s,,,,,,,False,False,quality_pass,98.33951728154186,tensor_model_utilization_pct_mean,quality_pass_below_saturation_band,fp16-energy-bench-v2,fp16-energy-bench-v2,,,,,,1.080639526366,,162.02850133333334,1005.7227614684869,98.21511342465692,20992000000.0,,,,228.06599999999997,50.50378089657974,0.21927115974006553,0.7807288402599345,0.8035359316131714,,,,,0.9284475599149526,0.9568364631851038,-17.615474170252636,-7.597092924965082,consumer,86,results/strict_fp16_launch_shape_rtx3090_20260602_115550,"ga102
GeForce RTX 3090"
pair,launch_shape_tensor_mma_f16acc_t128_b02,5,NVIDIA GeForce RTX 3090,ampere,ga102,82,tensor_mma_f16acc,tensor_baseline_mov,128,256.0,2,8,strict_nvml_counter,structural_baseline,True,False,True,True,True,True,True,True,True,fp16-energy-bench-v2,fp16-energy-bench-v2,True,logical_m16n16k16_input_bits_8192,True,bench_json_metadata,True,True,False,False,False,False,missing NCU validation row,missing NCU validation row,missing NCU validation row for tensor activity,,,,,,,,,,,,,True,True,True,158.729236243492,1.08339501953,0.990129150391,161.69088,1005.2436965729657,98.1683297434537,100.0,20992000000.0,8192.0,8192.0,0.32146225141168394,44.81978565794614,237.053,55.2807266847463,0.23319986114812424,0.7668001388518757,0.7891825924392316,15.0,nvml_total_energy_counter,nvml_total_energy_counter,0.9644308684624139,0.9744212064430676,-8.7427410445936,-4.486849053164235,8,7,,baseline elapsed_s 0.9928s < warning threshold 1s,,,,,,,False,False,quality_pass,98.33951728154186,tensor_model_utilization_pct_mean,quality_pass_below_saturation_band,fp16-energy-bench-v2,fp16-energy-bench-v2,,,,,,1.080639526366,,162.02850133333334,1005.7227614684869,98.21511342465692,20992000000.0,,,,228.06599999999997,50.50378089657974,0.21927115974006553,0.7807288402599345,0.8035359316131714,,,,,0.9284475599149526,0.9568364631851038,-17.615474170252636,-7.597092924965082,consumer,86,results/strict_fp16_launch_shape_rtx3090_20260602_115550,"ga102
GeForce RTX 3090"
pair,launch_shape_tensor_mma_f16acc_t128_b02,6,NVIDIA GeForce RTX 3090,ampere,ga102,82,tensor_mma_f16acc,tensor_baseline_mov,128,256.0,2,8,strict_nvml_counter,structural_baseline,True,False,True,True,True,True,True,True,True,fp16-energy-bench-v2,fp16-energy-bench-v2,True,logical_m16n16k16_input_bits_8192,True,bench_json_metadata,True,True,False,False,False,False,missing NCU validation row,missing NCU validation row,missing NCU validation row for tensor activity,,,,,,,,,,,,,True,True,True,158.4142345266331,1.08554931641,0.995700561523,161.6384,1003.5744981098073,98.00532208103589,99.0,20992000000.0,8192.0,8192.0,0.3348710960971556,47.16144424377083,236.656,57.58659829163204,0.24333462194760344,0.7566653780523965,0.7776650038390455,15.0,nvml_total_energy_counter,nvml_total_energy_counter,0.9485934596600337,0.9598324159478072,-12.824952656805266,-7.063740401210254,9,7,,baseline elapsed_s 0.9928s < warning threshold 1s,,,,,,,False,False,quality_pass,98.33951728154186,tensor_model_utilization_pct_mean,quality_pass_below_saturation_band,fp16-energy-bench-v2,fp16-energy-bench-v2,,,,,,1.080639526366,,162.02850133333334,1005.7227614684869,98.21511342465692,20992000000.0,,,,228.06599999999997,50.50378089657974,0.21927115974006553,0.7807288402599345,0.8035359316131714,,,,,0.9284475599149526,0.9568364631851038,-17.615474170252636,-7.597092924965082,consumer,86,results/strict_fp16_launch_shape_rtx3090_20260602_115550,"ga102
GeForce RTX 3090"
pair,launch_shape_tensor_mma_f16acc_t128_b02,7,NVIDIA GeForce RTX 3090,ampere,ga102,82,tensor_mma_f16acc,tensor_baseline_mov,128,256.0,2,8,strict_nvml_counter,structural_baseline,True,False,True,True,True,True,True,True,True,fp16-energy-bench-v2,fp16-energy-bench-v2,True,logical_m16n16k16_input_bits_8192,True,bench_json_metadata,True,True,False,False,False,False,missing NCU validation row,missing NCU validation row,missing NCU validation row for tensor activity,,,,,,,,,,,,,True,True,True,158.68108752404507,1.0837237548799998,0.98881640625,161.53344,1005.9182397441801,98.2342031000176,99.0,20992000000.0,8192.0,8192.0,0.19387160286423188,25.21813224048418,215.96,33.33941401457423,0.15437772742440373,0.8456222725755963,0.8698286296422227,15.0,nvml_total_energy_counter,nvml_total_energy_counter,0.8726505748245158,0.9686353337924802,-31.515915595916624,-5.548746512900266,8,7,,baseline elapsed_s 0.9928s < warning threshold 1s,,,,,,,False,False,quality_pass,98.33951728154186,tensor_model_utilization_pct_mean,quality_pass_below_saturation_band,fp16-energy-bench-v2,fp16-energy-bench-v2,,,,,,1.080639526366,,162.02850133333334,1005.7227614684869,98.21511342465692,20992000000.0,,,,228.06599999999997,50.50378089657974,0.21927115974006553,0.7807288402599345,0.8035359316131714,,,,,0.9284475599149526,0.9568364631851038,-17.615474170252636,-7.597092924965082,consumer,86,results/strict_fp16_launch_shape_rtx3090_20260602_115550,"ga102
GeForce RTX 3090"
pair,launch_shape_tensor_mma_f16acc_t128_b02,8,NVIDIA GeForce RTX 3090,ampere,ga102,82,tensor_mma_f16acc,tensor_baseline_mov,128,256.0,2,8,strict_nvml_counter,structural_baseline,True,False,True,True,True,True,True,True,True,fp16-energy-bench-v2,fp16-energy-bench-v2,True,logical_m16n16k16_input_bits_8192,True,bench_json_metadata,True,True,False,False,False,False,missing NCU validation row,missing NCU validation row,missing NCU validation row for tensor activity,,,,,,,,,,,,,True,True,True,158.54957402823004,1.0846226806600001,0.993753112793,161.49845333333332,1005.3022828014756,98.17405105483161,100.0,20992000000.0,8192.0,8192.0,0.39846467635239385,57.02044850001087,236.535,68.52256142122559,0.28969311696461664,0.7103068830353834,0.7309397887753678,15.0,nvml_total_energy_counter,nvml_total_energy_counter,0.9489636282900354,0.8956429300141093,-12.721128421085155,-18.428346825423432,9,7,,baseline elapsed_s 0.9928s < warning threshold 1s,,,,,,,False,False,quality_pass,98.33951728154186,tensor_model_utilization_pct_mean,quality_pass_below_saturation_band,fp16-energy-bench-v2,fp16-energy-bench-v2,,,,,,1.080639526366,,162.02850133333334,1005.7227614684869,98.21511342465692,20992000000.0,,,,228.06599999999997,50.50378089657974,0.21927115974006553,0.7807288402599345,0.8035359316131714,,,,,0.9284475599149526,0.9568364631851038,-17.615474170252636,-7.597092924965082,consumer,86,results/strict_fp16_launch_shape_rtx3090_20260602_115550,"ga102
GeForce RTX 3090"
pair,launch_shape_tensor_mma_f16acc_t128_b02,9,NVIDIA GeForce RTX 3090,ampere,ga102,82,tensor_mma_f16acc,tensor_baseline_mov,128,256.0,2,8,strict_nvml_counter,structural_baseline,True,False,True,True,True,True,True,True,True,fp16-energy-bench-v2,fp16-energy-bench-v2,True,logical_m16n16k16_input_bits_8192,True,bench_json_metadata,True,True,False,False,False,False,missing NCU validation row,missing NCU validation row,missing NCU validation row for tensor activity,,,,,,,,,,,,,True,True,True,158.71378542061177,1.08350048828,0.99280279541,161.53344,1006.1255197110052,98.25444528427782,100.0,20992000000.0,8192.0,8192.0,0.42452356293740173,61.065495968881436,239.148,73.00381600302643,0.3052662619090539,0.6947337380909461,0.7151871592974955,15.0,nvml_total_energy_counter,nvml_total_energy_counter,0.9648900344329457,0.8854559512086874,-8.70200514648738,-20.27097160632036,8,7,,baseline elapsed_s 0.9928s < warning threshold 1s,,,,,,,False,False,quality_pass,98.33951728154186,tensor_model_utilization_pct_mean,quality_pass_below_saturation_band,fp16-energy-bench-v2,fp16-energy-bench-v2,,,,,,1.080639526366,,162.02850133333334,1005.7227614684869,98.21511342465692,20992000000.0,,,,228.06599999999997,50.50378089657974,0.21927115974006553,0.7807288402599345,0.8035359316131714,,,,,0.9284475599149526,0.9568364631851038,-17.615474170252636,-7.597092924965082,consumer,86,results/strict_fp16_launch_shape_rtx3090_20260602_115550,"ga102
GeForce RTX 3090"
pair,launch_shape_tensor_mma_f16acc_t128_b04,0,NVIDIA GeForce RTX 3090,ampere,ga102,82,tensor_mma_f16acc,tensor_baseline_mov,128,512.0,4,8,strict_nvml_counter,structural_baseline,True,False,True,True,True,True,True,True,True,fp16-energy-bench-v2,fp16-energy-bench-v2,True,logical_m16n16k16_input_bits_8192,True,bench_json_metadata,True,True,False,False,False,False,missing NCU validation row,missing NCU validation row,missing NCU validation row for tensor activity,,,,,,,,,,,,,True,True,True,160.71743995202422,1.0699925537100001,1.02142156982,162.47808,1012.9037622236353,98.91638302965188,100.0,20992000000.0,8192.0,8192.0,0.22988383528569312,30.726838168581054,233.814,39.53231028483907,0.1690758906003878,0.8309241093996123,0.8552667413026462,0.0,nvml_total_energy_counter,nvml_total_energy_counter,0.9283836726762762,0.9452202030775434,-18.036616163873475,-11.0608547381851,9,8,,,,,,,,,False,True,quality_pass,98.33951728154186,tensor_model_utilization_pct_mean,quality_pass_saturated_tie_loser,fp16-energy-bench-v2,fp16-energy-bench-v2,,,,,,1.081650973851111,,161.83082666666667,1006.0154173248791,98.24369309813272,20992000000.0,,,,234.08244444444446,27.30272469749856,0.1164675320718868,0.8835324679281132,0.9103673820717904,,,,,0.8992822103049244,0.992672022120171,-26.33551272295402,-1.5581390024836201,consumer,86,results/strict_fp16_launch_shape_rtx3090_20260602_115550,"ga102
GeForce RTX 3090"
pair,launch_shape_tensor_mma_f16acc_t128_b04,1,NVIDIA GeForce RTX 3090,ampere,ga102,82,tensor_mma_f16acc,tensor_baseline_mov,128,512.0,4,8,strict_nvml_counter,structural_baseline,True,False,True,True,True,True,True,True,True,fp16-energy-bench-v2,fp16-energy-bench-v2,True,logical_m16n16k16_input_bits_8192,True,bench_json_metadata,True,True,False,False,False,False,missing NCU validation row,missing NCU validation row,missing NCU validation row for tensor activity,,,,,,,,,,,,,True,True,True,159.31831664356258,1.07938916016,1.02480895996,162.47808,1004.0859434270031,98.05526791279327,100.0,20992000000.0,8192.0,8192.0,0.15855579715294263,19.678977236044204,231.105,27.266279783092813,0.11798221493733504,0.8820177850626649,0.9056278870169407,0.0,nvml_total_energy_counter,nvml_total_energy_counter,0.9361456389380182,0.9709495721943555,-15.763639223881881,-5.958070488079727,13,8,,,,,,,,,False,True,quality_pass,98.33951728154186,tensor_model_utilization_pct_mean,quality_pass_saturated_tie_loser,fp16-energy-bench-v2,fp16-energy-bench-v2,,,,,,1.081650973851111,,161.83082666666667,1006.0154173248791,98.24369309813272,20992000000.0,,,,234.08244444444446,27.30272469749856,0.1164675320718868,0.8835324679281132,0.9103673820717904,,,,,0.8992822103049244,0.992672022120171,-26.33551272295402,-1.5581390024836201,consumer,86,results/strict_fp16_launch_shape_rtx3090_20260602_115550,"ga102
GeForce RTX 3090"
pair,launch_shape_tensor_mma_f16acc_t128_b04,2,NVIDIA GeForce RTX 3090,ampere,ga102,82,tensor_mma_f16acc,tensor_baseline_mov,128,512.0,4,8,strict_nvml_counter,structural_baseline,True,False,True,True,True,True,True,True,True,fp16-energy-bench-v2,fp16-energy-bench-v2,True,logical_m16n16k16_input_bits_8192,True,bench_json_metadata,True,True,False,False,False,False,missing NCU validation row,missing NCU validation row,missing NCU validation row for tensor activity,,,,,,,,,,,,,True,True,True,159.35353087815338,1.07915063477,1.02608996582,162.47808,1004.3078772178318,98.07694113455389,100.0,20992000000.0,8192.0,8192.0,0.10147008159605243,7.768646347176826,236.873,17.449451133864613,0.07366585104197022,0.9263341489580298,0.963198951832663,0.0,nvml_total_energy_counter,nvml_total_energy_counter,0.897310235140046,1.025957687936399,-27.108163619548463,5.46788608989371,8,8,,,,,,,,,False,True,quality_pass,98.33951728154186,tensor_model_utilization_pct_mean,quality_pass_saturated_tie_loser,fp16-energy-bench-v2,fp16-energy-bench-v2,,,,,,1.081650973851111,,161.83082666666667,1006.0154173248791,98.24369309813272,20992000000.0,,,,234.08244444444446,27.30272469749856,0.1164675320718868,0.8835324679281132,0.9103673820717904,,,,,0.8992822103049244,0.992672022120171,-26.33551272295402,-1.5581390024836201,consumer,86,results/strict_fp16_launch_shape_rtx3090_20260602_115550,"ga102
GeForce RTX 3090"
pair,launch_shape_tensor_mma_f16acc_t128_b04,3,NVIDIA GeForce RTX 3090,ampere,ga102,82,tensor_mma_f16acc,tensor_baseline_mov,128,512.0,4,8,strict_nvml_counter,structural_baseline,True,False,True,True,True,True,True,True,True,fp16-energy-bench-v2,fp16-energy-bench-v2,True,logical_m16n16k16_input_bits_8192,True,bench_json_metadata,True,True,False,False,False,False,missing NCU validation row,missing NCU validation row,missing NCU validation row for tensor activity,,,,,,,,,,,,,True,True,True,159.47934064590788,1.07829931641,1.02513354492,162.47808,1005.1007792645609,98.15437297505477,100.0,20992000000.0,8192.0,8192.0,0.17493149367822933,21.868828478888304,231.591,30.08235041008345,0.12989429818120501,0.870105701818795,0.8952367295329008,0.0,nvml_total_energy_counter,nvml_total_energy_counter,0.8851523674627367,0.9506895949361518,-30.048700138687764,-10.224383467722447,9,8,,,,,,,,,False,True,quality_pass,98.33951728154186,tensor_model_utilization_pct_mean,quality_pass_saturated_tie_loser,fp16-energy-bench-v2,fp16-energy-bench-v2,,,,,,1.081650973851111,,161.83082666666667,1006.0154173248791,98.24369309813272,20992000000.0,,,,234.08244444444446,27.30272469749856,0.1164675320718868,0.8835324679281132,0.9103673820717904,,,,,0.8992822103049244,0.992672022120171,-26.33551272295402,-1.5581390024836201,consumer,86,results/strict_fp16_launch_shape_rtx3090_20260602_115550,"ga102
GeForce RTX 3090"
pair,launch_shape_tensor_mma_f16acc_t128_b04,4,NVIDIA GeForce RTX 3090,ampere,ga102,82,tensor_mma_f16acc,tensor_baseline_mov,128,512.0,4,8,strict_nvml_counter,structural_baseline,True,False,True,True,True,True,True,True,True,fp16-energy-bench-v2,fp16-energy-bench-v2,True,logical_m16n16k16_input_bits_8192,True,bench_json_metadata,True,True,False,False,False,False,missing NCU validation row,missing NCU validation row,missing NCU validation row for tensor activity,,,,,,,,,,,,,True,True,True,158.7122834171631,1.0835107421899999,1.0221576538100001,161.69088,1005.1363331016258,98.15784502945564,100.0,20992000000.0,8192.0,8192.0,0.18139928521704551,22.655602616473487,235.16,31.19459365090279,0.13265263501829727,0.8673473649817027,0.8925768366516569,15.0,nvml_total_energy_counter,nvml_total_energy_counter,0.8942277313766291,0.9499387441969138,-27.815517028509333,-10.436442324349173,8,8,,,,,,,,,False,True,quality_pass,98.33951728154186,tensor_model_utilization_pct_mean,quality_pass_saturated_tie_loser,fp16-energy-bench-v2,fp16-energy-bench-v2,,,,,,1.081650973851111,,161.83082666666667,1006.0154173248791,98.24369309813272,20992000000.0,,,,234.08244444444446,27.30272469749856,0.1164675320718868,0.8835324679281132,0.9103673820717904,,,,,0.8992822103049244,0.992672022120171,-26.33551272295402,-1.5581390024836201,consumer,86,results/strict_fp16_launch_shape_rtx3090_20260602_115550,"ga102
GeForce RTX 3090"
pair,launch_shape_tensor_mma_f16acc_t128_b04,5,NVIDIA GeForce RTX 3090,ampere,ga102,82,tensor_mma_f16acc,tensor_baseline_mov,128,512.0,4,8,strict_nvml_counter,structural_baseline,True,False,True,True,True,True,True,True,True,fp16-energy-bench-v2,fp16-energy-bench-v2,True,logical_m16n16k16_input_bits_8192,True,bench_json_metadata,True,True,False,False,False,False,missing NCU validation row,missing NCU validation row,missing NCU validation row for tensor activity,,,,,,,,,,,,,True,True,True,158.22837070001168,1.08682446289,1.02249884033,161.21856,1005.0074358486514,98.14525740709486,100.0,20992000000.0,8192.0,8192.0,0.13148035021553534,14.712649844451477,232.947,22.61021091204725,0.0970616102033821,0.9029383897966179,0.9293496671706014,0.0,nvml_total_energy_counter,nvml_total_energy_counter,0.8820177436177302,1.0468970086412335,-31.15993173193135,9.12149200420319,9,8,,,,,,,,,False,True,quality_pass,98.33951728154186,tensor_model_utilization_pct_mean,quality_pass_saturated_tie_loser,fp16-energy-bench-v2,fp16-energy-bench-v2,,,,,,1.081650973851111,,161.83082666666667,1006.0154173248791,98.24369309813272,20992000000.0,,,,234.08244444444446,27.30272469749856,0.1164675320718868,0.8835324679281132,0.9103673820717904,,,,,0.8992822103049244,0.992672022120171,-26.33551272295402,-1.5581390024836201,consumer,86,results/strict_fp16_launch_shape_rtx3090_20260602_115550,"ga102
GeForce RTX 3090"
pair,launch_shape_tensor_mma_f16acc_t128_b04,6,NVIDIA GeForce RTX 3090,ampere,ga102,82,tensor_mma_f16acc,tensor_baseline_mov,128,512.0,4,8,strict_nvml_counter,structural_baseline,True,False,True,True,True,True,True,True,True,fp16-energy-bench-v2,fp16-energy-bench-v2,True,logical_m16n16k16_input_bits_8192,True,bench_json_metadata,True,True,False,False,False,False,missing NCU validation row,missing NCU validation row,missing NCU validation row for tensor activity,,,,,,,,,,,,,True,True,True,158.36819943479475,1.08586486816,1.02439221191,161.21856,1005.8955756783203,98.23198981233597,100.0,20992000000.0,8192.0,8192.0,0.17867707978683386,21.75567740784382,234.188,30.72646560878769,0.13120427011114016,0.8687957298888598,0.8959697967082153,0.0,nvml_total_energy_counter,nvml_total_energy_counter,0.8887447021104283,1.012752364736977,-29.31624305640662,2.492859554525637,9,8,,,,,,,,,False,True,quality_pass,98.33951728154186,tensor_model_utilization_pct_mean,quality_pass_saturated_tie_loser,fp16-energy-bench-v2,fp16-energy-bench-v2,,,,,,1.081650973851111,,161.83082666666667,1006.0154173248791,98.24369309813272,20992000000.0,,,,234.08244444444446,27.30272469749856,0.1164675320718868,0.8835324679281132,0.9103673820717904,,,,,0.8992822103049244,0.992672022120171,-26.33551272295402,-1.5581390024836201,consumer,86,results/strict_fp16_launch_shape_rtx3090_20260602_115550,"ga102
GeForce RTX 3090"
pair,launch_shape_tensor_mma_f16acc_t128_b04,7,NVIDIA GeForce RTX 3090,ampere,ga102,82,tensor_mma_f16acc,tensor_baseline_mov,128,512.0,4,8,strict_nvml_counter,structural_baseline,True,False,False,False,False,True,True,True,True,fp16-energy-bench-v2,fp16-energy-bench-v2,True,logical_m16n16k16_input_bits_8192,True,bench_json_metadata,True,True,False,False,False,False,missing NCU validation row,missing NCU validation row,missing NCU validation row for tensor activity,,,,,,,,,,,,,True,True,True,158.3591024345177,1.08592724609,1.02052453613,161.21856,1005.8377949346906,98.2263471615909,100.0,20992000000.0,8192.0,8192.0,-4.413788562576694,-702.3779890248238,235.166,-759.0236119499568,-3.2276077832252827,4.227607783225283,4.295330822530119,0.0,nvml_total_energy_counter,nvml_total_energy_counter,0.9021924761952468,nan,-25.49456435290739,1004329186260.708,9,2,,,,,,,,,False,True,quality_pass,98.33951728154186,tensor_model_utilization_pct_mean,quality_pass_saturated_tie_loser,fp16-energy-bench-v2,fp16-energy-bench-v2,,,,,,1.081650973851111,,161.83082666666667,1006.0154173248791,98.24369309813272,20992000000.0,,,,234.08244444444446,27.30272469749856,0.1164675320718868,0.8835324679281132,0.9103673820717904,,,,,0.8992822103049244,0.992672022120171,-26.33551272295402,-1.5581390024836201,consumer,86,results/strict_fp16_launch_shape_rtx3090_20260602_115550,"ga102
GeForce RTX 3090"
pair,launch_shape_tensor_mma_f16acc_t128_b04,8,NVIDIA GeForce RTX 3090,ampere,ga102,82,tensor_mma_f16acc,tensor_baseline_mov,128,512.0,4,8,strict_nvml_counter,structural_baseline,True,False,True,True,True,True,True,True,True,fp16-energy-bench-v2,fp16-energy-bench-v2,True,logical_m16n16k16_input_bits_8192,True,bench_json_metadata,True,True,False,False,False,False,missing NCU validation row,missing NCU validation row,missing NCU validation row for tensor activity,,,,,,,,,,,,,True,True,True,158.37642501897932,1.0858084716799998,1.02854553223,161.21856,1005.947821512826,98.2370919446119,100.0,20992000000.0,8192.0,8192.0,0.05968774407637486,3.420526855587269,230.509,10.26429029295113,0.04452880491846796,0.955471195081532,0.9834164233753127,0.0,nvml_total_energy_counter,nvml_total_energy_counter,0.8708618607473313,1.0263788310165858,-34.18165920763644,5.531367384689247,8,8,,,,,,,,,False,True,quality_pass,98.33951728154186,tensor_model_utilization_pct_mean,quality_pass_saturated_tie_loser,fp16-energy-bench-v2,fp16-energy-bench-v2,,,,,,1.081650973851111,,161.83082666666667,1006.0154173248791,98.24369309813272,20992000000.0,,,,234.08244444444446,27.30272469749856,0.1164675320718868,0.8835324679281132,0.9103673820717904,,,,,0.8992822103049244,0.992672022120171,-26.33551272295402,-1.5581390024836201,consumer,86,results/strict_fp16_launch_shape_rtx3090_20260602_115550,"ga102
GeForce RTX 3090"
pair,launch_shape_tensor_mma_f16acc_t128_b04,9,NVIDIA GeForce RTX 3090,ampere,ga102,82,tensor_mma_f16acc,tensor_baseline_mov,128,512.0,4,8,strict_nvml_counter,structural_baseline,True,False,True,True,True,True,True,True,True,fp16-energy-bench-v2,fp16-energy-bench-v2,True,logical_m16n16k16_input_bits_8192,True,bench_json_metadata,True,True,False,False,False,False,missing NCU validation row,missing NCU validation row,missing NCU validation row for tensor activity,,,,,,,,,,,,,True,True,True,158.34578816113063,1.08601855469,1.03042358398,161.21856,1005.7532276494577,98.21808863764237,100.0,20992000000.0,8192.0,8192.0,0.21282388059638338,27.403537173602587,240.555,36.59857020091826,0.1521422136347956,0.8478577863652044,0.8726634050551764,0.0,nvml_total_energy_counter,nvml_total_energy_counter,0.9106959406751233,1.0052641923453791,-23.58914433611085,1.0428949626720794,9,8,,,,,,,,,False,True,quality_pass,98.33951728154186,tensor_model_utilization_pct_mean,quality_pass_saturated_tie_loser,fp16-energy-bench-v2,fp16-energy-bench-v2,,,,,,1.081650973851111,,161.83082666666667,1006.0154173248791,98.24369309813272,20992000000.0,,,,234.08244444444446,27.30272469749856,0.1164675320718868,0.8835324679281132,0.9103673820717904,,,,,0.8992822103049244,0.992672022120171,-26.33551272295402,-1.5581390024836201,consumer,86,results/strict_fp16_launch_shape_rtx3090_20260602_115550,"ga102
GeForce RTX 3090"
pair,launch_shape_tensor_mma_f16acc_t128_b08,0,NVIDIA GeForce RTX 3090,ampere,ga102,82,tensor_mma_f16acc,tensor_baseline_mov,128,1024.0,8,8,strict_nvml_counter,structural_baseline,True,False,False,False,False,True,True,True,True,fp16-energy-bench-v2,fp16-energy-bench-v2,True,logical_m16n16k16_input_bits_8192,True,bench_json_metadata,True,True,False,False,False,False,missing NCU validation row,missing NCU validation row,missing NCU validation row for tensor activity,,,,,,,,,,,,,True,True,True,159.50574006820034,2.15624169922,1.02107641602,162.47808,1005.2671586828029,98.17062096511748,100.0,41984000000.0,8192.0,8192.0,-0.006194493030515601,-7.164587127637958,464.372,-2.130490125460824,-0.0045878953198315656,1.0045878953198315,1.0342499670829808,0.0,nvml_total_energy_counter,nvml_total_energy_counter,0.9067956599741213,1.1595851947746034,-47.730142188519665,31.307640471501884,16,8,,,,,,,,,False,False,quality_pass,98.33951728154186,tensor_model_utilization_pct_mean,quality_pass_below_saturation_band,fp16-energy-bench-v2,fp16-energy-bench-v2,,,,,,2.167643341065,,161.60232,1005.4075322513737,98.18432932142322,41984000000.0,,,,467.5085,33.86707589601042,0.0721022222140104,0.9278977777859896,0.9534026432288268,,,,,0.8876568549339711,1.0209015219906945,-59.20226519360224,4.115420064356904,consumer,86,results/strict_fp16_launch_shape_rtx3090_20260602_115550,"ga102
GeForce RTX 3090"
pair,launch_shape_tensor_mma_f16acc_t128_b08,1,NVIDIA GeForce RTX 3090,ampere,ga102,82,tensor_mma_f16acc,tensor_baseline_mov,128,1024.0,8,8,strict_nvml_counter,structural_baseline,True,False,True,True,True,True,True,True,True,fp16-energy-bench-v2,fp16-energy-bench-v2,True,logical_m16n16k16_input_bits_8192,True,bench_json_metadata,True,True,False,False,False,False,missing NCU validation row,missing NCU validation row,missing NCU validation row for tensor activity,,,,,,,,,,,,,True,True,True,159.1709427418852,2.1607770996099998,1.0316665039100001,162.47808,1003.1571358283556,97.96456404573786,100.0,41984000000.0,8192.0,8192.0,0.0759552389487334,8.446504708177827,464.564,26.123507728577522,0.05623231186354845,0.9437676881364515,0.9600364497768379,0.0,nvml_total_energy_counter,nvml_total_energy_counter,0.9005658825461065,1.0615208888039873,-51.29387225979616,12.343924876621827,16,8,,,,,,,,,False,False,quality_pass,98.33951728154186,tensor_model_utilization_pct_mean,quality_pass_below_saturation_band,fp16-energy-bench-v2,fp16-energy-bench-v2,,,,,,2.167643341065,,161.60232,1005.4075322513737,98.18432932142322,41984000000.0,,,,467.5085,33.86707589601042,0.0721022222140104,0.9278977777859896,0.9534026432288268,,,,,0.8876568549339711,1.0209015219906945,-59.20226519360224,4.115420064356904,consumer,86,results/strict_fp16_launch_shape_rtx3090_20260602_115550,"ga102
GeForce RTX 3090"
pair,launch_shape_tensor_mma_f16acc_t128_b08,2,NVIDIA GeForce RTX 3090,ampere,ga102,82,tensor_mma_f16acc,tensor_baseline_mov,128,1024.0,8,8,strict_nvml_counter,structural_baseline,True,False,True,True,True,True,True,True,True,fp16-energy-bench-v2,fp16-energy-bench-v2,True,logical_m16n16k16_input_bits_8192,True,bench_json_metadata,True,True,False,False,False,False,missing NCU validation row,missing NCU validation row,missing NCU validation row for tensor activity,,,,,,,,,,,,,True,True,True,159.3830262151056,2.15790185547,1.02963500977,162.47808,1004.4937682933485,98.0950945598973,100.0,41984000000.0,8192.0,8192.0,0.1357221291185235,15.623795190807158,472.741,46.679309262127845,0.09874182535918789,0.9012581746408121,0.9266716964503697,0.0,nvml_total_energy_counter,nvml_total_energy_counter,0.9022485239926025,1.0373548434651134,-51.217740223858755,7.611695753438454,16,8,,,,,,,,,False,False,quality_pass,98.33951728154186,tensor_model_utilization_pct_mean,quality_pass_below_saturation_band,fp16-energy-bench-v2,fp16-energy-bench-v2,,,,,,2.167643341065,,161.60232,1005.4075322513737,98.18432932142322,41984000000.0,,,,467.5085,33.86707589601042,0.0721022222140104,0.9278977777859896,0.9534026432288268,,,,,0.8876568549339711,1.0209015219906945,-59.20226519360224,4.115420064356904,consumer,86,results/strict_fp16_launch_shape_rtx3090_20260602_115550,"ga102
GeForce RTX 3090"
pair,launch_shape_tensor_mma_f16acc_t128_b08,3,NVIDIA GeForce RTX 3090,ampere,ga102,82,tensor_mma_f16acc,tensor_baseline_mov,128,1024.0,8,8,strict_nvml_counter,structural_baseline,True,False,True,True,True,True,True,True,True,fp16-energy-bench-v2,fp16-energy-bench-v2,True,logical_m16n16k16_input_bits_8192,True,bench_json_metadata,True,True,False,False,False,False,missing NCU validation row,missing NCU validation row,missing NCU validation row for tensor activity,,,,,,,,,,,,,True,True,True,158.7707215582217,2.16622387695,1.0286854248,161.7696,1005.0171285310654,98.14620395811185,100.0,41984000000.0,8192.0,8192.0,0.06366206293994946,4.852283952940212,456.384,21.895479709457106,0.047976002027803576,0.9520239979721964,0.9763794572187801,15.0,nvml_total_energy_counter,nvml_total_energy_counter,0.8668659901558243,1.0423327488237217,-70.09183961387419,8.6031105332724,16,8,,,,,,,,,False,False,quality_pass,98.33951728154186,tensor_model_utilization_pct_mean,quality_pass_below_saturation_band,fp16-energy-bench-v2,fp16-energy-bench-v2,,,,,,2.167643341065,,161.60232,1005.4075322513737,98.18432932142322,41984000000.0,,,,467.5085,33.86707589601042,0.0721022222140104,0.9278977777859896,0.9534026432288268,,,,,0.8876568549339711,1.0209015219906945,-59.20226519360224,4.115420064356904,consumer,86,results/strict_fp16_launch_shape_rtx3090_20260602_115550,"ga102
GeForce RTX 3090"
pair,launch_shape_tensor_mma_f16acc_t128_b08,4,NVIDIA GeForce RTX 3090,ampere,ga102,82,tensor_mma_f16acc,tensor_baseline_mov,128,1024.0,8,8,strict_nvml_counter,structural_baseline,True,False,True,True,True,True,True,True,True,fp16-energy-bench-v2,fp16-energy-bench-v2,True,logical_m16n16k16_input_bits_8192,True,bench_json_metadata,True,True,False,False,False,False,missing NCU validation row,missing NCU validation row,missing NCU validation row for tensor activity,,,,,,,,,,,,,True,True,True,158.44386429010626,2.1706926269499998,1.0272430419899998,161.21856,1006.3761705418334,98.27892290447593,100.0,41984000000.0,8192.0,8192.0,0.08663617325529555,7.626769832845525,473.593,29.797032738409087,0.06291696190275001,0.93708303809725,0.9640375261368264,0.0,nvml_total_energy_counter,nvml_total_energy_counter,0.8982458057406632,0.9551286179607911,-53.6490945060703,-10.155915595097696,16,9,,,,,,,,,False,False,quality_pass,98.33951728154186,tensor_model_utilization_pct_mean,quality_pass_below_saturation_band,fp16-energy-bench-v2,fp16-energy-bench-v2,,,,,,2.167643341065,,161.60232,1005.4075322513737,98.18432932142322,41984000000.0,,,,467.5085,33.86707589601042,0.0721022222140104,0.9278977777859896,0.9534026432288268,,,,,0.8876568549339711,1.0209015219906945,-59.20226519360224,4.115420064356904,consumer,86,results/strict_fp16_launch_shape_rtx3090_20260602_115550,"ga102
GeForce RTX 3090"
pair,launch_shape_tensor_mma_f16acc_t128_b08,5,NVIDIA GeForce RTX 3090,ampere,ga102,82,tensor_mma_f16acc,tensor_baseline_mov,128,1024.0,8,8,strict_nvml_counter,structural_baseline,True,False,True,True,True,True,True,True,True,fp16-energy-bench-v2,fp16-energy-bench-v2,True,logical_m16n16k16_input_bits_8192,True,bench_json_metadata,True,True,False,False,False,False,missing NCU validation row,missing NCU validation row,missing NCU validation row for tensor activity,,,,,,,,,,,,,True,True,True,158.35484803108454,2.1719128418,1.02909423828,161.21856,1005.8107725551608,98.22370825733994,100.0,41984000000.0,8192.0,8192.0,0.11631095524076239,12.269813170820868,473.529,40.00316739443235,0.08447881205677446,0.9155211879432256,0.9420894735155213,0.0,nvml_total_energy_counter,nvml_total_energy_counter,0.8951401294563306,1.0197927747515418,-55.470856466719965,4.1028667092163005,17,7,,,,,,,,,False,False,quality_pass,98.33951728154186,tensor_model_utilization_pct_mean,quality_pass_below_saturation_band,fp16-energy-bench-v2,fp16-energy-bench-v2,,,,,,2.167643341065,,161.60232,1005.4075322513737,98.18432932142322,41984000000.0,,,,467.5085,33.86707589601042,0.0721022222140104,0.9278977777859896,0.9534026432288268,,,,,0.8876568549339711,1.0209015219906945,-59.20226519360224,4.115420064356904,consumer,86,results/strict_fp16_launch_shape_rtx3090_20260602_115550,"ga102
GeForce RTX 3090"
pair,launch_shape_tensor_mma_f16acc_t128_b08,6,NVIDIA GeForce RTX 3090,ampere,ga102,82,tensor_mma_f16acc,tensor_baseline_mov,128,1024.0,8,8,strict_nvml_counter,structural_baseline,True,False,True,True,True,True,True,True,True,fp16-energy-bench-v2,fp16-energy-bench-v2,True,logical_m16n16k16_input_bits_8192,True,bench_json_metadata,True,True,False,False,False,False,missing NCU validation row,missing NCU validation row,missing NCU validation row for tensor activity,,,,,,,,,,,,,True,True,True,158.4218235365602,2.17099462891,1.0307512207,161.21856,1006.2361759181922,98.26525155451097,100.0,41984000000.0,8192.0,8192.0,0.12770355229336405,13.151222623706587,479.613,43.92145665625782,0.09157686855080621,0.9084231314491938,0.9384993475553266,0.0,nvml_total_energy_counter,nvml_total_energy_counter,0.9031942114504095,1.0306964597502395,-51.40568227189527,6.353923931650598,17,8,,,,,,,,,False,False,quality_pass,98.33951728154186,tensor_model_utilization_pct_mean,quality_pass_below_saturation_band,fp16-energy-bench-v2,fp16-energy-bench-v2,,,,,,2.167643341065,,161.60232,1005.4075322513737,98.18432932142322,41984000000.0,,,,467.5085,33.86707589601042,0.0721022222140104,0.9278977777859896,0.9534026432288268,,,,,0.8876568549339711,1.0209015219906945,-59.20226519360224,4.115420064356904,consumer,86,results/strict_fp16_launch_shape_rtx3090_20260602_115550,"ga102
GeForce RTX 3090"
pair,launch_shape_tensor_mma_f16acc_t128_b08,7,NVIDIA GeForce RTX 3090,ampere,ga102,82,tensor_mma_f16acc,tensor_baseline_mov,128,1024.0,8,8,strict_nvml_counter,structural_baseline,True,False,True,True,True,True,True,True,True,fp16-energy-bench-v2,fp16-energy-bench-v2,True,logical_m16n16k16_input_bits_8192,True,bench_json_metadata,True,True,False,False,False,False,missing NCU validation row,missing NCU validation row,missing NCU validation row for tensor activity,,,,,,,,,,,,,True,True,True,158.43003687575955,2.1708820800799997,1.03310546875,161.21856,1006.2883439771314,98.27034609151674,100.0,41984000000.0,8192.0,8192.0,0.11854811910371517,12.581565606389091,472.839,40.772601712233495,0.08622935441499854,0.9137706455850014,0.9405435033677777,0.0,nvml_total_energy_counter,nvml_total_energy_counter,0.8926525133142382,1.0296635479288374,-56.86207958856738,6.018424642867757,16,8,,,,,,,,,False,False,quality_pass,98.33951728154186,tensor_model_utilization_pct_mean,quality_pass_below_saturation_band,fp16-energy-bench-v2,fp16-energy-bench-v2,,,,,,2.167643341065,,161.60232,1005.4075322513737,98.18432932142322,41984000000.0,,,,467.5085,33.86707589601042,0.0721022222140104,0.9278977777859896,0.9534026432288268,,,,,0.8876568549339711,1.0209015219906945,-59.20226519360224,4.115420064356904,consumer,86,results/strict_fp16_launch_shape_rtx3090_20260602_115550,"ga102
GeForce RTX 3090"
pair,launch_shape_tensor_mma_f16acc_t128_b08,8,NVIDIA GeForce RTX 3090,ampere,ga102,82,tensor_mma_f16acc,tensor_baseline_mov,128,1024.0,8,8,strict_nvml_counter,structural_baseline,True,False,False,False,False,True,True,True,True,fp16-energy-bench-v2,fp16-energy-bench-v2,True,logical_m16n16k16_input_bits_8192,True,bench_json_metadata,True,True,False,False,False,False,missing NCU validation row,missing NCU validation row,missing NCU validation row for tensor activity,,,,,,,,,,,,,True,True,True,158.25647313851545,2.17326293945,1.03473669434,161.21856,1005.1859320281723,98.1626886746262,100.0,41984000000.0,8192.0,8192.0,-0.003065832380540348,137.3615132229856,461.233,-1.0544407073964521,-0.0022861345727570492,1.002286134572757,0.6076252464087691,0.0,nvml_total_energy_counter,nvml_total_energy_counter,1.4747663695064426,1.1096448957042861,148.48312345219125,22.388649026141678,13,8,,,,,,,,,False,False,quality_pass,98.33951728154186,tensor_model_utilization_pct_mean,quality_pass_below_saturation_band,fp16-energy-bench-v2,fp16-energy-bench-v2,,,,,,2.167643341065,,161.60232,1005.4075322513737,98.18432932142322,41984000000.0,,,,467.5085,33.86707589601042,0.0721022222140104,0.9278977777859896,0.9534026432288268,,,,,0.8876568549339711,1.0209015219906945,-59.20226519360224,4.115420064356904,consumer,86,results/strict_fp16_launch_shape_rtx3090_20260602_115550,"ga102
GeForce RTX 3090"
pair,launch_shape_tensor_mma_f16acc_t128_b08,9,NVIDIA GeForce RTX 3090,ampere,ga102,82,tensor_mma_f16acc,tensor_baseline_mov,128,1024.0,8,8,strict_nvml_counter,structural_baseline,True,False,True,True,True,True,True,True,True,fp16-energy-bench-v2,fp16-energy-bench-v2,True,logical_m16n16k16_input_bits_8192,True,bench_json_metadata,True,True,False,False,False,False,missing NCU validation row,missing NCU validation row,missing NCU validation row for tensor activity,,,,,,,,,,,,,True,True,True,158.36586722688773,2.17176171875,1.03597460938,161.21856,1005.8807623659027,98.23054319979519,100.0,41984000000.0,8192.0,8192.0,0.0632217801681034,4.205735660347159,446.805,21.74405196658813,0.048665641536214076,0.9513343584637859,0.9789636918091753,0.0,nvml_total_energy_counter,nvml_total_energy_counter,0.8423417828155937,0.9907222944413243,-83.62695661803588,-1.9546703371144076,16,8,,,,,,,,,False,False,quality_pass,98.33951728154186,tensor_model_utilization_pct_mean,quality_pass_below_saturation_band,fp16-energy-bench-v2,fp16-energy-bench-v2,,,,,,2.167643341065,,161.60232,1005.4075322513737,98.18432932142322,41984000000.0,,,,467.5085,33.86707589601042,0.0721022222140104,0.9278977777859896,0.9534026432288268,,,,,0.8876568549339711,1.0209015219906945,-59.20226519360224,4.115420064356904,consumer,86,results/strict_fp16_launch_shape_rtx3090_20260602_115550,"ga102
GeForce RTX 3090"
pair,launch_shape_tensor_mma_f16acc_t256_b01,0,NVIDIA GeForce RTX 3090,ampere,ga102,82,tensor_mma_f16acc,tensor_baseline_mov,256,256.0,1,8,strict_nvml_counter,structural_baseline,True,True,True,True,True,True,True,True,True,fp16-energy-bench-v2,fp16-energy-bench-v2,True,logical_m16n16k16_input_bits_8192,True,bench_json_metadata,True,True,False,False,False,False,missing NCU validation row,missing NCU validation row,missing NCU validation row for tensor activity,,,,,,,,,,,,,True,True,True,160.32826061336644,1.07258984375,1.02046923828,162.47808,1010.4510027942675,98.67685574162769,99.0,20992000000.0,8192.0,8192.0,0.3349298036712892,47.66125407300376,230.453,57.596694025565824,0.24992815899799883,0.7500718410020012,0.771758205266558,0.0,nvml_total_energy_counter,nvml_total_energy_counter,0.9700036397192512,0.9486458466441915,-7.126520904375326,-9.167513032670598,8,8,,,,,,,,,True,True,quality_pass,98.33951728154186,tensor_model_utilization_pct_mean,quality_gate_first_saturation_point,fp16-energy-bench-v2,fp16-energy-bench-v2,,,,,,1.0805565307610001,,161.83582476190477,1006.9966569629887,98.33951728154186,20992000000.0,,,,234.9764,53.04451844444935,0.22569831523496547,0.7743016847650346,0.7987380540198459,,,,,0.9521627868427419,0.9702642970671331,-11.826618552921843,-5.4646503491888065,consumer,86,results/strict_fp16_launch_shape_rtx3090_20260602_115550,"ga102
GeForce RTX 3090"
pair,launch_shape_tensor_mma_f16acc_t256_b01,1,NVIDIA GeForce RTX 3090,ampere,ga102,82,tensor_mma_f16acc,tensor_baseline_mov,256,256.0,1,8,strict_nvml_counter,structural_baseline,True,True,True,True,True,True,True,True,True,fp16-energy-bench-v2,fp16-energy-bench-v2,True,logical_m16n16k16_input_bits_8192,True,bench_json_metadata,True,True,False,False,False,False,missing NCU validation row,missing NCU validation row,missing NCU validation row for tensor activity,,,,,,,,,,,,,True,True,True,159.88285651848915,1.07557788086,1.02035662842,162.47808,1007.6438931019674,98.40272393573899,100.0,20992000000.0,8192.0,8192.0,0.35771617637610836,46.68903105448993,234.95,61.515185966999695,0.26182245570121176,0.7381775442987882,0.7754655620581222,0.0,nvml_total_energy_counter,nvml_total_energy_counter,0.9510205050061908,0.939868418275749,-12.100404027272305,-11.060065922124863,8,8,,,,,,,,,True,True,quality_pass,98.33951728154186,tensor_model_utilization_pct_mean,quality_gate_first_saturation_point,fp16-energy-bench-v2,fp16-energy-bench-v2,,,,,,1.0805565307610001,,161.83582476190477,1006.9966569629887,98.33951728154186,20992000000.0,,,,234.9764,53.04451844444935,0.22569831523496547,0.7743016847650346,0.7987380540198459,,,,,0.9521627868427419,0.9702642970671331,-11.826618552921843,-5.4646503491888065,consumer,86,results/strict_fp16_launch_shape_rtx3090_20260602_115550,"ga102
GeForce RTX 3090"
pair,launch_shape_tensor_mma_f16acc_t256_b01,2,NVIDIA GeForce RTX 3090,ampere,ga102,82,tensor_mma_f16acc,tensor_baseline_mov,256,256.0,1,8,strict_nvml_counter,structural_baseline,True,True,True,True,True,True,True,True,True,fp16-energy-bench-v2,fp16-energy-bench-v2,True,logical_m16n16k16_input_bits_8192,True,bench_json_metadata,True,True,False,False,False,False,missing NCU validation row,missing NCU validation row,missing NCU validation row for tensor activity,,,,,,,,,,,,,True,True,True,158.6668433926685,1.08382104492,1.02198687744,162.47808,999.9801058339226,97.654307210344,99.0,20992000000.0,8192.0,8192.0,0.299219616685179,41.58366157125701,231.664,51.455739440785635,0.22211366220381948,0.7778863377961805,0.7999389822939675,0.0,nvml_total_energy_counter,nvml_total_energy_counter,0.9400369647224673,0.9556867037383733,-14.777372726651805,-8.102996248260325,9,8,,,,,,,,,True,True,quality_pass,98.33951728154186,tensor_model_utilization_pct_mean,quality_gate_first_saturation_point,fp16-energy-bench-v2,fp16-energy-bench-v2,,,,,,1.0805565307610001,,161.83582476190477,1006.9966569629887,98.33951728154186,20992000000.0,,,,234.9764,53.04451844444935,0.22569831523496547,0.7743016847650346,0.7987380540198459,,,,,0.9521627868427419,0.9702642970671331,-11.826618552921843,-5.4646503491888065,consumer,86,results/strict_fp16_launch_shape_rtx3090_20260602_115550,"ga102
GeForce RTX 3090"
pair,launch_shape_tensor_mma_f16acc_t256_b01,3,NVIDIA GeForce RTX 3090,ampere,ga102,82,tensor_mma_f16acc,tensor_baseline_mov,256,256.0,1,8,strict_nvml_counter,structural_baseline,True,True,True,True,True,True,True,True,True,fp16-energy-bench-v2,fp16-energy-bench-v2,True,logical_m16n16k16_input_bits_8192,True,bench_json_metadata,True,True,False,False,False,False,missing NCU validation row,missing NCU validation row,missing NCU validation row for tensor activity,,,,,,,,,,,,,True,True,True,159.46460988508275,1.07839892578,1.02041601562,162.47808,1005.0079402853895,98.14530666849507,99.0,20992000000.0,8192.0,8192.0,0.24620683521596043,33.07728920361507,237.128,42.33931886471939,0.1785504827127939,0.821449517287206,0.8452198305374288,0.0,nvml_total_energy_counter,nvml_total_energy_counter,0.9593299480355273,1.0490502046461805,-10.052858353875052,8.84465187689932,9,8,,,,,,,,,True,True,quality_pass,98.33951728154186,tensor_model_utilization_pct_mean,quality_gate_first_saturation_point,fp16-energy-bench-v2,fp16-energy-bench-v2,,,,,,1.0805565307610001,,161.83582476190477,1006.9966569629887,98.33951728154186,20992000000.0,,,,234.9764,53.04451844444935,0.22569831523496547,0.7743016847650346,0.7987380540198459,,,,,0.9521627868427419,0.9702642970671331,-11.826618552921843,-5.4646503491888065,consumer,86,results/strict_fp16_launch_shape_rtx3090_20260602_115550,"ga102
GeForce RTX 3090"
pair,launch_shape_tensor_mma_f16acc_t256_b01,4,NVIDIA GeForce RTX 3090,ampere,ga102,82,tensor_mma_f16acc,tensor_baseline_mov,256,256.0,1,8,strict_nvml_counter,structural_baseline,True,True,True,True,True,True,True,True,True,fp16-energy-bench-v2,fp16-energy-bench-v2,True,logical_m16n16k16_input_bits_8192,True,bench_json_metadata,True,True,False,False,False,False,missing NCU validation row,missing NCU validation row,missing NCU validation row for tensor activity,,,,,,,,,,,,,True,True,True,159.01481235321467,1.08144934082,1.02420678711,161.376,1009.0172507045149,98.5368408891128,99.0,20992000000.0,8192.0,8192.0,0.35495290388576944,50.15333987610077,241.957,61.039995767767635,0.2522762134088604,0.7477237865911396,0.7693511640397387,15.0,nvml_total_energy_counter,nvml_total_energy_counter,0.9630606633869273,0.9611194288720534,-9.28054836904738,-7.1313317319303735,8,8,,,,,,,,,True,True,quality_pass,98.33951728154186,tensor_model_utilization_pct_mean,quality_gate_first_saturation_point,fp16-energy-bench-v2,fp16-energy-bench-v2,,,,,,1.0805565307610001,,161.83582476190477,1006.9966569629887,98.33951728154186,20992000000.0,,,,234.9764,53.04451844444935,0.22569831523496547,0.7743016847650346,0.7987380540198459,,,,,0.9521627868427419,0.9702642970671331,-11.826618552921843,-5.4646503491888065,consumer,86,results/strict_fp16_launch_shape_rtx3090_20260602_115550,"ga102
GeForce RTX 3090"
pair,launch_shape_tensor_mma_f16acc_t256_b01,5,NVIDIA GeForce RTX 3090,ampere,ga102,82,tensor_mma_f16acc,tensor_baseline_mov,256,256.0,1,8,strict_nvml_counter,structural_baseline,True,True,True,True,True,True,True,True,True,fp16-energy-bench-v2,fp16-energy-bench-v2,True,logical_m16n16k16_input_bits_8192,True,bench_json_metadata,True,True,False,False,False,False,missing NCU validation row,missing NCU validation row,missing NCU validation row for tensor activity,,,,,,,,,,,,,True,True,True,158.8726395162051,1.08241711426,1.02360778809,161.7583542857143,1005.7321835584578,98.21603355063063,49.5,20992000000.0,8192.0,8192.0,0.2961725387614893,41.059275965325924,230.379,50.931744224716255,0.22107806798673602,0.778921932013264,0.8014955557461207,15.0,nvml_total_energy_counter,nvml_total_energy_counter,0.9561309960411493,0.9545921705154384,-10.570201473314768,-8.308568837440646,14,8,,,,,,,,,True,True,quality_pass,98.33951728154186,tensor_model_utilization_pct_mean,quality_gate_first_saturation_point,fp16-energy-bench-v2,fp16-energy-bench-v2,,,,,,1.0805565307610001,,161.83582476190477,1006.9966569629887,98.33951728154186,20992000000.0,,,,234.9764,53.04451844444935,0.22569831523496547,0.7743016847650346,0.7987380540198459,,,,,0.9521627868427419,0.9702642970671331,-11.826618552921843,-5.4646503491888065,consumer,86,results/strict_fp16_launch_shape_rtx3090_20260602_115550,"ga102
GeForce RTX 3090"
pair,launch_shape_tensor_mma_f16acc_t256_b01,6,NVIDIA GeForce RTX 3090,ampere,ga102,82,tensor_mma_f16acc,tensor_baseline_mov,256,256.0,1,8,strict_nvml_counter,structural_baseline,True,True,True,True,True,True,True,True,True,fp16-energy-bench-v2,fp16-energy-bench-v2,True,logical_m16n16k16_input_bits_8192,True,bench_json_metadata,True,True,False,False,False,False,missing NCU validation row,missing NCU validation row,missing NCU validation row for tensor activity,,,,,,,,,,,,,True,True,True,158.89638304756383,1.08225537109,1.02449560547,161.3585066666667,1008.3750748687231,98.47412840514872,98.0,20992000000.0,8192.0,8192.0,0.3148008640112773,43.204012998061216,235.39,54.13519144816422,0.2299808464597656,0.7700191535402344,0.7949333568925664,15.0,nvml_total_energy_counter,nvml_total_energy_counter,0.9428428976307908,0.9602343125391763,-14.269832609967551,-7.342930244190683,9,8,,,,,,,,,True,True,quality_pass,98.33951728154186,tensor_model_utilization_pct_mean,quality_gate_first_saturation_point,fp16-energy-bench-v2,fp16-energy-bench-v2,,,,,,1.0805565307610001,,161.83582476190477,1006.9966569629887,98.33951728154186,20992000000.0,,,,234.9764,53.04451844444935,0.22569831523496547,0.7743016847650346,0.7987380540198459,,,,,0.9521627868427419,0.9702642970671331,-11.826618552921843,-5.4646503491888065,consumer,86,results/strict_fp16_launch_shape_rtx3090_20260602_115550,"ga102
GeForce RTX 3090"
pair,launch_shape_tensor_mma_f16acc_t256_b01,7,NVIDIA GeForce RTX 3090,ampere,ga102,82,tensor_mma_f16acc,tensor_baseline_mov,256,256.0,1,8,strict_nvml_counter,structural_baseline,True,True,True,True,True,True,True,True,True,fp16-energy-bench-v2,fp16-energy-bench-v2,True,logical_m16n16k16_input_bits_8192,True,bench_json_metadata,True,True,False,False,False,False,missing NCU validation row,missing NCU validation row,missing NCU validation row for tensor activity,,,,,,,,,,,,,True,True,True,158.876850116229,1.0823884277300002,1.0244318847699998,161.376,1008.1418210825556,98.45134971509333,98.0,20992000000.0,8192.0,8192.0,0.2964445237550396,40.63343132560695,234.058,50.97851652231816,0.2178029228751769,0.7821970771248231,0.806302157974896,15.0,nvml_total_energy_counter,nvml_total_energy_counter,0.9400248347125292,0.9677129882284297,-14.933294013607338,-5.958753795299884,8,8,,,,,,,,,True,True,quality_pass,98.33951728154186,tensor_model_utilization_pct_mean,quality_gate_first_saturation_point,fp16-energy-bench-v2,fp16-energy-bench-v2,,,,,,1.0805565307610001,,161.83582476190477,1006.9966569629887,98.33951728154186,20992000000.0,,,,234.9764,53.04451844444935,0.22569831523496547,0.7743016847650346,0.7987380540198459,,,,,0.9521627868427419,0.9702642970671331,-11.826618552921843,-5.4646503491888065,consumer,86,results/strict_fp16_launch_shape_rtx3090_20260602_115550,"ga102
GeForce RTX 3090"
pair,launch_shape_tensor_mma_f16acc_t256_b01,8,NVIDIA GeForce RTX 3090,ampere,ga102,82,tensor_mma_f16acc,tensor_baseline_mov,256,256.0,1,8,strict_nvml_counter,structural_baseline,True,True,True,True,True,True,True,True,True,fp16-energy-bench-v2,fp16-energy-bench-v2,True,logical_m16n16k16_input_bits_8192,True,bench_json_metadata,True,True,False,False,False,False,missing NCU validation row,missing NCU validation row,missing NCU validation row for tensor activity,,,,,,,,,,,,,True,True,True,158.7515773000531,1.0832425537100001,1.02777954102,161.21856,1008.3306485013535,98.46978989271031,98.0,20992000000.0,8192.0,8192.0,0.3415314120545215,47.94486254153773,239.03,58.73194927594304,0.24570953133892415,0.7542904686610759,0.7763638273172879,0.0,nvml_total_energy_counter,nvml_total_energy_counter,0.9587657817099384,0.9452267377627623,-10.280107390039575,-10.206533690519905,9,8,,,,,,,,,True,True,quality_pass,98.33951728154186,tensor_model_utilization_pct_mean,quality_gate_first_saturation_point,fp16-energy-bench-v2,fp16-energy-bench-v2,,,,,,1.0805565307610001,,161.83582476190477,1006.9966569629887,98.33951728154186,20992000000.0,,,,234.9764,53.04451844444935,0.22569831523496547,0.7743016847650346,0.7987380540198459,,,,,0.9521627868427419,0.9702642970671331,-11.826618552921843,-5.4646503491888065,consumer,86,results/strict_fp16_launch_shape_rtx3090_20260602_115550,"ga102
GeForce RTX 3090"
pair,launch_shape_tensor_mma_f16acc_t256_b01,9,NVIDIA GeForce RTX 3090,ampere,ga102,82,tensor_mma_f16acc,tensor_baseline_mov,256,256.0,1,8,strict_nvml_counter,structural_baseline,True,True,True,True,True,True,True,True,True,fp16-energy-bench-v2,fp16-energy-bench-v2,True,logical_m16n16k16_input_bits_8192,True,bench_json_metadata,True,True,False,False,False,False,missing NCU validation row,missing NCU validation row,missing NCU validation row for tensor activity,,,,,,,,,,,,,True,True,True,158.72487251129968,1.08342480469,1.02758813477,161.3585066666667,1007.286648898735,98.36783680651709,98.0,20992000000.0,8192.0,8192.0,0.24261037842537508,32.2955963714046,234.755,41.72084890751364,0.1777208106643677,0.8222791893356323,0.8465518980717731,15.0,nvml_total_energy_counter,nvml_total_energy_counter,0.9404116374626483,1.0205061594489766,-14.875045661067333,3.787538133649889,9,8,,,,,,,,,True,True,quality_pass,98.33951728154186,tensor_model_utilization_pct_mean,quality_gate_first_saturation_point,fp16-energy-bench-v2,fp16-energy-bench-v2,,,,,,1.0805565307610001,,161.83582476190477,1006.9966569629887,98.33951728154186,20992000000.0,,,,234.9764,53.04451844444935,0.22569831523496547,0.7743016847650346,0.7987380540198459,,,,,0.9521627868427419,0.9702642970671331,-11.826618552921843,-5.4646503491888065,consumer,86,results/strict_fp16_launch_shape_rtx3090_20260602_115550,"ga102
GeForce RTX 3090"
pair,launch_shape_tensor_mma_f16acc_t256_b02,0,NVIDIA GeForce RTX 3090,ampere,ga102,82,tensor_mma_f16acc,tensor_baseline_mov,256,512.0,2,8,strict_nvml_counter,structural_baseline,True,False,True,True,True,True,True,True,True,fp16-energy-bench-v2,fp16-energy-bench-v2,True,logical_m16n16k16_input_bits_8192,True,bench_json_metadata,True,True,False,False,False,False,missing NCU validation row,missing NCU validation row,missing NCU validation row for tensor activity,,,,,,,,,,,,,True,True,True,159.83386041291908,1.0759075927700001,1.02496557617,162.47808,1007.3351006045194,98.37256841841008,100.0,20992000000.0,8192.0,8192.0,0.19517550989439217,25.070606596733313,234.413,33.56364229593564,0.1431816592763014,0.8568183407236987,0.8816025845893319,0.0,nvml_total_energy_counter,nvml_total_energy_counter,0.9220835218150364,0.9577280038165065,-19.80800542321765,-8.688347137785286,8,8,,,,,,,,,False,False,quality_pass,98.33951728154186,tensor_model_utilization_pct_mean,quality_pass_below_saturation_band,fp16-energy-bench-v2,fp16-energy-bench-v2,,,,,,1.08324432373,,161.65239466666668,1005.6496657320979,98.20797516915016,20992000000.0,,,,232.8411,27.02063979321976,0.11520399539305207,0.884796004606948,0.8441753203846973,,,,,1.2156417675248996,0.9697015912329279,-8.831753201813317,-6.608138811355491,consumer,86,results/strict_fp16_launch_shape_rtx3090_20260602_115550,"ga102
GeForce RTX 3090"
pair,launch_shape_tensor_mma_f16acc_t256_b02,1,NVIDIA GeForce RTX 3090,ampere,ga102,82,tensor_mma_f16acc,tensor_baseline_mov,256,512.0,2,8,strict_nvml_counter,structural_baseline,True,False,True,True,True,True,True,True,True,fp16-energy-bench-v2,fp16-energy-bench-v2,True,logical_m16n16k16_input_bits_8192,True,bench_json_metadata,True,True,False,False,False,False,missing NCU validation row,missing NCU validation row,missing NCU validation row for tensor activity,,,,,,,,,,,,,True,True,True,158.80743061138196,1.08286157227,1.0286418457,162.47808,1000.8661411191906,97.74083409367094,100.0,20992000000.0,8192.0,8192.0,0.08006102533698758,6.619420910193753,234.147,13.767811431416163,0.058799862613726266,0.9412001373862737,0.9684991969856638,0.0,nvml_total_energy_counter,nvml_total_energy_counter,0.8997618172346756,1.105742219247185,-26.08520313974475,20.687368778104144,8,8,,,,,,,,,False,False,quality_pass,98.33951728154186,tensor_model_utilization_pct_mean,quality_pass_below_saturation_band,fp16-energy-bench-v2,fp16-energy-bench-v2,,,,,,1.08324432373,,161.65239466666668,1005.6496657320979,98.20797516915016,20992000000.0,,,,232.8411,27.02063979321976,0.11520399539305207,0.884796004606948,0.8441753203846973,,,,,1.2156417675248996,0.9697015912329279,-8.831753201813317,-6.608138811355491,consumer,86,results/strict_fp16_launch_shape_rtx3090_20260602_115550,"ga102
GeForce RTX 3090"
pair,launch_shape_tensor_mma_f16acc_t256_b02,2,NVIDIA GeForce RTX 3090,ampere,ga102,82,tensor_mma_f16acc,tensor_baseline_mov,256,512.0,2,8,strict_nvml_counter,structural_baseline,True,False,True,True,True,True,True,True,True,fp16-energy-bench-v2,fp16-energy-bench-v2,True,logical_m16n16k16_input_bits_8192,True,bench_json_metadata,True,True,False,False,False,False,missing NCU validation row,missing NCU validation row,missing NCU validation row for tensor activity,,,,,,,,,,,,,True,True,True,159.86322544575916,1.07570996094,1.02402954102,162.47808,1007.5201704528844,98.39064164578947,100.0,20992000000.0,8192.0,8192.0,0.14954731278634498,17.903618162691004,232.443,25.717122580569736,0.1106384041703546,0.8893615958296454,0.9147770768624598,0.0,nvml_total_energy_counter,nvml_total_energy_counter,0.8893784217875732,0.9615782398143707,-28.911440703440718,-8.087532007414978,8,8,,,,,,,,,False,False,quality_pass,98.33951728154186,tensor_model_utilization_pct_mean,quality_pass_below_saturation_band,fp16-energy-bench-v2,fp16-energy-bench-v2,,,,,,1.08324432373,,161.65239466666668,1005.6496657320979,98.20797516915016,20992000000.0,,,,232.8411,27.02063979321976,0.11520399539305207,0.884796004606948,0.8441753203846973,,,,,1.2156417675248996,0.9697015912329279,-8.831753201813317,-6.608138811355491,consumer,86,results/strict_fp16_launch_shape_rtx3090_20260602_115550,"ga102
GeForce RTX 3090"
pair,launch_shape_tensor_mma_f16acc_t256_b02,3,NVIDIA GeForce RTX 3090,ampere,ga102,82,tensor_mma_f16acc,tensor_baseline_mov,256,512.0,2,8,strict_nvml_counter,structural_baseline,True,False,True,True,True,True,True,True,True,fp16-energy-bench-v2,fp16-energy-bench-v2,True,logical_m16n16k16_input_bits_8192,True,bench_json_metadata,True,True,False,False,False,False,missing NCU validation row,missing NCU validation row,missing NCU validation row for tensor activity,,,,,,,,,,,,,True,True,True,159.0104329051842,1.0814791259799998,1.02730957031,161.7783466666667,1006.480079997368,98.28907031224296,100.0,20992000000.0,8192.0,8192.0,0.041821788578967366,1.1326325190404987,214.347,7.191945100080602,0.03355281436213524,0.9664471856378648,0.9941217075365097,15.0,nvml_total_energy_counter,nvml_total_energy_counter,0.816213880681298,0.9592539304499671,-48.26431435437419,-8.598033219671237,9,8,,,,,,,,,False,False,quality_pass,98.33951728154186,tensor_model_utilization_pct_mean,quality_pass_below_saturation_band,fp16-energy-bench-v2,fp16-energy-bench-v2,,,,,,1.08324432373,,161.65239466666668,1005.6496657320979,98.20797516915016,20992000000.0,,,,232.8411,27.02063979321976,0.11520399539305207,0.884796004606948,0.8441753203846973,,,,,1.2156417675248996,0.9697015912329279,-8.831753201813317,-6.608138811355491,consumer,86,results/strict_fp16_launch_shape_rtx3090_20260602_115550,"ga102
GeForce RTX 3090"
pair,launch_shape_tensor_mma_f16acc_t256_b02,4,NVIDIA GeForce RTX 3090,ampere,ga102,82,tensor_mma_f16acc,tensor_baseline_mov,256,512.0,2,8,strict_nvml_counter,structural_baseline,True,False,True,True,True,True,True,True,True,fp16-energy-bench-v2,fp16-energy-bench-v2,True,logical_m16n16k16_input_bits_8192,True,bench_json_metadata,True,True,False,False,False,False,missing NCU validation row,missing NCU validation row,missing NCU validation row for tensor activity,,,,,,,,,,,,,True,True,True,156.77430298779788,1.09690466309,1.03297644043,161.21856,995.7717415383503,97.24333413460454,100.0,20992000000.0,8192.0,8192.0,0.16127928591982021,19.18615429701157,236.209,27.73462851607647,0.1174156298704811,0.882584370129519,0.9083068808451326,0.0,nvml_total_energy_counter,nvml_total_energy_counter,0.8900236051620647,0.9504284887770886,-29.187331771435026,-10.537594316347423,9,8,,,,,,,,,False,False,quality_pass,98.33951728154186,tensor_model_utilization_pct_mean,quality_pass_below_saturation_band,fp16-energy-bench-v2,fp16-energy-bench-v2,,,,,,1.08324432373,,161.65239466666668,1005.6496657320979,98.20797516915016,20992000000.0,,,,232.8411,27.02063979321976,0.11520399539305207,0.884796004606948,0.8441753203846973,,,,,1.2156417675248996,0.9697015912329279,-8.831753201813317,-6.608138811355491,consumer,86,results/strict_fp16_launch_shape_rtx3090_20260602_115550,"ga102
GeForce RTX 3090"
pair,launch_shape_tensor_mma_f16acc_t256_b02,5,NVIDIA GeForce RTX 3090,ampere,ga102,82,tensor_mma_f16acc,tensor_baseline_mov,256,512.0,2,8,strict_nvml_counter,structural_baseline,True,False,True,True,True,True,True,True,True,fp16-energy-bench-v2,fp16-energy-bench-v2,True,logical_m16n16k16_input_bits_8192,True,bench_json_metadata,True,True,False,False,False,False,missing NCU validation row,missing NCU validation row,missing NCU validation row for tensor activity,,,,,,,,,,,,,True,True,True,158.41840304856825,1.08552075195,1.03154272461,161.21856,1006.2144502576743,98.26312990797601,100.0,20992000000.0,8192.0,8192.0,0.17419149112700918,21.460820398875597,235.634,29.955094787999144,0.12712552003530536,0.8728744799646946,0.8982589424078545,0.0,nvml_total_energy_counter,nvml_total_energy_counter,0.8924827923373415,0.9543470919713167,-28.386776672784123,-9.619836349980773,8,8,,,,,,,,,False,False,quality_pass,98.33951728154186,tensor_model_utilization_pct_mean,quality_pass_below_saturation_band,fp16-energy-bench-v2,fp16-energy-bench-v2,,,,,,1.08324432373,,161.65239466666668,1005.6496657320979,98.20797516915016,20992000000.0,,,,232.8411,27.02063979321976,0.11520399539305207,0.884796004606948,0.8441753203846973,,,,,1.2156417675248996,0.9697015912329279,-8.831753201813317,-6.608138811355491,consumer,86,results/strict_fp16_launch_shape_rtx3090_20260602_115550,"ga102
GeForce RTX 3090"
pair,launch_shape_tensor_mma_f16acc_t256_b02,6,NVIDIA GeForce RTX 3090,ampere,ga102,82,tensor_mma_f16acc,tensor_baseline_mov,256,512.0,2,8,strict_nvml_counter,structural_baseline,True,False,True,True,True,True,True,True,True,fp16-energy-bench-v2,fp16-energy-bench-v2,True,logical_m16n16k16_input_bits_8192,True,bench_json_metadata,True,True,False,False,False,False,missing NCU validation row,missing NCU validation row,missing NCU validation row for tensor activity,,,,,,,,,,,,,True,True,True,158.707920618496,1.0835405273399998,1.03166357422,161.21856,1008.0533575869919,98.44271070185468,100.0,20992000000.0,8192.0,8192.0,0.15673435721850867,18.90999449387175,229.232,26.953053198179816,0.11757980211392745,0.8824201978860725,0.9080223293370958,0.0,nvml_total_energy_counter,nvml_total_energy_counter,0.8717093291589237,0.9429736371764167,-33.7363913342725,-11.985667949927176,8,8,,,,,,,,,False,False,quality_pass,98.33951728154186,tensor_model_utilization_pct_mean,quality_pass_below_saturation_band,fp16-energy-bench-v2,fp16-energy-bench-v2,,,,,,1.08324432373,,161.65239466666668,1005.6496657320979,98.20797516915016,20992000000.0,,,,232.8411,27.02063979321976,0.11520399539305207,0.884796004606948,0.8441753203846973,,,,,1.2156417675248996,0.9697015912329279,-8.831753201813317,-6.608138811355491,consumer,86,results/strict_fp16_launch_shape_rtx3090_20260602_115550,"ga102
GeForce RTX 3090"
pair,launch_shape_tensor_mma_f16acc_t256_b02,7,NVIDIA GeForce RTX 3090,ampere,ga102,82,tensor_mma_f16acc,tensor_baseline_mov,256,512.0,2,8,strict_nvml_counter,structural_baseline,True,False,True,True,True,True,True,True,True,fp16-energy-bench-v2,fp16-energy-bench-v2,True,logical_m16n16k16_input_bits_8192,True,bench_json_metadata,True,True,False,False,False,False,missing NCU validation row,missing NCU validation row,missing NCU validation row for tensor activity,,,,,,,,,,,,,True,True,True,158.76179296068176,1.08317285156,1.0245314941399999,161.21856,1008.3955345571758,98.47612642159919,100.0,20992000000.0,8192.0,8192.0,0.17417628134972024,19.523620733118065,237.652,29.95247921638054,0.12603503953840295,0.873964960461597,0.9075912811048499,0.0,nvml_total_energy_counter,nvml_total_energy_counter,0.8966215336105693,1.02727167542994,-27.40074643919013,5.374311495278448,9,8,,,,,,,,,False,False,quality_pass,98.33951728154186,tensor_model_utilization_pct_mean,quality_pass_below_saturation_band,fp16-energy-bench-v2,fp16-energy-bench-v2,,,,,,1.08324432373,,161.65239466666668,1005.6496657320979,98.20797516915016,20992000000.0,,,,232.8411,27.02063979321976,0.11520399539305207,0.884796004606948,0.8441753203846973,,,,,1.2156417675248996,0.9697015912329279,-8.831753201813317,-6.608138811355491,consumer,86,results/strict_fp16_launch_shape_rtx3090_20260602_115550,"ga102
GeForce RTX 3090"
pair,launch_shape_tensor_mma_f16acc_t256_b02,8,NVIDIA GeForce RTX 3090,ampere,ga102,82,tensor_mma_f16acc,tensor_baseline_mov,256,512.0,2,8,strict_nvml_counter,structural_baseline,True,False,True,True,True,True,True,True,True,fp16-energy-bench-v2,fp16-energy-bench-v2,True,logical_m16n16k16_input_bits_8192,True,bench_json_metadata,True,True,False,False,False,False,missing NCU validation row,missing NCU validation row,missing NCU validation row for tensor activity,,,,,,,,,,,,,True,True,True,158.68453724030917,1.08370019531,1.0371451416,161.21856,1007.9048351137523,98.42820655407738,100.0,20992000000.0,8192.0,8192.0,0.20426932628308264,26.181102132100705,236.179,35.127473744563986,0.1487324179735031,0.8512675820264969,0.8763317416036558,0.0,nvml_total_energy_counter,nvml_total_energy_counter,0.8948148015909709,0.9194659528613937,-27.762767145644347,-17.34782500072754,8,8,,,,,,,,,False,False,quality_pass,98.33951728154186,tensor_model_utilization_pct_mean,quality_pass_below_saturation_band,fp16-energy-bench-v2,fp16-energy-bench-v2,,,,,,1.08324432373,,161.65239466666668,1005.6496657320979,98.20797516915016,20992000000.0,,,,232.8411,27.02063979321976,0.11520399539305207,0.884796004606948,0.8441753203846973,,,,,1.2156417675248996,0.9697015912329279,-8.831753201813317,-6.608138811355491,consumer,86,results/strict_fp16_launch_shape_rtx3090_20260602_115550,"ga102
GeForce RTX 3090"
pair,launch_shape_tensor_mma_f16acc_t256_b02,9,NVIDIA GeForce RTX 3090,ampere,ga102,82,tensor_mma_f16acc,tensor_baseline_mov,256,512.0,2,8,strict_nvml_counter,structural_baseline,True,False,True,True,True,True,True,True,True,fp16-energy-bench-v2,fp16-energy-bench-v2,True,logical_m16n16k16_input_bits_8192,True,bench_json_metadata,True,True,False,False,False,False,missing NCU validation row,missing NCU validation row,missing NCU validation row for tensor activity,,,,,,,,,,,,,True,False,True,158.69247394489307,1.08364599609,1.03199816895,161.21856,1007.9552460930707,98.43312950127645,nan,20992000000.0,8192.0,8192.0,0.23401741319165295,808.6463475579052,238.155,40.24314706099551,0.16897880397638307,0.8310211960236169,0.18424146257441895,0.0,nvml_total_energy_counter,nvml_total_energy_counter,4.183327971870542,0.9182266727850947,181.22544496597027,-17.278232405083088,4,8,,,,,,,,,False,False,quality_pass,98.33951728154186,tensor_model_utilization_pct_mean,quality_pass_below_saturation_band,fp16-energy-bench-v2,fp16-energy-bench-v2,,,,,,1.08324432373,,161.65239466666668,1005.6496657320979,98.20797516915016,20992000000.0,,,,232.8411,27.02063979321976,0.11520399539305207,0.884796004606948,0.8441753203846973,,,,,1.2156417675248996,0.9697015912329279,-8.831753201813317,-6.608138811355491,consumer,86,results/strict_fp16_launch_shape_rtx3090_20260602_115550,"ga102
GeForce RTX 3090"
pair,launch_shape_tensor_mma_f16acc_t256_b04,0,NVIDIA GeForce RTX 3090,ampere,ga102,82,tensor_mma_f16acc,tensor_baseline_mov,256,1024.0,4,8,strict_nvml_counter,structural_baseline,True,False,False,False,False,True,True,True,True,fp16-energy-bench-v2,fp16-energy-bench-v2,True,logical_m16n16k16_input_bits_8192,True,bench_json_metadata,True,True,False,False,False,False,missing NCU validation row,missing NCU validation row,missing NCU validation row for tensor activity,,,,,,,,,,,,,True,True,True,159.7228279538559,2.1533110351599998,1.02291558838,162.47808,1006.6353308997031,98.30423153317413,100.0,41984000000.0,8192.0,8192.0,-8.963754341554761,-1437.5947708364579,469.644,-3082.930276563641,-6.564398302892491,7.56439830289249,7.773930590783463,0.0,nvml_total_energy_counter,nvml_total_energy_counter,0.9112379921570584,8.583421152952727,-45.747153619781784,185.45118224615,16,2,,,,,,,,,False,True,quality_pass,98.33951728154186,tensor_model_utilization_pct_mean,quality_pass_saturated_tie_loser,fp16-energy-bench-v2,fp16-energy-bench-v2,,,,,,2.16467794364,,161.57842285714287,1006.9365290906223,98.33364541900609,41984000000.0,,,,477.3764285714286,40.230208502740254,0.0842933820641473,0.9157066179358527,0.9414149951716553,,,,,0.9061946252874611,1.035250250376001,-49.428064835881564,7.260096459512182,consumer,86,results/strict_fp16_launch_shape_rtx3090_20260602_115550,"ga102
GeForce RTX 3090"
pair,launch_shape_tensor_mma_f16acc_t256_b04,1,NVIDIA GeForce RTX 3090,ampere,ga102,82,tensor_mma_f16acc,tensor_baseline_mov,256,1024.0,4,8,strict_nvml_counter,structural_baseline,True,False,True,True,True,True,True,True,True,fp16-energy-bench-v2,fp16-energy-bench-v2,True,logical_m16n16k16_input_bits_8192,True,bench_json_metadata,True,True,False,False,False,False,missing NCU validation row,missing NCU validation row,missing NCU validation row for tensor activity,,,,,,,,,,,,,True,True,True,159.74689876369015,2.15298657227,1.02301177979,162.47808,1006.7870344973225,98.31904633762915,100.0,41984000000.0,8192.0,8192.0,0.12389634171352903,13.874928762972615,475.128,42.61203157402258,0.08968537230814135,0.9103146276918587,0.9353951599661078,0.0,nvml_total_energy_counter,nvml_total_energy_counter,0.9138710701281508,1.0445670286860391,-44.77903670417476,9.02444685757888,16,8,,,,,,,,,False,True,quality_pass,98.33951728154186,tensor_model_utilization_pct_mean,quality_pass_saturated_tie_loser,fp16-energy-bench-v2,fp16-energy-bench-v2,,,,,,2.16467794364,,161.57842285714287,1006.9365290906223,98.33364541900609,41984000000.0,,,,477.3764285714286,40.230208502740254,0.0842933820641473,0.9157066179358527,0.9414149951716553,,,,,0.9061946252874611,1.035250250376001,-49.428064835881564,7.260096459512182,consumer,86,results/strict_fp16_launch_shape_rtx3090_20260602_115550,"ga102
GeForce RTX 3090"
pair,launch_shape_tensor_mma_f16acc_t256_b04,2,NVIDIA GeForce RTX 3090,ampere,ga102,82,tensor_mma_f16acc,tensor_baseline_mov,256,1024.0,4,8,strict_nvml_counter,structural_baseline,True,False,True,True,True,True,True,True,True,fp16-energy-bench-v2,fp16-energy-bench-v2,True,logical_m16n16k16_input_bits_8192,True,bench_json_metadata,True,True,False,False,False,False,missing NCU validation row,missing NCU validation row,missing NCU validation row for tensor activity,,,,,,,,,,,,,True,True,True,159.62632781266922,2.15461279297,1.02259100342,162.47808,1006.0271495094802,98.24483881928518,100.0,41984000000.0,8192.0,8192.0,0.13251380064721574,15.036020803544318,476.088,45.57585945700521,0.09572990593546825,0.9042700940645317,0.9300147399481821,0.0,nvml_total_energy_counter,nvml_total_energy_counter,0.9079346271804627,1.0278949039442937,-48.275743542267094,5.704005592339314,16,8,,,,,,,,,False,True,quality_pass,98.33951728154186,tensor_model_utilization_pct_mean,quality_pass_saturated_tie_loser,fp16-energy-bench-v2,fp16-energy-bench-v2,,,,,,2.16467794364,,161.57842285714287,1006.9365290906223,98.33364541900609,41984000000.0,,,,477.3764285714286,40.230208502740254,0.0842933820641473,0.9157066179358527,0.9414149951716553,,,,,0.9061946252874611,1.035250250376001,-49.428064835881564,7.260096459512182,consumer,86,results/strict_fp16_launch_shape_rtx3090_20260602_115550,"ga102
GeForce RTX 3090"
pair,launch_shape_tensor_mma_f16acc_t256_b04,3,NVIDIA GeForce RTX 3090,ampere,ga102,82,tensor_mma_f16acc,tensor_baseline_mov,256,1024.0,4,8,strict_nvml_counter,structural_baseline,True,False,True,True,True,True,True,True,True,fp16-energy-bench-v2,fp16-energy-bench-v2,True,logical_m16n16k16_input_bits_8192,True,bench_json_metadata,True,True,False,False,False,False,missing NCU validation row,missing NCU validation row,missing NCU validation row for tensor activity,,,,,,,,,,,,,True,True,True,158.45453942116893,2.17054638672,1.02250494385,161.21856,1006.4439749820182,98.2855444318377,100.0,41984000000.0,8192.0,8192.0,0.08203848766356525,6.2650868429925595,480.042,28.215737270821876,0.05877764293712191,0.941222357062878,0.9707822660574839,0.0,nvml_total_energy_counter,nvml_total_energy_counter,0.9062921775278227,1.0655068682233522,-49.6348656984938,13.502197250093246,19,8,,,,,,,,,False,True,quality_pass,98.33951728154186,tensor_model_utilization_pct_mean,quality_pass_saturated_tie_loser,fp16-energy-bench-v2,fp16-energy-bench-v2,,,,,,2.16467794364,,161.57842285714287,1006.9365290906223,98.33364541900609,41984000000.0,,,,477.3764285714286,40.230208502740254,0.0842933820641473,0.9157066179358527,0.9414149951716553,,,,,0.9061946252874611,1.035250250376001,-49.428064835881564,7.260096459512182,consumer,86,results/strict_fp16_launch_shape_rtx3090_20260602_115550,"ga102
GeForce RTX 3090"
pair,launch_shape_tensor_mma_f16acc_t256_b04,4,NVIDIA GeForce RTX 3090,ampere,ga102,82,tensor_mma_f16acc,tensor_baseline_mov,256,1024.0,4,8,strict_nvml_counter,structural_baseline,True,False,True,True,True,True,True,True,True,fp16-energy-bench-v2,fp16-energy-bench-v2,True,logical_m16n16k16_input_bits_8192,True,bench_json_metadata,True,True,False,False,False,False,missing NCU validation row,missing NCU validation row,missing NCU validation row for tensor activity,,,,,,,,,,,,,True,True,True,158.48512923118284,2.17012744141,1.02588513184,161.21856,1006.6382700151349,98.30451855616552,100.0,41984000000.0,8192.0,8192.0,0.1255075879394484,13.76403081165546,473.935,43.16619220623198,0.09108040597599246,0.9089195940240076,0.9351558751589671,0.0,nvml_total_energy_counter,nvml_total_energy_counter,0.8960677239144783,1.0080059926836873,-54.97033533515918,1.6650539028368314,17,8,,,,,,,,,False,True,quality_pass,98.33951728154186,tensor_model_utilization_pct_mean,quality_pass_saturated_tie_loser,fp16-energy-bench-v2,fp16-energy-bench-v2,,,,,,2.16467794364,,161.57842285714287,1006.9365290906223,98.33364541900609,41984000000.0,,,,477.3764285714286,40.230208502740254,0.0842933820641473,0.9157066179358527,0.9414149951716553,,,,,0.9061946252874611,1.035250250376001,-49.428064835881564,7.260096459512182,consumer,86,results/strict_fp16_launch_shape_rtx3090_20260602_115550,"ga102
GeForce RTX 3090"
pair,launch_shape_tensor_mma_f16acc_t256_b04,5,NVIDIA GeForce RTX 3090,ampere,ga102,82,tensor_mma_f16acc,tensor_baseline_mov,256,1024.0,4,8,strict_nvml_counter,structural_baseline,True,False,True,True,True,True,True,True,True,fp16-energy-bench-v2,fp16-energy-bench-v2,True,logical_m16n16k16_input_bits_8192,True,bench_json_metadata,True,True,False,False,False,False,missing NCU validation row,missing NCU validation row,missing NCU validation row for tensor activity,,,,,,,,,,,,,True,True,True,158.7187207729817,2.16693359375,1.0293605957,161.21856,1008.1219561292028,98.44940977824247,100.0,41984000000.0,8192.0,8192.0,0.12112232598673049,13.054432435767836,477.233,41.65795622278671,0.08729060275124878,0.9127093972487512,0.939016304071655,0.0,nvml_total_energy_counter,nvml_total_energy_counter,0.902835403339459,1.026436625525825,-51.36058221308491,5.484631386364896,16,8,,,,,,,,,False,True,quality_pass,98.33951728154186,tensor_model_utilization_pct_mean,quality_pass_saturated_tie_loser,fp16-energy-bench-v2,fp16-energy-bench-v2,,,,,,2.16467794364,,161.57842285714287,1006.9365290906223,98.33364541900609,41984000000.0,,,,477.3764285714286,40.230208502740254,0.0842933820641473,0.9157066179358527,0.9414149951716553,,,,,0.9061946252874611,1.035250250376001,-49.428064835881564,7.260096459512182,consumer,86,results/strict_fp16_launch_shape_rtx3090_20260602_115550,"ga102
GeForce RTX 3090"
pair,launch_shape_tensor_mma_f16acc_t256_b04,6,NVIDIA GeForce RTX 3090,ampere,ga102,82,tensor_mma_f16acc,tensor_baseline_mov,256,1024.0,4,8,strict_nvml_counter,structural_baseline,True,False,True,True,True,True,True,True,True,fp16-energy-bench-v2,fp16-energy-bench-v2,True,logical_m16n16k16_input_bits_8192,True,bench_json_metadata,True,True,False,False,False,False,missing NCU validation row,missing NCU validation row,missing NCU validation row for tensor activity,,,,,,,,,,,,,True,True,True,158.5469509774263,2.16928125,1.02828417969,161.21856,1007.0309386269454,98.34286510028764,100.0,41984000000.0,8192.0,8192.0,0.09560030942717103,10.214799852609417,477.767,32.88009433899293,0.06882035456403003,0.93117964543597,0.9525554463565882,0.0,nvml_total_energy_counter,nvml_total_energy_counter,0.907473443832701,1.0465552565103637,-48.7134201676227,9.65678083997011,16,8,,,,,,,,,False,True,quality_pass,98.33951728154186,tensor_model_utilization_pct_mean,quality_pass_saturated_tie_loser,fp16-energy-bench-v2,fp16-energy-bench-v2,,,,,,2.16467794364,,161.57842285714287,1006.9365290906223,98.33364541900609,41984000000.0,,,,477.3764285714286,40.230208502740254,0.0842933820641473,0.9157066179358527,0.9414149951716553,,,,,0.9061946252874611,1.035250250376001,-49.428064835881564,7.260096459512182,consumer,86,results/strict_fp16_launch_shape_rtx3090_20260602_115550,"ga102
GeForce RTX 3090"
pair,launch_shape_tensor_mma_f16acc_t256_b04,7,NVIDIA GeForce RTX 3090,ampere,ga102,82,tensor_mma_f16acc,tensor_baseline_mov,256,1024.0,4,8,strict_nvml_counter,structural_baseline,True,False,True,True,True,True,True,True,True,fp16-energy-bench-v2,fp16-energy-bench-v2,True,logical_m16n16k16_input_bits_8192,True,bench_json_metadata,True,True,False,False,False,False,missing NCU validation row,missing NCU validation row,missing NCU validation row for tensor activity,,,,,,,,,,,,,True,True,True,158.62180444740235,2.1682575683599996,1.0292611084,161.21856,1007.5063798742527,98.389294909595,100.0,41984000000.0,8192.0,8192.0,0.1381187568330779,15.763602905528472,481.442,47.50358844932049,0.09866938997702836,0.9013306100229717,0.9269851746426031,0.0,nvml_total_energy_counter,nvml_total_energy_counter,0.9088879310891531,1.0277850770584473,-48.262470190368504,5.7835593874019935,16,8,,,,,,,,,False,True,quality_pass,98.33951728154186,tensor_model_utilization_pct_mean,quality_pass_saturated_tie_loser,fp16-energy-bench-v2,fp16-energy-bench-v2,,,,,,2.16467794364,,161.57842285714287,1006.9365290906223,98.33364541900609,41984000000.0,,,,477.3764285714286,40.230208502740254,0.0842933820641473,0.9157066179358527,0.9414149951716553,,,,,0.9061946252874611,1.035250250376001,-49.428064835881564,7.260096459512182,consumer,86,results/strict_fp16_launch_shape_rtx3090_20260602_115550,"ga102
GeForce RTX 3090"
pair,launch_shape_tensor_mma_f16acc_t256_b04,8,NVIDIA GeForce RTX 3090,ampere,ga102,82,tensor_mma_f16acc,tensor_baseline_mov,256,1024.0,4,8,strict_nvml_counter,structural_baseline,True,False,False,False,False,True,True,True,True,fp16-energy-bench-v2,fp16-energy-bench-v2,True,logical_m16n16k16_input_bits_8192,True,bench_json_metadata,True,True,False,False,False,False,missing NCU validation row,missing NCU validation row,missing NCU validation row for tensor activity,,,,,,,,,,,,,True,True,True,158.756980165147,2.16641137695,1.02966687012,161.21856,1008.3649654798463,98.47314116014125,100.0,41984000000.0,8192.0,8192.0,-0.020764575967817864,-9.521192213315544,476.398,-7.141621411290032,-0.014990871941716867,1.0149908719417169,1.0445587571385782,0.0,nvml_total_energy_counter,nvml_total_energy_counter,0.9008927468945624,1.1335425609931475,-52.40856620022282,27.86887959084578,16,8,,,,,,,,,False,True,quality_pass,98.33951728154186,tensor_model_utilization_pct_mean,quality_pass_saturated_tie_loser,fp16-energy-bench-v2,fp16-energy-bench-v2,,,,,,2.16467794364,,161.57842285714287,1006.9365290906223,98.33364541900609,41984000000.0,,,,477.3764285714286,40.230208502740254,0.0842933820641473,0.9157066179358527,0.9414149951716553,,,,,0.9061946252874611,1.035250250376001,-49.428064835881564,7.260096459512182,consumer,86,results/strict_fp16_launch_shape_rtx3090_20260602_115550,"ga102
GeForce RTX 3090"
pair,launch_shape_tensor_mma_f16acc_t256_b04,9,NVIDIA GeForce RTX 3090,ampere,ga102,82,tensor_mma_f16acc,tensor_baseline_mov,256,1024.0,4,8,strict_nvml_counter,structural_baseline,True,False,False,False,False,True,True,True,True,fp16-energy-bench-v2,fp16-energy-bench-v2,True,logical_m16n16k16_input_bits_8192,True,bench_json_metadata,True,True,False,False,False,False,missing NCU validation row,missing NCU validation row,missing NCU validation row for tensor activity,,,,,,,,,,,,,True,True,True,158.65360239713965,2.16782299805,1.03015014648,161.21856,1007.708348559068,98.40901841397147,100.0,41984000000.0,8192.0,8192.0,-0.06675025016628489,-16.467768464687595,450.106,-22.957608984422848,-0.051004894368044076,1.0510048943680441,1.081623486179976,0.0,nvml_total_energy_counter,nvml_total_energy_counter,0.8491462568195765,1.1051740112114707,-79.96287374837345,22.025204407514366,17,8,,,,,,,,,False,True,quality_pass,98.33951728154186,tensor_model_utilization_pct_mean,quality_pass_saturated_tie_loser,fp16-energy-bench-v2,fp16-energy-bench-v2,,,,,,2.16467794364,,161.57842285714287,1006.9365290906223,98.33364541900609,41984000000.0,,,,477.3764285714286,40.230208502740254,0.0842933820641473,0.9157066179358527,0.9414149951716553,,,,,0.9061946252874611,1.035250250376001,-49.428064835881564,7.260096459512182,consumer,86,results/strict_fp16_launch_shape_rtx3090_20260602_115550,"ga102
GeForce RTX 3090"
pair,launch_shape_tensor_mma_f16acc_t256_b08,0,NVIDIA GeForce RTX 3090,ampere,ga102,82,tensor_mma_f16acc,tensor_baseline_mov,256,2048.0,8,8,strict_nvml_counter,structural_baseline,True,False,False,False,False,True,True,True,True,fp16-energy-bench-v2,fp16-energy-bench-v2,True,logical_m16n16k16_input_bits_8192,True,bench_json_metadata,True,True,False,False,False,False,missing NCU validation row,missing NCU validation row,missing NCU validation row for tensor activity,,,,,,,,,,,,,True,True,True,159.54183221139644,4.3115078125,1.05252148438,162.47808,1005.4946253948222,98.1928345112131,100.0,83968000000.0,8192.0,8192.0,-0.028838786781714264,-11.062382253530103,939.869,-19.83721675560537,-0.021106363499174212,1.0211063634991742,1.052297137653509,0.0,nvml_total_energy_counter,nvml_total_energy_counter,0.9023838519151762,1.0668154702918886,-101.67113616851304,15.086749483851833,33,8,,,,,,,,,False,False,quality_pass,98.33951728154186,tensor_model_utilization_pct_mean,quality_pass_below_saturation_band,fp16-energy-bench-v2,fp16-energy-bench-v2,,,,,,4.33656640625,,161.470464,1005.9314657941704,98.23549470646195,83968000000.0,,,,947.3248,51.057248788475114,0.053851688183583137,0.9461483118164168,0.9704536755842629,,,,,0.8960711623659552,0.9689090648882537,-110.03844641947936,-7.229243060443525,consumer,86,results/strict_fp16_launch_shape_rtx3090_20260602_115550,"ga102
GeForce RTX 3090"
pair,launch_shape_tensor_mma_f16acc_t256_b08,1,NVIDIA GeForce RTX 3090,ampere,ga102,82,tensor_mma_f16acc,tensor_baseline_mov,256,2048.0,8,8,strict_nvml_counter,structural_baseline,True,False,True,True,True,True,True,True,True,fp16-energy-bench-v2,fp16-energy-bench-v2,True,logical_m16n16k16_input_bits_8192,True,bench_json_metadata,True,True,False,False,False,False,missing NCU validation row,missing NCU validation row,missing NCU validation row for tensor activity,,,,,,,,,,,,,True,True,True,159.47024191338204,4.313443359380001,1.04665771484,162.47808,1005.0434355163675,98.14877299964526,100.0,83968000000.0,8192.0,8192.0,0.049326658304319274,5.215695978206696,949.798,33.930124038120084,0.03572351598773643,0.9642764840122636,0.9760246838380918,0.0,nvml_total_energy_counter,nvml_total_energy_counter,0.9193143249940013,1.0036344043517618,-83.36114282766948,0.8269579812954362,33,8,,,,,,,,,False,False,quality_pass,98.33951728154186,tensor_model_utilization_pct_mean,quality_pass_below_saturation_band,fp16-energy-bench-v2,fp16-energy-bench-v2,,,,,,4.33656640625,,161.470464,1005.9314657941704,98.23549470646195,83968000000.0,,,,947.3248,51.057248788475114,0.053851688183583137,0.9461483118164168,0.9704536755842629,,,,,0.8960711623659552,0.9689090648882537,-110.03844641947936,-7.229243060443525,consumer,86,results/strict_fp16_launch_shape_rtx3090_20260602_115550,"ga102
GeForce RTX 3090"
pair,launch_shape_tensor_mma_f16acc_t256_b08,2,NVIDIA GeForce RTX 3090,ampere,ga102,82,tensor_mma_f16acc,tensor_baseline_mov,256,2048.0,8,8,strict_nvml_counter,structural_baseline,True,False,False,False,False,True,True,True,True,fp16-energy-bench-v2,fp16-energy-bench-v2,True,logical_m16n16k16_input_bits_8192,True,bench_json_metadata,True,True,False,False,False,False,missing NCU validation row,missing NCU validation row,missing NCU validation row for tensor activity,,,,,,,,,,,,,True,True,True,158.2764228610275,4.34597802734,1.05153027344,161.21856,1005.312645204697,98.1750630082712,100.0,83968000000.0,8192.0,8192.0,-0.05897687877740729,-15.39701426541373,950.445,-40.56818120442949,-0.0426833548542309,1.042683354854231,1.0724112364352976,0.0,nvml_total_energy_counter,nvml_total_energy_counter,0.8988086531207552,1.0789641296511514,-107.00476608754059,18.055430135943908,33,8,,,,,,,,,False,False,quality_pass,98.33951728154186,tensor_model_utilization_pct_mean,quality_pass_below_saturation_band,fp16-energy-bench-v2,fp16-energy-bench-v2,,,,,,4.33656640625,,161.470464,1005.9314657941704,98.23549470646195,83968000000.0,,,,947.3248,51.057248788475114,0.053851688183583137,0.9461483118164168,0.9704536755842629,,,,,0.8960711623659552,0.9689090648882537,-110.03844641947936,-7.229243060443525,consumer,86,results/strict_fp16_launch_shape_rtx3090_20260602_115550,"ga102
GeForce RTX 3090"
pair,launch_shape_tensor_mma_f16acc_t256_b08,3,NVIDIA GeForce RTX 3090,ampere,ga102,82,tensor_mma_f16acc,tensor_baseline_mov,256,2048.0,8,8,strict_nvml_counter,structural_baseline,True,False,True,True,True,True,True,True,True,fp16-energy-bench-v2,fp16-energy-bench-v2,True,logical_m16n16k16_input_bits_8192,True,bench_json_metadata,True,True,False,False,False,False,missing NCU validation row,missing NCU validation row,missing NCU validation row for tensor activity,,,,,,,,,,,,,True,True,True,158.28131326626735,4.34584375,1.0568796386700001,161.21856,1005.3437072298485,98.1780964091649,100.0,83968000000.0,8192.0,8192.0,0.07387244887541677,5.465352297884891,944.852,50.81433528050479,0.05378020608572009,0.9462197939142799,0.9741208914844541,0.0,nvml_total_energy_counter,nvml_total_energy_counter,0.889955725075978,0.9593441832654411,-116.83227639401423,-9.499665181702426,33,8,,,,,,,,,False,False,quality_pass,98.33951728154186,tensor_model_utilization_pct_mean,quality_pass_below_saturation_band,fp16-energy-bench-v2,fp16-energy-bench-v2,,,,,,4.33656640625,,161.470464,1005.9314657941704,98.23549470646195,83968000000.0,,,,947.3248,51.057248788475114,0.053851688183583137,0.9461483118164168,0.9704536755842629,,,,,0.8960711623659552,0.9689090648882537,-110.03844641947936,-7.229243060443525,consumer,86,results/strict_fp16_launch_shape_rtx3090_20260602_115550,"ga102
GeForce RTX 3090"
pair,launch_shape_tensor_mma_f16acc_t256_b08,4,NVIDIA GeForce RTX 3090,ampere,ga102,82,tensor_mma_f16acc,tensor_baseline_mov,256,2048.0,8,8,strict_nvml_counter,structural_baseline,True,False,False,False,False,True,True,True,True,fp16-energy-bench-v2,fp16-energy-bench-v2,True,logical_m16n16k16_input_bits_8192,True,bench_json_metadata,True,True,False,False,False,False,missing NCU validation row,missing NCU validation row,missing NCU validation row for tensor activity,,,,,,,,,,,,,True,True,True,158.2246564503427,4.34739990234,1.05209143066,161.21856,1004.9838443238232,98.14295354724834,100.0,83968000000.0,8192.0,8192.0,-0.05534832111899105,40.41531871053533,947.06,-38.072220284677655,-0.0402004311075092,1.0402004311075093,0.8486419358938031,0.0,nvml_total_energy_counter,nvml_total_energy_counter,1.1231029717604977,1.056229987691884,103.80695569948057,13.062746466878167,33,8,,,,,,,,,False,False,quality_pass,98.33951728154186,tensor_model_utilization_pct_mean,quality_pass_below_saturation_band,fp16-energy-bench-v2,fp16-energy-bench-v2,,,,,,4.33656640625,,161.470464,1005.9314657941704,98.23549470646195,83968000000.0,,,,947.3248,51.057248788475114,0.053851688183583137,0.9461483118164168,0.9704536755842629,,,,,0.8960711623659552,0.9689090648882537,-110.03844641947936,-7.229243060443525,consumer,86,results/strict_fp16_launch_shape_rtx3090_20260602_115550,"ga102
GeForce RTX 3090"
pair,launch_shape_tensor_mma_f16acc_t256_b08,5,NVIDIA GeForce RTX 3090,ampere,ga102,82,tensor_mma_f16acc,tensor_baseline_mov,256,2048.0,8,8,strict_nvml_counter,structural_baseline,True,False,True,True,True,True,True,True,True,fp16-energy-bench-v2,fp16-energy-bench-v2,True,logical_m16n16k16_input_bits_8192,True,bench_json_metadata,True,True,False,False,False,False,missing NCU validation row,missing NCU validation row,missing NCU validation row for tensor activity,,,,,,,,,,,,,True,True,True,158.45949431154023,4.34095703125,1.0437945556600001,161.21856,1006.4754465926081,98.2886178313094,100.0,83968000000.0,8192.0,8192.0,0.10039638611946602,9.648215153453123,961.312,69.05924607737302,0.0718385353323094,0.9281614646676906,0.9551644284935946,0.0,nvml_total_energy_counter,nvml_total_energy_counter,0.9049651015552646,0.9618035290752467,-100.95216725672424,-8.769191298295567,34,8,,,,,,,,,False,False,quality_pass,98.33951728154186,tensor_model_utilization_pct_mean,quality_pass_below_saturation_band,fp16-energy-bench-v2,fp16-energy-bench-v2,,,,,,4.33656640625,,161.470464,1005.9314657941704,98.23549470646195,83968000000.0,,,,947.3248,51.057248788475114,0.053851688183583137,0.9461483118164168,0.9704536755842629,,,,,0.8960711623659552,0.9689090648882537,-110.03844641947936,-7.229243060443525,consumer,86,results/strict_fp16_launch_shape_rtx3090_20260602_115550,"ga102
GeForce RTX 3090"
pair,launch_shape_tensor_mma_f16acc_t256_b08,6,NVIDIA GeForce RTX 3090,ampere,ga102,82,tensor_mma_f16acc,tensor_baseline_mov,256,2048.0,8,8,strict_nvml_counter,structural_baseline,True,False,False,False,False,True,True,True,True,fp16-energy-bench-v2,fp16-energy-bench-v2,True,logical_m16n16k16_input_bits_8192,True,bench_json_metadata,True,True,False,False,False,False,missing NCU validation row,missing NCU validation row,missing NCU validation row for tensor activity,,,,,,,,,,,,,True,True,True,158.4843090708309,4.34027734375,1.05762915039,161.21856,1006.6330606633061,98.30400983040099,100.0,83968000000.0,8192.0,8192.0,-0.07145810787891245,-19.034810948907705,936.944,-49.15359254426846,-0.052461611947211856,1.0524616119472119,1.0914422520465152,0.0,nvml_total_energy_counter,nvml_total_energy_counter,0.8748678274489203,1.066825292787181,-134.01091524941694,15.401649596251445,34,8,,,,,,,,,False,False,quality_pass,98.33951728154186,tensor_model_utilization_pct_mean,quality_pass_below_saturation_band,fp16-energy-bench-v2,fp16-energy-bench-v2,,,,,,4.33656640625,,161.470464,1005.9314657941704,98.23549470646195,83968000000.0,,,,947.3248,51.057248788475114,0.053851688183583137,0.9461483118164168,0.9704536755842629,,,,,0.8960711623659552,0.9689090648882537,-110.03844641947936,-7.229243060443525,consumer,86,results/strict_fp16_launch_shape_rtx3090_20260602_115550,"ga102
GeForce RTX 3090"
pair,launch_shape_tensor_mma_f16acc_t256_b08,7,NVIDIA GeForce RTX 3090,ampere,ga102,82,tensor_mma_f16acc,tensor_baseline_mov,256,2048.0,8,8,strict_nvml_counter,structural_baseline,True,False,False,False,False,True,True,True,True,fp16-energy-bench-v2,fp16-energy-bench-v2,True,logical_m16n16k16_input_bits_8192,True,bench_json_metadata,True,True,False,False,False,False,missing NCU validation row,missing NCU validation row,missing NCU validation row for tensor activity,,,,,,,,,,,,,True,True,True,158.46594682731478,4.34078027344,1.05162121582,161.21856,1006.5164305596721,98.29262017184298,100.0,83968000000.0,8192.0,8192.0,-0.04814686472049705,-13.873890586754328,963.029,-33.1185843146809,-0.03439001765749619,1.0343900176574963,1.0643465771044895,0.0,nvml_total_energy_counter,nvml_total_energy_counter,0.9055853764703834,1.077922886202412,-100.40358738729788,17.95224504326427,33,8,,,,,,,,,False,False,quality_pass,98.33951728154186,tensor_model_utilization_pct_mean,quality_pass_below_saturation_band,fp16-energy-bench-v2,fp16-energy-bench-v2,,,,,,4.33656640625,,161.470464,1005.9314657941704,98.23549470646195,83968000000.0,,,,947.3248,51.057248788475114,0.053851688183583137,0.9461483118164168,0.9704536755842629,,,,,0.8960711623659552,0.9689090648882537,-110.03844641947936,-7.229243060443525,consumer,86,results/strict_fp16_launch_shape_rtx3090_20260602_115550,"ga102
GeForce RTX 3090"
pair,launch_shape_tensor_mma_f16acc_t256_b08,8,NVIDIA GeForce RTX 3090,ampere,ga102,82,tensor_mma_f16acc,tensor_baseline_mov,256,2048.0,8,8,strict_nvml_counter,structural_baseline,True,False,True,True,True,True,True,True,True,fp16-energy-bench-v2,fp16-energy-bench-v2,True,logical_m16n16k16_input_bits_8192,True,bench_json_metadata,True,True,False,False,False,False,missing NCU validation row,missing NCU validation row,missing NCU validation row for tensor activity,,,,,,,,,,,,,True,True,True,158.4757157243777,4.34051269531,1.06022680664,161.21856,1006.5784789404071,98.29867958402413,100.0,83968000000.0,8192.0,8192.0,0.07241577530378078,5.372957701641411,936.748,49.812339267238826,0.05317581597957916,0.9468241840204208,0.9743793348615222,0.0,nvml_total_energy_counter,nvml_total_energy_counter,0.8797946336584976,0.9570941803700649,-127.98684170353499,-9.997237800059878,33,8,,,,,,,,,False,False,quality_pass,98.33951728154186,tensor_model_utilization_pct_mean,quality_pass_below_saturation_band,fp16-energy-bench-v2,fp16-energy-bench-v2,,,,,,4.33656640625,,161.470464,1005.9314657941704,98.23549470646195,83968000000.0,,,,947.3248,51.057248788475114,0.053851688183583137,0.9461483118164168,0.9704536755842629,,,,,0.8960711623659552,0.9689090648882537,-110.03844641947936,-7.229243060443525,consumer,86,results/strict_fp16_launch_shape_rtx3090_20260602_115550,"ga102
GeForce RTX 3090"
pair,launch_shape_tensor_mma_f16acc_t256_b08,9,NVIDIA GeForce RTX 3090,ampere,ga102,82,tensor_mma_f16acc,tensor_baseline_mov,256,2048.0,8,8,strict_nvml_counter,structural_baseline,True,False,True,True,True,True,True,True,True,fp16-energy-bench-v2,fp16-energy-bench-v2,True,logical_m16n16k16_input_bits_8192,True,bench_json_metadata,True,True,False,False,False,False,missing NCU validation row,missing NCU validation row,missing NCU validation row for tensor activity,,,,,,,,,,,,,True,True,True,158.41868808328877,4.34207519531,1.06157653809,161.21856,1006.2162606916208,98.26330670816608,100.0,83968000000.0,8192.0,8192.0,0.0751166798416272,5.7935393444219585,943.914,51.67019927913884,0.0547403675325706,0.9452596324674294,0.9725790392436515,0.0,nvml_total_energy_counter,nvml_total_energy_counter,0.8863260265460347,0.9626690273787541,-121.05980391545381,-8.707079003455192,33,8,,,,,,,,,False,False,quality_pass,98.33951728154186,tensor_model_utilization_pct_mean,quality_pass_below_saturation_band,fp16-energy-bench-v2,fp16-energy-bench-v2,,,,,,4.33656640625,,161.470464,1005.9314657941704,98.23549470646195,83968000000.0,,,,947.3248,51.057248788475114,0.053851688183583137,0.9461483118164168,0.9704536755842629,,,,,0.8960711623659552,0.9689090648882537,-110.03844641947936,-7.229243060443525,consumer,86,results/strict_fp16_launch_shape_rtx3090_20260602_115550,"ga102
GeForce RTX 3090"
thread_sweep,,,NVIDIA GeForce RTX 3090,ampere,ga102,82,tensor_mma_f16acc,tensor_baseline_mov,32,32.0,1,8,strict_nvml_counter,structural_baseline,True,False,,True,True,True,True,True,True,,,True,logical_m16n16k16_input_bits_8192,True,bench_json_metadata,True,True,False,False,False,False,missing NCU validation row,missing NCU validation row,missing NCU validation row for tensor activity,,,,,,,,,,,,,True,True,,,,,,,,,,8192.0,8192.0,,,,,,,,,,,,,,,,,,baseline elapsed_s 0.8456s < warning threshold 1s,tensor_core_mma_m16n16k16_f16acc,10,5,7,7,False,False,False,quality_pass,98.33951728154186,tensor_model_utilization_pct_mean,quality_pass_below_saturation_band,fp16-energy-bench-v2,fp16-energy-bench-v2,True,23.649747365478838,100.0,98.80952380952381,38.29817437035757,1.1225822928314284,0.8455708618164286,161.9382857142857,242.17341302250333,23.649747365478838,5248000000.0,0.5784353929819288,0.12124224387352556,17.26917689735703,187.713,24.867872295888183,0.13249133306076497,0.8675086669392351,0.8936737510518419,0.0,valid_no_l2,nvml_total_energy_counter:10,nvml_total_energy_counter:10,0.959308932332476,0.9129921965949538,-7.97100174708673,-12.231450446379261,consumer,86,results/strict_fp16_launch_shape_rtx3090_20260602_115550,"ga102
GeForce RTX 3090"
thread_sweep,,,NVIDIA GeForce RTX 3090,ampere,ga102,82,tensor_mma_f16acc,tensor_baseline_mov,64,64.0,1,8,strict_nvml_counter,structural_baseline,True,False,,True,True,True,True,True,True,,,True,logical_m16n16k16_input_bits_8192,True,bench_json_metadata,True,True,False,False,False,False,missing NCU validation row,missing NCU validation row,missing NCU validation row for tensor activity,,,,,,,,,,,,,True,True,,,,,,,,,,8192.0,8192.0,,,,,,,,,,,,,,,,,,,tensor_core_mma_m16n16k16_f16acc,10,5,10,10,False,False,False,quality_pass,98.33951728154186,tensor_model_utilization_pct_mean,quality_pass_below_saturation_band,fp16-energy-bench-v2,fp16-energy-bench-v2,True,47.40226015029258,100.0,98.62222222222222,77.0182821688005,1.11640345459,1.039806030274,162.47808,485.3991439389961,47.40226015029258,10496000000.0,0.3240552504550143,0.049413910583816195,20.34412583015528,193.4527,27.863317780691602,0.14404398097861426,0.8559560190213858,0.8794725644091217,0.0,valid_no_l2,nvml_total_energy_counter:10,nvml_total_energy_counter:10,0.9398710360125768,0.8691888325237567,-12.406287303060514,-23.88921707052437,consumer,86,results/strict_fp16_launch_shape_rtx3090_20260602_115550,"ga102
GeForce RTX 3090"
thread_sweep,,,NVIDIA GeForce RTX 3090,ampere,ga102,82,tensor_mma_f16acc,tensor_baseline_mov,32,64.0,2,8,strict_nvml_counter,structural_baseline,True,False,,True,True,True,True,True,True,,,True,logical_m16n16k16_input_bits_8192,True,bench_json_metadata,True,True,False,False,False,False,missing NCU validation row,missing NCU validation row,missing NCU validation row for tensor activity,,,,,,,,,,,,,True,True,,,,,,,,,,8192.0,8192.0,,,,,,,,,,,,,,,,,,,tensor_core_mma_m16n16k16_f16acc,10,5,9,9,False,False,False,quality_pass,98.33951728154186,tensor_model_utilization_pct_mean,quality_pass_below_saturation_band,fp16-energy-bench-v2,fp16-energy-bench-v2,True,47.413652197326115,100.0,98.9753086419753,77.0367917480933,1.1161382785377778,1.006495557997111,162.47808,485.5157985006195,47.413652197326115,10496000000.0,0.4111398517249557,0.0713778826163606,26.544974218428784,201.22277777777776,35.35113325531247,0.1742008786834974,0.8257991213165026,0.849953434921138,0.0,valid_no_l2,nvml_total_energy_counter:10,nvml_total_energy_counter:10,0.9730321832617553,0.9347342827765647,-5.5434854417408195,-10.778260677858485,consumer,86,results/strict_fp16_launch_shape_rtx3090_20260602_115550,"ga102
GeForce RTX 3090"
thread_sweep,,,NVIDIA GeForce RTX 3090,ampere,ga102,82,tensor_mma_f16acc,tensor_baseline_mov,128,128.0,1,8,strict_nvml_counter,structural_baseline,True,False,,True,True,True,True,True,True,,,True,logical_m16n16k16_input_bits_8192,True,bench_json_metadata,True,True,False,False,False,False,missing NCU validation row,missing NCU validation row,missing NCU validation row for tensor activity,,,,,,,,,,,,,True,True,,,,,,,,,,8192.0,8192.0,,,,,,,,,,,,,,,,,,,tensor_core_mma_m16n16k16_f16acc,10,5,9,9,False,False,False,quality_pass,98.33951728154186,tensor_model_utilization_pct_mean,quality_pass_below_saturation_band,fp16-energy-bench-v2,fp16-energy-bench-v2,True,94.823414019942,94.44444444444444,95.95916429249763,153.8756500911245,1.117575507271111,1.0375763075088889,162.27593481481483,970.9917595642061,94.823414019942,20992000000.0,0.37584111113196156,0.031133812151588298,51.53510124096138,234.8871111111111,64.63206690719446,0.27462844571581724,0.7253715542841828,0.7477920332530005,6.666666666666667,valid_no_l2,nvml_total_energy_counter:10,nvml_total_energy_counter:10,0.9899905073602387,0.9269108340117328,-2.6004854228594354,-12.847220391530682,consumer,86,results/strict_fp16_launch_shape_rtx3090_20260602_115550,"ga102
GeForce RTX 3090"
thread_sweep,,,NVIDIA GeForce RTX 3090,ampere,ga102,82,tensor_mma_f16acc,tensor_baseline_mov,64,128.0,2,8,strict_nvml_counter,structural_baseline,True,False,,True,True,True,True,True,True,,,True,logical_m16n16k16_input_bits_8192,True,bench_json_metadata,True,True,False,False,False,False,missing NCU validation row,missing NCU validation row,missing NCU validation row for tensor activity,,,,,,,,,,,,,True,True,,,,,,,,,,8192.0,8192.0,,,,,,,,,,,,,,,,,,,tensor_core_mma_m16n16k16_f16acc,10,5,10,10,False,False,False,quality_pass,98.33951728154186,tensor_model_utilization_pct_mean,quality_pass_below_saturation_band,fp16-energy-bench-v2,fp16-energy-bench-v2,True,94.8203087587421,99.9,98.89027777777778,153.8582929251505,1.117703540038,1.037170092773,162.262912,970.9599616895191,94.8203087587421,20992000000.0,0.3752513802876595,0.05382292144112416,51.55360582173694,239.3499,64.5306529791881,0.2680097718941995,0.7319902281058005,0.7537763116802315,7.5,valid_no_l2,nvml_total_energy_counter:10,nvml_total_energy_counter:10,1.0127069589975233,0.943430779445935,3.023970598773431,-9.946248095363021,consumer,86,results/strict_fp16_launch_shape_rtx3090_20260602_115550,"ga102
GeForce RTX 3090"
thread_sweep,,,NVIDIA GeForce RTX 3090,ampere,ga102,82,tensor_mma_f16acc,tensor_baseline_mov,32,128.0,4,8,strict_nvml_counter,structural_baseline,True,False,,True,True,True,True,True,True,,,True,logical_m16n16k16_input_bits_8192,True,bench_json_metadata,True,True,False,False,False,False,missing NCU validation row,missing NCU validation row,missing NCU validation row for tensor activity,,,,,,,,,,,,,True,True,,,,,,,,,,8192.0,8192.0,,,,,,,,,,,,,,,,,,,tensor_core_mma_m16n16k16_f16acc,10,5,10,10,False,False,False,quality_pass,98.33951728154186,tensor_model_utilization_pct_mean,quality_pass_below_saturation_band,fp16-energy-bench-v2,fp16-energy-bench-v2,True,94.762306680189,100.0,99.37777777777777,153.62318630587984,1.119416955567,1.036873107912,162.11421866666666,970.3660204051354,94.762306680189,20992000000.0,0.3508538499309065,0.05041122567438403,47.785906612027844,236.0489,60.335095953404654,0.25455967348439373,0.7454403265156062,0.7677427896671685,7.5,valid_no_l2,nvml_total_energy_counter:10,nvml_total_energy_counter:10,0.9965133958177859,0.9428442178787151,-0.8078378300173739,-10.118046404137718,consumer,86,results/strict_fp16_launch_shape_rtx3090_20260602_115550,"ga102
GeForce RTX 3090"
thread_sweep,,,NVIDIA GeForce RTX 3090,ampere,ga102,82,tensor_mma_f16acc,tensor_baseline_mov,256,256.0,1,8,strict_nvml_counter,structural_baseline,True,True,,True,True,True,True,True,True,,,True,logical_m16n16k16_input_bits_8192,True,bench_json_metadata,True,True,False,False,False,False,missing NCU validation row,missing NCU validation row,missing NCU validation row for tensor activity,,,,,,,,,,,,,True,True,,,,,,,,,,8192.0,8192.0,,,,,,,,,,,,,,,,,,,tensor_core_mma_m16n16k16_f16acc,10,5,10,10,True,True,True,quality_pass,98.33951728154186,tensor_model_utilization_pct_mean,quality_gate_first_saturation_point,fp16-energy-bench-v2,fp16-energy-bench-v2,True,98.33951728154186,93.75,97.26904761904761,159.1479705254172,1.0805565307610001,1.023533850099,161.83582476190477,1006.9966569629887,98.33951728154186,20992000000.0,0.30845850528420093,0.02531588990692417,42.4301754980403,234.9764,53.04451844444935,0.22569831523496547,0.7743016847650346,0.7987380540198459,7.5,valid_no_l2,nvml_total_energy_counter:10,nvml_total_energy_counter:10,0.9521627868427419,0.9702642970671331,-11.826618552921843,-5.4646503491888065,consumer,86,results/strict_fp16_launch_shape_rtx3090_20260602_115550,"ga102
GeForce RTX 3090"
thread_sweep,,,NVIDIA GeForce RTX 3090,ampere,ga102,82,tensor_mma_f16acc,tensor_baseline_mov,128,256.0,2,8,strict_nvml_counter,structural_baseline,True,False,,True,True,True,True,True,True,,,True,logical_m16n16k16_input_bits_8192,True,bench_json_metadata,True,True,False,False,False,False,missing NCU validation row,missing NCU validation row,missing NCU validation row for tensor activity,,,,,,,,,,,,,True,True,,,,,,,,,,8192.0,8192.0,,,,,,,,,,,,,,,,,,baseline elapsed_s 0.9928s < warning threshold 1s,tensor_core_mma_m16n16k16_f16acc,10,5,10,10,False,False,False,quality_pass,98.33951728154186,tensor_model_utilization_pct_mean,quality_pass_below_saturation_band,fp16-energy-bench-v2,fp16-energy-bench-v2,True,98.21511342465692,99.2,99.72361111111111,159.136674388988,1.080639526366,0.9928208923334999,162.02850133333334,1005.7227614684869,98.21511342465692,20992000000.0,0.29368389464924827,0.0533861499011696,40.73816910854332,228.06599999999997,50.50378089657974,0.21927115974006553,0.7807288402599345,0.8035359316131714,7.5,valid_no_l2,nvml_total_energy_counter:10,nvml_total_energy_counter:10,0.9284475599149526,0.9568364631851038,-17.615474170252636,-7.597092924965082,consumer,86,results/strict_fp16_launch_shape_rtx3090_20260602_115550,"ga102
GeForce RTX 3090"
thread_sweep,,,NVIDIA GeForce RTX 3090,ampere,ga102,82,tensor_mma_f16acc,tensor_baseline_mov,64,256.0,4,8,strict_nvml_counter,structural_baseline,True,False,,True,True,True,True,True,True,,,True,logical_m16n16k16_input_bits_8192,True,bench_json_metadata,True,True,False,False,False,False,missing NCU validation row,missing NCU validation row,missing NCU validation row for tensor activity,,,,,,,,,,,,,True,True,,,,,,,,,,8192.0,8192.0,,,,,,,,,,,,,,,,,,,tensor_core_mma_m16n16k16_f16acc,10,5,9,9,False,False,False,quality_pass,98.33951728154186,tensor_model_utilization_pct_mean,quality_pass_below_saturation_band,fp16-energy-bench-v2,fp16-energy-bench-v2,True,98.10117961018756,92.55555555555556,97.34885361552028,158.9068704363188,1.0822167290599998,1.02210466851,161.9829908994709,1004.5560792083207,98.10117961018756,20992000000.0,0.3271037722918796,0.021638442491781068,45.73149065689686,234.24988888888888,56.25087908209571,0.24009485485129664,0.7599051451487033,0.7824813837498351,8.333333333333334,valid_no_l2,nvml_total_energy_counter:10,nvml_total_energy_counter:10,0.9512321820909341,0.9511793419124869,-12.0584078796005,-8.931386743483532,consumer,86,results/strict_fp16_launch_shape_rtx3090_20260602_115550,"ga102
GeForce RTX 3090"
thread_sweep,,,NVIDIA GeForce RTX 3090,ampere,ga102,82,tensor_mma_f16acc,tensor_baseline_mov,32,256.0,8,8,strict_nvml_counter,structural_baseline,True,False,,True,True,True,True,True,True,,,True,logical_m16n16k16_input_bits_8192,True,bench_json_metadata,True,True,False,False,False,False,missing NCU validation row,missing NCU validation row,missing NCU validation row for tensor activity,,,,,,,,,,,,,True,True,,,,,,,,,,8192.0,8192.0,,,,,,,,,,,,,,,,,,,tensor_core_mma_m16n16k16_f16acc,10,5,10,10,False,False,False,quality_pass,98.33951728154186,tensor_model_utilization_pct_mean,quality_pass_below_saturation_band,fp16-energy-bench-v2,fp16-energy-bench-v2,True,98.05282383580764,98.22222222222223,99.64583333333333,158.7351562002065,1.08339786377,1.022653350831,161.88680533333334,1004.0609160786704,98.05282383580764,20992000000.0,0.2739995185042506,0.026717976682646093,126.8214866913142,233.35999999999999,47.11872833487853,0.20198397279955574,0.7980160272004443,0.7569006735976777,7.5,valid_no_l2,nvml_total_energy_counter:10,nvml_total_energy_counter:10,1.361869748633863,0.9836735941281907,6.208527911224403,-2.991893793092865,consumer,86,results/strict_fp16_launch_shape_rtx3090_20260602_115550,"ga102
GeForce RTX 3090"
thread_sweep,,,NVIDIA GeForce RTX 3090,ampere,ga102,82,tensor_mma_f16acc,tensor_baseline_mov,256,512.0,2,8,strict_nvml_counter,structural_baseline,True,False,,True,True,True,True,True,True,,,True,logical_m16n16k16_input_bits_8192,True,bench_json_metadata,True,True,False,False,False,False,missing NCU validation row,missing NCU validation row,missing NCU validation row for tensor activity,,,,,,,,,,,,,True,True,,,,,,,,,,8192.0,8192.0,,,,,,,,,,,,,,,,,,,tensor_core_mma_m16n16k16_f16acc,10,5,10,10,False,False,False,quality_pass,98.33951728154186,tensor_model_utilization_pct_mean,quality_pass_below_saturation_band,fp16-energy-bench-v2,fp16-energy-bench-v2,True,98.20797516915016,100.0,99.73333333333333,158.75543801759903,1.08324432373,1.029480407715,161.65239466666668,1005.6496657320979,98.20797516915016,20992000000.0,0.1571273791686486,0.03546908221026126,96.46343178015414,232.8411,27.02063979321976,0.11520399539305207,0.884796004606948,0.8441753203846973,1.5,valid_no_l2,nvml_total_energy_counter:10,nvml_total_energy_counter:10,1.2156417675248996,0.9697015912329279,-8.831753201813317,-6.608138811355491,consumer,86,results/strict_fp16_launch_shape_rtx3090_20260602_115550,"ga102
GeForce RTX 3090"
thread_sweep,,,NVIDIA GeForce RTX 3090,ampere,ga102,82,tensor_mma_f16acc,tensor_baseline_mov,128,512.0,4,8,strict_nvml_counter,structural_baseline,True,False,,True,True,True,True,True,True,,,True,logical_m16n16k16_input_bits_8192,True,bench_json_metadata,True,True,False,False,False,False,missing NCU validation row,missing NCU validation row,missing NCU validation row for tensor activity,,,,,,,,,,,,,True,True,,,,,,,,,,8192.0,8192.0,,,,,,,,,,,,,,,,,,,tensor_core_mma_m16n16k16_f16acc,10,5,9,9,False,False,True,quality_pass,98.33951728154186,tensor_model_utilization_pct_mean,quality_pass_saturated_tie_loser,fp16-energy-bench-v2,fp16-energy-bench-v2,True,98.24369309813272,100.0,99.74145299145299,158.98885498352527,1.081650973851111,1.0250524291977778,161.83082666666667,1006.0154173248791,98.24369309813272,20992000000.0,0.1587677275116767,0.03502646278619745,18.88792045873878,234.08244444444446,27.30272469749856,0.1164675320718868,0.8835324679281132,0.9103673820717904,1.6666666666666667,valid_no_l2,nvml_total_energy_counter:10,nvml_total_energy_counter:10,0.8992822103049244,0.992672022120171,-26.33551272295402,-1.5581390024836201,consumer,86,results/strict_fp16_launch_shape_rtx3090_20260602_115550,"ga102
GeForce RTX 3090"
thread_sweep,,,NVIDIA GeForce RTX 3090,ampere,ga102,82,tensor_mma_f16acc,tensor_baseline_mov,64,512.0,8,8,strict_nvml_counter,structural_baseline,True,False,,True,True,True,False,True,True,,,True,logical_m16n16k16_input_bits_8192,True,bench_json_metadata,True,True,False,False,False,False,missing NCU validation row,missing NCU validation row,missing NCU validation row for tensor activity,,,,,,,,,,,,,True,True,,,,,,,,,,8192.0,8192.0,,,,,,,,,,,,,,,,,,"test NVML-counter/power-trace ratio 1.595 outside [0.5, 1.5]",tensor_core_mma_m16n16k16_f16acc,10,5,10,10,False,False,True,quality_pass,98.33951728154186,tensor_model_utilization_pct_mean,quality_pass_saturated_tie_loser,fp16-energy-bench-v2,fp16-energy-bench-v2,True,98.27030787119385,100.0,99.7513888888889,159.00291106839,1.081557238769,1.0321833129890001,161.801088,1006.287952601025,98.27030787119385,20992000000.0,0.12627210690418847,0.035699383193383,174.78202099657398,235.23269999999997,21.71456772614328,0.09237121204022573,0.9076287879597743,0.7863804323143619,1.5,valid_no_l2,nvml_total_energy_counter:10,nvml_total_energy_counter:10,1.5950627065312588,1.0154028236855424,14.953977301927143,3.1604109634357656,consumer,86,results/strict_fp16_launch_shape_rtx3090_20260602_115550,"ga102
GeForce RTX 3090"
thread_sweep,,,NVIDIA GeForce RTX 3090,ampere,ga102,82,tensor_mma_f16acc,tensor_baseline_mov,256,1024.0,4,8,strict_nvml_counter,structural_baseline,True,False,,True,True,True,True,True,True,,,True,logical_m16n16k16_input_bits_8192,True,bench_json_metadata,True,True,False,False,False,False,missing NCU validation row,missing NCU validation row,missing NCU validation row for tensor activity,,,,,,,,,,,,,True,True,,,,,,,,,,8192.0,8192.0,,,,,,,,,,,,,,,,,,,tensor_core_mma_m16n16k16_f16acc,10,5,7,7,False,False,True,quality_pass,98.33951728154186,tensor_model_utilization_pct_mean,quality_pass_saturated_tie_loser,fp16-energy-bench-v2,fp16-energy-bench-v2,True,98.33364541900609,100.0,99.88638876603272,158.88576734664593,2.16467794364,1.025842677527143,161.57842285714287,1006.9365290906223,98.33364541900609,41984000000.0,0.11697108717296255,0.015133398685385262,12.567557487867239,477.3764285714286,40.230208502740254,0.0842933820641473,0.9157066179358527,0.9414149951716553,0.0,valid_no_l2,nvml_total_energy_counter:10,nvml_total_energy_counter:10,0.9061946252874611,1.035250250376001,-49.428064835881564,7.260096459512182,consumer,86,results/strict_fp16_launch_shape_rtx3090_20260602_115550,"ga102
GeForce RTX 3090"
thread_sweep,,,NVIDIA GeForce RTX 3090,ampere,ga102,82,tensor_mma_f16acc,tensor_baseline_mov,128,1024.0,8,8,strict_nvml_counter,structural_baseline,True,False,,True,True,True,True,True,True,,,True,logical_m16n16k16_input_bits_8192,True,bench_json_metadata,True,True,False,False,False,False,missing NCU validation row,missing NCU validation row,missing NCU validation row for tensor activity,,,,,,,,,,,,,True,True,,,,,,,,,,8192.0,8192.0,,,,,,,,,,,,,,,,,,,tensor_core_mma_m16n16k16_f16acc,10,5,8,8,False,False,False,quality_pass,98.33951728154186,tensor_model_utilization_pct_mean,quality_pass_below_saturation_band,fp16-energy-bench-v2,fp16-energy-bench-v2,True,98.18432932142322,100.0,99.87775735294117,158.66764130945134,2.167643341065,1.0307694396975,161.60232,1005.4075322513737,98.18432932142322,41984000000.0,0.09847000138355587,0.020397079844278573,9.844711343254303,467.5085,33.86707589601042,0.0721022222140104,0.9278977777859896,0.9534026432288268,1.875,valid_no_l2,nvml_total_energy_counter:10,nvml_total_energy_counter:10,0.8876568549339711,1.0209015219906945,-59.20226519360224,4.115420064356904,consumer,86,results/strict_fp16_launch_shape_rtx3090_20260602_115550,"ga102
GeForce RTX 3090"
thread_sweep,,,NVIDIA GeForce RTX 3090,ampere,ga102,82,tensor_mma_f16acc,tensor_baseline_mov,256,2048.0,8,8,strict_nvml_counter,structural_baseline,True,False,,True,True,True,True,True,True,,,True,logical_m16n16k16_input_bits_8192,True,bench_json_metadata,True,True,False,False,False,False,missing NCU validation row,missing NCU validation row,missing NCU validation row for tensor activity,,,,,,,,,,,,,True,True,,,,,,,,,,8192.0,8192.0,,,,,,,,,,,,,,,,,,,tensor_core_mma_m16n16k16_f16acc,10,5,5,5,False,False,False,quality_pass,98.33951728154186,tensor_model_utilization_pct_mean,quality_pass_below_saturation_band,fp16-energy-bench-v2,fp16-energy-bench-v2,True,98.23549470646195,100.0,99.94581105169341,158.62109065977123,4.33656640625,1.05382705078,161.470464,1005.9314657941704,98.23549470646195,83968000000.0,0.07422558968892201,0.015857002937517295,6.299152095121616,947.3248,51.057248788475114,0.053851688183583137,0.9461483118164168,0.9704536755842629,0.0,valid_no_l2,nvml_total_energy_counter:10,nvml_total_energy_counter:10,0.8960711623659552,0.9689090648882537,-110.03844641947936,-7.229243060443525,consumer,86,results/strict_fp16_launch_shape_rtx3090_20260602_115550,"ga102
GeForce RTX 3090"
pair,launch_shape_tensor_mma_f16acc_t032_b01,0,NVIDIA GeForce RTX 3090,ampere,ga102,82,tensor_mma_f16acc,tensor_baseline_mov,32,32.0,1,8,mixed_or_unavailable,structural_baseline,False,False,False,False,False,False,True,True,True,fp16-energy-bench-v2,fp16-energy-bench-v2,True,logical_m16n16k16_input_bits_8192,True,bench_json_metadata,True,False,False,False,False,False,missing NCU validation row,missing NCU validation row,missing NCU validation row for tensor activity,,,,,,,,,,,,,True,False,True,37.38144663681253,0.28751974487299997,0.0712761611938,164.99712,231.99557274754872,22.65581765112781,nan,1312000000.0,8192.0,8192.0,nan,nan,44.994,nan,nan,nan,nan,0.0,nvml_total_energy_counter,unavailable,1.0256252717952035,nan,1.1241761595199975,nan,2,0,energy source is unavailable or undersampled; baseline elapsed_s is below 0.25s,test elapsed_s 0.2793s < warning threshold 1s,,,,,,,False,False,no_quality_pass,nan,tensor_model_utilization_pct_mean,not_quality_pass,fp16-energy-bench-v2,fp16-energy-bench-v2,,,,,,0.2793105529784,,162.47808,242.5176925560746,23.683368413679155,1312000000.0,,,,48.608000000000004,5.740170421293522,0.11801705181007618,0.8819829481899237,0.9064284336404353,,,,,1.0721281291730385,1.096005122904633,3.2650357201716047,0.9660908315000007,consumer,86,results/diagnostic_fp16_launch_shape_rtx3090_20260602_125100,"ga102
GeForce RTX 3090"
pair,launch_shape_tensor_mma_f16acc_t032_b01,1,NVIDIA GeForce RTX 3090,ampere,ga102,82,tensor_mma_f16acc,tensor_baseline_mov,32,32.0,1,8,mixed_or_unavailable,structural_baseline,False,False,False,False,False,False,True,True,True,fp16-energy-bench-v2,fp16-energy-bench-v2,True,logical_m16n16k16_input_bits_8192,True,bench_json_metadata,True,False,False,False,False,False,missing NCU validation row,missing NCU validation row,missing NCU validation row for tensor activity,,,,,,,,,,,,,True,False,True,38.82360444089691,0.27683941650399996,0.0643471069336,162.47808,244.6814422442611,23.894672094166122,nan,1312000000.0,8192.0,8192.0,-0.7938800292910431,-36.02885998056789,46.928,-8.53254634233732,-0.18182207514356716,1.181822075143567,1.2192792179751808,0.0,nvml_total_energy_counter,nvml_total_energy_counter,1.0773094953210367,nan,3.3676302048600064,nan,2,0,energy source is unavailable or undersampled; baseline elapsed_s is below 0.25s,test elapsed_s 0.2793s < warning threshold 1s,,,,,,,False,False,no_quality_pass,nan,tensor_model_utilization_pct_mean,not_quality_pass,fp16-energy-bench-v2,fp16-energy-bench-v2,,,,,,0.2793105529784,,162.47808,242.5176925560746,23.683368413679155,1312000000.0,,,,48.608000000000004,5.740170421293522,0.11801705181007618,0.8819829481899237,0.9064284336404353,,,,,1.0721281291730385,1.096005122904633,3.2650357201716047,0.9660908315000007,consumer,86,results/diagnostic_fp16_launch_shape_rtx3090_20260602_125100,"ga102
GeForce RTX 3090"
pair,launch_shape_tensor_mma_f16acc_t032_b01,2,NVIDIA GeForce RTX 3090,ampere,ga102,82,tensor_mma_f16acc,tensor_baseline_mov,32,32.0,1,8,mixed_or_unavailable,structural_baseline,False,False,True,True,True,False,True,True,True,fp16-energy-bench-v2,fp16-energy-bench-v2,True,logical_m16n16k16_input_bits_8192,True,bench_json_metadata,True,False,False,False,False,False,missing NCU validation row,missing NCU validation row,missing NCU validation row for tensor activity,,,,,,,,,,,,,True,False,True,38.608546792069646,0.278381469727,0.06458982086180001,162.47808,243.32606536881357,23.762311071173198,nan,1312000000.0,8192.0,8192.0,1.004957419506588,33.503275318078806,48.718,10.801185868944536,0.2217083186695787,0.7782916813304213,0.8025825773688744,0.0,nvml_total_energy_counter,nvml_total_energy_counter,1.092434628261355,nan,4.122196516970291,nan,3,0,energy source is unavailable or undersampled; baseline elapsed_s is below 0.25s,test elapsed_s 0.2793s < warning threshold 1s,,,,,,,False,False,no_quality_pass,nan,tensor_model_utilization_pct_mean,not_quality_pass,fp16-energy-bench-v2,fp16-energy-bench-v2,,,,,,0.2793105529784,,162.47808,242.5176925560746,23.683368413679155,1312000000.0,,,,48.608000000000004,5.740170421293522,0.11801705181007618,0.8819829481899237,0.9064284336404353,,,,,1.0721281291730385,1.096005122904633,3.2650357201716047,0.9660908315000007,consumer,86,results/diagnostic_fp16_launch_shape_rtx3090_20260602_125100,"ga102
GeForce RTX 3090"
pair,launch_shape_tensor_mma_f16acc_t032_b01,3,NVIDIA GeForce RTX 3090,ampere,ga102,82,tensor_mma_f16acc,tensor_baseline_mov,32,32.0,1,8,mixed_or_unavailable,structural_baseline,False,False,True,True,True,False,True,True,True,fp16-energy-bench-v2,fp16-energy-bench-v2,True,logical_m16n16k16_input_bits_8192,True,bench_json_metadata,True,False,False,False,False,False,missing NCU validation row,missing NCU validation row,missing NCU validation row for tensor activity,,,,,,,,,,,,,True,False,True,38.51573665884339,0.279052276611,0.06459391784669999,162.47808,242.74113984271375,23.70518943776501,nan,1312000000.0,8192.0,8192.0,0.4206241494839689,10.915002133713244,49.41,4.520827978735348,0.09149621491065266,0.9085037850893474,0.9364586543913445,0.0,nvml_total_energy_counter,nvml_total_energy_counter,1.0889038937456417,nan,4.034094666391432,nan,3,0,energy source is unavailable or undersampled; baseline elapsed_s is below 0.25s,test elapsed_s 0.2793s < warning threshold 1s,,,,,,,False,False,no_quality_pass,nan,tensor_model_utilization_pct_mean,not_quality_pass,fp16-energy-bench-v2,fp16-energy-bench-v2,,,,,,0.2793105529784,,162.47808,242.5176925560746,23.683368413679155,1312000000.0,,,,48.608000000000004,5.740170421293522,0.11801705181007618,0.8819829481899237,0.9064284336404353,,,,,1.0721281291730385,1.096005122904633,3.2650357201716047,0.9660908315000007,consumer,86,results/diagnostic_fp16_launch_shape_rtx3090_20260602_125100,"ga102
GeForce RTX 3090"
pair,launch_shape_tensor_mma_f16acc_t032_b01,4,NVIDIA GeForce RTX 3090,ampere,ga102,82,tensor_mma_f16acc,tensor_baseline_mov,32,32.0,1,8,mixed_or_unavailable,structural_baseline,False,False,True,True,True,False,True,True,True,fp16-energy-bench-v2,fp16-energy-bench-v2,True,logical_m16n16k16_input_bits_8192,True,bench_json_metadata,True,False,False,False,False,False,missing NCU validation row,missing NCU validation row,missing NCU validation row for tensor activity,,,,,,,,,,,,,True,False,True,38.479079636477906,0.279318115234,0.06459391784669999,162.47808,242.51011304265398,23.682628226821674,nan,1312000000.0,8192.0,8192.0,0.42855922866317847,11.513465705766407,48.02,4.606113447985891,0.09592072986226344,0.9040792701377366,0.9310329634579955,0.0,nvml_total_energy_counter,nvml_total_energy_counter,1.055248464757387,nan,2.5141294834858456,nan,3,0,energy source is unavailable or undersampled; baseline elapsed_s is below 0.25s,test elapsed_s 0.2793s < warning threshold 1s,,,,,,,False,False,no_quality_pass,nan,tensor_model_utilization_pct_mean,not_quality_pass,fp16-energy-bench-v2,fp16-energy-bench-v2,,,,,,0.2793105529784,,162.47808,242.5176925560746,23.683368413679155,1312000000.0,,,,48.608000000000004,5.740170421293522,0.11801705181007618,0.8819829481899237,0.9064284336404353,,,,,1.0721281291730385,1.096005122904633,3.2650357201716047,0.9660908315000007,consumer,86,results/diagnostic_fp16_launch_shape_rtx3090_20260602_125100,"ga102
GeForce RTX 3090"
pair,launch_shape_tensor_mma_f16acc_t032_b01,5,NVIDIA GeForce RTX 3090,ampere,ga102,82,tensor_mma_f16acc,tensor_baseline_mov,32,32.0,1,8,mixed_or_unavailable,structural_baseline,False,False,False,False,False,False,True,True,True,fp16-energy-bench-v2,fp16-energy-bench-v2,True,logical_m16n16k16_input_bits_8192,True,bench_json_metadata,True,False,False,False,False,False,missing NCU validation row,missing NCU validation row,missing NCU validation row for tensor activity,,,,,,,,,,,,,True,False,True,38.26285991513325,0.280896514893,0.0645897903442,162.47808,241.1474123346143,23.549551985802175,nan,1312000000.0,8192.0,8192.0,-0.22912400687629153,-11.002908280614776,50.057,-2.462602830001721,-0.04919597319059714,1.049195973190597,1.0625277332496101,0.0,nvml_total_energy_counter,nvml_total_energy_counter,1.1133764361086722,nan,5.097363369865555,nan,3,0,energy source is unavailable or undersampled; baseline elapsed_s is below 0.25s,test elapsed_s 0.2793s < warning threshold 1s,,,,,,,False,False,no_quality_pass,nan,tensor_model_utilization_pct_mean,not_quality_pass,fp16-energy-bench-v2,fp16-energy-bench-v2,,,,,,0.2793105529784,,162.47808,242.5176925560746,23.683368413679155,1312000000.0,,,,48.608000000000004,5.740170421293522,0.11801705181007618,0.8819829481899237,0.9064284336404353,,,,,1.0721281291730385,1.096005122904633,3.2650357201716047,0.9660908315000007,consumer,86,results/diagnostic_fp16_launch_shape_rtx3090_20260602_125100,"ga102
GeForce RTX 3090"
pair,launch_shape_tensor_mma_f16acc_t032_b01,6,NVIDIA GeForce RTX 3090,ampere,ga102,82,tensor_mma_f16acc,tensor_baseline_mov,32,32.0,1,8,mixed_or_unavailable,structural_baseline,False,False,True,True,True,False,True,True,True,fp16-energy-bench-v2,fp16-energy-bench-v2,True,logical_m16n16k16_input_bits_8192,True,bench_json_metadata,True,False,False,False,False,False,missing NCU validation row,missing NCU validation row,missing NCU validation row for tensor activity,,,,,,,,,,,,,True,False,True,38.3937447853668,0.279938934326,0.06458982086180001,162.47808,241.97229964937793,23.630107387634563,nan,1312000000.0,8192.0,8192.0,0.22167164242890894,5.746647651599659,48.374,2.3825055323482403,0.04925177848323976,0.9507482215167602,0.9662037080859533,0.0,nvml_total_energy_counter,nvml_total_energy_counter,1.068436810453893,1.096005122904633,3.09851011918078,0.9660908315000007,3,1,energy source is unavailable or undersampled; baseline elapsed_s is below 0.25s,test elapsed_s 0.2793s < warning threshold 1s,,,,,,,False,False,no_quality_pass,nan,tensor_model_utilization_pct_mean,not_quality_pass,fp16-energy-bench-v2,fp16-energy-bench-v2,,,,,,0.2793105529784,,162.47808,242.5176925560746,23.683368413679155,1312000000.0,,,,48.608000000000004,5.740170421293522,0.11801705181007618,0.8819829481899237,0.9064284336404353,,,,,1.0721281291730385,1.096005122904633,3.2650357201716047,0.9660908315000007,consumer,86,results/diagnostic_fp16_launch_shape_rtx3090_20260602_125100,"ga102
GeForce RTX 3090"
pair,launch_shape_tensor_mma_f16acc_t032_b01,7,NVIDIA GeForce RTX 3090,ampere,ga102,82,tensor_mma_f16acc,tensor_baseline_mov,32,32.0,1,8,mixed_or_unavailable,structural_baseline,False,False,False,False,False,False,True,True,True,fp16-energy-bench-v2,fp16-energy-bench-v2,True,logical_m16n16k16_input_bits_8192,True,bench_json_metadata,True,False,False,False,False,False,missing NCU validation row,missing NCU validation row,missing NCU validation row for tensor activity,,,,,,,,,,,,,True,False,True,38.643118854759,0.278132415771,0.0655390701294,162.47808,243.54395194276802,23.78358905691094,nan,1312000000.0,8192.0,8192.0,nan,nan,48.061,nan,nan,nan,nan,0.0,nvml_total_energy_counter,unavailable,1.1965336061133893,nan,7.894138196500009,nan,2,0,energy source is unavailable or undersampled; baseline elapsed_s is below 0.25s,test elapsed_s 0.2793s < warning threshold 1s,,,,,,,False,False,no_quality_pass,nan,tensor_model_utilization_pct_mean,not_quality_pass,fp16-energy-bench-v2,fp16-energy-bench-v2,,,,,,0.2793105529784,,162.47808,242.5176925560746,23.683368413679155,1312000000.0,,,,48.608000000000004,5.740170421293522,0.11801705181007618,0.8819829481899237,0.9064284336404353,,,,,1.0721281291730385,1.096005122904633,3.2650357201716047,0.9660908315000007,consumer,86,results/diagnostic_fp16_launch_shape_rtx3090_20260602_125100,"ga102
GeForce RTX 3090"
pair,launch_shape_tensor_mma_f16acc_t032_b01,8,NVIDIA GeForce RTX 3090,ampere,ga102,82,tensor_mma_f16acc,tensor_baseline_mov,32,32.0,1,8,mixed_or_unavailable,structural_baseline,False,False,True,True,True,False,True,True,True,fp16-energy-bench-v2,fp16-energy-bench-v2,True,logical_m16n16k16_input_bits_8192,True,bench_json_metadata,True,False,False,False,False,False,missing NCU validation row,missing NCU validation row,missing NCU validation row for tensor activity,,,,,,,,,,,,,True,False,True,38.404303516604024,0.279861968994,0.0646502380371,162.47808,242.03884487681367,23.636605945001335,nan,1312000000.0,8192.0,8192.0,0.5945549270307581,17.497752513626125,48.518,6.390219278453593,0.13170821712464637,0.8682917828753536,0.8958642648980091,0.0,nvml_total_energy_counter,nvml_total_energy_counter,1.055616848646916,nan,2.556247814829675,nan,3,0,energy source is unavailable or undersampled; baseline elapsed_s is below 0.25s,test elapsed_s 0.2793s < warning threshold 1s,,,,,,,False,False,no_quality_pass,nan,tensor_model_utilization_pct_mean,not_quality_pass,fp16-energy-bench-v2,fp16-energy-bench-v2,,,,,,0.2793105529784,,162.47808,242.5176925560746,23.683368413679155,1312000000.0,,,,48.608000000000004,5.740170421293522,0.11801705181007618,0.8819829481899237,0.9064284336404353,,,,,1.0721281291730385,1.096005122904633,3.2650357201716047,0.9660908315000007,consumer,86,results/diagnostic_fp16_launch_shape_rtx3090_20260602_125100,"ga102
GeForce RTX 3090"
pair,launch_shape_tensor_mma_f16acc_t032_b01,9,NVIDIA GeForce RTX 3090,ampere,ga102,82,tensor_mma_f16acc,tensor_baseline_mov,32,32.0,1,8,mixed_or_unavailable,structural_baseline,False,False,False,False,False,False,True,True,True,fp16-energy-bench-v2,fp16-energy-bench-v2,True,logical_m16n16k16_input_bits_8192,True,bench_json_metadata,True,False,False,False,False,False,missing NCU validation row,missing NCU validation row,missing NCU validation row for tensor activity,,,,,,,,,,,,,True,False,True,38.48523125479025,0.279273468018,0.0648476791382,162.47808,242.54888293180974,23.686414348809542,nan,1312000000.0,8192.0,8192.0,nan,nan,47.263,nan,nan,nan,nan,0.0,nvml_total_energy_counter,unavailable,1.0409415071217212,nan,1.8589118003799996,nan,2,0,energy source is unavailable or undersampled; baseline elapsed_s is below 0.25s,test elapsed_s 0.2793s < warning threshold 1s,,,,,,,False,False,no_quality_pass,nan,tensor_model_utilization_pct_mean,not_quality_pass,fp16-energy-bench-v2,fp16-energy-bench-v2,,,,,,0.2793105529784,,162.47808,242.5176925560746,23.683368413679155,1312000000.0,,,,48.608000000000004,5.740170421293522,0.11801705181007618,0.8819829481899237,0.9064284336404353,,,,,1.0721281291730385,1.096005122904633,3.2650357201716047,0.9660908315000007,consumer,86,results/diagnostic_fp16_launch_shape_rtx3090_20260602_125100,"ga102
GeForce RTX 3090"
pair,launch_shape_tensor_mma_f16acc_t032_b02,0,NVIDIA GeForce RTX 3090,ampere,ga102,82,tensor_mma_f16acc,tensor_baseline_mov,32,64.0,2,8,mixed_or_unavailable,structural_baseline,False,False,True,True,True,False,True,True,True,fp16-energy-bench-v2,fp16-energy-bench-v2,True,logical_m16n16k16_input_bits_8192,True,bench_json_metadata,True,False,False,False,False,False,missing NCU validation row,missing NCU validation row,missing NCU validation row for tensor activity,,,,,,,,,,,,,True,False,True,78.69335684665643,0.27315911865200004,0.0650833892822,164.99712,488.3842664100814,47.69377601660952,nan,2624000000.0,8192.0,8192.0,0.246300268744789,13.737074147595251,49.676,5.294423287286385,0.10657909830272938,0.8934209016972706,0.9220424578986405,0.0,nvml_total_energy_counter,nvml_total_energy_counter,1.1619284111948442,nan,6.9229357652450005,nan,2,0,valid_no_l2_count 2 < required 5; pure_fp16_candidate_count 2 < required 5; energy source is unavailable or undersampled; baseline elapsed_s is below 0.25s,test elapsed_s 0.2762s < warning threshold 1s,,,,,,,False,False,no_quality_pass,nan,tensor_model_utilization_pct_mean,not_quality_pass,fp16-energy-bench-v2,fp16-energy-bench-v2,,,,,,0.2761850585935,,163.7376,486.79528299380985,47.53860185486424,2624000000.0,,,,49.078,5.583349818184484,0.11385345539190289,0.8861465446080972,0.9146401957988561,,,,,1.091368564640066,nan,3.9555891782688377,nan,consumer,86,results/diagnostic_fp16_launch_shape_rtx3090_20260602_125100,"ga102
GeForce RTX 3090"
pair,launch_shape_tensor_mma_f16acc_t032_b02,1,NVIDIA GeForce RTX 3090,ampere,ga102,82,tensor_mma_f16acc,tensor_baseline_mov,32,64.0,2,8,mixed_or_unavailable,structural_baseline,False,False,False,False,False,False,True,True,True,fp16-energy-bench-v2,fp16-energy-bench-v2,True,logical_m16n16k16_input_bits_8192,True,bench_json_metadata,True,False,False,False,False,False,missing NCU validation row,missing NCU validation row,missing NCU validation row for tensor activity,,,,,,,,,,,,,True,False,True,77.56744795703358,0.27712408447299997,0.0661616668701,162.47808,488.8602001451666,47.740253920426426,nan,2624000000.0,8192.0,8192.0,-0.038083443754136095,-8.439566970275905,49.882,-0.8186343949177086,-0.016411418846832698,1.0164114188468327,1.0483606060611508,0.0,nvml_total_energy_counter,nvml_total_energy_counter,1.1087125595666603,nan,4.891078259656084,nan,3,0,valid_no_l2_count 2 < required 5; pure_fp16_candidate_count 2 < required 5; energy source is unavailable or undersampled; baseline elapsed_s is below 0.25s,test elapsed_s 0.2762s < warning threshold 1s,,,,,,,False,False,no_quality_pass,nan,tensor_model_utilization_pct_mean,not_quality_pass,fp16-energy-bench-v2,fp16-energy-bench-v2,,,,,,0.2761850585935,,163.7376,486.79528299380985,47.53860185486424,2624000000.0,,,,49.078,5.583349818184484,0.11385345539190289,0.8861465446080972,0.9146401957988561,,,,,1.091368564640066,nan,3.9555891782688377,nan,consumer,86,results/diagnostic_fp16_launch_shape_rtx3090_20260602_125100,"ga102
GeForce RTX 3090"
pair,launch_shape_tensor_mma_f16acc_t032_b02,2,NVIDIA GeForce RTX 3090,ampere,ga102,82,tensor_mma_f16acc,tensor_baseline_mov,32,64.0,2,8,mixed_or_unavailable,structural_baseline,False,False,False,False,False,False,True,True,True,fp16-energy-bench-v2,fp16-energy-bench-v2,True,logical_m16n16k16_input_bits_8192,True,bench_json_metadata,True,False,False,False,False,False,missing NCU validation row,missing NCU validation row,missing NCU validation row for tensor activity,,,,,,,,,,,,,True,False,True,76.95616656922815,0.2793253479,0.0653956451416,162.47808,485.007667292041,47.36403000898838,nan,2624000000.0,8192.0,8192.0,nan,nan,52.919,nan,nan,nan,nan,0.0,nvml_total_energy_counter,unavailable,1.1303565427010818,nan,6.102798208001161,nan,3,0,valid_no_l2_count 2 < required 5; pure_fp16_candidate_count 2 < required 5; energy source is unavailable or undersampled; baseline elapsed_s is below 0.25s,test elapsed_s 0.2762s < warning threshold 1s,,,,,,,False,False,no_quality_pass,nan,tensor_model_utilization_pct_mean,not_quality_pass,fp16-energy-bench-v2,fp16-energy-bench-v2,,,,,,0.2761850585935,,163.7376,486.79528299380985,47.53860185486424,2624000000.0,,,,49.078,5.583349818184484,0.11385345539190289,0.8861465446080972,0.9146401957988561,,,,,1.091368564640066,nan,3.9555891782688377,nan,consumer,86,results/diagnostic_fp16_launch_shape_rtx3090_20260602_125100,"ga102
GeForce RTX 3090"
pair,launch_shape_tensor_mma_f16acc_t032_b02,3,NVIDIA GeForce RTX 3090,ampere,ga102,82,tensor_mma_f16acc,tensor_baseline_mov,32,64.0,2,8,mixed_or_unavailable,structural_baseline,False,False,False,False,False,False,True,True,True,fp16-energy-bench-v2,fp16-energy-bench-v2,True,logical_m16n16k16_input_bits_8192,True,bench_json_metadata,True,False,False,False,False,False,missing NCU validation row,missing NCU validation row,missing NCU validation row for tensor activity,,,,,,,,,,,,,True,False,True,76.74876812847229,0.280080169678,0.0648448028564,162.47808,483.7005617222682,47.23638298069025,nan,2624000000.0,8192.0,8192.0,-1.0710591951137283,-85.5279703700852,30.404,-23.02328281479924,-0.7572451919089344,1.7572451919089345,1.812778412371389,0.0,nvml_total_energy_counter,nvml_total_energy_counter,0.6608002533238134,nan,-15.60687824508,nan,2,0,valid_no_l2_count 2 < required 5; pure_fp16_candidate_count 2 < required 5; energy source is unavailable or undersampled; baseline elapsed_s is below 0.25s,test elapsed_s 0.2762s < warning threshold 1s,,,,,,,False,False,no_quality_pass,nan,tensor_model_utilization_pct_mean,not_quality_pass,fp16-energy-bench-v2,fp16-energy-bench-v2,,,,,,0.2761850585935,,163.7376,486.79528299380985,47.53860185486424,2624000000.0,,,,49.078,5.583349818184484,0.11385345539190289,0.8861465446080972,0.9146401957988561,,,,,1.091368564640066,nan,3.9555891782688377,nan,consumer,86,results/diagnostic_fp16_launch_shape_rtx3090_20260602_125100,"ga102
GeForce RTX 3090"
pair,launch_shape_tensor_mma_f16acc_t032_b02,4,NVIDIA GeForce RTX 3090,ampere,ga102,82,tensor_mma_f16acc,tensor_baseline_mov,32,64.0,2,8,mixed_or_unavailable,structural_baseline,False,False,False,False,False,False,True,True,True,fp16-energy-bench-v2,fp16-energy-bench-v2,True,logical_m16n16k16_input_bits_8192,True,bench_json_metadata,True,False,False,False,False,False,missing NCU validation row,missing NCU validation row,missing NCU validation row for tensor activity,,,,,,,,,,,,,True,False,True,76.95896647331739,0.279315185547,0.0645946578979,162.47808,485.02531337566893,47.36575325934267,nan,2624000000.0,8192.0,8192.0,-0.025397163063809652,-7.592546551454404,53.271,-0.5459325409643441,-0.01024821274172334,1.0102482127417234,1.041022604556726,0.0,nvml_total_energy_counter,nvml_total_energy_counter,1.1338159497815368,nan,6.287183966838498,nan,3,0,valid_no_l2_count 2 < required 5; pure_fp16_candidate_count 2 < required 5; energy source is unavailable or undersampled; baseline elapsed_s is below 0.25s,test elapsed_s 0.2762s < warning threshold 1s,,,,,,,False,False,no_quality_pass,nan,tensor_model_utilization_pct_mean,not_quality_pass,fp16-energy-bench-v2,fp16-energy-bench-v2,,,,,,0.2761850585935,,163.7376,486.79528299380985,47.53860185486424,2624000000.0,,,,49.078,5.583349818184484,0.11385345539190289,0.8861465446080972,0.9146401957988561,,,,,1.091368564640066,nan,3.9555891782688377,nan,consumer,86,results/diagnostic_fp16_launch_shape_rtx3090_20260602_125100,"ga102
GeForce RTX 3090"
pair,launch_shape_tensor_mma_f16acc_t032_b02,5,NVIDIA GeForce RTX 3090,ampere,ga102,82,tensor_mma_f16acc,tensor_baseline_mov,32,64.0,2,8,mixed_or_unavailable,structural_baseline,False,False,False,False,False,False,True,True,True,fp16-energy-bench-v2,fp16-energy-bench-v2,True,logical_m16n16k16_input_bits_8192,True,bench_json_metadata,True,False,False,False,False,False,missing NCU validation row,missing NCU validation row,missing NCU validation row for tensor activity,,,,,,,,,,,,,True,False,True,76.7616151669295,0.280033294678,0.0645928955078,162.47808,483.7815287510525,47.244289917094974,nan,2624000000.0,8192.0,8192.0,nan,nan,33.484,nan,nan,nan,nan,0.0,nvml_total_energy_counter,unavailable,0.7238509822265156,nan,-12.774139896426654,nan,3,0,valid_no_l2_count 2 < required 5; pure_fp16_candidate_count 2 < required 5; energy source is unavailable or undersampled; baseline elapsed_s is below 0.25s,test elapsed_s 0.2762s < warning threshold 1s,,,,,,,False,False,no_quality_pass,nan,tensor_model_utilization_pct_mean,not_quality_pass,fp16-energy-bench-v2,fp16-energy-bench-v2,,,,,,0.2761850585935,,163.7376,486.79528299380985,47.53860185486424,2624000000.0,,,,49.078,5.583349818184484,0.11385345539190289,0.8861465446080972,0.9146401957988561,,,,,1.091368564640066,nan,3.9555891782688377,nan,consumer,86,results/diagnostic_fp16_launch_shape_rtx3090_20260602_125100,"ga102
GeForce RTX 3090"
pair,launch_shape_tensor_mma_f16acc_t032_b02,6,NVIDIA GeForce RTX 3090,ampere,ga102,82,tensor_mma_f16acc,tensor_baseline_mov,32,64.0,2,8,mixed_or_unavailable,structural_baseline,False,False,False,False,False,False,True,True,True,fp16-energy-bench-v2,fp16-energy-bench-v2,True,logical_m16n16k16_input_bits_8192,True,bench_json_metadata,True,False,False,False,False,False,missing NCU validation row,missing NCU validation row,missing NCU validation row for tensor activity,,,,,,,,,,,,,True,False,True,77.21479119284766,0.278389770508,0.0645936965942,162.47808,486.6376201729858,47.52320509501814,nan,2624000000.0,8192.0,8192.0,nan,nan,52.708,nan,nan,nan,nan,0.0,nvml_total_energy_counter,unavailable,1.160174795407012,nan,7.276914780199995,nan,2,0,valid_no_l2_count 2 < required 5; pure_fp16_candidate_count 2 < required 5; energy source is unavailable or undersampled; baseline elapsed_s is below 0.25s,test elapsed_s 0.2762s < warning threshold 1s,,,,,,,False,False,no_quality_pass,nan,tensor_model_utilization_pct_mean,not_quality_pass,fp16-energy-bench-v2,fp16-energy-bench-v2,,,,,,0.2761850585935,,163.7376,486.79528299380985,47.53860185486424,2624000000.0,,,,49.078,5.583349818184484,0.11385345539190289,0.8861465446080972,0.9146401957988561,,,,,1.091368564640066,nan,3.9555891782688377,nan,consumer,86,results/diagnostic_fp16_launch_shape_rtx3090_20260602_125100,"ga102
GeForce RTX 3090"
pair,launch_shape_tensor_mma_f16acc_t032_b02,7,NVIDIA GeForce RTX 3090,ampere,ga102,82,tensor_mma_f16acc,tensor_baseline_mov,32,64.0,2,8,mixed_or_unavailable,structural_baseline,False,False,True,True,True,False,True,True,True,fp16-energy-bench-v2,fp16-energy-bench-v2,True,logical_m16n16k16_input_bits_8192,True,bench_json_metadata,True,False,False,False,False,False,missing NCU validation row,missing NCU validation row,missing NCU validation row for tensor activity,,,,,,,,,,,,,True,False,True,76.987683553968,0.279210998535,0.06459391784669999,162.47808,485.2062995775383,47.38342769311897,nan,2624000000.0,8192.0,8192.0,0.27318239672975225,15.602889177763217,48.48,5.872276349082583,0.12112781248107639,0.8788721875189236,0.9072379336990719,0.0,nvml_total_energy_counter,nvml_total_energy_counter,1.0208087180852878,nan,0.9882425912926749,nan,3,0,valid_no_l2_count 2 < required 5; pure_fp16_candidate_count 2 < required 5; energy source is unavailable or undersampled; baseline elapsed_s is below 0.25s,test elapsed_s 0.2762s < warning threshold 1s,,,,,,,False,False,no_quality_pass,nan,tensor_model_utilization_pct_mean,not_quality_pass,fp16-energy-bench-v2,fp16-energy-bench-v2,,,,,,0.2761850585935,,163.7376,486.79528299380985,47.53860185486424,2624000000.0,,,,49.078,5.583349818184484,0.11385345539190289,0.8861465446080972,0.9146401957988561,,,,,1.091368564640066,nan,3.9555891782688377,nan,consumer,86,results/diagnostic_fp16_launch_shape_rtx3090_20260602_125100,"ga102
GeForce RTX 3090"
pair,launch_shape_tensor_mma_f16acc_t032_b02,8,NVIDIA GeForce RTX 3090,ampere,ga102,82,tensor_mma_f16acc,tensor_baseline_mov,32,64.0,2,8,mixed_or_unavailable,structural_baseline,False,False,False,False,False,False,True,True,True,fp16-energy-bench-v2,fp16-energy-bench-v2,True,logical_m16n16k16_input_bits_8192,True,bench_json_metadata,True,False,False,False,False,False,missing NCU validation row,missing NCU validation row,missing NCU validation row for tensor activity,,,,,,,,,,,,,True,False,True,76.68787016858273,0.280302581787,0.0645936660767,162.47808,483.31675911377533,47.19890225720462,nan,2624000000.0,8192.0,8192.0,-0.660704425340703,-54.47201102770727,33.805,-14.202375471874085,-0.42012647454146085,1.4201264745414608,1.4663786670483328,0.0,nvml_total_energy_counter,nvml_total_energy_counter,0.7090727609520185,nan,-13.86993811863902,nan,3,0,valid_no_l2_count 2 < required 5; pure_fp16_candidate_count 2 < required 5; energy source is unavailable or undersampled; baseline elapsed_s is below 0.25s,test elapsed_s 0.2762s < warning threshold 1s,,,,,,,False,False,no_quality_pass,nan,tensor_model_utilization_pct_mean,not_quality_pass,fp16-energy-bench-v2,fp16-energy-bench-v2,,,,,,0.2761850585935,,163.7376,486.79528299380985,47.53860185486424,2624000000.0,,,,49.078,5.583349818184484,0.11385345539190289,0.8861465446080972,0.9146401957988561,,,,,1.091368564640066,nan,3.9555891782688377,nan,consumer,86,results/diagnostic_fp16_launch_shape_rtx3090_20260602_125100,"ga102
GeForce RTX 3090"
pair,launch_shape_tensor_mma_f16acc_t032_b02,9,NVIDIA GeForce RTX 3090,ampere,ga102,82,tensor_mma_f16acc,tensor_baseline_mov,32,64.0,2,8,mixed_or_unavailable,structural_baseline,False,False,False,False,False,False,True,True,True,fp16-energy-bench-v2,fp16-energy-bench-v2,True,logical_m16n16k16_input_bits_8192,True,bench_json_metadata,True,False,False,False,False,False,missing NCU validation row,missing NCU validation row,missing NCU validation row for tensor activity,,,,,,,,,,,,,True,False,True,76.99474413730437,0.279185394287,0.06459391784669999,162.47808,485.250798117504,47.3877732536625,nan,2624000000.0,8192.0,8192.0,-0.22463974292435626,-22.787674755930794,50.811,-4.828812783071321,-0.09503479134579758,1.0950347913457976,1.1291044344278753,0.0,nvml_total_energy_counter,nvml_total_energy_counter,1.0679541619052269,nan,3.233115281283858,nan,3,0,valid_no_l2_count 2 < required 5; pure_fp16_candidate_count 2 < required 5; energy source is unavailable or undersampled; baseline elapsed_s is below 0.25s,test elapsed_s 0.2762s < warning threshold 1s,,,,,,,False,False,no_quality_pass,nan,tensor_model_utilization_pct_mean,not_quality_pass,fp16-energy-bench-v2,fp16-energy-bench-v2,,,,,,0.2761850585935,,163.7376,486.79528299380985,47.53860185486424,2624000000.0,,,,49.078,5.583349818184484,0.11385345539190289,0.8861465446080972,0.9146401957988561,,,,,1.091368564640066,nan,3.9555891782688377,nan,consumer,86,results/diagnostic_fp16_launch_shape_rtx3090_20260602_125100,"ga102
GeForce RTX 3090"
pair,launch_shape_tensor_mma_f16acc_t032_b04,0,NVIDIA GeForce RTX 3090,ampere,ga102,82,tensor_mma_f16acc,tensor_baseline_mov,32,128.0,4,8,mixed_or_unavailable,structural_baseline,False,False,False,False,False,False,True,True,True,fp16-energy-bench-v2,fp16-energy-bench-v2,True,logical_m16n16k16_input_bits_8192,True,bench_json_metadata,True,False,False,False,False,False,missing NCU validation row,missing NCU validation row,missing NCU validation row for tensor activity,,,,,,,,,,,,,True,False,True,156.34461746264896,0.274979827881,0.0632074241638,163.7376,977.764962242958,95.48485959403887,nan,5248000000.0,8192.0,8192.0,-0.04162606764745092,-12.789978610902807,57.175,-1.7895719158892334,-0.03129990233299927,1.0312999023329992,1.0634290215950202,0.0,nvml_total_energy_counter,nvml_total_energy_counter,1.2291894043011957,nan,10.66060620524999,nan,2,0,energy source is unavailable or undersampled; baseline elapsed_s is below 0.25s,test elapsed_s 0.2793s < warning threshold 1s,,,,,,,False,False,no_quality_pass,nan,tensor_model_utilization_pct_mean,not_quality_pass,fp16-energy-bench-v2,fp16-energy-bench-v2,,,,,,0.2793057250978,,162.47808,970.0896501627018,94.73531739870134,5248000000.0,,,,62.720600000000005,19.009028385755613,0.30223669695091415,0.6977633030490858,0.7210386222770493,,,,,1.2395137554007871,nan,12.11718069249959,nan,consumer,86,results/diagnostic_fp16_launch_shape_rtx3090_20260602_125100,"ga102
GeForce RTX 3090"
pair,launch_shape_tensor_mma_f16acc_t032_b04,1,NVIDIA GeForce RTX 3090,ampere,ga102,82,tensor_mma_f16acc,tensor_baseline_mov,32,128.0,4,8,mixed_or_unavailable,structural_baseline,False,False,True,True,True,False,True,True,True,fp16-energy-bench-v2,fp16-energy-bench-v2,True,logical_m16n16k16_input_bits_8192,True,bench_json_metadata,True,False,False,False,False,False,missing NCU validation row,missing NCU validation row,missing NCU validation row for tensor activity,,,,,,,,,,,,,True,False,True,154.56051941229742,0.27815393066399996,0.0641218566895,162.47808,974.1004563704382,95.12699769242559,nan,5248000000.0,8192.0,8192.0,0.2849240421641433,35.89802387218819,60.825,12.249345009888657,0.20138668326985049,0.7986133167301495,0.8294905280758511,0.0,nvml_total_energy_counter,nvml_total_energy_counter,1.2276940699372383,nan,11.280898183894081,nan,3,0,energy source is unavailable or undersampled; baseline elapsed_s is below 0.25s,test elapsed_s 0.2793s < warning threshold 1s,,,,,,,False,False,no_quality_pass,nan,tensor_model_utilization_pct_mean,not_quality_pass,fp16-energy-bench-v2,fp16-energy-bench-v2,,,,,,0.2793057250978,,162.47808,970.0896501627018,94.73531739870134,5248000000.0,,,,62.720600000000005,19.009028385755613,0.30223669695091415,0.6977633030490858,0.7210386222770493,,,,,1.2395137554007871,nan,12.11718069249959,nan,consumer,86,results/diagnostic_fp16_launch_shape_rtx3090_20260602_125100,"ga102
GeForce RTX 3090"
pair,launch_shape_tensor_mma_f16acc_t032_b04,2,NVIDIA GeForce RTX 3090,ampere,ga102,82,tensor_mma_f16acc,tensor_baseline_mov,32,128.0,4,8,mixed_or_unavailable,structural_baseline,False,False,False,False,False,False,True,True,True,fp16-energy-bench-v2,fp16-energy-bench-v2,True,logical_m16n16k16_input_bits_8192,True,bench_json_metadata,True,False,False,False,False,False,missing NCU validation row,missing NCU validation row,missing NCU validation row for tensor activity,,,,,,,,,,,,,True,False,True,153.33385503182552,0.280379150391,0.0646010894775,162.47808,966.3695407564476,94.37202546449683,nan,5248000000.0,8192.0,8192.0,-0.4110247996744704,-67.12833357572998,37.055,-17.670620354081755,-0.47687546495970196,1.476875464959702,1.5242107238978433,0.0,nvml_total_energy_counter,nvml_total_energy_counter,0.7400734889675094,nan,-13.014351966243431,nan,3,0,energy source is unavailable or undersampled; baseline elapsed_s is below 0.25s,test elapsed_s 0.2793s < warning threshold 1s,,,,,,,False,False,no_quality_pass,nan,tensor_model_utilization_pct_mean,not_quality_pass,fp16-energy-bench-v2,fp16-energy-bench-v2,,,,,,0.2793057250978,,162.47808,970.0896501627018,94.73531739870134,5248000000.0,,,,62.720600000000005,19.009028385755613,0.30223669695091415,0.6977633030490858,0.7210386222770493,,,,,1.2395137554007871,nan,12.11718069249959,nan,consumer,86,results/diagnostic_fp16_launch_shape_rtx3090_20260602_125100,"ga102
GeForce RTX 3090"
pair,launch_shape_tensor_mma_f16acc_t032_b04,3,NVIDIA GeForce RTX 3090,ampere,ga102,82,tensor_mma_f16acc,tensor_baseline_mov,32,128.0,4,8,mixed_or_unavailable,structural_baseline,False,False,True,True,True,False,True,True,True,fp16-energy-bench-v2,fp16-energy-bench-v2,True,logical_m16n16k16_input_bits_8192,True,bench_json_metadata,True,False,False,False,False,False,missing NCU validation row,missing NCU validation row,missing NCU validation row for tensor activity,,,,,,,,,,,,,True,False,True,154.08102725783644,0.27901953125,0.0645904922485,162.47808,971.0785104798414,94.831885789047,nan,5248000000.0,8192.0,8192.0,0.46642817019043914,65.17590438172851,61.114,20.052500784410007,0.3281163200643062,0.6718836799356939,0.6930579357159276,0.0,nvml_total_energy_counter,nvml_total_energy_counter,1.20432486251716,nan,10.36855589095321,nan,3,0,energy source is unavailable or undersampled; baseline elapsed_s is below 0.25s,test elapsed_s 0.2793s < warning threshold 1s,,,,,,,False,False,no_quality_pass,nan,tensor_model_utilization_pct_mean,not_quality_pass,fp16-energy-bench-v2,fp16-energy-bench-v2,,,,,,0.2793057250978,,162.47808,970.0896501627018,94.73531739870134,5248000000.0,,,,62.720600000000005,19.009028385755613,0.30223669695091415,0.6977633030490858,0.7210386222770493,,,,,1.2395137554007871,nan,12.11718069249959,nan,consumer,86,results/diagnostic_fp16_launch_shape_rtx3090_20260602_125100,"ga102
GeForce RTX 3090"
pair,launch_shape_tensor_mma_f16acc_t032_b04,4,NVIDIA GeForce RTX 3090,ampere,ga102,82,tensor_mma_f16acc,tensor_baseline_mov,32,128.0,4,8,mixed_or_unavailable,structural_baseline,False,False,False,False,False,False,True,True,True,fp16-energy-bench-v2,fp16-energy-bench-v2,True,logical_m16n16k16_input_bits_8192,True,bench_json_metadata,True,False,False,False,False,False,missing NCU validation row,missing NCU validation row,missing NCU validation row for tensor activity,,,,,,,,,,,,,True,False,True,153.46880788721293,0.28013259887700004,0.06459391784669999,162.47808,967.2200660944914,94.45508457954016,nan,5248000000.0,8192.0,8192.0,0.02117373404647654,-3.710432301997969,61.156,0.9102930434122456,0.014884770806008333,0.9851152291939916,1.017555786302812,0.0,nvml_total_energy_counter,nvml_total_energy_counter,1.1990576031881164,nan,10.152612141572462,nan,3,0,energy source is unavailable or undersampled; baseline elapsed_s is below 0.25s,test elapsed_s 0.2793s < warning threshold 1s,,,,,,,False,False,no_quality_pass,nan,tensor_model_utilization_pct_mean,not_quality_pass,fp16-energy-bench-v2,fp16-energy-bench-v2,,,,,,0.2793057250978,,162.47808,970.0896501627018,94.73531739870134,5248000000.0,,,,62.720600000000005,19.009028385755613,0.30223669695091415,0.6977633030490858,0.7210386222770493,,,,,1.2395137554007871,nan,12.11718069249959,nan,consumer,86,results/diagnostic_fp16_launch_shape_rtx3090_20260602_125100,"ga102
GeForce RTX 3090"
pair,launch_shape_tensor_mma_f16acc_t032_b04,5,NVIDIA GeForce RTX 3090,ampere,ga102,82,tensor_mma_f16acc,tensor_baseline_mov,32,128.0,4,8,mixed_or_unavailable,structural_baseline,False,False,True,True,True,False,True,True,True,fp16-energy-bench-v2,fp16-energy-bench-v2,True,logical_m16n16k16_input_bits_8192,True,bench_json_metadata,True,False,False,False,False,False,missing NCU validation row,missing NCU validation row,missing NCU validation row for tensor activity,,,,,,,,,,,,,True,False,True,153.52155728051318,0.28003634643599995,0.0645908508301,162.47808,967.5525132697624,94.48755012400022,nan,5248000000.0,8192.0,8192.0,0.41431540936504174,56.84033832282262,63.338,17.81208898230468,0.28122278856775834,0.7187772114322416,0.7409421693240914,0.0,nvml_total_energy_counter,nvml_total_energy_counter,1.2754644643798818,nan,13.679227240075,nan,2,0,energy source is unavailable or undersampled; baseline elapsed_s is below 0.25s,test elapsed_s 0.2793s < warning threshold 1s,,,,,,,False,False,no_quality_pass,nan,tensor_model_utilization_pct_mean,not_quality_pass,fp16-energy-bench-v2,fp16-energy-bench-v2,,,,,,0.2793057250978,,162.47808,970.0896501627018,94.73531739870134,5248000000.0,,,,62.720600000000005,19.009028385755613,0.30223669695091415,0.6977633030490858,0.7210386222770493,,,,,1.2395137554007871,nan,12.11718069249959,nan,consumer,86,results/diagnostic_fp16_launch_shape_rtx3090_20260602_125100,"ga102
GeForce RTX 3090"
pair,launch_shape_tensor_mma_f16acc_t032_b04,6,NVIDIA GeForce RTX 3090,ampere,ga102,82,tensor_mma_f16acc,tensor_baseline_mov,32,128.0,4,8,mixed_or_unavailable,structural_baseline,False,False,False,False,False,False,True,True,True,fp16-energy-bench-v2,fp16-energy-bench-v2,True,logical_m16n16k16_input_bits_8192,True,bench_json_metadata,True,False,False,False,False,False,missing NCU validation row,missing NCU validation row,missing NCU validation row for tensor activity,,,,,,,,,,,,,True,False,True,154.40573332923884,0.278432769775,0.0645946273804,162.47808,973.1249343243136,95.03173186760876,nan,5248000000.0,8192.0,8192.0,-0.5270706942663671,-82.91354267029857,40.675,-22.659620892753054,-0.5570896347327119,1.557089634732712,1.5735789018734925,0.0,nvml_total_energy_counter,nvml_total_energy_counter,0.8273744607651371,nan,-8.486536799655,nan,2,0,energy source is unavailable or undersampled; baseline elapsed_s is below 0.25s,test elapsed_s 0.2793s < warning threshold 1s,,,,,,,False,False,no_quality_pass,nan,tensor_model_utilization_pct_mean,not_quality_pass,fp16-energy-bench-v2,fp16-energy-bench-v2,,,,,,0.2793057250978,,162.47808,970.0896501627018,94.73531739870134,5248000000.0,,,,62.720600000000005,19.009028385755613,0.30223669695091415,0.6977633030490858,0.7210386222770493,,,,,1.2395137554007871,nan,12.11718069249959,nan,consumer,86,results/diagnostic_fp16_launch_shape_rtx3090_20260602_125100,"ga102
GeForce RTX 3090"
pair,launch_shape_tensor_mma_f16acc_t032_b04,7,NVIDIA GeForce RTX 3090,ampere,ga102,82,tensor_mma_f16acc,tensor_baseline_mov,32,128.0,4,8,mixed_or_unavailable,structural_baseline,False,False,True,True,True,False,True,True,True,fp16-energy-bench-v2,fp16-energy-bench-v2,True,logical_m16n16k16_input_bits_8192,True,bench_json_metadata,True,False,False,False,False,False,missing NCU validation row,missing NCU validation row,missing NCU validation row for tensor activity,,,,,,,,,,,,,True,False,True,153.93596272541924,0.279282470703,0.0656066589355,162.47808,970.1642574237048,94.74260326403368,nan,5248000000.0,8192.0,8192.0,0.540504516765347,76.07547042369748,63.736,23.237162631041365,0.36458457749217654,0.6354154225078235,0.6559006615922813,0.0,nvml_total_energy_counter,nvml_total_energy_counter,1.2385701983750097,nan,12.276663998196533,nan,3,0,energy source is unavailable or undersampled; baseline elapsed_s is below 0.25s,test elapsed_s 0.2793s < warning threshold 1s,,,,,,,False,False,no_quality_pass,nan,tensor_model_utilization_pct_mean,not_quality_pass,fp16-energy-bench-v2,fp16-energy-bench-v2,,,,,,0.2793057250978,,162.47808,970.0896501627018,94.73531739870134,5248000000.0,,,,62.720600000000005,19.009028385755613,0.30223669695091415,0.6977633030490858,0.7210386222770493,,,,,1.2395137554007871,nan,12.11718069249959,nan,consumer,86,results/diagnostic_fp16_launch_shape_rtx3090_20260602_125100,"ga102
GeForce RTX 3090"
pair,launch_shape_tensor_mma_f16acc_t032_b04,8,NVIDIA GeForce RTX 3090,ampere,ga102,82,tensor_mma_f16acc,tensor_baseline_mov,32,128.0,4,8,mixed_or_unavailable,structural_baseline,False,False,True,True,True,False,True,True,True,fp16-energy-bench-v2,fp16-energy-bench-v2,True,logical_m16n16k16_input_bits_8192,True,bench_json_metadata,True,False,False,False,False,False,missing NCU validation row,missing NCU validation row,missing NCU validation row for tensor activity,,,,,,,,,,,,,True,False,True,153.52155728051318,0.28003634643599995,0.0654704666138,162.47808,967.5525132697624,94.48755012400022,nan,5248000000.0,8192.0,8192.0,0.5046110507019173,70.1789686329389,64.59,21.694044521133357,0.33587311536047926,0.6641268846395207,0.6858018166770948,0.0,nvml_total_energy_counter,nvml_total_energy_counter,1.251515181794646,nan,12.980558149379121,nan,3,0,energy source is unavailable or undersampled; baseline elapsed_s is below 0.25s,test elapsed_s 0.2793s < warning threshold 1s,,,,,,,False,False,no_quality_pass,nan,tensor_model_utilization_pct_mean,not_quality_pass,fp16-energy-bench-v2,fp16-energy-bench-v2,,,,,,0.2793057250978,,162.47808,970.0896501627018,94.73531739870134,5248000000.0,,,,62.720600000000005,19.009028385755613,0.30223669695091415,0.6977633030490858,0.7210386222770493,,,,,1.2395137554007871,nan,12.11718069249959,nan,consumer,86,results/diagnostic_fp16_launch_shape_rtx3090_20260602_125100,"ga102
GeForce RTX 3090"
pair,launch_shape_tensor_mma_f16acc_t032_b04,9,NVIDIA GeForce RTX 3090,ampere,ga102,82,tensor_mma_f16acc,tensor_baseline_mov,32,128.0,4,8,mixed_or_unavailable,structural_baseline,False,False,False,False,False,False,True,True,True,fp16-energy-bench-v2,fp16-energy-bench-v2,True,logical_m16n16k16_input_bits_8192,True,bench_json_metadata,True,False,False,False,False,False,missing NCU validation row,missing NCU validation row,missing NCU validation row for tensor activity,,,,,,,,,,,,,True,False,True,153.89691475014735,0.27935333252,0.06459484863279999,162.47808,969.9181619092919,94.71857049895428,nan,5248000000.0,8192.0,8192.0,nan,nan,60.885,nan,nan,nan,nan,0.0,nvml_total_energy_counter,unavailable,1.1937154229984264,nan,9.880381288560045,nan,3,0,energy source is unavailable or undersampled; baseline elapsed_s is below 0.25s,test elapsed_s 0.2793s < warning threshold 1s,,,,,,,False,False,no_quality_pass,nan,tensor_model_utilization_pct_mean,not_quality_pass,fp16-energy-bench-v2,fp16-energy-bench-v2,,,,,,0.2793057250978,,162.47808,970.0896501627018,94.73531739870134,5248000000.0,,,,62.720600000000005,19.009028385755613,0.30223669695091415,0.6977633030490858,0.7210386222770493,,,,,1.2395137554007871,nan,12.11718069249959,nan,consumer,86,results/diagnostic_fp16_launch_shape_rtx3090_20260602_125100,"ga102
GeForce RTX 3090"
pair,launch_shape_tensor_mma_f16acc_t032_b08,0,NVIDIA GeForce RTX 3090,ampere,ga102,82,tensor_mma_f16acc,tensor_baseline_mov,32,256.0,8,8,mixed_or_unavailable,structural_baseline,False,False,True,True,True,False,True,True,True,fp16-energy-bench-v2,fp16-energy-bench-v2,True,logical_m16n16k16_input_bits_8192,True,bench_json_metadata,True,False,False,False,False,False,missing NCU validation row,missing NCU validation row,missing NCU validation row for tensor activity,,,,,,,,,,,,,True,True,True,161.33203967068636,0.532958190918,0.06667427062989999,163.7376,1008.9558453451303,98.5308442719854,100.0,10496000000.0,8192.0,8192.0,0.3879107915954174,55.71555591827732,122.712,33.353823589052425,0.27180572062269726,0.7281942793773027,0.7505795580795106,0.0,nvml_total_energy_counter,nvml_total_energy_counter,1.1633251115593908,nan,17.228159944738522,nan,4,0,valid_no_l2_count 2 < required 5; pure_fp16_candidate_count 2 < required 5; energy source is unavailable or undersampled; baseline elapsed_s is below 0.25s,test elapsed_s 0.536s < warning threshold 1s,,,,,,,False,False,no_quality_pass,nan,tensor_model_utilization_pct_mean,not_quality_pass,fp16-energy-bench-v2,fp16-energy-bench-v2,,,,,,0.5360142822265,,163.10784,1007.1022257375929,98.34982673218681,10496000000.0,,,,124.305,30.74867200677091,0.24767397829769233,0.7523260217023077,0.7752926643429885,,,,,1.1318317836422966,nan,14.354318729436912,nan,consumer,86,results/diagnostic_fp16_launch_shape_rtx3090_20260602_125100,"ga102
GeForce RTX 3090"
pair,launch_shape_tensor_mma_f16acc_t032_b08,1,NVIDIA GeForce RTX 3090,ampere,ga102,82,tensor_mma_f16acc,tensor_baseline_mov,32,256.0,8,8,mixed_or_unavailable,structural_baseline,False,False,False,False,False,False,True,True,True,fp16-energy-bench-v2,fp16-energy-bench-v2,True,logical_m16n16k16_input_bits_8192,True,bench_json_metadata,True,False,False,False,False,False,missing NCU validation row,missing NCU validation row,missing NCU validation row for tensor activity,,,,,,,,,,,,,True,True,True,157.27436579880077,0.546708496094,0.06727369689939999,162.47808,991.204170913221,96.79728231574424,99.0,10496000000.0,8192.0,8192.0,nan,nan,127.809,nan,nan,nan,nan,0.0,nvml_total_energy_counter,unavailable,1.1370594375756533,nan,15.405904984576637,nan,4,0,valid_no_l2_count 2 < required 5; pure_fp16_candidate_count 2 < required 5; energy source is unavailable or undersampled; baseline elapsed_s is below 0.25s,test elapsed_s 0.536s < warning threshold 1s,,,,,,,False,False,no_quality_pass,nan,tensor_model_utilization_pct_mean,not_quality_pass,fp16-energy-bench-v2,fp16-energy-bench-v2,,,,,,0.5360142822265,,163.10784,1007.1022257375929,98.34982673218681,10496000000.0,,,,124.305,30.74867200677091,0.24767397829769233,0.7523260217023077,0.7752926643429885,,,,,1.1318317836422966,nan,14.354318729436912,nan,consumer,86,results/diagnostic_fp16_launch_shape_rtx3090_20260602_125100,"ga102
GeForce RTX 3090"
pair,launch_shape_tensor_mma_f16acc_t032_b08,2,NVIDIA GeForce RTX 3090,ampere,ga102,82,tensor_mma_f16acc,tensor_baseline_mov,32,256.0,8,8,mixed_or_unavailable,structural_baseline,False,False,True,True,True,False,True,True,True,fp16-energy-bench-v2,fp16-energy-bench-v2,True,logical_m16n16k16_input_bits_8192,True,bench_json_metadata,True,False,False,False,False,False,missing NCU validation row,missing NCU validation row,missing NCU validation row for tensor activity,,,,,,,,,,,,,True,True,True,159.5027963346559,0.5390703735350001,0.0677199707031,162.47808,1005.2486061300555,98.16880919238822,100.0,10496000000.0,8192.0,8192.0,0.3273140561230519,45.3331136148708,125.898,28.143520424489395,0.22354223597268738,0.7764577640273126,0.8000057706064665,0.0,nvml_total_energy_counter,nvml_total_energy_counter,1.1003384557252025,nan,11.480477514135302,nan,5,0,valid_no_l2_count 2 < required 5; pure_fp16_candidate_count 2 < required 5; energy source is unavailable or undersampled; baseline elapsed_s is below 0.25s,test elapsed_s 0.536s < warning threshold 1s,,,,,,,False,False,no_quality_pass,nan,tensor_model_utilization_pct_mean,not_quality_pass,fp16-energy-bench-v2,fp16-energy-bench-v2,,,,,,0.5360142822265,,163.10784,1007.1022257375929,98.34982673218681,10496000000.0,,,,124.305,30.74867200677091,0.24767397829769233,0.7523260217023077,0.7752926643429885,,,,,1.1318317836422966,nan,14.354318729436912,nan,consumer,86,results/diagnostic_fp16_launch_shape_rtx3090_20260602_125100,"ga102
GeForce RTX 3090"
pair,launch_shape_tensor_mma_f16acc_t032_b08,3,NVIDIA GeForce RTX 3090,ampere,ga102,82,tensor_mma_f16acc,tensor_baseline_mov,32,256.0,8,8,mixed_or_unavailable,structural_baseline,False,False,False,False,False,False,True,True,True,fp16-energy-bench-v2,fp16-energy-bench-v2,True,logical_m16n16k16_input_bits_8192,True,bench_json_metadata,True,False,False,False,False,False,missing NCU validation row,missing NCU validation row,missing NCU validation row for tensor activity,,,,,,,,,,,,,True,True,True,159.4643571749331,0.539200317383,0.0677190093994,162.47808,1005.0063476078219,98.14515113357636,100.0,10496000000.0,8192.0,8192.0,nan,nan,131.726,nan,nan,nan,nan,0.0,nvml_total_energy_counter,unavailable,1.1635270753723201,nan,18.513335861652678,nan,4,0,valid_no_l2_count 2 < required 5; pure_fp16_candidate_count 2 < required 5; energy source is unavailable or undersampled; baseline elapsed_s is below 0.25s,test elapsed_s 0.536s < warning threshold 1s,,,,,,,False,False,no_quality_pass,nan,tensor_model_utilization_pct_mean,not_quality_pass,fp16-energy-bench-v2,fp16-energy-bench-v2,,,,,,0.5360142822265,,163.10784,1007.1022257375929,98.34982673218681,10496000000.0,,,,124.305,30.74867200677091,0.24767397829769233,0.7523260217023077,0.7752926643429885,,,,,1.1318317836422966,nan,14.354318729436912,nan,consumer,86,results/diagnostic_fp16_launch_shape_rtx3090_20260602_125100,"ga102
GeForce RTX 3090"
pair,launch_shape_tensor_mma_f16acc_t032_b08,4,NVIDIA GeForce RTX 3090,ampere,ga102,82,tensor_mma_f16acc,tensor_baseline_mov,32,256.0,8,8,mixed_or_unavailable,structural_baseline,False,False,False,False,False,False,True,True,True,fp16-energy-bench-v2,fp16-energy-bench-v2,True,logical_m16n16k16_input_bits_8192,True,bench_json_metadata,True,False,False,False,False,False,missing NCU validation row,missing NCU validation row,missing NCU validation row for tensor activity,,,,,,,,,,,,,True,True,True,159.51973783456143,0.5390131225589999,0.06799667358400001,162.47808,1005.3553780460165,98.17923613730629,99.0,10496000000.0,8192.0,8192.0,nan,nan,103.546,nan,nan,nan,nan,0.0,nvml_total_energy_counter,unavailable,0.8901778335448989,nan,-12.774577864374933,nan,5,0,valid_no_l2_count 2 < required 5; pure_fp16_candidate_count 2 < required 5; energy source is unavailable or undersampled; baseline elapsed_s is below 0.25s,test elapsed_s 0.536s < warning threshold 1s,,,,,,,False,False,no_quality_pass,nan,tensor_model_utilization_pct_mean,not_quality_pass,fp16-energy-bench-v2,fp16-energy-bench-v2,,,,,,0.5360142822265,,163.10784,1007.1022257375929,98.34982673218681,10496000000.0,,,,124.305,30.74867200677091,0.24767397829769233,0.7523260217023077,0.7752926643429885,,,,,1.1318317836422966,nan,14.354318729436912,nan,consumer,86,results/diagnostic_fp16_launch_shape_rtx3090_20260602_125100,"ga102
GeForce RTX 3090"
pair,launch_shape_tensor_mma_f16acc_t032_b08,5,NVIDIA GeForce RTX 3090,ampere,ga102,82,tensor_mma_f16acc,tensor_baseline_mov,32,256.0,8,8,mixed_or_unavailable,structural_baseline,False,False,False,False,False,False,True,True,True,fp16-energy-bench-v2,fp16-energy-bench-v2,True,logical_m16n16k16_input_bits_8192,True,bench_json_metadata,True,False,False,False,False,False,missing NCU validation row,missing NCU validation row,missing NCU validation row for tensor activity,,,,,,,,,,,,,True,True,True,159.70602434540774,0.538384399414,0.0685916137695,162.47808,1006.5294280292919,98.29388945598552,100.0,10496000000.0,8192.0,8192.0,nan,nan,104.074,nan,nan,nan,nan,0.0,nvml_total_energy_counter,unavailable,0.8937522215391558,nan,-12.372144123447598,nan,5,0,valid_no_l2_count 2 < required 5; pure_fp16_candidate_count 2 < required 5; energy source is unavailable or undersampled; baseline elapsed_s is below 0.25s,test elapsed_s 0.536s < warning threshold 1s,,,,,,,False,False,no_quality_pass,nan,tensor_model_utilization_pct_mean,not_quality_pass,fp16-energy-bench-v2,fp16-energy-bench-v2,,,,,,0.5360142822265,,163.10784,1007.1022257375929,98.34982673218681,10496000000.0,,,,124.305,30.74867200677091,0.24767397829769233,0.7523260217023077,0.7752926643429885,,,,,1.1318317836422966,nan,14.354318729436912,nan,consumer,86,results/diagnostic_fp16_launch_shape_rtx3090_20260602_125100,"ga102
GeForce RTX 3090"
pair,launch_shape_tensor_mma_f16acc_t032_b08,6,NVIDIA GeForce RTX 3090,ampere,ga102,82,tensor_mma_f16acc,tensor_baseline_mov,32,256.0,8,8,mixed_or_unavailable,structural_baseline,False,False,False,False,False,False,True,True,True,fp16-energy-bench-v2,fp16-energy-bench-v2,True,logical_m16n16k16_input_bits_8192,True,bench_json_metadata,True,False,False,False,False,False,missing NCU validation row,missing NCU validation row,missing NCU validation row for tensor activity,,,,,,,,,,,,,True,True,True,159.20578598337238,0.540076049805,0.0677242889404,162.47808,1003.3767314764756,97.98600893324956,99.0,10496000000.0,8192.0,8192.0,nan,nan,106.816,nan,nan,nan,nan,0.0,nvml_total_energy_counter,unavailable,0.932484344139303,nan,-7.733912469139369,nan,4,0,valid_no_l2_count 2 < required 5; pure_fp16_candidate_count 2 < required 5; energy source is unavailable or undersampled; baseline elapsed_s is below 0.25s,test elapsed_s 0.536s < warning threshold 1s,,,,,,,False,False,no_quality_pass,nan,tensor_model_utilization_pct_mean,not_quality_pass,fp16-energy-bench-v2,fp16-energy-bench-v2,,,,,,0.5360142822265,,163.10784,1007.1022257375929,98.34982673218681,10496000000.0,,,,124.305,30.74867200677091,0.24767397829769233,0.7523260217023077,0.7752926643429885,,,,,1.1318317836422966,nan,14.354318729436912,nan,consumer,86,results/diagnostic_fp16_launch_shape_rtx3090_20260602_125100,"ga102
GeForce RTX 3090"
pair,launch_shape_tensor_mma_f16acc_t032_b08,7,NVIDIA GeForce RTX 3090,ampere,ga102,82,tensor_mma_f16acc,tensor_baseline_mov,32,256.0,8,8,mixed_or_unavailable,structural_baseline,False,False,False,False,False,False,True,True,True,fp16-energy-bench-v2,fp16-energy-bench-v2,True,logical_m16n16k16_input_bits_8192,True,bench_json_metadata,True,False,False,False,False,False,missing NCU validation row,missing NCU validation row,missing NCU validation row for tensor activity,,,,,,,,,,,,,True,True,True,159.80693532252323,0.538044433594,0.0688084487915,162.47808,1007.1654082216123,98.35599689664183,98.0,10496000000.0,8192.0,8192.0,nan,nan,105.117,nan,nan,nan,nan,0.0,nvml_total_energy_counter,unavailable,0.9241069682329819,nan,-8.632818596215103,nan,4,0,valid_no_l2_count 2 < required 5; pure_fp16_candidate_count 2 < required 5; energy source is unavailable or undersampled; baseline elapsed_s is below 0.25s,test elapsed_s 0.536s < warning threshold 1s,,,,,,,False,False,no_quality_pass,nan,tensor_model_utilization_pct_mean,not_quality_pass,fp16-energy-bench-v2,fp16-energy-bench-v2,,,,,,0.5360142822265,,163.10784,1007.1022257375929,98.34982673218681,10496000000.0,,,,124.305,30.74867200677091,0.24767397829769233,0.7523260217023077,0.7752926643429885,,,,,1.1318317836422966,nan,14.354318729436912,nan,consumer,86,results/diagnostic_fp16_launch_shape_rtx3090_20260602_125100,"ga102
GeForce RTX 3090"
pair,launch_shape_tensor_mma_f16acc_t032_b08,8,NVIDIA GeForce RTX 3090,ampere,ga102,82,tensor_mma_f16acc,tensor_baseline_mov,32,256.0,8,8,mixed_or_unavailable,structural_baseline,False,False,False,False,False,False,True,True,True,fp16-energy-bench-v2,fp16-energy-bench-v2,True,logical_m16n16k16_input_bits_8192,True,bench_json_metadata,True,False,False,False,False,False,missing NCU validation row,missing NCU validation row,missing NCU validation row for tensor activity,,,,,,,,,,,,,True,True,True,159.47428566663888,0.539166748047,0.0677189102173,162.47808,1005.068920820816,98.15126179890781,99.0,10496000000.0,8192.0,8192.0,-0.19510540108244084,-36.89896463566964,103.442,-16.775792965724563,-0.16217583733613583,1.162175837336136,1.1983062238557143,0.0,nvml_total_energy_counter,nvml_total_energy_counter,0.9047286612743838,nan,-10.89283256106151,nan,4,0,valid_no_l2_count 2 < required 5; pure_fp16_candidate_count 2 < required 5; energy source is unavailable or undersampled; baseline elapsed_s is below 0.25s,test elapsed_s 0.536s < warning threshold 1s,,,,,,,False,False,no_quality_pass,nan,tensor_model_utilization_pct_mean,not_quality_pass,fp16-energy-bench-v2,fp16-energy-bench-v2,,,,,,0.5360142822265,,163.10784,1007.1022257375929,98.34982673218681,10496000000.0,,,,124.305,30.74867200677091,0.24767397829769233,0.7523260217023077,0.7752926643429885,,,,,1.1318317836422966,nan,14.354318729436912,nan,consumer,86,results/diagnostic_fp16_launch_shape_rtx3090_20260602_125100,"ga102
GeForce RTX 3090"
pair,launch_shape_tensor_mma_f16acc_t032_b08,9,NVIDIA GeForce RTX 3090,ampere,ga102,82,tensor_mma_f16acc,tensor_baseline_mov,32,256.0,8,8,mixed_or_unavailable,structural_baseline,False,False,False,False,False,False,True,True,True,fp16-energy-bench-v2,fp16-energy-bench-v2,True,logical_m16n16k16_input_bits_8192,True,bench_json_metadata,True,False,False,False,False,False,missing NCU validation row,missing NCU validation row,missing NCU validation row for tensor activity,,,,,,,,,,,,,True,True,True,159.37390240832647,0.539506347656,0.067719039917,162.47808,1004.4362665174668,98.08947915209637,99.0,10496000000.0,8192.0,8192.0,-0.17263960962296404,-34.41685640629103,125.296,-14.844111606600748,-0.1184723503272311,1.1184723503272311,1.1527334635741637,0.0,nvml_total_energy_counter,nvml_total_energy_counter,1.047673963450541,nan,5.701541827789228,nan,4,0,valid_no_l2_count 2 < required 5; pure_fp16_candidate_count 2 < required 5; energy source is unavailable or undersampled; baseline elapsed_s is below 0.25s,test elapsed_s 0.536s < warning threshold 1s,,,,,,,False,False,no_quality_pass,nan,tensor_model_utilization_pct_mean,not_quality_pass,fp16-energy-bench-v2,fp16-energy-bench-v2,,,,,,0.5360142822265,,163.10784,1007.1022257375929,98.34982673218681,10496000000.0,,,,124.305,30.74867200677091,0.24767397829769233,0.7523260217023077,0.7752926643429885,,,,,1.1318317836422966,nan,14.354318729436912,nan,consumer,86,results/diagnostic_fp16_launch_shape_rtx3090_20260602_125100,"ga102
GeForce RTX 3090"
pair,launch_shape_tensor_mma_f16acc_t064_b01,0,NVIDIA GeForce RTX 3090,ampere,ga102,82,tensor_mma_f16acc,tensor_baseline_mov,64,64.0,1,8,mixed_or_unavailable,structural_baseline,False,False,True,True,True,False,True,True,True,fp16-energy-bench-v2,fp16-energy-bench-v2,True,logical_m16n16k16_input_bits_8192,True,bench_json_metadata,True,False,False,False,False,False,missing NCU validation row,missing NCU validation row,missing NCU validation row for tensor activity,,,,,,,,,,,,,True,False,True,77.94271585539148,0.27578982543900005,0.0636076469421,163.7376,487.4466282388461,47.602209788949814,nan,2624000000.0,8192.0,8192.0,0.4303230982439019,27.752294407480832,50.243,9.250142697816052,0.1841080886455039,0.8158919113544961,0.8426654412255676,0.0,nvml_total_energy_counter,nvml_total_energy_counter,1.1813698203057619,nan,7.713557367889997,nan,2,0,valid_no_l2_count 1 < required 5; pure_fp16_candidate_count 1 < required 5; energy source is unavailable or undersampled; baseline elapsed_s is below 0.25s,test elapsed_s 0.2758s < warning threshold 1s,,,,,,,False,False,no_quality_pass,nan,tensor_model_utilization_pct_mean,not_quality_pass,fp16-energy-bench-v2,fp16-energy-bench-v2,,,,,,0.27578982543900005,,163.7376,487.4466282388461,47.602209788949814,2624000000.0,,,,50.243,9.250142697816052,0.1841080886455039,0.8158919113544961,0.8426654412255676,,,,,1.1813698203057619,nan,7.713557367889997,nan,consumer,86,results/diagnostic_fp16_launch_shape_rtx3090_20260602_125100,"ga102
GeForce RTX 3090"
pair,launch_shape_tensor_mma_f16acc_t064_b01,1,NVIDIA GeForce RTX 3090,ampere,ga102,82,tensor_mma_f16acc,tensor_baseline_mov,64,64.0,1,8,mixed_or_unavailable,structural_baseline,False,False,False,False,False,False,True,True,True,fp16-energy-bench-v2,fp16-energy-bench-v2,True,logical_m16n16k16_input_bits_8192,True,bench_json_metadata,True,False,False,False,False,False,missing NCU validation row,missing NCU validation row,missing NCU validation row for tensor activity,,,,,,,,,,,,,True,False,True,77.87191913597057,0.276040557861,0.06533507537840001,162.47808,490.7790958339357,47.92764607753278,nan,2624000000.0,8192.0,8192.0,-0.36804422757700017,-34.093953377811545,48.464,-7.9114080515035,-0.1632429855460445,1.1632429855460444,1.2003938132344518,0.0,nvml_total_energy_counter,nvml_total_energy_counter,1.0948535042173138,nan,4.198717189725002,nan,2,0,valid_no_l2_count 1 < required 5; pure_fp16_candidate_count 1 < required 5; energy source is unavailable or undersampled; baseline elapsed_s is below 0.25s,test elapsed_s 0.2758s < warning threshold 1s,,,,,,,False,False,no_quality_pass,nan,tensor_model_utilization_pct_mean,not_quality_pass,fp16-energy-bench-v2,fp16-energy-bench-v2,,,,,,0.27578982543900005,,163.7376,487.4466282388461,47.602209788949814,2624000000.0,,,,50.243,9.250142697816052,0.1841080886455039,0.8158919113544961,0.8426654412255676,,,,,1.1813698203057619,nan,7.713557367889997,nan,consumer,86,results/diagnostic_fp16_launch_shape_rtx3090_20260602_125100,"ga102
GeForce RTX 3090"
pair,launch_shape_tensor_mma_f16acc_t064_b01,2,NVIDIA GeForce RTX 3090,ampere,ga102,82,tensor_mma_f16acc,tensor_baseline_mov,64,64.0,1,8,mixed_or_unavailable,structural_baseline,False,False,False,False,False,False,True,True,True,fp16-energy-bench-v2,fp16-energy-bench-v2,True,logical_m16n16k16_input_bits_8192,True,bench_json_metadata,True,False,False,False,False,False,missing NCU validation row,missing NCU validation row,missing NCU validation row for tensor activity,,,,,,,,,,,,,True,False,True,76.76610762689668,0.280016906738,0.0645895996094,162.47808,483.8098419795594,47.24705488081634,nan,2624000000.0,8192.0,8192.0,-0.3022875370150221,-29.36078493162711,50.131,-6.497914856467808,-0.12961869614545507,1.129618696145455,1.169840074039414,0.0,nvml_total_energy_counter,nvml_total_energy_counter,1.0861935121607493,nan,3.978082091040008,nan,2,0,valid_no_l2_count 1 < required 5; pure_fp16_candidate_count 1 < required 5; energy source is unavailable or undersampled; baseline elapsed_s is below 0.25s,test elapsed_s 0.2758s < warning threshold 1s,,,,,,,False,False,no_quality_pass,nan,tensor_model_utilization_pct_mean,not_quality_pass,fp16-energy-bench-v2,fp16-energy-bench-v2,,,,,,0.27578982543900005,,163.7376,487.4466282388461,47.602209788949814,2624000000.0,,,,50.243,9.250142697816052,0.1841080886455039,0.8158919113544961,0.8426654412255676,,,,,1.1813698203057619,nan,7.713557367889997,nan,consumer,86,results/diagnostic_fp16_launch_shape_rtx3090_20260602_125100,"ga102
GeForce RTX 3090"
pair,launch_shape_tensor_mma_f16acc_t064_b01,3,NVIDIA GeForce RTX 3090,ampere,ga102,82,tensor_mma_f16acc,tensor_baseline_mov,64,64.0,1,8,mixed_or_unavailable,structural_baseline,False,False,False,False,False,False,True,True,True,fp16-energy-bench-v2,fp16-energy-bench-v2,True,logical_m16n16k16_input_bits_8192,True,bench_json_metadata,True,False,False,False,False,False,missing NCU validation row,missing NCU validation row,missing NCU validation row for tensor activity,,,,,,,,,,,,,True,False,True,77.00942486993752,0.279132171631,0.066568862915,162.47808,485.3433217995684,47.3968087694891,nan,2624000000.0,8192.0,8192.0,-1.1215595640156035,-89.88950237993144,31.936,-24.108829048643123,-0.7549107292285547,1.7549107292285546,1.8105974263395208,0.0,nvml_total_energy_counter,nvml_total_energy_counter,0.6964322285440393,nan,-13.920579708790008,nan,2,0,valid_no_l2_count 1 < required 5; pure_fp16_candidate_count 1 < required 5; energy source is unavailable or undersampled; baseline elapsed_s is below 0.25s,test elapsed_s 0.2758s < warning threshold 1s,,,,,,,False,False,no_quality_pass,nan,tensor_model_utilization_pct_mean,not_quality_pass,fp16-energy-bench-v2,fp16-energy-bench-v2,,,,,,0.27578982543900005,,163.7376,487.4466282388461,47.602209788949814,2624000000.0,,,,50.243,9.250142697816052,0.1841080886455039,0.8158919113544961,0.8426654412255676,,,,,1.1813698203057619,nan,7.713557367889997,nan,consumer,86,results/diagnostic_fp16_launch_shape_rtx3090_20260602_125100,"ga102
GeForce RTX 3090"
pair,launch_shape_tensor_mma_f16acc_t064_b01,4,NVIDIA GeForce RTX 3090,ampere,ga102,82,tensor_mma_f16acc,tensor_baseline_mov,64,64.0,1,8,mixed_or_unavailable,structural_baseline,False,False,False,False,False,False,True,True,True,fp16-energy-bench-v2,fp16-energy-bench-v2,True,logical_m16n16k16_input_bits_8192,True,bench_json_metadata,True,False,False,False,False,False,missing NCU validation row,missing NCU validation row,missing NCU validation row for tensor activity,,,,,,,,,,,,,True,False,True,76.6634979845273,0.280391693115,0.06458953857420001,162.47808,483.1631561386985,47.18390196666978,nan,2624000000.0,8192.0,8192.0,-0.3131840974379698,-29.641060067605707,50.205,-6.732145227179892,-0.13409312274036236,1.1340931227403623,1.1709188600218705,0.0,nvml_total_energy_counter,nvml_total_energy_counter,1.0682160856778655,nan,3.20608220319388,nan,3,0,valid_no_l2_count 1 < required 5; pure_fp16_candidate_count 1 < required 5; energy source is unavailable or undersampled; baseline elapsed_s is below 0.25s,test elapsed_s 0.2758s < warning threshold 1s,,,,,,,False,False,no_quality_pass,nan,tensor_model_utilization_pct_mean,not_quality_pass,fp16-energy-bench-v2,fp16-energy-bench-v2,,,,,,0.27578982543900005,,163.7376,487.4466282388461,47.602209788949814,2624000000.0,,,,50.243,9.250142697816052,0.1841080886455039,0.8158919113544961,0.8426654412255676,,,,,1.1813698203057619,nan,7.713557367889997,nan,consumer,86,results/diagnostic_fp16_launch_shape_rtx3090_20260602_125100,"ga102
GeForce RTX 3090"
pair,launch_shape_tensor_mma_f16acc_t064_b01,5,NVIDIA GeForce RTX 3090,ampere,ga102,82,tensor_mma_f16acc,tensor_baseline_mov,64,64.0,1,8,mixed_or_unavailable,structural_baseline,False,False,False,False,False,False,True,True,True,fp16-energy-bench-v2,fp16-energy-bench-v2,True,logical_m16n16k16_input_bits_8192,True,bench_json_metadata,True,False,False,False,False,False,missing NCU validation row,missing NCU validation row,missing NCU validation row for tensor activity,,,,,,,,,,,,,True,False,True,76.95550235749256,0.27932775878899996,0.06551039886469999,162.47808,485.00348117156716,47.36362120816086,nan,2624000000.0,8192.0,8192.0,-0.1470676542970905,-17.184576097286026,51.673,-3.1613380597806326,-0.06117968880809383,1.0611796888080938,1.0959369445301346,0.0,nvml_total_energy_counter,nvml_total_energy_counter,1.084783501649715,nan,4.038610353202429,nan,3,0,valid_no_l2_count 1 < required 5; pure_fp16_candidate_count 1 < required 5; energy source is unavailable or undersampled; baseline elapsed_s is below 0.25s,test elapsed_s 0.2758s < warning threshold 1s,,,,,,,False,False,no_quality_pass,nan,tensor_model_utilization_pct_mean,not_quality_pass,fp16-energy-bench-v2,fp16-energy-bench-v2,,,,,,0.27578982543900005,,163.7376,487.4466282388461,47.602209788949814,2624000000.0,,,,50.243,9.250142697816052,0.1841080886455039,0.8158919113544961,0.8426654412255676,,,,,1.1813698203057619,nan,7.713557367889997,nan,consumer,86,results/diagnostic_fp16_launch_shape_rtx3090_20260602_125100,"ga102
GeForce RTX 3090"
pair,launch_shape_tensor_mma_f16acc_t064_b01,6,NVIDIA GeForce RTX 3090,ampere,ga102,82,tensor_mma_f16acc,tensor_baseline_mov,64,64.0,1,8,mixed_or_unavailable,structural_baseline,False,False,False,False,False,False,True,True,True,fp16-energy-bench-v2,fp16-energy-bench-v2,True,logical_m16n16k16_input_bits_8192,True,bench_json_metadata,True,False,False,False,False,False,missing NCU validation row,missing NCU validation row,missing NCU validation row for tensor activity,,,,,,,,,,,,,True,False,True,76.70950093395449,0.28022354126,0.06458982086180001,162.47808,483.45308460297775,47.212215293259554,nan,2624000000.0,8192.0,8192.0,-0.3293130798948263,-32.124826696529595,52.759,-7.078850737307846,-0.13417333037600876,1.1341733303760086,1.1770828277182714,0.0,nvml_total_energy_counter,nvml_total_energy_counter,1.1083150216918836,nan,5.156108252253539,nan,3,0,valid_no_l2_count 1 < required 5; pure_fp16_candidate_count 1 < required 5; energy source is unavailable or undersampled; baseline elapsed_s is below 0.25s,test elapsed_s 0.2758s < warning threshold 1s,,,,,,,False,False,no_quality_pass,nan,tensor_model_utilization_pct_mean,not_quality_pass,fp16-energy-bench-v2,fp16-energy-bench-v2,,,,,,0.27578982543900005,,163.7376,487.4466282388461,47.602209788949814,2624000000.0,,,,50.243,9.250142697816052,0.1841080886455039,0.8158919113544961,0.8426654412255676,,,,,1.1813698203057619,nan,7.713557367889997,nan,consumer,86,results/diagnostic_fp16_launch_shape_rtx3090_20260602_125100,"ga102
GeForce RTX 3090"
pair,launch_shape_tensor_mma_f16acc_t064_b01,7,NVIDIA GeForce RTX 3090,ampere,ga102,82,tensor_mma_f16acc,tensor_baseline_mov,64,64.0,1,8,mixed_or_unavailable,structural_baseline,False,False,False,False,False,False,True,True,True,fp16-energy-bench-v2,fp16-energy-bench-v2,True,logical_m16n16k16_input_bits_8192,True,bench_json_metadata,True,False,False,False,False,False,missing NCU validation row,missing NCU validation row,missing NCU validation row for tensor activity,,,,,,,,,,,,,True,False,True,77.02524827899624,0.27907482910200004,0.06636544036870001,162.47808,485.44304707251683,47.406547565675474,nan,2624000000.0,8192.0,8192.0,-0.08262924323902643,-12.284849442072925,52.332,-1.7761823478514103,-0.0339406548163917,1.0339406548163916,1.0676481148116825,0.0,nvml_total_energy_counter,nvml_total_energy_counter,1.1064230137693518,nan,5.033634592979212,nan,3,0,valid_no_l2_count 1 < required 5; pure_fp16_candidate_count 1 < required 5; energy source is unavailable or undersampled; baseline elapsed_s is below 0.25s,test elapsed_s 0.2758s < warning threshold 1s,,,,,,,False,False,no_quality_pass,nan,tensor_model_utilization_pct_mean,not_quality_pass,fp16-energy-bench-v2,fp16-energy-bench-v2,,,,,,0.27578982543900005,,163.7376,487.4466282388461,47.602209788949814,2624000000.0,,,,50.243,9.250142697816052,0.1841080886455039,0.8158919113544961,0.8426654412255676,,,,,1.1813698203057619,nan,7.713557367889997,nan,consumer,86,results/diagnostic_fp16_launch_shape_rtx3090_20260602_125100,"ga102
GeForce RTX 3090"
pair,launch_shape_tensor_mma_f16acc_t064_b01,8,NVIDIA GeForce RTX 3090,ampere,ga102,82,tensor_mma_f16acc,tensor_baseline_mov,64,64.0,1,8,mixed_or_unavailable,structural_baseline,False,False,False,False,False,False,True,True,True,fp16-energy-bench-v2,fp16-energy-bench-v2,True,logical_m16n16k16_input_bits_8192,True,bench_json_metadata,True,False,False,False,False,False,missing NCU validation row,missing NCU validation row,missing NCU validation row for tensor activity,,,,,,,,,,,,,True,False,True,77.2864497123027,0.278131652832,0.06549600219730001,162.47808,487.08924000947064,47.56730859467486,nan,2624000000.0,8192.0,8192.0,-0.031160890752575967,-7.873640479648884,50.563,-0.6698285247263485,-0.013247404717408944,1.013247404717409,1.0446529008789704,0.0,nvml_total_energy_counter,nvml_total_energy_counter,1.1453710692007693,nan,6.417481259700004,nan,2,0,valid_no_l2_count 1 < required 5; pure_fp16_candidate_count 1 < required 5; energy source is unavailable or undersampled; baseline elapsed_s is below 0.25s,test elapsed_s 0.2758s < warning threshold 1s,,,,,,,False,False,no_quality_pass,nan,tensor_model_utilization_pct_mean,not_quality_pass,fp16-energy-bench-v2,fp16-energy-bench-v2,,,,,,0.27578982543900005,,163.7376,487.4466282388461,47.602209788949814,2624000000.0,,,,50.243,9.250142697816052,0.1841080886455039,0.8158919113544961,0.8426654412255676,,,,,1.1813698203057619,nan,7.713557367889997,nan,consumer,86,results/diagnostic_fp16_launch_shape_rtx3090_20260602_125100,"ga102
GeForce RTX 3090"
pair,launch_shape_tensor_mma_f16acc_t064_b01,9,NVIDIA GeForce RTX 3090,ampere,ga102,82,tensor_mma_f16acc,tensor_baseline_mov,64,64.0,1,8,mixed_or_unavailable,structural_baseline,False,False,False,False,False,False,True,True,True,fp16-energy-bench-v2,fp16-energy-bench-v2,True,logical_m16n16k16_input_bits_8192,True,bench_json_metadata,True,False,False,False,False,False,missing NCU validation row,missing NCU validation row,missing NCU validation row for tensor activity,,,,,,,,,,,,,True,False,True,77.03120374159037,0.27905325317400004,0.0645928955078,162.47808,485.48058071210926,47.410212960166916,nan,2624000000.0,8192.0,8192.0,nan,nan,50.436,nan,nan,nan,nan,0.0,nvml_total_energy_counter,unavailable,1.0595828212504945,nan,2.836134290138233,nan,3,0,valid_no_l2_count 1 < required 5; pure_fp16_candidate_count 1 < required 5; energy source is unavailable or undersampled; baseline elapsed_s is below 0.25s,test elapsed_s 0.2758s < warning threshold 1s,,,,,,,False,False,no_quality_pass,nan,tensor_model_utilization_pct_mean,not_quality_pass,fp16-energy-bench-v2,fp16-energy-bench-v2,,,,,,0.27578982543900005,,163.7376,487.4466282388461,47.602209788949814,2624000000.0,,,,50.243,9.250142697816052,0.1841080886455039,0.8158919113544961,0.8426654412255676,,,,,1.1813698203057619,nan,7.713557367889997,nan,consumer,86,results/diagnostic_fp16_launch_shape_rtx3090_20260602_125100,"ga102
GeForce RTX 3090"
pair,launch_shape_tensor_mma_f16acc_t064_b02,0,NVIDIA GeForce RTX 3090,ampere,ga102,82,tensor_mma_f16acc,tensor_baseline_mov,64,128.0,2,8,mixed_or_unavailable,structural_baseline,False,False,False,False,False,False,True,True,True,fp16-energy-bench-v2,fp16-energy-bench-v2,True,logical_m16n16k16_input_bits_8192,True,bench_json_metadata,True,False,False,False,False,False,missing NCU validation row,missing NCU validation row,missing NCU validation row for tensor activity,,,,,,,,,,,,,True,False,True,155.21919916104443,0.276973571777,0.0636651535034,163.7376,970.7266989433673,94.79752919368822,nan,5248000000.0,8192.0,8192.0,0.028273191920716135,-2.3124018865634355,59.333,1.2155102101497306,0.020486242228603485,0.9795137577713965,1.0111431361465613,0.0,nvml_total_energy_counter,nvml_total_energy_counter,1.2629747409383694,nan,12.354229897348098,nan,3,0,valid_no_l2_count 4 < required 5; pure_fp16_candidate_count 4 < required 5; energy source is unavailable or undersampled; baseline elapsed_s is below 0.25s,test elapsed_s 0.2796s < warning threshold 1s,,,,,,,False,False,no_quality_pass,nan,tensor_model_utilization_pct_mean,not_quality_pass,fp16-energy-bench-v2,fp16-energy-bench-v2,,,,,,0.2795890808105,,162.47808,969.1078665089707,94.63944008876666,5248000000.0,,,,60.9775,7.482267285352499,0.1224783382220199,0.8775216617779801,0.9079608650056508,,,,,1.2018916368062944,nan,10.234861065358771,nan,consumer,86,results/diagnostic_fp16_launch_shape_rtx3090_20260602_125100,"ga102
GeForce RTX 3090"
pair,launch_shape_tensor_mma_f16acc_t064_b02,1,NVIDIA GeForce RTX 3090,ampere,ga102,82,tensor_mma_f16acc,tensor_baseline_mov,64,128.0,2,8,mixed_or_unavailable,structural_baseline,False,False,False,False,False,False,True,True,True,fp16-energy-bench-v2,fp16-energy-bench-v2,True,logical_m16n16k16_input_bits_8192,True,bench_json_metadata,True,False,False,False,False,False,missing NCU validation row,missing NCU validation row,missing NCU validation row for tensor activity,,,,,,,,,,,,,True,False,True,154.60930475656937,0.278066162109,0.06413404846189999,162.47808,974.4079205682824,95.15702349299633,nan,5248000000.0,8192.0,8192.0,nan,nan,37.438,nan,nan,nan,nan,0.0,nvml_total_energy_counter,unavailable,0.7651085002434318,nan,-11.493622100771965,nan,3,0,valid_no_l2_count 4 < required 5; pure_fp16_candidate_count 4 < required 5; energy source is unavailable or undersampled; baseline elapsed_s is below 0.25s,test elapsed_s 0.2796s < warning threshold 1s,,,,,,,False,False,no_quality_pass,nan,tensor_model_utilization_pct_mean,not_quality_pass,fp16-energy-bench-v2,fp16-energy-bench-v2,,,,,,0.2795890808105,,162.47808,969.1078665089707,94.63944008876666,5248000000.0,,,,60.9775,7.482267285352499,0.1224783382220199,0.8775216617779801,0.9079608650056508,,,,,1.2018916368062944,nan,10.234861065358771,nan,consumer,86,results/diagnostic_fp16_launch_shape_rtx3090_20260602_125100,"ga102
GeForce RTX 3090"
pair,launch_shape_tensor_mma_f16acc_t064_b02,2,NVIDIA GeForce RTX 3090,ampere,ga102,82,tensor_mma_f16acc,tensor_baseline_mov,64,128.0,2,8,mixed_or_unavailable,structural_baseline,False,False,False,False,False,False,True,True,True,fp16-energy-bench-v2,fp16-energy-bench-v2,True,logical_m16n16k16_input_bits_8192,True,bench_json_metadata,True,False,False,False,False,False,missing NCU validation row,missing NCU validation row,missing NCU validation row for tensor activity,,,,,,,,,,,,,True,False,True,153.8613818366285,0.27941784668,0.06547119903559999,162.47808,969.6942196800183,94.6967011406268,nan,5248000000.0,8192.0,8192.0,0.012813508808414358,-4.682454772227715,62.098,0.5508734503039676,0.008871033693580593,0.9911289663064194,1.0217195924754536,0.0,nvml_total_energy_counter,nvml_total_energy_counter,1.2236380918586314,nan,11.349334677169999,nan,2,0,valid_no_l2_count 4 < required 5; pure_fp16_candidate_count 4 < required 5; energy source is unavailable or undersampled; baseline elapsed_s is below 0.25s,test elapsed_s 0.2796s < warning threshold 1s,,,,,,,False,False,no_quality_pass,nan,tensor_model_utilization_pct_mean,not_quality_pass,fp16-energy-bench-v2,fp16-energy-bench-v2,,,,,,0.2795890808105,,162.47808,969.1078665089707,94.63944008876666,5248000000.0,,,,60.9775,7.482267285352499,0.1224783382220199,0.8775216617779801,0.9079608650056508,,,,,1.2018916368062944,nan,10.234861065358771,nan,consumer,86,results/diagnostic_fp16_launch_shape_rtx3090_20260602_125100,"ga102
GeForce RTX 3090"
pair,launch_shape_tensor_mma_f16acc_t064_b02,3,NVIDIA GeForce RTX 3090,ampere,ga102,82,tensor_mma_f16acc,tensor_baseline_mov,64,128.0,2,8,mixed_or_unavailable,structural_baseline,False,False,False,False,False,False,True,True,True,fp16-energy-bench-v2,fp16-energy-bench-v2,True,logical_m16n16k16_input_bits_8192,True,bench_json_metadata,True,False,False,False,False,False,missing NCU validation row,missing NCU validation row,missing NCU validation row for tensor activity,,,,,,,,,,,,,True,False,True,153.5530000472249,0.279979003906,0.0650557403564,162.47808,967.7506778044047,94.5069021293364,nan,5248000000.0,8192.0,8192.0,0.005103263091026269,-5.781103792633587,59.718,0.2193975271563744,0.003673892748524304,0.9963261072514757,1.0279645346873048,0.0,nvml_total_energy_counter,nvml_total_energy_counter,1.1913073918025525,nan,9.589879910321521,nan,3,0,valid_no_l2_count 4 < required 5; pure_fp16_candidate_count 4 < required 5; energy source is unavailable or undersampled; baseline elapsed_s is below 0.25s,test elapsed_s 0.2796s < warning threshold 1s,,,,,,,False,False,no_quality_pass,nan,tensor_model_utilization_pct_mean,not_quality_pass,fp16-energy-bench-v2,fp16-energy-bench-v2,,,,,,0.2795890808105,,162.47808,969.1078665089707,94.63944008876666,5248000000.0,,,,60.9775,7.482267285352499,0.1224783382220199,0.8775216617779801,0.9079608650056508,,,,,1.2018916368062944,nan,10.234861065358771,nan,consumer,86,results/diagnostic_fp16_launch_shape_rtx3090_20260602_125100,"ga102
GeForce RTX 3090"
pair,launch_shape_tensor_mma_f16acc_t064_b02,4,NVIDIA GeForce RTX 3090,ampere,ga102,82,tensor_mma_f16acc,tensor_baseline_mov,64,128.0,2,8,mixed_or_unavailable,structural_baseline,False,False,True,True,True,False,True,True,True,fp16-energy-bench-v2,fp16-energy-bench-v2,True,logical_m16n16k16_input_bits_8192,True,bench_json_metadata,True,False,False,False,False,False,missing NCU validation row,missing NCU validation row,missing NCU validation row for tensor activity,,,,,,,,,,,,,True,False,True,153.4089610142409,0.280241882324,0.0655032348633,162.47808,966.8428878442106,94.4182507660362,nan,5248000000.0,8192.0,8192.0,0.11976191793019848,11.003187408376505,60.258,5.148758387078608,0.08544522531578559,0.9145547746842144,0.9470114140245068,0.0,nvml_total_energy_counter,nvml_total_energy_counter,1.1885027180174634,nan,9.557232482601194,nan,3,0,valid_no_l2_count 4 < required 5; pure_fp16_candidate_count 4 < required 5; energy source is unavailable or undersampled; baseline elapsed_s is below 0.25s,test elapsed_s 0.2796s < warning threshold 1s,,,,,,,False,False,no_quality_pass,nan,tensor_model_utilization_pct_mean,not_quality_pass,fp16-energy-bench-v2,fp16-energy-bench-v2,,,,,,0.2795890808105,,162.47808,969.1078665089707,94.63944008876666,5248000000.0,,,,60.9775,7.482267285352499,0.1224783382220199,0.8775216617779801,0.9079608650056508,,,,,1.2018916368062944,nan,10.234861065358771,nan,consumer,86,results/diagnostic_fp16_launch_shape_rtx3090_20260602_125100,"ga102
GeForce RTX 3090"
pair,launch_shape_tensor_mma_f16acc_t064_b02,5,NVIDIA GeForce RTX 3090,ampere,ga102,82,tensor_mma_f16acc,tensor_baseline_mov,64,128.0,2,8,mixed_or_unavailable,structural_baseline,False,False,True,True,True,False,True,True,True,fp16-energy-bench-v2,fp16-energy-bench-v2,True,logical_m16n16k16_input_bits_8192,True,bench_json_metadata,True,False,False,False,False,False,missing NCU validation row,missing NCU validation row,missing NCU validation row for tensor activity,,,,,,,,,,,,,True,False,True,153.88185243868443,0.27938067626999996,0.064608253479,162.47808,969.8232333691589,94.70930013370692,nan,5248000000.0,8192.0,8192.0,0.16522850563073682,18.31584056556099,60.476,7.1034404663304755,0.11745883435297433,0.8825411656470257,0.9125128668719619,0.0,nvml_total_energy_counter,nvml_total_energy_counter,1.1837627300918518,nan,9.388059433305962,nan,3,0,valid_no_l2_count 4 < required 5; pure_fp16_candidate_count 4 < required 5; energy source is unavailable or undersampled; baseline elapsed_s is below 0.25s,test elapsed_s 0.2796s < warning threshold 1s,,,,,,,False,False,no_quality_pass,nan,tensor_model_utilization_pct_mean,not_quality_pass,fp16-energy-bench-v2,fp16-energy-bench-v2,,,,,,0.2795890808105,,162.47808,969.1078665089707,94.63944008876666,5248000000.0,,,,60.9775,7.482267285352499,0.1224783382220199,0.8775216617779801,0.9079608650056508,,,,,1.2018916368062944,nan,10.234861065358771,nan,consumer,86,results/diagnostic_fp16_launch_shape_rtx3090_20260602_125100,"ga102
GeForce RTX 3090"
pair,launch_shape_tensor_mma_f16acc_t064_b02,6,NVIDIA GeForce RTX 3090,ampere,ga102,82,tensor_mma_f16acc,tensor_baseline_mov,64,128.0,2,8,mixed_or_unavailable,structural_baseline,False,False,True,True,True,False,True,True,True,fp16-energy-bench-v2,fp16-energy-bench-v2,True,logical_m16n16k16_input_bits_8192,True,bench_json_metadata,True,False,False,False,False,False,missing NCU validation row,missing NCU validation row,missing NCU validation row for tensor activity,,,,,,,,,,,,,True,False,True,153.3601454457367,0.280331085205,0.06458982086180001,162.47808,966.5352331615094,94.38820636342865,nan,5248000000.0,8192.0,8192.0,0.1921028263456304,21.611288279801244,61.559,8.258810942766026,0.13416090161903257,0.8658390983809674,0.8979368516624185,0.0,nvml_total_energy_counter,nvml_total_energy_counter,1.1989618905623183,nan,10.215416451127929,nan,3,0,valid_no_l2_count 4 < required 5; pure_fp16_candidate_count 4 < required 5; energy source is unavailable or undersampled; baseline elapsed_s is below 0.25s,test elapsed_s 0.2796s < warning threshold 1s,,,,,,,False,False,no_quality_pass,nan,tensor_model_utilization_pct_mean,not_quality_pass,fp16-energy-bench-v2,fp16-energy-bench-v2,,,,,,0.2795890808105,,162.47808,969.1078665089707,94.63944008876666,5248000000.0,,,,60.9775,7.482267285352499,0.1224783382220199,0.8775216617779801,0.9079608650056508,,,,,1.2018916368062944,nan,10.234861065358771,nan,consumer,86,results/diagnostic_fp16_launch_shape_rtx3090_20260602_125100,"ga102
GeForce RTX 3090"
pair,launch_shape_tensor_mma_f16acc_t064_b02,7,NVIDIA GeForce RTX 3090,ampere,ga102,82,tensor_mma_f16acc,tensor_baseline_mov,64,128.0,2,8,mixed_or_unavailable,structural_baseline,False,False,True,True,True,False,True,True,True,fp16-energy-bench-v2,fp16-energy-bench-v2,True,logical_m16n16k16_input_bits_8192,True,bench_json_metadata,True,False,False,False,False,False,missing NCU validation row,missing NCU validation row,missing NCU validation row for tensor activity,,,,,,,,,,,,,True,False,True,154.4224218172515,0.278402679443,0.0655861740112,162.47808,973.230111661004,95.04200309189491,nan,5248000000.0,8192.0,8192.0,0.2190673489741555,26.936281978677016,61.617,9.418059345234887,0.15284839160028707,0.8471516083997129,0.8743823274637156,0.0,nvml_total_energy_counter,nvml_total_energy_counter,1.2363392085535438,nan,11.7787358944,nan,2,0,valid_no_l2_count 4 < required 5; pure_fp16_candidate_count 4 < required 5; energy source is unavailable or undersampled; baseline elapsed_s is below 0.25s,test elapsed_s 0.2796s < warning threshold 1s,,,,,,,False,False,no_quality_pass,nan,tensor_model_utilization_pct_mean,not_quality_pass,fp16-energy-bench-v2,fp16-energy-bench-v2,,,,,,0.2795890808105,,162.47808,969.1078665089707,94.63944008876666,5248000000.0,,,,60.9775,7.482267285352499,0.1224783382220199,0.8775216617779801,0.9079608650056508,,,,,1.2018916368062944,nan,10.234861065358771,nan,consumer,86,results/diagnostic_fp16_launch_shape_rtx3090_20260602_125100,"ga102
GeForce RTX 3090"
pair,launch_shape_tensor_mma_f16acc_t064_b02,8,NVIDIA GeForce RTX 3090,ampere,ga102,82,tensor_mma_f16acc,tensor_baseline_mov,64,128.0,2,8,mixed_or_unavailable,structural_baseline,False,False,False,False,False,False,True,True,True,fp16-energy-bench-v2,fp16-energy-bench-v2,True,logical_m16n16k16_input_bits_8192,True,bench_json_metadata,True,False,False,False,False,False,missing NCU validation row,missing NCU validation row,missing NCU validation row for tensor activity,,,,,,,,,,,,,True,False,True,153.87208704725973,0.27939840698199997,0.06459391784669999,162.47808,969.7616880775176,94.70328985132008,nan,5248000000.0,8192.0,8192.0,nan,nan,64.665,nan,nan,nan,nan,0.0,nvml_total_energy_counter,unavailable,1.2959971900734168,nan,14.769058484620018,nan,2,0,valid_no_l2_count 4 < required 5; pure_fp16_candidate_count 4 < required 5; energy source is unavailable or undersampled; baseline elapsed_s is below 0.25s,test elapsed_s 0.2796s < warning threshold 1s,,,,,,,False,False,no_quality_pass,nan,tensor_model_utilization_pct_mean,not_quality_pass,fp16-energy-bench-v2,fp16-energy-bench-v2,,,,,,0.2795890808105,,162.47808,969.1078665089707,94.63944008876666,5248000000.0,,,,60.9775,7.482267285352499,0.1224783382220199,0.8775216617779801,0.9079608650056508,,,,,1.2018916368062944,nan,10.234861065358771,nan,consumer,86,results/diagnostic_fp16_launch_shape_rtx3090_20260602_125100,"ga102
GeForce RTX 3090"
pair,launch_shape_tensor_mma_f16acc_t064_b02,9,NVIDIA GeForce RTX 3090,ampere,ga102,82,tensor_mma_f16acc,tensor_baseline_mov,64,128.0,2,8,mixed_or_unavailable,structural_baseline,False,False,False,False,False,False,True,True,True,fp16-energy-bench-v2,fp16-energy-bench-v2,True,logical_m16n16k16_input_bits_8192,True,bench_json_metadata,True,False,False,False,False,False,missing NCU validation row,missing NCU validation row,missing NCU validation row for tensor activity,,,,,,,,,,,,,True,False,True,153.4946261424283,0.280085479736,0.0648560638428,162.47808,967.3827827719689,94.47097488007509,nan,5248000000.0,8192.0,8192.0,nan,nan,60.369,nan,nan,nan,nan,0.0,nvml_total_energy_counter,unavailable,1.2103897766878797,nan,10.493330886869998,nan,2,0,valid_no_l2_count 4 < required 5; pure_fp16_candidate_count 4 < required 5; energy source is unavailable or undersampled; baseline elapsed_s is below 0.25s,test elapsed_s 0.2796s < warning threshold 1s,,,,,,,False,False,no_quality_pass,nan,tensor_model_utilization_pct_mean,not_quality_pass,fp16-energy-bench-v2,fp16-energy-bench-v2,,,,,,0.2795890808105,,162.47808,969.1078665089707,94.63944008876666,5248000000.0,,,,60.9775,7.482267285352499,0.1224783382220199,0.8775216617779801,0.9079608650056508,,,,,1.2018916368062944,nan,10.234861065358771,nan,consumer,86,results/diagnostic_fp16_launch_shape_rtx3090_20260602_125100,"ga102
GeForce RTX 3090"
pair,launch_shape_tensor_mma_f16acc_t064_b04,0,NVIDIA GeForce RTX 3090,ampere,ga102,82,tensor_mma_f16acc,tensor_baseline_mov,64,256.0,4,8,mixed_or_unavailable,structural_baseline,False,False,False,False,False,False,True,True,True,fp16-energy-bench-v2,fp16-energy-bench-v2,True,logical_m16n16k16_input_bits_8192,True,bench_json_metadata,True,False,False,False,False,False,missing NCU validation row,missing NCU validation row,missing NCU validation row for tensor activity,,,,,,,,,,,,,True,True,True,161.62207880768437,0.5320017700199999,0.0667760620117,163.7376,1010.7697236252932,98.70798082278253,99.0,10496000000.0,8192.0,8192.0,nan,nan,119.328,nan,nan,nan,nan,0.0,nvml_total_energy_counter,unavailable,1.1262729518268908,nan,13.378549818814406,nan,4,0,valid_no_l2_count 3 < required 5; pure_fp16_candidate_count 3 < required 5; energy source is unavailable or undersampled; baseline elapsed_s is below 0.25s,test elapsed_s 0.5391s < warning threshold 1s,,,,,,,False,False,no_quality_pass,nan,tensor_model_utilization_pct_mean,not_quality_pass,fp16-energy-bench-v2,fp16-energy-bench-v2,,,,,,0.539096415202,,162.47808,1005.2025389939923,98.16431044863207,10496000000.0,,,,118.81933333333335,23.23655042581124,0.1963100254372048,0.8036899745627952,0.8293900984615834,,,,,1.0422885697500412,nan,5.049997390043312,nan,consumer,86,results/diagnostic_fp16_launch_shape_rtx3090_20260602_125100,"ga102
GeForce RTX 3090"
pair,launch_shape_tensor_mma_f16acc_t064_b04,1,NVIDIA GeForce RTX 3090,ampere,ga102,82,tensor_mma_f16acc,tensor_baseline_mov,64,256.0,4,8,mixed_or_unavailable,structural_baseline,False,False,True,True,True,False,True,True,True,fp16-energy-bench-v2,fp16-energy-bench-v2,True,logical_m16n16k16_input_bits_8192,True,bench_json_metadata,True,False,False,False,False,False,missing NCU validation row,missing NCU validation row,missing NCU validation row for tensor activity,,,,,,,,,,,,,True,True,True,159.8221464300734,0.5379932250980001,0.06739529418950001,162.47808,1007.2612745325101,98.36535884106544,99.0,10496000000.0,8192.0,8192.0,0.25477077664407366,35.074567980615484,101.789,21.906014795007565,0.21521004032859703,0.784789959671403,0.8089181522196484,0.0,nvml_total_energy_counter,nvml_total_energy_counter,0.9283038379426684,nan,-7.8615215637021265,nan,4,0,valid_no_l2_count 3 < required 5; pure_fp16_candidate_count 3 < required 5; energy source is unavailable or undersampled; baseline elapsed_s is below 0.25s,test elapsed_s 0.5391s < warning threshold 1s,,,,,,,False,False,no_quality_pass,nan,tensor_model_utilization_pct_mean,not_quality_pass,fp16-energy-bench-v2,fp16-energy-bench-v2,,,,,,0.539096415202,,162.47808,1005.2025389939923,98.16431044863207,10496000000.0,,,,118.81933333333335,23.23655042581124,0.1963100254372048,0.8036899745627952,0.8293900984615834,,,,,1.0422885697500412,nan,5.049997390043312,nan,consumer,86,results/diagnostic_fp16_launch_shape_rtx3090_20260602_125100,"ga102
GeForce RTX 3090"
pair,launch_shape_tensor_mma_f16acc_t064_b04,2,NVIDIA GeForce RTX 3090,ampere,ga102,82,tensor_mma_f16acc,tensor_baseline_mov,64,256.0,4,8,mixed_or_unavailable,structural_baseline,False,False,False,False,False,False,True,True,True,fp16-energy-bench-v2,fp16-energy-bench-v2,True,logical_m16n16k16_input_bits_8192,True,bench_json_metadata,True,False,False,False,False,False,missing NCU validation row,missing NCU validation row,missing NCU validation row for tensor activity,,,,,,,,,,,,,True,True,True,159.7376245757455,0.538277893066,0.0677314529419,162.47808,1006.7285849608968,98.31333837508758,100.0,10496000000.0,8192.0,8192.0,-0.36955531413724146,-64.74426042662935,103.061,-31.775560312295312,-0.30831798946541666,1.3083179894654167,1.3485522937123111,0.0,nvml_total_energy_counter,nvml_total_energy_counter,0.9226520469272823,nan,-8.639830603720128,nan,4,0,valid_no_l2_count 3 < required 5; pure_fp16_candidate_count 3 < required 5; energy source is unavailable or undersampled; baseline elapsed_s is below 0.25s,test elapsed_s 0.5391s < warning threshold 1s,,,,,,,False,False,no_quality_pass,nan,tensor_model_utilization_pct_mean,not_quality_pass,fp16-energy-bench-v2,fp16-energy-bench-v2,,,,,,0.539096415202,,162.47808,1005.2025389939923,98.16431044863207,10496000000.0,,,,118.81933333333335,23.23655042581124,0.1963100254372048,0.8036899745627952,0.8293900984615834,,,,,1.0422885697500412,nan,5.049997390043312,nan,consumer,86,results/diagnostic_fp16_launch_shape_rtx3090_20260602_125100,"ga102
GeForce RTX 3090"
pair,launch_shape_tensor_mma_f16acc_t064_b04,3,NVIDIA GeForce RTX 3090,ampere,ga102,82,tensor_mma_f16acc,tensor_baseline_mov,64,256.0,4,8,mixed_or_unavailable,structural_baseline,False,False,False,False,False,False,True,True,True,fp16-energy-bench-v2,fp16-energy-bench-v2,True,logical_m16n16k16_input_bits_8192,True,bench_json_metadata,True,False,False,False,False,False,missing NCU validation row,missing NCU validation row,missing NCU validation row for tensor activity,,,,,,,,,,,,,True,True,True,159.5103455137506,0.5390448608399999,0.0677191009521,162.47808,1005.2961839903611,98.17345546780871,98.0,10496000000.0,8192.0,8192.0,nan,nan,104.65,nan,nan,nan,nan,0.0,nvml_total_energy_counter,unavailable,0.9056630524162731,nan,-10.900700363449687,nan,5,0,valid_no_l2_count 3 < required 5; pure_fp16_candidate_count 3 < required 5; energy source is unavailable or undersampled; baseline elapsed_s is below 0.25s,test elapsed_s 0.5391s < warning threshold 1s,,,,,,,False,False,no_quality_pass,nan,tensor_model_utilization_pct_mean,not_quality_pass,fp16-energy-bench-v2,fp16-energy-bench-v2,,,,,,0.539096415202,,162.47808,1005.2025389939923,98.16431044863207,10496000000.0,,,,118.81933333333335,23.23655042581124,0.1963100254372048,0.8036899745627952,0.8293900984615834,,,,,1.0422885697500412,nan,5.049997390043312,nan,consumer,86,results/diagnostic_fp16_launch_shape_rtx3090_20260602_125100,"ga102
GeForce RTX 3090"
pair,launch_shape_tensor_mma_f16acc_t064_b04,4,NVIDIA GeForce RTX 3090,ampere,ga102,82,tensor_mma_f16acc,tensor_baseline_mov,64,256.0,4,8,mixed_or_unavailable,structural_baseline,False,False,True,True,True,False,True,True,True,fp16-energy-bench-v2,fp16-energy-bench-v2,True,logical_m16n16k16_input_bits_8192,True,bench_json_metadata,True,False,False,False,False,False,missing NCU validation row,missing NCU validation row,missing NCU validation row for tensor activity,,,,,,,,,,,,,True,True,True,159.45309434679677,0.53923840332,0.0677150726318,162.47808,1004.9353648881123,98.13821922735471,99.0,10496000000.0,8192.0,8192.0,0.37180448879244,51.18040467780037,129.114,31.968951618481768,0.24760251884754378,0.7523974811524562,0.7787584736948083,0.0,nvml_total_energy_counter,nvml_total_energy_counter,1.1076272594162895,nan,12.545904639073242,nan,5,0,valid_no_l2_count 3 < required 5; pure_fp16_candidate_count 3 < required 5; energy source is unavailable or undersampled; baseline elapsed_s is below 0.25s,test elapsed_s 0.5391s < warning threshold 1s,,,,,,,False,False,no_quality_pass,nan,tensor_model_utilization_pct_mean,not_quality_pass,fp16-energy-bench-v2,fp16-energy-bench-v2,,,,,,0.539096415202,,162.47808,1005.2025389939923,98.16431044863207,10496000000.0,,,,118.81933333333335,23.23655042581124,0.1963100254372048,0.8036899745627952,0.8293900984615834,,,,,1.0422885697500412,nan,5.049997390043312,nan,consumer,86,results/diagnostic_fp16_launch_shape_rtx3090_20260602_125100,"ga102
GeForce RTX 3090"
pair,launch_shape_tensor_mma_f16acc_t064_b04,5,NVIDIA GeForce RTX 3090,ampere,ga102,82,tensor_mma_f16acc,tensor_baseline_mov,64,256.0,4,8,mixed_or_unavailable,structural_baseline,False,False,False,False,False,False,True,True,True,fp16-energy-bench-v2,fp16-energy-bench-v2,True,logical_m16n16k16_input_bits_8192,True,bench_json_metadata,True,False,False,False,False,False,missing NCU validation row,missing NCU validation row,missing NCU validation row for tensor activity,,,,,,,,,,,,,True,True,True,159.21404482632562,0.540048034668,0.0677150726318,162.47808,1003.428781914197,97.99109198380829,100.0,10496000000.0,8192.0,8192.0,nan,nan,106.737,nan,nan,nan,nan,0.0,nvml_total_energy_counter,unavailable,0.921472144415312,nan,-9.096127074857193,nan,4,0,valid_no_l2_count 3 < required 5; pure_fp16_candidate_count 3 < required 5; energy source is unavailable or undersampled; baseline elapsed_s is below 0.25s,test elapsed_s 0.5391s < warning threshold 1s,,,,,,,False,False,no_quality_pass,nan,tensor_model_utilization_pct_mean,not_quality_pass,fp16-energy-bench-v2,fp16-energy-bench-v2,,,,,,0.539096415202,,162.47808,1005.2025389939923,98.16431044863207,10496000000.0,,,,118.81933333333335,23.23655042581124,0.1963100254372048,0.8036899745627952,0.8293900984615834,,,,,1.0422885697500412,nan,5.049997390043312,nan,consumer,86,results/diagnostic_fp16_launch_shape_rtx3090_20260602_125100,"ga102
GeForce RTX 3090"
pair,launch_shape_tensor_mma_f16acc_t064_b04,6,NVIDIA GeForce RTX 3090,ampere,ga102,82,tensor_mma_f16acc,tensor_baseline_mov,64,256.0,4,8,mixed_or_unavailable,structural_baseline,False,False,False,False,False,False,True,True,True,fp16-energy-bench-v2,fp16-energy-bench-v2,True,logical_m16n16k16_input_bits_8192,True,bench_json_metadata,True,False,False,False,False,False,missing NCU validation row,missing NCU validation row,missing NCU validation row for tensor activity,,,,,,,,,,,,,True,True,True,159.79781729838496,0.5380751342769999,0.0677150726318,162.47808,1007.1079428901807,98.3503850478692,99.0,10496000000.0,8192.0,8192.0,nan,nan,104.703,nan,nan,nan,nan,0.0,nvml_total_energy_counter,unavailable,0.9083276133960153,nan,-10.567083674480656,nan,4,0,valid_no_l2_count 3 < required 5; pure_fp16_candidate_count 3 < required 5; energy source is unavailable or undersampled; baseline elapsed_s is below 0.25s,test elapsed_s 0.5391s < warning threshold 1s,,,,,,,False,False,no_quality_pass,nan,tensor_model_utilization_pct_mean,not_quality_pass,fp16-energy-bench-v2,fp16-energy-bench-v2,,,,,,0.539096415202,,162.47808,1005.2025389939923,98.16431044863207,10496000000.0,,,,118.81933333333335,23.23655042581124,0.1963100254372048,0.8036899745627952,0.8293900984615834,,,,,1.0422885697500412,nan,5.049997390043312,nan,consumer,86,results/diagnostic_fp16_launch_shape_rtx3090_20260602_125100,"ga102
GeForce RTX 3090"
pair,launch_shape_tensor_mma_f16acc_t064_b04,7,NVIDIA GeForce RTX 3090,ampere,ga102,82,tensor_mma_f16acc,tensor_baseline_mov,64,256.0,4,8,mixed_or_unavailable,structural_baseline,False,False,True,True,True,False,True,True,True,fp16-energy-bench-v2,fp16-energy-bench-v2,True,logical_m16n16k16_input_bits_8192,True,bench_json_metadata,True,False,False,False,False,False,missing NCU validation row,missing NCU validation row,missing NCU validation row for tensor activity,,,,,,,,,,,,,True,True,True,159.21121980966018,0.540057617188,0.0687728652954,162.47808,1003.4109775613549,97.98935327747606,99.0,10496000000.0,8192.0,8192.0,0.18416014955037266,22.450033712303338,125.555,15.83468486394439,0.12611751713547362,0.8738824828645264,0.9004936694702936,0.0,nvml_total_energy_counter,nvml_total_energy_counter,1.0909346118911663,nan,10.465609094758818,nan,4,0,valid_no_l2_count 3 < required 5; pure_fp16_candidate_count 3 < required 5; energy source is unavailable or undersampled; baseline elapsed_s is below 0.25s,test elapsed_s 0.5391s < warning threshold 1s,,,,,,,False,False,no_quality_pass,nan,tensor_model_utilization_pct_mean,not_quality_pass,fp16-energy-bench-v2,fp16-energy-bench-v2,,,,,,0.539096415202,,162.47808,1005.2025389939923,98.16431044863207,10496000000.0,,,,118.81933333333335,23.23655042581124,0.1963100254372048,0.8036899745627952,0.8293900984615834,,,,,1.0422885697500412,nan,5.049997390043312,nan,consumer,86,results/diagnostic_fp16_launch_shape_rtx3090_20260602_125100,"ga102
GeForce RTX 3090"
pair,launch_shape_tensor_mma_f16acc_t064_b04,8,NVIDIA GeForce RTX 3090,ampere,ga102,82,tensor_mma_f16acc,tensor_baseline_mov,64,256.0,4,8,mixed_or_unavailable,structural_baseline,False,False,False,False,False,False,True,True,True,fp16-energy-bench-v2,fp16-energy-bench-v2,True,logical_m16n16k16_input_bits_8192,True,bench_json_metadata,True,False,False,False,False,False,missing NCU validation row,missing NCU validation row,missing NCU validation row for tensor activity,,,,,,,,,,,,,True,True,True,159.49216006765866,0.539106323242,0.0677683181763,162.47808,1005.1815722421293,98.16226291427044,98.0,10496000000.0,8192.0,8192.0,nan,nan,102.066,nan,nan,nan,nan,0.0,nvml_total_energy_counter,unavailable,0.8931677994543699,nan,-12.208159975708284,nan,4,0,valid_no_l2_count 3 < required 5; pure_fp16_candidate_count 3 < required 5; energy source is unavailable or undersampled; baseline elapsed_s is below 0.25s,test elapsed_s 0.5391s < warning threshold 1s,,,,,,,False,False,no_quality_pass,nan,tensor_model_utilization_pct_mean,not_quality_pass,fp16-energy-bench-v2,fp16-energy-bench-v2,,,,,,0.539096415202,,162.47808,1005.2025389939923,98.16431044863207,10496000000.0,,,,118.81933333333335,23.23655042581124,0.1963100254372048,0.8036899745627952,0.8293900984615834,,,,,1.0422885697500412,nan,5.049997390043312,nan,consumer,86,results/diagnostic_fp16_launch_shape_rtx3090_20260602_125100,"ga102
GeForce RTX 3090"
pair,launch_shape_tensor_mma_f16acc_t064_b04,9,NVIDIA GeForce RTX 3090,ampere,ga102,82,tensor_mma_f16acc,tensor_baseline_mov,64,256.0,4,8,mixed_or_unavailable,structural_baseline,False,False,False,False,False,False,True,True,True,fp16-energy-bench-v2,fp16-energy-bench-v2,True,logical_m16n16k16_input_bits_8192,True,bench_json_metadata,True,False,False,False,False,False,missing NCU validation row,missing NCU validation row,missing NCU validation row for tensor activity,,,,,,,,,,,,,True,True,True,159.43281082967084,0.5393070068360001,0.0677191390991,162.47808,1004.8075302809028,98.1257353789944,98.0,10496000000.0,8192.0,8192.0,-0.09487512801049433,-20.88795742654301,103.434,-8.157670142756032,-0.07886836188058116,1.0788683618805812,1.1122834459692772,0.0,nvml_total_energy_counter,nvml_total_energy_counter,0.904638493663431,nan,-10.903385292032937,nan,4,0,valid_no_l2_count 3 < required 5; pure_fp16_candidate_count 3 < required 5; energy source is unavailable or undersampled; baseline elapsed_s is below 0.25s,test elapsed_s 0.5391s < warning threshold 1s,,,,,,,False,False,no_quality_pass,nan,tensor_model_utilization_pct_mean,not_quality_pass,fp16-energy-bench-v2,fp16-energy-bench-v2,,,,,,0.539096415202,,162.47808,1005.2025389939923,98.16431044863207,10496000000.0,,,,118.81933333333335,23.23655042581124,0.1963100254372048,0.8036899745627952,0.8293900984615834,,,,,1.0422885697500412,nan,5.049997390043312,nan,consumer,86,results/diagnostic_fp16_launch_shape_rtx3090_20260602_125100,"ga102
GeForce RTX 3090"
pair,launch_shape_tensor_mma_f16acc_t064_b08,0,NVIDIA GeForce RTX 3090,ampere,ga102,82,tensor_mma_f16acc,tensor_baseline_mov,64,512.0,8,8,mixed_or_unavailable,structural_baseline,False,False,True,True,True,False,True,True,True,fp16-energy-bench-v2,fp16-energy-bench-v2,True,logical_m16n16k16_input_bits_8192,True,bench_json_metadata,True,False,False,False,False,False,missing NCU validation row,missing NCU validation row,missing NCU validation row for tensor activity,,,,,,,,,,,,,True,False,True,161.50908585457148,1.0647479248,0.0704744644165,163.7376,1010.0630760135801,98.63897226695121,nan,20992000000.0,8192.0,8192.0,0.1988359978031246,1440.2964922717401,224.825,34.19312345811511,0.1520877280467702,0.8479122719532298,0.11056349708613546,0.0,nvml_total_energy_counter,nvml_total_energy_counter,7.380410812415467,nan,194.36260356783998,nan,2,0,valid_no_l2_count 2 < required 5; pure_fp16_candidate_count 2 < required 5; energy source is unavailable or undersampled; baseline elapsed_s is below 0.25s,,,,,,,,False,False,no_quality_pass,nan,tensor_model_utilization_pct_mean,not_quality_pass,fp16-energy-bench-v2,fp16-energy-bench-v2,,,,,,1.07200097656,,163.10784,1007.1373697965541,98.35325876919475,20992000000.0,,,,228.675,24.274382440165255,0.10691289191762314,0.8930871080823769,0.544654857670754,,,,,4.128472293285991,nan,80.80487396635961,nan,consumer,86,results/diagnostic_fp16_launch_shape_rtx3090_20260602_125100,"ga102
GeForce RTX 3090"
pair,launch_shape_tensor_mma_f16acc_t064_b08,1,NVIDIA GeForce RTX 3090,ampere,ga102,82,tensor_mma_f16acc,tensor_baseline_mov,64,512.0,8,8,mixed_or_unavailable,structural_baseline,False,False,False,False,False,False,True,True,True,fp16-energy-bench-v2,fp16-energy-bench-v2,True,logical_m16n16k16_input_bits_8192,True,bench_json_metadata,True,False,False,False,False,False,missing NCU validation row,missing NCU validation row,missing NCU validation row for tensor activity,,,,,,,,,,,,,True,True,True,159.98922385696503,1.07486279297,0.0703692779541,162.47808,1008.3142614039518,98.46818959022966,100.0,20992000000.0,8192.0,8192.0,-0.20808101074520977,-39.07428052361769,213.079,-35.78295564339973,-0.16793281197771592,1.167932811977716,1.203030985957557,0.0,nvml_total_energy_counter,nvml_total_energy_counter,0.8384849840261406,nan,-41.044811468706115,nan,9,0,valid_no_l2_count 2 < required 5; pure_fp16_candidate_count 2 < required 5; energy source is unavailable or undersampled; baseline elapsed_s is below 0.25s,,,,,,,,False,False,no_quality_pass,nan,tensor_model_utilization_pct_mean,not_quality_pass,fp16-energy-bench-v2,fp16-energy-bench-v2,,,,,,1.07200097656,,163.10784,1007.1373697965541,98.35325876919475,20992000000.0,,,,228.675,24.274382440165255,0.10691289191762314,0.8930871080823769,0.544654857670754,,,,,4.128472293285991,nan,80.80487396635961,nan,consumer,86,results/diagnostic_fp16_launch_shape_rtx3090_20260602_125100,"ga102
GeForce RTX 3090"
pair,launch_shape_tensor_mma_f16acc_t064_b08,2,NVIDIA GeForce RTX 3090,ampere,ga102,82,tensor_mma_f16acc,tensor_baseline_mov,64,512.0,8,8,mixed_or_unavailable,structural_baseline,False,False,False,False,False,False,True,True,True,fp16-energy-bench-v2,fp16-energy-bench-v2,True,logical_m16n16k16_input_bits_8192,True,bench_json_metadata,True,False,False,False,False,False,missing NCU validation row,missing NCU validation row,missing NCU validation row for tensor activity,,,,,,,,,,,,,True,True,True,159.50610127055614,1.0781184082,0.0721090545654,162.47808,1005.2694351204144,98.17084327347796,100.0,20992000000.0,8192.0,8192.0,-0.08425628567149122,-19.695597424022452,230.775,-14.489255516700212,-0.06278520427559403,1.062785204275594,1.094782750381363,0.0,nvml_total_energy_counter,nvml_total_energy_counter,0.890093369904764,nan,-28.495552733913627,nan,8,0,valid_no_l2_count 2 < required 5; pure_fp16_candidate_count 2 < required 5; energy source is unavailable or undersampled; baseline elapsed_s is below 0.25s,,,,,,,,False,False,no_quality_pass,nan,tensor_model_utilization_pct_mean,not_quality_pass,fp16-energy-bench-v2,fp16-energy-bench-v2,,,,,,1.07200097656,,163.10784,1007.1373697965541,98.35325876919475,20992000000.0,,,,228.675,24.274382440165255,0.10691289191762314,0.8930871080823769,0.544654857670754,,,,,4.128472293285991,nan,80.80487396635961,nan,consumer,86,results/diagnostic_fp16_launch_shape_rtx3090_20260602_125100,"ga102
GeForce RTX 3090"
pair,launch_shape_tensor_mma_f16acc_t064_b08,3,NVIDIA GeForce RTX 3090,ampere,ga102,82,tensor_mma_f16acc,tensor_baseline_mov,64,512.0,8,8,mixed_or_unavailable,structural_baseline,False,False,False,False,False,False,True,True,True,fp16-energy-bench-v2,fp16-energy-bench-v2,True,logical_m16n16k16_input_bits_8192,True,bench_json_metadata,True,False,False,False,False,False,missing NCU validation row,missing NCU validation row,missing NCU validation row for tensor activity,,,,,,,,,,,,,True,True,True,159.5400434767585,1.07788903809,0.0708433914185,162.47808,1005.4833520940222,98.19173360293186,100.0,20992000000.0,8192.0,8192.0,nan,nan,235.109,nan,nan,nan,nan,0.0,nvml_total_energy_counter,unavailable,0.9042774922699163,nan,-24.88751877857723,nan,9,0,valid_no_l2_count 2 < required 5; pure_fp16_candidate_count 2 < required 5; energy source is unavailable or undersampled; baseline elapsed_s is below 0.25s,,,,,,,,False,False,no_quality_pass,nan,tensor_model_utilization_pct_mean,not_quality_pass,fp16-energy-bench-v2,fp16-energy-bench-v2,,,,,,1.07200097656,,163.10784,1007.1373697965541,98.35325876919475,20992000000.0,,,,228.675,24.274382440165255,0.10691289191762314,0.8930871080823769,0.544654857670754,,,,,4.128472293285991,nan,80.80487396635961,nan,consumer,86,results/diagnostic_fp16_launch_shape_rtx3090_20260602_125100,"ga102
GeForce RTX 3090"
pair,launch_shape_tensor_mma_f16acc_t064_b08,4,NVIDIA GeForce RTX 3090,ampere,ga102,82,tensor_mma_f16acc,tensor_baseline_mov,64,512.0,8,8,mixed_or_unavailable,structural_baseline,False,False,False,False,False,False,True,True,True,fp16-energy-bench-v2,fp16-energy-bench-v2,True,logical_m16n16k16_input_bits_8192,True,bench_json_metadata,True,False,False,False,False,False,missing NCU validation row,missing NCU validation row,missing NCU validation row for tensor activity,,,,,,,,,,,,,True,True,True,159.51265736704187,1.07807409668,0.0716836776733,162.47808,1005.3107541882011,98.17487833869151,100.0,20992000000.0,8192.0,8192.0,nan,nan,234.883,nan,nan,nan,nan,0.0,nvml_total_energy_counter,unavailable,0.9007177847641237,nan,-25.89013446354366,nan,9,0,valid_no_l2_count 2 < required 5; pure_fp16_candidate_count 2 < required 5; energy source is unavailable or undersampled; baseline elapsed_s is below 0.25s,,,,,,,,False,False,no_quality_pass,nan,tensor_model_utilization_pct_mean,not_quality_pass,fp16-energy-bench-v2,fp16-energy-bench-v2,,,,,,1.07200097656,,163.10784,1007.1373697965541,98.35325876919475,20992000000.0,,,,228.675,24.274382440165255,0.10691289191762314,0.8930871080823769,0.544654857670754,,,,,4.128472293285991,nan,80.80487396635961,nan,consumer,86,results/diagnostic_fp16_launch_shape_rtx3090_20260602_125100,"ga102
GeForce RTX 3090"
pair,launch_shape_tensor_mma_f16acc_t064_b08,5,NVIDIA GeForce RTX 3090,ampere,ga102,82,tensor_mma_f16acc,tensor_baseline_mov,64,512.0,8,8,mixed_or_unavailable,structural_baseline,False,False,True,True,True,False,True,True,True,fp16-energy-bench-v2,fp16-energy-bench-v2,True,logical_m16n16k16_input_bits_8192,True,bench_json_metadata,True,False,False,False,False,False,missing NCU validation row,missing NCU validation row,missing NCU validation row for tensor activity,,,,,,,,,,,,,True,True,True,159.33826466016373,1.07925402832,0.0708392944336,162.47808,1004.211663579528,98.06754527143829,100.0,20992000000.0,8192.0,8192.0,0.08347930804819828,4.389713697402328,232.525,14.355641422215399,0.06173805578847607,0.938261944211524,0.9787462182553723,0.0,nvml_total_energy_counter,nvml_total_energy_counter,0.8765337741565168,nan,-32.75285563512077,nan,9,0,valid_no_l2_count 2 < required 5; pure_fp16_candidate_count 2 < required 5; energy source is unavailable or undersampled; baseline elapsed_s is below 0.25s,,,,,,,,False,False,no_quality_pass,nan,tensor_model_utilization_pct_mean,not_quality_pass,fp16-energy-bench-v2,fp16-energy-bench-v2,,,,,,1.07200097656,,163.10784,1007.1373697965541,98.35325876919475,20992000000.0,,,,228.675,24.274382440165255,0.10691289191762314,0.8930871080823769,0.544654857670754,,,,,4.128472293285991,nan,80.80487396635961,nan,consumer,86,results/diagnostic_fp16_launch_shape_rtx3090_20260602_125100,"ga102
GeForce RTX 3090"
pair,launch_shape_tensor_mma_f16acc_t064_b08,6,NVIDIA GeForce RTX 3090,ampere,ga102,82,tensor_mma_f16acc,tensor_baseline_mov,64,512.0,8,8,mixed_or_unavailable,structural_baseline,False,False,False,False,False,False,True,True,True,fp16-energy-bench-v2,fp16-energy-bench-v2,True,logical_m16n16k16_input_bits_8192,True,bench_json_metadata,True,False,False,False,False,False,missing NCU validation row,missing NCU validation row,missing NCU validation row for tensor activity,,,,,,,,,,,,,True,True,True,159.52716216306672,1.0779760742200002,0.0726712341309,162.47808,1005.4021690493901,98.1838055712295,100.0,20992000000.0,8192.0,8192.0,nan,nan,238.696,nan,nan,nan,nan,0.0,nvml_total_energy_counter,unavailable,0.9072544850505733,nan,-24.40107356993039,nan,8,0,valid_no_l2_count 2 < required 5; pure_fp16_candidate_count 2 < required 5; energy source is unavailable or undersampled; baseline elapsed_s is below 0.25s,,,,,,,,False,False,no_quality_pass,nan,tensor_model_utilization_pct_mean,not_quality_pass,fp16-energy-bench-v2,fp16-energy-bench-v2,,,,,,1.07200097656,,163.10784,1007.1373697965541,98.35325876919475,20992000000.0,,,,228.675,24.274382440165255,0.10691289191762314,0.8930871080823769,0.544654857670754,,,,,4.128472293285991,nan,80.80487396635961,nan,consumer,86,results/diagnostic_fp16_launch_shape_rtx3090_20260602_125100,"ga102
GeForce RTX 3090"
pair,launch_shape_tensor_mma_f16acc_t064_b08,7,NVIDIA GeForce RTX 3090,ampere,ga102,82,tensor_mma_f16acc,tensor_baseline_mov,64,512.0,8,8,mixed_or_unavailable,structural_baseline,False,False,False,False,False,False,True,True,True,fp16-energy-bench-v2,fp16-energy-bench-v2,True,logical_m16n16k16_input_bits_8192,True,bench_json_metadata,True,False,False,False,False,False,missing NCU validation row,missing NCU validation row,missing NCU validation row for tensor activity,,,,,,,,,,,,,True,True,True,159.50079176759994,1.07815429688,0.0715694046021,162.47808,1005.2359725694835,98.16757544623862,100.0,20992000000.0,8192.0,8192.0,nan,nan,234.623,nan,nan,nan,nan,0.0,nvml_total_energy_counter,unavailable,0.8938522192562991,nan,-27.862224006279803,nan,9,0,valid_no_l2_count 2 < required 5; pure_fp16_candidate_count 2 < required 5; energy source is unavailable or undersampled; baseline elapsed_s is below 0.25s,,,,,,,,False,False,no_quality_pass,nan,tensor_model_utilization_pct_mean,not_quality_pass,fp16-energy-bench-v2,fp16-energy-bench-v2,,,,,,1.07200097656,,163.10784,1007.1373697965541,98.35325876919475,20992000000.0,,,,228.675,24.274382440165255,0.10691289191762314,0.8930871080823769,0.544654857670754,,,,,4.128472293285991,nan,80.80487396635961,nan,consumer,86,results/diagnostic_fp16_launch_shape_rtx3090_20260602_125100,"ga102
GeForce RTX 3090"
pair,launch_shape_tensor_mma_f16acc_t064_b08,8,NVIDIA GeForce RTX 3090,ampere,ga102,82,tensor_mma_f16acc,tensor_baseline_mov,64,512.0,8,8,mixed_or_unavailable,structural_baseline,False,False,False,False,False,False,True,True,True,fp16-energy-bench-v2,fp16-energy-bench-v2,True,logical_m16n16k16_input_bits_8192,True,bench_json_metadata,True,False,False,False,False,False,missing NCU validation row,missing NCU validation row,missing NCU validation row for tensor activity,,,,,,,,,,,,,True,True,True,159.53411745295176,1.07792907715,0.0708419876099,162.47808,1005.4460039891079,98.18808632706131,100.0,20992000000.0,8192.0,8192.0,-0.13203317935562647,-27.446000082647373,235.699,-22.705278984464883,-0.09633167295773373,1.0963316729577337,1.1292933933892655,0.0,nvml_total_energy_counter,nvml_total_energy_counter,0.8946836155506994,nan,-27.74496600458764,nan,8,0,valid_no_l2_count 2 < required 5; pure_fp16_candidate_count 2 < required 5; energy source is unavailable or undersampled; baseline elapsed_s is below 0.25s,,,,,,,,False,False,no_quality_pass,nan,tensor_model_utilization_pct_mean,not_quality_pass,fp16-energy-bench-v2,fp16-energy-bench-v2,,,,,,1.07200097656,,163.10784,1007.1373697965541,98.35325876919475,20992000000.0,,,,228.675,24.274382440165255,0.10691289191762314,0.8930871080823769,0.544654857670754,,,,,4.128472293285991,nan,80.80487396635961,nan,consumer,86,results/diagnostic_fp16_launch_shape_rtx3090_20260602_125100,"ga102
GeForce RTX 3090"
pair,launch_shape_tensor_mma_f16acc_t064_b08,9,NVIDIA GeForce RTX 3090,ampere,ga102,82,tensor_mma_f16acc,tensor_baseline_mov,64,512.0,8,8,mixed_or_unavailable,structural_baseline,False,False,False,False,False,False,True,True,True,fp16-energy-bench-v2,fp16-energy-bench-v2,True,logical_m16n16k16_input_bits_8192,True,bench_json_metadata,True,False,False,False,False,False,missing NCU validation row,missing NCU validation row,missing NCU validation row for tensor activity,,,,,,,,,,,,,True,True,True,159.04657056294474,1.08123339844,0.0708433914185,162.47808,1002.3732940249874,97.88801699462766,100.0,20992000000.0,8192.0,8192.0,-0.3186317588200654,-56.98883729675609,232.328,-54.793976882387454,-0.23584749527559076,1.2358474952755907,1.2732470578846584,0.0,nvml_total_energy_counter,nvml_total_energy_counter,0.8800074748558614,nan,-31.67884839416118,nan,9,0,valid_no_l2_count 2 < required 5; pure_fp16_candidate_count 2 < required 5; energy source is unavailable or undersampled; baseline elapsed_s is below 0.25s,,,,,,,,False,False,no_quality_pass,nan,tensor_model_utilization_pct_mean,not_quality_pass,fp16-energy-bench-v2,fp16-energy-bench-v2,,,,,,1.07200097656,,163.10784,1007.1373697965541,98.35325876919475,20992000000.0,,,,228.675,24.274382440165255,0.10691289191762314,0.8930871080823769,0.544654857670754,,,,,4.128472293285991,nan,80.80487396635961,nan,consumer,86,results/diagnostic_fp16_launch_shape_rtx3090_20260602_125100,"ga102
GeForce RTX 3090"
pair,launch_shape_tensor_mma_f16acc_t128_b01,0,NVIDIA GeForce RTX 3090,ampere,ga102,82,tensor_mma_f16acc,tensor_baseline_mov,128,128.0,1,8,mixed_or_unavailable,structural_baseline,False,False,False,False,False,False,True,True,True,fp16-energy-bench-v2,fp16-energy-bench-v2,True,logical_m16n16k16_input_bits_8192,True,bench_json_metadata,True,False,False,False,False,False,missing NCU validation row,missing NCU validation row,missing NCU validation row for tensor activity,,,,,,,,,,,,,True,False,True,155.75609860336152,0.276018829346,0.0636313591003,163.7376,974.0844190329051,95.12543154618214,nan,5248000000.0,8192.0,8192.0,-0.03761795368113932,-12.171325963090084,58.001,-1.6172566193653282,-0.027883254070883746,1.0278832540708838,1.059715433651978,0.0,nvml_total_energy_counter,nvml_total_energy_counter,1.273450467849271,nan,12.454666267869989,nan,2,0,valid_no_l2_count 4 < required 5; pure_fp16_candidate_count 4 < required 5; energy source is unavailable or undersampled; baseline elapsed_s is below 0.25s,test elapsed_s 0.2789s < warning threshold 1s,,,,,,,False,False,no_quality_pass,nan,tensor_model_utilization_pct_mean,not_quality_pass,fp16-energy-bench-v2,fp16-energy-bench-v2,,,,,,0.27886428070075,,162.47808,971.6228648706532,94.88504539752472,5248000000.0,,,,62.5905,11.085198520603488,0.17650520455173377,0.8234947954482662,0.851703357967837,,,,,1.2463560659618953,nan,12.362225400777174,nan,consumer,86,results/diagnostic_fp16_launch_shape_rtx3090_20260602_125100,"ga102
GeForce RTX 3090"
pair,launch_shape_tensor_mma_f16acc_t128_b01,1,NVIDIA GeForce RTX 3090,ampere,ga102,82,tensor_mma_f16acc,tensor_baseline_mov,128,128.0,1,8,mixed_or_unavailable,structural_baseline,False,False,True,True,True,False,True,True,True,fp16-energy-bench-v2,fp16-energy-bench-v2,True,logical_m16n16k16_input_bits_8192,True,bench_json_metadata,True,False,False,False,False,False,missing NCU validation row,missing NCU validation row,missing NCU validation row for tensor activity,,,,,,,,,,,,,True,False,True,154.5723058172373,0.278132720947,0.0641429443359,162.47808,974.1747388746284,95.13425184322543,nan,5248000000.0,8192.0,8192.0,0.26400500278305217,34.10605278214166,60.589,11.350001701727912,0.18732776084318792,0.8126722391568121,0.8384672960412114,0.0,nvml_total_energy_counter,nvml_total_energy_counter,1.2434823437804174,nan,11.863740407010383,nan,3,0,valid_no_l2_count 4 < required 5; pure_fp16_candidate_count 4 < required 5; energy source is unavailable or undersampled; baseline elapsed_s is below 0.25s,test elapsed_s 0.2789s < warning threshold 1s,,,,,,,False,False,no_quality_pass,nan,tensor_model_utilization_pct_mean,not_quality_pass,fp16-energy-bench-v2,fp16-energy-bench-v2,,,,,,0.27886428070075,,162.47808,971.6228648706532,94.88504539752472,5248000000.0,,,,62.5905,11.085198520603488,0.17650520455173377,0.8234947954482662,0.851703357967837,,,,,1.2463560659618953,nan,12.362225400777174,nan,consumer,86,results/diagnostic_fp16_launch_shape_rtx3090_20260602_125100,"ga102
GeForce RTX 3090"
pair,launch_shape_tensor_mma_f16acc_t128_b01,2,NVIDIA GeForce RTX 3090,ampere,ga102,82,tensor_mma_f16acc,tensor_baseline_mov,128,128.0,1,8,mixed_or_unavailable,structural_baseline,False,False,False,False,False,False,True,True,True,fp16-energy-bench-v2,fp16-energy-bench-v2,True,logical_m16n16k16_input_bits_8192,True,bench_json_metadata,True,False,False,False,False,False,missing NCU validation row,missing NCU validation row,missing NCU validation row for tensor activity,,,,,,,,,,,,,True,False,True,153.46394285473073,0.28014147949199997,0.06459391784669999,162.47808,967.189404769211,94.45209030949327,nan,5248000000.0,8192.0,8192.0,nan,nan,38.509,nan,nan,nan,nan,0.0,nvml_total_energy_counter,unavailable,0.7918932329261834,nan,-10.120030276849995,nan,2,0,valid_no_l2_count 4 < required 5; pure_fp16_candidate_count 4 < required 5; energy source is unavailable or undersampled; baseline elapsed_s is below 0.25s,test elapsed_s 0.2789s < warning threshold 1s,,,,,,,False,False,no_quality_pass,nan,tensor_model_utilization_pct_mean,not_quality_pass,fp16-energy-bench-v2,fp16-energy-bench-v2,,,,,,0.27886428070075,,162.47808,971.6228648706532,94.88504539752472,5248000000.0,,,,62.5905,11.085198520603488,0.17650520455173377,0.8234947954482662,0.851703357967837,,,,,1.2463560659618953,nan,12.362225400777174,nan,consumer,86,results/diagnostic_fp16_launch_shape_rtx3090_20260602_125100,"ga102
GeForce RTX 3090"
pair,launch_shape_tensor_mma_f16acc_t128_b01,3,NVIDIA GeForce RTX 3090,ampere,ga102,82,tensor_mma_f16acc,tensor_baseline_mov,128,128.0,1,8,mixed_or_unavailable,structural_baseline,False,False,False,False,False,False,True,True,True,fp16-energy-bench-v2,fp16-energy-bench-v2,True,logical_m16n16k16_input_bits_8192,True,bench_json_metadata,True,False,False,False,False,False,missing NCU validation row,missing NCU validation row,missing NCU validation row for tensor activity,,,,,,,,,,,,,True,False,True,153.52942094798843,0.280022003174,0.0654691162109,162.47808,967.602073158054,94.49238995684121,nan,5248000000.0,8192.0,8192.0,-0.01066003993555968,-8.340445576950458,62.004,-0.4582923434542465,-0.007391335130866501,1.0073913351308665,1.038843059945997,0.0,nvml_total_energy_counter,nvml_total_energy_counter,1.2176030155486952,nan,11.080998653737076,nan,3,0,valid_no_l2_count 4 < required 5; pure_fp16_candidate_count 4 < required 5; energy source is unavailable or undersampled; baseline elapsed_s is below 0.25s,test elapsed_s 0.2789s < warning threshold 1s,,,,,,,False,False,no_quality_pass,nan,tensor_model_utilization_pct_mean,not_quality_pass,fp16-energy-bench-v2,fp16-energy-bench-v2,,,,,,0.27886428070075,,162.47808,971.6228648706532,94.88504539752472,5248000000.0,,,,62.5905,11.085198520603488,0.17650520455173377,0.8234947954482662,0.851703357967837,,,,,1.2463560659618953,nan,12.362225400777174,nan,consumer,86,results/diagnostic_fp16_launch_shape_rtx3090_20260602_125100,"ga102
GeForce RTX 3090"
pair,launch_shape_tensor_mma_f16acc_t128_b01,4,NVIDIA GeForce RTX 3090,ampere,ga102,82,tensor_mma_f16acc,tensor_baseline_mov,128,128.0,1,8,mixed_or_unavailable,structural_baseline,False,False,True,True,True,False,True,True,True,fp16-energy-bench-v2,fp16-energy-bench-v2,True,logical_m16n16k16_input_bits_8192,True,bench_json_metadata,True,False,False,False,False,False,missing NCU validation row,missing NCU validation row,missing NCU validation row for tensor activity,,,,,,,,,,,,,True,False,True,154.01038023242165,0.27914752197299997,0.0645945587158,162.47808,970.6332654718702,94.78840483123733,nan,5248000000.0,8192.0,8192.0,0.32680815798921536,43.26092673636751,62.832,14.05001083393968,0.22361234456868603,0.7763876554313139,0.8015684572239191,0.0,nvml_total_energy_counter,nvml_total_energy_counter,1.2754599234075938,nan,13.569770080509997,nan,2,0,valid_no_l2_count 4 < required 5; pure_fp16_candidate_count 4 < required 5; energy source is unavailable or undersampled; baseline elapsed_s is below 0.25s,test elapsed_s 0.2789s < warning threshold 1s,,,,,,,False,False,no_quality_pass,nan,tensor_model_utilization_pct_mean,not_quality_pass,fp16-energy-bench-v2,fp16-energy-bench-v2,,,,,,0.27886428070075,,162.47808,971.6228648706532,94.88504539752472,5248000000.0,,,,62.5905,11.085198520603488,0.17650520455173377,0.8234947954482662,0.851703357967837,,,,,1.2463560659618953,nan,12.362225400777174,nan,consumer,86,results/diagnostic_fp16_launch_shape_rtx3090_20260602_125100,"ga102
GeForce RTX 3090"
pair,launch_shape_tensor_mma_f16acc_t128_b01,5,NVIDIA GeForce RTX 3090,ampere,ga102,82,tensor_mma_f16acc,tensor_baseline_mov,128,128.0,1,8,mixed_or_unavailable,structural_baseline,False,False,False,False,False,False,True,True,True,fp16-energy-bench-v2,fp16-energy-bench-v2,True,logical_m16n16k16_input_bits_8192,True,bench_json_metadata,True,False,False,False,False,False,missing NCU validation row,missing NCU validation row,missing NCU validation row for tensor activity,,,,,,,,,,,,,True,False,True,154.0861168845714,0.279010314941,0.0650424346924,162.47808,971.110587285381,94.83501828958798,nan,5248000000.0,8192.0,8192.0,-0.356862883320095,-59.3709047171225,38.906,-15.34211204435033,-0.3943379438737041,1.394337943873704,1.4395904586502086,0.0,nvml_total_energy_counter,nvml_total_energy_counter,0.7925334304449442,nan,-10.184673661750004,nan,2,0,valid_no_l2_count 4 < required 5; pure_fp16_candidate_count 4 < required 5; energy source is unavailable or undersampled; baseline elapsed_s is below 0.25s,test elapsed_s 0.2789s < warning threshold 1s,,,,,,,False,False,no_quality_pass,nan,tensor_model_utilization_pct_mean,not_quality_pass,fp16-energy-bench-v2,fp16-energy-bench-v2,,,,,,0.27886428070075,,162.47808,971.6228648706532,94.88504539752472,5248000000.0,,,,62.5905,11.085198520603488,0.17650520455173377,0.8234947954482662,0.851703357967837,,,,,1.2463560659618953,nan,12.362225400777174,nan,consumer,86,results/diagnostic_fp16_launch_shape_rtx3090_20260602_125100,"ga102
GeForce RTX 3090"
pair,launch_shape_tensor_mma_f16acc_t128_b01,6,NVIDIA GeForce RTX 3090,ampere,ga102,82,tensor_mma_f16acc,tensor_baseline_mov,128,128.0,1,8,mixed_or_unavailable,structural_baseline,False,False,True,True,True,False,True,True,True,fp16-energy-bench-v2,fp16-energy-bench-v2,True,logical_m16n16k16_input_bits_8192,True,bench_json_metadata,True,False,False,False,False,False,missing NCU validation row,missing NCU validation row,missing NCU validation row for tensor activity,,,,,,,,,,,,,True,False,True,154.3134532686244,0.278599273682,0.06459391784669999,162.47808,972.5433495218023,94.97493647673852,nan,5248000000.0,8192.0,8192.0,0.07650303502368576,3.3147962838971523,62.353,3.288989104572849,0.0527478887074054,0.9472521112925946,0.9846051315378749,0.0,nvml_total_energy_counter,nvml_total_energy_counter,1.2190652438867084,nan,11.204794181907907,nan,3,0,valid_no_l2_count 4 < required 5; pure_fp16_candidate_count 4 < required 5; energy source is unavailable or undersampled; baseline elapsed_s is below 0.25s,test elapsed_s 0.2789s < warning threshold 1s,,,,,,,False,False,no_quality_pass,nan,tensor_model_utilization_pct_mean,not_quality_pass,fp16-energy-bench-v2,fp16-energy-bench-v2,,,,,,0.27886428070075,,162.47808,971.6228648706532,94.88504539752472,5248000000.0,,,,62.5905,11.085198520603488,0.17650520455173377,0.8234947954482662,0.851703357967837,,,,,1.2463560659618953,nan,12.362225400777174,nan,consumer,86,results/diagnostic_fp16_launch_shape_rtx3090_20260602_125100,"ga102
GeForce RTX 3090"
pair,launch_shape_tensor_mma_f16acc_t128_b01,7,NVIDIA GeForce RTX 3090,ampere,ga102,82,tensor_mma_f16acc,tensor_baseline_mov,128,128.0,1,8,mixed_or_unavailable,structural_baseline,False,False,True,True,True,False,True,True,True,fp16-energy-bench-v2,fp16-energy-bench-v2,True,logical_m16n16k16_input_bits_8192,True,bench_json_metadata,True,False,False,False,False,False,missing NCU validation row,missing NCU validation row,missing NCU validation row for tensor activity,,,,,,,,,,,,,True,False,True,153.77346055782283,0.279577606201,0.0645935974121,162.47808,969.1401056143118,94.64258843889762,nan,5248000000.0,8192.0,8192.0,0.36406615750786175,48.74588637777032,64.588,15.651792442173509,0.24233282408765577,0.7576671759123442,0.7821725470683429,0.0,nvml_total_energy_counter,nvml_total_energy_counter,1.2474167527728617,nan,12.810596933680408,nan,3,0,valid_no_l2_count 4 < required 5; pure_fp16_candidate_count 4 < required 5; energy source is unavailable or undersampled; baseline elapsed_s is below 0.25s,test elapsed_s 0.2789s < warning threshold 1s,,,,,,,False,False,no_quality_pass,nan,tensor_model_utilization_pct_mean,not_quality_pass,fp16-energy-bench-v2,fp16-energy-bench-v2,,,,,,0.27886428070075,,162.47808,971.6228648706532,94.88504539752472,5248000000.0,,,,62.5905,11.085198520603488,0.17650520455173377,0.8234947954482662,0.851703357967837,,,,,1.2463560659618953,nan,12.362225400777174,nan,consumer,86,results/diagnostic_fp16_launch_shape_rtx3090_20260602_125100,"ga102
GeForce RTX 3090"
pair,launch_shape_tensor_mma_f16acc_t128_b01,8,NVIDIA GeForce RTX 3090,ampere,ga102,82,tensor_mma_f16acc,tensor_baseline_mov,128,128.0,1,8,mixed_or_unavailable,structural_baseline,False,False,False,False,False,False,True,True,True,fp16-energy-bench-v2,fp16-energy-bench-v2,True,logical_m16n16k16_input_bits_8192,True,bench_json_metadata,True,False,False,False,False,False,missing NCU validation row,missing NCU validation row,missing NCU validation row for tensor activity,,,,,,,,,,,,,True,False,True,153.22403362064762,0.28058010864300004,0.06459391784669999,162.47808,965.6774035460239,94.3044339400414,nan,5248000000.0,8192.0,8192.0,-0.23940306005721865,-41.274406944172085,40.903,-10.292324427204882,-0.2516276172213501,1.25162761722135,1.2923364901932393,0.0,nvml_total_energy_counter,nvml_total_energy_counter,0.7956268758371792,nan,-10.506776670704852,nan,3,0,valid_no_l2_count 4 < required 5; pure_fp16_candidate_count 4 < required 5; energy source is unavailable or undersampled; baseline elapsed_s is below 0.25s,test elapsed_s 0.2789s < warning threshold 1s,,,,,,,False,False,no_quality_pass,nan,tensor_model_utilization_pct_mean,not_quality_pass,fp16-energy-bench-v2,fp16-energy-bench-v2,,,,,,0.27886428070075,,162.47808,971.6228648706532,94.88504539752472,5248000000.0,,,,62.5905,11.085198520603488,0.17650520455173377,0.8234947954482662,0.851703357967837,,,,,1.2463560659618953,nan,12.362225400777174,nan,consumer,86,results/diagnostic_fp16_launch_shape_rtx3090_20260602_125100,"ga102
GeForce RTX 3090"
pair,launch_shape_tensor_mma_f16acc_t128_b01,9,NVIDIA GeForce RTX 3090,ampere,ga102,82,tensor_mma_f16acc,tensor_baseline_mov,128,128.0,1,8,mixed_or_unavailable,structural_baseline,False,False,False,False,False,False,True,True,True,fp16-energy-bench-v2,fp16-energy-bench-v2,True,logical_m16n16k16_input_bits_8192,True,bench_json_metadata,True,False,False,False,False,False,missing NCU validation row,missing NCU validation row,missing NCU validation row for tensor activity,,,,,,,,,,,,,True,False,True,154.57059286082188,0.27813580322299997,0.0646031341553,162.47808,974.1639431576345,95.13319757398774,nan,5248000000.0,8192.0,8192.0,nan,nan,62.95,nan,nan,nan,nan,0.0,nvml_total_energy_counter,unavailable,1.2281995147261848,nan,11.696112300790077,nan,3,0,valid_no_l2_count 4 < required 5; pure_fp16_candidate_count 4 < required 5; energy source is unavailable or undersampled; baseline elapsed_s is below 0.25s,test elapsed_s 0.2789s < warning threshold 1s,,,,,,,False,False,no_quality_pass,nan,tensor_model_utilization_pct_mean,not_quality_pass,fp16-energy-bench-v2,fp16-energy-bench-v2,,,,,,0.27886428070075,,162.47808,971.6228648706532,94.88504539752472,5248000000.0,,,,62.5905,11.085198520603488,0.17650520455173377,0.8234947954482662,0.851703357967837,,,,,1.2463560659618953,nan,12.362225400777174,nan,consumer,86,results/diagnostic_fp16_launch_shape_rtx3090_20260602_125100,"ga102
GeForce RTX 3090"
pair,launch_shape_tensor_mma_f16acc_t128_b02,0,NVIDIA GeForce RTX 3090,ampere,ga102,82,tensor_mma_f16acc,tensor_baseline_mov,128,256.0,2,8,mixed_or_unavailable,structural_baseline,False,False,False,False,False,False,True,True,True,fp16-energy-bench-v2,fp16-energy-bench-v2,True,logical_m16n16k16_input_bits_8192,True,bench_json_metadata,True,False,False,False,False,False,missing NCU validation row,missing NCU validation row,missing NCU validation row for tensor activity,,,,,,,,,,,,,True,True,True,161.34451192291357,0.532916992188,0.0667913589478,163.7376,1009.0338456717546,98.53846149138231,98.0,10496000000.0,8192.0,8192.0,nan,nan,94.941,nan,nan,nan,nan,0.0,nvml_total_energy_counter,unavailable,0.8895463292995501,nan,-11.788685540671949,nan,4,0,energy source is unavailable or undersampled; baseline elapsed_s is below 0.25s,test elapsed_s 0.5388s < warning threshold 1s,,,,,,,False,False,no_quality_pass,nan,tensor_model_utilization_pct_mean,not_quality_pass,fp16-energy-bench-v2,fp16-energy-bench-v2,,,,,,0.5387948120116001,,162.47808,1005.7662514936361,98.2193604974254,10496000000.0,,,,113.1114,18.90241027179828,0.16594150753947073,0.8340584924605293,0.8590280801841196,,,,,1.000596321405044,nan,-0.035017824168940594,nan,consumer,86,results/diagnostic_fp16_launch_shape_rtx3090_20260602_125100,"ga102
GeForce RTX 3090"
pair,launch_shape_tensor_mma_f16acc_t128_b02,1,NVIDIA GeForce RTX 3090,ampere,ga102,82,tensor_mma_f16acc,tensor_baseline_mov,128,256.0,2,8,mixed_or_unavailable,structural_baseline,False,False,True,True,True,False,True,True,True,fp16-energy-bench-v2,fp16-energy-bench-v2,True,logical_m16n16k16_input_bits_8192,True,bench_json_metadata,True,False,False,False,False,False,missing NCU validation row,missing NCU validation row,missing NCU validation row for tensor activity,,,,,,,,,,,,,True,True,True,160.14525373418613,0.5369077758790001,0.06735974121089999,162.47808,1009.2976223242334,98.56422093010092,96.0,10496000000.0,8192.0,8192.0,0.4651506952029258,67.398734984225,126.624,39.99516014059445,0.3158576584264788,0.6841423415735212,0.7053561416813224,0.0,nvml_total_energy_counter,nvml_total_energy_counter,1.148056171045824,nan,16.329745072863787,nan,4,0,energy source is unavailable or undersampled; baseline elapsed_s is below 0.25s,test elapsed_s 0.5388s < warning threshold 1s,,,,,,,False,False,no_quality_pass,nan,tensor_model_utilization_pct_mean,not_quality_pass,fp16-energy-bench-v2,fp16-energy-bench-v2,,,,,,0.5387948120116001,,162.47808,1005.7662514936361,98.2193604974254,10496000000.0,,,,113.1114,18.90241027179828,0.16594150753947073,0.8340584924605293,0.8590280801841196,,,,,1.000596321405044,nan,-0.035017824168940594,nan,consumer,86,results/diagnostic_fp16_launch_shape_rtx3090_20260602_125100,"ga102
GeForce RTX 3090"
pair,launch_shape_tensor_mma_f16acc_t128_b02,2,NVIDIA GeForce RTX 3090,ampere,ga102,82,tensor_mma_f16acc,tensor_baseline_mov,128,256.0,2,8,mixed_or_unavailable,structural_baseline,False,False,True,True,True,False,True,True,True,fp16-energy-bench-v2,fp16-energy-bench-v2,True,logical_m16n16k16_input_bits_8192,True,bench_json_metadata,True,False,False,False,False,False,missing NCU validation row,missing NCU validation row,missing NCU validation row for tensor activity,,,,,,,,,,,,,True,True,True,159.4498457497121,0.5392493896480001,0.06778880310060001,162.47808,1004.9148909668627,98.13621982098267,99.0,10496000000.0,8192.0,8192.0,0.14305849010191557,17.09776995946521,103.521,12.30063134400271,0.11882257072480666,0.8811774292751934,0.9082045832247807,0.0,nvml_total_energy_counter,nvml_total_energy_counter,0.9277034536667239,nan,-8.067460289584915,nan,4,0,energy source is unavailable or undersampled; baseline elapsed_s is below 0.25s,test elapsed_s 0.5388s < warning threshold 1s,,,,,,,False,False,no_quality_pass,nan,tensor_model_utilization_pct_mean,not_quality_pass,fp16-energy-bench-v2,fp16-energy-bench-v2,,,,,,0.5387948120116001,,162.47808,1005.7662514936361,98.2193604974254,10496000000.0,,,,113.1114,18.90241027179828,0.16594150753947073,0.8340584924605293,0.8590280801841196,,,,,1.000596321405044,nan,-0.035017824168940594,nan,consumer,86,results/diagnostic_fp16_launch_shape_rtx3090_20260602_125100,"ga102
GeForce RTX 3090"
pair,launch_shape_tensor_mma_f16acc_t128_b02,3,NVIDIA GeForce RTX 3090,ampere,ga102,82,tensor_mma_f16acc,tensor_baseline_mov,128,256.0,2,8,mixed_or_unavailable,structural_baseline,False,False,False,False,False,False,True,True,True,fp16-energy-bench-v2,fp16-energy-bench-v2,True,logical_m16n16k16_input_bits_8192,True,bench_json_metadata,True,False,False,False,False,False,missing NCU validation row,missing NCU validation row,missing NCU validation row for tensor activity,,,,,,,,,,,,,True,True,True,155.61905464071896,0.5525238037110001,0.0677181472778,162.47808,980.771756732331,95.7784918683917,98.0,10496000000.0,8192.0,8192.0,nan,nan,124.466,nan,nan,nan,nan,0.0,nvml_total_energy_counter,unavailable,1.0512291890738812,nan,6.065558598964643,nan,5,0,energy source is unavailable or undersampled; baseline elapsed_s is below 0.25s,test elapsed_s 0.5388s < warning threshold 1s,,,,,,,False,False,no_quality_pass,nan,tensor_model_utilization_pct_mean,not_quality_pass,fp16-energy-bench-v2,fp16-energy-bench-v2,,,,,,0.5387948120116001,,162.47808,1005.7662514936361,98.2193604974254,10496000000.0,,,,113.1114,18.90241027179828,0.16594150753947073,0.8340584924605293,0.8590280801841196,,,,,1.000596321405044,nan,-0.035017824168940594,nan,consumer,86,results/diagnostic_fp16_launch_shape_rtx3090_20260602_125100,"ga102
GeForce RTX 3090"
pair,launch_shape_tensor_mma_f16acc_t128_b02,4,NVIDIA GeForce RTX 3090,ampere,ga102,82,tensor_mma_f16acc,tensor_baseline_mov,128,256.0,2,8,mixed_or_unavailable,structural_baseline,False,False,False,False,False,False,True,True,True,fp16-energy-bench-v2,fp16-energy-bench-v2,True,logical_m16n16k16_input_bits_8192,True,bench_json_metadata,True,False,False,False,False,False,missing NCU validation row,missing NCU validation row,missing NCU validation row for tensor activity,,,,,,,,,,,,,True,True,True,159.5152582822458,0.5390282592769999,0.0679925765991,162.47808,1005.3271461665457,98.17647911782673,100.0,10496000000.0,8192.0,8192.0,nan,nan,128.537,nan,nan,nan,nan,0.0,nvml_total_energy_counter,unavailable,1.114295689416646,nan,13.184314693201912,nan,5,0,energy source is unavailable or undersampled; baseline elapsed_s is below 0.25s,test elapsed_s 0.5388s < warning threshold 1s,,,,,,,False,False,no_quality_pass,nan,tensor_model_utilization_pct_mean,not_quality_pass,fp16-energy-bench-v2,fp16-energy-bench-v2,,,,,,0.5387948120116001,,162.47808,1005.7662514936361,98.2193604974254,10496000000.0,,,,113.1114,18.90241027179828,0.16594150753947073,0.8340584924605293,0.8590280801841196,,,,,1.000596321405044,nan,-0.035017824168940594,nan,consumer,86,results/diagnostic_fp16_launch_shape_rtx3090_20260602_125100,"ga102
GeForce RTX 3090"
pair,launch_shape_tensor_mma_f16acc_t128_b02,5,NVIDIA GeForce RTX 3090,ampere,ga102,82,tensor_mma_f16acc,tensor_baseline_mov,128,256.0,2,8,mixed_or_unavailable,structural_baseline,False,False,False,False,False,False,True,True,True,fp16-energy-bench-v2,fp16-energy-bench-v2,True,logical_m16n16k16_input_bits_8192,True,bench_json_metadata,True,False,False,False,False,False,missing NCU validation row,missing NCU validation row,missing NCU validation row for tensor activity,,,,,,,,,,,,,True,True,True,159.05862009959537,0.540575744629,0.0687278060913,162.47808,1002.4492348874733,97.8954330944798,99.0,10496000000.0,8192.0,8192.0,nan,nan,126.822,nan,nan,nan,nan,0.0,nvml_total_energy_counter,unavailable,1.0921660294197897,nan,10.702292387986247,nan,5,0,energy source is unavailable or undersampled; baseline elapsed_s is below 0.25s,test elapsed_s 0.5388s < warning threshold 1s,,,,,,,False,False,no_quality_pass,nan,tensor_model_utilization_pct_mean,not_quality_pass,fp16-energy-bench-v2,fp16-energy-bench-v2,,,,,,0.5387948120116001,,162.47808,1005.7662514936361,98.2193604974254,10496000000.0,,,,113.1114,18.90241027179828,0.16594150753947073,0.8340584924605293,0.8590280801841196,,,,,1.000596321405044,nan,-0.035017824168940594,nan,consumer,86,results/diagnostic_fp16_launch_shape_rtx3090_20260602_125100,"ga102
GeForce RTX 3090"
pair,launch_shape_tensor_mma_f16acc_t128_b02,6,NVIDIA GeForce RTX 3090,ampere,ga102,82,tensor_mma_f16acc,tensor_baseline_mov,128,256.0,2,8,mixed_or_unavailable,structural_baseline,False,False,True,True,True,False,True,True,True,fp16-energy-bench-v2,fp16-energy-bench-v2,True,logical_m16n16k16_input_bits_8192,True,bench_json_metadata,True,False,False,False,False,False,missing NCU validation row,missing NCU validation row,missing NCU validation row for tensor activity,,,,,,,,,,,,,True,True,True,159.25742231416783,0.5399009399410001,0.0687257614136,162.47808,1003.7021636992993,98.0177894237597,98.0,10496000000.0,8192.0,8192.0,0.16000585748788268,20.511474212799413,104.909,13.757820765739552,0.13114051955256034,0.8688594804474397,0.891669092670526,0.0,nvml_total_energy_counter,nvml_total_energy_counter,0.923335423277118,nan,-8.710598420317467,nan,4,0,energy source is unavailable or undersampled; baseline elapsed_s is below 0.25s,test elapsed_s 0.5388s < warning threshold 1s,,,,,,,False,False,no_quality_pass,nan,tensor_model_utilization_pct_mean,not_quality_pass,fp16-energy-bench-v2,fp16-energy-bench-v2,,,,,,0.5387948120116001,,162.47808,1005.7662514936361,98.2193604974254,10496000000.0,,,,113.1114,18.90241027179828,0.16594150753947073,0.8340584924605293,0.8590280801841196,,,,,1.000596321405044,nan,-0.035017824168940594,nan,consumer,86,results/diagnostic_fp16_launch_shape_rtx3090_20260602_125100,"ga102
GeForce RTX 3090"
pair,launch_shape_tensor_mma_f16acc_t128_b02,7,NVIDIA GeForce RTX 3090,ampere,ga102,82,tensor_mma_f16acc,tensor_baseline_mov,128,256.0,2,8,mixed_or_unavailable,structural_baseline,False,False,True,True,True,False,True,True,True,fp16-energy-bench-v2,fp16-energy-bench-v2,True,logical_m16n16k16_input_bits_8192,True,bench_json_metadata,True,False,False,False,False,False,missing NCU validation row,missing NCU validation row,missing NCU validation row for tensor activity,,,,,,,,,,,,,True,True,True,159.5701682169694,0.538842773438,0.0677191696167,162.47808,1005.6732099134645,98.21027440561176,98.0,10496000000.0,8192.0,8192.0,0.2722256818138697,37.605088784242696,104.606,23.406843955760138,0.22376196351796399,0.776238036482036,0.8002882540139707,0.0,nvml_total_energy_counter,nvml_total_energy_counter,0.9018901039715124,nan,-11.379306346486032,nan,5,0,energy source is unavailable or undersampled; baseline elapsed_s is below 0.25s,test elapsed_s 0.5388s < warning threshold 1s,,,,,,,False,False,no_quality_pass,nan,tensor_model_utilization_pct_mean,not_quality_pass,fp16-energy-bench-v2,fp16-energy-bench-v2,,,,,,0.5387948120116001,,162.47808,1005.7662514936361,98.2193604974254,10496000000.0,,,,113.1114,18.90241027179828,0.16594150753947073,0.8340584924605293,0.8590280801841196,,,,,1.000596321405044,nan,-0.035017824168940594,nan,consumer,86,results/diagnostic_fp16_launch_shape_rtx3090_20260602_125100,"ga102
GeForce RTX 3090"
pair,launch_shape_tensor_mma_f16acc_t128_b02,8,NVIDIA GeForce RTX 3090,ampere,ga102,82,tensor_mma_f16acc,tensor_baseline_mov,128,256.0,2,8,mixed_or_unavailable,structural_baseline,False,False,False,False,False,False,True,True,True,fp16-energy-bench-v2,fp16-energy-bench-v2,True,logical_m16n16k16_input_bits_8192,True,bench_json_metadata,True,False,False,False,False,False,missing NCU validation row,missing NCU validation row,missing NCU validation row for tensor activity,,,,,,,,,,,,,True,True,True,159.50216425861427,0.5390725097660001,0.0677148513794,162.47808,1005.2446225412131,98.16842017004032,99.0,10496000000.0,8192.0,8192.0,nan,nan,109.172,nan,nan,nan,nan,0.0,nvml_total_energy_counter,unavailable,0.951277699646492,nan,-5.591543853251082,nan,4,0,energy source is unavailable or undersampled; baseline elapsed_s is below 0.25s,test elapsed_s 0.5388s < warning threshold 1s,,,,,,,False,False,no_quality_pass,nan,tensor_model_utilization_pct_mean,not_quality_pass,fp16-energy-bench-v2,fp16-energy-bench-v2,,,,,,0.5387948120116001,,162.47808,1005.7662514936361,98.2193604974254,10496000000.0,,,,113.1114,18.90241027179828,0.16594150753947073,0.8340584924605293,0.8590280801841196,,,,,1.000596321405044,nan,-0.035017824168940594,nan,consumer,86,results/diagnostic_fp16_launch_shape_rtx3090_20260602_125100,"ga102
GeForce RTX 3090"
pair,launch_shape_tensor_mma_f16acc_t128_b02,9,NVIDIA GeForce RTX 3090,ampere,ga102,82,tensor_mma_f16acc,tensor_baseline_mov,128,256.0,2,8,mixed_or_unavailable,structural_baseline,False,False,True,True,True,False,True,True,True,fp16-energy-bench-v2,fp16-energy-bench-v2,True,logical_m16n16k16_input_bits_8192,True,bench_json_metadata,True,False,False,False,False,False,missing NCU validation row,missing NCU validation row,missing NCU validation row for tensor activity,,,,,,,,,,,,,True,True,True,159.50196560744078,0.539073181152,0.06774886322019999,162.47808,1005.2433705643208,98.16829790667195,99.0,10496000000.0,8192.0,8192.0,0.05875093358777847,2.350784471652247,125.897,5.051595152894549,0.04012482547554389,0.9598751745244561,0.9896223293299978,0.0,nvml_total_energy_counter,nvml_total_energy_counter,1.1019964550640413,nan,11.652530862679924,nan,4,0,energy source is unavailable or undersampled; baseline elapsed_s is below 0.25s,test elapsed_s 0.5388s < warning threshold 1s,,,,,,,False,False,no_quality_pass,nan,tensor_model_utilization_pct_mean,not_quality_pass,fp16-energy-bench-v2,fp16-energy-bench-v2,,,,,,0.5387948120116001,,162.47808,1005.7662514936361,98.2193604974254,10496000000.0,,,,113.1114,18.90241027179828,0.16594150753947073,0.8340584924605293,0.8590280801841196,,,,,1.000596321405044,nan,-0.035017824168940594,nan,consumer,86,results/diagnostic_fp16_launch_shape_rtx3090_20260602_125100,"ga102
GeForce RTX 3090"
pair,launch_shape_tensor_mma_f16acc_t128_b04,0,NVIDIA GeForce RTX 3090,ampere,ga102,82,tensor_mma_f16acc,tensor_baseline_mov,128,512.0,4,8,mixed_or_unavailable,structural_baseline,False,False,False,False,False,False,True,True,True,fp16-energy-bench-v2,fp16-energy-bench-v2,True,logical_m16n16k16_input_bits_8192,True,bench_json_metadata,True,False,False,False,False,False,missing NCU validation row,missing NCU validation row,missing NCU validation row for tensor activity,,,,,,,,,,,,,True,True,True,160.85301675816777,1.06909069824,0.0697640991211,162.63552,1012.7768470280281,98.90398896758086,100.0,20992000000.0,8192.0,8192.0,-0.3540025992829228,-62.607840928500764,207.22,-60.87657524549317,-0.2937775081820923,1.2937775081820924,1.332732272594597,15.0,nvml_total_energy_counter,nvml_total_energy_counter,0.8394766160555991,nan,-39.62427896711739,nan,8,0,valid_no_l2_count 2 < required 5; pure_fp16_candidate_count 2 < required 5; energy source is unavailable or undersampled; baseline elapsed_s is below 0.25s,,,,,,,,False,False,no_quality_pass,nan,tensor_model_utilization_pct_mean,not_quality_pass,fp16-energy-bench-v2,fp16-energy-bench-v2,,,,,,1.0785079956099999,,162.47808,1004.9065015094095,98.13540053802826,20992000000.0,,,,236.4755,19.659092149022754,0.08347825970852843,0.9165217402914716,0.9403413553301943,,,,,0.9084849757651738,nan,-23.851472160449774,nan,consumer,86,results/diagnostic_fp16_launch_shape_rtx3090_20260602_125100,"ga102
GeForce RTX 3090"
pair,launch_shape_tensor_mma_f16acc_t128_b04,1,NVIDIA GeForce RTX 3090,ampere,ga102,82,tensor_mma_f16acc,tensor_baseline_mov,128,512.0,4,8,mixed_or_unavailable,structural_baseline,False,False,False,False,False,False,True,True,True,fp16-energy-bench-v2,fp16-energy-bench-v2,True,logical_m16n16k16_input_bits_8192,True,bench_json_metadata,True,False,False,False,False,False,missing NCU validation row,missing NCU validation row,missing NCU validation row for tensor activity,,,,,,,,,,,,,True,True,True,160.07335744950578,1.0742978515600001,0.07115273284910001,162.47808,1008.844503998902,98.51997109364277,100.0,20992000000.0,8192.0,8192.0,nan,nan,231.293,nan,nan,nan,nan,0.0,nvml_total_energy_counter,unavailable,0.908668358214843,nan,-23.247611994451916,nan,9,0,valid_no_l2_count 2 < required 5; pure_fp16_candidate_count 2 < required 5; energy source is unavailable or undersampled; baseline elapsed_s is below 0.25s,,,,,,,,False,False,no_quality_pass,nan,tensor_model_utilization_pct_mean,not_quality_pass,fp16-energy-bench-v2,fp16-energy-bench-v2,,,,,,1.0785079956099999,,162.47808,1004.9065015094095,98.13540053802826,20992000000.0,,,,236.4755,19.659092149022754,0.08347825970852843,0.9165217402914716,0.9403413553301943,,,,,0.9084849757651738,nan,-23.851472160449774,nan,consumer,86,results/diagnostic_fp16_launch_shape_rtx3090_20260602_125100,"ga102
GeForce RTX 3090"
pair,launch_shape_tensor_mma_f16acc_t128_b04,2,NVIDIA GeForce RTX 3090,ampere,ga102,82,tensor_mma_f16acc,tensor_baseline_mov,128,512.0,4,8,mixed_or_unavailable,structural_baseline,False,False,False,False,False,False,True,True,True,fp16-energy-bench-v2,fp16-energy-bench-v2,True,logical_m16n16k16_input_bits_8192,True,bench_json_metadata,True,False,False,False,False,False,missing NCU validation row,missing NCU validation row,missing NCU validation row for tensor activity,,,,,,,,,,,,,True,True,True,159.54291631159677,1.07786962891,0.0697967987061,162.47808,1005.5014578155718,98.19350173980193,100.0,20992000000.0,8192.0,8192.0,-0.41957787157047083,-72.5703995419853,208.293,-72.15332294662,-0.3464030137672413,1.3464030137672414,1.3868041581777233,0.0,nvml_total_energy_counter,nvml_total_energy_counter,0.8088881034646871,nan,-49.2123324530607,nan,9,0,valid_no_l2_count 2 < required 5; pure_fp16_candidate_count 2 < required 5; energy source is unavailable or undersampled; baseline elapsed_s is below 0.25s,,,,,,,,False,False,no_quality_pass,nan,tensor_model_utilization_pct_mean,not_quality_pass,fp16-energy-bench-v2,fp16-energy-bench-v2,,,,,,1.0785079956099999,,162.47808,1004.9065015094095,98.13540053802826,20992000000.0,,,,236.4755,19.659092149022754,0.08347825970852843,0.9165217402914716,0.9403413553301943,,,,,0.9084849757651738,nan,-23.851472160449774,nan,consumer,86,results/diagnostic_fp16_launch_shape_rtx3090_20260602_125100,"ga102
GeForce RTX 3090"
pair,launch_shape_tensor_mma_f16acc_t128_b04,3,NVIDIA GeForce RTX 3090,ampere,ga102,82,tensor_mma_f16acc,tensor_baseline_mov,128,512.0,4,8,mixed_or_unavailable,structural_baseline,False,False,False,False,False,False,True,True,True,fp16-energy-bench-v2,fp16-energy-bench-v2,True,logical_m16n16k16_input_bits_8192,True,bench_json_metadata,True,False,False,False,False,False,missing NCU validation row,missing NCU validation row,missing NCU validation row for tensor activity,,,,,,,,,,,,,True,True,True,159.54746969584463,1.0778388671899999,0.07084236907960001,162.47808,1005.530155012571,98.19630420044638,100.0,20992000000.0,8192.0,8192.0,nan,nan,231.839,nan,nan,nan,nan,0.0,nvml_total_energy_counter,unavailable,0.8940493163733203,nan,-27.47443579618937,nan,9,0,valid_no_l2_count 2 < required 5; pure_fp16_candidate_count 2 < required 5; energy source is unavailable or undersampled; baseline elapsed_s is below 0.25s,,,,,,,,False,False,no_quality_pass,nan,tensor_model_utilization_pct_mean,not_quality_pass,fp16-energy-bench-v2,fp16-energy-bench-v2,,,,,,1.0785079956099999,,162.47808,1004.9065015094095,98.13540053802826,20992000000.0,,,,236.4755,19.659092149022754,0.08347825970852843,0.9165217402914716,0.9403413553301943,,,,,0.9084849757651738,nan,-23.851472160449774,nan,consumer,86,results/diagnostic_fp16_launch_shape_rtx3090_20260602_125100,"ga102
GeForce RTX 3090"
pair,launch_shape_tensor_mma_f16acc_t128_b04,4,NVIDIA GeForce RTX 3090,ampere,ga102,82,tensor_mma_f16acc,tensor_baseline_mov,128,512.0,4,8,mixed_or_unavailable,structural_baseline,False,False,True,True,True,False,True,True,True,fp16-energy-bench-v2,fp16-energy-bench-v2,True,logical_m16n16k16_input_bits_8192,True,bench_json_metadata,True,False,False,False,False,False,missing NCU validation row,missing NCU validation row,missing NCU validation row for tensor activity,,,,,,,,,,,,,True,True,True,159.37774293425306,1.07898669434,0.0708290557861,162.47808,1004.460471004305,98.09184287151415,100.0,20992000000.0,8192.0,8192.0,0.040081324942381445,1.618845833798332,237.97,6.8926437227763415,0.028964338877910414,0.9710356611220896,0.9924977124598117,0.0,nvml_total_energy_counter,nvml_total_energy_counter,0.9215880701194873,nan,-20.24731825277027,nan,9,0,valid_no_l2_count 2 < required 5; pure_fp16_candidate_count 2 < required 5; energy source is unavailable or undersampled; baseline elapsed_s is below 0.25s,,,,,,,,False,False,no_quality_pass,nan,tensor_model_utilization_pct_mean,not_quality_pass,fp16-energy-bench-v2,fp16-energy-bench-v2,,,,,,1.0785079956099999,,162.47808,1004.9065015094095,98.13540053802826,20992000000.0,,,,236.4755,19.659092149022754,0.08347825970852843,0.9165217402914716,0.9403413553301943,,,,,0.9084849757651738,nan,-23.851472160449774,nan,consumer,86,results/diagnostic_fp16_launch_shape_rtx3090_20260602_125100,"ga102
GeForce RTX 3090"
pair,launch_shape_tensor_mma_f16acc_t128_b04,5,NVIDIA GeForce RTX 3090,ampere,ga102,82,tensor_mma_f16acc,tensor_baseline_mov,128,512.0,4,8,mixed_or_unavailable,structural_baseline,False,False,False,False,False,False,True,True,True,fp16-energy-bench-v2,fp16-energy-bench-v2,True,logical_m16n16k16_input_bits_8192,True,bench_json_metadata,True,False,False,False,False,False,missing NCU validation row,missing NCU validation row,missing NCU validation row for tensor activity,,,,,,,,,,,,,True,False,True,159.4311508415611,1.07862524414,0.0708321304321,162.47808,1004.7970683907549,98.12471371003467,nan,20992000000.0,8192.0,8192.0,nan,nan,231.524,nan,nan,nan,nan,0.0,nvml_total_energy_counter,unavailable,5.105834069922015,nan,186.17900898983655,nan,4,0,valid_no_l2_count 2 < required 5; pure_fp16_candidate_count 2 < required 5; energy source is unavailable or undersampled; baseline elapsed_s is below 0.25s,,,,,,,,False,False,no_quality_pass,nan,tensor_model_utilization_pct_mean,not_quality_pass,fp16-energy-bench-v2,fp16-energy-bench-v2,,,,,,1.0785079956099999,,162.47808,1004.9065015094095,98.13540053802826,20992000000.0,,,,236.4755,19.659092149022754,0.08347825970852843,0.9165217402914716,0.9403413553301943,,,,,0.9084849757651738,nan,-23.851472160449774,nan,consumer,86,results/diagnostic_fp16_launch_shape_rtx3090_20260602_125100,"ga102
GeForce RTX 3090"
pair,launch_shape_tensor_mma_f16acc_t128_b04,6,NVIDIA GeForce RTX 3090,ampere,ga102,82,tensor_mma_f16acc,tensor_baseline_mov,128,512.0,4,8,mixed_or_unavailable,structural_baseline,False,False,False,False,False,False,True,True,True,fp16-energy-bench-v2,fp16-energy-bench-v2,True,logical_m16n16k16_input_bits_8192,True,bench_json_metadata,True,False,False,False,False,False,missing NCU validation row,missing NCU validation row,missing NCU validation row for tensor activity,,,,,,,,,,,,,True,True,True,159.39346758475335,1.07888024902,0.07149977874760001,162.47808,1004.55957386244,98.10152088500391,100.0,20992000000.0,8192.0,8192.0,-0.10722493560877894,-22.63527390910494,235.424,-18.4390930292694,-0.0783229111274526,1.0783229111274526,1.1064352360777363,0.0,nvml_total_energy_counter,nvml_total_energy_counter,0.9008904366510448,nan,-25.899675357417806,nan,9,0,valid_no_l2_count 2 < required 5; pure_fp16_candidate_count 2 < required 5; energy source is unavailable or undersampled; baseline elapsed_s is below 0.25s,,,,,,,,False,False,no_quality_pass,nan,tensor_model_utilization_pct_mean,not_quality_pass,fp16-energy-bench-v2,fp16-energy-bench-v2,,,,,,1.0785079956099999,,162.47808,1004.9065015094095,98.13540053802826,20992000000.0,,,,236.4755,19.659092149022754,0.08347825970852843,0.9165217402914716,0.9403413553301943,,,,,0.9084849757651738,nan,-23.851472160449774,nan,consumer,86,results/diagnostic_fp16_launch_shape_rtx3090_20260602_125100,"ga102
GeForce RTX 3090"
pair,launch_shape_tensor_mma_f16acc_t128_b04,7,NVIDIA GeForce RTX 3090,ampere,ga102,82,tensor_mma_f16acc,tensor_baseline_mov,128,512.0,4,8,mixed_or_unavailable,structural_baseline,False,False,False,False,False,False,True,True,True,fp16-energy-bench-v2,fp16-energy-bench-v2,True,logical_m16n16k16_input_bits_8192,True,bench_json_metadata,True,False,False,False,False,False,missing NCU validation row,missing NCU validation row,missing NCU validation row for tensor activity,,,,,,,,,,,,,True,True,True,159.40391032180477,1.07880957031,0.0726538238525,162.47808,1004.6253880494409,98.1079480517032,100.0,20992000000.0,8192.0,8192.0,-0.04518422349124952,-13.667986230007756,234.885,-7.770171142375915,-0.03308074650307987,1.0330807465030798,1.0646972632420395,0.0,nvml_total_energy_counter,nvml_total_energy_counter,0.895843694104316,nan,-27.309176892480252,nan,9,0,valid_no_l2_count 2 < required 5; pure_fp16_candidate_count 2 < required 5; energy source is unavailable or undersampled; baseline elapsed_s is below 0.25s,,,,,,,,False,False,no_quality_pass,nan,tensor_model_utilization_pct_mean,not_quality_pass,fp16-energy-bench-v2,fp16-energy-bench-v2,,,,,,1.0785079956099999,,162.47808,1004.9065015094095,98.13540053802826,20992000000.0,,,,236.4755,19.659092149022754,0.08347825970852843,0.9165217402914716,0.9403413553301943,,,,,0.9084849757651738,nan,-23.851472160449774,nan,consumer,86,results/diagnostic_fp16_launch_shape_rtx3090_20260602_125100,"ga102
GeForce RTX 3090"
pair,launch_shape_tensor_mma_f16acc_t128_b04,8,NVIDIA GeForce RTX 3090,ampere,ga102,82,tensor_mma_f16acc,tensor_baseline_mov,128,512.0,4,8,mixed_or_unavailable,structural_baseline,False,False,False,False,False,False,True,True,True,fp16-energy-bench-v2,fp16-energy-bench-v2,True,logical_m16n16k16_input_bits_8192,True,bench_json_metadata,True,False,False,False,False,False,missing NCU validation row,missing NCU validation row,missing NCU validation row for tensor activity,,,,,,,,,,,,,True,True,True,159.36110199022028,1.07909936523,0.07079936218260001,162.47808,1004.3555933082516,98.08160090900894,100.0,20992000000.0,8192.0,8192.0,nan,nan,237.386,nan,nan,nan,nan,0.0,nvml_total_energy_counter,unavailable,0.90200245311302,nan,-25.79066784688419,nan,8,0,valid_no_l2_count 2 < required 5; pure_fp16_candidate_count 2 < required 5; energy source is unavailable or undersampled; baseline elapsed_s is below 0.25s,,,,,,,,False,False,no_quality_pass,nan,tensor_model_utilization_pct_mean,not_quality_pass,fp16-energy-bench-v2,fp16-energy-bench-v2,,,,,,1.0785079956099999,,162.47808,1004.9065015094095,98.13540053802826,20992000000.0,,,,236.4755,19.659092149022754,0.08347825970852843,0.9165217402914716,0.9403413553301943,,,,,0.9084849757651738,nan,-23.851472160449774,nan,consumer,86,results/diagnostic_fp16_launch_shape_rtx3090_20260602_125100,"ga102
GeForce RTX 3090"
pair,launch_shape_tensor_mma_f16acc_t128_b04,9,NVIDIA GeForce RTX 3090,ampere,ga102,82,tensor_mma_f16acc,tensor_baseline_mov,128,512.0,4,8,mixed_or_unavailable,structural_baseline,False,False,True,True,True,False,True,True,True,fp16-energy-bench-v2,fp16-energy-bench-v2,True,logical_m16n16k16_input_bits_8192,True,bench_json_metadata,True,False,False,False,False,False,missing NCU validation row,missing NCU validation row,missing NCU validation row for tensor activity,,,,,,,,,,,,,True,True,True,159.51928625474295,1.07802929688,0.0708198394775,162.47808,1005.352532014514,98.17895820454238,100.0,20992000000.0,8192.0,8192.0,0.1885573490379448,23.65429622344422,234.981,32.42554057526917,0.13799218053914644,0.8620078194608536,0.8881849982005767,0.0,nvml_total_energy_counter,nvml_total_energy_counter,0.8953818814108603,nan,-27.455626068129277,nan,8,0,valid_no_l2_count 2 < required 5; pure_fp16_candidate_count 2 < required 5; energy source is unavailable or undersampled; baseline elapsed_s is below 0.25s,,,,,,,,False,False,no_quality_pass,nan,tensor_model_utilization_pct_mean,not_quality_pass,fp16-energy-bench-v2,fp16-energy-bench-v2,,,,,,1.0785079956099999,,162.47808,1004.9065015094095,98.13540053802826,20992000000.0,,,,236.4755,19.659092149022754,0.08347825970852843,0.9165217402914716,0.9403413553301943,,,,,0.9084849757651738,nan,-23.851472160449774,nan,consumer,86,results/diagnostic_fp16_launch_shape_rtx3090_20260602_125100,"ga102
GeForce RTX 3090"
pair,launch_shape_tensor_mma_f16acc_t128_b08,0,NVIDIA GeForce RTX 3090,ampere,ga102,82,tensor_mma_f16acc,tensor_baseline_mov,128,1024.0,8,8,strict_nvml_counter,structural_baseline,False,False,True,True,True,True,True,True,True,fp16-energy-bench-v2,fp16-energy-bench-v2,True,logical_m16n16k16_input_bits_8192,True,bench_json_metadata,True,False,False,False,False,False,missing NCU validation row,missing NCU validation row,missing NCU validation row for tensor activity,,,,,,,,,,,,,True,True,True,157.75349424469172,2.1801921386700003,0.128252929688,162.47808,994.2238245710703,97.09217036826858,99.5,41984000000.0,8192.0,8192.0,0.5898497023313227,87.66678691338142,455.629,202.86873520274025,0.44524983089913117,0.5547501691008688,0.5694200447640028,0.0,nvml_total_energy_counter,nvml_total_energy_counter,0.9011286438630294,0.7549316757440315,-49.99137185586915,-4.991081453460001,17,1,baseline elapsed_s is below 0.25s,,,,,,,,False,False,no_quality_pass,nan,tensor_model_utilization_pct_mean,not_quality_pass,fp16-energy-bench-v2,fp16-energy-bench-v2,,,,,,2.1607149483814285,,162.4227164835165,1003.5426323419788,98.00221018964636,41984000000.0,,,,469.96842857142855,160.35049272003556,0.340913655823919,0.659086344176081,0.5932190040009395,,,,,1.084393610813579,0.8874448779694951,10.579360782885301,-2.4071030785814287,consumer,86,results/diagnostic_fp16_launch_shape_rtx3090_20260602_125100,"ga102
GeForce RTX 3090"
pair,launch_shape_tensor_mma_f16acc_t128_b08,1,NVIDIA GeForce RTX 3090,ampere,ga102,82,tensor_mma_f16acc,tensor_baseline_mov,128,1024.0,8,8,strict_nvml_counter,structural_baseline,False,False,False,False,False,True,True,True,True,fp16-energy-bench-v2,fp16-energy-bench-v2,True,logical_m16n16k16_input_bits_8192,True,bench_json_metadata,True,False,False,False,False,False,missing NCU validation row,missing NCU validation row,missing NCU validation row for tensor activity,,,,,,,,,,,,,True,True,True,159.54376553493222,2.1557277832,0.12970803833,162.47808,1005.5068099510444,98.19402440928168,100.0,41984000000.0,8192.0,8192.0,-0.3318348752503588,-58.8923169680977,445.109,-114.12894025737063,-0.2564067234258814,1.2564067234258813,1.2936873704207523,0.0,nvml_total_energy_counter,nvml_total_energy_counter,0.8641224799826157,1.6544614419011088,-69.99043359991589,13.782183446399998,17,1,baseline elapsed_s is below 0.25s,,,,,,,,False,False,no_quality_pass,nan,tensor_model_utilization_pct_mean,not_quality_pass,fp16-energy-bench-v2,fp16-energy-bench-v2,,,,,,2.1607149483814285,,162.4227164835165,1003.5426323419788,98.00221018964636,41984000000.0,,,,469.96842857142855,160.35049272003556,0.340913655823919,0.659086344176081,0.5932190040009395,,,,,1.084393610813579,0.8874448779694951,10.579360782885301,-2.4071030785814287,consumer,86,results/diagnostic_fp16_launch_shape_rtx3090_20260602_125100,"ga102
GeForce RTX 3090"
pair,launch_shape_tensor_mma_f16acc_t128_b08,2,NVIDIA GeForce RTX 3090,ampere,ga102,82,tensor_mma_f16acc,tensor_baseline_mov,128,1024.0,8,8,strict_nvml_counter,structural_baseline,False,False,True,True,True,True,True,True,True,fp16-energy-bench-v2,fp16-energy-bench-v2,True,logical_m16n16k16_input_bits_8192,True,bench_json_metadata,True,False,False,False,False,False,missing NCU validation row,missing NCU validation row,missing NCU validation row for tensor activity,,,,,,,,,,,,,True,True,True,159.46285898292143,2.1568215332,0.127564796448,162.47808,1004.9969054195591,98.14422904487881,100.0,41984000000.0,8192.0,8192.0,0.36568826511021874,52.07783262873289,471.638,125.77223575459777,0.26667112436783674,0.7333288756321633,0.7548549857820476,0.0,nvml_total_energy_counter,nvml_total_energy_counter,0.9050656430234325,1.0061426105802969,-49.4711633358898,0.12939168589999994,16,1,baseline elapsed_s is below 0.25s,,,,,,,,False,False,no_quality_pass,nan,tensor_model_utilization_pct_mean,not_quality_pass,fp16-energy-bench-v2,fp16-energy-bench-v2,,,,,,2.1607149483814285,,162.4227164835165,1003.5426323419788,98.00221018964636,41984000000.0,,,,469.96842857142855,160.35049272003556,0.340913655823919,0.659086344176081,0.5932190040009395,,,,,1.084393610813579,0.8874448779694951,10.579360782885301,-2.4071030785814287,consumer,86,results/diagnostic_fp16_launch_shape_rtx3090_20260602_125100,"ga102
GeForce RTX 3090"
pair,launch_shape_tensor_mma_f16acc_t128_b08,3,NVIDIA GeForce RTX 3090,ampere,ga102,82,tensor_mma_f16acc,tensor_baseline_mov,128,1024.0,8,8,strict_nvml_counter,structural_baseline,False,False,True,True,True,True,True,True,True,fp16-energy-bench-v2,fp16-energy-bench-v2,True,logical_m16n16k16_input_bits_8192,True,bench_json_metadata,True,False,False,False,False,False,missing NCU validation row,missing NCU validation row,missing NCU validation row for tensor activity,,,,,,,,,,,,,True,True,True,159.5056497682369,2.15624291992,0.127963996887,162.47808,1005.2665895773423,98.17056538841233,100.0,41984000000.0,8192.0,8192.0,0.33625810244492393,47.634110105790626,448.281,115.65023373760664,0.25798602603636256,0.7420139739636374,0.7640686274232377,0.0,nvml_total_energy_counter,nvml_total_energy_counter,0.8555752780370155,0.9606080721230627,-75.67172690500257,-0.8374097433900012,16,1,baseline elapsed_s is below 0.25s,,,,,,,,False,False,no_quality_pass,nan,tensor_model_utilization_pct_mean,not_quality_pass,fp16-energy-bench-v2,fp16-energy-bench-v2,,,,,,2.1607149483814285,,162.4227164835165,1003.5426323419788,98.00221018964636,41984000000.0,,,,469.96842857142855,160.35049272003556,0.340913655823919,0.659086344176081,0.5932190040009395,,,,,1.084393610813579,0.8874448779694951,10.579360782885301,-2.4071030785814287,consumer,86,results/diagnostic_fp16_launch_shape_rtx3090_20260602_125100,"ga102
GeForce RTX 3090"
pair,launch_shape_tensor_mma_f16acc_t128_b08,4,NVIDIA GeForce RTX 3090,ampere,ga102,82,tensor_mma_f16acc,tensor_baseline_mov,128,1024.0,8,8,strict_nvml_counter,structural_baseline,False,False,False,False,False,True,True,True,True,fp16-energy-bench-v2,fp16-energy-bench-v2,True,logical_m16n16k16_input_bits_8192,True,bench_json_metadata,True,False,False,False,False,False,missing NCU validation row,missing NCU validation row,missing NCU validation row for tensor activity,,,,,,,,,,,,,True,True,True,157.92046780224524,2.17788696289,0.129058822632,162.47808,995.2761568175789,97.19493718921667,99.5,41984000000.0,8192.0,8192.0,-0.49719639494506485,-83.62602087664277,474.312,-171.00221190450054,-0.3605268513225483,1.3605268513225484,1.393206930722044,0.0,nvml_total_energy_counter,nvml_total_energy_counter,0.9017289440899589,1.8301599438923644,-51.690856078535035,17.7792926074,16,1,baseline elapsed_s is below 0.25s,,,,,,,,False,False,no_quality_pass,nan,tensor_model_utilization_pct_mean,not_quality_pass,fp16-energy-bench-v2,fp16-energy-bench-v2,,,,,,2.1607149483814285,,162.4227164835165,1003.5426323419788,98.00221018964636,41984000000.0,,,,469.96842857142855,160.35049272003556,0.340913655823919,0.659086344176081,0.5932190040009395,,,,,1.084393610813579,0.8874448779694951,10.579360782885301,-2.4071030785814287,consumer,86,results/diagnostic_fp16_launch_shape_rtx3090_20260602_125100,"ga102
GeForce RTX 3090"
pair,launch_shape_tensor_mma_f16acc_t128_b08,5,NVIDIA GeForce RTX 3090,ampere,ga102,82,tensor_mma_f16acc,tensor_baseline_mov,128,1024.0,8,8,strict_nvml_counter,structural_baseline,False,False,True,True,True,True,True,True,True,fp16-energy-bench-v2,fp16-energy-bench-v2,True,logical_m16n16k16_input_bits_8192,True,bench_json_metadata,True,False,False,False,False,False,missing NCU validation row,missing NCU validation row,missing NCU validation row for tensor activity,,,,,,,,,,,,,True,True,True,159.39795833471746,2.15769970703,0.130836486816,162.47808,1004.587876313843,98.10428479627372,100.0,41984000000.0,8192.0,8192.0,0.6189270412967885,95.43523554063576,479.1,212.86938953158142,0.44431097794110086,0.5556890220588991,0.5638672865274991,0.0,nvml_total_energy_counter,nvml_total_energy_counter,0.9226306324144785,0.7456267377500058,-40.17606039506745,-5.604471702359998,16,1,baseline elapsed_s is below 0.25s,,,,,,,,False,False,no_quality_pass,nan,tensor_model_utilization_pct_mean,not_quality_pass,fp16-energy-bench-v2,fp16-energy-bench-v2,,,,,,2.1607149483814285,,162.4227164835165,1003.5426323419788,98.00221018964636,41984000000.0,,,,469.96842857142855,160.35049272003556,0.340913655823919,0.659086344176081,0.5932190040009395,,,,,1.084393610813579,0.8874448779694951,10.579360782885301,-2.4071030785814287,consumer,86,results/diagnostic_fp16_launch_shape_rtx3090_20260602_125100,"ga102
GeForce RTX 3090"
pair,launch_shape_tensor_mma_f16acc_t128_b08,6,NVIDIA GeForce RTX 3090,ampere,ga102,82,tensor_mma_f16acc,tensor_baseline_mov,128,1024.0,8,8,strict_nvml_counter,structural_baseline,False,False,False,False,False,True,True,True,True,fp16-energy-bench-v2,fp16-energy-bench-v2,True,logical_m16n16k16_input_bits_8192,True,bench_json_metadata,True,False,False,False,False,False,missing NCU validation row,missing NCU validation row,missing NCU validation row for tensor activity,,,,,,,,,,,,,True,True,True,159.24541464414588,2.15976660156,0.12928102111800002,162.47808,1003.626486696577,98.0103990914626,100.0,41984000000.0,8192.0,8192.0,nan,nan,454.5,nan,nan,nan,nan,0.0,nvml_total_energy_counter,nvml_total_energy_counter,0.8605293939018477,nan,-73.66324836875992,nan,16,0,baseline elapsed_s is below 0.25s,,,,,,,,False,False,no_quality_pass,nan,tensor_model_utilization_pct_mean,not_quality_pass,fp16-energy-bench-v2,fp16-energy-bench-v2,,,,,,2.1607149483814285,,162.4227164835165,1003.5426323419788,98.00221018964636,41984000000.0,,,,469.96842857142855,160.35049272003556,0.340913655823919,0.659086344176081,0.5932190040009395,,,,,1.084393610813579,0.8874448779694951,10.579360782885301,-2.4071030785814287,consumer,86,results/diagnostic_fp16_launch_shape_rtx3090_20260602_125100,"ga102
GeForce RTX 3090"
pair,launch_shape_tensor_mma_f16acc_t128_b08,7,NVIDIA GeForce RTX 3090,ampere,ga102,82,tensor_mma_f16acc,tensor_baseline_mov,128,1024.0,8,8,strict_nvml_counter,structural_baseline,False,False,True,True,True,True,True,True,True,fp16-energy-bench-v2,fp16-energy-bench-v2,True,logical_m16n16k16_input_bits_8192,True,bench_json_metadata,True,False,False,False,False,False,missing NCU validation row,missing NCU validation row,missing NCU validation row for tensor activity,,,,,,,,,,,,,True,True,True,159.4485463477049,2.15701513672,0.12811776733400002,162.47808,1004.9067016304589,98.13542008109948,100.0,41984000000.0,8192.0,8192.0,0.47701278143044523,69.56495864292978,477.643,164.06040261079704,0.3434791310891127,0.6565208689108873,0.6763562228159891,0.0,nvml_total_energy_counter,nvml_total_energy_counter,0.9036547741444033,0.8851560129752506,-50.925003696147144,-2.4996545485600024,16,1,baseline elapsed_s is below 0.25s,,,,,,,,False,False,no_quality_pass,nan,tensor_model_utilization_pct_mean,not_quality_pass,fp16-energy-bench-v2,fp16-energy-bench-v2,,,,,,2.1607149483814285,,162.4227164835165,1003.5426323419788,98.00221018964636,41984000000.0,,,,469.96842857142855,160.35049272003556,0.340913655823919,0.659086344176081,0.5932190040009395,,,,,1.084393610813579,0.8874448779694951,10.579360782885301,-2.4071030785814287,consumer,86,results/diagnostic_fp16_launch_shape_rtx3090_20260602_125100,"ga102
GeForce RTX 3090"
pair,launch_shape_tensor_mma_f16acc_t128_b08,8,NVIDIA GeForce RTX 3090,ampere,ga102,82,tensor_mma_f16acc,tensor_baseline_mov,128,1024.0,8,8,strict_nvml_counter,structural_baseline,False,False,True,True,True,True,True,True,True,fp16-energy-bench-v2,fp16-energy-bench-v2,True,logical_m16n16k16_input_bits_8192,True,bench_json_metadata,True,False,False,False,False,False,missing NCU validation row,missing NCU validation row,missing NCU validation row for tensor activity,,,,,,,,,,,,,True,True,True,159.5392846324745,2.15578833008,0.127836158752,162.47808,1005.4785695624536,98.19126655883336,100.0,41984000000.0,8192.0,8192.0,0.5244814623524343,231.68750807888676,480.772,180.3864450285945,0.37520164449800425,0.6247983555019958,0.3755501149262978,0.0,nvml_total_energy_counter,nvml_total_energy_counter,1.558246173248818,0.8473551232478175,172.23795175162275,-3.3148066259999993,11,1,baseline elapsed_s is below 0.25s,,,,,,,,False,False,no_quality_pass,nan,tensor_model_utilization_pct_mean,not_quality_pass,fp16-energy-bench-v2,fp16-energy-bench-v2,,,,,,2.1607149483814285,,162.4227164835165,1003.5426323419788,98.00221018964636,41984000000.0,,,,469.96842857142855,160.35049272003556,0.340913655823919,0.659086344176081,0.5932190040009395,,,,,1.084393610813579,0.8874448779694951,10.579360782885301,-2.4071030785814287,consumer,86,results/diagnostic_fp16_launch_shape_rtx3090_20260602_125100,"ga102
GeForce RTX 3090"
pair,launch_shape_tensor_mma_f16acc_t128_b08,9,NVIDIA GeForce RTX 3090,ampere,ga102,82,tensor_mma_f16acc,tensor_baseline_mov,128,1024.0,8,8,strict_nvml_counter,structural_baseline,False,False,True,True,True,True,True,True,True,fp16-energy-bench-v2,fp16-energy-bench-v2,True,logical_m16n16k16_input_bits_8192,True,bench_json_metadata,True,False,False,False,False,False,missing NCU validation row,missing NCU validation row,missing NCU validation row for tensor activity,,,,,,,,,,,,,True,True,True,159.13649225440784,2.1612448730500002,0.129839172363,162.0905353846154,1005.3379593191247,98.17753508975827,100.0,41984000000.0,8192.0,8192.0,0.35136504049513745,202.54354156751032,476.716,120.84600717433119,0.25349685593588467,0.7465031440641153,0.4484157457675025,15.0,nvml_total_energy_counter,nvml_total_energy_counter,1.5444541309638762,1.0122939133660016,168.05289991655047,0.2683108378000014,13,1,baseline elapsed_s is below 0.25s,,,,,,,,False,False,no_quality_pass,nan,tensor_model_utilization_pct_mean,not_quality_pass,fp16-energy-bench-v2,fp16-energy-bench-v2,,,,,,2.1607149483814285,,162.4227164835165,1003.5426323419788,98.00221018964636,41984000000.0,,,,469.96842857142855,160.35049272003556,0.340913655823919,0.659086344176081,0.5932190040009395,,,,,1.084393610813579,0.8874448779694951,10.579360782885301,-2.4071030785814287,consumer,86,results/diagnostic_fp16_launch_shape_rtx3090_20260602_125100,"ga102
GeForce RTX 3090"
pair,launch_shape_tensor_mma_f16acc_t256_b01,0,NVIDIA GeForce RTX 3090,ampere,ga102,82,tensor_mma_f16acc,tensor_baseline_mov,256,256.0,1,8,mixed_or_unavailable,structural_baseline,False,False,False,False,False,False,True,True,True,fp16-energy-bench-v2,fp16-energy-bench-v2,True,logical_m16n16k16_input_bits_8192,True,bench_json_metadata,True,False,False,False,False,False,missing NCU validation row,missing NCU validation row,missing NCU validation row for tensor activity,,,,,,,,,,,,,True,True,True,160.52002625380754,0.5356542358399999,0.0671897583008,162.47808,1011.659584381468,98.79488128725275,99.0,10496000000.0,8192.0,8192.0,-0.10888798202531098,-22.49898706064272,100.533,-9.362540620494144,-0.09312902848312637,1.0931290284831263,1.1231725461773698,0.0,nvml_total_energy_counter,nvml_total_energy_counter,0.9330095467778058,nan,-7.218309027003684,nan,4,0,energy source is unavailable or undersampled; baseline elapsed_s is below 0.25s,test elapsed_s 0.538s < warning threshold 1s,,,,,,,False,False,no_quality_pass,nan,tensor_model_utilization_pct_mean,not_quality_pass,fp16-energy-bench-v2,fp16-energy-bench-v2,,,,,,0.5379841552736,,162.47808,1007.2790549002768,98.36709520510514,10496000000.0,,,,128.382,15.75851424814837,0.12307428405497808,0.876925715945022,0.9059784291475577,,,,,1.1079199710694725,nan,12.488342089456054,nan,consumer,86,results/diagnostic_fp16_launch_shape_rtx3090_20260602_125100,"ga102
GeForce RTX 3090"
pair,launch_shape_tensor_mma_f16acc_t256_b01,1,NVIDIA GeForce RTX 3090,ampere,ga102,82,tensor_mma_f16acc,tensor_baseline_mov,256,256.0,1,8,mixed_or_unavailable,structural_baseline,False,False,False,False,False,False,True,True,True,fp16-energy-bench-v2,fp16-energy-bench-v2,True,logical_m16n16k16_input_bits_8192,True,bench_json_metadata,True,False,False,False,False,False,missing NCU validation row,missing NCU validation row,missing NCU validation row for tensor activity,,,,,,,,,,,,,True,True,True,160.53348916486294,0.535609313965,0.0677191696167,162.47808,1011.7444328786976,98.80316727331031,97.0,10496000000.0,8192.0,8192.0,nan,nan,107.783,nan,nan,nan,nan,0.0,nvml_total_energy_counter,unavailable,1.0037156595105055,nan,0.39900237206234124,nan,3,0,energy source is unavailable or undersampled; baseline elapsed_s is below 0.25s,test elapsed_s 0.538s < warning threshold 1s,,,,,,,False,False,no_quality_pass,nan,tensor_model_utilization_pct_mean,not_quality_pass,fp16-energy-bench-v2,fp16-energy-bench-v2,,,,,,0.5379841552736,,162.47808,1007.2790549002768,98.36709520510514,10496000000.0,,,,128.382,15.75851424814837,0.12307428405497808,0.876925715945022,0.9059784291475577,,,,,1.1079199710694725,nan,12.488342089456054,nan,consumer,86,results/diagnostic_fp16_launch_shape_rtx3090_20260602_125100,"ga102
GeForce RTX 3090"
pair,launch_shape_tensor_mma_f16acc_t256_b01,2,NVIDIA GeForce RTX 3090,ampere,ga102,82,tensor_mma_f16acc,tensor_baseline_mov,256,256.0,1,8,mixed_or_unavailable,structural_baseline,False,False,True,True,True,False,True,True,True,fp16-energy-bench-v2,fp16-energy-bench-v2,True,logical_m16n16k16_input_bits_8192,True,bench_json_metadata,True,False,False,False,False,False,missing NCU validation row,missing NCU validation row,missing NCU validation row for tensor activity,,,,,,,,,,,,,True,True,True,159.93600434509494,0.537610229492,0.0686653442383,162.47808,1007.9788513587631,98.4354347030042,98.0,10496000000.0,8192.0,8192.0,0.21119844792066833,26.918477503727956,123.165,18.159525145602743,0.14744062960745943,0.8525593703925406,0.8788751485017661,0.0,nvml_total_energy_counter,nvml_total_energy_counter,1.092543564450702,nan,10.43265320161521,nan,4,0,energy source is unavailable or undersampled; baseline elapsed_s is below 0.25s,test elapsed_s 0.538s < warning threshold 1s,,,,,,,False,False,no_quality_pass,nan,tensor_model_utilization_pct_mean,not_quality_pass,fp16-energy-bench-v2,fp16-energy-bench-v2,,,,,,0.5379841552736,,162.47808,1007.2790549002768,98.36709520510514,10496000000.0,,,,128.382,15.75851424814837,0.12307428405497808,0.876925715945022,0.9059784291475577,,,,,1.1079199710694725,nan,12.488342089456054,nan,consumer,86,results/diagnostic_fp16_launch_shape_rtx3090_20260602_125100,"ga102
GeForce RTX 3090"
pair,launch_shape_tensor_mma_f16acc_t256_b01,3,NVIDIA GeForce RTX 3090,ampere,ga102,82,tensor_mma_f16acc,tensor_baseline_mov,256,256.0,1,8,mixed_or_unavailable,structural_baseline,False,False,False,False,False,False,True,True,True,fp16-energy-bench-v2,fp16-energy-bench-v2,True,logical_m16n16k16_input_bits_8192,True,bench_json_metadata,True,False,False,False,False,False,missing NCU validation row,missing NCU validation row,missing NCU validation row for tensor activity,,,,,,,,,,,,,True,True,True,159.88461665599317,0.53778302002,0.06771894073490001,162.47808,1007.6549861725163,98.4038072434098,98.0,10496000000.0,8192.0,8192.0,nan,nan,106.767,nan,nan,nan,nan,0.0,nvml_total_energy_counter,unavailable,0.9470621465721544,nan,-5.967946050201661,nan,4,0,energy source is unavailable or undersampled; baseline elapsed_s is below 0.25s,test elapsed_s 0.538s < warning threshold 1s,,,,,,,False,False,no_quality_pass,nan,tensor_model_utilization_pct_mean,not_quality_pass,fp16-energy-bench-v2,fp16-energy-bench-v2,,,,,,0.5379841552736,,162.47808,1007.2790549002768,98.36709520510514,10496000000.0,,,,128.382,15.75851424814837,0.12307428405497808,0.876925715945022,0.9059784291475577,,,,,1.1079199710694725,nan,12.488342089456054,nan,consumer,86,results/diagnostic_fp16_launch_shape_rtx3090_20260602_125100,"ga102
GeForce RTX 3090"
pair,launch_shape_tensor_mma_f16acc_t256_b01,4,NVIDIA GeForce RTX 3090,ampere,ga102,82,tensor_mma_f16acc,tensor_baseline_mov,256,256.0,1,8,mixed_or_unavailable,structural_baseline,False,False,True,True,True,False,True,True,True,fp16-energy-bench-v2,fp16-energy-bench-v2,True,logical_m16n16k16_input_bits_8192,True,bench_json_metadata,True,False,False,False,False,False,missing NCU validation row,missing NCU validation row,missing NCU validation row for tensor activity,,,,,,,,,,,,,True,True,True,159.89525088873634,0.537747253418,0.067716003418,162.47808,1007.7220072397829,98.41035226951004,100.0,10496000000.0,8192.0,8192.0,0.3790882501060182,50.78331344566368,130.012,32.59523295733979,0.2507094188024166,0.7492905811975834,0.7810502326223091,0.0,nvml_total_energy_counter,nvml_total_energy_counter,1.0814886424599843,nan,9.796220660633978,nan,4,0,energy source is unavailable or undersampled; baseline elapsed_s is below 0.25s,test elapsed_s 0.538s < warning threshold 1s,,,,,,,False,False,no_quality_pass,nan,tensor_model_utilization_pct_mean,not_quality_pass,fp16-energy-bench-v2,fp16-energy-bench-v2,,,,,,0.5379841552736,,162.47808,1007.2790549002768,98.36709520510514,10496000000.0,,,,128.382,15.75851424814837,0.12307428405497808,0.876925715945022,0.9059784291475577,,,,,1.1079199710694725,nan,12.488342089456054,nan,consumer,86,results/diagnostic_fp16_launch_shape_rtx3090_20260602_125100,"ga102
GeForce RTX 3090"
pair,launch_shape_tensor_mma_f16acc_t256_b01,5,NVIDIA GeForce RTX 3090,ampere,ga102,82,tensor_mma_f16acc,tensor_baseline_mov,256,256.0,1,8,mixed_or_unavailable,structural_baseline,False,False,True,True,True,False,True,True,True,fp16-energy-bench-v2,fp16-energy-bench-v2,True,logical_m16n16k16_input_bits_8192,True,bench_json_metadata,True,False,False,False,False,False,missing NCU validation row,missing NCU validation row,missing NCU validation row for tensor activity,,,,,,,,,,,,,True,True,True,159.54459669731907,0.5389291381839999,0.067984161377,162.47808,1005.5120482594004,98.19453596283208,100.0,10496000000.0,8192.0,8192.0,0.14350119226002472,15.396731030989969,128.122,12.33869630637031,0.09630427488152157,0.9036957251184784,0.9331263964966907,0.0,nvml_total_energy_counter,nvml_total_energy_counter,1.111825135955315,nan,12.886253067625105,nan,4,0,energy source is unavailable or undersampled; baseline elapsed_s is below 0.25s,test elapsed_s 0.538s < warning threshold 1s,,,,,,,False,False,no_quality_pass,nan,tensor_model_utilization_pct_mean,not_quality_pass,fp16-energy-bench-v2,fp16-energy-bench-v2,,,,,,0.5379841552736,,162.47808,1007.2790549002768,98.36709520510514,10496000000.0,,,,128.382,15.75851424814837,0.12307428405497808,0.876925715945022,0.9059784291475577,,,,,1.1079199710694725,nan,12.488342089456054,nan,consumer,86,results/diagnostic_fp16_launch_shape_rtx3090_20260602_125100,"ga102
GeForce RTX 3090"
pair,launch_shape_tensor_mma_f16acc_t256_b01,6,NVIDIA GeForce RTX 3090,ampere,ga102,82,tensor_mma_f16acc,tensor_baseline_mov,256,256.0,1,8,mixed_or_unavailable,structural_baseline,False,False,False,False,False,False,True,True,True,fp16-energy-bench-v2,fp16-energy-bench-v2,True,logical_m16n16k16_input_bits_8192,True,bench_json_metadata,True,False,False,False,False,False,missing NCU validation row,missing NCU validation row,missing NCU validation row for tensor activity,,,,,,,,,,,,,True,True,True,160.00152568980542,0.537390075684,0.067714050293,162.47808,1008.391792335069,98.47576097022159,98.0,10496000000.0,8192.0,8192.0,0.0347368114744053,-0.48060365178196207,107.625,2.9867833199440526,0.027751761393208386,0.9722482386067917,1.002474341528808,0.0,nvml_total_energy_counter,nvml_total_energy_counter,0.9363172359313693,nan,-7.320016357563617,nan,4,0,energy source is unavailable or undersampled; baseline elapsed_s is below 0.25s,test elapsed_s 0.538s < warning threshold 1s,,,,,,,False,False,no_quality_pass,nan,tensor_model_utilization_pct_mean,not_quality_pass,fp16-energy-bench-v2,fp16-energy-bench-v2,,,,,,0.5379841552736,,162.47808,1007.2790549002768,98.36709520510514,10496000000.0,,,,128.382,15.75851424814837,0.12307428405497808,0.876925715945022,0.9059784291475577,,,,,1.1079199710694725,nan,12.488342089456054,nan,consumer,86,results/diagnostic_fp16_launch_shape_rtx3090_20260602_125100,"ga102
GeForce RTX 3090"
pair,launch_shape_tensor_mma_f16acc_t256_b01,7,NVIDIA GeForce RTX 3090,ampere,ga102,82,tensor_mma_f16acc,tensor_baseline_mov,256,256.0,1,8,mixed_or_unavailable,structural_baseline,False,False,False,False,False,False,True,True,True,fp16-energy-bench-v2,fp16-energy-bench-v2,True,logical_m16n16k16_input_bits_8192,True,bench_json_metadata,True,False,False,False,False,False,missing NCU validation row,missing NCU validation row,missing NCU validation row for tensor activity,,,,,,,,,,,,,True,True,True,159.97530707759103,0.537478149414,0.06771875,162.47808,1008.2265524522029,98.45962426291042,99.0,10496000000.0,8192.0,8192.0,nan,nan,127.77,nan,nan,nan,nan,0.0,nvml_total_energy_counter,unavailable,1.115806132189303,nan,13.260860541064773,nan,4,0,energy source is unavailable or undersampled; baseline elapsed_s is below 0.25s,test elapsed_s 0.538s < warning threshold 1s,,,,,,,False,False,no_quality_pass,nan,tensor_model_utilization_pct_mean,not_quality_pass,fp16-energy-bench-v2,fp16-energy-bench-v2,,,,,,0.5379841552736,,162.47808,1007.2790549002768,98.36709520510514,10496000000.0,,,,128.382,15.75851424814837,0.12307428405497808,0.876925715945022,0.9059784291475577,,,,,1.1079199710694725,nan,12.488342089456054,nan,consumer,86,results/diagnostic_fp16_launch_shape_rtx3090_20260602_125100,"ga102
GeForce RTX 3090"
pair,launch_shape_tensor_mma_f16acc_t256_b01,8,NVIDIA GeForce RTX 3090,ampere,ga102,82,tensor_mma_f16acc,tensor_baseline_mov,256,256.0,1,8,mixed_or_unavailable,structural_baseline,False,False,True,True,True,False,True,True,True,fp16-energy-bench-v2,fp16-energy-bench-v2,True,logical_m16n16k16_input_bits_8192,True,bench_json_metadata,True,False,False,False,False,False,missing NCU validation row,missing NCU validation row,missing NCU validation row for tensor activity,,,,,,,,,,,,,True,True,True,159.88879033293273,0.5377689819339999,0.06880973052980001,162.47808,1007.6812903065023,98.40637600649437,100.0,10496000000.0,8192.0,8192.0,0.13327202487466028,14.122194018736735,129.293,11.459159433907686,0.08862938777743332,0.9113706122225667,0.9394516486149368,0.0,nvml_total_energy_counter,nvml_total_energy_counter,1.132534830436231,nan,15.130506692665008,nan,4,0,energy source is unavailable or undersampled; baseline elapsed_s is below 0.25s,test elapsed_s 0.538s < warning threshold 1s,,,,,,,False,False,no_quality_pass,nan,tensor_model_utilization_pct_mean,not_quality_pass,fp16-energy-bench-v2,fp16-energy-bench-v2,,,,,,0.5379841552736,,162.47808,1007.2790549002768,98.36709520510514,10496000000.0,,,,128.382,15.75851424814837,0.12307428405497808,0.876925715945022,0.9059784291475577,,,,,1.1079199710694725,nan,12.488342089456054,nan,consumer,86,results/diagnostic_fp16_launch_shape_rtx3090_20260602_125100,"ga102
GeForce RTX 3090"
pair,launch_shape_tensor_mma_f16acc_t256_b01,9,NVIDIA GeForce RTX 3090,ampere,ga102,82,tensor_mma_f16acc,tensor_baseline_mov,256,256.0,1,8,mixed_or_unavailable,structural_baseline,False,False,True,True,True,False,True,True,True,fp16-energy-bench-v2,fp16-energy-bench-v2,True,logical_m16n16k16_input_bits_8192,True,bench_json_metadata,True,False,False,False,False,False,missing NCU validation row,missing NCU validation row,missing NCU validation row for tensor activity,,,,,,,,,,,,,True,True,True,159.86019594105147,0.53786517334,0.0687339553833,162.47808,1007.5010773369349,98.38877708368506,99.0,10496000000.0,8192.0,8192.0,0.04931144478869232,0.6185661713283537,131.318,4.239957397521323,0.03228770920605951,0.9677122907939405,0.9973887195020859,0.0,nvml_total_energy_counter,nvml_total_energy_counter,1.1212076820451302,nan,14.19607682474097,nan,5,0,energy source is unavailable or undersampled; baseline elapsed_s is below 0.25s,test elapsed_s 0.538s < warning threshold 1s,,,,,,,False,False,no_quality_pass,nan,tensor_model_utilization_pct_mean,not_quality_pass,fp16-energy-bench-v2,fp16-energy-bench-v2,,,,,,0.5379841552736,,162.47808,1007.2790549002768,98.36709520510514,10496000000.0,,,,128.382,15.75851424814837,0.12307428405497808,0.876925715945022,0.9059784291475577,,,,,1.1079199710694725,nan,12.488342089456054,nan,consumer,86,results/diagnostic_fp16_launch_shape_rtx3090_20260602_125100,"ga102
GeForce RTX 3090"
pair,launch_shape_tensor_mma_f16acc_t256_b02,0,NVIDIA GeForce RTX 3090,ampere,ga102,82,tensor_mma_f16acc,tensor_baseline_mov,256,512.0,2,8,mixed_or_unavailable,structural_baseline,False,False,True,True,True,False,True,True,True,fp16-energy-bench-v2,fp16-energy-bench-v2,True,logical_m16n16k16_input_bits_8192,True,bench_json_metadata,True,False,False,False,False,False,missing NCU validation row,missing NCU validation row,missing NCU validation row for tensor activity,,,,,,,,,,,,,True,True,True,160.44008188604872,1.07184228516,0.06901657867430001,162.47808,1011.1557439090485,98.745678116118,100.0,20992000000.0,8192.0,8192.0,0.04157560935736545,1.1046864829673098,206.245,7.149610529831449,0.03466561870509079,0.9653343812949092,0.9940880117834967,0.0,nvml_total_energy_counter,nvml_total_energy_counter,0.8256920740175087,nan,-43.5394008559862,nan,8,0,valid_no_l2_count 4 < required 5; pure_fp16_candidate_count 4 < required 5; energy source is unavailable or undersampled; baseline elapsed_s is below 0.25s,,,,,,,,False,False,no_quality_pass,nan,tensor_model_utilization_pct_mean,not_quality_pass,fp16-energy-bench-v2,fp16-energy-bench-v2,,,,,,1.078595092775,,162.47808,1004.8685846810417,98.13169772275796,20992000000.0,,,,228.00075,27.049011694516125,0.11702096675944541,0.8829790332405546,0.912534888448137,,,,,0.8793770415508267,nan,-31.072289625749477,nan,consumer,86,results/diagnostic_fp16_launch_shape_rtx3090_20260602_125100,"ga102
GeForce RTX 3090"
pair,launch_shape_tensor_mma_f16acc_t256_b02,1,NVIDIA GeForce RTX 3090,ampere,ga102,82,tensor_mma_f16acc,tensor_baseline_mov,256,512.0,2,8,mixed_or_unavailable,structural_baseline,False,False,True,True,True,False,True,True,True,fp16-energy-bench-v2,fp16-energy-bench-v2,True,logical_m16n16k16_input_bits_8192,True,bench_json_metadata,True,False,False,False,False,False,missing NCU validation row,missing NCU validation row,missing NCU validation row for tensor activity,,,,,,,,,,,,,True,True,True,157.69052445834788,1.09053137207,0.06768025970460001,162.47808,993.8269645071398,97.05341450265037,100.0,20992000000.0,8192.0,8192.0,0.3507692477100749,49.17921937866663,229.709,60.32054720864167,0.2625954891129284,0.7374045108870716,0.7595215793781087,0.0,nvml_total_energy_counter,nvml_total_energy_counter,0.8834162826168743,nan,-30.3145070600591,nan,9,0,valid_no_l2_count 4 < required 5; pure_fp16_candidate_count 4 < required 5; energy source is unavailable or undersampled; baseline elapsed_s is below 0.25s,,,,,,,,False,False,no_quality_pass,nan,tensor_model_utilization_pct_mean,not_quality_pass,fp16-energy-bench-v2,fp16-energy-bench-v2,,,,,,1.078595092775,,162.47808,1004.8685846810417,98.13169772275796,20992000000.0,,,,228.00075,27.049011694516125,0.11702096675944541,0.8829790332405546,0.912534888448137,,,,,0.8793770415508267,nan,-31.072289625749477,nan,consumer,86,results/diagnostic_fp16_launch_shape_rtx3090_20260602_125100,"ga102
GeForce RTX 3090"
pair,launch_shape_tensor_mma_f16acc_t256_b02,2,NVIDIA GeForce RTX 3090,ampere,ga102,82,tensor_mma_f16acc,tensor_baseline_mov,256,512.0,2,8,mixed_or_unavailable,structural_baseline,False,False,False,False,False,False,True,True,True,fp16-energy-bench-v2,fp16-energy-bench-v2,True,logical_m16n16k16_input_bits_8192,True,bench_json_metadata,True,False,False,False,False,False,missing NCU validation row,missing NCU validation row,missing NCU validation row for tensor activity,,,,,,,,,,,,,True,True,True,159.84345410060024,1.07584301758,0.0718088302612,162.47808,1007.3955637524438,98.37847302269958,100.0,20992000000.0,8192.0,8192.0,-0.20805090277364702,-38.75155469196281,204.403,-35.77777808199187,-0.17503548422475146,1.1750354842247515,1.210038540650579,0.0,nvml_total_energy_counter,nvml_total_energy_counter,0.7901178245265209,nan,-54.29639097056665,nan,9,0,valid_no_l2_count 4 < required 5; pure_fp16_candidate_count 4 < required 5; energy source is unavailable or undersampled; baseline elapsed_s is below 0.25s,,,,,,,,False,False,no_quality_pass,nan,tensor_model_utilization_pct_mean,not_quality_pass,fp16-energy-bench-v2,fp16-energy-bench-v2,,,,,,1.078595092775,,162.47808,1004.8685846810417,98.13169772275796,20992000000.0,,,,228.00075,27.049011694516125,0.11702096675944541,0.8829790332405546,0.912534888448137,,,,,0.8793770415508267,nan,-31.072289625749477,nan,consumer,86,results/diagnostic_fp16_launch_shape_rtx3090_20260602_125100,"ga102
GeForce RTX 3090"
pair,launch_shape_tensor_mma_f16acc_t256_b02,3,NVIDIA GeForce RTX 3090,ampere,ga102,82,tensor_mma_f16acc,tensor_baseline_mov,256,512.0,2,8,mixed_or_unavailable,structural_baseline,False,False,False,False,False,False,True,True,True,fp16-energy-bench-v2,fp16-energy-bench-v2,True,logical_m16n16k16_input_bits_8192,True,bench_json_metadata,True,False,False,False,False,False,missing NCU validation row,missing NCU validation row,missing NCU validation row for tensor activity,,,,,,,,,,,,,True,True,True,159.829816537637,1.07593481445,0.0695039978027,162.47808,1007.3096145310203,98.37007954404494,100.0,20992000000.0,8192.0,8192.0,nan,nan,233.061,nan,nan,nan,nan,0.0,nvml_total_energy_counter,unavailable,0.8986318922390375,nan,-26.289911104772358,nan,9,0,valid_no_l2_count 4 < required 5; pure_fp16_candidate_count 4 < required 5; energy source is unavailable or undersampled; baseline elapsed_s is below 0.25s,,,,,,,,False,False,no_quality_pass,nan,tensor_model_utilization_pct_mean,not_quality_pass,fp16-energy-bench-v2,fp16-energy-bench-v2,,,,,,1.078595092775,,162.47808,1004.8685846810417,98.13169772275796,20992000000.0,,,,228.00075,27.049011694516125,0.11702096675944541,0.8829790332405546,0.912534888448137,,,,,0.8793770415508267,nan,-31.072289625749477,nan,consumer,86,results/diagnostic_fp16_launch_shape_rtx3090_20260602_125100,"ga102
GeForce RTX 3090"
pair,launch_shape_tensor_mma_f16acc_t256_b02,4,NVIDIA GeForce RTX 3090,ampere,ga102,82,tensor_mma_f16acc,tensor_baseline_mov,256,512.0,2,8,mixed_or_unavailable,structural_baseline,False,False,True,True,True,False,True,True,True,fp16-energy-bench-v2,fp16-energy-bench-v2,True,logical_m16n16k16_input_bits_8192,True,bench_json_metadata,True,False,False,False,False,False,missing NCU validation row,missing NCU validation row,missing NCU validation row for tensor activity,,,,,,,,,,,,,True,True,True,159.91619684088968,1.0753536377000001,0.0677150726318,162.47808,1007.8540167699608,98.42324382519149,100.0,20992000000.0,8192.0,8192.0,0.15955627161580171,16.66750829613224,239.148,27.438327838792986,0.11473367052533572,0.8852663294746643,0.9219473903186435,0.0,nvml_total_energy_counter,nvml_total_energy_counter,0.9052685815761013,nan,-25.025533542538,nan,8,0,valid_no_l2_count 4 < required 5; pure_fp16_candidate_count 4 < required 5; energy source is unavailable or undersampled; baseline elapsed_s is below 0.25s,,,,,,,,False,False,no_quality_pass,nan,tensor_model_utilization_pct_mean,not_quality_pass,fp16-energy-bench-v2,fp16-energy-bench-v2,,,,,,1.078595092775,,162.47808,1004.8685846810417,98.13169772275796,20992000000.0,,,,228.00075,27.049011694516125,0.11702096675944541,0.8829790332405546,0.912534888448137,,,,,0.8793770415508267,nan,-31.072289625749477,nan,consumer,86,results/diagnostic_fp16_launch_shape_rtx3090_20260602_125100,"ga102
GeForce RTX 3090"
pair,launch_shape_tensor_mma_f16acc_t256_b02,5,NVIDIA GeForce RTX 3090,ampere,ga102,82,tensor_mma_f16acc,tensor_baseline_mov,256,512.0,2,8,mixed_or_unavailable,structural_baseline,False,False,True,True,True,False,True,True,True,fp16-energy-bench-v2,fp16-energy-bench-v2,True,logical_m16n16k16_input_bits_8192,True,bench_json_metadata,True,False,False,False,False,False,missing NCU validation row,missing NCU validation row,missing NCU validation row for tensor activity,,,,,,,,,,,,,True,True,True,159.72319014007724,1.0766530761700002,0.06773452758790001,162.47808,1006.6376135380176,98.30445444707202,100.0,20992000000.0,8192.0,8192.0,0.0772683283224245,5.416703583637172,236.901,13.287561200798393,0.056089088694426754,0.9439109113055733,0.9745825723122993,0.0,nvml_total_energy_counter,nvml_total_energy_counter,0.9031312279928226,nan,-25.409717044414606,nan,8,0,valid_no_l2_count 4 < required 5; pure_fp16_candidate_count 4 < required 5; energy source is unavailable or undersampled; baseline elapsed_s is below 0.25s,,,,,,,,False,False,no_quality_pass,nan,tensor_model_utilization_pct_mean,not_quality_pass,fp16-energy-bench-v2,fp16-energy-bench-v2,,,,,,1.078595092775,,162.47808,1004.8685846810417,98.13169772275796,20992000000.0,,,,228.00075,27.049011694516125,0.11702096675944541,0.8829790332405546,0.912534888448137,,,,,0.8793770415508267,nan,-31.072289625749477,nan,consumer,86,results/diagnostic_fp16_launch_shape_rtx3090_20260602_125100,"ga102
GeForce RTX 3090"
pair,launch_shape_tensor_mma_f16acc_t256_b02,6,NVIDIA GeForce RTX 3090,ampere,ga102,82,tensor_mma_f16acc,tensor_baseline_mov,256,512.0,2,8,mixed_or_unavailable,structural_baseline,False,False,False,False,False,False,True,True,True,fp16-energy-bench-v2,fp16-energy-bench-v2,True,logical_m16n16k16_input_bits_8192,True,bench_json_metadata,True,False,False,False,False,False,missing NCU validation row,missing NCU validation row,missing NCU validation row for tensor activity,,,,,,,,,,,,,True,True,True,159.88140488855794,1.07558764648,0.0688855056763,162.47808,1007.6347443660297,98.4018305044951,100.0,20992000000.0,8192.0,8192.0,-0.02549430200643289,-10.506491891260254,237.252,-4.384164968194369,-0.01847893787278661,1.0184789378727865,1.0490617047450905,0.0,nvml_total_energy_counter,nvml_total_energy_counter,0.9072636986862774,nan,-24.250802706139496,nan,8,0,valid_no_l2_count 4 < required 5; pure_fp16_candidate_count 4 < required 5; energy source is unavailable or undersampled; baseline elapsed_s is below 0.25s,,,,,,,,False,False,no_quality_pass,nan,tensor_model_utilization_pct_mean,not_quality_pass,fp16-energy-bench-v2,fp16-energy-bench-v2,,,,,,1.078595092775,,162.47808,1004.8685846810417,98.13169772275796,20992000000.0,,,,228.00075,27.049011694516125,0.11702096675944541,0.8829790332405546,0.912534888448137,,,,,0.8793770415508267,nan,-31.072289625749477,nan,consumer,86,results/diagnostic_fp16_launch_shape_rtx3090_20260602_125100,"ga102
GeForce RTX 3090"
pair,launch_shape_tensor_mma_f16acc_t256_b02,7,NVIDIA GeForce RTX 3090,ampere,ga102,82,tensor_mma_f16acc,tensor_baseline_mov,256,512.0,2,8,mixed_or_unavailable,structural_baseline,False,False,False,False,False,False,True,True,True,fp16-energy-bench-v2,fp16-energy-bench-v2,True,logical_m16n16k16_input_bits_8192,True,bench_json_metadata,True,False,False,False,False,False,missing NCU validation row,missing NCU validation row,missing NCU validation row for tensor activity,,,,,,,,,,,,,True,True,True,159.82736855000368,1.07595129395,0.0692776947021,162.47808,1007.2941863616543,98.3685728868803,100.0,20992000000.0,8192.0,8192.0,-0.2896530463815133,-52.08739719873472,212.798,-49.81061017305683,-0.23407461617617098,1.2340746161761709,1.271311563809525,0.0,nvml_total_energy_counter,nvml_total_energy_counter,0.8121507146933513,nan,-49.219869528499316,nan,9,0,valid_no_l2_count 4 < required 5; pure_fp16_candidate_count 4 < required 5; energy source is unavailable or undersampled; baseline elapsed_s is below 0.25s,,,,,,,,False,False,no_quality_pass,nan,tensor_model_utilization_pct_mean,not_quality_pass,fp16-energy-bench-v2,fp16-energy-bench-v2,,,,,,1.078595092775,,162.47808,1004.8685846810417,98.13169772275796,20992000000.0,,,,228.00075,27.049011694516125,0.11702096675944541,0.8829790332405546,0.912534888448137,,,,,0.8793770415508267,nan,-31.072289625749477,nan,consumer,86,results/diagnostic_fp16_launch_shape_rtx3090_20260602_125100,"ga102
GeForce RTX 3090"
pair,launch_shape_tensor_mma_f16acc_t256_b02,8,NVIDIA GeForce RTX 3090,ampere,ga102,82,tensor_mma_f16acc,tensor_baseline_mov,256,512.0,2,8,mixed_or_unavailable,structural_baseline,False,False,False,False,False,False,True,True,True,fp16-energy-bench-v2,fp16-energy-bench-v2,True,logical_m16n16k16_input_bits_8192,True,bench_json_metadata,True,False,False,False,False,False,missing NCU validation row,missing NCU validation row,missing NCU validation row for tensor activity,,,,,,,,,,,,,True,True,True,159.87463700797912,1.07563317871,0.0703262710571,162.47808,1007.5920905525879,98.39766509302615,100.0,20992000000.0,8192.0,8192.0,nan,nan,214.803,nan,nan,nan,nan,0.0,nvml_total_energy_counter,unavailable,0.8202902795933088,nan,-47.05917896730051,nan,8,0,valid_no_l2_count 4 < required 5; pure_fp16_candidate_count 4 < required 5; energy source is unavailable or undersampled; baseline elapsed_s is below 0.25s,,,,,,,,False,False,no_quality_pass,nan,tensor_model_utilization_pct_mean,not_quality_pass,fp16-energy-bench-v2,fp16-energy-bench-v2,,,,,,1.078595092775,,162.47808,1004.8685846810417,98.13169772275796,20992000000.0,,,,228.00075,27.049011694516125,0.11702096675944541,0.8829790332405546,0.912534888448137,,,,,0.8793770415508267,nan,-31.072289625749477,nan,consumer,86,results/diagnostic_fp16_launch_shape_rtx3090_20260602_125100,"ga102
GeForce RTX 3090"
pair,launch_shape_tensor_mma_f16acc_t256_b02,9,NVIDIA GeForce RTX 3090,ampere,ga102,82,tensor_mma_f16acc,tensor_baseline_mov,256,512.0,2,8,mixed_or_unavailable,structural_baseline,False,False,False,False,False,False,True,True,True,fp16-energy-bench-v2,fp16-energy-bench-v2,True,logical_m16n16k16_input_bits_8192,True,bench_json_metadata,True,False,False,False,False,False,missing NCU validation row,missing NCU validation row,missing NCU validation row for tensor activity,,,,,,,,,,,,,True,True,True,159.86034106405103,1.0757293701200001,0.0691751708984,162.47808,1007.5019919584738,98.3888664021947,100.0,20992000000.0,8192.0,8192.0,nan,nan,238.146,nan,nan,nan,nan,0.0,nvml_total_energy_counter,unavailable,0.907959062776877,nan,-24.14115562534377,nan,9,0,valid_no_l2_count 4 < required 5; pure_fp16_candidate_count 4 < required 5; energy source is unavailable or undersampled; baseline elapsed_s is below 0.25s,,,,,,,,False,False,no_quality_pass,nan,tensor_model_utilization_pct_mean,not_quality_pass,fp16-energy-bench-v2,fp16-energy-bench-v2,,,,,,1.078595092775,,162.47808,1004.8685846810417,98.13169772275796,20992000000.0,,,,228.00075,27.049011694516125,0.11702096675944541,0.8829790332405546,0.912534888448137,,,,,0.8793770415508267,nan,-31.072289625749477,nan,consumer,86,results/diagnostic_fp16_launch_shape_rtx3090_20260602_125100,"ga102
GeForce RTX 3090"
pair,launch_shape_tensor_mma_f16acc_t256_b04,0,NVIDIA GeForce RTX 3090,ampere,ga102,82,tensor_mma_f16acc,tensor_baseline_mov,256,1024.0,4,8,strict_nvml_counter,structural_baseline,False,False,True,True,True,True,True,True,True,fp16-energy-bench-v2,fp16-energy-bench-v2,True,logical_m16n16k16_input_bits_8192,True,bench_json_metadata,True,False,False,False,False,False,missing NCU validation row,missing NCU validation row,missing NCU validation row for tensor activity,,,,,,,,,,,,,True,True,True,160.3147226392229,2.1453608398400004,0.118815742493,162.47808,1010.3656812202868,98.66852355666863,100.0,41984000000.0,8192.0,8192.0,0.338924478045519,47.5068769482192,439.88,116.56728810506706,0.2649979269461377,0.7350020730538622,0.7603205586971075,0.0,nvml_total_energy_counter,nvml_total_energy_counter,0.8700169029652578,0.9683427691723855,-65.71937226594969,-0.6050013820999993,16,1,baseline elapsed_s is below 0.25s,,,,,,,,False,False,no_quality_pass,nan,tensor_model_utilization_pct_mean,not_quality_pass,fp16-energy-bench-v2,fp16-energy-bench-v2,,,,,,2.152692491318889,,162.40810666666667,1007.3614417369396,98.37514079462302,41984000000.0,,,,462.6734444444444,132.0968351443653,0.28560785583878967,0.7143921441612103,0.7373425991299314,,,,,0.8841550695417355,0.9604015600918847,-60.568925108233444,-0.7883714521712499,consumer,86,results/diagnostic_fp16_launch_shape_rtx3090_20260602_125100,"ga102
GeForce RTX 3090"
pair,launch_shape_tensor_mma_f16acc_t256_b04,1,NVIDIA GeForce RTX 3090,ampere,ga102,82,tensor_mma_f16acc,tensor_baseline_mov,256,1024.0,4,8,strict_nvml_counter,structural_baseline,False,False,True,True,True,True,True,True,True,fp16-energy-bench-v2,fp16-energy-bench-v2,True,logical_m16n16k16_input_bits_8192,True,bench_json_metadata,True,False,False,False,False,False,missing NCU validation row,missing NCU validation row,missing NCU validation row for tensor activity,,,,,,,,,,,,,True,True,True,159.75336597421492,2.1528994140599997,0.119510688782,162.47808,1006.8277933712416,98.32302669641032,100.0,41984000000.0,8192.0,8192.0,0.42818672197602226,62.48752600895463,440.897,147.26751301993528,0.33401795208390006,0.6659820479160999,0.685795681516464,0.0,nvml_total_energy_counter,nvml_total_energy_counter,0.8554252383563077,0.8592447959997777,-74.51566288469559,-2.760407690160001,16,1,baseline elapsed_s is below 0.25s,,,,,,,,False,False,no_quality_pass,nan,tensor_model_utilization_pct_mean,not_quality_pass,fp16-energy-bench-v2,fp16-energy-bench-v2,,,,,,2.152692491318889,,162.40810666666667,1007.3614417369396,98.37514079462302,41984000000.0,,,,462.6734444444444,132.0968351443653,0.28560785583878967,0.7143921441612103,0.7373425991299314,,,,,0.8841550695417355,0.9604015600918847,-60.568925108233444,-0.7883714521712499,consumer,86,results/diagnostic_fp16_launch_shape_rtx3090_20260602_125100,"ga102
GeForce RTX 3090"
pair,launch_shape_tensor_mma_f16acc_t256_b04,2,NVIDIA GeForce RTX 3090,ampere,ga102,82,tensor_mma_f16acc,tensor_baseline_mov,256,1024.0,4,8,strict_nvml_counter,structural_baseline,False,False,True,True,True,True,True,True,True,fp16-energy-bench-v2,fp16-energy-bench-v2,True,logical_m16n16k16_input_bits_8192,True,bench_json_metadata,True,False,False,False,False,False,missing NCU validation row,missing NCU validation row,missing NCU validation row for tensor activity,,,,,,,,,,,,,True,True,True,159.80931016794372,2.15214575195,0.121902877808,162.47808,1007.1803754203297,98.35745853714157,100.0,41984000000.0,8192.0,8192.0,0.47801701309786226,70.0835184080832,471.107,164.40579094856213,0.34897760158215035,0.6510223984178496,0.670339506678965,0.0,nvml_total_energy_counter,nvml_total_energy_counter,0.9032428374022794,0.8858123894738464,-50.46591537998876,-2.3178806813599984,16,1,baseline elapsed_s is below 0.25s,,,,,,,,False,False,no_quality_pass,nan,tensor_model_utilization_pct_mean,not_quality_pass,fp16-energy-bench-v2,fp16-energy-bench-v2,,,,,,2.152692491318889,,162.40810666666667,1007.3614417369396,98.37514079462302,41984000000.0,,,,462.6734444444444,132.0968351443653,0.28560785583878967,0.7143921441612103,0.7373425991299314,,,,,0.8841550695417355,0.9604015600918847,-60.568925108233444,-0.7883714521712499,consumer,86,results/diagnostic_fp16_launch_shape_rtx3090_20260602_125100,"ga102
GeForce RTX 3090"
pair,launch_shape_tensor_mma_f16acc_t256_b04,3,NVIDIA GeForce RTX 3090,ampere,ga102,82,tensor_mma_f16acc,tensor_baseline_mov,256,1024.0,4,8,strict_nvml_counter,structural_baseline,False,False,True,True,True,True,True,True,True,fp16-energy-bench-v2,fp16-energy-bench-v2,True,logical_m16n16k16_input_bits_8192,True,bench_json_metadata,True,False,False,False,False,False,missing NCU validation row,missing NCU validation row,missing NCU validation row for tensor activity,,,,,,,,,,,,,True,True,True,159.8778485042483,2.15122314453,0.12117708587600001,162.47808,1007.6123306500807,98.39964166504694,100.0,41984000000.0,8192.0,8192.0,0.5471828581399892,81.06482335838325,475.563,188.19420255149515,0.39572927782753314,0.6042707221724668,0.6223372840364544,0.0,nvml_total_energy_counter,nvml_total_energy_counter,0.9088079611816255,0.8188800914109992,-47.71916775486477,-3.7089676241800014,16,1,baseline elapsed_s is below 0.25s,,,,,,,,False,False,no_quality_pass,nan,tensor_model_utilization_pct_mean,not_quality_pass,fp16-energy-bench-v2,fp16-energy-bench-v2,,,,,,2.152692491318889,,162.40810666666667,1007.3614417369396,98.37514079462302,41984000000.0,,,,462.6734444444444,132.0968351443653,0.28560785583878967,0.7143921441612103,0.7373425991299314,,,,,0.8841550695417355,0.9604015600918847,-60.568925108233444,-0.7883714521712499,consumer,86,results/diagnostic_fp16_launch_shape_rtx3090_20260602_125100,"ga102
GeForce RTX 3090"
pair,launch_shape_tensor_mma_f16acc_t256_b04,4,NVIDIA GeForce RTX 3090,ampere,ga102,82,tensor_mma_f16acc,tensor_baseline_mov,256,1024.0,4,8,strict_nvml_counter,structural_baseline,False,False,True,True,True,True,True,True,True,fp16-energy-bench-v2,fp16-energy-bench-v2,True,logical_m16n16k16_input_bits_8192,True,bench_json_metadata,True,False,False,False,False,False,missing NCU validation row,missing NCU validation row,missing NCU validation row for tensor activity,,,,,,,,,,,,,True,True,True,159.8839271132328,2.1511413574200002,0.12102041626,162.47808,1007.6506404060806,98.4033828521563,100.0,41984000000.0,8192.0,8192.0,0.3124847263802168,42.903594829338516,471.797,107.47378689922681,0.22779667293184738,0.7722033270681526,0.7978784854952045,0.0,nvml_total_energy_counter,nvml_total_energy_counter,0.8955480256226653,1.035224625208651,-55.02790106766122,0.7235303452000004,16,1,baseline elapsed_s is below 0.25s,,,,,,,,False,False,no_quality_pass,nan,tensor_model_utilization_pct_mean,not_quality_pass,fp16-energy-bench-v2,fp16-energy-bench-v2,,,,,,2.152692491318889,,162.40810666666667,1007.3614417369396,98.37514079462302,41984000000.0,,,,462.6734444444444,132.0968351443653,0.28560785583878967,0.7143921441612103,0.7373425991299314,,,,,0.8841550695417355,0.9604015600918847,-60.568925108233444,-0.7883714521712499,consumer,86,results/diagnostic_fp16_launch_shape_rtx3090_20260602_125100,"ga102
GeForce RTX 3090"
pair,launch_shape_tensor_mma_f16acc_t256_b04,5,NVIDIA GeForce RTX 3090,ampere,ga102,82,tensor_mma_f16acc,tensor_baseline_mov,256,1024.0,4,8,strict_nvml_counter,structural_baseline,False,False,True,True,True,True,True,True,True,fp16-energy-bench-v2,fp16-energy-bench-v2,True,logical_m16n16k16_input_bits_8192,True,bench_json_metadata,True,False,False,False,False,False,missing NCU validation row,missing NCU validation row,missing NCU validation row for tensor activity,,,,,,,,,,,,,True,True,True,159.78937091200262,2.1524143066400003,0.11993395233200001,162.47808,1007.0547104808888,98.34518657039929,100.0,41984000000.0,8192.0,8192.0,0.3231088165774111,42.75804465472456,477.208,111.12776134808394,0.2328707007176827,0.7671292992823173,0.799104208650184,0.0,nvml_total_energy_counter,nvml_total_energy_counter,0.8974626566500152,1.0369399535949826,-54.522202325395995,0.7528064635400007,16,1,baseline elapsed_s is below 0.25s,,,,,,,,False,False,no_quality_pass,nan,tensor_model_utilization_pct_mean,not_quality_pass,fp16-energy-bench-v2,fp16-energy-bench-v2,,,,,,2.152692491318889,,162.40810666666667,1007.3614417369396,98.37514079462302,41984000000.0,,,,462.6734444444444,132.0968351443653,0.28560785583878967,0.7143921441612103,0.7373425991299314,,,,,0.8841550695417355,0.9604015600918847,-60.568925108233444,-0.7883714521712499,consumer,86,results/diagnostic_fp16_launch_shape_rtx3090_20260602_125100,"ga102
GeForce RTX 3090"
pair,launch_shape_tensor_mma_f16acc_t256_b04,6,NVIDIA GeForce RTX 3090,ampere,ga102,82,tensor_mma_f16acc,tensor_baseline_mov,256,1024.0,4,8,strict_nvml_counter,structural_baseline,False,False,True,True,True,True,True,True,True,fp16-energy-bench-v2,fp16-energy-bench-v2,True,logical_m16n16k16_input_bits_8192,True,bench_json_metadata,True,False,False,False,False,False,missing NCU validation row,missing NCU validation row,missing NCU validation row for tensor activity,,,,,,,,,,,,,True,True,True,159.60269112483272,2.1549318847700003,0.119807998657,162.47808,1005.8781819173928,98.23029120287039,100.0,41984000000.0,8192.0,8192.0,0.33082356842560584,46.41437269202342,478.163,113.78111854002697,0.23795466930738465,0.7620453306926154,0.7846265138245294,0.0,nvml_total_energy_counter,nvml_total_energy_counter,0.907157434262436,1.0421698896530993,-48.937348782094546,0.8488847392499999,16,1,baseline elapsed_s is below 0.25s,,,,,,,,False,False,no_quality_pass,nan,tensor_model_utilization_pct_mean,not_quality_pass,fp16-energy-bench-v2,fp16-energy-bench-v2,,,,,,2.152692491318889,,162.40810666666667,1007.3614417369396,98.37514079462302,41984000000.0,,,,462.6734444444444,132.0968351443653,0.28560785583878967,0.7143921441612103,0.7373425991299314,,,,,0.8841550695417355,0.9604015600918847,-60.568925108233444,-0.7883714521712499,consumer,86,results/diagnostic_fp16_launch_shape_rtx3090_20260602_125100,"ga102
GeForce RTX 3090"
pair,launch_shape_tensor_mma_f16acc_t256_b04,7,NVIDIA GeForce RTX 3090,ampere,ga102,82,tensor_mma_f16acc,tensor_baseline_mov,256,1024.0,4,8,strict_nvml_counter,structural_baseline,False,False,True,True,True,True,True,True,True,fp16-energy-bench-v2,fp16-energy-bench-v2,True,logical_m16n16k16_input_bits_8192,True,bench_json_metadata,True,False,False,False,False,False,missing NCU validation row,missing NCU validation row,missing NCU validation row for tensor activity,,,,,,,,,,,,,True,True,True,159.738330970148,2.15310205078,0.1197628479,162.47808,1006.73303693293,98.31377313798146,100.0,41984000000.0,8192.0,8192.0,0.4458692135876343,65.12740986507444,454.065,153.34910413425246,0.33772500442503267,0.6622749955749674,0.6819853729942337,0.0,nvml_total_energy_counter,nvml_total_energy_counter,0.859965545433435,nan,-73.93871178957494,nan,16,0,baseline elapsed_s is below 0.25s,,,,,,,,False,False,no_quality_pass,nan,tensor_model_utilization_pct_mean,not_quality_pass,fp16-energy-bench-v2,fp16-energy-bench-v2,,,,,,2.152692491318889,,162.40810666666667,1007.3614417369396,98.37514079462302,41984000000.0,,,,462.6734444444444,132.0968351443653,0.28560785583878967,0.7143921441612103,0.7373425991299314,,,,,0.8841550695417355,0.9604015600918847,-60.568925108233444,-0.7883714521712499,consumer,86,results/diagnostic_fp16_launch_shape_rtx3090_20260602_125100,"ga102
GeForce RTX 3090"
pair,launch_shape_tensor_mma_f16acc_t256_b04,8,NVIDIA GeForce RTX 3090,ampere,ga102,82,tensor_mma_f16acc,tensor_baseline_mov,256,1024.0,4,8,strict_nvml_counter,structural_baseline,False,False,True,True,True,True,True,True,True,fp16-energy-bench-v2,fp16-energy-bench-v2,True,logical_m16n16k16_input_bits_8192,True,bench_json_metadata,True,False,False,False,False,False,missing NCU validation row,missing NCU validation row,missing NCU validation row for tensor activity,,,,,,,,,,,,,True,True,True,159.15351784923757,2.16101367188,0.122042366028,161.84832,1006.9502252332262,98.33498293293225,100.0,41984000000.0,8192.0,8192.0,0.25209842877457106,34.031655482232196,455.381,86.70495075263767,0.1904008967274385,0.8095991032725615,0.8336957802762405,15.0,nvml_total_energy_counter,nvml_total_energy_counter,0.8597690240015977,1.0365979662213363,-74.27404372387548,0.7600642124399997,16,1,baseline elapsed_s is below 0.25s,,,,,,,,False,False,no_quality_pass,nan,tensor_model_utilization_pct_mean,not_quality_pass,fp16-energy-bench-v2,fp16-energy-bench-v2,,,,,,2.152692491318889,,162.40810666666667,1007.3614417369396,98.37514079462302,41984000000.0,,,,462.6734444444444,132.0968351443653,0.28560785583878967,0.7143921441612103,0.7373425991299314,,,,,0.8841550695417355,0.9604015600918847,-60.568925108233444,-0.7883714521712499,consumer,86,results/diagnostic_fp16_launch_shape_rtx3090_20260602_125100,"ga102
GeForce RTX 3090"
pair,launch_shape_tensor_mma_f16acc_t256_b04,9,NVIDIA GeForce RTX 3090,ampere,ga102,82,tensor_mma_f16acc,tensor_baseline_mov,256,1024.0,4,8,strict_nvml_counter,structural_baseline,False,False,False,False,False,True,True,True,True,fp16-energy-bench-v2,fp16-energy-bench-v2,True,logical_m16n16k16_input_bits_8192,True,bench_json_metadata,True,False,False,False,False,False,missing NCU validation row,missing NCU validation row,missing NCU validation row for tensor activity,,,,,,,,,,,,,True,True,True,158.73757092221567,2.16667626953,0.12115766143800001,161.376,1007.2580348028755,98.36504246121831,100.0,41984000000.0,8192.0,8192.0,-0.5644043113205165,-95.63486019859317,454.878,-194.11722736828875,-0.4267456930611917,1.4267456930611917,1.4690280867477128,15.0,nvml_total_energy_counter,nvml_total_energy_counter,0.8570734342943911,1.8151432021534377,-75.85598590925946,16.839125758719998,16,1,baseline elapsed_s is below 0.25s,,,,,,,,False,False,no_quality_pass,nan,tensor_model_utilization_pct_mean,not_quality_pass,fp16-energy-bench-v2,fp16-energy-bench-v2,,,,,,2.152692491318889,,162.40810666666667,1007.3614417369396,98.37514079462302,41984000000.0,,,,462.6734444444444,132.0968351443653,0.28560785583878967,0.7143921441612103,0.7373425991299314,,,,,0.8841550695417355,0.9604015600918847,-60.568925108233444,-0.7883714521712499,consumer,86,results/diagnostic_fp16_launch_shape_rtx3090_20260602_125100,"ga102
GeForce RTX 3090"
pair,launch_shape_tensor_mma_f16acc_t256_b08,0,NVIDIA GeForce RTX 3090,ampere,ga102,82,tensor_mma_f16acc,tensor_baseline_mov,256,2048.0,8,8,strict_nvml_counter,structural_baseline,False,False,False,False,False,True,True,True,True,fp16-energy-bench-v2,fp16-energy-bench-v2,True,logical_m16n16k16_input_bits_8192,True,bench_json_metadata,True,False,False,False,False,False,missing NCU validation row,missing NCU validation row,missing NCU validation row for tensor activity,,,,,,,,,,,,,True,True,True,160.03609724251666,4.29819189453,0.209344512939,162.47808,1008.6096756949433,98.4970386420843,100.0,83968000000.0,8192.0,8192.0,-0.5789775444699742,-98.61878809936911,912.187,-398.2588842316169,-0.4365978513524276,1.4365978513524276,1.4781186224893044,0.0,nvml_total_energy_counter,nvml_total_energy_counter,0.8928115714766854,1.74838316874752,-109.51458759397372,28.31418806312,33,1,baseline elapsed_s is below 0.25s,,,,,,,,False,False,no_quality_pass,nan,tensor_model_utilization_pct_mean,not_quality_pass,fp16-energy-bench-v2,fp16-energy-bench-v2,,,,,,4.333325055804286,,161.62732467532467,1005.7096756291619,98.21383551066035,83968000000.0,,,,943.8975714285714,121.938430358329,0.12882849563160234,0.8711715043683977,0.8427086876937345,,,,,0.9595259193191843,1.0554282401786546,-51.600298161050674,2.154896742209999,consumer,86,results/diagnostic_fp16_launch_shape_rtx3090_20260602_125100,"ga102
GeForce RTX 3090"
pair,launch_shape_tensor_mma_f16acc_t256_b08,1,NVIDIA GeForce RTX 3090,ampere,ga102,82,tensor_mma_f16acc,tensor_baseline_mov,256,2048.0,8,8,strict_nvml_counter,structural_baseline,False,False,False,False,False,True,True,True,True,fp16-energy-bench-v2,fp16-energy-bench-v2,True,logical_m16n16k16_input_bits_8192,True,bench_json_metadata,True,False,False,False,False,False,missing NCU validation row,missing NCU validation row,missing NCU validation row for tensor activity,,,,,,,,,,,,,True,True,True,159.54100107736897,4.31153027344,0.20997836303700002,162.47808,1005.489387265198,98.192322975117,100.0,83968000000.0,8192.0,8192.0,-0.5748056577586103,-97.94853888503087,939.798,-395.38918580776954,-0.4207172028539852,1.4207172028539852,1.4626111966835549,0.0,nvml_total_energy_counter,nvml_total_energy_counter,0.9021463111975734,1.7982594409621886,-101.93767894152893,29.7683843007,33,1,baseline elapsed_s is below 0.25s,,,,,,,,False,False,no_quality_pass,nan,tensor_model_utilization_pct_mean,not_quality_pass,fp16-energy-bench-v2,fp16-energy-bench-v2,,,,,,4.333325055804286,,161.62732467532467,1005.7096756291619,98.21383551066035,83968000000.0,,,,943.8975714285714,121.938430358329,0.12882849563160234,0.8711715043683977,0.8427086876937345,,,,,0.9595259193191843,1.0554282401786546,-51.600298161050674,2.154896742209999,consumer,86,results/diagnostic_fp16_launch_shape_rtx3090_20260602_125100,"ga102
GeForce RTX 3090"
pair,launch_shape_tensor_mma_f16acc_t256_b08,2,NVIDIA GeForce RTX 3090,ampere,ga102,82,tensor_mma_f16acc,tensor_baseline_mov,256,2048.0,8,8,strict_nvml_counter,structural_baseline,False,False,False,False,False,True,True,True,True,fp16-energy-bench-v2,fp16-energy-bench-v2,True,logical_m16n16k16_input_bits_8192,True,bench_json_metadata,True,False,False,False,False,False,missing NCU validation row,missing NCU validation row,missing NCU validation row for tensor activity,,,,,,,,,,,,,True,True,True,159.577145333841,4.31055371094,0.209698791504,162.47808,1005.7171824153337,98.21456859524743,100.0,83968000000.0,8192.0,8192.0,0.021887648487001213,-2.6429719288068725,928.548,15.055766062338193,0.016214311012826686,0.9837856889871733,1.012629063289768,0.0,nvml_total_energy_counter,nvml_total_energy_counter,0.8847533102270316,1.2080027842159706,-120.95132288100785,7.892206656399999,38,1,baseline elapsed_s is below 0.25s,,,,,,,,False,False,no_quality_pass,nan,tensor_model_utilization_pct_mean,not_quality_pass,fp16-energy-bench-v2,fp16-energy-bench-v2,,,,,,4.333325055804286,,161.62732467532467,1005.7096756291619,98.21383551066035,83968000000.0,,,,943.8975714285714,121.938430358329,0.12882849563160234,0.8711715043683977,0.8427086876937345,,,,,0.9595259193191843,1.0554282401786546,-51.600298161050674,2.154896742209999,consumer,86,results/diagnostic_fp16_launch_shape_rtx3090_20260602_125100,"ga102
GeForce RTX 3090"
pair,launch_shape_tensor_mma_f16acc_t256_b08,3,NVIDIA GeForce RTX 3090,ampere,ga102,82,tensor_mma_f16acc,tensor_baseline_mov,256,2048.0,8,8,strict_nvml_counter,structural_baseline,False,False,True,True,True,True,True,True,True,fp16-energy-bench-v2,fp16-energy-bench-v2,True,logical_m16n16k16_input_bits_8192,True,bench_json_metadata,True,False,False,False,False,False,missing NCU validation row,missing NCU validation row,missing NCU validation row for tensor activity,,,,,,,,,,,,,True,True,True,159.65789650930412,4.308373535159999,0.205833221436,162.47808,1006.2261077034356,98.26426833041363,100.0,83968000000.0,8192.0,8192.0,0.2266990031590924,85.98957098315222,933.578,155.9385038623758,0.1670331818684414,0.8329668181315586,0.6773186548556486,0.0,nvml_total_energy_counter,nvml_total_energy_counter,1.1237944103003812,1.0160713275050188,102.84064141991769,0.6067923780400051,33,1,baseline elapsed_s is below 0.25s,,,,,,,,False,False,no_quality_pass,nan,tensor_model_utilization_pct_mean,not_quality_pass,fp16-energy-bench-v2,fp16-energy-bench-v2,,,,,,4.333325055804286,,161.62732467532467,1005.7096756291619,98.21383551066035,83968000000.0,,,,943.8975714285714,121.938430358329,0.12882849563160234,0.8711715043683977,0.8427086876937345,,,,,0.9595259193191843,1.0554282401786546,-51.600298161050674,2.154896742209999,consumer,86,results/diagnostic_fp16_launch_shape_rtx3090_20260602_125100,"ga102
GeForce RTX 3090"
pair,launch_shape_tensor_mma_f16acc_t256_b08,4,NVIDIA GeForce RTX 3090,ampere,ga102,82,tensor_mma_f16acc,tensor_baseline_mov,256,2048.0,8,8,strict_nvml_counter,structural_baseline,False,False,True,True,True,True,True,True,True,fp16-energy-bench-v2,fp16-energy-bench-v2,True,logical_m16n16k16_input_bits_8192,True,bench_json_metadata,True,False,False,False,False,False,missing NCU validation row,missing NCU validation row,missing NCU validation row for tensor activity,,,,,,,,,,,,,True,True,True,159.49391161318653,4.3128032226599995,0.210049118042,162.43872,1005.4361761278531,98.18712657498565,100.0,83968000000.0,8192.0,8192.0,0.15756536622624995,77.8816902632658,931.072,108.3838355151729,0.11640757698134291,0.8835924230186571,0.7100852773378579,15.0,nvml_total_energy_counter,nvml_total_energy_counter,1.1306872427366028,1.0420915464320026,107.61528729620579,1.6767281928999935,32,2,baseline elapsed_s is below 0.25s,,,,,,,,False,False,no_quality_pass,nan,tensor_model_utilization_pct_mean,not_quality_pass,fp16-energy-bench-v2,fp16-energy-bench-v2,,,,,,4.333325055804286,,161.62732467532467,1005.7096756291619,98.21383551066035,83968000000.0,,,,943.8975714285714,121.938430358329,0.12882849563160234,0.8711715043683977,0.8427086876937345,,,,,0.9595259193191843,1.0554282401786546,-51.600298161050674,2.154896742209999,consumer,86,results/diagnostic_fp16_launch_shape_rtx3090_20260602_125100,"ga102
GeForce RTX 3090"
pair,launch_shape_tensor_mma_f16acc_t256_b08,5,NVIDIA GeForce RTX 3090,ampere,ga102,82,tensor_mma_f16acc,tensor_baseline_mov,256,2048.0,8,8,strict_nvml_counter,structural_baseline,False,False,True,True,True,True,True,True,True,fp16-energy-bench-v2,fp16-energy-bench-v2,True,logical_m16n16k16_input_bits_8192,True,bench_json_metadata,True,False,False,False,False,False,missing NCU validation row,missing NCU validation row,missing NCU validation row for tensor activity,,,,,,,,,,,,,True,True,True,158.64061371723304,4.336000976559999,0.21274111938499998,161.60023272727273,1005.2460055586964,98.16855523034145,100.0,83968000000.0,8192.0,8192.0,0.2848993361136963,38.89975355849137,960.593,195.97252570967942,0.20401202768464835,0.7959879723153517,0.8192743973860761,15.0,nvml_total_energy_counter,nvml_total_energy_counter,0.9056467196974985,0.986972186661127,-100.0777661027629,-0.5176424774699981,33,2,baseline elapsed_s is below 0.25s,,,,,,,,False,False,no_quality_pass,nan,tensor_model_utilization_pct_mean,not_quality_pass,fp16-energy-bench-v2,fp16-energy-bench-v2,,,,,,4.333325055804286,,161.62732467532467,1005.7096756291619,98.21383551066035,83968000000.0,,,,943.8975714285714,121.938430358329,0.12882849563160234,0.8711715043683977,0.8427086876937345,,,,,0.9595259193191843,1.0554282401786546,-51.600298161050674,2.154896742209999,consumer,86,results/diagnostic_fp16_launch_shape_rtx3090_20260602_125100,"ga102
GeForce RTX 3090"
pair,launch_shape_tensor_mma_f16acc_t256_b08,6,NVIDIA GeForce RTX 3090,ampere,ga102,82,tensor_mma_f16acc,tensor_baseline_mov,256,2048.0,8,8,strict_nvml_counter,structural_baseline,False,False,True,True,True,True,True,True,True,fp16-energy-bench-v2,fp16-energy-bench-v2,True,logical_m16n16k16_input_bits_8192,True,bench_json_metadata,True,False,False,False,False,False,missing NCU validation row,missing NCU validation row,missing NCU validation row for tensor activity,,,,,,,,,,,,,True,True,True,158.27336428818458,4.34606201172,0.209374206543,161.21856,1005.2932182938554,98.17316584900931,100.0,83968000000.0,8192.0,8192.0,0.20839210831487961,26.652635699919557,951.534,143.34581596965938,0.1506470772139087,0.8493529227860913,0.8746415307057426,0.0,nvml_total_energy_counter,nvml_total_energy_counter,0.8953674327959749,1.0275666282915543,-111.19618779411383,1.0778590516699964,34,1,baseline elapsed_s is below 0.25s,,,,,,,,False,False,no_quality_pass,nan,tensor_model_utilization_pct_mean,not_quality_pass,fp16-energy-bench-v2,fp16-energy-bench-v2,,,,,,4.333325055804286,,161.62732467532467,1005.7096756291619,98.21383551066035,83968000000.0,,,,943.8975714285714,121.938430358329,0.12882849563160234,0.8711715043683977,0.8427086876937345,,,,,0.9595259193191843,1.0554282401786546,-51.600298161050674,2.154896742209999,consumer,86,results/diagnostic_fp16_launch_shape_rtx3090_20260602_125100,"ga102
GeForce RTX 3090"
pair,launch_shape_tensor_mma_f16acc_t256_b08,7,NVIDIA GeForce RTX 3090,ampere,ga102,82,tensor_mma_f16acc,tensor_baseline_mov,256,2048.0,8,8,strict_nvml_counter,structural_baseline,False,False,True,True,True,True,True,True,True,fp16-energy-bench-v2,fp16-energy-bench-v2,True,logical_m16n16k16_input_bits_8192,True,bench_json_metadata,True,False,False,False,False,False,missing NCU validation row,missing NCU validation row,missing NCU validation row for tensor activity,,,,,,,,,,,,,True,True,True,158.37085218098278,4.34338671875,0.210621185303,161.21856,1005.9124249300228,98.23363524707254,100.0,83968000000.0,8192.0,8192.0,0.1440363221340165,16.44196026992975,957.997,99.07766801980699,0.10342168923264582,0.8965783107673542,0.923238472289001,0.0,nvml_total_energy_counter,nvml_total_energy_counter,0.901503888081652,1.1153601994025153,-104.66841128132239,4.445983937899996,33,1,baseline elapsed_s is below 0.25s,,,,,,,,False,False,no_quality_pass,nan,tensor_model_utilization_pct_mean,not_quality_pass,fp16-energy-bench-v2,fp16-energy-bench-v2,,,,,,4.333325055804286,,161.62732467532467,1005.7096756291619,98.21383551066035,83968000000.0,,,,943.8975714285714,121.938430358329,0.12882849563160234,0.8711715043683977,0.8427086876937345,,,,,0.9595259193191843,1.0554282401786546,-51.600298161050674,2.154896742209999,consumer,86,results/diagnostic_fp16_launch_shape_rtx3090_20260602_125100,"ga102
GeForce RTX 3090"
pair,launch_shape_tensor_mma_f16acc_t256_b08,8,NVIDIA GeForce RTX 3090,ampere,ga102,82,tensor_mma_f16acc,tensor_baseline_mov,256,2048.0,8,8,strict_nvml_counter,structural_baseline,False,False,True,True,True,True,True,True,True,fp16-energy-bench-v2,fp16-energy-bench-v2,True,logical_m16n16k16_input_bits_8192,True,bench_json_metadata,True,False,False,False,False,False,missing NCU validation row,missing NCU validation row,missing NCU validation row for tensor activity,,,,,,,,,,,,,True,True,True,158.41017310240537,4.34230859375,0.208096282959,161.21856,1006.1621767175138,98.2580250700697,100.0,83968000000.0,8192.0,8192.0,0.1534167449188692,17.99346426088357,948.965,105.53014056835161,0.11120551397401549,0.8887944860259845,0.915217139033389,0.0,nvml_total_energy_counter,nvml_total_energy_counter,0.8914299061213153,1.0872460584987096,-115.57747662502663,3.3487040387500002,33,1,baseline elapsed_s is below 0.25s,,,,,,,,False,False,no_quality_pass,nan,tensor_model_utilization_pct_mean,not_quality_pass,fp16-energy-bench-v2,fp16-energy-bench-v2,,,,,,4.333325055804286,,161.62732467532467,1005.7096756291619,98.21383551066035,83968000000.0,,,,943.8975714285714,121.938430358329,0.12882849563160234,0.8711715043683977,0.8427086876937345,,,,,0.9595259193191843,1.0554282401786546,-51.600298161050674,2.154896742209999,consumer,86,results/diagnostic_fp16_launch_shape_rtx3090_20260602_125100,"ga102
GeForce RTX 3090"
pair,launch_shape_tensor_mma_f16acc_t256_b08,9,NVIDIA GeForce RTX 3090,ampere,ga102,82,tensor_mma_f16acc,tensor_baseline_mov,256,2048.0,8,8,strict_nvml_counter,structural_baseline,False,False,True,True,True,True,True,True,True,fp16-energy-bench-v2,fp16-energy-bench-v2,True,logical_m16n16k16_input_bits_8192,True,bench_json_metadata,True,False,False,False,False,False,missing NCU validation row,missing NCU validation row,missing NCU validation row for tensor activity,,,,,,,,,,,,,True,True,True,158.33608866425473,4.344340332030001,0.21045114135700002,161.21856,1005.6916200727561,98.2120722727301,100.0,83968000000.0,8192.0,8192.0,0.06588569917803404,4.29720005978956,923.544,45.32052286325688,0.04907240246621372,0.9509275975337863,0.979185342248426,0.0,nvml_total_energy_counter,nvml_total_energy_counter,0.8682518355008653,1.1126897344596542,-140.13817404025247,4.445852073680001,33,1,baseline elapsed_s is below 0.25s,,,,,,,,False,False,no_quality_pass,nan,tensor_model_utilization_pct_mean,not_quality_pass,fp16-energy-bench-v2,fp16-energy-bench-v2,,,,,,4.333325055804286,,161.62732467532467,1005.7096756291619,98.21383551066035,83968000000.0,,,,943.8975714285714,121.938430358329,0.12882849563160234,0.8711715043683977,0.8427086876937345,,,,,0.9595259193191843,1.0554282401786546,-51.600298161050674,2.154896742209999,consumer,86,results/diagnostic_fp16_launch_shape_rtx3090_20260602_125100,"ga102
GeForce RTX 3090"
thread_sweep,,,NVIDIA GeForce RTX 3090,ampere,ga102,82,tensor_mma_f16acc,tensor_baseline_mov,32,32.0,1,8,mixed_or_unavailable,structural_baseline,False,False,,True,True,False,True,True,True,,,True,logical_m16n16k16_input_bits_8192,True,bench_json_metadata,True,False,False,False,False,False,missing NCU validation row,missing NCU validation row,missing NCU validation row for tensor activity,,,,,,,,,,,,,True,True,,,,,,,,,,8192.0,8192.0,,,,,,,,,,,,,,,,,energy source is unavailable or undersampled; baseline elapsed_s is below 0.25s,test elapsed_s 0.2793s < warning threshold 1s,tensor_core_mma_m16n16k16_f16acc,10,5,5,5,False,False,False,no_quality_pass,nan,tensor_model_utilization_pct_mean,not_quality_pass,fp16-energy-bench-v2,fp16-energy-bench-v2,True,23.683368413679155,nan,97.6,38.48028227787235,0.2793105529784,0.06460354309082,162.47808,242.5176925560746,23.683368413679155,1312000000.0,0.5340734734226805,0.25816578281225344,15.835228664556848,48.608000000000004,5.740170421293522,0.11801705181007618,0.8819829481899237,0.9064284336404353,0.0,valid_no_l2,nvml_total_energy_counter:10,"nvml_total_energy_counter:7,unavailable:3",1.0721281291730385,1.096005122904633,3.2650357201716047,0.9660908315000007,consumer,86,results/diagnostic_fp16_launch_shape_rtx3090_20260602_125100,"ga102
GeForce RTX 3090"
thread_sweep,,,NVIDIA GeForce RTX 3090,ampere,ga102,82,tensor_mma_f16acc,tensor_baseline_mov,64,64.0,1,8,mixed_or_unavailable,structural_baseline,False,False,,False,False,False,True,True,True,,,True,logical_m16n16k16_input_bits_8192,True,bench_json_metadata,True,False,False,False,False,False,missing NCU validation row,missing NCU validation row,missing NCU validation row for tensor activity,,,,,,,,,,,,,True,True,,,,,,,,,,8192.0,8192.0,,,,,,,,,,,,,,,,,valid_no_l2_count 1 < required 5; pure_fp16_candidate_count 1 < required 5; energy source is unavailable or undersampled; baseline elapsed_s is below 0.25s,test elapsed_s 0.2758s < warning threshold 1s,tensor_core_mma_m16n16k16_f16acc,10,5,1,1,False,False,False,no_quality_pass,nan,tensor_model_utilization_pct_mean,not_quality_pass,fp16-energy-bench-v2,fp16-energy-bench-v2,True,47.602209788949814,nan,97.5,77.94271585539148,0.27578982543900005,0.0636076469421,163.7376,487.4466282388461,47.602209788949814,2624000000.0,0.4303230982439019,0.0,27.752294407480832,50.243,9.250142697816052,0.1841080886455039,0.8158919113544961,0.8426654412255676,0.0,valid_no_l2,nvml_total_energy_counter:10,"nvml_total_energy_counter:9,unavailable:1",1.1813698203057619,nan,7.713557367889997,nan,consumer,86,results/diagnostic_fp16_launch_shape_rtx3090_20260602_125100,"ga102
GeForce RTX 3090"
thread_sweep,,,NVIDIA GeForce RTX 3090,ampere,ga102,82,tensor_mma_f16acc,tensor_baseline_mov,32,64.0,2,8,mixed_or_unavailable,structural_baseline,False,False,,False,False,False,True,True,True,,,True,logical_m16n16k16_input_bits_8192,True,bench_json_metadata,True,False,False,False,False,False,missing NCU validation row,missing NCU validation row,missing NCU validation row for tensor activity,,,,,,,,,,,,,True,True,,,,,,,,,,8192.0,8192.0,,,,,,,,,,,,,,,,,valid_no_l2_count 2 < required 5; pure_fp16_candidate_count 2 < required 5; energy source is unavailable or undersampled; baseline elapsed_s is below 0.25s,test elapsed_s 0.2762s < warning threshold 1s,tensor_core_mma_m16n16k16_f16acc,10,5,2,2,False,False,False,no_quality_pass,nan,tensor_model_utilization_pct_mean,not_quality_pass,fp16-energy-bench-v2,fp16-energy-bench-v2,True,47.53860185486424,nan,96.16666666666666,77.84052020031221,0.2761850585935,0.06483865356445,163.7376,486.79528299380985,47.53860185486424,2624000000.0,0.2597413327372706,0.026344485425263985,14.669981662679234,49.078,5.583349818184484,0.11385345539190289,0.8861465446080972,0.9146401957988561,0.0,valid_no_l2,nvml_total_energy_counter:10,"nvml_total_energy_counter:7,unavailable:3",1.091368564640066,nan,3.9555891782688377,nan,consumer,86,results/diagnostic_fp16_launch_shape_rtx3090_20260602_125100,"ga102
GeForce RTX 3090"
thread_sweep,,,NVIDIA GeForce RTX 3090,ampere,ga102,82,tensor_mma_f16acc,tensor_baseline_mov,128,128.0,1,8,mixed_or_unavailable,structural_baseline,False,False,,False,False,False,True,True,True,,,True,logical_m16n16k16_input_bits_8192,True,bench_json_metadata,True,False,False,False,False,False,missing NCU validation row,missing NCU validation row,missing NCU validation row for tensor activity,,,,,,,,,,,,,True,True,,,,,,,,,,8192.0,8192.0,,,,,,,,,,,,,,,,,valid_no_l2_count 4 < required 5; pure_fp16_candidate_count 4 < required 5; energy source is unavailable or undersampled; baseline elapsed_s is below 0.25s,test elapsed_s 0.2789s < warning threshold 1s,tensor_core_mma_m16n16k16_f16acc,10,5,4,4,False,False,False,no_quality_pass,nan,tensor_model_utilization_pct_mean,not_quality_pass,fp16-energy-bench-v2,fp16-energy-bench-v2,True,94.88504539752472,nan,96.91666666666667,154.16739996902655,0.27886428070075,0.06448125457762499,162.47808,971.6228648706532,94.88504539752472,5248000000.0,0.2578455883259538,0.12519694062344386,32.35691554504416,62.5905,11.085198520603488,0.17650520455173377,0.8234947954482662,0.851703357967837,0.0,valid_no_l2,nvml_total_energy_counter:10,"nvml_total_energy_counter:8,unavailable:2",1.2463560659618953,nan,12.362225400777174,nan,consumer,86,results/diagnostic_fp16_launch_shape_rtx3090_20260602_125100,"ga102
GeForce RTX 3090"
thread_sweep,,,NVIDIA GeForce RTX 3090,ampere,ga102,82,tensor_mma_f16acc,tensor_baseline_mov,64,128.0,2,8,mixed_or_unavailable,structural_baseline,False,False,,False,False,False,True,True,True,,,True,logical_m16n16k16_input_bits_8192,True,bench_json_metadata,True,False,False,False,False,False,missing NCU validation row,missing NCU validation row,missing NCU validation row for tensor activity,,,,,,,,,,,,,True,True,,,,,,,,,,8192.0,8192.0,,,,,,,,,,,,,,,,,valid_no_l2_count 4 < required 5; pure_fp16_candidate_count 4 < required 5; energy source is unavailable or undersampled; baseline elapsed_s is below 0.25s,test elapsed_s 0.2796s < warning threshold 1s,tensor_core_mma_m16n16k16_f16acc,10,5,4,4,False,False,False,no_quality_pass,nan,tensor_model_utilization_pct_mean,not_quality_pass,fp16-energy-bench-v2,fp16-energy-bench-v2,True,94.63944008876666,nan,98.75,153.7683451789784,0.2795890808105,0.065071870803825,162.47808,969.1078665089707,94.63944008876666,5248000000.0,0.1740401497201803,0.041491092419281866,19.46664955810394,60.9775,7.482267285352499,0.1224783382220199,0.8775216617779801,0.9079608650056508,0.0,valid_no_l2,nvml_total_energy_counter:10,"nvml_total_energy_counter:7,unavailable:3",1.2018916368062944,nan,10.234861065358771,nan,consumer,86,results/diagnostic_fp16_launch_shape_rtx3090_20260602_125100,"ga102
GeForce RTX 3090"
thread_sweep,,,NVIDIA GeForce RTX 3090,ampere,ga102,82,tensor_mma_f16acc,tensor_baseline_mov,32,128.0,4,8,mixed_or_unavailable,structural_baseline,False,False,,True,True,False,True,True,True,,,True,logical_m16n16k16_input_bits_8192,True,bench_json_metadata,True,False,False,False,False,False,missing NCU validation row,missing NCU validation row,missing NCU validation row for tensor activity,,,,,,,,,,,,,True,True,,,,,,,,,,8192.0,8192.0,,,,,,,,,,,,,,,,,energy source is unavailable or undersampled; baseline elapsed_s is below 0.25s,test elapsed_s 0.2793s < warning threshold 1s,tensor_core_mma_m16n16k16_f16acc,10,5,5,5,False,False,False,no_quality_pass,nan,tensor_model_utilization_pct_mean,not_quality_pass,fp16-energy-bench-v2,fp16-energy-bench-v2,True,94.73531739870134,nan,94.13333333333334,153.9241247913159,0.2793057250978,0.06487606506348001,162.47808,970.0896501627018,94.73531739870134,5248000000.0,0.4421566378373777,0.08727964883437372,60.833741126675136,62.720600000000005,19.009028385755613,0.30223669695091415,0.6977633030490858,0.7210386222770493,0.0,valid_no_l2,nvml_total_energy_counter:10,"nvml_total_energy_counter:9,unavailable:1",1.2395137554007871,nan,12.11718069249959,nan,consumer,86,results/diagnostic_fp16_launch_shape_rtx3090_20260602_125100,"ga102
GeForce RTX 3090"
thread_sweep,,,NVIDIA GeForce RTX 3090,ampere,ga102,82,tensor_mma_f16acc,tensor_baseline_mov,256,256.0,1,8,mixed_or_unavailable,structural_baseline,False,False,,True,True,False,True,True,True,,,True,logical_m16n16k16_input_bits_8192,True,bench_json_metadata,True,False,False,False,False,False,missing NCU validation row,missing NCU validation row,missing NCU validation row for tensor activity,,,,,,,,,,,,,True,True,,,,,,,,,,8192.0,8192.0,,,,,,,,,,,,,,,,,energy source is unavailable or undersampled; baseline elapsed_s is below 0.25s,test elapsed_s 0.538s < warning threshold 1s,tensor_core_mma_m16n16k16_f16acc,10,5,5,5,True,False,False,no_quality_pass,nan,tensor_model_utilization_pct_mean,not_quality_pass,fp16-energy-bench-v2,fp16-energy-bench-v2,True,98.36709520510514,99.4,99.57000000000001,159.82496764102692,0.5379841552736,0.06838183898928,162.47808,1007.2790549002768,98.36709520510514,10496000000.0,0.18327427199001278,0.10837846122660764,21.56785643408934,128.382,15.75851424814837,0.12307428405497808,0.876925715945022,0.9059784291475577,0.0,valid_no_l2,nvml_total_energy_counter:10,"nvml_total_energy_counter:7,unavailable:3",1.1079199710694725,nan,12.488342089456054,nan,consumer,86,results/diagnostic_fp16_launch_shape_rtx3090_20260602_125100,"ga102
GeForce RTX 3090"
thread_sweep,,,NVIDIA GeForce RTX 3090,ampere,ga102,82,tensor_mma_f16acc,tensor_baseline_mov,128,256.0,2,8,mixed_or_unavailable,structural_baseline,False,False,,True,True,False,True,True,True,,,True,logical_m16n16k16_input_bits_8192,True,bench_json_metadata,True,False,False,False,False,False,missing NCU validation row,missing NCU validation row,missing NCU validation row for tensor activity,,,,,,,,,,,,,True,True,,,,,,,,,,8192.0,8192.0,,,,,,,,,,,,,,,,,energy source is unavailable or undersampled; baseline elapsed_s is below 0.25s,test elapsed_s 0.5388s < warning threshold 1s,tensor_core_mma_m16n16k16_f16acc,10,5,5,5,False,False,False,no_quality_pass,nan,tensor_model_utilization_pct_mean,not_quality_pass,fp16-energy-bench-v2,fp16-energy-bench-v2,True,98.2193604974254,98.0,99.27000000000001,159.58493112449523,0.5387948120116001,0.0678684677124,162.47808,1005.7662514936361,98.2193604974254,10496000000.0,0.21983833163887442,0.1374425519110031,28.992770482476914,113.1114,18.90241027179828,0.16594150753947073,0.8340584924605293,0.8590280801841196,0.0,valid_no_l2,nvml_total_energy_counter:10,"nvml_total_energy_counter:5,unavailable:5",1.000596321405044,nan,-0.035017824168940594,nan,consumer,86,results/diagnostic_fp16_launch_shape_rtx3090_20260602_125100,"ga102
GeForce RTX 3090"
thread_sweep,,,NVIDIA GeForce RTX 3090,ampere,ga102,82,tensor_mma_f16acc,tensor_baseline_mov,64,256.0,4,8,mixed_or_unavailable,structural_baseline,False,False,,False,False,False,True,True,True,,,True,logical_m16n16k16_input_bits_8192,True,bench_json_metadata,True,False,False,False,False,False,missing NCU validation row,missing NCU validation row,missing NCU validation row for tensor activity,,,,,,,,,,,,,True,True,,,,,,,,,,8192.0,8192.0,,,,,,,,,,,,,,,,,valid_no_l2_count 3 < required 5; pure_fp16_candidate_count 3 < required 5; energy source is unavailable or undersampled; baseline elapsed_s is below 0.25s,test elapsed_s 0.5391s < warning threshold 1s,tensor_core_mma_m16n16k16_f16acc,10,5,3,3,False,False,False,no_quality_pass,nan,tensor_model_utilization_pct_mean,not_quality_pass,fp16-energy-bench-v2,fp16-energy-bench-v2,True,98.16431044863207,99.0,99.61666666666667,159.4954868621768,0.539096415202,0.06796107737223334,162.47808,1005.2025389939923,98.16431044863207,10496000000.0,0.2702451383289621,0.1072473566701286,36.23500212357306,118.81933333333335,23.23655042581124,0.1963100254372048,0.8036899745627952,0.8293900984615834,0.0,valid_no_l2,nvml_total_energy_counter:10,"nvml_total_energy_counter:5,unavailable:5",1.0422885697500412,nan,5.049997390043312,nan,consumer,86,results/diagnostic_fp16_launch_shape_rtx3090_20260602_125100,"ga102
GeForce RTX 3090"
thread_sweep,,,NVIDIA GeForce RTX 3090,ampere,ga102,82,tensor_mma_f16acc,tensor_baseline_mov,32,256.0,8,8,mixed_or_unavailable,structural_baseline,False,False,,False,False,False,True,True,True,,,True,logical_m16n16k16_input_bits_8192,True,bench_json_metadata,True,False,False,False,False,False,missing NCU validation row,missing NCU validation row,missing NCU validation row for tensor activity,,,,,,,,,,,,,True,True,,,,,,,,,,8192.0,8192.0,,,,,,,,,,,,,,,,,valid_no_l2_count 2 < required 5; pure_fp16_candidate_count 2 < required 5; energy source is unavailable or undersampled; baseline elapsed_s is below 0.25s,test elapsed_s 0.536s < warning threshold 1s,tensor_core_mma_m16n16k16_f16acc,10,5,2,2,False,False,False,no_quality_pass,nan,tensor_model_utilization_pct_mean,not_quality_pass,fp16-energy-bench-v2,fp16-energy-bench-v2,True,98.34982673218681,100.0,99.55,160.41741800267113,0.5360142822265,0.0671971206665,163.10784,1007.1022257375929,98.34982673218681,10496000000.0,0.35761242385923464,0.059384800762918175,50.52433476657406,124.305,30.74867200677091,0.24767397829769233,0.7523260217023077,0.7752926643429885,0.0,valid_no_l2,nvml_total_energy_counter:10,"nvml_total_energy_counter:4,unavailable:6",1.1318317836422966,nan,14.354318729436912,nan,consumer,86,results/diagnostic_fp16_launch_shape_rtx3090_20260602_125100,"ga102
GeForce RTX 3090"
thread_sweep,,,NVIDIA GeForce RTX 3090,ampere,ga102,82,tensor_mma_f16acc,tensor_baseline_mov,256,512.0,2,8,mixed_or_unavailable,structural_baseline,False,False,,False,False,False,True,True,True,,,True,logical_m16n16k16_input_bits_8192,True,bench_json_metadata,True,False,False,False,False,False,missing NCU validation row,missing NCU validation row,missing NCU validation row for tensor activity,,,,,,,,,,,,,True,True,,,,,,,,,,8192.0,8192.0,,,,,,,,,,,,,,,,,valid_no_l2_count 4 < required 5; pure_fp16_candidate_count 4 < required 5; energy source is unavailable or undersampled; baseline elapsed_s is below 0.25s,,tensor_core_mma_m16n16k16_f16acc,10,5,4,4,False,False,False,no_quality_pass,nan,tensor_model_utilization_pct_mean,not_quality_pass,fp16-energy-bench-v2,fp16-energy-bench-v2,True,98.13169772275796,100.0,99.58333333333333,159.4424983313409,1.078595092775,0.06803660964965001,162.47808,1004.8685846810417,98.13169772275796,20992000000.0,0.15729236425141663,0.13535906658514324,18.092029435350838,228.00075,27.049011694516125,0.11702096675944541,0.8829790332405546,0.912534888448137,0.0,valid_no_l2,nvml_total_energy_counter:10,"nvml_total_energy_counter:7,unavailable:3",0.8793770415508267,nan,-31.072289625749477,nan,consumer,86,results/diagnostic_fp16_launch_shape_rtx3090_20260602_125100,"ga102
GeForce RTX 3090"
thread_sweep,,,NVIDIA GeForce RTX 3090,ampere,ga102,82,tensor_mma_f16acc,tensor_baseline_mov,128,512.0,4,8,mixed_or_unavailable,structural_baseline,False,False,,False,False,False,True,True,True,,,True,logical_m16n16k16_input_bits_8192,True,bench_json_metadata,True,False,False,False,False,False,missing NCU validation row,missing NCU validation row,missing NCU validation row for tensor activity,,,,,,,,,,,,,True,True,,,,,,,,,,8192.0,8192.0,,,,,,,,,,,,,,,,,valid_no_l2_count 2 < required 5; pure_fp16_candidate_count 2 < required 5; energy source is unavailable or undersampled; baseline elapsed_s is below 0.25s,,tensor_core_mma_m16n16k16_f16acc,10,5,2,2,False,False,False,no_quality_pass,nan,tensor_model_utilization_pct_mean,not_quality_pass,fp16-energy-bench-v2,fp16-energy-bench-v2,True,98.13540053802826,100.0,99.76388888888889,159.44851459449802,1.0785079956099999,0.0708244476318,162.47808,1004.9065015094095,98.13540053802826,20992000000.0,0.11431933699016313,0.14550650361365208,12.636571028621276,236.4755,19.659092149022754,0.08347825970852843,0.9165217402914716,0.9403413553301943,0.0,valid_no_l2,nvml_total_energy_counter:10,"nvml_total_energy_counter:6,unavailable:4",0.9084849757651738,nan,-23.851472160449774,nan,consumer,86,results/diagnostic_fp16_launch_shape_rtx3090_20260602_125100,"ga102
GeForce RTX 3090"
thread_sweep,,,NVIDIA GeForce RTX 3090,ampere,ga102,82,tensor_mma_f16acc,tensor_baseline_mov,64,512.0,8,8,mixed_or_unavailable,structural_baseline,False,False,,False,False,False,True,True,True,,,True,logical_m16n16k16_input_bits_8192,True,bench_json_metadata,True,False,False,False,False,False,missing NCU validation row,missing NCU validation row,missing NCU validation row for tensor activity,,,,,,,,,,,,,True,True,,,,,,,,,,8192.0,8192.0,,,,,,,,,,,,,,,,,valid_no_l2_count 2 < required 5; pure_fp16_candidate_count 2 < required 5; energy source is unavailable or undersampled; baseline elapsed_s is below 0.25s,,tensor_core_mma_m16n16k16_f16acc,10,5,2,2,False,False,False,no_quality_pass,nan,tensor_model_utilization_pct_mean,not_quality_pass,fp16-energy-bench-v2,fp16-energy-bench-v2,True,98.35325876919475,100.0,99.77777777777777,160.42367525736762,1.07200097656,0.07065687942505,163.10784,1007.1373697965541,98.35325876919475,20992000000.0,0.14115765292566146,0.11304955595982781,722.3431029845713,228.675,24.274382440165255,0.10691289191762314,0.8930871080823769,0.544654857670754,0.0,valid_no_l2,nvml_total_energy_counter:10,"nvml_total_energy_counter:6,unavailable:4",4.128472293285991,nan,80.80487396635961,nan,consumer,86,results/diagnostic_fp16_launch_shape_rtx3090_20260602_125100,"ga102
GeForce RTX 3090"
thread_sweep,,,NVIDIA GeForce RTX 3090,ampere,ga102,82,tensor_mma_f16acc,tensor_baseline_mov,256,1024.0,4,8,strict_nvml_counter,structural_baseline,False,False,,True,True,True,True,True,True,,,True,logical_m16n16k16_input_bits_8192,True,bench_json_metadata,True,False,False,False,False,False,missing NCU validation row,missing NCU validation row,missing NCU validation row for tensor activity,,,,,,,,,,,,,True,True,,,,,,,,,,8192.0,8192.0,,,,,,,,,,,,,,,,,baseline elapsed_s is below 0.25s,,tensor_core_mma_m16n16k16_f16acc,10,5,9,9,False,False,False,no_quality_pass,nan,tensor_model_utilization_pct_mean,not_quality_pass,fp16-energy-bench-v2,fp16-energy-bench-v2,True,98.37514079462302,100.0,99.90277777777777,159.7692316950093,2.152692491318889,0.12044155290400001,162.40810666666667,1007.3614417369396,98.37514079462302,41984000000.0,0.3840773138894258,0.062121568273015654,54.708646916337045,462.6734444444444,132.0968351443653,0.28560785583878967,0.7143921441612103,0.7373425991299314,1.6666666666666667,valid_no_l2,nvml_total_energy_counter:10,nvml_total_energy_counter:10,0.8841550695417355,0.9604015600918847,-60.568925108233444,-0.7883714521712499,consumer,86,results/diagnostic_fp16_launch_shape_rtx3090_20260602_125100,"ga102
GeForce RTX 3090"
thread_sweep,,,NVIDIA GeForce RTX 3090,ampere,ga102,82,tensor_mma_f16acc,tensor_baseline_mov,128,1024.0,8,8,strict_nvml_counter,structural_baseline,False,False,,True,True,True,True,True,True,,,True,logical_m16n16k16_input_bits_8192,True,bench_json_metadata,True,False,False,False,False,False,missing NCU validation row,missing NCU validation row,missing NCU validation row for tensor activity,,,,,,,,,,,,,True,True,,,,,,,,,,8192.0,8192.0,,,,,,,,,,,,,,,,,baseline elapsed_s is below 0.25s,,tensor_core_mma_m16n16k16_f16acc,10,5,7,7,False,False,False,no_quality_pass,nan,tensor_model_utilization_pct_mean,not_quality_pass,fp16-energy-bench-v2,fp16-energy-bench-v2,True,98.00221018964636,99.92857142857143,99.81702855967562,159.17775493787926,2.1607149483814285,0.1286301868982857,162.4227164835165,1003.5426323419788,98.00221018964636,41984000000.0,0.46622605649446724,0.08676394501226888,112.37285335398109,469.96842857142855,160.35049272003556,0.340913655823919,0.659086344176081,0.5932190040009395,2.142857142857143,valid_no_l2,nvml_total_energy_counter:10,nvml_total_energy_counter:10,1.084393610813579,0.8874448779694951,10.579360782885301,-2.4071030785814287,consumer,86,results/diagnostic_fp16_launch_shape_rtx3090_20260602_125100,"ga102
GeForce RTX 3090"
thread_sweep,,,NVIDIA GeForce RTX 3090,ampere,ga102,82,tensor_mma_f16acc,tensor_baseline_mov,256,2048.0,8,8,strict_nvml_counter,structural_baseline,False,False,,True,True,True,True,True,True,,,True,logical_m16n16k16_input_bits_8192,True,bench_json_metadata,True,False,False,False,False,False,missing NCU validation row,missing NCU validation row,missing NCU validation row for tensor activity,,,,,,,,,,,,,True,True,,,,,,,,,,8192.0,8192.0,,,,,,,,,,,,,,,,,baseline elapsed_s is below 0.25s,,tensor_core_mma_m16n16k16_f16acc,10,5,7,7,False,False,False,no_quality_pass,nan,tensor_model_utilization_pct_mean,not_quality_pass,fp16-energy-bench-v2,fp16-energy-bench-v2,True,98.21383551066035,100.0,99.92651037687801,158.74041429650728,4.333325055804286,0.20959518214642858,161.62732467532467,1005.7096756291619,98.21383551066035,83968000000.0,0.1772706542921197,0.051913204795178754,38.308039299347406,943.8975714285714,121.938430358329,0.12882849563160234,0.8711715043683977,0.8427086876937345,4.285714285714286,valid_no_l2,nvml_total_energy_counter:10,nvml_total_energy_counter:10,0.9595259193191843,1.0554282401786546,-51.600298161050674,2.154896742209999,consumer,86,results/diagnostic_fp16_launch_shape_rtx3090_20260602_125100,"ga102
GeForce RTX 3090"
pair,launch_shape_tensor_mma_f16acc_t032_b01,0,NVIDIA GeForce RTX 3090,ampere,ga102,82,tensor_mma_f16acc,tensor_baseline_mov,32,32.0,1,8,strict_nvml_counter,structural_baseline,False,False,True,True,True,True,False,True,True,fp16-energy-bench-v2,fp16-energy-bench-v2,True,logical_m16n16k16_input_bits_8192,True,bench_json_metadata,True,True,False,False,False,False,missing NCU validation row,missing NCU validation row,missing NCU validation row for tensor activity,,,,,,,,,,,,,False,False,True,37.82251873968166,5.6833359375,1.32828369141,142.32576,272.12402863286326,26.574612171178053,nan,26240000000.0,8192.0,8192.0,0.4856341120258067,15.559891454212675,934.649,104.3909763035723,0.11169003155577367,0.8883099684442264,0.9037411103706702,nan,nvml_total_energy_counter,nvml_total_energy_counter,nan,nan,nan,nan,0,0,SM clock span exceeds threshold or is missing,SM/GPU utilization missing; using tensor_model_utilization_pct_mean fallback; test NVML-counter/power-trace ratio is missing; baseline NVML-counter/power-trace ratio is missing,,,,,,,False,False,no_quality_pass,nan,tensor_model_utilization_pct_mean,not_quality_pass,fp16-energy-bench-v2,fp16-energy-bench-v2,,,,,,5.6833359375,,142.32576,272.12402863286326,26.574612171178053,26240000000.0,,,,934.649,104.3909763035723,0.11169003155577367,0.8883099684442264,0.9037411103706702,,,,,nan,nan,nan,nan,consumer,86,results/fp16_launch_shape_warpsync_rtx3090_20260602_direct,"ga102
GeForce RTX 3090"
pair,launch_shape_tensor_mma_f16acc_t032_b02,0,NVIDIA GeForce RTX 3090,ampere,ga102,82,tensor_mma_f16acc,tensor_baseline_mov,32,64.0,2,8,strict_nvml_counter,structural_baseline,False,False,True,True,True,True,False,True,True,fp16-energy-bench-v2,fp16-energy-bench-v2,True,logical_m16n16k16_input_bits_8192,True,bench_json_metadata,True,True,False,False,False,False,missing NCU validation row,missing NCU validation row,missing NCU validation row for tensor activity,,,,,,,,,,,,,False,False,True,75.34556411554833,5.70592529297,1.3218815918,142.32576,542.0934176239177,52.93881031483571,nan,52480000000.0,8192.0,8192.0,0.46330132858033296,29.673719833500314,1065.36,199.18072810615502,0.18696095977524502,0.8130390402247549,0.8364878831758681,nan,nvml_total_energy_counter,nvml_total_energy_counter,nan,nan,nan,nan,0,0,SM clock span exceeds threshold or is missing,SM/GPU utilization missing; using tensor_model_utilization_pct_mean fallback; test NVML-counter/power-trace ratio is missing; baseline NVML-counter/power-trace ratio is missing,,,,,,,False,False,no_quality_pass,nan,tensor_model_utilization_pct_mean,not_quality_pass,fp16-energy-bench-v2,fp16-energy-bench-v2,,,,,,5.70592529297,,142.32576,542.0934176239177,52.93881031483571,52480000000.0,,,,1065.36,199.18072810615502,0.18696095977524502,0.8130390402247549,0.8364878831758681,,,,,nan,nan,nan,nan,consumer,86,results/fp16_launch_shape_warpsync_rtx3090_20260602_direct,"ga102
GeForce RTX 3090"
pair,launch_shape_tensor_mma_f16acc_t032_b04,0,NVIDIA GeForce RTX 3090,ampere,ga102,82,tensor_mma_f16acc,tensor_baseline_mov,32,128.0,4,8,strict_nvml_counter,structural_baseline,False,False,True,True,True,True,False,True,True,fp16-energy-bench-v2,fp16-energy-bench-v2,True,logical_m16n16k16_input_bits_8192,True,bench_json_metadata,True,True,False,False,False,False,missing NCU validation row,missing NCU validation row,missing NCU validation row for tensor activity,,,,,,,,,,,,,False,False,True,149.90045786056584,5.73602197266,1.31974755859,142.32576,1078.4981499429157,105.32208495536284,nan,104960000000.0,8192.0,8192.0,0.3537803122394822,49.76975658467927,1240.293,304.19174664319837,0.2452579726267893,0.7547420273732107,0.7663026351893738,nan,nvml_total_energy_counter,nvml_total_energy_counter,nan,nan,nan,nan,0,0,SM clock span exceeds threshold or is missing; tensor_model_utilization_pct_mean 105.3% exceeds 105% sanity limit,SM/GPU utilization missing; using tensor_model_utilization_pct_mean fallback; test NVML-counter/power-trace ratio is missing; baseline NVML-counter/power-trace ratio is missing,,,,,,,False,False,no_quality_pass,nan,tensor_model_utilization_pct_mean,not_quality_pass,fp16-energy-bench-v2,fp16-energy-bench-v2,,,,,,5.73602197266,,142.32576,1078.4981499429157,105.32208495536284,104960000000.0,,,,1240.293,304.19174664319837,0.2452579726267893,0.7547420273732107,0.7663026351893738,,,,,nan,nan,nan,nan,consumer,86,results/fp16_launch_shape_warpsync_rtx3090_20260602_direct,"ga102
GeForce RTX 3090"
pair,launch_shape_tensor_mma_f16acc_t032_b08,0,NVIDIA GeForce RTX 3090,ampere,ga102,82,tensor_mma_f16acc,tensor_baseline_mov,32,256.0,8,8,strict_nvml_counter,structural_baseline,False,False,True,True,True,True,False,True,True,fp16-energy-bench-v2,fp16-energy-bench-v2,True,logical_m16n16k16_input_bits_8192,True,bench_json_metadata,True,True,False,False,False,False,missing NCU validation row,missing NCU validation row,missing NCU validation row for tensor activity,,,,,,,,,,,,,False,False,True,154.56487423706628,11.12584375,1.39182592773,142.32576,1112.0575166347671,108.59936685886397,nan,209920000000.0,8192.0,8192.0,0.28747916225324727,40.586545386581946,2457.401,494.36775006373205,0.2011750422758565,0.7988249577241435,0.8129872829776178,nan,nvml_total_energy_counter,nvml_total_energy_counter,nan,nan,nan,nan,0,0,SM clock span exceeds threshold or is missing; tensor_model_utilization_pct_mean 108.6% exceeds 105% sanity limit,SM/GPU utilization missing; using tensor_model_utilization_pct_mean fallback; test NVML-counter/power-trace ratio is missing; baseline NVML-counter/power-trace ratio is missing,,,,,,,False,False,no_quality_pass,nan,tensor_model_utilization_pct_mean,not_quality_pass,fp16-energy-bench-v2,fp16-energy-bench-v2,,,,,,11.12584375,,142.32576,1112.0575166347671,108.59936685886397,209920000000.0,,,,2457.401,494.36775006373205,0.2011750422758565,0.7988249577241435,0.8129872829776178,,,,,nan,nan,nan,nan,consumer,86,results/fp16_launch_shape_warpsync_rtx3090_20260602_direct,"ga102
GeForce RTX 3090"
pair,launch_shape_tensor_mma_f16acc_t064_b01,0,NVIDIA GeForce RTX 3090,ampere,ga102,82,tensor_mma_f16acc,tensor_baseline_mov,64,64.0,1,8,strict_nvml_counter,structural_baseline,False,False,True,True,True,True,False,True,True,fp16-energy-bench-v2,fp16-energy-bench-v2,True,logical_m16n16k16_input_bits_8192,True,bench_json_metadata,True,True,False,False,False,False,missing NCU validation row,missing NCU validation row,missing NCU validation row for tensor activity,,,,,,,,,,,,,False,False,True,74.95966638891993,5.73529980469,1.3221907959,142.32576,539.316975242247,52.6676733635007,nan,52480000000.0,8192.0,8192.0,0.4122673143257749,26.550377536209936,1049.639,177.24038066845014,0.16885841767355267,0.8311415823264473,0.85139222373801,nan,nvml_total_energy_counter,nvml_total_energy_counter,nan,nan,nan,nan,0,0,SM clock span exceeds threshold or is missing,SM/GPU utilization missing; using tensor_model_utilization_pct_mean fallback; test NVML-counter/power-trace ratio is missing; baseline NVML-counter/power-trace ratio is missing,,,,,,,False,False,no_quality_pass,nan,tensor_model_utilization_pct_mean,not_quality_pass,fp16-energy-bench-v2,fp16-energy-bench-v2,,,,,,5.73529980469,,142.32576,539.316975242247,52.6676733635007,52480000000.0,,,,1049.639,177.24038066845014,0.16885841767355267,0.8311415823264473,0.85139222373801,,,,,nan,nan,nan,nan,consumer,86,results/fp16_launch_shape_warpsync_rtx3090_20260602_direct,"ga102
GeForce RTX 3090"
pair,launch_shape_tensor_mma_f16acc_t064_b02,0,NVIDIA GeForce RTX 3090,ampere,ga102,82,tensor_mma_f16acc,tensor_baseline_mov,64,128.0,2,8,strict_nvml_counter,structural_baseline,False,False,True,True,True,True,False,True,True,fp16-energy-bench-v2,fp16-energy-bench-v2,True,logical_m16n16k16_input_bits_8192,True,bench_json_metadata,True,True,False,False,False,False,missing NCU validation row,missing NCU validation row,missing NCU validation row for tensor activity,,,,,,,,,,,,,False,False,True,149.23707458359576,5.76151953125,1.32071325684,142.32576,1073.7252650089629,104.85598291103153,nan,104960000000.0,8192.0,8192.0,0.35325543015748234,79.42307869761402,1245.517,303.740436064906,0.2438669532932156,0.7561330467067844,0.6729983840776373,nan,nvml_total_energy_counter,nvml_total_energy_counter,nan,nan,nan,nan,0,0,SM clock span exceeds threshold or is missing,SM/GPU utilization missing; using tensor_model_utilization_pct_mean fallback; test NVML-counter/power-trace ratio is missing; baseline NVML-counter/power-trace ratio is missing,,,,,,,False,False,no_quality_pass,nan,tensor_model_utilization_pct_mean,not_quality_pass,fp16-energy-bench-v2,fp16-energy-bench-v2,,,,,,5.76151953125,,142.32576,1073.7252650089629,104.85598291103153,104960000000.0,,,,1245.517,303.740436064906,0.2438669532932156,0.7561330467067844,0.6729983840776373,,,,,nan,nan,nan,nan,consumer,86,results/fp16_launch_shape_warpsync_rtx3090_20260602_direct,"ga102
GeForce RTX 3090"
pair,launch_shape_tensor_mma_f16acc_t064_b04,0,NVIDIA GeForce RTX 3090,ampere,ga102,82,tensor_mma_f16acc,tensor_baseline_mov,64,256.0,4,8,strict_nvml_counter,structural_baseline,False,False,True,True,True,True,False,True,True,fp16-energy-bench-v2,fp16-energy-bench-v2,True,logical_m16n16k16_input_bits_8192,True,bench_json_metadata,True,True,False,False,False,False,missing NCU validation row,missing NCU validation row,missing NCU validation row for tensor activity,,,,,,,,,,,,,False,False,True,153.93702580666906,11.1712216797,1.3953177490200002,142.32576,1107.5402964721854,108.15823207736186,nan,209920000000.0,8192.0,8192.0,0.30476134052751414,54.86936543072696,2498.911,524.087300944165,0.20972627714398992,0.79027372285601,0.7631338525689202,nan,nvml_total_energy_counter,nvml_total_energy_counter,nan,nan,nan,nan,0,0,SM clock span exceeds threshold or is missing; tensor_model_utilization_pct_mean 108.2% exceeds 105% sanity limit,SM/GPU utilization missing; using tensor_model_utilization_pct_mean fallback; test NVML-counter/power-trace ratio is missing; baseline NVML-counter/power-trace ratio is missing,,,,,,,False,False,no_quality_pass,nan,tensor_model_utilization_pct_mean,not_quality_pass,fp16-energy-bench-v2,fp16-energy-bench-v2,,,,,,11.1712216797,,142.32576,1107.5402964721854,108.15823207736186,209920000000.0,,,,2498.911,524.087300944165,0.20972627714398992,0.79027372285601,0.7631338525689202,,,,,nan,nan,nan,nan,consumer,86,results/fp16_launch_shape_warpsync_rtx3090_20260602_direct,"ga102
GeForce RTX 3090"
pair,launch_shape_tensor_mma_f16acc_t064_b08,0,NVIDIA GeForce RTX 3090,ampere,ga102,82,tensor_mma_f16acc,tensor_baseline_mov,64,512.0,8,8,strict_nvml_counter,structural_baseline,False,False,True,True,True,True,False,True,True,fp16-energy-bench-v2,fp16-energy-bench-v2,True,logical_m16n16k16_input_bits_8192,True,bench_json_metadata,True,True,False,False,False,False,missing NCU validation row,missing NCU validation row,missing NCU validation row for tensor activity,,,,,,,,,,,,,False,False,True,152.41057922952425,22.5662109375,1.45712438965,142.32576,1096.5578763186147,107.08573010923969,nan,419840000000.0,8192.0,8192.0,0.0824898549152167,14.708320392655736,5074.442,283.70977331285667,0.05590955090487913,0.9440904490951209,0.9352070714456963,nan,nvml_total_energy_counter,nvml_total_energy_counter,nan,nan,nan,nan,0,0,SM clock span exceeds threshold or is missing; tensor_model_utilization_pct_mean 107.1% exceeds 105% sanity limit,SM/GPU utilization missing; using tensor_model_utilization_pct_mean fallback; test NVML-counter/power-trace ratio is missing; baseline NVML-counter/power-trace ratio is missing,,,,,,,False,False,no_quality_pass,nan,tensor_model_utilization_pct_mean,not_quality_pass,fp16-energy-bench-v2,fp16-energy-bench-v2,,,,,,22.5662109375,,142.32576,1096.5578763186147,107.08573010923969,419840000000.0,,,,5074.442,283.70977331285667,0.05590955090487913,0.9440904490951209,0.9352070714456963,,,,,nan,nan,nan,nan,consumer,86,results/fp16_launch_shape_warpsync_rtx3090_20260602_direct,"ga102
GeForce RTX 3090"
pair,launch_shape_tensor_mma_f16acc_t128_b01,0,NVIDIA GeForce RTX 3090,ampere,ga102,82,tensor_mma_f16acc,tensor_baseline_mov,128,128.0,1,8,strict_nvml_counter,structural_baseline,False,False,True,True,True,True,False,True,True,fp16-energy-bench-v2,fp16-energy-bench-v2,True,logical_m16n16k16_input_bits_8192,True,bench_json_metadata,True,True,False,False,False,False,missing NCU validation row,missing NCU validation row,missing NCU validation row for tensor activity,,,,,,,,,,,,,False,False,True,147.65723767550125,5.8231640625,1.3348106689500001,142.32576,1062.35871411973,103.74596817575485,nan,104960000000.0,8192.0,8192.0,0.38423870583206315,75.62487756224559,1289.166,330.3808578693804,0.2562748768346205,0.7437251231653794,0.6852570914137618,nan,nvml_total_energy_counter,nvml_total_energy_counter,nan,nan,nan,nan,0,0,SM clock span exceeds threshold or is missing,SM/GPU utilization missing; using tensor_model_utilization_pct_mean fallback; test NVML-counter/power-trace ratio is missing; baseline NVML-counter/power-trace ratio is missing,,,,,,,False,False,no_quality_pass,nan,tensor_model_utilization_pct_mean,not_quality_pass,fp16-energy-bench-v2,fp16-energy-bench-v2,,,,,,5.8231640625,,142.32576,1062.35871411973,103.74596817575485,104960000000.0,,,,1289.166,330.3808578693804,0.2562748768346205,0.7437251231653794,0.6852570914137618,,,,,nan,nan,nan,nan,consumer,86,results/fp16_launch_shape_warpsync_rtx3090_20260602_direct,"ga102
GeForce RTX 3090"
pair,launch_shape_tensor_mma_f16acc_t128_b02,0,NVIDIA GeForce RTX 3090,ampere,ga102,82,tensor_mma_f16acc,tensor_baseline_mov,128,256.0,2,8,strict_nvml_counter,structural_baseline,False,False,True,True,True,True,False,True,True,fp16-energy-bench-v2,fp16-energy-bench-v2,True,logical_m16n16k16_input_bits_8192,True,bench_json_metadata,True,True,False,False,False,False,missing NCU validation row,missing NCU validation row,missing NCU validation row for tensor activity,,,,,,,,,,,,,False,False,True,153.20811965785236,11.2243701172,1.40102246094,142.32576,1102.2959900557764,107.64609277888442,nan,209920000000.0,8192.0,8192.0,0.3172913642392568,44.374700807453564,2557.965,545.6347396596104,0.21330813348095473,0.7866918665190452,0.8015948001224527,nan,nvml_total_energy_counter,nvml_total_energy_counter,nan,nan,nan,nan,0,0,SM clock span exceeds threshold or is missing; tensor_model_utilization_pct_mean 107.6% exceeds 105% sanity limit,SM/GPU utilization missing; using tensor_model_utilization_pct_mean fallback; test NVML-counter/power-trace ratio is missing; baseline NVML-counter/power-trace ratio is missing,,,,,,,False,False,no_quality_pass,nan,tensor_model_utilization_pct_mean,not_quality_pass,fp16-energy-bench-v2,fp16-energy-bench-v2,,,,,,11.2243701172,,142.32576,1102.2959900557764,107.64609277888442,209920000000.0,,,,2557.965,545.6347396596104,0.21330813348095473,0.7866918665190452,0.8015948001224527,,,,,nan,nan,nan,nan,consumer,86,results/fp16_launch_shape_warpsync_rtx3090_20260602_direct,"ga102
GeForce RTX 3090"
pair,launch_shape_tensor_mma_f16acc_t128_b04,0,NVIDIA GeForce RTX 3090,ampere,ga102,82,tensor_mma_f16acc,tensor_baseline_mov,128,512.0,4,8,strict_nvml_counter,structural_baseline,False,False,True,True,True,True,False,True,True,fp16-energy-bench-v2,fp16-energy-bench-v2,True,logical_m16n16k16_input_bits_8192,True,bench_json_metadata,True,True,False,False,False,False,missing NCU validation row,missing NCU validation row,missing NCU validation row for tensor activity,,,,,,,,,,,,,False,False,True,152.6467914163778,22.5312910156,1.4553856201200002,142.32576,1098.2573668348643,107.25169597996722,nan,419840000000.0,8192.0,8192.0,0.11876203378613467,19.540897494458335,5211.008,408.4617401530022,0.07838440089767704,0.9216155991023229,0.9160221056499351,nan,nvml_total_energy_counter,nvml_total_energy_counter,nan,nan,nan,nan,0,0,SM clock span exceeds threshold or is missing; tensor_model_utilization_pct_mean 107.3% exceeds 105% sanity limit,SM/GPU utilization missing; using tensor_model_utilization_pct_mean fallback; test NVML-counter/power-trace ratio is missing; baseline NVML-counter/power-trace ratio is missing,,,,,,,False,False,no_quality_pass,nan,tensor_model_utilization_pct_mean,not_quality_pass,fp16-energy-bench-v2,fp16-energy-bench-v2,,,,,,22.5312910156,,142.32576,1098.2573668348643,107.25169597996722,419840000000.0,,,,5211.008,408.4617401530022,0.07838440089767704,0.9216155991023229,0.9160221056499351,,,,,nan,nan,nan,nan,consumer,86,results/fp16_launch_shape_warpsync_rtx3090_20260602_direct,"ga102
GeForce RTX 3090"
pair,launch_shape_tensor_mma_f16acc_t128_b08,0,NVIDIA GeForce RTX 3090,ampere,ga102,82,tensor_mma_f16acc,tensor_baseline_mov,128,1024.0,8,8,strict_nvml_counter,structural_baseline,False,False,True,True,True,True,False,True,True,fp16-energy-bench-v2,fp16-energy-bench-v2,True,logical_m16n16k16_input_bits_8192,True,bench_json_metadata,True,True,False,False,False,False,missing NCU validation row,missing NCU validation row,missing NCU validation row for tensor activity,,,,,,,,,,,,,False,False,True,151.7147652265163,45.3394140625,2.72089892578,142.32576,1091.5516600224212,106.59684179906456,nan,839680000000.0,8192.0,8192.0,0.11136570647920574,15.54028072113968,10653.125,766.046670163636,0.07190816499042638,0.9280918350095736,0.933477202542185,nan,nvml_total_energy_counter,nvml_total_energy_counter,nan,nan,nan,nan,0,0,SM clock span exceeds threshold or is missing; tensor_model_utilization_pct_mean 106.6% exceeds 105% sanity limit,SM/GPU utilization missing; using tensor_model_utilization_pct_mean fallback; test NVML-counter/power-trace ratio is missing; baseline NVML-counter/power-trace ratio is missing,,,,,,,False,False,no_quality_pass,nan,tensor_model_utilization_pct_mean,not_quality_pass,fp16-energy-bench-v2,fp16-energy-bench-v2,,,,,,45.3394140625,,142.32576,1091.5516600224212,106.59684179906456,839680000000.0,,,,10653.125,766.046670163636,0.07190816499042638,0.9280918350095736,0.933477202542185,,,,,nan,nan,nan,nan,consumer,86,results/fp16_launch_shape_warpsync_rtx3090_20260602_direct,"ga102
GeForce RTX 3090"
pair,launch_shape_tensor_mma_f16acc_t256_b01,0,NVIDIA GeForce RTX 3090,ampere,ga102,82,tensor_mma_f16acc,tensor_baseline_mov,256,256.0,1,8,strict_nvml_counter,structural_baseline,False,False,True,True,True,True,False,True,True,fp16-energy-bench-v2,fp16-energy-bench-v2,True,logical_m16n16k16_input_bits_8192,True,bench_json_metadata,True,True,False,False,False,False,missing NCU validation row,missing NCU validation row,missing NCU validation row for tensor activity,,,,,,,,,,,,,False,False,True,152.96797584511978,11.2419912109,1.41003369141,142.32576,1100.5682124262162,107.47736449474768,nan,209920000000.0,8192.0,8192.0,0.3428342079774187,48.12698325685125,2617.741,589.5598648411728,0.22521703439766305,0.774782965602337,0.7894138197128148,nan,nvml_total_energy_counter,nvml_total_energy_counter,nan,nan,nan,nan,0,0,SM clock span exceeds threshold or is missing; tensor_model_utilization_pct_mean 107.5% exceeds 105% sanity limit,SM/GPU utilization missing; using tensor_model_utilization_pct_mean fallback; test NVML-counter/power-trace ratio is missing; baseline NVML-counter/power-trace ratio is missing,,,,,,,False,False,no_quality_pass,nan,tensor_model_utilization_pct_mean,not_quality_pass,fp16-energy-bench-v2,fp16-energy-bench-v2,,,,,,11.2419912109,,142.32576,1100.5682124262162,107.47736449474768,209920000000.0,,,,2617.741,589.5598648411728,0.22521703439766305,0.774782965602337,0.7894138197128148,,,,,nan,nan,nan,nan,consumer,86,results/fp16_launch_shape_warpsync_rtx3090_20260602_direct,"ga102
GeForce RTX 3090"
pair,launch_shape_tensor_mma_f16acc_t256_b02,0,NVIDIA GeForce RTX 3090,ampere,ga102,82,tensor_mma_f16acc,tensor_baseline_mov,256,512.0,2,8,strict_nvml_counter,structural_baseline,False,False,False,False,False,True,False,True,True,fp16-energy-bench-v2,fp16-energy-bench-v2,True,logical_m16n16k16_input_bits_8192,True,bench_json_metadata,False,False,False,False,False,False,missing NCU validation row,missing NCU validation row,missing NCU validation row for tensor activity,,,,,,,,,,,,,False,False,True,152.69959286966946,22.5235,1.47420056152,142.32576,1098.6372607358046,107.2887949937309,nan,419840000000.0,8192.0,8192.0,-0.760499318539454,-114.29260006685985,5252.526,-2615.6075736727907,-0.49797137104562467,1.4979713710456246,1.4862741623630042,nan,nvml_total_energy_counter,nvml_total_energy_counter,nan,nan,nan,nan,0,0,valid_no_l2_count 0 < required 1; pure_fp16_candidate_count 0 < required 1; matmul_input_pj_per_bit is not positive/finite; SM clock span exceeds threshold or is missing; tensor_model_utilization_pct_mean 107.3% exceeds 105% sanity limit; incremental energy fraction is missing or nonpositive; baseline energy fraction 1.498 > 0.99; incremental energy is below 0.1 J or missing,SM/GPU utilization missing; using tensor_model_utilization_pct_mean fallback; test NVML-counter/power-trace ratio is missing; baseline NVML-counter/power-trace ratio is missing,,,,,,,False,False,no_quality_pass,nan,tensor_model_utilization_pct_mean,not_quality_pass,fp16-energy-bench-v2,fp16-energy-bench-v2,,,,,,22.5235,,142.32576,1098.6372607358046,107.2887949937309,419840000000.0,,,,5252.526,-2615.6075736727907,-0.49797137104562467,1.4979713710456246,1.4862741623630042,,,,,nan,nan,nan,nan,consumer,86,results/fp16_launch_shape_warpsync_rtx3090_20260602_direct,"ga102
GeForce RTX 3090"
pair,launch_shape_tensor_mma_f16acc_t256_b04,0,NVIDIA GeForce RTX 3090,ampere,ga102,82,tensor_mma_f16acc,tensor_baseline_mov,256,1024.0,4,8,strict_nvml_counter,structural_baseline,False,False,True,True,True,True,False,True,True,fp16-energy-bench-v2,fp16-energy-bench-v2,True,logical_m16n16k16_input_bits_8192,True,bench_json_metadata,True,True,False,False,False,False,missing NCU validation row,missing NCU validation row,missing NCU validation row for tensor activity,,,,,,,,,,,,,False,False,True,151.49978933458138,45.40375,2.54496362305,142.32576,1090.0049595983983,106.44579683578108,nan,839680000000.0,8192.0,8192.0,0.10690971417009967,18.849244291207754,10755.479,735.3954205233094,0.06837402783486532,0.9316259721651347,0.9213099061107676,nan,nvml_total_energy_counter,nvml_total_energy_counter,nan,nan,nan,nan,0,0,SM clock span exceeds threshold or is missing; tensor_model_utilization_pct_mean 106.4% exceeds 105% sanity limit,SM/GPU utilization missing; using tensor_model_utilization_pct_mean fallback; test NVML-counter/power-trace ratio is missing; baseline NVML-counter/power-trace ratio is missing,,,,,,,False,False,no_quality_pass,nan,tensor_model_utilization_pct_mean,not_quality_pass,fp16-energy-bench-v2,fp16-energy-bench-v2,,,,,,45.40375,,142.32576,1090.0049595983983,106.44579683578108,839680000000.0,,,,10755.479,735.3954205233094,0.06837402783486532,0.9316259721651347,0.9213099061107676,,,,,nan,nan,nan,nan,consumer,86,results/fp16_launch_shape_warpsync_rtx3090_20260602_direct,"ga102
GeForce RTX 3090"
pair,launch_shape_tensor_mma_f16acc_t256_b08,0,NVIDIA GeForce RTX 3090,ampere,ga102,82,tensor_mma_f16acc,tensor_baseline_mov,256,2048.0,8,8,strict_nvml_counter,structural_baseline,False,False,True,True,True,True,False,True,True,fp16-energy-bench-v2,fp16-energy-bench-v2,True,logical_m16n16k16_input_bits_8192,True,bench_json_metadata,True,True,False,False,False,False,missing NCU validation row,missing NCU validation row,missing NCU validation row for tensor activity,,,,,,,,,,,,,False,False,True,149.18930706738837,92.213828125,4.52450097656,142.32576,1073.38158908834,104.8224208094082,nan,1679360000000.0,8192.0,8192.0,0.017524694409002832,2.629551547906459,21969.684,241.09277841574294,0.010973884668334006,0.989026115331666,0.988963623992533,nan,nvml_total_energy_counter,nvml_total_energy_counter,nan,nan,nan,nan,0,0,SM clock span exceeds threshold or is missing,SM/GPU utilization missing; using tensor_model_utilization_pct_mean fallback; incremental energy fraction 0.01097 < warning threshold 0.05; test NVML-counter/power-trace ratio is missing; baseline NVML-counter/power-trace ratio is missing,,,,,,,False,False,no_quality_pass,nan,tensor_model_utilization_pct_mean,not_quality_pass,fp16-energy-bench-v2,fp16-energy-bench-v2,,,,,,92.213828125,,142.32576,1073.38158908834,104.8224208094082,1679360000000.0,,,,21969.684,241.09277841574294,0.010973884668334006,0.989026115331666,0.988963623992533,,,,,nan,nan,nan,nan,consumer,86,results/fp16_launch_shape_warpsync_rtx3090_20260602_direct,"ga102
GeForce RTX 3090"
thread_sweep,,,NVIDIA GeForce RTX 3090,ampere,ga102,82,tensor_mma_f16acc,tensor_baseline_mov,32,32.0,1,8,strict_nvml_counter,structural_baseline,False,False,,True,True,True,False,True,True,,,True,logical_m16n16k16_input_bits_8192,True,bench_json_metadata,True,True,False,False,False,False,missing NCU validation row,missing NCU validation row,missing NCU validation row for tensor activity,,,,,,,,,,,,,False,False,,,,,,,,,,8192.0,8192.0,,,,,,,,,,,,,,,,,SM clock span exceeds threshold or is missing,SM/GPU utilization missing; using tensor_model_utilization_pct_mean fallback; test NVML-counter/power-trace ratio is missing; baseline NVML-counter/power-trace ratio is missing,tensor_core_mma_m16n16k16_f16acc,1,1,1,1,False,False,False,no_quality_pass,nan,tensor_model_utilization_pct_mean,not_quality_pass,fp16-energy-bench-v2,fp16-energy-bench-v2,True,26.574612171178053,nan,nan,37.82251873968166,5.6833359375,1.32828369141,142.32576,272.12402863286326,26.574612171178053,26240000000.0,0.4856341120258067,0.0,15.559891454212675,934.649,104.3909763035723,0.11169003155577367,0.8883099684442264,0.9037411103706702,nan,valid_no_l2,nvml_total_energy_counter:1,nvml_total_energy_counter:1,nan,nan,nan,nan,consumer,86,results/fp16_launch_shape_warpsync_rtx3090_20260602_direct,"ga102
GeForce RTX 3090"
thread_sweep,,,NVIDIA GeForce RTX 3090,ampere,ga102,82,tensor_mma_f16acc,tensor_baseline_mov,64,64.0,1,8,strict_nvml_counter,structural_baseline,False,False,,True,True,True,False,True,True,,,True,logical_m16n16k16_input_bits_8192,True,bench_json_metadata,True,True,False,False,False,False,missing NCU validation row,missing NCU validation row,missing NCU validation row for tensor activity,,,,,,,,,,,,,False,False,,,,,,,,,,8192.0,8192.0,,,,,,,,,,,,,,,,,SM clock span exceeds threshold or is missing,SM/GPU utilization missing; using tensor_model_utilization_pct_mean fallback; test NVML-counter/power-trace ratio is missing; baseline NVML-counter/power-trace ratio is missing,tensor_core_mma_m16n16k16_f16acc,1,1,1,1,False,False,False,no_quality_pass,nan,tensor_model_utilization_pct_mean,not_quality_pass,fp16-energy-bench-v2,fp16-energy-bench-v2,True,52.6676733635007,nan,nan,74.95966638891993,5.73529980469,1.3221907959,142.32576,539.316975242247,52.6676733635007,52480000000.0,0.4122673143257749,0.0,26.550377536209936,1049.639,177.24038066845014,0.16885841767355267,0.8311415823264473,0.85139222373801,nan,valid_no_l2,nvml_total_energy_counter:1,nvml_total_energy_counter:1,nan,nan,nan,nan,consumer,86,results/fp16_launch_shape_warpsync_rtx3090_20260602_direct,"ga102
GeForce RTX 3090"
thread_sweep,,,NVIDIA GeForce RTX 3090,ampere,ga102,82,tensor_mma_f16acc,tensor_baseline_mov,32,64.0,2,8,strict_nvml_counter,structural_baseline,False,False,,True,True,True,False,True,True,,,True,logical_m16n16k16_input_bits_8192,True,bench_json_metadata,True,True,False,False,False,False,missing NCU validation row,missing NCU validation row,missing NCU validation row for tensor activity,,,,,,,,,,,,,False,False,,,,,,,,,,8192.0,8192.0,,,,,,,,,,,,,,,,,SM clock span exceeds threshold or is missing,SM/GPU utilization missing; using tensor_model_utilization_pct_mean fallback; test NVML-counter/power-trace ratio is missing; baseline NVML-counter/power-trace ratio is missing,tensor_core_mma_m16n16k16_f16acc,1,1,1,1,False,False,False,no_quality_pass,nan,tensor_model_utilization_pct_mean,not_quality_pass,fp16-energy-bench-v2,fp16-energy-bench-v2,True,52.93881031483571,nan,nan,75.34556411554833,5.70592529297,1.3218815918,142.32576,542.0934176239177,52.93881031483571,52480000000.0,0.46330132858033296,0.0,29.673719833500314,1065.36,199.18072810615502,0.18696095977524502,0.8130390402247549,0.8364878831758681,nan,valid_no_l2,nvml_total_energy_counter:1,nvml_total_energy_counter:1,nan,nan,nan,nan,consumer,86,results/fp16_launch_shape_warpsync_rtx3090_20260602_direct,"ga102
GeForce RTX 3090"
thread_sweep,,,NVIDIA GeForce RTX 3090,ampere,ga102,82,tensor_mma_f16acc,tensor_baseline_mov,128,128.0,1,8,strict_nvml_counter,structural_baseline,False,False,,True,True,True,False,True,True,,,True,logical_m16n16k16_input_bits_8192,True,bench_json_metadata,True,True,False,False,False,False,missing NCU validation row,missing NCU validation row,missing NCU validation row for tensor activity,,,,,,,,,,,,,False,False,,,,,,,,,,8192.0,8192.0,,,,,,,,,,,,,,,,,SM clock span exceeds threshold or is missing,SM/GPU utilization missing; using tensor_model_utilization_pct_mean fallback; test NVML-counter/power-trace ratio is missing; baseline NVML-counter/power-trace ratio is missing,tensor_core_mma_m16n16k16_f16acc,1,1,1,1,False,False,False,no_quality_pass,nan,tensor_model_utilization_pct_mean,not_quality_pass,fp16-energy-bench-v2,fp16-energy-bench-v2,True,103.74596817575485,nan,nan,147.65723767550125,5.8231640625,1.3348106689500001,142.32576,1062.35871411973,103.74596817575485,104960000000.0,0.38423870583206315,0.0,75.62487756224559,1289.166,330.3808578693804,0.2562748768346205,0.7437251231653794,0.6852570914137618,nan,valid_no_l2,nvml_total_energy_counter:1,nvml_total_energy_counter:1,nan,nan,nan,nan,consumer,86,results/fp16_launch_shape_warpsync_rtx3090_20260602_direct,"ga102
GeForce RTX 3090"
thread_sweep,,,NVIDIA GeForce RTX 3090,ampere,ga102,82,tensor_mma_f16acc,tensor_baseline_mov,64,128.0,2,8,strict_nvml_counter,structural_baseline,False,False,,True,True,True,False,True,True,,,True,logical_m16n16k16_input_bits_8192,True,bench_json_metadata,True,True,False,False,False,False,missing NCU validation row,missing NCU validation row,missing NCU validation row for tensor activity,,,,,,,,,,,,,False,False,,,,,,,,,,8192.0,8192.0,,,,,,,,,,,,,,,,,SM clock span exceeds threshold or is missing,SM/GPU utilization missing; using tensor_model_utilization_pct_mean fallback; test NVML-counter/power-trace ratio is missing; baseline NVML-counter/power-trace ratio is missing,tensor_core_mma_m16n16k16_f16acc,1,1,1,1,True,False,False,no_quality_pass,nan,tensor_model_utilization_pct_mean,not_quality_pass,fp16-energy-bench-v2,fp16-energy-bench-v2,True,104.85598291103153,nan,nan,149.23707458359576,5.76151953125,1.32071325684,142.32576,1073.7252650089629,104.85598291103153,104960000000.0,0.35325543015748234,0.0,79.42307869761402,1245.517,303.740436064906,0.2438669532932156,0.7561330467067844,0.6729983840776373,nan,valid_no_l2,nvml_total_energy_counter:1,nvml_total_energy_counter:1,nan,nan,nan,nan,consumer,86,results/fp16_launch_shape_warpsync_rtx3090_20260602_direct,"ga102
GeForce RTX 3090"
thread_sweep,,,NVIDIA GeForce RTX 3090,ampere,ga102,82,tensor_mma_f16acc,tensor_baseline_mov,32,128.0,4,8,strict_nvml_counter,structural_baseline,False,False,,True,True,True,False,True,True,,,True,logical_m16n16k16_input_bits_8192,True,bench_json_metadata,True,True,False,False,False,False,missing NCU validation row,missing NCU validation row,missing NCU validation row for tensor activity,,,,,,,,,,,,,False,False,,,,,,,,,,8192.0,8192.0,,,,,,,,,,,,,,,,,SM clock span exceeds threshold or is missing; tensor_model_utilization_pct_mean 105.3% exceeds 105% sanity limit,SM/GPU utilization missing; using tensor_model_utilization_pct_mean fallback; test NVML-counter/power-trace ratio is missing; baseline NVML-counter/power-trace ratio is missing,tensor_core_mma_m16n16k16_f16acc,1,1,1,1,False,False,False,no_quality_pass,nan,tensor_model_utilization_pct_mean,not_quality_pass,fp16-energy-bench-v2,fp16-energy-bench-v2,True,105.32208495536284,nan,nan,149.90045786056584,5.73602197266,1.31974755859,142.32576,1078.4981499429157,105.32208495536284,104960000000.0,0.3537803122394822,0.0,49.76975658467927,1240.293,304.19174664319837,0.2452579726267893,0.7547420273732107,0.7663026351893738,nan,valid_no_l2,nvml_total_energy_counter:1,nvml_total_energy_counter:1,nan,nan,nan,nan,consumer,86,results/fp16_launch_shape_warpsync_rtx3090_20260602_direct,"ga102
GeForce RTX 3090"
thread_sweep,,,NVIDIA GeForce RTX 3090,ampere,ga102,82,tensor_mma_f16acc,tensor_baseline_mov,256,256.0,1,8,strict_nvml_counter,structural_baseline,False,False,,True,True,True,False,True,True,,,True,logical_m16n16k16_input_bits_8192,True,bench_json_metadata,True,True,False,False,False,False,missing NCU validation row,missing NCU validation row,missing NCU validation row for tensor activity,,,,,,,,,,,,,False,False,,,,,,,,,,8192.0,8192.0,,,,,,,,,,,,,,,,,SM clock span exceeds threshold or is missing; tensor_model_utilization_pct_mean 107.5% exceeds 105% sanity limit,SM/GPU utilization missing; using tensor_model_utilization_pct_mean fallback; test NVML-counter/power-trace ratio is missing; baseline NVML-counter/power-trace ratio is missing,tensor_core_mma_m16n16k16_f16acc,1,1,1,1,False,False,False,no_quality_pass,nan,tensor_model_utilization_pct_mean,not_quality_pass,fp16-energy-bench-v2,fp16-energy-bench-v2,True,107.47736449474768,nan,nan,152.96797584511978,11.2419912109,1.41003369141,142.32576,1100.5682124262162,107.47736449474768,209920000000.0,0.3428342079774187,0.0,48.12698325685125,2617.741,589.5598648411728,0.22521703439766305,0.774782965602337,0.7894138197128148,nan,valid_no_l2,nvml_total_energy_counter:1,nvml_total_energy_counter:1,nan,nan,nan,nan,consumer,86,results/fp16_launch_shape_warpsync_rtx3090_20260602_direct,"ga102
GeForce RTX 3090"
thread_sweep,,,NVIDIA GeForce RTX 3090,ampere,ga102,82,tensor_mma_f16acc,tensor_baseline_mov,128,256.0,2,8,strict_nvml_counter,structural_baseline,False,False,,True,True,True,False,True,True,,,True,logical_m16n16k16_input_bits_8192,True,bench_json_metadata,True,True,False,False,False,False,missing NCU validation row,missing NCU validation row,missing NCU validation row for tensor activity,,,,,,,,,,,,,False,False,,,,,,,,,,8192.0,8192.0,,,,,,,,,,,,,,,,,SM clock span exceeds threshold or is missing; tensor_model_utilization_pct_mean 107.6% exceeds 105% sanity limit,SM/GPU utilization missing; using tensor_model_utilization_pct_mean fallback; test NVML-counter/power-trace ratio is missing; baseline NVML-counter/power-trace ratio is missing,tensor_core_mma_m16n16k16_f16acc,1,1,1,1,False,False,False,no_quality_pass,nan,tensor_model_utilization_pct_mean,not_quality_pass,fp16-energy-bench-v2,fp16-energy-bench-v2,True,107.64609277888442,nan,nan,153.20811965785236,11.2243701172,1.40102246094,142.32576,1102.2959900557764,107.64609277888442,209920000000.0,0.3172913642392568,0.0,44.374700807453564,2557.965,545.6347396596104,0.21330813348095473,0.7866918665190452,0.8015948001224527,nan,valid_no_l2,nvml_total_energy_counter:1,nvml_total_energy_counter:1,nan,nan,nan,nan,consumer,86,results/fp16_launch_shape_warpsync_rtx3090_20260602_direct,"ga102
GeForce RTX 3090"
thread_sweep,,,NVIDIA GeForce RTX 3090,ampere,ga102,82,tensor_mma_f16acc,tensor_baseline_mov,64,256.0,4,8,strict_nvml_counter,structural_baseline,False,False,,True,True,True,False,True,True,,,True,logical_m16n16k16_input_bits_8192,True,bench_json_metadata,True,True,False,False,False,False,missing NCU validation row,missing NCU validation row,missing NCU validation row for tensor activity,,,,,,,,,,,,,False,False,,,,,,,,,,8192.0,8192.0,,,,,,,,,,,,,,,,,SM clock span exceeds threshold or is missing; tensor_model_utilization_pct_mean 108.2% exceeds 105% sanity limit,SM/GPU utilization missing; using tensor_model_utilization_pct_mean fallback; test NVML-counter/power-trace ratio is missing; baseline NVML-counter/power-trace ratio is missing,tensor_core_mma_m16n16k16_f16acc,1,1,1,1,False,False,False,no_quality_pass,nan,tensor_model_utilization_pct_mean,not_quality_pass,fp16-energy-bench-v2,fp16-energy-bench-v2,True,108.15823207736186,nan,nan,153.93702580666906,11.1712216797,1.3953177490200002,142.32576,1107.5402964721854,108.15823207736186,209920000000.0,0.30476134052751414,0.0,54.86936543072696,2498.911,524.087300944165,0.20972627714398992,0.79027372285601,0.7631338525689202,nan,valid_no_l2,nvml_total_energy_counter:1,nvml_total_energy_counter:1,nan,nan,nan,nan,consumer,86,results/fp16_launch_shape_warpsync_rtx3090_20260602_direct,"ga102
GeForce RTX 3090"
thread_sweep,,,NVIDIA GeForce RTX 3090,ampere,ga102,82,tensor_mma_f16acc,tensor_baseline_mov,32,256.0,8,8,strict_nvml_counter,structural_baseline,False,False,,True,True,True,False,True,True,,,True,logical_m16n16k16_input_bits_8192,True,bench_json_metadata,True,True,False,False,False,False,missing NCU validation row,missing NCU validation row,missing NCU validation row for tensor activity,,,,,,,,,,,,,False,False,,,,,,,,,,8192.0,8192.0,,,,,,,,,,,,,,,,,SM clock span exceeds threshold or is missing; tensor_model_utilization_pct_mean 108.6% exceeds 105% sanity limit,SM/GPU utilization missing; using tensor_model_utilization_pct_mean fallback; test NVML-counter/power-trace ratio is missing; baseline NVML-counter/power-trace ratio is missing,tensor_core_mma_m16n16k16_f16acc,1,1,1,1,False,False,False,no_quality_pass,nan,tensor_model_utilization_pct_mean,not_quality_pass,fp16-energy-bench-v2,fp16-energy-bench-v2,True,108.59936685886397,nan,nan,154.56487423706628,11.12584375,1.39182592773,142.32576,1112.0575166347671,108.59936685886397,209920000000.0,0.28747916225324727,0.0,40.586545386581946,2457.401,494.36775006373205,0.2011750422758565,0.7988249577241435,0.8129872829776178,nan,valid_no_l2,nvml_total_energy_counter:1,nvml_total_energy_counter:1,nan,nan,nan,nan,consumer,86,results/fp16_launch_shape_warpsync_rtx3090_20260602_direct,"ga102
GeForce RTX 3090"
thread_sweep,,,NVIDIA GeForce RTX 3090,ampere,ga102,82,tensor_mma_f16acc,tensor_baseline_mov,256,512.0,2,8,strict_nvml_counter,structural_baseline,False,False,,False,False,True,False,True,True,,,True,logical_m16n16k16_input_bits_8192,True,bench_json_metadata,False,False,False,False,False,False,missing NCU validation row,missing NCU validation row,missing NCU validation row for tensor activity,,,,,,,,,,,,,False,False,,,,,,,,,,8192.0,8192.0,,,,,,,,,,,,,,,,,valid_no_l2_count 0 < required 1; pure_fp16_candidate_count 0 < required 1; matmul_input_pj_per_bit is not positive/finite; SM clock span exceeds threshold or is missing; tensor_model_utilization_pct_mean 107.3% exceeds 105% sanity limit; incremental energy fraction is missing or nonpositive; baseline energy fraction 1.498 > 0.99; incremental energy is below 0.1 J or missing,SM/GPU utilization missing; using tensor_model_utilization_pct_mean fallback; test NVML-counter/power-trace ratio is missing; baseline NVML-counter/power-trace ratio is missing,tensor_core_mma_m16n16k16_f16acc,1,1,0,0,False,False,False,no_quality_pass,nan,tensor_model_utilization_pct_mean,not_quality_pass,fp16-energy-bench-v2,fp16-energy-bench-v2,True,107.2887949937309,nan,nan,152.69959286966946,22.5235,1.47420056152,142.32576,1098.6372607358046,107.2887949937309,419840000000.0,-0.760499318539454,0.0,-114.29260006685985,5252.526,-2615.6075736727907,-0.49797137104562467,1.4979713710456246,1.4862741623630042,nan,all_runs_no_valid,nvml_total_energy_counter:1,nvml_total_energy_counter:1,nan,nan,nan,nan,consumer,86,results/fp16_launch_shape_warpsync_rtx3090_20260602_direct,"ga102
GeForce RTX 3090"
thread_sweep,,,NVIDIA GeForce RTX 3090,ampere,ga102,82,tensor_mma_f16acc,tensor_baseline_mov,128,512.0,4,8,strict_nvml_counter,structural_baseline,False,False,,True,True,True,False,True,True,,,True,logical_m16n16k16_input_bits_8192,True,bench_json_metadata,True,True,False,False,False,False,missing NCU validation row,missing NCU validation row,missing NCU validation row for tensor activity,,,,,,,,,,,,,False,False,,,,,,,,,,8192.0,8192.0,,,,,,,,,,,,,,,,,SM clock span exceeds threshold or is missing; tensor_model_utilization_pct_mean 107.3% exceeds 105% sanity limit,SM/GPU utilization missing; using tensor_model_utilization_pct_mean fallback; test NVML-counter/power-trace ratio is missing; baseline NVML-counter/power-trace ratio is missing,tensor_core_mma_m16n16k16_f16acc,1,1,1,1,False,False,False,no_quality_pass,nan,tensor_model_utilization_pct_mean,not_quality_pass,fp16-energy-bench-v2,fp16-energy-bench-v2,True,107.25169597996722,nan,nan,152.6467914163778,22.5312910156,1.4553856201200002,142.32576,1098.2573668348643,107.25169597996722,419840000000.0,0.11876203378613467,0.0,19.540897494458335,5211.008,408.4617401530022,0.07838440089767704,0.9216155991023229,0.9160221056499351,nan,valid_no_l2,nvml_total_energy_counter:1,nvml_total_energy_counter:1,nan,nan,nan,nan,consumer,86,results/fp16_launch_shape_warpsync_rtx3090_20260602_direct,"ga102
GeForce RTX 3090"
thread_sweep,,,NVIDIA GeForce RTX 3090,ampere,ga102,82,tensor_mma_f16acc,tensor_baseline_mov,64,512.0,8,8,strict_nvml_counter,structural_baseline,False,False,,True,True,True,False,True,True,,,True,logical_m16n16k16_input_bits_8192,True,bench_json_metadata,True,True,False,False,False,False,missing NCU validation row,missing NCU validation row,missing NCU validation row for tensor activity,,,,,,,,,,,,,False,False,,,,,,,,,,8192.0,8192.0,,,,,,,,,,,,,,,,,SM clock span exceeds threshold or is missing; tensor_model_utilization_pct_mean 107.1% exceeds 105% sanity limit,SM/GPU utilization missing; using tensor_model_utilization_pct_mean fallback; test NVML-counter/power-trace ratio is missing; baseline NVML-counter/power-trace ratio is missing,tensor_core_mma_m16n16k16_f16acc,1,1,1,1,False,False,False,no_quality_pass,nan,tensor_model_utilization_pct_mean,not_quality_pass,fp16-energy-bench-v2,fp16-energy-bench-v2,True,107.08573010923969,nan,nan,152.41057922952425,22.5662109375,1.45712438965,142.32576,1096.5578763186147,107.08573010923969,419840000000.0,0.0824898549152167,0.0,14.708320392655736,5074.442,283.70977331285667,0.05590955090487913,0.9440904490951209,0.9352070714456963,nan,valid_no_l2,nvml_total_energy_counter:1,nvml_total_energy_counter:1,nan,nan,nan,nan,consumer,86,results/fp16_launch_shape_warpsync_rtx3090_20260602_direct,"ga102
GeForce RTX 3090"
thread_sweep,,,NVIDIA GeForce RTX 3090,ampere,ga102,82,tensor_mma_f16acc,tensor_baseline_mov,256,1024.0,4,8,strict_nvml_counter,structural_baseline,False,False,,True,True,True,False,True,True,,,True,logical_m16n16k16_input_bits_8192,True,bench_json_metadata,True,True,False,False,False,False,missing NCU validation row,missing NCU validation row,missing NCU validation row for tensor activity,,,,,,,,,,,,,False,False,,,,,,,,,,8192.0,8192.0,,,,,,,,,,,,,,,,,SM clock span exceeds threshold or is missing; tensor_model_utilization_pct_mean 106.4% exceeds 105% sanity limit,SM/GPU utilization missing; using tensor_model_utilization_pct_mean fallback; test NVML-counter/power-trace ratio is missing; baseline NVML-counter/power-trace ratio is missing,tensor_core_mma_m16n16k16_f16acc,1,1,1,1,False,False,False,no_quality_pass,nan,tensor_model_utilization_pct_mean,not_quality_pass,fp16-energy-bench-v2,fp16-energy-bench-v2,True,106.44579683578108,nan,nan,151.49978933458138,45.40375,2.54496362305,142.32576,1090.0049595983983,106.44579683578108,839680000000.0,0.10690971417009967,0.0,18.849244291207754,10755.479,735.3954205233094,0.06837402783486532,0.9316259721651347,0.9213099061107676,nan,valid_no_l2,nvml_total_energy_counter:1,nvml_total_energy_counter:1,nan,nan,nan,nan,consumer,86,results/fp16_launch_shape_warpsync_rtx3090_20260602_direct,"ga102
GeForce RTX 3090"
thread_sweep,,,NVIDIA GeForce RTX 3090,ampere,ga102,82,tensor_mma_f16acc,tensor_baseline_mov,128,1024.0,8,8,strict_nvml_counter,structural_baseline,False,False,,True,True,True,False,True,True,,,True,logical_m16n16k16_input_bits_8192,True,bench_json_metadata,True,True,False,False,False,False,missing NCU validation row,missing NCU validation row,missing NCU validation row for tensor activity,,,,,,,,,,,,,False,False,,,,,,,,,,8192.0,8192.0,,,,,,,,,,,,,,,,,SM clock span exceeds threshold or is missing; tensor_model_utilization_pct_mean 106.6% exceeds 105% sanity limit,SM/GPU utilization missing; using tensor_model_utilization_pct_mean fallback; test NVML-counter/power-trace ratio is missing; baseline NVML-counter/power-trace ratio is missing,tensor_core_mma_m16n16k16_f16acc,1,1,1,1,False,False,False,no_quality_pass,nan,tensor_model_utilization_pct_mean,not_quality_pass,fp16-energy-bench-v2,fp16-energy-bench-v2,True,106.59684179906456,nan,nan,151.7147652265163,45.3394140625,2.72089892578,142.32576,1091.5516600224212,106.59684179906456,839680000000.0,0.11136570647920574,0.0,15.54028072113968,10653.125,766.046670163636,0.07190816499042638,0.9280918350095736,0.933477202542185,nan,valid_no_l2,nvml_total_energy_counter:1,nvml_total_energy_counter:1,nan,nan,nan,nan,consumer,86,results/fp16_launch_shape_warpsync_rtx3090_20260602_direct,"ga102
GeForce RTX 3090"
thread_sweep,,,NVIDIA GeForce RTX 3090,ampere,ga102,82,tensor_mma_f16acc,tensor_baseline_mov,256,2048.0,8,8,strict_nvml_counter,structural_baseline,False,False,,True,True,True,False,True,True,,,True,logical_m16n16k16_input_bits_8192,True,bench_json_metadata,True,True,False,False,False,False,missing NCU validation row,missing NCU validation row,missing NCU validation row for tensor activity,,,,,,,,,,,,,False,False,,,,,,,,,,8192.0,8192.0,,,,,,,,,,,,,,,,,SM clock span exceeds threshold or is missing,SM/GPU utilization missing; using tensor_model_utilization_pct_mean fallback; incremental energy fraction 0.01097 < warning threshold 0.05; test NVML-counter/power-trace ratio is missing; baseline NVML-counter/power-trace ratio is missing,tensor_core_mma_m16n16k16_f16acc,1,1,1,1,False,False,False,no_quality_pass,nan,tensor_model_utilization_pct_mean,not_quality_pass,fp16-energy-bench-v2,fp16-energy-bench-v2,True,104.8224208094082,nan,nan,149.18930706738837,92.213828125,4.52450097656,142.32576,1073.38158908834,104.8224208094082,1679360000000.0,0.017524694409002832,0.0,2.629551547906459,21969.684,241.09277841574294,0.010973884668334006,0.989026115331666,0.988963623992533,nan,valid_no_l2,nvml_total_energy_counter:1,nvml_total_energy_counter:1,nan,nan,nan,nan,consumer,86,results/fp16_launch_shape_warpsync_rtx3090_20260602_direct,"ga102
GeForce RTX 3090"
