architecture_chip,architecture_generation,architecture_measurement_note,bench_build_git_commit,bench_json,benchmark_uses_wgmma,blocks,blocks_per_sm_requested,cache_policy,compute_capability,condition,cuda_device_index,cuda_elapsed_ms,cuda_visible_devices,device_index,device_name,driver_version,estimated_memory_gbps,estimated_tflops,fp16_ops_estimate,fp16_path,fp16_tensor_instruction_path,gpu_product_class,gpu_uuid,host_end_unix_ns,host_start_unix_ns,iters,kernel,l2_cache_bytes,mem_mib,mem_stride,memory_bytes_estimate,nvidia_smi_dmon_id,nvidia_smi_id,nvidia_smi_index,nvidia_smi_name,nvidia_smi_power_limit_w,nvml_energy_delta_j,nvml_energy_end_mj,nvml_energy_note,nvml_energy_start_mj,nvml_energy_supported,pci_bus_id,power_csv,power_logger_errors,recommended_cuda_arch,regs_per_block,repeat_index,repeats,role,run_id,runner_wall_end_unix_ns,runner_wall_start_unix_ns,schema_features,schema_version,shared_mem_per_block,sm_count,sm_util_csv,sm_util_logger_errors,suppress_output_store,threads,timed_kernel_global_input_loads,timed_kernel_global_output_stores,timed_kernel_has_intended_global_memory,timed_kernel_memory_provenance_note,unroll,validity_note,warmup,wgmma_supported,benchmark_schema_version,benchmark_schema_features,power_energy_j,avg_power_w,energy_source,power_trace_energy_j,power_trace_avg_power_w,power_trace_query_modes,avg_power_draw_w,avg_power_draw_average_w,avg_power_draw_instant_w,avg_power_limit_w,nvml_energy_counter_supported,energy_counter_vs_trace_delta_j,energy_counter_vs_trace_ratio,power_sample_count,sm_util_sample_count,avg_sm_clock_mhz,min_sm_clock_mhz,max_sm_clock_mhz,avg_temp_c,max_temp_c,avg_gpu_util_pct,max_gpu_util_pct,avg_sm_util_pct,max_sm_util_pct,mma_accumulator_bits_per_logical_mma,mma_arithmetic_read_bits_per_logical_mma,mma_flops_per_logical_mma,mma_input_bits_per_logical_mma,mma_instructions_per_logical_mma,mma_k,mma_logical_count_estimate,mma_logical_shape,mma_m,mma_n,mma_output_bits_per_logical_mma,mma_register_read_write_bits_per_logical_mma
ga100,ampere,"A100/GA100 path uses warp-level HMMA m16n8k16 pairs; compare against H100/RTX3090 only with the same logical m16n16k16 workload, clock policy, and baseline subtraction",ce960f9677a1,results/fp16_long_sweep_a100_20260603_034822/raw/long5s_tensor_mma_f16acc_t128_b1_rep000_baseline_04de43bb/bench.json,False,108,1,none,8.0,long5s_tensor_mma_f16acc_t128_b1,0,28165.65625,,0,NVIDIA A100-SXM4-80GB,580.159.03,0,0,0,baseline_or_memory,benchmark uses warp-level HMMA mma.sync m16n8k16 pairs,datacenter,GPU-736f9b27-a462-1683-4dae-8866344ef6f4,1780458596988919460,1780458568823374486,64000000,tensor_baseline_mov,41943040,256,1,0,0,0,0,NVIDIA A100-SXM4-80GB,400.0,2916.914,143030373696,nvmlDeviceGetTotalEnergyConsumption available via CUDA PCI bus id 0000:00:06.0,143027456782,True,00000000:00:06.0,results/fp16_long_sweep_a100_20260603_034822/raw/long5s_tensor_mma_f16acc_t128_b1_rep000_baseline_04de43bb/power.csv,[],80,65536,0,10,baseline,long5s_tensor_mma_f16acc_t128_b1_rep000_baseline_04de43bb,1780458597094587198,1780458562886188063,"['nvml_timed_energy_counter', 'explicit_m16n16k16_denominator', 'strict_denominator_provenance', 'tensor_no_memory_warpsync_baseline', 'timed_kernel_memory_provenance']",fp16-energy-bench-v2,49152,108,results/fp16_long_sweep_a100_20260603_034822/raw/long5s_tensor_mma_f16acc_t128_b1_rep000_baseline_04de43bb/sm_util.csv,[],True,128,False,False,False,Tensor HMMA/register baseline uses register operands and consumes registers; no intended global memory operation in the timed kernel,8,unchecked; run Nsight Compute validation separately,2,False,fp16-energy-bench-v2,"nvml_timed_energy_counter,explicit_m16n16k16_denominator,strict_denominator_provenance,tensor_no_memory_warpsync_baseline,timed_kernel_memory_provenance",2916.914,103.56320116272003,nvml_total_energy_counter,2919.961877416324,103.67141413779783,average_instant,103.67129032258066,nan,103.67129032258066,400.0,True,-3.0478774163238995,0.9989561927366597,217,28,1410.0,1410.0,1410.0,33.516129032258064,34.0,100.0,100.0,100.0,100.0,,,,,,,,,,,,
ga100,ampere,"A100/GA100 path uses warp-level HMMA m16n8k16 pairs; compare against H100/RTX3090 only with the same logical m16n16k16 workload, clock policy, and baseline subtraction",ce960f9677a1,results/fp16_long_sweep_a100_20260603_034822/raw/long5s_tensor_mma_f16acc_t128_b1_rep000_test_8bef01a0/bench.json,False,108,1,none,8.0,long5s_tensor_mma_f16acc_t128_b1,0,8907.23339844,,0,NVIDIA A100-SXM4-80GB,580.159.03,0,203.423357955,1811939328000000,tensor_core_mma_m16n16k16_f16acc,benchmark uses warp-level HMMA mma.sync m16n8k16 pairs,datacenter,GPU-736f9b27-a462-1683-4dae-8866344ef6f4,1780458625168309835,1780458616261071652,64000000,tensor_mma_f16acc,41943040,256,1,0,0,0,0,NVIDIA A100-SXM4-80GB,400.0,1253.391,143034268957,nvmlDeviceGetTotalEnergyConsumption available via CUDA PCI bus id 0000:00:06.0,143033015566,True,00000000:00:06.0,results/fp16_long_sweep_a100_20260603_034822/raw/long5s_tensor_mma_f16acc_t128_b1_rep000_test_8bef01a0/power.csv,[],80,65536,0,1,test,long5s_tensor_mma_f16acc_t128_b1_rep000_test_8bef01a0,1780458625274935311,1780458598228078137,"['nvml_timed_energy_counter', 'explicit_m16n16k16_denominator', 'strict_denominator_provenance', 'tensor_no_memory_warpsync_baseline', 'timed_kernel_memory_provenance']",fp16-energy-bench-v2,49152,108,results/fp16_long_sweep_a100_20260603_034822/raw/long5s_tensor_mma_f16acc_t128_b1_rep000_test_8bef01a0/sm_util.csv,[],True,128,False,False,False,Tensor HMMA/register baseline uses register operands and consumes registers; no intended global memory operation in the timed kernel,8,unchecked; run Nsight Compute validation separately,2,False,fp16-energy-bench-v2,"nvml_timed_energy_counter,explicit_m16n16k16_denominator,strict_denominator_provenance,tensor_no_memory_warpsync_baseline,timed_kernel_memory_provenance",1253.391,140.71600806545985,nvml_total_energy_counter,1262.661316783155,141.75677026275326,average_instant,141.7563768115942,nan,141.7563768115942,400.0,True,-9.27031678315484,0.9926581129397608,69,9,1410.0,1410.0,1410.0,37.30434782608695,38.0,99.89855072463769,100.0,99.88888888888889,100.0,4096,12288,8192,8192,2,16,221184000000,m16n16k16,16,16,4096,16384
ga100,ampere,"A100/GA100 path uses warp-level HMMA m16n8k16 pairs; compare against H100/RTX3090 only with the same logical m16n16k16 workload, clock policy, and baseline subtraction",ce960f9677a1,results/fp16_long_sweep_a100_20260603_034822/raw/long5s_tensor_mma_f16acc_t128_b2_rep000_baseline_6ae9ae1c/bench.json,False,216,2,none,8.0,long5s_tensor_mma_f16acc_t128_b2,0,14761.0917969,,0,NVIDIA A100-SXM4-80GB,580.159.03,0,0,0,baseline_or_memory,benchmark uses warp-level HMMA mma.sync m16n8k16 pairs,datacenter,GPU-736f9b27-a462-1683-4dae-8866344ef6f4,1780458644436838928,1780458629675786399,32000000,tensor_baseline_mov,41943040,256,1,0,0,0,0,NVIDIA A100-SXM4-80GB,400.0,1634.343,143036367637,nvmlDeviceGetTotalEnergyConsumption available via CUDA PCI bus id 0000:00:06.0,143034733294,True,00000000:00:06.0,results/fp16_long_sweep_a100_20260603_034822/raw/long5s_tensor_mma_f16acc_t128_b2_rep000_baseline_6ae9ae1c/power.csv,[],80,65536,0,10,baseline,long5s_tensor_mma_f16acc_t128_b2_rep000_baseline_6ae9ae1c,1780458644535703423,1780458626510413080,"['nvml_timed_energy_counter', 'explicit_m16n16k16_denominator', 'strict_denominator_provenance', 'tensor_no_memory_warpsync_baseline', 'timed_kernel_memory_provenance']",fp16-energy-bench-v2,49152,108,results/fp16_long_sweep_a100_20260603_034822/raw/long5s_tensor_mma_f16acc_t128_b2_rep000_baseline_6ae9ae1c/sm_util.csv,[],True,128,False,False,False,Tensor HMMA/register baseline uses register operands and consumes registers; no intended global memory operation in the timed kernel,8,unchecked; run Nsight Compute validation separately,2,False,fp16-energy-bench-v2,"nvml_timed_energy_counter,explicit_m16n16k16_denominator,strict_denominator_provenance,tensor_no_memory_warpsync_baseline,timed_kernel_memory_provenance",1634.343,110.71995013831985,nvml_total_energy_counter,1632.9996502647564,110.62894377325173,average_instant,110.62789473684211,nan,110.62789473684211,400.0,True,1.3433497352436916,1.0008226270807994,114,14,1410.0,1410.0,1410.0,35.0,35.0,100.0,100.0,100.0,100.0,,,,,,,,,,,,
ga100,ampere,"A100/GA100 path uses warp-level HMMA m16n8k16 pairs; compare against H100/RTX3090 only with the same logical m16n16k16 workload, clock policy, and baseline subtraction",ce960f9677a1,results/fp16_long_sweep_a100_20260603_034822/raw/long5s_tensor_mma_f16acc_t128_b2_rep000_test_eb1f3d37/bench.json,False,216,2,none,8.0,long5s_tensor_mma_f16acc_t128_b2,0,6701.66015625,,0,NVIDIA A100-SXM4-80GB,580.159.03,0,270.371711748,1811939328000000,tensor_core_mma_m16n16k16_f16acc,benchmark uses warp-level HMMA mma.sync m16n8k16 pairs,datacenter,GPU-736f9b27-a462-1683-4dae-8866344ef6f4,1780458666034704808,1780458659333021348,32000000,tensor_mma_f16acc,41943040,256,1,0,0,0,0,NVIDIA A100-SXM4-80GB,400.0,1062.91,143039695683,nvmlDeviceGetTotalEnergyConsumption available via CUDA PCI bus id 0000:00:06.0,143038632773,True,00000000:00:06.0,results/fp16_long_sweep_a100_20260603_034822/raw/long5s_tensor_mma_f16acc_t128_b2_rep000_test_eb1f3d37/power.csv,[],80,65536,0,1,test,long5s_tensor_mma_f16acc_t128_b2_rep000_test_eb1f3d37,1780458666139458059,1780458645718787467,"['nvml_timed_energy_counter', 'explicit_m16n16k16_denominator', 'strict_denominator_provenance', 'tensor_no_memory_warpsync_baseline', 'timed_kernel_memory_provenance']",fp16-energy-bench-v2,49152,108,results/fp16_long_sweep_a100_20260603_034822/raw/long5s_tensor_mma_f16acc_t128_b2_rep000_test_eb1f3d37/sm_util.csv,[],True,128,False,False,False,Tensor HMMA/register baseline uses register operands and consumes registers; no intended global memory operation in the timed kernel,8,unchecked; run Nsight Compute validation separately,2,False,fp16-energy-bench-v2,"nvml_timed_energy_counter,explicit_m16n16k16_denominator,strict_denominator_provenance,tensor_no_memory_warpsync_baseline,timed_kernel_memory_provenance",1062.91,158.60343245755152,nvml_total_energy_counter,1063.4127235416365,158.67844697362602,average_instant,158.56450980392157,nan,158.56450980392157,400.0,True,-0.502723541636442,0.999527254535791,51,7,1410.0,1410.0,1410.0,39.27450980392157,40.0,100.0,100.0,100.0,100.0,4096,12288,8192,8192,2,16,221184000000,m16n16k16,16,16,4096,16384
ga100,ampere,"A100/GA100 path uses warp-level HMMA m16n8k16 pairs; compare against H100/RTX3090 only with the same logical m16n16k16 workload, clock policy, and baseline subtraction",ce960f9677a1,results/fp16_long_sweep_a100_20260603_034822/raw/long5s_tensor_mma_f16acc_t128_b4_rep000_baseline_bc8f6649/bench.json,False,432,4,none,8.0,long5s_tensor_mma_f16acc_t128_b4,0,7682.40625,,0,NVIDIA A100-SXM4-80GB,580.159.03,0,0,0,baseline_or_memory,benchmark uses warp-level HMMA mma.sync m16n8k16 pairs,datacenter,GPU-736f9b27-a462-1683-4dae-8866344ef6f4,1780458676366443135,1780458668684028808,16000000,tensor_baseline_mov,41943040,256,1,0,0,0,0,NVIDIA A100-SXM4-80GB,400.0,939.454,143040915740,nvmlDeviceGetTotalEnergyConsumption available via CUDA PCI bus id 0000:00:06.0,143039976286,True,00000000:00:06.0,results/fp16_long_sweep_a100_20260603_034822/raw/long5s_tensor_mma_f16acc_t128_b4_rep000_baseline_bc8f6649/power.csv,[],80,65536,0,10,baseline,long5s_tensor_mma_f16acc_t128_b4_rep000_baseline_bc8f6649,1780458676511110543,1780458666947575515,"['nvml_timed_energy_counter', 'explicit_m16n16k16_denominator', 'strict_denominator_provenance', 'tensor_no_memory_warpsync_baseline', 'timed_kernel_memory_provenance']",fp16-energy-bench-v2,49152,108,results/fp16_long_sweep_a100_20260603_034822/raw/long5s_tensor_mma_f16acc_t128_b4_rep000_baseline_bc8f6649/sm_util.csv,[],True,128,False,False,False,Tensor HMMA/register baseline uses register operands and consumes registers; no intended global memory operation in the timed kernel,8,unchecked; run Nsight Compute validation separately,2,False,fp16-energy-bench-v2,"nvml_timed_energy_counter,explicit_m16n16k16_denominator,strict_denominator_provenance,tensor_no_memory_warpsync_baseline,timed_kernel_memory_provenance",939.454,122.28629699107348,nvml_total_energy_counter,945.573129945514,123.082808307055,average_instant,123.09745762711864,nan,123.09745762711864,400.0,True,-6.119129945514032,0.9935286550011562,59,8,1410.0,1410.0,1410.0,36.96610169491525,37.0,100.0,100.0,100.0,100.0,,,,,,,,,,,,
ga100,ampere,"A100/GA100 path uses warp-level HMMA m16n8k16 pairs; compare against H100/RTX3090 only with the same logical m16n16k16 workload, clock policy, and baseline subtraction",ce960f9677a1,results/fp16_long_sweep_a100_20260603_034822/raw/long5s_tensor_mma_f16acc_t128_b4_rep000_test_e10ef41d/bench.json,False,432,4,none,8.0,long5s_tensor_mma_f16acc_t128_b4,0,6389.87695312,,0,NVIDIA A100-SXM4-80GB,580.159.03,0,283.564040637,1811939328000000,tensor_core_mma_m16n16k16_f16acc,benchmark uses warp-level HMMA mma.sync m16n8k16 pairs,datacenter,GPU-736f9b27-a462-1683-4dae-8866344ef6f4,1780458696474637777,1780458690084754312,16000000,tensor_mma_f16acc,41943040,256,1,0,0,0,0,NVIDIA A100-SXM4-80GB,400.0,1031.844,143044107485,nvmlDeviceGetTotalEnergyConsumption available via CUDA PCI bus id 0000:00:06.0,143043075641,True,00000000:00:06.0,results/fp16_long_sweep_a100_20260603_034822/raw/long5s_tensor_mma_f16acc_t128_b4_rep000_test_e10ef41d/power.csv,[],80,65536,0,1,test,long5s_tensor_mma_f16acc_t128_b4_rep000_test_e10ef41d,1780458696587253887,1780458677093281333,"['nvml_timed_energy_counter', 'explicit_m16n16k16_denominator', 'strict_denominator_provenance', 'tensor_no_memory_warpsync_baseline', 'timed_kernel_memory_provenance']",fp16-energy-bench-v2,49152,108,results/fp16_long_sweep_a100_20260603_034822/raw/long5s_tensor_mma_f16acc_t128_b4_rep000_test_e10ef41d/sm_util.csv,[],True,128,False,False,False,Tensor HMMA/register baseline uses register operands and consumes registers; no intended global memory operation in the timed kernel,8,unchecked; run Nsight Compute validation separately,2,False,fp16-energy-bench-v2,"nvml_timed_energy_counter,explicit_m16n16k16_denominator,strict_denominator_provenance,tensor_no_memory_warpsync_baseline,timed_kernel_memory_provenance",1031.844,161.4808792134991,nvml_total_energy_counter,1044.4648106254892,163.45600296882554,average_instant,163.24367346938777,nan,163.24367346938777,400.0,True,-12.620810625489185,0.9879164807688149,49,7,1410.0,1410.0,1410.0,39.775510204081634,40.0,100.0,100.0,100.0,100.0,4096,12288,8192,8192,2,16,221184000000,m16n16k16,16,16,4096,16384
ga100,ampere,"A100/GA100 path uses warp-level HMMA m16n8k16 pairs; compare against H100/RTX3090 only with the same logical m16n16k16 workload, clock policy, and baseline subtraction",ce960f9677a1,results/fp16_long_sweep_a100_20260603_034822/raw/long5s_tensor_mma_f16acc_t128_b8_rep000_baseline_7f04bb05/bench.json,False,864,8,none,8.0,long5s_tensor_mma_f16acc_t128_b8,0,6984.66503906,,0,NVIDIA A100-SXM4-80GB,580.159.03,0,0,0,baseline_or_memory,benchmark uses warp-level HMMA mma.sync m16n8k16 pairs,datacenter,GPU-736f9b27-a462-1683-4dae-8866344ef6f4,1780458705895822314,1780458698911151359,8000000,tensor_baseline_mov,41943040,256,1,0,0,0,0,NVIDIA A100-SXM4-80GB,400.0,901.766,143045289818,nvmlDeviceGetTotalEnergyConsumption available via CUDA PCI bus id 0000:00:06.0,143044388052,True,00000000:00:06.0,results/fp16_long_sweep_a100_20260603_034822/raw/long5s_tensor_mma_f16acc_t128_b8_rep000_baseline_7f04bb05/power.csv,[],80,65536,0,10,baseline,long5s_tensor_mma_f16acc_t128_b8_rep000_baseline_7f04bb05,1780458706004003048,1780458697307045788,"['nvml_timed_energy_counter', 'explicit_m16n16k16_denominator', 'strict_denominator_provenance', 'tensor_no_memory_warpsync_baseline', 'timed_kernel_memory_provenance']",fp16-energy-bench-v2,49152,108,results/fp16_long_sweep_a100_20260603_034822/raw/long5s_tensor_mma_f16acc_t128_b8_rep000_baseline_7f04bb05/sm_util.csv,[],True,128,False,False,False,Tensor HMMA/register baseline uses register operands and consumes registers; no intended global memory operation in the timed kernel,8,unchecked; run Nsight Compute validation separately,2,False,fp16-energy-bench-v2,"nvml_timed_energy_counter,explicit_m16n16k16_denominator,strict_denominator_provenance,tensor_no_memory_warpsync_baseline,timed_kernel_memory_provenance",901.766,129.10643977501442,nvml_total_energy_counter,908.9366551641356,130.13306725830373,average_instant,130.01129629629628,nan,130.01129629629628,400.0,True,-7.17065516413561,0.9921109407092392,54,7,1410.0,1410.0,1410.0,37.55555555555556,38.0,100.0,100.0,100.0,100.0,,,,,,,,,,,,
ga100,ampere,"A100/GA100 path uses warp-level HMMA m16n8k16 pairs; compare against H100/RTX3090 only with the same logical m16n16k16 workload, clock policy, and baseline subtraction",ce960f9677a1,results/fp16_long_sweep_a100_20260603_034822/raw/long5s_tensor_mma_f16acc_t128_b8_rep000_test_77d31a2f/bench.json,False,864,8,none,8.0,long5s_tensor_mma_f16acc_t128_b8,0,6143.52490234,,0,NVIDIA A100-SXM4-80GB,580.159.03,0,294.934806451,1811939328000000,tensor_core_mma_m16n16k16_f16acc,benchmark uses warp-level HMMA mma.sync m16n8k16 pairs,datacenter,GPU-736f9b27-a462-1683-4dae-8866344ef6f4,1780458725076615760,1780458718933082751,8000000,tensor_mma_f16acc,41943040,256,1,0,0,0,0,NVIDIA A100-SXM4-80GB,400.0,1023.756,143048426906,nvmlDeviceGetTotalEnergyConsumption available via CUDA PCI bus id 0000:00:06.0,143047403150,True,00000000:00:06.0,results/fp16_long_sweep_a100_20260603_034822/raw/long5s_tensor_mma_f16acc_t128_b8_rep000_test_77d31a2f/power.csv,[],80,65536,0,1,test,long5s_tensor_mma_f16acc_t128_b8_rep000_test_77d31a2f,1780458725176978081,1780458706423932208,"['nvml_timed_energy_counter', 'explicit_m16n16k16_denominator', 'strict_denominator_provenance', 'tensor_no_memory_warpsync_baseline', 'timed_kernel_memory_provenance']",fp16-energy-bench-v2,49152,108,results/fp16_long_sweep_a100_20260603_034822/raw/long5s_tensor_mma_f16acc_t128_b8_rep000_test_77d31a2f/sm_util.csv,[],True,128,False,False,False,Tensor HMMA/register baseline uses register operands and consumes registers; no intended global memory operation in the timed kernel,8,unchecked; run Nsight Compute validation separately,2,False,fp16-energy-bench-v2,"nvml_timed_energy_counter,explicit_m16n16k16_denominator,strict_denominator_provenance,tensor_no_memory_warpsync_baseline,timed_kernel_memory_provenance",1023.756,166.6396190107945,nvml_total_energy_counter,1026.8169505699573,167.1378584709672,average_instant,166.87416666666667,nan,166.87416666666667,400.0,True,-3.060950569957299,0.997018991001017,48,6,1410.0,1410.0,1410.0,40.604166666666664,41.0,100.0,100.0,100.0,100.0,4096,12288,8192,8192,2,16,221184000000,m16n16k16,16,16,4096,16384
ga100,ampere,"A100/GA100 path uses warp-level HMMA m16n8k16 pairs; compare against H100/RTX3090 only with the same logical m16n16k16 workload, clock policy, and baseline subtraction",ce960f9677a1,results/fp16_long_sweep_a100_20260603_034822/raw/long5s_tensor_mma_f16acc_t256_b1_rep000_baseline_7c558d08/bench.json,False,108,1,none,8.0,long5s_tensor_mma_f16acc_t256_b1,0,14758.7695312,,0,NVIDIA A100-SXM4-80GB,580.159.03,0,0,0,baseline_or_memory,benchmark uses warp-level HMMA mma.sync m16n8k16 pairs,datacenter,GPU-736f9b27-a462-1683-4dae-8866344ef6f4,1780458743548574707,1780458728789810639,32000000,tensor_baseline_mov,41943040,256,1,0,0,0,0,NVIDIA A100-SXM4-80GB,400.0,1593.97,143050406811,nvmlDeviceGetTotalEnergyConsumption available via CUDA PCI bus id 0000:00:06.0,143048812841,True,00000000:00:06.0,results/fp16_long_sweep_a100_20260603_034822/raw/long5s_tensor_mma_f16acc_t256_b1_rep000_baseline_7c558d08/power.csv,[],80,65536,0,10,baseline,long5s_tensor_mma_f16acc_t256_b1_rep000_baseline_7c558d08,1780458743646818582,1780458725626773036,"['nvml_timed_energy_counter', 'explicit_m16n16k16_denominator', 'strict_denominator_provenance', 'tensor_no_memory_warpsync_baseline', 'timed_kernel_memory_provenance']",fp16-energy-bench-v2,49152,108,results/fp16_long_sweep_a100_20260603_034822/raw/long5s_tensor_mma_f16acc_t256_b1_rep000_baseline_7c558d08/sm_util.csv,[],True,256,False,False,False,Tensor HMMA/register baseline uses register operands and consumes registers; no intended global memory operation in the timed kernel,8,unchecked; run Nsight Compute validation separately,2,False,fp16-energy-bench-v2,"nvml_timed_energy_counter,explicit_m16n16k16_denominator,strict_denominator_provenance,tensor_no_memory_warpsync_baseline,timed_kernel_memory_provenance",1593.97,108.00159096357201,nvml_total_energy_counter,1592.3028357009441,107.88862999398306,average_instant,107.88859649122806,nan,107.88859649122806,400.0,True,1.6671642990559121,1.0010470145889818,114,14,1410.0,1410.0,1410.0,36.0,36.0,100.0,100.0,100.0,100.0,,,,,,,,,,,,
ga100,ampere,"A100/GA100 path uses warp-level HMMA m16n8k16 pairs; compare against H100/RTX3090 only with the same logical m16n16k16 workload, clock policy, and baseline subtraction",ce960f9677a1,results/fp16_long_sweep_a100_20260603_034822/raw/long5s_tensor_mma_f16acc_t256_b1_rep000_test_f6ec6933/bench.json,False,108,1,none,8.0,long5s_tensor_mma_f16acc_t256_b1,0,6052.96630859,,0,NVIDIA A100-SXM4-80GB,580.159.03,0,299.347334121,1811939328000000,tensor_core_mma_m16n16k16_f16acc,benchmark uses warp-level HMMA mma.sync m16n8k16 pairs,datacenter,GPU-736f9b27-a462-1683-4dae-8866344ef6f4,1780458763209065896,1780458757156090718,32000000,tensor_mma_f16acc,41943040,256,1,0,0,0,0,NVIDIA A100-SXM4-80GB,400.0,1020.052,143053599684,nvmlDeviceGetTotalEnergyConsumption available via CUDA PCI bus id 0000:00:06.0,143052579632,True,00000000:00:06.0,results/fp16_long_sweep_a100_20260603_034822/raw/long5s_tensor_mma_f16acc_t256_b1_rep000_test_f6ec6933/power.csv,[],80,65536,0,1,test,long5s_tensor_mma_f16acc_t256_b1_rep000_test_f6ec6933,1780458763320786049,1780458744836940040,"['nvml_timed_energy_counter', 'explicit_m16n16k16_denominator', 'strict_denominator_provenance', 'tensor_no_memory_warpsync_baseline', 'timed_kernel_memory_provenance']",fp16-energy-bench-v2,49152,108,results/fp16_long_sweep_a100_20260603_034822/raw/long5s_tensor_mma_f16acc_t256_b1_rep000_test_f6ec6933/sm_util.csv,[],True,256,False,False,False,Tensor HMMA/register baseline uses register operands and consumes registers; no intended global memory operation in the timed kernel,8,unchecked; run Nsight Compute validation separately,2,False,fp16-energy-bench-v2,"nvml_timed_energy_counter,explicit_m16n16k16_denominator,strict_denominator_provenance,tensor_no_memory_warpsync_baseline,timed_kernel_memory_provenance",1020.052,168.52076375721097,nvml_total_energy_counter,1024.7449629190944,169.29607883468748,average_instant,168.9572340425532,nan,168.9572340425532,400.0,True,-4.692962919094384,0.9954203601004039,47,6,1410.0,1410.0,1410.0,40.4468085106383,41.0,99.85106382978724,100.0,99.83333333333333,100.0,4096,12288,8192,8192,2,16,221184000000,m16n16k16,16,16,4096,16384
ga100,ampere,"A100/GA100 path uses warp-level HMMA m16n8k16 pairs; compare against H100/RTX3090 only with the same logical m16n16k16 workload, clock policy, and baseline subtraction",ce960f9677a1,results/fp16_long_sweep_a100_20260603_034822/raw/long5s_tensor_mma_f16acc_t256_b2_rep000_baseline_7c732274/bench.json,False,216,2,none,8.0,long5s_tensor_mma_f16acc_t256_b2,0,7379.37207031,,0,NVIDIA A100-SXM4-80GB,580.159.03,0,0,0,baseline_or_memory,benchmark uses warp-level HMMA mma.sync m16n8k16 pairs,datacenter,GPU-736f9b27-a462-1683-4dae-8866344ef6f4,1780458773125127690,1780458765745749442,16000000,tensor_baseline_mov,41943040,256,1,0,0,0,0,NVIDIA A100-SXM4-80GB,400.0,926.395,143054798476,nvmlDeviceGetTotalEnergyConsumption available via CUDA PCI bus id 0000:00:06.0,143053872081,True,00000000:00:06.0,results/fp16_long_sweep_a100_20260603_034822/raw/long5s_tensor_mma_f16acc_t256_b2_rep000_baseline_7c732274/power.csv,[],80,65536,0,10,baseline,long5s_tensor_mma_f16acc_t256_b2_rep000_baseline_7c732274,1780458773237856665,1780458764059754819,"['nvml_timed_energy_counter', 'explicit_m16n16k16_denominator', 'strict_denominator_provenance', 'tensor_no_memory_warpsync_baseline', 'timed_kernel_memory_provenance']",fp16-energy-bench-v2,49152,108,results/fp16_long_sweep_a100_20260603_034822/raw/long5s_tensor_mma_f16acc_t256_b2_rep000_baseline_7c732274/sm_util.csv,[],True,256,False,False,False,Tensor HMMA/register baseline uses register operands and consumes registers; no intended global memory operation in the timed kernel,8,unchecked; run Nsight Compute validation separately,2,False,fp16-energy-bench-v2,"nvml_timed_energy_counter,explicit_m16n16k16_denominator,strict_denominator_provenance,tensor_no_memory_warpsync_baseline,timed_kernel_memory_provenance",926.395,125.53835416297798,nvml_total_energy_counter,918.9089974145065,124.5239052034708,average_instant,124.51052631578948,nan,124.51052631578948,400.0,True,7.486002585493452,1.0081466201838882,57,8,1410.0,1410.0,1410.0,37.0,37.0,100.0,100.0,100.0,100.0,,,,,,,,,,,,
ga100,ampere,"A100/GA100 path uses warp-level HMMA m16n8k16 pairs; compare against H100/RTX3090 only with the same logical m16n16k16 workload, clock policy, and baseline subtraction",ce960f9677a1,results/fp16_long_sweep_a100_20260603_034822/raw/long5s_tensor_mma_f16acc_t256_b2_rep000_test_b78b141e/bench.json,False,216,2,none,8.0,long5s_tensor_mma_f16acc_t256_b2,0,5961.109375,,0,NVIDIA A100-SXM4-80GB,580.159.03,0,303.960087631,1811939328000000,tensor_core_mma_m16n16k16_f16acc,benchmark uses warp-level HMMA mma.sync m16n8k16 pairs,datacenter,GPU-736f9b27-a462-1683-4dae-8866344ef6f4,1780458792307144916,1780458786346004872,16000000,tensor_mma_f16acc,41943040,256,1,0,0,0,0,NVIDIA A100-SXM4-80GB,400.0,1015.562,143057950987,nvmlDeviceGetTotalEnergyConsumption available via CUDA PCI bus id 0000:00:06.0,143056935425,True,00000000:00:06.0,results/fp16_long_sweep_a100_20260603_034822/raw/long5s_tensor_mma_f16acc_t256_b2_rep000_test_b78b141e/power.csv,[],80,65536,0,1,test,long5s_tensor_mma_f16acc_t256_b2_rep000_test_b78b141e,1780458792409176821,1780458774207736231,"['nvml_timed_energy_counter', 'explicit_m16n16k16_denominator', 'strict_denominator_provenance', 'tensor_no_memory_warpsync_baseline', 'timed_kernel_memory_provenance']",fp16-energy-bench-v2,49152,108,results/fp16_long_sweep_a100_20260603_034822/raw/long5s_tensor_mma_f16acc_t256_b2_rep000_test_b78b141e/sm_util.csv,[],True,256,False,False,False,Tensor HMMA/register baseline uses register operands and consumes registers; no intended global memory operation in the timed kernel,8,unchecked; run Nsight Compute validation separately,2,False,fp16-energy-bench-v2,"nvml_timed_energy_counter,explicit_m16n16k16_denominator,strict_denominator_provenance,tensor_no_memory_warpsync_baseline,timed_kernel_memory_provenance",1015.562,170.36372111777214,nvml_total_energy_counter,1021.6513208822992,171.385223856737,average_instant,171.0286956521739,nan,171.0286956521739,400.0,True,-6.089320882299148,0.9940397269030686,46,6,1410.0,1410.0,1410.0,40.95652173913044,41.0,100.0,100.0,100.0,100.0,4096,12288,8192,8192,2,16,221184000000,m16n16k16,16,16,4096,16384
ga100,ampere,"A100/GA100 path uses warp-level HMMA m16n8k16 pairs; compare against H100/RTX3090 only with the same logical m16n16k16 workload, clock policy, and baseline subtraction",ce960f9677a1,results/fp16_long_sweep_a100_20260603_034822/raw/long5s_tensor_mma_f16acc_t256_b4_rep000_baseline_5f162da7/bench.json,False,432,4,none,8.0,long5s_tensor_mma_f16acc_t256_b4,0,6499.60351562,,0,NVIDIA A100-SXM4-80GB,580.159.03,0,0,0,baseline_or_memory,benchmark uses warp-level HMMA mma.sync m16n8k16 pairs,datacenter,GPU-736f9b27-a462-1683-4dae-8866344ef6f4,1780458801404357969,1780458794904740203,8000000,tensor_baseline_mov,41943040,256,1,0,0,0,0,NVIDIA A100-SXM4-80GB,400.0,868.427,143059107222,nvmlDeviceGetTotalEnergyConsumption available via CUDA PCI bus id 0000:00:06.0,143058238795,True,00000000:00:06.0,results/fp16_long_sweep_a100_20260603_034822/raw/long5s_tensor_mma_f16acc_t256_b4_rep000_baseline_5f162da7/power.csv,[],80,65536,0,10,baseline,long5s_tensor_mma_f16acc_t256_b4_rep000_baseline_5f162da7,1780458801514353171,1780458793392338601,"['nvml_timed_energy_counter', 'explicit_m16n16k16_denominator', 'strict_denominator_provenance', 'tensor_no_memory_warpsync_baseline', 'timed_kernel_memory_provenance']",fp16-energy-bench-v2,49152,108,results/fp16_long_sweep_a100_20260603_034822/raw/long5s_tensor_mma_f16acc_t256_b4_rep000_baseline_5f162da7/sm_util.csv,[],True,256,False,False,False,Tensor HMMA/register baseline uses register operands and consumes registers; no intended global memory operation in the timed kernel,8,unchecked; run Nsight Compute validation separately,2,False,fp16-energy-bench-v2,"nvml_timed_energy_counter,explicit_m16n16k16_denominator,strict_denominator_provenance,tensor_no_memory_warpsync_baseline,timed_kernel_memory_provenance",868.427,133.6120109312902,nvml_total_energy_counter,869.6745651592452,133.8039553200466,average_instant,133.64260000000002,nan,133.64260000000002,400.0,True,-1.2475651592451413,0.9985654804576046,50,7,1410.0,1410.0,1410.0,37.88,38.0,100.0,100.0,100.0,100.0,,,,,,,,,,,,
ga100,ampere,"A100/GA100 path uses warp-level HMMA m16n8k16 pairs; compare against H100/RTX3090 only with the same logical m16n16k16 workload, clock policy, and baseline subtraction",ce960f9677a1,results/fp16_long_sweep_a100_20260603_034822/raw/long5s_tensor_mma_f16acc_t256_b4_rep000_test_a78edb84/bench.json,False,432,4,none,8.0,long5s_tensor_mma_f16acc_t256_b4,0,5919.00976562,,0,NVIDIA A100-SXM4-80GB,580.159.03,0,306.122037257,1811939328000000,tensor_core_mma_m16n16k16_f16acc,benchmark uses warp-level HMMA mma.sync m16n8k16 pairs,datacenter,GPU-736f9b27-a462-1683-4dae-8866344ef6f4,1780458820514111045,1780458814595092873,8000000,tensor_mma_f16acc,41943040,256,1,0,0,0,0,NVIDIA A100-SXM4-80GB,400.0,1021.881,143062275460,nvmlDeviceGetTotalEnergyConsumption available via CUDA PCI bus id 0000:00:06.0,143061253579,True,00000000:00:06.0,results/fp16_long_sweep_a100_20260603_034822/raw/long5s_tensor_mma_f16acc_t256_b4_rep000_test_a78edb84/power.csv,[],80,65536,0,1,test,long5s_tensor_mma_f16acc_t256_b4_rep000_test_a78edb84,1780458820618683691,1780458802547622187,"['nvml_timed_energy_counter', 'explicit_m16n16k16_denominator', 'strict_denominator_provenance', 'tensor_no_memory_warpsync_baseline', 'timed_kernel_memory_provenance']",fp16-energy-bench-v2,49152,108,results/fp16_long_sweep_a100_20260603_034822/raw/long5s_tensor_mma_f16acc_t256_b4_rep000_test_a78edb84/sm_util.csv,[],True,256,False,False,False,Tensor HMMA/register baseline uses register operands and consumes registers; no intended global memory operation in the timed kernel,8,unchecked; run Nsight Compute validation separately,2,False,fp16-energy-bench-v2,"nvml_timed_energy_counter,explicit_m16n16k16_denominator,strict_denominator_provenance,tensor_no_memory_warpsync_baseline,timed_kernel_memory_provenance",1021.881,172.64366661924146,nvml_total_energy_counter,1021.4216726305759,172.566064666337,average_instant,172.31565217391307,nan,172.31565217391307,400.0,True,0.4593273694240452,1.0004496941681695,46,5,1410.0,1410.0,1410.0,40.97826086956522,41.0,100.0,100.0,100.0,100.0,4096,12288,8192,8192,2,16,221184000000,m16n16k16,16,16,4096,16384
ga100,ampere,"A100/GA100 path uses warp-level HMMA m16n8k16 pairs; compare against H100/RTX3090 only with the same logical m16n16k16 workload, clock policy, and baseline subtraction",ce960f9677a1,results/fp16_long_sweep_a100_20260603_034822/raw/long5s_tensor_mma_f16acc_t256_b8_rep000_baseline_64665ea4/bench.json,False,864,8,none,8.0,long5s_tensor_mma_f16acc_t256_b8,0,5706.11816406,,0,NVIDIA A100-SXM4-80GB,580.159.03,0,0,0,baseline_or_memory,benchmark uses warp-level HMMA mma.sync m16n8k16 pairs,datacenter,GPU-736f9b27-a462-1683-4dae-8866344ef6f4,1780458828832261835,1780458823126130382,4000000,tensor_baseline_mov,41943040,256,1,0,0,0,0,NVIDIA A100-SXM4-80GB,400.0,795.214,143063355734,nvmlDeviceGetTotalEnergyConsumption available via CUDA PCI bus id 0000:00:06.0,143062560520,True,00000000:00:06.0,results/fp16_long_sweep_a100_20260603_034822/raw/long5s_tensor_mma_f16acc_t256_b8_rep000_baseline_64665ea4/power.csv,[],80,65536,0,10,baseline,long5s_tensor_mma_f16acc_t256_b8_rep000_baseline_64665ea4,1780458828941636878,1780458821774435196,"['nvml_timed_energy_counter', 'explicit_m16n16k16_denominator', 'strict_denominator_provenance', 'tensor_no_memory_warpsync_baseline', 'timed_kernel_memory_provenance']",fp16-energy-bench-v2,49152,108,results/fp16_long_sweep_a100_20260603_034822/raw/long5s_tensor_mma_f16acc_t256_b8_rep000_baseline_64665ea4/sm_util.csv,[],True,256,False,False,False,Tensor HMMA/register baseline uses register operands and consumes registers; no intended global memory operation in the timed kernel,8,unchecked; run Nsight Compute validation separately,2,False,fp16-energy-bench-v2,"nvml_timed_energy_counter,explicit_m16n16k16_denominator,strict_denominator_provenance,tensor_no_memory_warpsync_baseline,timed_kernel_memory_provenance",795.214,139.36131800502355,nvml_total_energy_counter,793.7193824772818,139.09938616292894,average_instant,139.0781818181818,nan,139.0781818181818,400.0,True,1.494617522718272,1.0018830553413645,44,6,1410.0,1410.0,1410.0,38.63636363636363,39.0,100.0,100.0,100.0,100.0,,,,,,,,,,,,
ga100,ampere,"A100/GA100 path uses warp-level HMMA m16n8k16 pairs; compare against H100/RTX3090 only with the same logical m16n16k16 workload, clock policy, and baseline subtraction",ce960f9677a1,results/fp16_long_sweep_a100_20260603_034822/raw/long5s_tensor_mma_f16acc_t256_b8_rep000_test_b6047a85/bench.json,False,864,8,none,8.0,long5s_tensor_mma_f16acc_t256_b8,0,5897.63769531,,0,NVIDIA A100-SXM4-80GB,580.159.03,0,307.23137324,1811939328000000,tensor_core_mma_m16n16k16_f16acc,benchmark uses warp-level HMMA mma.sync m16n8k16 pairs,datacenter,GPU-736f9b27-a462-1683-4dae-8866344ef6f4,1780458847817314568,1780458841919666325,4000000,tensor_mma_f16acc,41943040,256,1,0,0,0,0,NVIDIA A100-SXM4-80GB,400.0,1010.587,143066511564,nvmlDeviceGetTotalEnergyConsumption available via CUDA PCI bus id 0000:00:06.0,143065500977,True,00000000:00:06.0,results/fp16_long_sweep_a100_20260603_034822/raw/long5s_tensor_mma_f16acc_t256_b8_rep000_test_b6047a85/power.csv,[],80,65536,0,1,test,long5s_tensor_mma_f16acc_t256_b8_rep000_test_b6047a85,1780458847916857241,1780458829911681645,"['nvml_timed_energy_counter', 'explicit_m16n16k16_denominator', 'strict_denominator_provenance', 'tensor_no_memory_warpsync_baseline', 'timed_kernel_memory_provenance']",fp16-energy-bench-v2,49152,108,results/fp16_long_sweep_a100_20260603_034822/raw/long5s_tensor_mma_f16acc_t256_b8_rep000_test_b6047a85/sm_util.csv,[],True,256,False,False,False,Tensor HMMA/register baseline uses register operands and consumes registers; no intended global memory operation in the timed kernel,8,unchecked; run Nsight Compute validation separately,2,False,fp16-energy-bench-v2,"nvml_timed_energy_counter,explicit_m16n16k16_denominator,strict_denominator_provenance,tensor_no_memory_warpsync_baseline,timed_kernel_memory_provenance",1010.587,171.35423449499208,nvml_total_energy_counter,1021.5252912954335,173.20892145575075,average_instant,172.94021739130434,nan,172.94021739130434,400.0,True,-10.938291295433487,0.9892921972773066,46,6,1410.0,1410.0,1410.0,41.0,41.0,100.0,100.0,100.0,100.0,4096,12288,8192,8192,2,16,221184000000,m16n16k16,16,16,4096,16384
ga100,ampere,"A100/GA100 path uses warp-level HMMA m16n8k16 pairs; compare against H100/RTX3090 only with the same logical m16n16k16 workload, clock policy, and baseline subtraction",ce960f9677a1,results/fp16_long_sweep_a100_20260603_034822/raw/long5s_tensor_mma_f16acc_t384_b1_rep000_baseline_b2682d8b/bench.json,False,108,1,none,8.0,long5s_tensor_mma_f16acc_t384_b1,0,9688.875,,0,NVIDIA A100-SXM4-80GB,580.159.03,0,0,0,baseline_or_memory,benchmark uses warp-level HMMA mma.sync m16n8k16 pairs,datacenter,GPU-736f9b27-a462-1683-4dae-8866344ef6f4,1780458860949956337,1780458851261067327,21333333,tensor_baseline_mov,41943040,256,1,0,0,0,0,NVIDIA A100-SXM4-80GB,400.0,1139.275,143068020706,nvmlDeviceGetTotalEnergyConsumption available via CUDA PCI bus id 0000:00:06.0,143066881431,True,00000000:00:06.0,results/fp16_long_sweep_a100_20260603_034822/raw/long5s_tensor_mma_f16acc_t384_b1_rep000_baseline_b2682d8b/power.csv,[],80,65536,0,10,baseline,long5s_tensor_mma_f16acc_t384_b1_rep000_baseline_b2682d8b,1780458861084774655,1780458849106791558,"['nvml_timed_energy_counter', 'explicit_m16n16k16_denominator', 'strict_denominator_provenance', 'tensor_no_memory_warpsync_baseline', 'timed_kernel_memory_provenance']",fp16-energy-bench-v2,49152,108,results/fp16_long_sweep_a100_20260603_034822/raw/long5s_tensor_mma_f16acc_t384_b1_rep000_baseline_b2682d8b/sm_util.csv,[],True,384,False,False,False,Tensor HMMA/register baseline uses register operands and consumes registers; no intended global memory operation in the timed kernel,8,unchecked; run Nsight Compute validation separately,2,False,fp16-energy-bench-v2,"nvml_timed_energy_counter,explicit_m16n16k16_denominator,strict_denominator_provenance,tensor_no_memory_warpsync_baseline,timed_kernel_memory_provenance",1139.275,117.58572100724271,nvml_total_energy_counter,1143.490710493583,118.0208287362333,average_instant,118.02226666666667,nan,118.02226666666667,400.0,True,-4.215710493582947,0.9963132971217902,75,9,1410.0,1410.0,1410.0,37.0,37.0,99.84,100.0,99.77777777777777,100.0,,,,,,,,,,,,
ga100,ampere,"A100/GA100 path uses warp-level HMMA m16n8k16 pairs; compare against H100/RTX3090 only with the same logical m16n16k16 workload, clock policy, and baseline subtraction",ce960f9677a1,results/fp16_long_sweep_a100_20260603_034822/raw/long5s_tensor_mma_f16acc_t384_b1_rep000_test_c5e76266/bench.json,False,108,1,none,8.0,long5s_tensor_mma_f16acc_t384_b1,0,5911.92382812,,0,NVIDIA A100-SXM4-80GB,580.159.03,0,306.488945454,1811939299688448,tensor_core_mma_m16n16k16_f16acc,benchmark uses warp-level HMMA mma.sync m16n8k16 pairs,datacenter,GPU-736f9b27-a462-1683-4dae-8866344ef6f4,1780458880218491680,1780458874306555403,21333333,tensor_mma_f16acc,41943040,256,1,0,0,0,0,NVIDIA A100-SXM4-80GB,400.0,1029.146,143071227106,nvmlDeviceGetTotalEnergyConsumption available via CUDA PCI bus id 0000:00:06.0,143070197960,True,00000000:00:06.0,results/fp16_long_sweep_a100_20260603_034822/raw/long5s_tensor_mma_f16acc_t384_b1_rep000_test_c5e76266/power.csv,[],80,65536,0,1,test,long5s_tensor_mma_f16acc_t384_b1_rep000_test_c5e76266,1780458880321072610,1780458862267652369,"['nvml_timed_energy_counter', 'explicit_m16n16k16_denominator', 'strict_denominator_provenance', 'tensor_no_memory_warpsync_baseline', 'timed_kernel_memory_provenance']",fp16-energy-bench-v2,49152,108,results/fp16_long_sweep_a100_20260603_034822/raw/long5s_tensor_mma_f16acc_t384_b1_rep000_test_c5e76266/sm_util.csv,[],True,384,False,False,False,Tensor HMMA/register baseline uses register operands and consumes registers; no intended global memory operation in the timed kernel,8,unchecked; run Nsight Compute validation separately,2,False,fp16-energy-bench-v2,"nvml_timed_energy_counter,explicit_m16n16k16_denominator,strict_denominator_provenance,tensor_no_memory_warpsync_baseline,timed_kernel_memory_provenance",1029.146,174.0793458826383,nvml_total_energy_counter,1030.7513791449908,174.3508946730467,average_instant,174.3086956521739,nan,174.3086956521739,400.0,True,-1.6053791449908204,0.9984425156468648,46,5,1410.0,1410.0,1410.0,40.97826086956522,41.0,100.0,100.0,100.0,100.0,4096,12288,8192,8192,2,16,221183996544,m16n16k16,16,16,4096,16384
ga100,ampere,"A100/GA100 path uses warp-level HMMA m16n8k16 pairs; compare against H100/RTX3090 only with the same logical m16n16k16 workload, clock policy, and baseline subtraction",ce960f9677a1,results/fp16_long_sweep_a100_20260603_034822/raw/long5s_tensor_mma_f16acc_t384_b2_rep000_baseline_81d05043/bench.json,False,216,2,none,8.0,long5s_tensor_mma_f16acc_t384_b2,0,5770.04736328,,0,NVIDIA A100-SXM4-80GB,580.159.03,0,0,0,baseline_or_memory,benchmark uses warp-level HMMA mma.sync m16n8k16 pairs,datacenter,GPU-736f9b27-a462-1683-4dae-8866344ef6f4,1780458888589737989,1780458882819680811,10666667,tensor_baseline_mov,41943040,256,1,0,0,0,0,NVIDIA A100-SXM4-80GB,400.0,803.039,143072301496,nvmlDeviceGetTotalEnergyConsumption available via CUDA PCI bus id 0000:00:06.0,143071498457,True,00000000:00:06.0,results/fp16_long_sweep_a100_20260603_034822/raw/long5s_tensor_mma_f16acc_t384_b2_rep000_baseline_81d05043/power.csv,[],80,65536,0,10,baseline,long5s_tensor_mma_f16acc_t384_b2_rep000_baseline_81d05043,1780458888694026038,1780458881454003368,"['nvml_timed_energy_counter', 'explicit_m16n16k16_denominator', 'strict_denominator_provenance', 'tensor_no_memory_warpsync_baseline', 'timed_kernel_memory_provenance']",fp16-energy-bench-v2,49152,108,results/fp16_long_sweep_a100_20260603_034822/raw/long5s_tensor_mma_f16acc_t384_b2_rep000_baseline_81d05043/sm_util.csv,[],True,384,False,False,False,Tensor HMMA/register baseline uses register operands and consumes registers; no intended global memory operation in the timed kernel,8,unchecked; run Nsight Compute validation separately,2,False,fp16-energy-bench-v2,"nvml_timed_energy_counter,explicit_m16n16k16_denominator,strict_denominator_provenance,tensor_no_memory_warpsync_baseline,timed_kernel_memory_provenance",803.039,139.17349087316097,nvml_total_energy_counter,795.0349573967229,137.78632219244238,average_instant,137.84931818181818,nan,137.84931818181818,400.0,True,8.004042603277071,1.0100675354320088,44,6,1410.0,1410.0,1410.0,38.38636363636363,39.0,100.0,100.0,100.0,100.0,,,,,,,,,,,,
ga100,ampere,"A100/GA100 path uses warp-level HMMA m16n8k16 pairs; compare against H100/RTX3090 only with the same logical m16n16k16 workload, clock policy, and baseline subtraction",ce960f9677a1,results/fp16_long_sweep_a100_20260603_034822/raw/long5s_tensor_mma_f16acc_t384_b2_rep000_test_a179b5c2/bench.json,False,216,2,none,8.0,long5s_tensor_mma_f16acc_t384_b2,0,5892.38964844,,0,NVIDIA A100-SXM4-80GB,580.159.03,0,307.505017952,1811939384623104,tensor_core_mma_m16n16k16_f16acc,benchmark uses warp-level HMMA mma.sync m16n8k16 pairs,datacenter,GPU-736f9b27-a462-1683-4dae-8866344ef6f4,1780458907457218543,1780458901564819814,10666667,tensor_mma_f16acc,41943040,256,1,0,0,0,0,NVIDIA A100-SXM4-80GB,400.0,1018.851,143075473212,nvmlDeviceGetTotalEnergyConsumption available via CUDA PCI bus id 0000:00:06.0,143074454361,True,00000000:00:06.0,results/fp16_long_sweep_a100_20260603_034822/raw/long5s_tensor_mma_f16acc_t384_b2_rep000_test_a179b5c2/power.csv,[],80,65536,0,1,test,long5s_tensor_mma_f16acc_t384_b2_rep000_test_a179b5c2,1780458907571220419,1780458889563882332,"['nvml_timed_energy_counter', 'explicit_m16n16k16_denominator', 'strict_denominator_provenance', 'tensor_no_memory_warpsync_baseline', 'timed_kernel_memory_provenance']",fp16-energy-bench-v2,49152,108,results/fp16_long_sweep_a100_20260603_034822/raw/long5s_tensor_mma_f16acc_t384_b2_rep000_test_a179b5c2/sm_util.csv,"[""Unexpected nvidia-smi dmon output: '0'""]",True,384,False,False,False,Tensor HMMA/register baseline uses register operands and consumes registers; no intended global memory operation in the timed kernel,8,unchecked; run Nsight Compute validation separately,2,False,fp16-energy-bench-v2,"nvml_timed_energy_counter,explicit_m16n16k16_denominator,strict_denominator_provenance,tensor_no_memory_warpsync_baseline,timed_kernel_memory_provenance",1018.851,172.90937814266167,nvml_total_energy_counter,1031.2355257061529,175.01115812662667,average_instant,175.00933333333333,nan,175.00933333333333,400.0,True,-12.384525706152886,0.9879905943914487,45,6,1410.0,1410.0,1410.0,41.0,41.0,100.0,100.0,100.0,100.0,4096,12288,8192,8192,2,16,221184006912,m16n16k16,16,16,4096,16384
ga100,ampere,"A100/GA100 path uses warp-level HMMA m16n8k16 pairs; compare against H100/RTX3090 only with the same logical m16n16k16 workload, clock policy, and baseline subtraction",ce960f9677a1,results/fp16_long_sweep_a100_20260603_034822/raw/long5s_tensor_mma_f16acc_t384_b4_rep000_baseline_57c2b185/bench.json,False,432,4,none,8.0,long5s_tensor_mma_f16acc_t384_b4,0,5627.14599609,,0,NVIDIA A100-SXM4-80GB,580.159.03,0,0,0,baseline_or_memory,benchmark uses warp-level HMMA mma.sync m16n8k16 pairs,datacenter,GPU-736f9b27-a462-1683-4dae-8866344ef6f4,1780458914734373646,1780458909107190250,5333333,tensor_baseline_mov,41943040,256,1,0,0,0,0,NVIDIA A100-SXM4-80GB,400.0,788.538,143076475208,nvmlDeviceGetTotalEnergyConsumption available via CUDA PCI bus id 0000:00:06.0,143075686670,True,00000000:00:06.0,results/fp16_long_sweep_a100_20260603_034822/raw/long5s_tensor_mma_f16acc_t384_b4_rep000_baseline_57c2b185/power.csv,[],80,65536,0,10,baseline,long5s_tensor_mma_f16acc_t384_b4_rep000_baseline_57c2b185,1780458914887332485,1780458907768151245,"['nvml_timed_energy_counter', 'explicit_m16n16k16_denominator', 'strict_denominator_provenance', 'tensor_no_memory_warpsync_baseline', 'timed_kernel_memory_provenance']",fp16-energy-bench-v2,49152,108,results/fp16_long_sweep_a100_20260603_034822/raw/long5s_tensor_mma_f16acc_t384_b4_rep000_baseline_57c2b185/sm_util.csv,"[""Unexpected nvidia-smi dmon output: '0'""]",True,384,False,False,False,Tensor HMMA/register baseline uses register operands and consumes registers; no intended global memory operation in the timed kernel,8,unchecked; run Nsight Compute validation separately,2,False,fp16-energy-bench-v2,"nvml_timed_energy_counter,explicit_m16n16k16_denominator,strict_denominator_provenance,tensor_no_memory_warpsync_baseline,timed_kernel_memory_provenance",788.538,140.1301405176381,nvml_total_energy_counter,786.3608351607297,139.74323917000868,average_instant,139.83232558139534,nan,139.83232558139534,400.0,True,2.17716483927029,1.0027686587911329,43,5,1410.0,1410.0,1410.0,38.95348837209303,39.0,100.0,100.0,100.0,100.0,,,,,,,,,,,,
ga100,ampere,"A100/GA100 path uses warp-level HMMA m16n8k16 pairs; compare against H100/RTX3090 only with the same logical m16n16k16 workload, clock policy, and baseline subtraction",ce960f9677a1,results/fp16_long_sweep_a100_20260603_034822/raw/long5s_tensor_mma_f16acc_t384_b4_rep000_test_e78f1a26/bench.json,False,432,4,none,8.0,long5s_tensor_mma_f16acc_t384_b4,0,5882.42626953,,0,NVIDIA A100-SXM4-80GB,580.159.03,0,308.025826714,1811939214753792,tensor_core_mma_m16n16k16_f16acc,benchmark uses warp-level HMMA mma.sync m16n8k16 pairs,datacenter,GPU-736f9b27-a462-1683-4dae-8866344ef6f4,1780458933771597626,1780458927889147762,5333333,tensor_mma_f16acc,41943040,256,1,0,0,0,0,NVIDIA A100-SXM4-80GB,400.0,1037.69,143079671977,nvmlDeviceGetTotalEnergyConsumption available via CUDA PCI bus id 0000:00:06.0,143078634287,True,00000000:00:06.0,results/fp16_long_sweep_a100_20260603_034822/raw/long5s_tensor_mma_f16acc_t384_b4_rep000_test_e78f1a26/power.csv,[],80,65536,0,1,test,long5s_tensor_mma_f16acc_t384_b4_rep000_test_e78f1a26,1780458933880572306,1780458915908188660,"['nvml_timed_energy_counter', 'explicit_m16n16k16_denominator', 'strict_denominator_provenance', 'tensor_no_memory_warpsync_baseline', 'timed_kernel_memory_provenance']",fp16-energy-bench-v2,49152,108,results/fp16_long_sweep_a100_20260603_034822/raw/long5s_tensor_mma_f16acc_t384_b4_rep000_test_e78f1a26/sm_util.csv,[],True,384,False,False,False,Tensor HMMA/register baseline uses register operands and consumes registers; no intended global memory operation in the timed kernel,8,unchecked; run Nsight Compute validation separately,2,False,fp16-energy-bench-v2,"nvml_timed_energy_counter,explicit_m16n16k16_denominator,strict_denominator_provenance,tensor_no_memory_warpsync_baseline,timed_kernel_memory_provenance",1037.69,176.4043934059784,nvml_total_energy_counter,1029.3860592300023,174.9927467346116,average_instant,174.6704347826087,nan,174.6704347826087,400.0,True,8.30394076999778,1.0080668867579277,46,6,1410.0,1410.0,1410.0,41.608695652173914,42.0,99.8695652173913,100.0,100.0,100.0,4096,12288,8192,8192,2,16,221183986176,m16n16k16,16,16,4096,16384
ga100,ampere,"A100/GA100 path uses warp-level HMMA m16n8k16 pairs; compare against H100/RTX3090 only with the same logical m16n16k16 workload, clock policy, and baseline subtraction",ce960f9677a1,results/fp16_long_sweep_a100_20260603_034822/raw/long5s_tensor_mma_f16acc_t384_b8_rep000_baseline_780eb810/bench.json,False,864,8,none,8.0,long5s_tensor_mma_f16acc_t384_b8,0,5352.74169922,,0,NVIDIA A100-SXM4-80GB,580.159.03,0,0,0,baseline_or_memory,benchmark uses warp-level HMMA mma.sync m16n8k16 pairs,datacenter,GPU-736f9b27-a462-1683-4dae-8866344ef6f4,1780458941756415952,1780458936403662639,2666667,tensor_baseline_mov,41943040,256,1,0,0,0,0,NVIDIA A100-SXM4-80GB,400.0,757.761,143080714242,nvmlDeviceGetTotalEnergyConsumption available via CUDA PCI bus id 0000:00:06.0,143079956481,True,00000000:00:06.0,results/fp16_long_sweep_a100_20260603_034822/raw/long5s_tensor_mma_f16acc_t384_b8_rep000_baseline_780eb810/power.csv,[],80,65536,0,10,baseline,long5s_tensor_mma_f16acc_t384_b8_rep000_baseline_780eb810,1780458941855907221,1780458935119264026,"['nvml_timed_energy_counter', 'explicit_m16n16k16_denominator', 'strict_denominator_provenance', 'tensor_no_memory_warpsync_baseline', 'timed_kernel_memory_provenance']",fp16-energy-bench-v2,49152,108,results/fp16_long_sweep_a100_20260603_034822/raw/long5s_tensor_mma_f16acc_t384_b8_rep000_baseline_780eb810/sm_util.csv,[],True,384,False,False,False,Tensor HMMA/register baseline uses register operands and consumes registers; no intended global memory operation in the timed kernel,8,unchecked; run Nsight Compute validation separately,2,False,fp16-energy-bench-v2,"nvml_timed_energy_counter,explicit_m16n16k16_denominator,strict_denominator_provenance,tensor_no_memory_warpsync_baseline,timed_kernel_memory_provenance",757.761,141.56471551933072,nvml_total_energy_counter,762.7433946957151,142.4955252175125,average_instant,142.49404761904762,nan,142.49404761904762,400.0,True,-4.982394695715129,0.9934677969938989,42,5,1410.0,1410.0,1410.0,39.0,39.0,100.0,100.0,100.0,100.0,,,,,,,,,,,,
ga100,ampere,"A100/GA100 path uses warp-level HMMA m16n8k16 pairs; compare against H100/RTX3090 only with the same logical m16n16k16 workload, clock policy, and baseline subtraction",ce960f9677a1,results/fp16_long_sweep_a100_20260603_034822/raw/long5s_tensor_mma_f16acc_t384_b8_rep000_test_ad41065e/bench.json,False,864,8,none,8.0,long5s_tensor_mma_f16acc_t384_b8,0,5877.66162109,,0,NVIDIA A100-SXM4-80GB,580.159.03,0,308.275581566,1811939554492416,tensor_core_mma_m16n16k16_f16acc,benchmark uses warp-level HMMA mma.sync m16n8k16 pairs,datacenter,GPU-736f9b27-a462-1683-4dae-8866344ef6f4,1780458960096660899,1780458954218987292,2666667,tensor_mma_f16acc,41943040,256,1,0,0,0,0,NVIDIA A100-SXM4-80GB,400.0,1039.438,143083868954,nvmlDeviceGetTotalEnergyConsumption available via CUDA PCI bus id 0000:00:06.0,143082829516,True,00000000:00:06.0,results/fp16_long_sweep_a100_20260603_034822/raw/long5s_tensor_mma_f16acc_t384_b8_rep000_test_ad41065e/power.csv,[],80,65536,0,1,test,long5s_tensor_mma_f16acc_t384_b8_rep000_test_ad41065e,1780458960197335721,1780458942248714750,"['nvml_timed_energy_counter', 'explicit_m16n16k16_denominator', 'strict_denominator_provenance', 'tensor_no_memory_warpsync_baseline', 'timed_kernel_memory_provenance']",fp16-energy-bench-v2,49152,108,results/fp16_long_sweep_a100_20260603_034822/raw/long5s_tensor_mma_f16acc_t384_b8_rep000_test_ad41065e/sm_util.csv,[],True,384,False,False,False,Tensor HMMA/register baseline uses register operands and consumes registers; no intended global memory operation in the timed kernel,8,unchecked; run Nsight Compute validation separately,2,False,fp16-energy-bench-v2,"nvml_timed_energy_counter,explicit_m16n16k16_denominator,strict_denominator_provenance,tensor_no_memory_warpsync_baseline,timed_kernel_memory_provenance",1039.438,176.8451379746715,nvml_total_energy_counter,1030.9975109184634,175.40911249147956,average_instant,175.3451111111111,nan,175.3451111111111,400.0,True,8.440489081536725,1.008186721104707,45,6,1410.0,1410.0,1410.0,41.888888888888886,42.0,100.0,100.0,100.0,100.0,4096,12288,8192,8192,2,16,221184027648,m16n16k16,16,16,4096,16384
ga100,ampere,"A100/GA100 path uses warp-level HMMA m16n8k16 pairs; compare against H100/RTX3090 only with the same logical m16n16k16 workload, clock policy, and baseline subtraction",ce960f9677a1,results/fp16_long_sweep_a100_20260603_034822/raw/long5s_tensor_mma_f16acc_t256_b8_rep000_baseline_9740697b/bench.json,False,864,8,none,8.0,long5s_tensor_mma_f16acc_t256_b8,0,5706.23779297,,0,NVIDIA A100-SXM4-80GB,580.159.03,0,0,0,baseline_or_memory,benchmark uses warp-level HMMA mma.sync m16n8k16 pairs,datacenter,GPU-736f9b27-a462-1683-4dae-8866344ef6f4,1780459180988709979,1780459175282456016,4000000,tensor_baseline_mov,41943040,256,1,0,0,0,0,NVIDIA A100-SXM4-80GB,400.0,797.593,143097965350,nvmlDeviceGetTotalEnergyConsumption available via CUDA PCI bus id 0000:00:06.0,143097167757,True,00000000:00:06.0,results/fp16_long_sweep_a100_20260603_034822/raw/long5s_tensor_mma_f16acc_t256_b8_rep000_baseline_9740697b/power.csv,[],80,65536,0,10,baseline,long5s_tensor_mma_f16acc_t256_b8_rep000_baseline_9740697b,1780459181144750350,1780459173817516345,"['nvml_timed_energy_counter', 'explicit_m16n16k16_denominator', 'strict_denominator_provenance', 'tensor_no_memory_warpsync_baseline', 'timed_kernel_memory_provenance']",fp16-energy-bench-v2,49152,108,results/fp16_long_sweep_a100_20260603_034822/raw/long5s_tensor_mma_f16acc_t256_b8_rep000_baseline_9740697b/sm_util.csv,[],True,256,False,False,False,Tensor HMMA/register baseline uses register operands and consumes registers; no intended global memory operation in the timed kernel,8,unchecked; run Nsight Compute validation separately,2,False,fp16-energy-bench-v2,"nvml_timed_energy_counter,explicit_m16n16k16_denominator,strict_denominator_provenance,tensor_no_memory_warpsync_baseline,timed_kernel_memory_provenance",797.593,139.7752369893951,nvml_total_energy_counter,809.7276762890399,141.90179433642567,average_instant,141.52772727272728,nan,141.52772727272728,400.0,True,-12.13467628903993,0.9850138797964115,44,6,1410.0,1410.0,1410.0,35.04545454545455,36.0,100.0,100.0,100.0,100.0,,,,,,,,,,,,
ga100,ampere,"A100/GA100 path uses warp-level HMMA m16n8k16 pairs; compare against H100/RTX3090 only with the same logical m16n16k16 workload, clock policy, and baseline subtraction",ce960f9677a1,results/fp16_long_sweep_a100_20260603_034822/raw/long5s_tensor_mma_f16acc_t256_b8_rep000_test_3bb4878c/bench.json,False,864,8,none,8.0,long5s_tensor_mma_f16acc_t256_b8,0,5897.65332031,,0,NVIDIA A100-SXM4-80GB,580.159.03,0,307.230559273,1811939328000000,tensor_core_mma_m16n16k16_f16acc,benchmark uses warp-level HMMA mma.sync m16n8k16 pairs,datacenter,GPU-736f9b27-a462-1683-4dae-8866344ef6f4,1780459199871338947,1780459193973683278,4000000,tensor_mma_f16acc,41943040,256,1,0,0,0,0,NVIDIA A100-SXM4-80GB,400.0,1003.781,143101158870,nvmlDeviceGetTotalEnergyConsumption available via CUDA PCI bus id 0000:00:06.0,143100155089,True,00000000:00:06.0,results/fp16_long_sweep_a100_20260603_034822/raw/long5s_tensor_mma_f16acc_t256_b8_rep000_test_3bb4878c/power.csv,[],80,65536,0,1,test,long5s_tensor_mma_f16acc_t256_b8_rep000_test_3bb4878c,1780459200012668505,1780459181965396754,"['nvml_timed_energy_counter', 'explicit_m16n16k16_denominator', 'strict_denominator_provenance', 'tensor_no_memory_warpsync_baseline', 'timed_kernel_memory_provenance']",fp16-energy-bench-v2,49152,108,results/fp16_long_sweep_a100_20260603_034822/raw/long5s_tensor_mma_f16acc_t256_b8_rep000_test_3bb4878c/sm_util.csv,[],True,256,False,False,False,Tensor HMMA/register baseline uses register operands and consumes registers; no intended global memory operation in the timed kernel,8,unchecked; run Nsight Compute validation separately,2,False,fp16-energy-bench-v2,"nvml_timed_energy_counter,explicit_m16n16k16_denominator,strict_denominator_provenance,tensor_no_memory_warpsync_baseline,timed_kernel_memory_provenance",1003.781,170.2000008708884,nvml_total_energy_counter,1013.9773220773885,171.928878012866,average_instant,171.5145652173913,nan,171.5145652173913,400.0,True,-10.196322077388572,0.9899442306495585,46,6,1410.0,1410.0,1410.0,39.73913043478261,40.0,100.0,100.0,100.0,100.0,4096,12288,8192,8192,2,16,221184000000,m16n16k16,16,16,4096,16384
ga100,ampere,"A100/GA100 path uses warp-level HMMA m16n8k16 pairs; compare against H100/RTX3090 only with the same logical m16n16k16 workload, clock policy, and baseline subtraction",ce960f9677a1,results/fp16_long_sweep_a100_20260603_034822/raw/long5s_tensor_mma_f16acc_t384_b4_rep000_baseline_3528cde7/bench.json,False,432,4,none,8.0,long5s_tensor_mma_f16acc_t384_b4,0,5627.48193359,,0,NVIDIA A100-SXM4-80GB,580.159.03,0,0,0,baseline_or_memory,benchmark uses warp-level HMMA mma.sync m16n8k16 pairs,datacenter,GPU-736f9b27-a462-1683-4dae-8866344ef6f4,1780459208161758178,1780459202534272643,5333333,tensor_baseline_mov,41943040,256,1,0,0,0,0,NVIDIA A100-SXM4-80GB,400.0,782.795,143102236490,nvmlDeviceGetTotalEnergyConsumption available via CUDA PCI bus id 0000:00:06.0,143101453695,True,00000000:00:06.0,results/fp16_long_sweep_a100_20260603_034822/raw/long5s_tensor_mma_f16acc_t384_b4_rep000_baseline_3528cde7/power.csv,[],80,65536,0,10,baseline,long5s_tensor_mma_f16acc_t384_b4_rep000_baseline_3528cde7,1780459208296046605,1780459201195546672,"['nvml_timed_energy_counter', 'explicit_m16n16k16_denominator', 'strict_denominator_provenance', 'tensor_no_memory_warpsync_baseline', 'timed_kernel_memory_provenance']",fp16-energy-bench-v2,49152,108,results/fp16_long_sweep_a100_20260603_034822/raw/long5s_tensor_mma_f16acc_t384_b4_rep000_baseline_3528cde7/sm_util.csv,"[""Unexpected nvidia-smi dmon output: '0'""]",True,384,False,False,False,Tensor HMMA/register baseline uses register operands and consumes registers; no intended global memory operation in the timed kernel,8,unchecked; run Nsight Compute validation separately,2,False,fp16-energy-bench-v2,"nvml_timed_energy_counter,explicit_m16n16k16_denominator,strict_denominator_provenance,tensor_no_memory_warpsync_baseline,timed_kernel_memory_provenance",782.795,139.10209011314677,nvml_total_energy_counter,780.6081467009038,138.71348790608732,average_instant,138.7986046511628,nan,138.7986046511628,400.0,True,2.1868532990961285,1.0028014738359297,43,5,1410.0,1410.0,1410.0,37.58139534883721,38.0,100.0,100.0,100.0,100.0,,,,,,,,,,,,
ga100,ampere,"A100/GA100 path uses warp-level HMMA m16n8k16 pairs; compare against H100/RTX3090 only with the same logical m16n16k16 workload, clock policy, and baseline subtraction",ce960f9677a1,results/fp16_long_sweep_a100_20260603_034822/raw/long5s_tensor_mma_f16acc_t384_b4_rep000_test_436ac3bb/bench.json,False,432,4,none,8.0,long5s_tensor_mma_f16acc_t384_b4,0,5884.80712891,,0,NVIDIA A100-SXM4-80GB,580.159.03,0,307.901206456,1811939214753792,tensor_core_mma_m16n16k16_f16acc,benchmark uses warp-level HMMA mma.sync m16n8k16 pairs,datacenter,GPU-736f9b27-a462-1683-4dae-8866344ef6f4,1780459227184939461,1780459221300082469,5333333,tensor_mma_f16acc,41943040,256,1,0,0,0,0,NVIDIA A100-SXM4-80GB,400.0,1033.98,143105419896,nvmlDeviceGetTotalEnergyConsumption available via CUDA PCI bus id 0000:00:06.0,143104385916,True,00000000:00:06.0,results/fp16_long_sweep_a100_20260603_034822/raw/long5s_tensor_mma_f16acc_t384_b4_rep000_test_436ac3bb/power.csv,[],80,65536,0,1,test,long5s_tensor_mma_f16acc_t384_b4_rep000_test_436ac3bb,1780459227294879988,1780459209316659675,"['nvml_timed_energy_counter', 'explicit_m16n16k16_denominator', 'strict_denominator_provenance', 'tensor_no_memory_warpsync_baseline', 'timed_kernel_memory_provenance']",fp16-energy-bench-v2,49152,108,results/fp16_long_sweep_a100_20260603_034822/raw/long5s_tensor_mma_f16acc_t384_b4_rep000_test_436ac3bb/sm_util.csv,[],True,384,False,False,False,Tensor HMMA/register baseline uses register operands and consumes registers; no intended global memory operation in the timed kernel,8,unchecked; run Nsight Compute validation separately,2,False,fp16-energy-bench-v2,"nvml_timed_energy_counter,explicit_m16n16k16_denominator,strict_denominator_provenance,tensor_no_memory_warpsync_baseline,timed_kernel_memory_provenance",1033.98,175.70180573727018,nvml_total_energy_counter,1026.585144071147,174.4452151457051,average_instant,174.22866666666667,nan,174.22866666666667,400.0,True,7.394855928853076,1.0072033537320901,45,6,1410.0,1410.0,1410.0,40.955555555555556,41.0,100.0,100.0,100.0,100.0,4096,12288,8192,8192,2,16,221183986176,m16n16k16,16,16,4096,16384
ga100,ampere,"A100/GA100 path uses warp-level HMMA m16n8k16 pairs; compare against H100/RTX3090 only with the same logical m16n16k16 workload, clock policy, and baseline subtraction",ce960f9677a1,results/fp16_long_sweep_a100_20260603_034822/raw/long5s_tensor_mma_f16acc_t256_b8_rep001_baseline_7c9ad260/bench.json,False,864,8,none,8.0,long5s_tensor_mma_f16acc_t256_b8,0,5707.84472656,,0,NVIDIA A100-SXM4-80GB,580.159.03,0,0,0,baseline_or_memory,benchmark uses warp-level HMMA mma.sync m16n8k16 pairs,datacenter,GPU-736f9b27-a462-1683-4dae-8866344ef6f4,1780459235577892817,1780459229870040906,4000000,tensor_baseline_mov,41943040,256,1,0,0,0,0,NVIDIA A100-SXM4-80GB,400.0,782.158,143106495753,nvmlDeviceGetTotalEnergyConsumption available via CUDA PCI bus id 0000:00:06.0,143105713595,True,00000000:00:06.0,results/fp16_long_sweep_a100_20260603_034822/raw/long5s_tensor_mma_f16acc_t256_b8_rep001_baseline_7c9ad260/power.csv,[],80,65536,1,10,baseline,long5s_tensor_mma_f16acc_t256_b8_rep001_baseline_7c9ad260,1780459235683036444,1780459228515940608,"['nvml_timed_energy_counter', 'explicit_m16n16k16_denominator', 'strict_denominator_provenance', 'tensor_no_memory_warpsync_baseline', 'timed_kernel_memory_provenance']",fp16-energy-bench-v2,49152,108,results/fp16_long_sweep_a100_20260603_034822/raw/long5s_tensor_mma_f16acc_t256_b8_rep001_baseline_7c9ad260/sm_util.csv,[],True,256,False,False,False,Tensor HMMA/register baseline uses register operands and consumes registers; no intended global memory operation in the timed kernel,8,unchecked; run Nsight Compute validation separately,2,False,fp16-energy-bench-v2,"nvml_timed_energy_counter,explicit_m16n16k16_denominator,strict_denominator_provenance,tensor_no_memory_warpsync_baseline,timed_kernel_memory_provenance",782.158,137.03193639145556,nvml_total_energy_counter,793.3379063022326,138.99062531270928,average_instant,138.94636363636366,nan,138.94636363636366,400.0,True,-11.179906302232553,0.9859077623627713,44,6,1410.0,1410.0,1410.0,38.0,38.0,100.0,100.0,100.0,100.0,,,,,,,,,,,,
ga100,ampere,"A100/GA100 path uses warp-level HMMA m16n8k16 pairs; compare against H100/RTX3090 only with the same logical m16n16k16 workload, clock policy, and baseline subtraction",ce960f9677a1,results/fp16_long_sweep_a100_20260603_034822/raw/long5s_tensor_mma_f16acc_t256_b8_rep001_test_b37be507/bench.json,False,864,8,none,8.0,long5s_tensor_mma_f16acc_t256_b8,0,5896.94482422,,0,NVIDIA A100-SXM4-80GB,580.159.03,0,307.267471888,1811939328000000,tensor_core_mma_m16n16k16_f16acc,benchmark uses warp-level HMMA mma.sync m16n8k16 pairs,datacenter,GPU-736f9b27-a462-1683-4dae-8866344ef6f4,1780459254565827509,1780459248668876988,4000000,tensor_mma_f16acc,41943040,256,1,0,0,0,0,NVIDIA A100-SXM4-80GB,400.0,1025.443,143109659071,nvmlDeviceGetTotalEnergyConsumption available via CUDA PCI bus id 0000:00:06.0,143108633628,True,00000000:00:06.0,results/fp16_long_sweep_a100_20260603_034822/raw/long5s_tensor_mma_f16acc_t256_b8_rep001_test_b37be507/power.csv,[],80,65536,1,1,test,long5s_tensor_mma_f16acc_t256_b8_rep001_test_b37be507,1780459254671430494,1780459236664774880,"['nvml_timed_energy_counter', 'explicit_m16n16k16_denominator', 'strict_denominator_provenance', 'tensor_no_memory_warpsync_baseline', 'timed_kernel_memory_provenance']",fp16-energy-bench-v2,49152,108,results/fp16_long_sweep_a100_20260603_034822/raw/long5s_tensor_mma_f16acc_t256_b8_rep001_test_b37be507/sm_util.csv,[],True,256,False,False,False,Tensor HMMA/register baseline uses register operands and consumes registers; no intended global memory operation in the timed kernel,8,unchecked; run Nsight Compute validation separately,2,False,fp16-energy-bench-v2,"nvml_timed_energy_counter,explicit_m16n16k16_denominator,strict_denominator_provenance,tensor_no_memory_warpsync_baseline,timed_kernel_memory_provenance",1025.443,173.89377719013083,nvml_total_energy_counter,1018.1574024574422,172.65829157487724,average_instant,172.0454347826087,nan,172.0454347826087,400.0,True,7.285597542557753,1.0071556691774504,46,6,1410.0,1410.0,1410.0,40.97826086956522,41.0,100.0,100.0,100.0,100.0,4096,12288,8192,8192,2,16,221184000000,m16n16k16,16,16,4096,16384
ga100,ampere,"A100/GA100 path uses warp-level HMMA m16n8k16 pairs; compare against H100/RTX3090 only with the same logical m16n16k16 workload, clock policy, and baseline subtraction",ce960f9677a1,results/fp16_long_sweep_a100_20260603_034822/raw/long5s_tensor_mma_f16acc_t384_b4_rep001_baseline_ac6fc40b/bench.json,False,432,4,none,8.0,long5s_tensor_mma_f16acc_t384_b4,0,5627.04785156,,0,NVIDIA A100-SXM4-80GB,580.159.03,0,0,0,baseline_or_memory,benchmark uses warp-level HMMA mma.sync m16n8k16 pairs,datacenter,GPU-736f9b27-a462-1683-4dae-8866344ef6f4,1780459262822067025,1780459257195008441,5333333,tensor_baseline_mov,41943040,256,1,0,0,0,0,NVIDIA A100-SXM4-80GB,400.0,786.49,143110730765,nvmlDeviceGetTotalEnergyConsumption available via CUDA PCI bus id 0000:00:06.0,143109944275,True,00000000:00:06.0,results/fp16_long_sweep_a100_20260603_034822/raw/long5s_tensor_mma_f16acc_t384_b4_rep001_baseline_ac6fc40b/power.csv,[],80,65536,1,10,baseline,long5s_tensor_mma_f16acc_t384_b4_rep001_baseline_ac6fc40b,1780459262993003038,1780459255855615208,"['nvml_timed_energy_counter', 'explicit_m16n16k16_denominator', 'strict_denominator_provenance', 'tensor_no_memory_warpsync_baseline', 'timed_kernel_memory_provenance']",fp16-energy-bench-v2,49152,108,results/fp16_long_sweep_a100_20260603_034822/raw/long5s_tensor_mma_f16acc_t384_b4_rep001_baseline_ac6fc40b/sm_util.csv,"[""Unexpected nvidia-smi dmon output: '0'""]",True,384,False,False,False,Tensor HMMA/register baseline uses register operands and consumes registers; no intended global memory operation in the timed kernel,8,unchecked; run Nsight Compute validation separately,2,False,fp16-energy-bench-v2,"nvml_timed_energy_counter,explicit_m16n16k16_denominator,strict_denominator_provenance,tensor_no_memory_warpsync_baseline,timed_kernel_memory_provenance",786.49,139.76929300795067,nvml_total_energy_counter,789.0784468906379,140.22929299764294,average_instant,140.12395348837208,nan,140.12395348837208,400.0,True,-2.588446890637897,0.9967196583548344,43,5,1410.0,1410.0,1410.0,38.55813953488372,39.0,100.0,100.0,100.0,100.0,,,,,,,,,,,,
ga100,ampere,"A100/GA100 path uses warp-level HMMA m16n8k16 pairs; compare against H100/RTX3090 only with the same logical m16n16k16 workload, clock policy, and baseline subtraction",ce960f9677a1,results/fp16_long_sweep_a100_20260603_034822/raw/long5s_tensor_mma_f16acc_t384_b4_rep001_test_81e99ea0/bench.json,False,432,4,none,8.0,long5s_tensor_mma_f16acc_t384_b4,0,5885.18505859,,0,NVIDIA A100-SXM4-80GB,580.159.03,0,307.881433925,1811939214753792,tensor_core_mma_m16n16k16_f16acc,benchmark uses warp-level HMMA mma.sync m16n8k16 pairs,datacenter,GPU-736f9b27-a462-1683-4dae-8866344ef6f4,1780459281826499833,1780459275941287465,5333333,tensor_mma_f16acc,41943040,256,1,0,0,0,0,NVIDIA A100-SXM4-80GB,400.0,1019.325,143113922055,nvmlDeviceGetTotalEnergyConsumption available via CUDA PCI bus id 0000:00:06.0,143112902730,True,00000000:00:06.0,results/fp16_long_sweep_a100_20260603_034822/raw/long5s_tensor_mma_f16acc_t384_b4_rep001_test_81e99ea0/power.csv,[],80,65536,1,1,test,long5s_tensor_mma_f16acc_t384_b4_rep001_test_81e99ea0,1780459281925920180,1780459263963372211,"['nvml_timed_energy_counter', 'explicit_m16n16k16_denominator', 'strict_denominator_provenance', 'tensor_no_memory_warpsync_baseline', 'timed_kernel_memory_provenance']",fp16-energy-bench-v2,49152,108,results/fp16_long_sweep_a100_20260603_034822/raw/long5s_tensor_mma_f16acc_t384_b4_rep001_test_81e99ea0/sm_util.csv,[],True,384,False,False,False,Tensor HMMA/register baseline uses register operands and consumes registers; no intended global memory operation in the timed kernel,8,unchecked; run Nsight Compute validation separately,2,False,fp16-energy-bench-v2,"nvml_timed_energy_counter,explicit_m16n16k16_denominator,strict_denominator_provenance,tensor_no_memory_warpsync_baseline,timed_kernel_memory_provenance",1019.325,173.20105652302945,nvml_total_energy_counter,1028.913295019266,174.83027470917355,average_instant,174.59760869565216,nan,174.59760869565216,400.0,True,-9.588295019265843,0.990681143818745,46,6,1410.0,1410.0,1410.0,41.0,41.0,99.84782608695652,100.0,99.83333333333333,100.0,4096,12288,8192,8192,2,16,221183986176,m16n16k16,16,16,4096,16384
ga100,ampere,"A100/GA100 path uses warp-level HMMA m16n8k16 pairs; compare against H100/RTX3090 only with the same logical m16n16k16 workload, clock policy, and baseline subtraction",ce960f9677a1,results/fp16_long_sweep_a100_20260603_034822/raw/long5s_tensor_mma_f16acc_t256_b8_rep002_baseline_18906a6e/bench.json,False,864,8,none,8.0,long5s_tensor_mma_f16acc_t256_b8,0,5705.25,,0,NVIDIA A100-SXM4-80GB,580.159.03,0,0,0,baseline_or_memory,benchmark uses warp-level HMMA mma.sync m16n8k16 pairs,datacenter,GPU-736f9b27-a462-1683-4dae-8866344ef6f4,1780459290233513922,1780459284528253132,4000000,tensor_baseline_mov,41943040,256,1,0,0,0,0,NVIDIA A100-SXM4-80GB,400.0,794.529,143115012487,nvmlDeviceGetTotalEnergyConsumption available via CUDA PCI bus id 0000:00:06.0,143114217958,True,00000000:00:06.0,results/fp16_long_sweep_a100_20260603_034822/raw/long5s_tensor_mma_f16acc_t256_b8_rep002_baseline_18906a6e/power.csv,[],80,65536,2,10,baseline,long5s_tensor_mma_f16acc_t256_b8_rep002_baseline_18906a6e,1780459290329640842,1780459283171849245,"['nvml_timed_energy_counter', 'explicit_m16n16k16_denominator', 'strict_denominator_provenance', 'tensor_no_memory_warpsync_baseline', 'timed_kernel_memory_provenance']",fp16-energy-bench-v2,49152,108,results/fp16_long_sweep_a100_20260603_034822/raw/long5s_tensor_mma_f16acc_t256_b8_rep002_baseline_18906a6e/sm_util.csv,"[""Unexpected nvidia-smi dmon output: '0'""]",True,256,False,False,False,Tensor HMMA/register baseline uses register operands and consumes registers; no intended global memory operation in the timed kernel,8,unchecked; run Nsight Compute validation separately,2,False,fp16-energy-bench-v2,"nvml_timed_energy_counter,explicit_m16n16k16_denominator,strict_denominator_provenance,tensor_no_memory_warpsync_baseline,timed_kernel_memory_provenance",794.529,139.26252089871602,nvml_total_energy_counter,796.6534682288593,139.63489094577557,average_instant,139.6809090909091,nan,139.6809090909091,400.0,True,-2.124468228859314,0.9973332592983214,44,6,1410.0,1410.0,1410.0,38.68181818181818,39.0,100.0,100.0,100.0,100.0,,,,,,,,,,,,
ga100,ampere,"A100/GA100 path uses warp-level HMMA m16n8k16 pairs; compare against H100/RTX3090 only with the same logical m16n16k16 workload, clock policy, and baseline subtraction",ce960f9677a1,results/fp16_long_sweep_a100_20260603_034822/raw/long5s_tensor_mma_f16acc_t256_b8_rep002_test_2332a6b6/bench.json,False,864,8,none,8.0,long5s_tensor_mma_f16acc_t256_b8,0,5895.92675781,,0,NVIDIA A100-SXM4-80GB,580.159.03,0,307.320528634,1811939328000000,tensor_core_mma_m16n16k16_f16acc,benchmark uses warp-level HMMA mma.sync m16n8k16 pairs,datacenter,GPU-736f9b27-a462-1683-4dae-8866344ef6f4,1780459309211060130,1780459303315115766,4000000,tensor_mma_f16acc,41943040,256,1,0,0,0,0,NVIDIA A100-SXM4-80GB,400.0,1026.3,143118183275,nvmlDeviceGetTotalEnergyConsumption available via CUDA PCI bus id 0000:00:06.0,143117156975,True,00000000:00:06.0,results/fp16_long_sweep_a100_20260603_034822/raw/long5s_tensor_mma_f16acc_t256_b8_rep002_test_2332a6b6/power.csv,[],80,65536,2,1,test,long5s_tensor_mma_f16acc_t256_b8_rep002_test_2332a6b6,1780459309338792396,1780459291311623121,"['nvml_timed_energy_counter', 'explicit_m16n16k16_denominator', 'strict_denominator_provenance', 'tensor_no_memory_warpsync_baseline', 'timed_kernel_memory_provenance']",fp16-energy-bench-v2,49152,108,results/fp16_long_sweep_a100_20260603_034822/raw/long5s_tensor_mma_f16acc_t256_b8_rep002_test_2332a6b6/sm_util.csv,[],True,256,False,False,False,Tensor HMMA/register baseline uses register operands and consumes registers; no intended global memory operation in the timed kernel,8,unchecked; run Nsight Compute validation separately,2,False,fp16-energy-bench-v2,"nvml_timed_energy_counter,explicit_m16n16k16_denominator,strict_denominator_provenance,tensor_no_memory_warpsync_baseline,timed_kernel_memory_provenance",1026.3,174.06880673204398,nvml_total_energy_counter,1022.94209807096,173.4992793210421,average_instant,173.4691304347826,nan,173.4691304347826,400.0,True,3.35790192903994,1.003282592372894,46,6,1410.0,1410.0,1410.0,41.0,41.0,100.0,100.0,100.0,100.0,4096,12288,8192,8192,2,16,221184000000,m16n16k16,16,16,4096,16384
ga100,ampere,"A100/GA100 path uses warp-level HMMA m16n8k16 pairs; compare against H100/RTX3090 only with the same logical m16n16k16 workload, clock policy, and baseline subtraction",ce960f9677a1,results/fp16_long_sweep_a100_20260603_034822/raw/long5s_tensor_mma_f16acc_t384_b4_rep002_baseline_f25caa3e/bench.json,False,432,4,none,8.0,long5s_tensor_mma_f16acc_t384_b4,0,5627.10009766,,0,NVIDIA A100-SXM4-80GB,580.159.03,0,0,0,baseline_or_memory,benchmark uses warp-level HMMA mma.sync m16n8k16 pairs,datacenter,GPU-736f9b27-a462-1683-4dae-8866344ef6f4,1780459317482272161,1780459311855161640,5333333,tensor_baseline_mov,41943040,256,1,0,0,0,0,NVIDIA A100-SXM4-80GB,400.0,787.332,143119253766,nvmlDeviceGetTotalEnergyConsumption available via CUDA PCI bus id 0000:00:06.0,143118466434,True,00000000:00:06.0,results/fp16_long_sweep_a100_20260603_034822/raw/long5s_tensor_mma_f16acc_t384_b4_rep002_baseline_f25caa3e/power.csv,[],80,65536,2,10,baseline,long5s_tensor_mma_f16acc_t384_b4_rep002_baseline_f25caa3e,1780459317610572719,1780459310518688437,"['nvml_timed_energy_counter', 'explicit_m16n16k16_denominator', 'strict_denominator_provenance', 'tensor_no_memory_warpsync_baseline', 'timed_kernel_memory_provenance']",fp16-energy-bench-v2,49152,108,results/fp16_long_sweep_a100_20260603_034822/raw/long5s_tensor_mma_f16acc_t384_b4_rep002_baseline_f25caa3e/sm_util.csv,[],True,384,False,False,False,Tensor HMMA/register baseline uses register operands and consumes registers; no intended global memory operation in the timed kernel,8,unchecked; run Nsight Compute validation separately,2,False,fp16-energy-bench-v2,"nvml_timed_energy_counter,explicit_m16n16k16_denominator,strict_denominator_provenance,tensor_no_memory_warpsync_baseline,timed_kernel_memory_provenance",787.332,139.91763571405426,nvml_total_energy_counter,788.9171203329735,140.1993291919161,average_instant,140.26302325581398,nan,140.26302325581398,400.0,True,-1.5851203329734744,0.9979907644388495,43,5,1410.0,1410.0,1410.0,38.86046511627907,39.0,100.0,100.0,100.0,100.0,,,,,,,,,,,,
ga100,ampere,"A100/GA100 path uses warp-level HMMA m16n8k16 pairs; compare against H100/RTX3090 only with the same logical m16n16k16 workload, clock policy, and baseline subtraction",ce960f9677a1,results/fp16_long_sweep_a100_20260603_034822/raw/long5s_tensor_mma_f16acc_t384_b4_rep002_test_7c015ef6/bench.json,False,432,4,none,8.0,long5s_tensor_mma_f16acc_t384_b4,0,5884.07714844,,0,NVIDIA A100-SXM4-80GB,580.159.03,0,307.939404777,1811939214753792,tensor_core_mma_m16n16k16_f16acc,benchmark uses warp-level HMMA mma.sync m16n8k16 pairs,datacenter,GPU-736f9b27-a462-1683-4dae-8866344ef6f4,1780459336513277991,1780459330629187908,5333333,tensor_mma_f16acc,41943040,256,1,0,0,0,0,NVIDIA A100-SXM4-80GB,400.0,1020.22,143122447529,nvmlDeviceGetTotalEnergyConsumption available via CUDA PCI bus id 0000:00:06.0,143121427309,True,00000000:00:06.0,results/fp16_long_sweep_a100_20260603_034822/raw/long5s_tensor_mma_f16acc_t384_b4_rep002_test_7c015ef6/power.csv,[],80,65536,2,1,test,long5s_tensor_mma_f16acc_t384_b4_rep002_test_7c015ef6,1780459336607230381,1780459318645250938,"['nvml_timed_energy_counter', 'explicit_m16n16k16_denominator', 'strict_denominator_provenance', 'tensor_no_memory_warpsync_baseline', 'timed_kernel_memory_provenance']",fp16-energy-bench-v2,49152,108,results/fp16_long_sweep_a100_20260603_034822/raw/long5s_tensor_mma_f16acc_t384_b4_rep002_test_7c015ef6/sm_util.csv,[],True,384,False,False,False,Tensor HMMA/register baseline uses register operands and consumes registers; no intended global memory operation in the timed kernel,8,unchecked; run Nsight Compute validation separately,2,False,fp16-energy-bench-v2,"nvml_timed_energy_counter,explicit_m16n16k16_denominator,strict_denominator_provenance,tensor_no_memory_warpsync_baseline,timed_kernel_memory_provenance",1020.22,173.38619660966194,nvml_total_energy_counter,1027.2644367692965,174.58339731018296,average_instant,173.97934782608695,nan,173.97934782608695,400.0,True,-7.044436769296453,0.993142528333356,46,6,1410.0,1410.0,1410.0,41.21739130434783,42.0,100.0,100.0,100.0,100.0,4096,12288,8192,8192,2,16,221183986176,m16n16k16,16,16,4096,16384
ga100,ampere,"A100/GA100 path uses warp-level HMMA m16n8k16 pairs; compare against H100/RTX3090 only with the same logical m16n16k16 workload, clock policy, and baseline subtraction",ce960f9677a1,results/fp16_long_sweep_a100_20260603_034822/raw/long5s_tensor_mma_f16acc_t256_b8_rep003_baseline_d88aa6da/bench.json,False,864,8,none,8.0,long5s_tensor_mma_f16acc_t256_b8,0,5705.62548828,,0,NVIDIA A100-SXM4-80GB,580.159.03,0,0,0,baseline_or_memory,benchmark uses warp-level HMMA mma.sync m16n8k16 pairs,datacenter,GPU-736f9b27-a462-1683-4dae-8866344ef6f4,1780459344909214763,1780459339203523803,4000000,tensor_baseline_mov,41943040,256,1,0,0,0,0,NVIDIA A100-SXM4-80GB,400.0,795.686,143123538501,nvmlDeviceGetTotalEnergyConsumption available via CUDA PCI bus id 0000:00:06.0,143122742815,True,00000000:00:06.0,results/fp16_long_sweep_a100_20260603_034822/raw/long5s_tensor_mma_f16acc_t256_b8_rep003_baseline_d88aa6da/power.csv,[],80,65536,3,10,baseline,long5s_tensor_mma_f16acc_t256_b8_rep003_baseline_d88aa6da,1780459345014109744,1780459337852421243,"['nvml_timed_energy_counter', 'explicit_m16n16k16_denominator', 'strict_denominator_provenance', 'tensor_no_memory_warpsync_baseline', 'timed_kernel_memory_provenance']",fp16-energy-bench-v2,49152,108,results/fp16_long_sweep_a100_20260603_034822/raw/long5s_tensor_mma_f16acc_t256_b8_rep003_baseline_d88aa6da/sm_util.csv,[],True,256,False,False,False,Tensor HMMA/register baseline uses register operands and consumes registers; no intended global memory operation in the timed kernel,8,unchecked; run Nsight Compute validation separately,2,False,fp16-energy-bench-v2,"nvml_timed_energy_counter,explicit_m16n16k16_denominator,strict_denominator_provenance,tensor_no_memory_warpsync_baseline,timed_kernel_memory_provenance",795.686,139.45480145668458,nvml_total_energy_counter,790.8158832973146,138.60124721814842,average_instant,138.3890909090909,nan,138.3890909090909,400.0,True,4.870116702685436,1.0061583445724174,44,6,1410.0,1410.0,1410.0,38.77272727272727,39.0,100.0,100.0,100.0,100.0,,,,,,,,,,,,
ga100,ampere,"A100/GA100 path uses warp-level HMMA m16n8k16 pairs; compare against H100/RTX3090 only with the same logical m16n16k16 workload, clock policy, and baseline subtraction",ce960f9677a1,results/fp16_long_sweep_a100_20260603_034822/raw/long5s_tensor_mma_f16acc_t256_b8_rep003_test_16447f42/bench.json,False,864,8,none,8.0,long5s_tensor_mma_f16acc_t256_b8,0,5896.96386719,,0,NVIDIA A100-SXM4-80GB,580.159.03,0,307.266479634,1811939328000000,tensor_core_mma_m16n16k16_f16acc,benchmark uses warp-level HMMA mma.sync m16n8k16 pairs,datacenter,GPU-736f9b27-a462-1683-4dae-8866344ef6f4,1780459363856829377,1780459357959855229,4000000,tensor_mma_f16acc,41943040,256,1,0,0,0,0,NVIDIA A100-SXM4-80GB,400.0,1027.311,143126698292,nvmlDeviceGetTotalEnergyConsumption available via CUDA PCI bus id 0000:00:06.0,143125670981,True,00000000:00:06.0,results/fp16_long_sweep_a100_20260603_034822/raw/long5s_tensor_mma_f16acc_t256_b8_rep003_test_16447f42/power.csv,[],80,65536,3,1,test,long5s_tensor_mma_f16acc_t256_b8_rep003_test_16447f42,1780459363952731038,1780459345958239691,"['nvml_timed_energy_counter', 'explicit_m16n16k16_denominator', 'strict_denominator_provenance', 'tensor_no_memory_warpsync_baseline', 'timed_kernel_memory_provenance']",fp16-energy-bench-v2,49152,108,results/fp16_long_sweep_a100_20260603_034822/raw/long5s_tensor_mma_f16acc_t256_b8_rep003_test_16447f42/sm_util.csv,[],True,256,False,False,False,Tensor HMMA/register baseline uses register operands and consumes registers; no intended global memory operation in the timed kernel,8,unchecked; run Nsight Compute validation separately,2,False,fp16-energy-bench-v2,"nvml_timed_energy_counter,explicit_m16n16k16_denominator,strict_denominator_provenance,tensor_no_memory_warpsync_baseline,timed_kernel_memory_provenance",1027.311,174.20985309023607,nvml_total_energy_counter,1022.2241500161795,173.34723272661353,average_instant,173.09195652173912,nan,173.09195652173912,400.0,True,5.086849983820457,1.0049762569038698,46,6,1410.0,1410.0,1410.0,41.0,41.0,100.0,100.0,100.0,100.0,4096,12288,8192,8192,2,16,221184000000,m16n16k16,16,16,4096,16384
ga100,ampere,"A100/GA100 path uses warp-level HMMA m16n8k16 pairs; compare against H100/RTX3090 only with the same logical m16n16k16 workload, clock policy, and baseline subtraction",ce960f9677a1,results/fp16_long_sweep_a100_20260603_034822/raw/long5s_tensor_mma_f16acc_t384_b4_rep003_baseline_f3e08e0b/bench.json,False,432,4,none,8.0,long5s_tensor_mma_f16acc_t384_b4,0,5629.32226562,,0,NVIDIA A100-SXM4-80GB,580.159.03,0,0,0,baseline_or_memory,benchmark uses warp-level HMMA mma.sync m16n8k16 pairs,datacenter,GPU-736f9b27-a462-1683-4dae-8866344ef6f4,1780459372154389618,1780459366525055334,5333333,tensor_baseline_mov,41943040,256,1,0,0,0,0,NVIDIA A100-SXM4-80GB,400.0,788.156,143127782018,nvmlDeviceGetTotalEnergyConsumption available via CUDA PCI bus id 0000:00:06.0,143126993862,True,00000000:00:06.0,results/fp16_long_sweep_a100_20260603_034822/raw/long5s_tensor_mma_f16acc_t384_b4_rep003_baseline_f3e08e0b/power.csv,[],80,65536,3,10,baseline,long5s_tensor_mma_f16acc_t384_b4_rep003_baseline_f3e08e0b,1780459372273260122,1780459365188495141,"['nvml_timed_energy_counter', 'explicit_m16n16k16_denominator', 'strict_denominator_provenance', 'tensor_no_memory_warpsync_baseline', 'timed_kernel_memory_provenance']",fp16-energy-bench-v2,49152,108,results/fp16_long_sweep_a100_20260603_034822/raw/long5s_tensor_mma_f16acc_t384_b4_rep003_baseline_f3e08e0b/sm_util.csv,"[""Unexpected nvidia-smi dmon output: '0'""]",True,384,False,False,False,Tensor HMMA/register baseline uses register operands and consumes registers; no intended global memory operation in the timed kernel,8,unchecked; run Nsight Compute validation separately,2,False,fp16-energy-bench-v2,"nvml_timed_energy_counter,explicit_m16n16k16_denominator,strict_denominator_provenance,tensor_no_memory_warpsync_baseline,timed_kernel_memory_provenance",788.156,140.00873997483856,nvml_total_energy_counter,787.3726340171827,139.86958213781975,average_instant,139.94813953488372,nan,139.94813953488372,400.0,True,0.7833659828172586,1.0009949113659444,43,5,1410.0,1410.0,1410.0,38.83720930232558,39.0,100.0,100.0,100.0,100.0,,,,,,,,,,,,
ga100,ampere,"A100/GA100 path uses warp-level HMMA m16n8k16 pairs; compare against H100/RTX3090 only with the same logical m16n16k16 workload, clock policy, and baseline subtraction",ce960f9677a1,results/fp16_long_sweep_a100_20260603_034822/raw/long5s_tensor_mma_f16acc_t384_b4_rep003_test_f78f2029/bench.json,False,432,4,none,8.0,long5s_tensor_mma_f16acc_t384_b4,0,5883.11035156,,0,NVIDIA A100-SXM4-80GB,580.159.03,0,307.990009787,1811939214753792,tensor_core_mma_m16n16k16_f16acc,benchmark uses warp-level HMMA mma.sync m16n8k16 pairs,datacenter,GPU-736f9b27-a462-1683-4dae-8866344ef6f4,1780459391207768621,1780459385324649586,5333333,tensor_mma_f16acc,41943040,256,1,0,0,0,0,NVIDIA A100-SXM4-80GB,400.0,1038.04,143130977938,nvmlDeviceGetTotalEnergyConsumption available via CUDA PCI bus id 0000:00:06.0,143129939898,True,00000000:00:06.0,results/fp16_long_sweep_a100_20260603_034822/raw/long5s_tensor_mma_f16acc_t384_b4_rep003_test_f78f2029/power.csv,[],80,65536,3,1,test,long5s_tensor_mma_f16acc_t384_b4_rep003_test_f78f2029,1780459391314237106,1780459373343430069,"['nvml_timed_energy_counter', 'explicit_m16n16k16_denominator', 'strict_denominator_provenance', 'tensor_no_memory_warpsync_baseline', 'timed_kernel_memory_provenance']",fp16-energy-bench-v2,49152,108,results/fp16_long_sweep_a100_20260603_034822/raw/long5s_tensor_mma_f16acc_t384_b4_rep003_test_f78f2029/sm_util.csv,[],True,384,False,False,False,Tensor HMMA/register baseline uses register operands and consumes registers; no intended global memory operation in the timed kernel,8,unchecked; run Nsight Compute validation separately,2,False,fp16-energy-bench-v2,"nvml_timed_energy_counter,explicit_m16n16k16_denominator,strict_denominator_provenance,tensor_no_memory_warpsync_baseline,timed_kernel_memory_provenance",1038.04,176.4438206713932,nvml_total_energy_counter,1027.6727454276104,174.68161689636975,average_instant,174.0454347826087,nan,174.0454347826087,400.0,True,10.367254572389584,1.0100880894414261,46,6,1410.0,1410.0,1410.0,41.58695652173913,42.0,100.0,100.0,100.0,100.0,4096,12288,8192,8192,2,16,221183986176,m16n16k16,16,16,4096,16384
ga100,ampere,"A100/GA100 path uses warp-level HMMA m16n8k16 pairs; compare against H100/RTX3090 only with the same logical m16n16k16 workload, clock policy, and baseline subtraction",ce960f9677a1,results/fp16_long_sweep_a100_20260603_034822/raw/long5s_tensor_mma_f16acc_t384_b8_rep000_baseline_7786d96f/bench.json,False,864,8,none,8.0,long5s_tensor_mma_f16acc_t384_b8,0,5355.92871094,,0,NVIDIA A100-SXM4-80GB,580.159.03,0,0,0,baseline_or_memory,benchmark uses warp-level HMMA mma.sync m16n8k16 pairs,datacenter,GPU-736f9b27-a462-1683-4dae-8866344ef6f4,1780459480169528055,1780459474813576027,2666667,tensor_baseline_mov,41943040,256,1,0,0,0,0,NVIDIA A100-SXM4-80GB,400.0,772.334,143137025239,nvmlDeviceGetTotalEnergyConsumption available via CUDA PCI bus id 0000:00:06.0,143136252905,True,00000000:00:06.0,results/fp16_long_sweep_a100_20260603_034822/raw/long5s_tensor_mma_f16acc_t384_b8_rep000_baseline_7786d96f/power.csv,[],80,65536,0,10,baseline,long5s_tensor_mma_f16acc_t384_b8_rep000_baseline_7786d96f,1780459480276170515,1780459473430617809,"['nvml_timed_energy_counter', 'explicit_m16n16k16_denominator', 'strict_denominator_provenance', 'tensor_no_memory_warpsync_baseline', 'timed_kernel_memory_provenance']",fp16-energy-bench-v2,49152,108,results/fp16_long_sweep_a100_20260603_034822/raw/long5s_tensor_mma_f16acc_t384_b8_rep000_baseline_7786d96f/sm_util.csv,[],True,384,False,False,False,Tensor HMMA/register baseline uses register operands and consumes registers; no intended global memory operation in the timed kernel,8,unchecked; run Nsight Compute validation separately,2,False,fp16-energy-bench-v2,"nvml_timed_energy_counter,explicit_m16n16k16_denominator,strict_denominator_provenance,tensor_no_memory_warpsync_baseline,timed_kernel_memory_provenance",772.334,144.20106751561067,nvml_total_energy_counter,783.8386886836598,146.3490868823853,average_instant,146.3019512195122,nan,146.3019512195122,400.0,True,-11.504688683659879,0.985322632258711,41,5,1410.0,1410.0,1410.0,35.5609756097561,36.0,100.0,100.0,100.0,100.0,,,,,,,,,,,,
ga100,ampere,"A100/GA100 path uses warp-level HMMA m16n8k16 pairs; compare against H100/RTX3090 only with the same logical m16n16k16 workload, clock policy, and baseline subtraction",ce960f9677a1,results/fp16_long_sweep_a100_20260603_034822/raw/long5s_tensor_mma_f16acc_t384_b8_rep000_test_9de54fbf/bench.json,False,864,8,none,8.0,long5s_tensor_mma_f16acc_t384_b8,0,5880.60791016,,0,NVIDIA A100-SXM4-80GB,580.159.03,0,308.121130022,1811939554492416,tensor_core_mma_m16n16k16_f16acc,benchmark uses warp-level HMMA mma.sync m16n8k16 pairs,datacenter,GPU-736f9b27-a462-1683-4dae-8866344ef6f4,1780459498414209215,1780459492533597672,2666667,tensor_mma_f16acc,41943040,256,1,0,0,0,0,NVIDIA A100-SXM4-80GB,400.0,1031.929,143140190610,nvmlDeviceGetTotalEnergyConsumption available via CUDA PCI bus id 0000:00:06.0,143139158681,True,00000000:00:06.0,results/fp16_long_sweep_a100_20260603_034822/raw/long5s_tensor_mma_f16acc_t384_b8_rep000_test_9de54fbf/power.csv,[],80,65536,0,1,test,long5s_tensor_mma_f16acc_t384_b8_rep000_test_9de54fbf,1780459498511866284,1780459480557483461,"['nvml_timed_energy_counter', 'explicit_m16n16k16_denominator', 'strict_denominator_provenance', 'tensor_no_memory_warpsync_baseline', 'timed_kernel_memory_provenance']",fp16-energy-bench-v2,49152,108,results/fp16_long_sweep_a100_20260603_034822/raw/long5s_tensor_mma_f16acc_t384_b8_rep000_test_9de54fbf/sm_util.csv,[],True,384,False,False,False,Tensor HMMA/register baseline uses register operands and consumes registers; no intended global memory operation in the timed kernel,8,unchecked; run Nsight Compute validation separately,2,False,fp16-energy-bench-v2,"nvml_timed_energy_counter,explicit_m16n16k16_denominator,strict_denominator_provenance,tensor_no_memory_warpsync_baseline,timed_kernel_memory_provenance",1031.929,175.4798786579194,nvml_total_energy_counter,1022.4782890595732,173.87278203687552,average_instant,173.4441304347826,nan,173.4441304347826,400.0,True,9.450710940426916,1.0092429453432397,46,6,1410.0,1410.0,1410.0,40.0,40.0,100.0,100.0,100.0,100.0,4096,12288,8192,8192,2,16,221184027648,m16n16k16,16,16,4096,16384
ga100,ampere,"A100/GA100 path uses warp-level HMMA m16n8k16 pairs; compare against H100/RTX3090 only with the same logical m16n16k16 workload, clock policy, and baseline subtraction",ce960f9677a1,results/fp16_long_sweep_a100_20260603_034822/raw/long5s_tensor_mma_f16acc_t384_b8_rep001_baseline_1181066d/bench.json,False,864,8,none,8.0,long5s_tensor_mma_f16acc_t384_b8,0,5353.85595703,,0,NVIDIA A100-SXM4-80GB,580.159.03,0,0,0,baseline_or_memory,benchmark uses warp-level HMMA mma.sync m16n8k16 pairs,datacenter,GPU-736f9b27-a462-1683-4dae-8866344ef6f4,1780459505380950923,1780459500027084516,2666667,tensor_baseline_mov,41943040,256,1,0,0,0,0,NVIDIA A100-SXM4-80GB,400.0,753.946,143141142685,nvmlDeviceGetTotalEnergyConsumption available via CUDA PCI bus id 0000:00:06.0,143140388739,True,00000000:00:06.0,results/fp16_long_sweep_a100_20260603_034822/raw/long5s_tensor_mma_f16acc_t384_b8_rep001_baseline_1181066d/power.csv,[],80,65536,1,10,baseline,long5s_tensor_mma_f16acc_t384_b8_rep001_baseline_1181066d,1780459505519998758,1780459498742842455,"['nvml_timed_energy_counter', 'explicit_m16n16k16_denominator', 'strict_denominator_provenance', 'tensor_no_memory_warpsync_baseline', 'timed_kernel_memory_provenance']",fp16-energy-bench-v2,49152,108,results/fp16_long_sweep_a100_20260603_034822/raw/long5s_tensor_mma_f16acc_t384_b8_rep001_baseline_1181066d/sm_util.csv,[],True,384,False,False,False,Tensor HMMA/register baseline uses register operands and consumes registers; no intended global memory operation in the timed kernel,8,unchecked; run Nsight Compute validation separately,2,False,fp16-energy-bench-v2,"nvml_timed_energy_counter,explicit_m16n16k16_denominator,strict_denominator_provenance,tensor_no_memory_warpsync_baseline,timed_kernel_memory_provenance",753.946,140.8227144058434,nvml_total_energy_counter,752.1532693443739,140.48786655583316,average_instant,140.07166666666666,nan,140.07166666666666,400.0,True,1.7927306556260874,1.0023834645526286,42,5,1410.0,1410.0,1410.0,37.976190476190474,38.0,99.9047619047619,100.0,100.0,100.0,,,,,,,,,,,,
ga100,ampere,"A100/GA100 path uses warp-level HMMA m16n8k16 pairs; compare against H100/RTX3090 only with the same logical m16n16k16 workload, clock policy, and baseline subtraction",ce960f9677a1,results/fp16_long_sweep_a100_20260603_034822/raw/long5s_tensor_mma_f16acc_t384_b8_rep001_test_e690ef86/bench.json,False,864,8,none,8.0,long5s_tensor_mma_f16acc_t384_b8,0,5879.97900391,,0,NVIDIA A100-SXM4-80GB,580.159.03,0,308.154085803,1811939554492416,tensor_core_mma_m16n16k16_f16acc,benchmark uses warp-level HMMA mma.sync m16n8k16 pairs,datacenter,GPU-736f9b27-a462-1683-4dae-8866344ef6f4,1780459523710871493,1780459517830884941,2666667,tensor_mma_f16acc,41943040,256,1,0,0,0,0,NVIDIA A100-SXM4-80GB,400.0,1019.714,143144274031,nvmlDeviceGetTotalEnergyConsumption available via CUDA PCI bus id 0000:00:06.0,143143254317,True,00000000:00:06.0,results/fp16_long_sweep_a100_20260603_034822/raw/long5s_tensor_mma_f16acc_t384_b8_rep001_test_e690ef86/power.csv,[],80,65536,1,1,test,long5s_tensor_mma_f16acc_t384_b8_rep001_test_e690ef86,1780459523832119811,1780459505851264301,"['nvml_timed_energy_counter', 'explicit_m16n16k16_denominator', 'strict_denominator_provenance', 'tensor_no_memory_warpsync_baseline', 'timed_kernel_memory_provenance']",fp16-energy-bench-v2,49152,108,results/fp16_long_sweep_a100_20260603_034822/raw/long5s_tensor_mma_f16acc_t384_b8_rep001_test_e690ef86/sm_util.csv,[],True,384,False,False,False,Tensor HMMA/register baseline uses register operands and consumes registers; no intended global memory operation in the timed kernel,8,unchecked; run Nsight Compute validation separately,2,False,fp16-energy-bench-v2,"nvml_timed_energy_counter,explicit_m16n16k16_denominator,strict_denominator_provenance,tensor_no_memory_warpsync_baseline,timed_kernel_memory_provenance",1019.714,173.42114492645527,nvml_total_energy_counter,1028.8774350851197,174.9795558180589,average_instant,174.97622222222222,nan,174.97622222222222,400.0,True,-9.163435085119659,0.9910937544428102,45,6,1410.0,1410.0,1410.0,41.0,41.0,100.0,100.0,100.0,100.0,4096,12288,8192,8192,2,16,221184027648,m16n16k16,16,16,4096,16384
ga100,ampere,"A100/GA100 path uses warp-level HMMA m16n8k16 pairs; compare against H100/RTX3090 only with the same logical m16n16k16 workload, clock policy, and baseline subtraction",ce960f9677a1,results/fp16_long_sweep_a100_20260603_034822/raw/long5s_tensor_mma_f16acc_t384_b8_rep002_baseline_c79f5d9a/bench.json,False,864,8,none,8.0,long5s_tensor_mma_f16acc_t384_b8,0,5356.07177734,,0,NVIDIA A100-SXM4-80GB,580.159.03,0,0,0,baseline_or_memory,benchmark uses warp-level HMMA mma.sync m16n8k16 pairs,datacenter,GPU-736f9b27-a462-1683-4dae-8866344ef6f4,1780459531689577149,1780459526333490327,2666667,tensor_baseline_mov,41943040,256,1,0,0,0,0,NVIDIA A100-SXM4-80GB,400.0,755.633,143145313927,nvmlDeviceGetTotalEnergyConsumption available via CUDA PCI bus id 0000:00:06.0,143144558294,True,00000000:00:06.0,results/fp16_long_sweep_a100_20260603_034822/raw/long5s_tensor_mma_f16acc_t384_b8_rep002_baseline_c79f5d9a/power.csv,[],80,65536,2,10,baseline,long5s_tensor_mma_f16acc_t384_b8_rep002_baseline_c79f5d9a,1780459531800062170,1780459525053277110,"['nvml_timed_energy_counter', 'explicit_m16n16k16_denominator', 'strict_denominator_provenance', 'tensor_no_memory_warpsync_baseline', 'timed_kernel_memory_provenance']",fp16-energy-bench-v2,49152,108,results/fp16_long_sweep_a100_20260603_034822/raw/long5s_tensor_mma_f16acc_t384_b8_rep002_baseline_c79f5d9a/sm_util.csv,[],True,384,False,False,False,Tensor HMMA/register baseline uses register operands and consumes registers; no intended global memory operation in the timed kernel,8,unchecked; run Nsight Compute validation separately,2,False,fp16-energy-bench-v2,"nvml_timed_energy_counter,explicit_m16n16k16_denominator,strict_denominator_provenance,tensor_no_memory_warpsync_baseline,timed_kernel_memory_provenance",755.633,141.07930381118084,nvml_total_energy_counter,761.5287922263188,142.18006868341965,average_instant,142.18428571428572,nan,142.18428571428572,400.0,True,-5.895792226318804,0.9922579523105324,42,5,1410.0,1410.0,1410.0,38.69047619047619,39.0,99.83333333333333,100.0,99.8,100.0,,,,,,,,,,,,
ga100,ampere,"A100/GA100 path uses warp-level HMMA m16n8k16 pairs; compare against H100/RTX3090 only with the same logical m16n16k16 workload, clock policy, and baseline subtraction",ce960f9677a1,results/fp16_long_sweep_a100_20260603_034822/raw/long5s_tensor_mma_f16acc_t384_b8_rep002_test_c65846bf/bench.json,False,864,8,none,8.0,long5s_tensor_mma_f16acc_t384_b8,0,5879.53027344,,0,NVIDIA A100-SXM4-80GB,580.159.03,0,308.177604371,1811939554492416,tensor_core_mma_m16n16k16_f16acc,benchmark uses warp-level HMMA mma.sync m16n8k16 pairs,datacenter,GPU-736f9b27-a462-1683-4dae-8866344ef6f4,1780459550022375449,1780459544142832959,2666667,tensor_mma_f16acc,41943040,256,1,0,0,0,0,NVIDIA A100-SXM4-80GB,400.0,1038.297,143148463606,nvmlDeviceGetTotalEnergyConsumption available via CUDA PCI bus id 0000:00:06.0,143147425309,True,00000000:00:06.0,results/fp16_long_sweep_a100_20260603_034822/raw/long5s_tensor_mma_f16acc_t384_b8_rep002_test_c65846bf/power.csv,[],80,65536,2,1,test,long5s_tensor_mma_f16acc_t384_b8_rep002_test_c65846bf,1780459550130046299,1780459532168561751,"['nvml_timed_energy_counter', 'explicit_m16n16k16_denominator', 'strict_denominator_provenance', 'tensor_no_memory_warpsync_baseline', 'timed_kernel_memory_provenance']",fp16-energy-bench-v2,49152,108,results/fp16_long_sweep_a100_20260603_034822/raw/long5s_tensor_mma_f16acc_t384_b8_rep002_test_c65846bf/sm_util.csv,[],True,384,False,False,False,Tensor HMMA/register baseline uses register operands and consumes registers; no intended global memory operation in the timed kernel,8,unchecked; run Nsight Compute validation separately,2,False,fp16-energy-bench-v2,"nvml_timed_energy_counter,explicit_m16n16k16_denominator,strict_denominator_provenance,tensor_no_memory_warpsync_baseline,timed_kernel_memory_provenance",1038.297,176.5948629108385,nvml_total_energy_counter,1029.9049632801748,175.16753472431742,average_instant,175.07391304347829,nan,175.07391304347829,400.0,True,8.392036719825228,1.0081483603041363,46,6,1410.0,1410.0,1410.0,41.0,41.0,100.0,100.0,100.0,100.0,4096,12288,8192,8192,2,16,221184027648,m16n16k16,16,16,4096,16384
ga100,ampere,"A100/GA100 path uses warp-level HMMA m16n8k16 pairs; compare against H100/RTX3090 only with the same logical m16n16k16 workload, clock policy, and baseline subtraction",ce960f9677a1,results/fp16_long_sweep_a100_20260603_034822/raw/long5s_tensor_mma_f16acc_t384_b8_rep003_baseline_50bf9793/bench.json,False,864,8,none,8.0,long5s_tensor_mma_f16acc_t384_b8,0,5355.59277344,,0,NVIDIA A100-SXM4-80GB,580.159.03,0,0,0,baseline_or_memory,benchmark uses warp-level HMMA mma.sync m16n8k16 pairs,datacenter,GPU-736f9b27-a462-1683-4dae-8866344ef6f4,1780459558008158432,1780459552652548078,2666667,tensor_baseline_mov,41943040,256,1,0,0,0,0,NVIDIA A100-SXM4-80GB,400.0,756.848,143149503472,nvmlDeviceGetTotalEnergyConsumption available via CUDA PCI bus id 0000:00:06.0,143148746624,True,00000000:00:06.0,results/fp16_long_sweep_a100_20260603_034822/raw/long5s_tensor_mma_f16acc_t384_b8_rep003_baseline_50bf9793/power.csv,[],80,65536,3,10,baseline,long5s_tensor_mma_f16acc_t384_b8_rep003_baseline_50bf9793,1780459558112910696,1780459551369694068,"['nvml_timed_energy_counter', 'explicit_m16n16k16_denominator', 'strict_denominator_provenance', 'tensor_no_memory_warpsync_baseline', 'timed_kernel_memory_provenance']",fp16-energy-bench-v2,49152,108,results/fp16_long_sweep_a100_20260603_034822/raw/long5s_tensor_mma_f16acc_t384_b8_rep003_baseline_50bf9793/sm_util.csv,[],True,384,False,False,False,Tensor HMMA/register baseline uses register operands and consumes registers; no intended global memory operation in the timed kernel,8,unchecked; run Nsight Compute validation separately,2,False,fp16-energy-bench-v2,"nvml_timed_energy_counter,explicit_m16n16k16_denominator,strict_denominator_provenance,tensor_no_memory_warpsync_baseline,timed_kernel_memory_provenance",756.848,141.31871999140583,nvml_total_energy_counter,760.5599764383323,142.01182053326283,average_instant,142.01,nan,142.01,400.0,True,-3.7119764383323854,0.9951194165439583,42,5,1410.0,1410.0,1410.0,38.904761904761905,39.0,100.0,100.0,100.0,100.0,,,,,,,,,,,,
ga100,ampere,"A100/GA100 path uses warp-level HMMA m16n8k16 pairs; compare against H100/RTX3090 only with the same logical m16n16k16 workload, clock policy, and baseline subtraction",ce960f9677a1,results/fp16_long_sweep_a100_20260603_034822/raw/long5s_tensor_mma_f16acc_t384_b8_rep003_test_99629020/bench.json,False,864,8,none,8.0,long5s_tensor_mma_f16acc_t384_b8,0,5879.22314453,,0,NVIDIA A100-SXM4-80GB,580.159.03,0,308.193703479,1811939554492416,tensor_core_mma_m16n16k16_f16acc,benchmark uses warp-level HMMA mma.sync m16n8k16 pairs,datacenter,GPU-736f9b27-a462-1683-4dae-8866344ef6f4,1780459576340494837,1780459570461262370,2666667,tensor_mma_f16acc,41943040,256,1,0,0,0,0,NVIDIA A100-SXM4-80GB,400.0,1020.838,143152639146,nvmlDeviceGetTotalEnergyConsumption available via CUDA PCI bus id 0000:00:06.0,143151618308,True,00000000:00:06.0,results/fp16_long_sweep_a100_20260603_034822/raw/long5s_tensor_mma_f16acc_t384_b8_rep003_test_99629020/power.csv,[],80,65536,3,1,test,long5s_tensor_mma_f16acc_t384_b8_rep003_test_99629020,1780459576443341364,1780459558485648186,"['nvml_timed_energy_counter', 'explicit_m16n16k16_denominator', 'strict_denominator_provenance', 'tensor_no_memory_warpsync_baseline', 'timed_kernel_memory_provenance']",fp16-energy-bench-v2,49152,108,results/fp16_long_sweep_a100_20260603_034822/raw/long5s_tensor_mma_f16acc_t384_b8_rep003_test_99629020/sm_util.csv,[],True,384,False,False,False,Tensor HMMA/register baseline uses register operands and consumes registers; no intended global memory operation in the timed kernel,8,unchecked; run Nsight Compute validation separately,2,False,fp16-energy-bench-v2,"nvml_timed_energy_counter,explicit_m16n16k16_denominator,strict_denominator_provenance,tensor_no_memory_warpsync_baseline,timed_kernel_memory_provenance",1020.838,173.63456977249,nvml_total_energy_counter,1025.9303357501751,174.50072632927836,average_instant,173.75282608695653,nan,173.75282608695653,400.0,True,-5.0923357501751525,0.9950363727704264,46,6,1410.0,1410.0,1410.0,41.5,42.0,100.0,100.0,100.0,100.0,4096,12288,8192,8192,2,16,221184027648,m16n16k16,16,16,4096,16384
ga100,ampere,"A100/GA100 path uses warp-level HMMA m16n8k16 pairs; compare against H100/RTX3090 only with the same logical m16n16k16 workload, clock policy, and baseline subtraction",ce960f9677a1,results/fp16_full_sweep_a100_20260603_044813/raw/full5s_tensor_mma_f16acc_t032_b01_rep000_baseline_4ecca092/bench.json,False,108,1,none,8.0,full5s_tensor_mma_f16acc_t032_b01,0,112610.875,,0,NVIDIA A100-SXM4-80GB,580.159.03,0,0,0,baseline_or_memory,benchmark uses warp-level HMMA mma.sync m16n8k16 pairs,datacenter,GPU-736f9b27-a462-1683-4dae-8866344ef6f4,1780462261771940773,1780462149161563925,256000000,tensor_baseline_mov,41943040,256,1,0,0,0,0,NVIDIA A100-SXM4-80GB,400.0,10713.432,143320863253,nvmlDeviceGetTotalEnergyConsumption available via CUDA PCI bus id 0000:00:06.0,143310149821,True,00000000:00:06.0,results/fp16_full_sweep_a100_20260603_044813/raw/full5s_tensor_mma_f16acc_t032_b01_rep000_baseline_4ecca092/power.csv,[],80,65536,0,10,baseline,full5s_tensor_mma_f16acc_t032_b01_rep000_baseline_4ecca092,1780462261886679013,1780462126326590688,"['nvml_timed_energy_counter', 'explicit_m16n16k16_denominator', 'strict_denominator_provenance', 'tensor_no_memory_warpsync_baseline', 'timed_kernel_memory_provenance']",fp16-energy-bench-v2,49152,108,results/fp16_full_sweep_a100_20260603_044813/raw/full5s_tensor_mma_f16acc_t032_b01_rep000_baseline_4ecca092/sm_util.csv,[],True,32,False,False,False,Tensor HMMA/register baseline uses register operands and consumes registers; no intended global memory operation in the timed kernel,8,unchecked; run Nsight Compute validation separately,2,False,fp16-energy-bench-v2,"nvml_timed_energy_counter,explicit_m16n16k16_denominator,strict_denominator_provenance,tensor_no_memory_warpsync_baseline,timed_kernel_memory_provenance",10713.432,95.13716497424433,nvml_total_energy_counter,10716.12288421693,95.16106050050264,average_instant,95.1607807118255,nan,95.1607807118255,400.0,True,-2.69088421692868,0.9997488938633867,871,112,1410.0,1410.0,1410.0,33.0,33.0,100.0,100.0,100.0,100.0,,,,,,,,,,,,
ga100,ampere,"A100/GA100 path uses warp-level HMMA m16n8k16 pairs; compare against H100/RTX3090 only with the same logical m16n16k16 workload, clock policy, and baseline subtraction",ce960f9677a1,results/fp16_full_sweep_a100_20260603_044813/raw/full5s_tensor_mma_f16acc_t032_b01_rep000_test_0134ec81/bench.json,False,108,1,none,8.0,full5s_tensor_mma_f16acc_t032_b01,0,35601.0078125,,0,NVIDIA A100-SXM4-80GB,580.159.03,0,50.8957313103,1811939328000000,tensor_core_mma_m16n16k16_f16acc,benchmark uses warp-level HMMA mma.sync m16n8k16 pairs,datacenter,GPU-736f9b27-a462-1683-4dae-8866344ef6f4,1780462369478115165,1780462333877198212,256000000,tensor_mma_f16acc,41943040,256,1,0,0,0,0,NVIDIA A100-SXM4-80GB,400.0,3719.717,143332089120,nvmlDeviceGetTotalEnergyConsumption available via CUDA PCI bus id 0000:00:06.0,143328369403,True,00000000:00:06.0,results/fp16_full_sweep_a100_20260603_044813/raw/full5s_tensor_mma_f16acc_t032_b01_rep000_test_0134ec81/power.csv,[],80,65536,0,1,test,full5s_tensor_mma_f16acc_t032_b01_rep000_test_0134ec81,1780462369576977682,1780462262457010982,"['nvml_timed_energy_counter', 'explicit_m16n16k16_denominator', 'strict_denominator_provenance', 'tensor_no_memory_warpsync_baseline', 'timed_kernel_memory_provenance']",fp16-energy-bench-v2,49152,108,results/fp16_full_sweep_a100_20260603_044813/raw/full5s_tensor_mma_f16acc_t032_b01_rep000_test_0134ec81/sm_util.csv,[],True,32,False,False,False,Tensor HMMA/register baseline uses register operands and consumes registers; no intended global memory operation in the timed kernel,8,unchecked; run Nsight Compute validation separately,2,False,fp16-energy-bench-v2,"nvml_timed_energy_counter,explicit_m16n16k16_denominator,strict_denominator_provenance,tensor_no_memory_warpsync_baseline,timed_kernel_memory_provenance",3719.717,104.48374138539003,nvml_total_energy_counter,3722.5128304144264,104.56227392482202,average_instant,104.56108695652173,nan,104.56108695652173,400.0,True,-2.795830414426291,0.9992489400193377,276,36,1410.0,1410.0,1410.0,34.481884057971016,35.0,99.97826086956522,100.0,100.0,100.0,4096,12288,8192,8192,2,16,221184000000,m16n16k16,16,16,4096,16384
ga100,ampere,"A100/GA100 path uses warp-level HMMA m16n8k16 pairs; compare against H100/RTX3090 only with the same logical m16n16k16 workload, clock policy, and baseline subtraction",ce960f9677a1,results/fp16_full_sweep_a100_20260603_044813/raw/full5s_tensor_mma_f16acc_t032_b02_rep000_baseline_5e60d113/bench.json,False,216,2,none,8.0,full5s_tensor_mma_f16acc_t032_b02,0,56310.0390625,,0,NVIDIA A100-SXM4-80GB,580.159.03,0,0,0,baseline_or_memory,benchmark uses warp-level HMMA mma.sync m16n8k16 pairs,datacenter,GPU-736f9b27-a462-1683-4dae-8866344ef6f4,1780462772586408279,1780462716276626806,128000000,tensor_baseline_mov,41943040,256,1,0,0,0,0,NVIDIA A100-SXM4-80GB,400.0,5523.716,143361543031,nvmlDeviceGetTotalEnergyConsumption available via CUDA PCI bus id 0000:00:06.0,143356019315,True,00000000:00:06.0,results/fp16_full_sweep_a100_20260603_044813/raw/full5s_tensor_mma_f16acc_t032_b02_rep000_baseline_5e60d113/power.csv,[],80,65536,0,10,baseline,full5s_tensor_mma_f16acc_t032_b02_rep000_baseline_5e60d113,1780462772704449274,1780462704723427423,"['nvml_timed_energy_counter', 'explicit_m16n16k16_denominator', 'strict_denominator_provenance', 'tensor_no_memory_warpsync_baseline', 'timed_kernel_memory_provenance']",fp16-energy-bench-v2,49152,108,results/fp16_full_sweep_a100_20260603_044813/raw/full5s_tensor_mma_f16acc_t032_b02_rep000_baseline_5e60d113/sm_util.csv,[],True,32,False,False,False,Tensor HMMA/register baseline uses register operands and consumes registers; no intended global memory operation in the timed kernel,8,unchecked; run Nsight Compute validation separately,2,False,fp16-energy-bench-v2,"nvml_timed_energy_counter,explicit_m16n16k16_denominator,strict_denominator_provenance,tensor_no_memory_warpsync_baseline,timed_kernel_memory_provenance",5523.716,98.09514182981813,nvml_total_energy_counter,5526.780595641609,98.14956568942905,average_instant,98.14947247706422,nan,98.14947247706422,400.0,True,-3.064595641608321,0.9994455007596963,436,56,1410.0,1410.0,1410.0,33.174311926605505,34.0,100.0,100.0,100.0,100.0,,,,,,,,,,,,
ga100,ampere,"A100/GA100 path uses warp-level HMMA m16n8k16 pairs; compare against H100/RTX3090 only with the same logical m16n16k16 workload, clock policy, and baseline subtraction",ce960f9677a1,results/fp16_full_sweep_a100_20260603_044813/raw/full5s_tensor_mma_f16acc_t032_b02_rep000_test_9234e688/bench.json,False,216,2,none,8.0,full5s_tensor_mma_f16acc_t032_b02,0,17801.5644531,,0,NVIDIA A100-SXM4-80GB,580.159.03,0,101.785398287,1811939328000000,tensor_core_mma_m16n16k16_f16acc,benchmark uses warp-level HMMA mma.sync m16n8k16 pairs,datacenter,GPU-736f9b27-a462-1683-4dae-8866344ef6f4,1780462826908543379,1780462809107019018,128000000,tensor_mma_f16acc,41943040,256,1,0,0,0,0,NVIDIA A100-SXM4-80GB,400.0,2080.059,143367850120,nvmlDeviceGetTotalEnergyConsumption available via CUDA PCI bus id 0000:00:06.0,143365770061,True,00000000:00:06.0,results/fp16_full_sweep_a100_20260603_044813/raw/full5s_tensor_mma_f16acc_t032_b02_rep000_test_9234e688/power.csv,[],80,65536,0,1,test,full5s_tensor_mma_f16acc_t032_b02_rep000_test_9234e688,1780462827035569615,1780462773286812887,"['nvml_timed_energy_counter', 'explicit_m16n16k16_denominator', 'strict_denominator_provenance', 'tensor_no_memory_warpsync_baseline', 'timed_kernel_memory_provenance']",fp16-energy-bench-v2,49152,108,results/fp16_full_sweep_a100_20260603_044813/raw/full5s_tensor_mma_f16acc_t032_b02_rep000_test_9234e688/sm_util.csv,[],True,32,False,False,False,Tensor HMMA/register baseline uses register operands and consumes registers; no intended global memory operation in the timed kernel,8,unchecked; run Nsight Compute validation separately,2,False,fp16-energy-bench-v2,"nvml_timed_energy_counter,explicit_m16n16k16_denominator,strict_denominator_provenance,tensor_no_memory_warpsync_baseline,timed_kernel_memory_provenance",2080.059,116.84724059682455,nvml_total_energy_counter,2081.4183079734903,116.92359967405437,average_instant,116.92262773722628,nan,116.92262773722628,400.0,True,-1.359307973490104,0.999346931864545,137,18,1410.0,1410.0,1410.0,35.99270072992701,36.0,100.0,100.0,100.0,100.0,4096,12288,8192,8192,2,16,221184000000,m16n16k16,16,16,4096,16384
ga100,ampere,"A100/GA100 path uses warp-level HMMA m16n8k16 pairs; compare against H100/RTX3090 only with the same logical m16n16k16 workload, clock policy, and baseline subtraction",ce960f9677a1,results/fp16_full_sweep_a100_20260603_044813/raw/full5s_tensor_mma_f16acc_t032_b04_rep000_baseline_227e2c19/bench.json,False,432,4,none,8.0,full5s_tensor_mma_f16acc_t032_b04,0,28153.4199219,,0,NVIDIA A100-SXM4-80GB,580.159.03,0,0,0,baseline_or_memory,benchmark uses warp-level HMMA mma.sync m16n8k16 pairs,datacenter,GPU-736f9b27-a462-1683-4dae-8866344ef6f4,1780462861762861286,1780462833609515813,64000000,tensor_baseline_mov,41943040,256,1,0,0,0,0,NVIDIA A100-SXM4-80GB,400.0,2944.808,143371481831,nvmlDeviceGetTotalEnergyConsumption available via CUDA PCI bus id 0000:00:06.0,143368537023,True,00000000:00:06.0,results/fp16_full_sweep_a100_20260603_044813/raw/full5s_tensor_mma_f16acc_t032_b04_rep000_baseline_227e2c19/power.csv,[],80,65536,0,10,baseline,full5s_tensor_mma_f16acc_t032_b04_rep000_baseline_227e2c19,1780462861859581751,1780462827769345290,"['nvml_timed_energy_counter', 'explicit_m16n16k16_denominator', 'strict_denominator_provenance', 'tensor_no_memory_warpsync_baseline', 'timed_kernel_memory_provenance']",fp16-energy-bench-v2,49152,108,results/fp16_full_sweep_a100_20260603_044813/raw/full5s_tensor_mma_f16acc_t032_b04_rep000_baseline_227e2c19/sm_util.csv,[],True,32,False,False,False,Tensor HMMA/register baseline uses register operands and consumes registers; no intended global memory operation in the timed kernel,8,unchecked; run Nsight Compute validation separately,2,False,fp16-energy-bench-v2,"nvml_timed_energy_counter,explicit_m16n16k16_denominator,strict_denominator_provenance,tensor_no_memory_warpsync_baseline,timed_kernel_memory_provenance",2944.808,104.59886562412872,nvml_total_energy_counter,2945.7647314314836,104.63284849243122,average_instant,104.63333333333334,nan,104.63333333333334,400.0,True,-0.956731431483604,0.9996752179760742,219,28,1410.0,1410.0,1410.0,34.278538812785385,35.0,100.0,100.0,100.0,100.0,,,,,,,,,,,,
ga100,ampere,"A100/GA100 path uses warp-level HMMA m16n8k16 pairs; compare against H100/RTX3090 only with the same logical m16n16k16 workload, clock policy, and baseline subtraction",ce960f9677a1,results/fp16_full_sweep_a100_20260603_044813/raw/full5s_tensor_mma_f16acc_t032_b04_rep000_test_92595e2f/bench.json,False,432,4,none,8.0,full5s_tensor_mma_f16acc_t032_b04,0,8903.96875,,0,NVIDIA A100-SXM4-80GB,580.159.03,0,203.497943319,1811939328000000,tensor_core_mma_m16n16k16_f16acc,benchmark uses warp-level HMMA mma.sync m16n8k16 pairs,datacenter,GPU-736f9b27-a462-1683-4dae-8866344ef6f4,1780462890025923207,1780462881121962326,64000000,tensor_mma_f16acc,41943040,256,1,0,0,0,0,NVIDIA A100-SXM4-80GB,400.0,1271.274,143375397538,nvmlDeviceGetTotalEnergyConsumption available via CUDA PCI bus id 0000:00:06.0,143374126264,True,00000000:00:06.0,results/fp16_full_sweep_a100_20260603_044813/raw/full5s_tensor_mma_f16acc_t032_b04_rep000_test_92595e2f/power.csv,[],80,65536,0,1,test,full5s_tensor_mma_f16acc_t032_b04_rep000_test_92595e2f,1780462890123900754,1780462863100014274,"['nvml_timed_energy_counter', 'explicit_m16n16k16_denominator', 'strict_denominator_provenance', 'tensor_no_memory_warpsync_baseline', 'timed_kernel_memory_provenance']",fp16-energy-bench-v2,49152,108,results/fp16_full_sweep_a100_20260603_044813/raw/full5s_tensor_mma_f16acc_t032_b04_rep000_test_92595e2f/sm_util.csv,[],True,32,False,False,False,Tensor HMMA/register baseline uses register operands and consumes registers; no intended global memory operation in the timed kernel,8,unchecked; run Nsight Compute validation separately,2,False,fp16-energy-bench-v2,"nvml_timed_energy_counter,explicit_m16n16k16_denominator,strict_denominator_provenance,tensor_no_memory_warpsync_baseline,timed_kernel_memory_provenance",1271.274,142.77623374477625,nvml_total_energy_counter,1265.85783728529,142.16794685009017,average_instant,142.16768115942028,nan,142.16768115942028,400.0,True,5.416162714709799,1.0042786500625736,69,9,1410.0,1410.0,1410.0,38.0,38.0,100.0,100.0,100.0,100.0,4096,12288,8192,8192,2,16,221184000000,m16n16k16,16,16,4096,16384
ga100,ampere,"A100/GA100 path uses warp-level HMMA m16n8k16 pairs; compare against H100/RTX3090 only with the same logical m16n16k16 workload, clock policy, and baseline subtraction",ce960f9677a1,results/fp16_full_sweep_a100_20260603_044813/raw/full5s_tensor_mma_f16acc_t032_b08_rep000_baseline_8995b71a/bench.json,False,864,8,none,8.0,full5s_tensor_mma_f16acc_t032_b08,0,14758.9501953,,0,NVIDIA A100-SXM4-80GB,580.159.03,0,0,0,baseline_or_memory,benchmark uses warp-level HMMA mma.sync m16n8k16 pairs,datacenter,GPU-736f9b27-a462-1683-4dae-8866344ef6f4,1780462909354205331,1780462894595266303,32000000,tensor_baseline_mov,41943040,256,1,0,0,0,0,NVIDIA A100-SXM4-80GB,400.0,1668.853,143377535795,nvmlDeviceGetTotalEnergyConsumption available via CUDA PCI bus id 0000:00:06.0,143375866942,True,00000000:00:06.0,results/fp16_full_sweep_a100_20260603_044813/raw/full5s_tensor_mma_f16acc_t032_b08_rep000_baseline_8995b71a/power.csv,[],80,65536,0,10,baseline,full5s_tensor_mma_f16acc_t032_b08_rep000_baseline_8995b71a,1780462909516733332,1780462891368321751,"['nvml_timed_energy_counter', 'explicit_m16n16k16_denominator', 'strict_denominator_provenance', 'tensor_no_memory_warpsync_baseline', 'timed_kernel_memory_provenance']",fp16-energy-bench-v2,49152,108,results/fp16_full_sweep_a100_20260603_044813/raw/full5s_tensor_mma_f16acc_t032_b08_rep000_baseline_8995b71a/sm_util.csv,[],True,32,False,False,False,Tensor HMMA/register baseline uses register operands and consumes registers; no intended global memory operation in the timed kernel,8,unchecked; run Nsight Compute validation separately,2,False,fp16-energy-bench-v2,"nvml_timed_energy_counter,explicit_m16n16k16_denominator,strict_denominator_provenance,tensor_no_memory_warpsync_baseline,timed_kernel_memory_provenance",1668.853,113.0740493496129,nvml_total_energy_counter,1668.6816336924862,113.0624383315588,average_instant,113.03657894736843,nan,113.03657894736843,400.0,True,0.17136630751383564,1.0001026956275263,114,14,1410.0,1410.0,1410.0,35.63157894736842,36.0,100.0,100.0,100.0,100.0,,,,,,,,,,,,
ga100,ampere,"A100/GA100 path uses warp-level HMMA m16n8k16 pairs; compare against H100/RTX3090 only with the same logical m16n16k16 workload, clock policy, and baseline subtraction",ce960f9677a1,results/fp16_full_sweep_a100_20260603_044813/raw/full5s_tensor_mma_f16acc_t032_b08_rep000_test_44c663ee/bench.json,False,864,8,none,8.0,full5s_tensor_mma_f16acc_t032_b08,0,6744.93554688,,0,NVIDIA A100-SXM4-80GB,580.159.03,0,268.637011489,1811939328000000,tensor_core_mma_m16n16k16_f16acc,benchmark uses warp-level HMMA mma.sync m16n8k16 pairs,datacenter,GPU-736f9b27-a462-1683-4dae-8866344ef6f4,1780462931063728488,1780462924318788170,32000000,tensor_mma_f16acc,41943040,256,1,0,0,0,0,NVIDIA A100-SXM4-80GB,400.0,1063.463,143380872653,nvmlDeviceGetTotalEnergyConsumption available via CUDA PCI bus id 0000:00:06.0,143379809190,True,00000000:00:06.0,results/fp16_full_sweep_a100_20260603_044813/raw/full5s_tensor_mma_f16acc_t032_b08_rep000_test_44c663ee/power.csv,[],80,65536,0,1,test,full5s_tensor_mma_f16acc_t032_b08_rep000_test_44c663ee,1780462931202341130,1780462910588792815,"['nvml_timed_energy_counter', 'explicit_m16n16k16_denominator', 'strict_denominator_provenance', 'tensor_no_memory_warpsync_baseline', 'timed_kernel_memory_provenance']",fp16-energy-bench-v2,49152,108,results/fp16_full_sweep_a100_20260603_044813/raw/full5s_tensor_mma_f16acc_t032_b08_rep000_test_44c663ee/sm_util.csv,[],True,32,False,False,False,Tensor HMMA/register baseline uses register operands and consumes registers; no intended global memory operation in the timed kernel,8,unchecked; run Nsight Compute validation separately,2,False,fp16-energy-bench-v2,"nvml_timed_energy_counter,explicit_m16n16k16_denominator,strict_denominator_provenance,tensor_no_memory_warpsync_baseline,timed_kernel_memory_provenance",1063.463,157.66825944507934,nvml_total_energy_counter,1068.846035701889,158.46634444629476,average_instant,158.3553846153846,nan,158.3553846153846,400.0,True,-5.383035701888957,0.9949636940007416,52,7,1410.0,1410.0,1410.0,39.26923076923077,40.0,100.0,100.0,100.0,100.0,4096,12288,8192,8192,2,16,221184000000,m16n16k16,16,16,4096,16384
ga100,ampere,"A100/GA100 path uses warp-level HMMA m16n8k16 pairs; compare against H100/RTX3090 only with the same logical m16n16k16 workload, clock policy, and baseline subtraction",ce960f9677a1,results/fp16_full_sweep_a100_20260603_044813/raw/full5s_tensor_mma_f16acc_t064_b01_rep000_baseline_70a8ce1a/bench.json,False,108,1,none,8.0,full5s_tensor_mma_f16acc_t064_b01,0,56310.6875,,0,NVIDIA A100-SXM4-80GB,580.159.03,0,0,0,baseline_or_memory,benchmark uses warp-level HMMA mma.sync m16n8k16 pairs,datacenter,GPU-736f9b27-a462-1683-4dae-8866344ef6f4,1780462999603688290,1780462943293204015,128000000,tensor_baseline_mov,41943040,256,1,0,0,0,0,NVIDIA A100-SXM4-80GB,400.0,5532.307,143387576222,nvmlDeviceGetTotalEnergyConsumption available via CUDA PCI bus id 0000:00:06.0,143382043915,True,00000000:00:06.0,results/fp16_full_sweep_a100_20260603_044813/raw/full5s_tensor_mma_f16acc_t064_b01_rep000_baseline_70a8ce1a/power.csv,[],80,65536,0,10,baseline,full5s_tensor_mma_f16acc_t064_b01_rep000_baseline_70a8ce1a,1780462999713639354,1780462931822236145,"['nvml_timed_energy_counter', 'explicit_m16n16k16_denominator', 'strict_denominator_provenance', 'tensor_no_memory_warpsync_baseline', 'timed_kernel_memory_provenance']",fp16-energy-bench-v2,49152,108,results/fp16_full_sweep_a100_20260603_044813/raw/full5s_tensor_mma_f16acc_t064_b01_rep000_baseline_70a8ce1a/sm_util.csv,[],True,64,False,False,False,Tensor HMMA/register baseline uses register operands and consumes registers; no intended global memory operation in the timed kernel,8,unchecked; run Nsight Compute validation separately,2,False,fp16-energy-bench-v2,"nvml_timed_energy_counter,explicit_m16n16k16_denominator,strict_denominator_provenance,tensor_no_memory_warpsync_baseline,timed_kernel_memory_provenance",5532.307,98.24648235987844,nvml_total_energy_counter,5535.247952461641,98.29870980028329,average_instant,98.29655963302753,nan,98.29655963302753,400.0,True,-2.9409524616412455,0.9994686864099135,436,56,1410.0,1410.0,1410.0,34.02064220183486,35.0,100.0,100.0,100.0,100.0,,,,,,,,,,,,
ga100,ampere,"A100/GA100 path uses warp-level HMMA m16n8k16 pairs; compare against H100/RTX3090 only with the same logical m16n16k16 workload, clock policy, and baseline subtraction",ce960f9677a1,results/fp16_full_sweep_a100_20260603_044813/raw/full5s_tensor_mma_f16acc_t064_b01_rep000_test_f890e2ab/bench.json,False,108,1,none,8.0,full5s_tensor_mma_f16acc_t064_b01,0,17800.9042969,,0,NVIDIA A100-SXM4-80GB,580.159.03,0,101.789173054,1811939328000000,tensor_core_mma_m16n16k16_f16acc,benchmark uses warp-level HMMA mma.sync m16n8k16 pairs,datacenter,GPU-736f9b27-a462-1683-4dae-8866344ef6f4,1780463054025985901,1780463036225083377,128000000,tensor_mma_f16acc,41943040,256,1,0,0,0,0,NVIDIA A100-SXM4-80GB,400.0,2080.518,143393897820,nvmlDeviceGetTotalEnergyConsumption available via CUDA PCI bus id 0000:00:06.0,143391817302,True,00000000:00:06.0,results/fp16_full_sweep_a100_20260603_044813/raw/full5s_tensor_mma_f16acc_t064_b01_rep000_test_f890e2ab/power.csv,[],80,65536,0,1,test,full5s_tensor_mma_f16acc_t064_b01_rep000_test_f890e2ab,1780463054132784210,1780463000397183520,"['nvml_timed_energy_counter', 'explicit_m16n16k16_denominator', 'strict_denominator_provenance', 'tensor_no_memory_warpsync_baseline', 'timed_kernel_memory_provenance']",fp16-energy-bench-v2,49152,108,results/fp16_full_sweep_a100_20260603_044813/raw/full5s_tensor_mma_f16acc_t064_b01_rep000_test_f890e2ab/sm_util.csv,[],True,64,False,False,False,Tensor HMMA/register baseline uses register operands and consumes registers; no intended global memory operation in the timed kernel,8,unchecked; run Nsight Compute validation separately,2,False,fp16-energy-bench-v2,"nvml_timed_energy_counter,explicit_m16n16k16_denominator,strict_denominator_provenance,tensor_no_memory_warpsync_baseline,timed_kernel_memory_provenance",2080.518,116.87710761827661,nvml_total_energy_counter,2082.0304939881403,116.96207488249826,average_instant,116.96217391304347,nan,116.96217391304347,400.0,True,-1.5124939881402497,0.9992735485899426,138,18,1410.0,1410.0,1410.0,36.0,36.0,100.0,100.0,100.0,100.0,4096,12288,8192,8192,2,16,221184000000,m16n16k16,16,16,4096,16384
ga100,ampere,"A100/GA100 path uses warp-level HMMA m16n8k16 pairs; compare against H100/RTX3090 only with the same logical m16n16k16 workload, clock policy, and baseline subtraction",ce960f9677a1,results/fp16_full_sweep_a100_20260603_044813/raw/full5s_tensor_mma_f16acc_t064_b02_rep000_baseline_759a0d7e/bench.json,False,216,2,none,8.0,full5s_tensor_mma_f16acc_t064_b02,0,28152.0839844,,0,NVIDIA A100-SXM4-80GB,580.159.03,0,0,0,baseline_or_memory,benchmark uses warp-level HMMA mma.sync m16n8k16 pairs,datacenter,GPU-736f9b27-a462-1683-4dae-8866344ef6f4,1780463088861565476,1780463060709585218,64000000,tensor_baseline_mov,41943040,256,1,0,0,0,0,NVIDIA A100-SXM4-80GB,400.0,2943.061,143397515600,nvmlDeviceGetTotalEnergyConsumption available via CUDA PCI bus id 0000:00:06.0,143394572539,True,00000000:00:06.0,results/fp16_full_sweep_a100_20260603_044813/raw/full5s_tensor_mma_f16acc_t064_b02_rep000_baseline_759a0d7e/power.csv,[],80,65536,0,10,baseline,full5s_tensor_mma_f16acc_t064_b02_rep000_baseline_759a0d7e,1780463088991669533,1780463054868415646,"['nvml_timed_energy_counter', 'explicit_m16n16k16_denominator', 'strict_denominator_provenance', 'tensor_no_memory_warpsync_baseline', 'timed_kernel_memory_provenance']",fp16-energy-bench-v2,49152,108,results/fp16_full_sweep_a100_20260603_044813/raw/full5s_tensor_mma_f16acc_t064_b02_rep000_baseline_759a0d7e/sm_util.csv,[],True,64,False,False,False,Tensor HMMA/register baseline uses register operands and consumes registers; no intended global memory operation in the timed kernel,8,unchecked; run Nsight Compute validation separately,2,False,fp16-energy-bench-v2,"nvml_timed_energy_counter,explicit_m16n16k16_denominator,strict_denominator_provenance,tensor_no_memory_warpsync_baseline,timed_kernel_memory_provenance",2943.061,104.54188206400384,nvml_total_energy_counter,2944.0044968432303,104.57539646812687,average_instant,104.5740366972477,nan,104.5740366972477,400.0,True,-0.9434968432301503,0.9996795192248376,218,28,1410.0,1410.0,1410.0,34.472477064220186,35.0,100.0,100.0,100.0,100.0,,,,,,,,,,,,
ga100,ampere,"A100/GA100 path uses warp-level HMMA m16n8k16 pairs; compare against H100/RTX3090 only with the same logical m16n16k16 workload, clock policy, and baseline subtraction",ce960f9677a1,results/fp16_full_sweep_a100_20260603_044813/raw/full5s_tensor_mma_f16acc_t064_b02_rep000_test_35a38610/bench.json,False,216,2,none,8.0,full5s_tensor_mma_f16acc_t064_b02,0,8903.109375,,0,NVIDIA A100-SXM4-80GB,580.159.03,0,203.517586012,1811939328000000,tensor_core_mma_m16n16k16_f16acc,benchmark uses warp-level HMMA mma.sync m16n8k16 pairs,datacenter,GPU-736f9b27-a462-1683-4dae-8866344ef6f4,1780463116120741244,1780463107217640252,64000000,tensor_mma_f16acc,41943040,256,1,0,0,0,0,NVIDIA A100-SXM4-80GB,400.0,1256.918,143401344980,nvmlDeviceGetTotalEnergyConsumption available via CUDA PCI bus id 0000:00:06.0,143400088062,True,00000000:00:06.0,results/fp16_full_sweep_a100_20260603_044813/raw/full5s_tensor_mma_f16acc_t064_b02_rep000_test_35a38610/power.csv,[],80,65536,0,1,test,full5s_tensor_mma_f16acc_t064_b02_rep000_test_35a38610,1780463116226667055,1780463089188306961,"['nvml_timed_energy_counter', 'explicit_m16n16k16_denominator', 'strict_denominator_provenance', 'tensor_no_memory_warpsync_baseline', 'timed_kernel_memory_provenance']",fp16-energy-bench-v2,49152,108,results/fp16_full_sweep_a100_20260603_044813/raw/full5s_tensor_mma_f16acc_t064_b02_rep000_test_35a38610/sm_util.csv,[],True,64,False,False,False,Tensor HMMA/register baseline uses register operands and consumes registers; no intended global memory operation in the timed kernel,8,unchecked; run Nsight Compute validation separately,2,False,fp16-energy-bench-v2,"nvml_timed_energy_counter,explicit_m16n16k16_denominator,strict_denominator_provenance,tensor_no_memory_warpsync_baseline,timed_kernel_memory_provenance",1256.918,141.1775516339105,nvml_total_energy_counter,1265.3475975774168,142.12436753378532,average_instant,142.12405797101448,nan,142.12405797101448,400.0,True,-8.429597577416871,0.9933381170568816,69,9,1410.0,1410.0,1410.0,38.0,38.0,99.89855072463769,100.0,99.88888888888889,100.0,4096,12288,8192,8192,2,16,221184000000,m16n16k16,16,16,4096,16384
ga100,ampere,"A100/GA100 path uses warp-level HMMA m16n8k16 pairs; compare against H100/RTX3090 only with the same logical m16n16k16 workload, clock policy, and baseline subtraction",ce960f9677a1,results/fp16_full_sweep_a100_20260603_044813/raw/full5s_tensor_mma_f16acc_t064_b04_rep000_baseline_c7af77a3/bench.json,False,432,4,none,8.0,full5s_tensor_mma_f16acc_t064_b04,0,14760.1865234,,0,NVIDIA A100-SXM4-80GB,580.159.03,0,0,0,baseline_or_memory,benchmark uses warp-level HMMA mma.sync m16n8k16 pairs,datacenter,GPU-736f9b27-a462-1683-4dae-8866344ef6f4,1780463135395937017,1780463120635782280,32000000,tensor_baseline_mov,41943040,256,1,0,0,0,0,NVIDIA A100-SXM4-80GB,400.0,1640.819,143403451744,nvmlDeviceGetTotalEnergyConsumption available via CUDA PCI bus id 0000:00:06.0,143401810925,True,00000000:00:06.0,results/fp16_full_sweep_a100_20260603_044813/raw/full5s_tensor_mma_f16acc_t064_b04_rep000_baseline_c7af77a3/power.csv,[],80,65536,0,10,baseline,full5s_tensor_mma_f16acc_t064_b04_rep000_baseline_c7af77a3,1780463135501231807,1780463117463348399,"['nvml_timed_energy_counter', 'explicit_m16n16k16_denominator', 'strict_denominator_provenance', 'tensor_no_memory_warpsync_baseline', 'timed_kernel_memory_provenance']",fp16-energy-bench-v2,49152,108,results/fp16_full_sweep_a100_20260603_044813/raw/full5s_tensor_mma_f16acc_t064_b04_rep000_baseline_c7af77a3/sm_util.csv,[],True,64,False,False,False,Tensor HMMA/register baseline uses register operands and consumes registers; no intended global memory operation in the timed kernel,8,unchecked; run Nsight Compute validation separately,2,False,fp16-energy-bench-v2,"nvml_timed_energy_counter,explicit_m16n16k16_denominator,strict_denominator_provenance,tensor_no_memory_warpsync_baseline,timed_kernel_memory_provenance",1640.819,111.16543350909993,nvml_total_energy_counter,1639.6986675803598,111.08953102436298,average_instant,111.09131578947368,nan,111.09131578947368,400.0,True,1.1203324196401354,1.0006832550649647,114,14,1410.0,1410.0,1410.0,35.20175438596491,36.0,100.0,100.0,100.0,100.0,,,,,,,,,,,,
ga100,ampere,"A100/GA100 path uses warp-level HMMA m16n8k16 pairs; compare against H100/RTX3090 only with the same logical m16n16k16 workload, clock policy, and baseline subtraction",ce960f9677a1,results/fp16_full_sweep_a100_20260603_044813/raw/full5s_tensor_mma_f16acc_t064_b04_rep000_test_feea405b/bench.json,False,432,4,none,8.0,full5s_tensor_mma_f16acc_t064_b04,0,6740.87402344,,0,NVIDIA A100-SXM4-80GB,580.159.03,0,268.79887114,1811939328000000,tensor_core_mma_m16n16k16_f16acc,benchmark uses warp-level HMMA mma.sync m16n8k16 pairs,datacenter,GPU-736f9b27-a462-1683-4dae-8866344ef6f4,1780463157079381426,1780463150338465137,32000000,tensor_mma_f16acc,41943040,256,1,0,0,0,0,NVIDIA A100-SXM4-80GB,400.0,1062.219,143406786590,nvmlDeviceGetTotalEnergyConsumption available via CUDA PCI bus id 0000:00:06.0,143405724371,True,00000000:00:06.0,results/fp16_full_sweep_a100_20260603_044813/raw/full5s_tensor_mma_f16acc_t064_b04_rep000_test_feea405b/power.csv,[],80,65536,0,1,test,full5s_tensor_mma_f16acc_t064_b04_rep000_test_feea405b,1780463157206886575,1780463136685597545,"['nvml_timed_energy_counter', 'explicit_m16n16k16_denominator', 'strict_denominator_provenance', 'tensor_no_memory_warpsync_baseline', 'timed_kernel_memory_provenance']",fp16-energy-bench-v2,49152,108,results/fp16_full_sweep_a100_20260603_044813/raw/full5s_tensor_mma_f16acc_t064_b04_rep000_test_feea405b/sm_util.csv,[],True,64,False,False,False,Tensor HMMA/register baseline uses register operands and consumes registers; no intended global memory operation in the timed kernel,8,unchecked; run Nsight Compute validation separately,2,False,fp16-energy-bench-v2,"nvml_timed_energy_counter,explicit_m16n16k16_denominator,strict_denominator_provenance,tensor_no_memory_warpsync_baseline,timed_kernel_memory_provenance",1062.219,157.577835780776,nvml_total_energy_counter,1068.262975723945,158.47444619170895,average_instant,158.3321153846154,nan,158.3321153846154,400.0,True,-6.043975723944868,0.9943422398217546,52,7,1410.0,1410.0,1410.0,39.26923076923077,40.0,100.0,100.0,100.0,100.0,4096,12288,8192,8192,2,16,221184000000,m16n16k16,16,16,4096,16384
ga100,ampere,"A100/GA100 path uses warp-level HMMA m16n8k16 pairs; compare against H100/RTX3090 only with the same logical m16n16k16 workload, clock policy, and baseline subtraction",ce960f9677a1,results/fp16_full_sweep_a100_20260603_044813/raw/full5s_tensor_mma_f16acc_t064_b08_rep000_baseline_9fd4bd4c/bench.json,False,864,8,none,8.0,full5s_tensor_mma_f16acc_t064_b08,0,7720.14306641,,0,NVIDIA A100-SXM4-80GB,580.159.03,0,0,0,baseline_or_memory,benchmark uses warp-level HMMA mma.sync m16n8k16 pairs,datacenter,GPU-736f9b27-a462-1683-4dae-8866344ef6f4,1780463167419450354,1780463159699306706,16000000,tensor_baseline_mov,41943040,256,1,0,0,0,0,NVIDIA A100-SXM4-80GB,400.0,961.092,143408030093,nvmlDeviceGetTotalEnergyConsumption available via CUDA PCI bus id 0000:00:06.0,143407069001,True,00000000:00:06.0,results/fp16_full_sweep_a100_20260603_044813/raw/full5s_tensor_mma_f16acc_t064_b08_rep000_baseline_9fd4bd4c/power.csv,[],80,65536,0,10,baseline,full5s_tensor_mma_f16acc_t064_b08_rep000_baseline_9fd4bd4c,1780463167564346283,1780463157940422665,"['nvml_timed_energy_counter', 'explicit_m16n16k16_denominator', 'strict_denominator_provenance', 'tensor_no_memory_warpsync_baseline', 'timed_kernel_memory_provenance']",fp16-energy-bench-v2,49152,108,results/fp16_full_sweep_a100_20260603_044813/raw/full5s_tensor_mma_f16acc_t064_b08_rep000_baseline_9fd4bd4c/sm_util.csv,[],True,64,False,False,False,Tensor HMMA/register baseline uses register operands and consumes registers; no intended global memory operation in the timed kernel,8,unchecked; run Nsight Compute validation separately,2,False,fp16-energy-bench-v2,"nvml_timed_energy_counter,explicit_m16n16k16_denominator,strict_denominator_provenance,tensor_no_memory_warpsync_baseline,timed_kernel_memory_provenance",961.092,124.49146593910632,nvml_total_energy_counter,961.0407673536046,124.48482970942831,average_instant,124.29066666666667,nan,124.29066666666667,400.0,True,0.05123264639541958,1.000053309545376,60,8,1410.0,1410.0,1410.0,36.9,37.0,100.0,100.0,100.0,100.0,,,,,,,,,,,,
ga100,ampere,"A100/GA100 path uses warp-level HMMA m16n8k16 pairs; compare against H100/RTX3090 only with the same logical m16n16k16 workload, clock policy, and baseline subtraction",ce960f9677a1,results/fp16_full_sweep_a100_20260603_044813/raw/full5s_tensor_mma_f16acc_t064_b08_rep000_test_b00d4d2c/bench.json,False,864,8,none,8.0,full5s_tensor_mma_f16acc_t064_b08,0,6388.82519531,,0,NVIDIA A100-SXM4-80GB,580.159.03,0,283.610722254,1811939328000000,tensor_core_mma_m16n16k16_f16acc,benchmark uses warp-level HMMA mma.sync m16n8k16 pairs,datacenter,GPU-736f9b27-a462-1683-4dae-8866344ef6f4,1780463187484901740,1780463181096069691,16000000,tensor_mma_f16acc,41943040,256,1,0,0,0,0,NVIDIA A100-SXM4-80GB,400.0,1031.828,143411211783,nvmlDeviceGetTotalEnergyConsumption available via CUDA PCI bus id 0000:00:06.0,143410179955,True,00000000:00:06.0,results/fp16_full_sweep_a100_20260603_044813/raw/full5s_tensor_mma_f16acc_t064_b08_rep000_test_b00d4d2c/power.csv,[],80,65536,0,1,test,full5s_tensor_mma_f16acc_t064_b08_rep000_test_b00d4d2c,1780463187590091008,1780463168098994461,"['nvml_timed_energy_counter', 'explicit_m16n16k16_denominator', 'strict_denominator_provenance', 'tensor_no_memory_warpsync_baseline', 'timed_kernel_memory_provenance']",fp16-energy-bench-v2,49152,108,results/fp16_full_sweep_a100_20260603_044813/raw/full5s_tensor_mma_f16acc_t064_b08_rep000_test_b00d4d2c/sm_util.csv,[],True,64,False,False,False,Tensor HMMA/register baseline uses register operands and consumes registers; no intended global memory operation in the timed kernel,8,unchecked; run Nsight Compute validation separately,2,False,fp16-energy-bench-v2,"nvml_timed_energy_counter,explicit_m16n16k16_denominator,strict_denominator_provenance,tensor_no_memory_warpsync_baseline,timed_kernel_memory_provenance",1031.828,161.50494990105506,nvml_total_energy_counter,1045.3223250862436,163.61712392327806,average_instant,163.41326530612244,nan,163.41326530612244,400.0,True,-13.494325086243634,0.9870907520461402,49,7,1410.0,1410.0,1410.0,39.775510204081634,40.0,99.85714285714286,100.0,99.85714285714286,100.0,4096,12288,8192,8192,2,16,221184000000,m16n16k16,16,16,4096,16384
ga100,ampere,"A100/GA100 path uses warp-level HMMA m16n8k16 pairs; compare against H100/RTX3090 only with the same logical m16n16k16 workload, clock policy, and baseline subtraction",ce960f9677a1,results/fp16_full_sweep_a100_20260603_044813/raw/full5s_tensor_mma_f16acc_t096_b01_rep000_baseline_36785abd/bench.json,False,108,1,none,8.0,full5s_tensor_mma_f16acc_t096_b01,0,37536.859375,,0,NVIDIA A100-SXM4-80GB,580.159.03,0,0,0,baseline_or_memory,benchmark uses warp-level HMMA mma.sync m16n8k16 pairs,datacenter,GPU-736f9b27-a462-1683-4dae-8866344ef6f4,1780463233602286197,1780463196065550286,85333333,tensor_baseline_mov,41943040,256,1,0,0,0,0,NVIDIA A100-SXM4-80GB,400.0,3756.234,143415812625,nvmlDeviceGetTotalEnergyConsumption available via CUDA PCI bus id 0000:00:06.0,143412056391,True,00000000:00:06.0,results/fp16_full_sweep_a100_20260603_044813/raw/full5s_tensor_mma_f16acc_t096_b01_rep000_baseline_36785abd/power.csv,[],80,65536,0,10,baseline,full5s_tensor_mma_f16acc_t096_b01_rep000_baseline_36785abd,1780463233714428009,1780463188346110983,"['nvml_timed_energy_counter', 'explicit_m16n16k16_denominator', 'strict_denominator_provenance', 'tensor_no_memory_warpsync_baseline', 'timed_kernel_memory_provenance']",fp16-energy-bench-v2,49152,108,results/fp16_full_sweep_a100_20260603_044813/raw/full5s_tensor_mma_f16acc_t096_b01_rep000_baseline_36785abd/sm_util.csv,[],True,96,False,False,False,Tensor HMMA/register baseline uses register operands and consumes registers; no intended global memory operation in the timed kernel,8,unchecked; run Nsight Compute validation separately,2,False,fp16-energy-bench-v2,"nvml_timed_energy_counter,explicit_m16n16k16_denominator,strict_denominator_provenance,tensor_no_memory_warpsync_baseline,timed_kernel_memory_provenance",3756.234,100.06821074975913,nvml_total_energy_counter,3761.5774190280003,100.21056247263321,average_instant,100.21278350515465,nan,100.21278350515465,400.0,True,-5.343419028000426,0.9985794738662108,291,37,1410.0,1410.0,1410.0,34.38487972508591,35.0,100.0,100.0,100.0,100.0,,,,,,,,,,,,
ga100,ampere,"A100/GA100 path uses warp-level HMMA m16n8k16 pairs; compare against H100/RTX3090 only with the same logical m16n16k16 workload, clock policy, and baseline subtraction",ce960f9677a1,results/fp16_full_sweep_a100_20260603_044813/raw/full5s_tensor_mma_f16acc_t096_b01_rep000_test_efd888f1/bench.json,False,108,1,none,8.0,full5s_tensor_mma_f16acc_t096_b01,0,11867.2373047,,0,NVIDIA A100-SXM4-80GB,580.159.03,0,152.684173612,1811939320922112,tensor_core_mma_m16n16k16_f16acc,benchmark uses warp-level HMMA mma.sync m16n8k16 pairs,datacenter,GPU-736f9b27-a462-1683-4dae-8866344ef6f4,1780463270573730285,1780463258706513023,85333333,tensor_mma_f16acc,41943040,256,1,0,0,0,0,NVIDIA A100-SXM4-80GB,400.0,1536.587,143420537182,nvmlDeviceGetTotalEnergyConsumption available via CUDA PCI bus id 0000:00:06.0,143419000595,True,00000000:00:06.0,results/fp16_full_sweep_a100_20260603_044813/raw/full5s_tensor_mma_f16acc_t096_b01_rep000_test_efd888f1/power.csv,[],80,65536,0,1,test,full5s_tensor_mma_f16acc_t096_b01_rep000_test_efd888f1,1780463270699931810,1780463234760039318,"['nvml_timed_energy_counter', 'explicit_m16n16k16_denominator', 'strict_denominator_provenance', 'tensor_no_memory_warpsync_baseline', 'timed_kernel_memory_provenance']",fp16-energy-bench-v2,49152,108,results/fp16_full_sweep_a100_20260603_044813/raw/full5s_tensor_mma_f16acc_t096_b01_rep000_test_efd888f1/sm_util.csv,[],True,96,False,False,False,Tensor HMMA/register baseline uses register operands and consumes registers; no intended global memory operation in the timed kernel,8,unchecked; run Nsight Compute validation separately,2,False,fp16-energy-bench-v2,"nvml_timed_energy_counter,explicit_m16n16k16_denominator,strict_denominator_provenance,tensor_no_memory_warpsync_baseline,timed_kernel_memory_provenance",1536.587,129.4816607866701,nvml_total_energy_counter,1537.8095881183963,129.58468309522016,average_instant,129.5857142857143,nan,129.5857142857143,400.0,True,-1.2225881183962883,0.9992049808195745,91,12,1410.0,1410.0,1410.0,37.0,37.0,100.0,100.0,100.0,100.0,4096,12288,8192,8192,2,16,221183999136,m16n16k16,16,16,4096,16384
ga100,ampere,"A100/GA100 path uses warp-level HMMA m16n8k16 pairs; compare against H100/RTX3090 only with the same logical m16n16k16 workload, clock policy, and baseline subtraction",ce960f9677a1,results/fp16_full_sweep_a100_20260603_044813/raw/full5s_tensor_mma_f16acc_t096_b02_rep000_baseline_b3ff6078/bench.json,False,216,2,none,8.0,full5s_tensor_mma_f16acc_t096_b02,0,19675.3144531,,0,NVIDIA A100-SXM4-80GB,580.159.03,0,0,0,baseline_or_memory,benchmark uses warp-level HMMA mma.sync m16n8k16 pairs,datacenter,GPU-736f9b27-a462-1683-4dae-8866344ef6f4,1780463294942540081,1780463275267224924,42666667,tensor_baseline_mov,41943040,256,1,0,0,0,0,NVIDIA A100-SXM4-80GB,400.0,2128.053,143423151772,nvmlDeviceGetTotalEnergyConsumption available via CUDA PCI bus id 0000:00:06.0,143421023719,True,00000000:00:06.0,results/fp16_full_sweep_a100_20260603_044813/raw/full5s_tensor_mma_f16acc_t096_b02_rep000_baseline_b3ff6078/power.csv,[],80,65536,0,10,baseline,full5s_tensor_mma_f16acc_t096_b02_rep000_baseline_b3ff6078,1780463295054281006,1780463271119896471,"['nvml_timed_energy_counter', 'explicit_m16n16k16_denominator', 'strict_denominator_provenance', 'tensor_no_memory_warpsync_baseline', 'timed_kernel_memory_provenance']",fp16-energy-bench-v2,49152,108,results/fp16_full_sweep_a100_20260603_044813/raw/full5s_tensor_mma_f16acc_t096_b02_rep000_baseline_b3ff6078/sm_util.csv,[],True,96,False,False,False,Tensor HMMA/register baseline uses register operands and consumes registers; no intended global memory operation in the timed kernel,8,unchecked; run Nsight Compute validation separately,2,False,fp16-energy-bench-v2,"nvml_timed_energy_counter,explicit_m16n16k16_denominator,strict_denominator_provenance,tensor_no_memory_warpsync_baseline,timed_kernel_memory_provenance",2128.053,108.15852163073943,nvml_total_energy_counter,2125.6809998798954,108.03796447060365,average_instant,108.01450980392157,nan,108.01450980392157,400.0,True,2.3720001201045307,1.0011158777447033,153,19,1410.0,1410.0,1410.0,35.0,35.0,100.0,100.0,100.0,100.0,,,,,,,,,,,,
ga100,ampere,"A100/GA100 path uses warp-level HMMA m16n8k16 pairs; compare against H100/RTX3090 only with the same logical m16n16k16 workload, clock policy, and baseline subtraction",ce960f9677a1,results/fp16_full_sweep_a100_20260603_044813/raw/full5s_tensor_mma_f16acc_t096_b02_rep000_test_e6443eb8/bench.json,False,216,2,none,8.0,full5s_tensor_mma_f16acc_t096_b02,0,8932.31445312,,0,NVIDIA A100-SXM4-80GB,580.159.03,0,202.85216689,1811939342155776,tensor_core_mma_m16n16k16_f16acc,benchmark uses warp-level HMMA mma.sync m16n8k16 pairs,datacenter,GPU-736f9b27-a462-1683-4dae-8866344ef6f4,1780463322603640056,1780463313671331368,42666667,tensor_mma_f16acc,41943040,256,1,0,0,0,0,NVIDIA A100-SXM4-80GB,400.0,1295.476,143427101424,nvmlDeviceGetTotalEnergyConsumption available via CUDA PCI bus id 0000:00:06.0,143425805948,True,00000000:00:06.0,results/fp16_full_sweep_a100_20260603_044813/raw/full5s_tensor_mma_f16acc_t096_b02_rep000_test_e6443eb8/power.csv,[],80,65536,0,1,test,full5s_tensor_mma_f16acc_t096_b02_rep000_test_e6443eb8,1780463322737640552,1780463295597315796,"['nvml_timed_energy_counter', 'explicit_m16n16k16_denominator', 'strict_denominator_provenance', 'tensor_no_memory_warpsync_baseline', 'timed_kernel_memory_provenance']",fp16-energy-bench-v2,49152,108,results/fp16_full_sweep_a100_20260603_044813/raw/full5s_tensor_mma_f16acc_t096_b02_rep000_test_e6443eb8/sm_util.csv,"[""Unexpected nvidia-smi dmon output: '0'""]",True,96,False,False,False,Tensor HMMA/register baseline uses register operands and consumes registers; no intended global memory operation in the timed kernel,8,unchecked; run Nsight Compute validation separately,2,False,fp16-energy-bench-v2,"nvml_timed_energy_counter,explicit_m16n16k16_denominator,strict_denominator_provenance,tensor_no_memory_warpsync_baseline,timed_kernel_memory_provenance",1295.476,145.03260525919703,nvml_total_energy_counter,1293.8456903774822,144.85008697870944,average_instant,144.70814285714286,nan,144.70814285714286,400.0,True,1.6303096225178706,1.001260049505627,70,8,1410.0,1410.0,1410.0,38.27142857142857,39.0,100.0,100.0,100.0,100.0,4096,12288,8192,8192,2,16,221184001728,m16n16k16,16,16,4096,16384
ga100,ampere,"A100/GA100 path uses warp-level HMMA m16n8k16 pairs; compare against H100/RTX3090 only with the same logical m16n16k16 workload, clock policy, and baseline subtraction",ce960f9677a1,results/fp16_full_sweep_a100_20260603_044813/raw/full5s_tensor_mma_f16acc_t096_b04_rep000_baseline_e5966e8e/bench.json,False,432,4,none,8.0,full5s_tensor_mma_f16acc_t096_b04,0,10061.6318359,,0,NVIDIA A100-SXM4-80GB,580.159.03,0,0,0,baseline_or_memory,benchmark uses warp-level HMMA mma.sync m16n8k16 pairs,datacenter,GPU-736f9b27-a462-1683-4dae-8866344ef6f4,1780463336128646284,1780463326067003578,21333333,tensor_baseline_mov,41943040,256,1,0,0,0,0,NVIDIA A100-SXM4-80GB,400.0,1198.388,143428672457,nvmlDeviceGetTotalEnergyConsumption available via CUDA PCI bus id 0000:00:06.0,143427474069,True,00000000:00:06.0,results/fp16_full_sweep_a100_20260603_044813/raw/full5s_tensor_mma_f16acc_t096_b04_rep000_baseline_e5966e8e/power.csv,[],80,65536,0,10,baseline,full5s_tensor_mma_f16acc_t096_b04_rep000_baseline_e5966e8e,1780463336249744673,1780463323874680273,"['nvml_timed_energy_counter', 'explicit_m16n16k16_denominator', 'strict_denominator_provenance', 'tensor_no_memory_warpsync_baseline', 'timed_kernel_memory_provenance']",fp16-energy-bench-v2,49152,108,results/fp16_full_sweep_a100_20260603_044813/raw/full5s_tensor_mma_f16acc_t096_b04_rep000_baseline_e5966e8e/sm_util.csv,[],True,96,False,False,False,Tensor HMMA/register baseline uses register operands and consumes registers; no intended global memory operation in the timed kernel,8,unchecked; run Nsight Compute validation separately,2,False,fp16-energy-bench-v2,"nvml_timed_energy_counter,explicit_m16n16k16_denominator,strict_denominator_provenance,tensor_no_memory_warpsync_baseline,timed_kernel_memory_provenance",1198.388,119.10460697291231,nvml_total_energy_counter,1188.4202666595315,118.11394037584418,average_instant,117.9775641025641,nan,117.9775641025641,400.0,True,9.967733340468385,1.0083873808114079,78,10,1410.0,1410.0,1410.0,36.0,36.0,100.0,100.0,100.0,100.0,,,,,,,,,,,,
ga100,ampere,"A100/GA100 path uses warp-level HMMA m16n8k16 pairs; compare against H100/RTX3090 only with the same logical m16n16k16 workload, clock policy, and baseline subtraction",ce960f9677a1,results/fp16_full_sweep_a100_20260603_044813/raw/full5s_tensor_mma_f16acc_t096_b04_rep000_test_559d7193/bench.json,False,432,4,none,8.0,full5s_tensor_mma_f16acc_t096_b04,0,6608.30322266,,0,NVIDIA A100-SXM4-80GB,580.159.03,0,274.191307305,1811939299688448,tensor_core_mma_m16n16k16_f16acc,benchmark uses warp-level HMMA mma.sync m16n8k16 pairs,datacenter,GPU-736f9b27-a462-1683-4dae-8866344ef6f4,1780463357067478152,1780463350459168928,21333333,tensor_mma_f16acc,41943040,256,1,0,0,0,0,NVIDIA A100-SXM4-80GB,400.0,1058.879,143431937860,nvmlDeviceGetTotalEnergyConsumption available via CUDA PCI bus id 0000:00:06.0,143430878981,True,00000000:00:06.0,results/fp16_full_sweep_a100_20260603_044813/raw/full5s_tensor_mma_f16acc_t096_b04_rep000_test_559d7193/power.csv,[],80,65536,0,1,test,full5s_tensor_mma_f16acc_t096_b04_rep000_test_559d7193,1780463357164065480,1780463337032751844,"['nvml_timed_energy_counter', 'explicit_m16n16k16_denominator', 'strict_denominator_provenance', 'tensor_no_memory_warpsync_baseline', 'timed_kernel_memory_provenance']",fp16-energy-bench-v2,49152,108,results/fp16_full_sweep_a100_20260603_044813/raw/full5s_tensor_mma_f16acc_t096_b04_rep000_test_559d7193/sm_util.csv,[],True,96,False,False,False,Tensor HMMA/register baseline uses register operands and consumes registers; no intended global memory operation in the timed kernel,8,unchecked; run Nsight Compute validation separately,2,False,fp16-energy-bench-v2,"nvml_timed_energy_counter,explicit_m16n16k16_denominator,strict_denominator_provenance,tensor_no_memory_warpsync_baseline,timed_kernel_memory_provenance",1058.879,160.23448118232307,nvml_total_energy_counter,1058.4550844825665,160.1703323201763,average_instant,160.08686274509805,nan,160.08686274509805,400.0,True,0.4239155174334428,1.0004005040210475,51,6,1410.0,1410.0,1410.0,39.450980392156865,40.0,100.0,100.0,100.0,100.0,4096,12288,8192,8192,2,16,221183996544,m16n16k16,16,16,4096,16384
ga100,ampere,"A100/GA100 path uses warp-level HMMA m16n8k16 pairs; compare against H100/RTX3090 only with the same logical m16n16k16 workload, clock policy, and baseline subtraction",ce960f9677a1,results/fp16_full_sweep_a100_20260603_044813/raw/full5s_tensor_mma_f16acc_t096_b08_rep000_baseline_3a516319/bench.json,False,864,8,none,8.0,full5s_tensor_mma_f16acc_t096_b08,0,6710.47167969,,0,NVIDIA A100-SXM4-80GB,580.159.03,0,0,0,baseline_or_memory,benchmark uses warp-level HMMA mma.sync m16n8k16 pairs,datacenter,GPU-736f9b27-a462-1683-4dae-8866344ef6f4,1780463366522679710,1780463359812205407,10666667,tensor_baseline_mov,41943040,256,1,0,0,0,0,NVIDIA A100-SXM4-80GB,400.0,874.359,143433104486,nvmlDeviceGetTotalEnergyConsumption available via CUDA PCI bus id 0000:00:06.0,143432230127,True,00000000:00:06.0,results/fp16_full_sweep_a100_20260603_044813/raw/full5s_tensor_mma_f16acc_t096_b08_rep000_baseline_3a516319/power.csv,[],80,65536,0,10,baseline,full5s_tensor_mma_f16acc_t096_b08_rep000_baseline_3a516319,1780463366626012684,1780463358258046679,"['nvml_timed_energy_counter', 'explicit_m16n16k16_denominator', 'strict_denominator_provenance', 'tensor_no_memory_warpsync_baseline', 'timed_kernel_memory_provenance']",fp16-energy-bench-v2,49152,108,results/fp16_full_sweep_a100_20260603_044813/raw/full5s_tensor_mma_f16acc_t096_b08_rep000_baseline_3a516319/sm_util.csv,[],True,96,False,False,False,Tensor HMMA/register baseline uses register operands and consumes registers; no intended global memory operation in the timed kernel,8,unchecked; run Nsight Compute validation separately,2,False,fp16-energy-bench-v2,"nvml_timed_energy_counter,explicit_m16n16k16_denominator,strict_denominator_provenance,tensor_no_memory_warpsync_baseline,timed_kernel_memory_provenance",874.359,130.29764522145732,nvml_total_energy_counter,879.4214047056699,131.05204863276413,average_instant,130.74961538461537,nan,130.74961538461537,400.0,True,-5.0624047056699055,0.9942434825004467,52,7,1410.0,1410.0,1410.0,37.38461538461539,38.0,100.0,100.0,100.0,100.0,,,,,,,,,,,,
ga100,ampere,"A100/GA100 path uses warp-level HMMA m16n8k16 pairs; compare against H100/RTX3090 only with the same logical m16n16k16 workload, clock policy, and baseline subtraction",ce960f9677a1,results/fp16_full_sweep_a100_20260603_044813/raw/full5s_tensor_mma_f16acc_t096_b08_rep000_test_7a706b68/bench.json,False,864,8,none,8.0,full5s_tensor_mma_f16acc_t096_b08,0,6233.38818359,,0,NVIDIA A100-SXM4-80GB,580.159.03,0,290.682904907,1811939384623104,tensor_core_mma_m16n16k16_f16acc,benchmark uses warp-level HMMA mma.sync m16n8k16 pairs,datacenter,GPU-736f9b27-a462-1683-4dae-8866344ef6f4,1780463386341873259,1780463380108474112,10666667,tensor_mma_f16acc,41943040,256,1,0,0,0,0,NVIDIA A100-SXM4-80GB,400.0,1030.878,143436285184,nvmlDeviceGetTotalEnergyConsumption available via CUDA PCI bus id 0000:00:06.0,143435254306,True,00000000:00:06.0,results/fp16_full_sweep_a100_20260603_044813/raw/full5s_tensor_mma_f16acc_t096_b08_rep000_test_7a706b68/power.csv,[],80,65536,0,1,test,full5s_tensor_mma_f16acc_t096_b08_rep000_test_7a706b68,1780463386471464328,1780463367422808474,"['nvml_timed_energy_counter', 'explicit_m16n16k16_denominator', 'strict_denominator_provenance', 'tensor_no_memory_warpsync_baseline', 'timed_kernel_memory_provenance']",fp16-energy-bench-v2,49152,108,results/fp16_full_sweep_a100_20260603_044813/raw/full5s_tensor_mma_f16acc_t096_b08_rep000_test_7a706b68/sm_util.csv,[],True,96,False,False,False,Tensor HMMA/register baseline uses register operands and consumes registers; no intended global memory operation in the timed kernel,8,unchecked; run Nsight Compute validation separately,2,False,fp16-energy-bench-v2,"nvml_timed_energy_counter,explicit_m16n16k16_denominator,strict_denominator_provenance,tensor_no_memory_warpsync_baseline,timed_kernel_memory_provenance",1030.878,165.37975119018958,nvml_total_energy_counter,1036.2243900425449,166.2374517667872,average_instant,165.96208333333334,nan,165.96208333333334,400.0,True,-5.346390042544954,0.9948405093588606,48,6,1410.0,1410.0,1410.0,40.354166666666664,41.0,100.0,100.0,100.0,100.0,4096,12288,8192,8192,2,16,221184006912,m16n16k16,16,16,4096,16384
ga100,ampere,"A100/GA100 path uses warp-level HMMA m16n8k16 pairs; compare against H100/RTX3090 only with the same logical m16n16k16 workload, clock policy, and baseline subtraction",ce960f9677a1,results/fp16_full_sweep_a100_20260603_044813/raw/full5s_tensor_mma_f16acc_t160_b01_rep000_baseline_a0973ac8/bench.json,False,108,1,none,8.0,full5s_tensor_mma_f16acc_t160_b01,0,23612.1113281,,0,NVIDIA A100-SXM4-80GB,580.159.03,0,0,0,baseline_or_memory,benchmark uses warp-level HMMA mma.sync m16n8k16 pairs,datacenter,GPU-736f9b27-a462-1683-4dae-8866344ef6f4,1780463416190418421,1780463392578340395,51200000,tensor_baseline_mov,41943040,256,1,0,0,0,0,NVIDIA A100-SXM4-80GB,400.0,2441.253,143439346703,nvmlDeviceGetTotalEnergyConsumption available via CUDA PCI bus id 0000:00:06.0,143436905450,True,00000000:00:06.0,results/fp16_full_sweep_a100_20260603_044813/raw/full5s_tensor_mma_f16acc_t160_b01_rep000_baseline_a0973ac8/power.csv,[],80,65536,0,10,baseline,full5s_tensor_mma_f16acc_t160_b01_rep000_baseline_a0973ac8,1780463416395811407,1780463387642111866,"['nvml_timed_energy_counter', 'explicit_m16n16k16_denominator', 'strict_denominator_provenance', 'tensor_no_memory_warpsync_baseline', 'timed_kernel_memory_provenance']",fp16-energy-bench-v2,49152,108,results/fp16_full_sweep_a100_20260603_044813/raw/full5s_tensor_mma_f16acc_t160_b01_rep000_baseline_a0973ac8/sm_util.csv,[],True,160,False,False,False,Tensor HMMA/register baseline uses register operands and consumes registers; no intended global memory operation in the timed kernel,8,unchecked; run Nsight Compute validation separately,2,False,fp16-energy-bench-v2,"nvml_timed_energy_counter,explicit_m16n16k16_denominator,strict_denominator_provenance,tensor_no_memory_warpsync_baseline,timed_kernel_memory_provenance",2441.253,103.39001071027548,nvml_total_energy_counter,2438.9731639907072,103.29345690392338,average_instant,103.27819672131147,nan,103.27819672131147,400.0,True,2.2798360092929215,1.000934752396194,183,24,1410.0,1410.0,1410.0,35.18032786885246,36.0,100.0,100.0,100.0,100.0,,,,,,,,,,,,
ga100,ampere,"A100/GA100 path uses warp-level HMMA m16n8k16 pairs; compare against H100/RTX3090 only with the same logical m16n16k16 workload, clock policy, and baseline subtraction",ce960f9677a1,results/fp16_full_sweep_a100_20260603_044813/raw/full5s_tensor_mma_f16acc_t160_b01_rep000_test_8d7718a3/bench.json,False,108,1,none,8.0,full5s_tensor_mma_f16acc_t160_b01,0,9682.29785156,,0,NVIDIA A100-SXM4-80GB,580.159.03,0,187.139391473,1811939328000000,tensor_core_mma_m16n16k16_f16acc,benchmark uses warp-level HMMA mma.sync m16n8k16 pairs,datacenter,GPU-736f9b27-a462-1683-4dae-8866344ef6f4,1780463446175703365,1780463436493414590,51200000,tensor_mma_f16acc,41943040,256,1,0,0,0,0,NVIDIA A100-SXM4-80GB,400.0,1360.211,143443507432,nvmlDeviceGetTotalEnergyConsumption available via CUDA PCI bus id 0000:00:06.0,143442147221,True,00000000:00:06.0,results/fp16_full_sweep_a100_20260603_044813/raw/full5s_tensor_mma_f16acc_t160_b01_rep000_test_8d7718a3/power.csv,[],80,65536,0,1,test,full5s_tensor_mma_f16acc_t160_b01_rep000_test_8d7718a3,1780463446275994697,1780463416915786007,"['nvml_timed_energy_counter', 'explicit_m16n16k16_denominator', 'strict_denominator_provenance', 'tensor_no_memory_warpsync_baseline', 'timed_kernel_memory_provenance']",fp16-energy-bench-v2,49152,108,results/fp16_full_sweep_a100_20260603_044813/raw/full5s_tensor_mma_f16acc_t160_b01_rep000_test_8d7718a3/sm_util.csv,[],True,160,False,False,False,Tensor HMMA/register baseline uses register operands and consumes registers; no intended global memory operation in the timed kernel,8,unchecked; run Nsight Compute validation separately,2,False,fp16-energy-bench-v2,"nvml_timed_energy_counter,explicit_m16n16k16_denominator,strict_denominator_provenance,tensor_no_memory_warpsync_baseline,timed_kernel_memory_provenance",1360.211,140.48444862666267,nvml_total_energy_counter,1365.4235087806176,141.02280364805765,average_instant,140.85093333333333,nan,140.85093333333333,400.0,True,-5.212508780617554,0.9961824966780655,75,10,1410.0,1410.0,1410.0,38.16,39.0,100.0,100.0,100.0,100.0,4096,12288,8192,8192,2,16,221184000000,m16n16k16,16,16,4096,16384
ga100,ampere,"A100/GA100 path uses warp-level HMMA m16n8k16 pairs; compare against H100/RTX3090 only with the same logical m16n16k16 workload, clock policy, and baseline subtraction",ce960f9677a1,results/fp16_full_sweep_a100_20260603_044813/raw/full5s_tensor_mma_f16acc_t160_b02_rep000_baseline_e0e99ec4/bench.json,False,216,2,none,8.0,full5s_tensor_mma_f16acc_t160_b02,0,11989.1894531,,0,NVIDIA A100-SXM4-80GB,580.159.03,0,0,0,baseline_or_memory,benchmark uses warp-level HMMA mma.sync m16n8k16 pairs,datacenter,GPU-736f9b27-a462-1683-4dae-8866344ef6f4,1780463461803734766,1780463449814540077,25600000,tensor_baseline_mov,41943040,256,1,0,0,0,0,NVIDIA A100-SXM4-80GB,400.0,1393.228,143445284444,nvmlDeviceGetTotalEnergyConsumption available via CUDA PCI bus id 0000:00:06.0,143443891216,True,00000000:00:06.0,results/fp16_full_sweep_a100_20260603_044813/raw/full5s_tensor_mma_f16acc_t160_b02_rep000_baseline_e0e99ec4/power.csv,[],80,65536,0,10,baseline,full5s_tensor_mma_f16acc_t160_b02_rep000_baseline_e0e99ec4,1780463461938964199,1780463447199273345,"['nvml_timed_energy_counter', 'explicit_m16n16k16_denominator', 'strict_denominator_provenance', 'tensor_no_memory_warpsync_baseline', 'timed_kernel_memory_provenance']",fp16-energy-bench-v2,49152,108,results/fp16_full_sweep_a100_20260603_044813/raw/full5s_tensor_mma_f16acc_t160_b02_rep000_baseline_e0e99ec4/sm_util.csv,[],True,160,False,False,False,Tensor HMMA/register baseline uses register operands and consumes registers; no intended global memory operation in the timed kernel,8,unchecked; run Nsight Compute validation separately,2,False,fp16-energy-bench-v2,"nvml_timed_energy_counter,explicit_m16n16k16_denominator,strict_denominator_provenance,tensor_no_memory_warpsync_baseline,timed_kernel_memory_provenance",1393.228,116.20697103853662,nvml_total_energy_counter,1398.3854115323304,116.63714267775958,average_instant,116.6305376344086,nan,116.6305376344086,400.0,True,-5.157411532330343,0.9963118811954146,93,12,1410.0,1410.0,1410.0,36.0,36.0,100.0,100.0,100.0,100.0,,,,,,,,,,,,
ga100,ampere,"A100/GA100 path uses warp-level HMMA m16n8k16 pairs; compare against H100/RTX3090 only with the same logical m16n16k16 workload, clock policy, and baseline subtraction",ce960f9677a1,results/fp16_full_sweep_a100_20260603_044813/raw/full5s_tensor_mma_f16acc_t160_b02_rep000_test_54e73d15/bench.json,False,216,2,none,8.0,full5s_tensor_mma_f16acc_t160_b02,0,8219.46386719,,0,NVIDIA A100-SXM4-80GB,580.159.03,0,220.444953257,1811939328000000,tensor_core_mma_m16n16k16_f16acc,benchmark uses warp-level HMMA mma.sync m16n8k16 pairs,datacenter,GPU-736f9b27-a462-1683-4dae-8866344ef6f4,1780463487245776845,1780463479026304899,25600000,tensor_mma_f16acc,41943040,256,1,0,0,0,0,NVIDIA A100-SXM4-80GB,400.0,1199.405,143448979900,nvmlDeviceGetTotalEnergyConsumption available via CUDA PCI bus id 0000:00:06.0,143447780495,True,00000000:00:06.0,results/fp16_full_sweep_a100_20260603_044813/raw/full5s_tensor_mma_f16acc_t160_b02_rep000_test_54e73d15/power.csv,[],80,65536,0,1,test,full5s_tensor_mma_f16acc_t160_b02_rep000_test_54e73d15,1780463487349900608,1780463462371690953,"['nvml_timed_energy_counter', 'explicit_m16n16k16_denominator', 'strict_denominator_provenance', 'tensor_no_memory_warpsync_baseline', 'timed_kernel_memory_provenance']",fp16-energy-bench-v2,49152,108,results/fp16_full_sweep_a100_20260603_044813/raw/full5s_tensor_mma_f16acc_t160_b02_rep000_test_54e73d15/sm_util.csv,[],True,160,False,False,False,Tensor HMMA/register baseline uses register operands and consumes registers; no intended global memory operation in the timed kernel,8,unchecked; run Nsight Compute validation separately,2,False,fp16-energy-bench-v2,"nvml_timed_energy_counter,explicit_m16n16k16_denominator,strict_denominator_provenance,tensor_no_memory_warpsync_baseline,timed_kernel_memory_provenance",1199.405,145.92239110733743,nvml_total_energy_counter,1205.8227457773273,146.70318892737873,average_instant,146.03890625,nan,146.03890625,400.0,True,-6.4177457773273545,0.9946777038335015,64,8,1410.0,1410.0,1410.0,38.625,40.0,99.78125,100.0,99.75,100.0,4096,12288,8192,8192,2,16,221184000000,m16n16k16,16,16,4096,16384
ga100,ampere,"A100/GA100 path uses warp-level HMMA m16n8k16 pairs; compare against H100/RTX3090 only with the same logical m16n16k16 workload, clock policy, and baseline subtraction",ce960f9677a1,results/fp16_full_sweep_a100_20260603_044813/raw/full5s_tensor_mma_f16acc_t160_b04_rep000_baseline_13161279/bench.json,False,432,4,none,8.0,full5s_tensor_mma_f16acc_t160_b04,0,6345.91455078,,0,NVIDIA A100-SXM4-80GB,580.159.03,0,0,0,baseline_or_memory,benchmark uses warp-level HMMA mma.sync m16n8k16 pairs,datacenter,GPU-736f9b27-a462-1683-4dae-8866344ef6f4,1780463495507025022,1780463489161104941,12800000,tensor_baseline_mov,41943040,256,1,0,0,0,0,NVIDIA A100-SXM4-80GB,400.0,847.594,143450047803,nvmlDeviceGetTotalEnergyConsumption available via CUDA PCI bus id 0000:00:06.0,143449200209,True,00000000:00:06.0,results/fp16_full_sweep_a100_20260603_044813/raw/full5s_tensor_mma_f16acc_t160_b04_rep000_baseline_13161279/power.csv,[],80,65536,0,10,baseline,full5s_tensor_mma_f16acc_t160_b04_rep000_baseline_13161279,1780463495601448404,1780463487610315110,"['nvml_timed_energy_counter', 'explicit_m16n16k16_denominator', 'strict_denominator_provenance', 'tensor_no_memory_warpsync_baseline', 'timed_kernel_memory_provenance']",fp16-energy-bench-v2,49152,108,results/fp16_full_sweep_a100_20260603_044813/raw/full5s_tensor_mma_f16acc_t160_b04_rep000_baseline_13161279/sm_util.csv,[],True,160,False,False,False,Tensor HMMA/register baseline uses register operands and consumes registers; no intended global memory operation in the timed kernel,8,unchecked; run Nsight Compute validation separately,2,False,fp16-energy-bench-v2,"nvml_timed_energy_counter,explicit_m16n16k16_denominator,strict_denominator_provenance,tensor_no_memory_warpsync_baseline,timed_kernel_memory_provenance",847.594,133.56518663664528,nvml_total_energy_counter,836.4069090064588,131.80230736133956,average_instant,131.8365306122449,nan,131.8365306122449,400.0,True,11.187090993541233,1.0133751776474802,49,6,1410.0,1410.0,1410.0,37.0,37.0,100.0,100.0,100.0,100.0,,,,,,,,,,,,
ga100,ampere,"A100/GA100 path uses warp-level HMMA m16n8k16 pairs; compare against H100/RTX3090 only with the same logical m16n16k16 workload, clock policy, and baseline subtraction",ce960f9677a1,results/fp16_full_sweep_a100_20260603_044813/raw/full5s_tensor_mma_f16acc_t160_b04_rep000_test_f00bbefa/bench.json,False,432,4,none,8.0,full5s_tensor_mma_f16acc_t160_b04,0,6463.74511719,,0,NVIDIA A100-SXM4-80GB,580.159.03,0,280.323449509,1811939328000000,tensor_core_mma_m16n16k16_f16acc,benchmark uses warp-level HMMA mma.sync m16n8k16 pairs,datacenter,GPU-736f9b27-a462-1683-4dae-8866344ef6f4,1780463516327868715,1780463509864103658,12800000,tensor_mma_f16acc,41943040,256,1,0,0,0,0,NVIDIA A100-SXM4-80GB,400.0,1063.353,143453332465,nvmlDeviceGetTotalEnergyConsumption available via CUDA PCI bus id 0000:00:06.0,143452269112,True,00000000:00:06.0,results/fp16_full_sweep_a100_20260603_044813/raw/full5s_tensor_mma_f16acc_t160_b04_rep000_test_f00bbefa/power.csv,[],80,65536,0,1,test,full5s_tensor_mma_f16acc_t160_b04_rep000_test_f00bbefa,1780463516422286971,1780463496725551324,"['nvml_timed_energy_counter', 'explicit_m16n16k16_denominator', 'strict_denominator_provenance', 'tensor_no_memory_warpsync_baseline', 'timed_kernel_memory_provenance']",fp16-energy-bench-v2,49152,108,results/fp16_full_sweep_a100_20260603_044813/raw/full5s_tensor_mma_f16acc_t160_b04_rep000_test_f00bbefa/sm_util.csv,[],True,160,False,False,False,Tensor HMMA/register baseline uses register operands and consumes registers; no intended global memory operation in the timed kernel,8,unchecked; run Nsight Compute validation separately,2,False,fp16-energy-bench-v2,"nvml_timed_energy_counter,explicit_m16n16k16_denominator,strict_denominator_provenance,tensor_no_memory_warpsync_baseline,timed_kernel_memory_provenance",1063.353,164.50984691165888,nvml_total_energy_counter,1061.0105012362812,164.14744222289596,average_instant,163.374,nan,163.374,400.0,True,2.3424987637188224,1.0022077997917922,50,6,1410.0,1410.0,1410.0,40.04,41.0,99.86,100.0,99.83333333333333,100.0,4096,12288,8192,8192,2,16,221184000000,m16n16k16,16,16,4096,16384
ga100,ampere,"A100/GA100 path uses warp-level HMMA m16n8k16 pairs; compare against H100/RTX3090 only with the same logical m16n16k16 workload, clock policy, and baseline subtraction",ce960f9677a1,results/fp16_full_sweep_a100_20260603_044813/raw/full5s_tensor_mma_f16acc_t160_b08_rep000_baseline_26e7b3c9/bench.json,False,864,8,none,8.0,full5s_tensor_mma_f16acc_t160_b08,0,6238.26123047,,0,NVIDIA A100-SXM4-80GB,580.159.03,0,0,0,baseline_or_memory,benchmark uses warp-level HMMA mma.sync m16n8k16 pairs,datacenter,GPU-736f9b27-a462-1683-4dae-8866344ef6f4,1780463524651766298,1780463518413466996,6400000,tensor_baseline_mov,41943040,256,1,0,0,0,0,NVIDIA A100-SXM4-80GB,400.0,842.612,143454406279,nvmlDeviceGetTotalEnergyConsumption available via CUDA PCI bus id 0000:00:06.0,143453563667,True,00000000:00:06.0,results/fp16_full_sweep_a100_20260603_044813/raw/full5s_tensor_mma_f16acc_t160_b08_rep000_baseline_26e7b3c9/power.csv,[],80,65536,0,10,baseline,full5s_tensor_mma_f16acc_t160_b08_rep000_baseline_26e7b3c9,1780463524759734349,1780463516953896134,"['nvml_timed_energy_counter', 'explicit_m16n16k16_denominator', 'strict_denominator_provenance', 'tensor_no_memory_warpsync_baseline', 'timed_kernel_memory_provenance']",fp16-energy-bench-v2,49152,108,results/fp16_full_sweep_a100_20260603_044813/raw/full5s_tensor_mma_f16acc_t160_b08_rep000_baseline_26e7b3c9/sm_util.csv,"[""Unexpected nvidia-smi dmon output: '0'""]",True,160,False,False,False,Tensor HMMA/register baseline uses register operands and consumes registers; no intended global memory operation in the timed kernel,8,unchecked; run Nsight Compute validation separately,2,False,fp16-energy-bench-v2,"nvml_timed_energy_counter,explicit_m16n16k16_denominator,strict_denominator_provenance,tensor_no_memory_warpsync_baseline,timed_kernel_memory_provenance",842.612,135.07078759909106,nvml_total_energy_counter,843.0707343357516,135.14432275884278,average_instant,135.12083333333334,nan,135.12083333333334,400.0,True,-0.4587343357516147,0.9994558768119106,48,6,1410.0,1410.0,1410.0,37.916666666666664,38.0,100.0,100.0,100.0,100.0,,,,,,,,,,,,
ga100,ampere,"A100/GA100 path uses warp-level HMMA m16n8k16 pairs; compare against H100/RTX3090 only with the same logical m16n16k16 workload, clock policy, and baseline subtraction",ce960f9677a1,results/fp16_full_sweep_a100_20260603_044813/raw/full5s_tensor_mma_f16acc_t160_b08_rep000_test_b03c3480/bench.json,False,864,8,none,8.0,full5s_tensor_mma_f16acc_t160_b08,0,6173.68066406,,0,NVIDIA A100-SXM4-80GB,580.159.03,0,293.494177395,1811939328000000,tensor_core_mma_m16n16k16_f16acc,benchmark uses warp-level HMMA mma.sync m16n8k16 pairs,datacenter,GPU-736f9b27-a462-1683-4dae-8866344ef6f4,1780463543823104172,1780463537649412917,6400000,tensor_mma_f16acc,41943040,256,1,0,0,0,0,NVIDIA A100-SXM4-80GB,400.0,1030.871,143457567744,nvmlDeviceGetTotalEnergyConsumption available via CUDA PCI bus id 0000:00:06.0,143456536873,True,00000000:00:06.0,results/fp16_full_sweep_a100_20260603_044813/raw/full5s_tensor_mma_f16acc_t160_b08_rep000_test_b03c3480/power.csv,[],80,65536,0,1,test,full5s_tensor_mma_f16acc_t160_b08_rep000_test_b03c3480,1780463543933442311,1780463525090615605,"['nvml_timed_energy_counter', 'explicit_m16n16k16_denominator', 'strict_denominator_provenance', 'tensor_no_memory_warpsync_baseline', 'timed_kernel_memory_provenance']",fp16-energy-bench-v2,49152,108,results/fp16_full_sweep_a100_20260603_044813/raw/full5s_tensor_mma_f16acc_t160_b08_rep000_test_b03c3480/sm_util.csv,[],True,160,False,False,False,Tensor HMMA/register baseline uses register operands and consumes registers; no intended global memory operation in the timed kernel,8,unchecked; run Nsight Compute validation separately,2,False,fp16-energy-bench-v2,"nvml_timed_energy_counter,explicit_m16n16k16_denominator,strict_denominator_provenance,tensor_no_memory_warpsync_baseline,timed_kernel_memory_provenance",1030.871,166.9780618143335,nvml_total_energy_counter,1038.813834276337,168.26462344306805,average_instant,167.120625,nan,167.120625,400.0,True,-7.942834276336953,0.9923539386805816,48,6,1410.0,1410.0,1410.0,40.6875,41.0,100.0,100.0,100.0,100.0,4096,12288,8192,8192,2,16,221184000000,m16n16k16,16,16,4096,16384
ga100,ampere,"A100/GA100 path uses warp-level HMMA m16n8k16 pairs; compare against H100/RTX3090 only with the same logical m16n16k16 workload, clock policy, and baseline subtraction",ce960f9677a1,results/fp16_full_sweep_a100_20260603_044813/raw/full5s_tensor_mma_f16acc_t192_b01_rep000_baseline_cad66ce8/bench.json,False,108,1,none,8.0,full5s_tensor_mma_f16acc_t192_b01,0,19676.625,,0,NVIDIA A100-SXM4-80GB,580.159.03,0,0,0,baseline_or_memory,benchmark uses warp-level HMMA mma.sync m16n8k16 pairs,datacenter,GPU-736f9b27-a462-1683-4dae-8866344ef6f4,1780463568146038433,1780463548469463411,42666667,tensor_baseline_mov,41943040,256,1,0,0,0,0,NVIDIA A100-SXM4-80GB,400.0,2070.215,143460112550,nvmlDeviceGetTotalEnergyConsumption available via CUDA PCI bus id 0000:00:06.0,143458042335,True,00000000:00:06.0,results/fp16_full_sweep_a100_20260603_044813/raw/full5s_tensor_mma_f16acc_t192_b01_rep000_baseline_cad66ce8/power.csv,[],80,65536,0,10,baseline,full5s_tensor_mma_f16acc_t192_b01_rep000_baseline_cad66ce8,1780463568287765585,1780463544316115954,"['nvml_timed_energy_counter', 'explicit_m16n16k16_denominator', 'strict_denominator_provenance', 'tensor_no_memory_warpsync_baseline', 'timed_kernel_memory_provenance']",fp16-energy-bench-v2,49152,108,results/fp16_full_sweep_a100_20260603_044813/raw/full5s_tensor_mma_f16acc_t192_b01_rep000_baseline_cad66ce8/sm_util.csv,"[""Unexpected nvidia-smi dmon output: '0'""]",True,192,False,False,False,Tensor HMMA/register baseline uses register operands and consumes registers; no intended global memory operation in the timed kernel,8,unchecked; run Nsight Compute validation separately,2,False,fp16-energy-bench-v2,"nvml_timed_energy_counter,explicit_m16n16k16_denominator,strict_denominator_provenance,tensor_no_memory_warpsync_baseline,timed_kernel_memory_provenance",2070.215,105.21216205997905,nvml_total_energy_counter,2067.0694982924197,105.05230183511453,average_instant,105.03366013071896,nan,105.03366013071896,400.0,True,3.145501707580479,1.0015217203437905,153,19,1410.0,1410.0,1410.0,35.49673202614379,36.0,100.0,100.0,100.0,100.0,,,,,,,,,,,,
ga100,ampere,"A100/GA100 path uses warp-level HMMA m16n8k16 pairs; compare against H100/RTX3090 only with the same logical m16n16k16 workload, clock policy, and baseline subtraction",ce960f9677a1,results/fp16_full_sweep_a100_20260603_044813/raw/full5s_tensor_mma_f16acc_t192_b01_rep000_test_d3ffe9fc/bench.json,False,108,1,none,8.0,full5s_tensor_mma_f16acc_t192_b01,0,8067.14550781,,0,NVIDIA A100-SXM4-80GB,580.159.03,0,224.607246814,1811939342155776,tensor_core_mma_m16n16k16_f16acc,benchmark uses warp-level HMMA mma.sync m16n8k16 pairs,datacenter,GPU-736f9b27-a462-1683-4dae-8866344ef6f4,1780463592980902345,1780463584913723720,42666667,tensor_mma_f16acc,41943040,256,1,0,0,0,0,NVIDIA A100-SXM4-80GB,400.0,1191.476,143463812692,nvmlDeviceGetTotalEnergyConsumption available via CUDA PCI bus id 0000:00:06.0,143462621216,True,00000000:00:06.0,results/fp16_full_sweep_a100_20260603_044813/raw/full5s_tensor_mma_f16acc_t192_b01_rep000_test_d3ffe9fc/power.csv,[],80,65536,0,1,test,full5s_tensor_mma_f16acc_t192_b01_rep000_test_d3ffe9fc,1780463593100293410,1780463568557094753,"['nvml_timed_energy_counter', 'explicit_m16n16k16_denominator', 'strict_denominator_provenance', 'tensor_no_memory_warpsync_baseline', 'timed_kernel_memory_provenance']",fp16-energy-bench-v2,49152,108,results/fp16_full_sweep_a100_20260603_044813/raw/full5s_tensor_mma_f16acc_t192_b01_rep000_test_d3ffe9fc/sm_util.csv,[],True,192,False,False,False,Tensor HMMA/register baseline uses register operands and consumes registers; no intended global memory operation in the timed kernel,8,unchecked; run Nsight Compute validation separately,2,False,fp16-energy-bench-v2,"nvml_timed_energy_counter,explicit_m16n16k16_denominator,strict_denominator_provenance,tensor_no_memory_warpsync_baseline,timed_kernel_memory_provenance",1191.476,147.69426281297945,nvml_total_energy_counter,1198.0660539309133,148.5111598022801,average_instant,148.3267741935484,nan,148.3267741935484,400.0,True,-6.5900539309132,0.9944994235423907,62,8,1410.0,1410.0,1410.0,38.70967741935484,39.0,100.0,100.0,100.0,100.0,4096,12288,8192,8192,2,16,221184001728,m16n16k16,16,16,4096,16384
ga100,ampere,"A100/GA100 path uses warp-level HMMA m16n8k16 pairs; compare against H100/RTX3090 only with the same logical m16n16k16 workload, clock policy, and baseline subtraction",ce960f9677a1,results/fp16_full_sweep_a100_20260603_044813/raw/full5s_tensor_mma_f16acc_t192_b02_rep000_baseline_03388b9c/bench.json,False,216,2,none,8.0,full5s_tensor_mma_f16acc_t192_b02,0,9989.52734375,,0,NVIDIA A100-SXM4-80GB,580.159.03,0,0,0,baseline_or_memory,benchmark uses warp-level HMMA mma.sync m16n8k16 pairs,datacenter,GPU-736f9b27-a462-1683-4dae-8866344ef6f4,1780463606018219454,1780463596028700490,21333333,tensor_baseline_mov,41943040,256,1,0,0,0,0,NVIDIA A100-SXM4-80GB,400.0,1166.025,143465299898,nvmlDeviceGetTotalEnergyConsumption available via CUDA PCI bus id 0000:00:06.0,143464133873,True,00000000:00:06.0,results/fp16_full_sweep_a100_20260603_044813/raw/full5s_tensor_mma_f16acc_t192_b02_rep000_baseline_03388b9c/power.csv,[],80,65536,0,10,baseline,full5s_tensor_mma_f16acc_t192_b02_rep000_baseline_03388b9c,1780463606117847107,1780463593820108777,"['nvml_timed_energy_counter', 'explicit_m16n16k16_denominator', 'strict_denominator_provenance', 'tensor_no_memory_warpsync_baseline', 'timed_kernel_memory_provenance']",fp16-energy-bench-v2,49152,108,results/fp16_full_sweep_a100_20260603_044813/raw/full5s_tensor_mma_f16acc_t192_b02_rep000_baseline_03388b9c/sm_util.csv,[],True,192,False,False,False,Tensor HMMA/register baseline uses register operands and consumes registers; no intended global memory operation in the timed kernel,8,unchecked; run Nsight Compute validation separately,2,False,fp16-energy-bench-v2,"nvml_timed_energy_counter,explicit_m16n16k16_denominator,strict_denominator_provenance,tensor_no_memory_warpsync_baseline,timed_kernel_memory_provenance",1166.025,116.72483972472492,nvml_total_energy_counter,1169.1995616544261,117.04262896621556,average_instant,117.04333333333332,nan,117.04333333333332,400.0,True,-3.174561654426043,0.9972848419050603,78,10,1410.0,1410.0,1410.0,36.01282051282051,37.0,100.0,100.0,100.0,100.0,,,,,,,,,,,,
ga100,ampere,"A100/GA100 path uses warp-level HMMA m16n8k16 pairs; compare against H100/RTX3090 only with the same logical m16n16k16 workload, clock policy, and baseline subtraction",ce960f9677a1,results/fp16_full_sweep_a100_20260603_044813/raw/full5s_tensor_mma_f16acc_t192_b02_rep000_test_aa42048c/bench.json,False,216,2,none,8.0,full5s_tensor_mma_f16acc_t192_b02,0,6849.83789062,,0,NVIDIA A100-SXM4-80GB,580.159.03,0,264.522946181,1811939299688448,tensor_core_mma_m16n16k16_f16acc,benchmark uses warp-level HMMA mma.sync m16n8k16 pairs,datacenter,GPU-736f9b27-a462-1683-4dae-8866344ef6f4,1780463627757389213,1780463620907532524,21333333,tensor_mma_f16acc,41943040,256,1,0,0,0,0,NVIDIA A100-SXM4-80GB,400.0,1098.407,143468670253,nvmlDeviceGetTotalEnergyConsumption available via CUDA PCI bus id 0000:00:06.0,143467571846,True,00000000:00:06.0,results/fp16_full_sweep_a100_20260603_044813/raw/full5s_tensor_mma_f16acc_t192_b02_rep000_test_aa42048c/power.csv,[],80,65536,0,1,test,full5s_tensor_mma_f16acc_t192_b02_rep000_test_aa42048c,1780463627881982634,1780463606989316871,"['nvml_timed_energy_counter', 'explicit_m16n16k16_denominator', 'strict_denominator_provenance', 'tensor_no_memory_warpsync_baseline', 'timed_kernel_memory_provenance']",fp16-energy-bench-v2,49152,108,results/fp16_full_sweep_a100_20260603_044813/raw/full5s_tensor_mma_f16acc_t192_b02_rep000_test_aa42048c/sm_util.csv,[],True,192,False,False,False,Tensor HMMA/register baseline uses register operands and consumes registers; no intended global memory operation in the timed kernel,8,unchecked; run Nsight Compute validation separately,2,False,fp16-energy-bench-v2,"nvml_timed_energy_counter,explicit_m16n16k16_denominator,strict_denominator_provenance,tensor_no_memory_warpsync_baseline,timed_kernel_memory_provenance",1098.407,160.35474169319514,nvml_total_energy_counter,1092.1637052842273,159.44329273897122,average_instant,158.73000000000002,nan,158.73000000000002,400.0,True,6.243294715772663,1.0057164458822112,53,7,1410.0,1410.0,1410.0,39.54716981132076,40.0,100.0,100.0,100.0,100.0,4096,12288,8192,8192,2,16,221183996544,m16n16k16,16,16,4096,16384
ga100,ampere,"A100/GA100 path uses warp-level HMMA m16n8k16 pairs; compare against H100/RTX3090 only with the same logical m16n16k16 workload, clock policy, and baseline subtraction",ce960f9677a1,results/fp16_full_sweep_a100_20260603_044813/raw/full5s_tensor_mma_f16acc_t192_b04_rep000_baseline_9aaf330a/bench.json,False,432,4,none,8.0,full5s_tensor_mma_f16acc_t192_b04,0,6166.34765625,,0,NVIDIA A100-SXM4-80GB,580.159.03,0,0,0,baseline_or_memory,benchmark uses warp-level HMMA mma.sync m16n8k16 pairs,datacenter,GPU-736f9b27-a462-1683-4dae-8866344ef6f4,1780463635857828164,1780463629691473959,10666667,tensor_baseline_mov,41943040,256,1,0,0,0,0,NVIDIA A100-SXM4-80GB,400.0,825.403,143469719827,nvmlDeviceGetTotalEnergyConsumption available via CUDA PCI bus id 0000:00:06.0,143468894424,True,00000000:00:06.0,results/fp16_full_sweep_a100_20260603_044813/raw/full5s_tensor_mma_f16acc_t192_b04_rep000_baseline_9aaf330a/power.csv,[],80,65536,0,10,baseline,full5s_tensor_mma_f16acc_t192_b04_rep000_baseline_9aaf330a,1780463635962536812,1780463628201174477,"['nvml_timed_energy_counter', 'explicit_m16n16k16_denominator', 'strict_denominator_provenance', 'tensor_no_memory_warpsync_baseline', 'timed_kernel_memory_provenance']",fp16-energy-bench-v2,49152,108,results/fp16_full_sweep_a100_20260603_044813/raw/full5s_tensor_mma_f16acc_t192_b04_rep000_baseline_9aaf330a/sm_util.csv,"[""Unexpected nvidia-smi dmon output: '0'""]",True,192,False,False,False,Tensor HMMA/register baseline uses register operands and consumes registers; no intended global memory operation in the timed kernel,8,unchecked; run Nsight Compute validation separately,2,False,fp16-energy-bench-v2,"nvml_timed_energy_counter,explicit_m16n16k16_denominator,strict_denominator_provenance,tensor_no_memory_warpsync_baseline,timed_kernel_memory_provenance",825.403,133.85591754212246,nvml_total_energy_counter,826.1450642172562,133.97625837766097,average_instant,134.10127659574468,nan,134.10127659574468,400.0,True,-0.7420642172561429,0.9991017749189615,47,6,1410.0,1410.0,1410.0,37.87234042553192,38.0,100.0,100.0,100.0,100.0,,,,,,,,,,,,
ga100,ampere,"A100/GA100 path uses warp-level HMMA m16n8k16 pairs; compare against H100/RTX3090 only with the same logical m16n16k16 workload, clock policy, and baseline subtraction",ce960f9677a1,results/fp16_full_sweep_a100_20260603_044813/raw/full5s_tensor_mma_f16acc_t192_b04_rep000_test_8f633ec6/bench.json,False,432,4,none,8.0,full5s_tensor_mma_f16acc_t192_b04,0,6363.43212891,,0,NVIDIA A100-SXM4-80GB,580.159.03,0,284.742470402,1811939384623104,tensor_core_mma_m16n16k16_f16acc,benchmark uses warp-level HMMA mma.sync m16n8k16 pairs,datacenter,GPU-736f9b27-a462-1683-4dae-8866344ef6f4,1780463655775029122,1780463649411585661,10666667,tensor_mma_f16acc,41943040,256,1,0,0,0,0,NVIDIA A100-SXM4-80GB,400.0,1048.736,143472942873,nvmlDeviceGetTotalEnergyConsumption available via CUDA PCI bus id 0000:00:06.0,143471894137,True,00000000:00:06.0,results/fp16_full_sweep_a100_20260603_044813/raw/full5s_tensor_mma_f16acc_t192_b04_rep000_test_8f633ec6/power.csv,[],80,65536,0,1,test,full5s_tensor_mma_f16acc_t192_b04_rep000_test_8f633ec6,1780463655874663140,1780463636468579063,"['nvml_timed_energy_counter', 'explicit_m16n16k16_denominator', 'strict_denominator_provenance', 'tensor_no_memory_warpsync_baseline', 'timed_kernel_memory_provenance']",fp16-energy-bench-v2,49152,108,results/fp16_full_sweep_a100_20260603_044813/raw/full5s_tensor_mma_f16acc_t192_b04_rep000_test_8f633ec6/sm_util.csv,"[""Unexpected nvidia-smi dmon output: '0'""]",True,192,False,False,False,Tensor HMMA/register baseline uses register operands and consumes registers; no intended global memory operation in the timed kernel,8,unchecked; run Nsight Compute validation separately,2,False,fp16-energy-bench-v2,"nvml_timed_energy_counter,explicit_m16n16k16_denominator,strict_denominator_provenance,tensor_no_memory_warpsync_baseline,timed_kernel_memory_provenance",1048.736,164.80636724871502,nvml_total_energy_counter,1054.0376755045797,165.63951294052046,average_instant,164.6384,nan,164.6384,400.0,True,-5.301675504579634,0.9949701271332245,50,7,1410.0,1410.0,1410.0,40.46,41.0,100.0,100.0,100.0,100.0,4096,12288,8192,8192,2,16,221184006912,m16n16k16,16,16,4096,16384
ga100,ampere,"A100/GA100 path uses warp-level HMMA m16n8k16 pairs; compare against H100/RTX3090 only with the same logical m16n16k16 workload, clock policy, and baseline subtraction",ce960f9677a1,results/fp16_full_sweep_a100_20260603_044813/raw/full5s_tensor_mma_f16acc_t192_b08_rep000_baseline_de7faac6/bench.json,False,864,8,none,8.0,full5s_tensor_mma_f16acc_t192_b08,0,5806.60107422,,0,NVIDIA A100-SXM4-80GB,580.159.03,0,0,0,baseline_or_memory,benchmark uses warp-level HMMA mma.sync m16n8k16 pairs,datacenter,GPU-736f9b27-a462-1683-4dae-8866344ef6f4,1780463663882882736,1780463658076271368,5333333,tensor_baseline_mov,41943040,256,1,0,0,0,0,NVIDIA A100-SXM4-80GB,400.0,805.007,143474006281,nvmlDeviceGetTotalEnergyConsumption available via CUDA PCI bus id 0000:00:06.0,143473201274,True,00000000:00:06.0,results/fp16_full_sweep_a100_20260603_044813/raw/full5s_tensor_mma_f16acc_t192_b08_rep000_baseline_de7faac6/power.csv,[],80,65536,0,10,baseline,full5s_tensor_mma_f16acc_t192_b08_rep000_baseline_de7faac6,1780463663985239940,1780463656706244752,"['nvml_timed_energy_counter', 'explicit_m16n16k16_denominator', 'strict_denominator_provenance', 'tensor_no_memory_warpsync_baseline', 'timed_kernel_memory_provenance']",fp16-energy-bench-v2,49152,108,results/fp16_full_sweep_a100_20260603_044813/raw/full5s_tensor_mma_f16acc_t192_b08_rep000_baseline_de7faac6/sm_util.csv,"[""Unexpected nvidia-smi dmon output: '0'""]",True,192,False,False,False,Tensor HMMA/register baseline uses register operands and consumes registers; no intended global memory operation in the timed kernel,8,unchecked; run Nsight Compute validation separately,2,False,fp16-energy-bench-v2,"nvml_timed_energy_counter,explicit_m16n16k16_denominator,strict_denominator_provenance,tensor_no_memory_warpsync_baseline,timed_kernel_memory_provenance",805.007,138.63628009209654,nvml_total_energy_counter,801.5523345867268,138.04132630677665,average_instant,137.87,nan,137.87,400.0,True,3.454665413273119,1.0043099686248862,45,6,1410.0,1410.0,1410.0,38.06666666666667,39.0,100.0,100.0,100.0,100.0,,,,,,,,,,,,
ga100,ampere,"A100/GA100 path uses warp-level HMMA m16n8k16 pairs; compare against H100/RTX3090 only with the same logical m16n16k16 workload, clock policy, and baseline subtraction",ce960f9677a1,results/fp16_full_sweep_a100_20260603_044813/raw/full5s_tensor_mma_f16acc_t192_b08_rep000_test_e7204019/bench.json,False,864,8,none,8.0,full5s_tensor_mma_f16acc_t192_b08,0,6116.67871094,,0,NVIDIA A100-SXM4-80GB,580.159.03,0,296.229261072,1811939214753792,tensor_core_mma_m16n16k16_f16acc,benchmark uses warp-level HMMA mma.sync m16n8k16 pairs,datacenter,GPU-736f9b27-a462-1683-4dae-8866344ef6f4,1780463683426551336,1780463677309866038,5333333,tensor_mma_f16acc,41943040,256,1,0,0,0,0,NVIDIA A100-SXM4-80GB,400.0,1035.486,143477200130,nvmlDeviceGetTotalEnergyConsumption available via CUDA PCI bus id 0000:00:06.0,143476164644,True,00000000:00:06.0,results/fp16_full_sweep_a100_20260603_044813/raw/full5s_tensor_mma_f16acc_t192_b08_rep000_test_e7204019/power.csv,[],80,65536,0,1,test,full5s_tensor_mma_f16acc_t192_b08_rep000_test_e7204019,1780463683519523441,1780463664862009452,"['nvml_timed_energy_counter', 'explicit_m16n16k16_denominator', 'strict_denominator_provenance', 'tensor_no_memory_warpsync_baseline', 'timed_kernel_memory_provenance']",fp16-energy-bench-v2,49152,108,results/fp16_full_sweep_a100_20260603_044813/raw/full5s_tensor_mma_f16acc_t192_b08_rep000_test_e7204019/sm_util.csv,[],True,192,False,False,False,Tensor HMMA/register baseline uses register operands and consumes registers; no intended global memory operation in the timed kernel,8,unchecked; run Nsight Compute validation separately,2,False,fp16-energy-bench-v2,"nvml_timed_energy_counter,explicit_m16n16k16_denominator,strict_denominator_provenance,tensor_no_memory_warpsync_baseline,timed_kernel_memory_provenance",1035.486,169.2887486525713,nvml_total_energy_counter,1043.2136805988516,170.5521258286667,average_instant,169.97808510638296,nan,169.97808510638296,400.0,True,-7.727680598851521,0.992592427857718,47,6,1410.0,1410.0,1410.0,40.808510638297875,41.0,100.0,100.0,100.0,100.0,4096,12288,8192,8192,2,16,221183986176,m16n16k16,16,16,4096,16384
ga100,ampere,"A100/GA100 path uses warp-level HMMA m16n8k16 pairs; compare against H100/RTX3090 only with the same logical m16n16k16 workload, clock policy, and baseline subtraction",ce960f9677a1,results/fp16_full_sweep_a100_20260603_044813/raw/full5s_tensor_mma_f16acc_t224_b01_rep000_baseline_f3a39909/bench.json,False,108,1,none,8.0,full5s_tensor_mma_f16acc_t224_b01,0,16863.2050781,,0,NVIDIA A100-SXM4-80GB,580.159.03,0,0,0,baseline_or_memory,benchmark uses warp-level HMMA mma.sync m16n8k16 pairs,datacenter,GPU-736f9b27-a462-1683-4dae-8866344ef6f4,1780463704552393823,1780463687689189847,36571429,tensor_baseline_mov,41943040,256,1,0,0,0,0,NVIDIA A100-SXM4-80GB,400.0,1802.02,143479436119,nvmlDeviceGetTotalEnergyConsumption available via CUDA PCI bus id 0000:00:06.0,143477634099,True,00000000:00:06.0,results/fp16_full_sweep_a100_20260603_044813/raw/full5s_tensor_mma_f16acc_t224_b01_rep000_baseline_f3a39909/power.csv,[],80,65536,0,10,baseline,full5s_tensor_mma_f16acc_t224_b01_rep000_baseline_f3a39909,1780463704653728920,1780463684100609776,"['nvml_timed_energy_counter', 'explicit_m16n16k16_denominator', 'strict_denominator_provenance', 'tensor_no_memory_warpsync_baseline', 'timed_kernel_memory_provenance']",fp16-energy-bench-v2,49152,108,results/fp16_full_sweep_a100_20260603_044813/raw/full5s_tensor_mma_f16acc_t224_b01_rep000_baseline_f3a39909/sm_util.csv,[],True,224,False,False,False,Tensor HMMA/register baseline uses register operands and consumes registers; no intended global memory operation in the timed kernel,8,unchecked; run Nsight Compute validation separately,2,False,fp16-energy-bench-v2,"nvml_timed_energy_counter,explicit_m16n16k16_denominator,strict_denominator_provenance,tensor_no_memory_warpsync_baseline,timed_kernel_memory_provenance",1802.02,106.86106878412107,nvml_total_energy_counter,1799.7057429797367,106.72383169539481,average_instant,106.69793893129771,nan,106.69793893129771,400.0,True,2.3142570202633124,1.001285908559936,131,17,1410.0,1410.0,1410.0,35.908396946564885,36.0,99.93893129770993,100.0,99.88235294117646,100.0,,,,,,,,,,,,
ga100,ampere,"A100/GA100 path uses warp-level HMMA m16n8k16 pairs; compare against H100/RTX3090 only with the same logical m16n16k16 workload, clock policy, and baseline subtraction",ce960f9677a1,results/fp16_full_sweep_a100_20260603_044813/raw/full5s_tensor_mma_f16acc_t224_b01_rep000_test_ef453fe0/bench.json,False,108,1,none,8.0,full5s_tensor_mma_f16acc_t224_b01,0,6914.34814453,,0,NVIDIA A100-SXM4-80GB,580.159.03,0,262.054977759,1811939349233664,tensor_core_mma_m16n16k16_f16acc,benchmark uses warp-level HMMA mma.sync m16n8k16 pairs,datacenter,GPU-736f9b27-a462-1683-4dae-8866344ef6f4,1780463726310788439,1780463719396427586,36571429,tensor_mma_f16acc,41943040,256,1,0,0,0,0,NVIDIA A100-SXM4-80GB,400.0,1097.388,143482803188,nvmlDeviceGetTotalEnergyConsumption available via CUDA PCI bus id 0000:00:06.0,143481705800,True,00000000:00:06.0,results/fp16_full_sweep_a100_20260603_044813/raw/full5s_tensor_mma_f16acc_t224_b01_rep000_test_ef453fe0/power.csv,[],80,65536,0,1,test,full5s_tensor_mma_f16acc_t224_b01_rep000_test_ef453fe0,1780463726419316838,1780463705353763014,"['nvml_timed_energy_counter', 'explicit_m16n16k16_denominator', 'strict_denominator_provenance', 'tensor_no_memory_warpsync_baseline', 'timed_kernel_memory_provenance']",fp16-energy-bench-v2,49152,108,results/fp16_full_sweep_a100_20260603_044813/raw/full5s_tensor_mma_f16acc_t224_b01_rep000_test_ef453fe0/sm_util.csv,[],True,224,False,False,False,Tensor HMMA/register baseline uses register operands and consumes registers; no intended global memory operation in the timed kernel,8,unchecked; run Nsight Compute validation separately,2,False,fp16-energy-bench-v2,"nvml_timed_energy_counter,explicit_m16n16k16_denominator,strict_denominator_provenance,tensor_no_memory_warpsync_baseline,timed_kernel_memory_provenance",1097.388,158.71141575202367,nvml_total_energy_counter,1097.361021728834,158.70751397834718,average_instant,158.42666666666668,nan,158.42666666666668,400.0,True,0.026978271165944534,1.0000245846814602,54,6,1410.0,1410.0,1410.0,39.68518518518518,40.0,99.87037037037037,100.0,99.83333333333333,100.0,4096,12288,8192,8192,2,16,221184002592,m16n16k16,16,16,4096,16384
ga100,ampere,"A100/GA100 path uses warp-level HMMA m16n8k16 pairs; compare against H100/RTX3090 only with the same logical m16n16k16 workload, clock policy, and baseline subtraction",ce960f9677a1,results/fp16_full_sweep_a100_20260603_044813/raw/full5s_tensor_mma_f16acc_t224_b02_rep000_baseline_92c130be/bench.json,False,216,2,none,8.0,full5s_tensor_mma_f16acc_t224_b02,0,8561.53320312,,0,NVIDIA A100-SXM4-80GB,580.159.03,0,0,0,baseline_or_memory,benchmark uses warp-level HMMA mma.sync m16n8k16 pairs,datacenter,GPU-736f9b27-a462-1683-4dae-8866344ef6f4,1780463737049961193,1780463728488432694,18285714,tensor_baseline_mov,41943040,256,1,0,0,0,0,NVIDIA A100-SXM4-80GB,400.0,1038.216,143484082762,nvmlDeviceGetTotalEnergyConsumption available via CUDA PCI bus id 0000:00:06.0,143483044546,True,00000000:00:06.0,results/fp16_full_sweep_a100_20260603_044813/raw/full5s_tensor_mma_f16acc_t224_b02_rep000_baseline_92c130be/power.csv,[],80,65536,0,10,baseline,full5s_tensor_mma_f16acc_t224_b02_rep000_baseline_92c130be,1780463737154475575,1780463726565159175,"['nvml_timed_energy_counter', 'explicit_m16n16k16_denominator', 'strict_denominator_provenance', 'tensor_no_memory_warpsync_baseline', 'timed_kernel_memory_provenance']",fp16-energy-bench-v2,49152,108,results/fp16_full_sweep_a100_20260603_044813/raw/full5s_tensor_mma_f16acc_t224_b02_rep000_baseline_92c130be/sm_util.csv,[],True,224,False,False,False,Tensor HMMA/register baseline uses register operands and consumes registers; no intended global memory operation in the timed kernel,8,unchecked; run Nsight Compute validation separately,2,False,fp16-energy-bench-v2,"nvml_timed_energy_counter,explicit_m16n16k16_denominator,strict_denominator_provenance,tensor_no_memory_warpsync_baseline,timed_kernel_memory_provenance",1038.216,121.26526240276665,nvml_total_energy_counter,1042.0261874003907,121.71029828635167,average_instant,121.6880303030303,nan,121.6880303030303,400.0,True,-3.8101874003907596,0.9963434821058612,66,9,1410.0,1410.0,1410.0,37.0,37.0,100.0,100.0,100.0,100.0,,,,,,,,,,,,
ga100,ampere,"A100/GA100 path uses warp-level HMMA m16n8k16 pairs; compare against H100/RTX3090 only with the same logical m16n16k16 workload, clock policy, and baseline subtraction",ce960f9677a1,results/fp16_full_sweep_a100_20260603_044813/raw/full5s_tensor_mma_f16acc_t224_b02_rep000_test_4e562c73/bench.json,False,216,2,none,8.0,full5s_tensor_mma_f16acc_t224_b02,0,6811.00878906,,0,NVIDIA A100-SXM4-80GB,580.159.03,0,266.030973649,1811939299688448,tensor_core_mma_m16n16k16_f16acc,benchmark uses warp-level HMMA mma.sync m16n8k16 pairs,datacenter,GPU-736f9b27-a462-1683-4dae-8866344ef6f4,1780463758358367168,1780463751547355643,18285714,tensor_mma_f16acc,41943040,256,1,0,0,0,0,NVIDIA A100-SXM4-80GB,400.0,1082.96,143487431745,nvmlDeviceGetTotalEnergyConsumption available via CUDA PCI bus id 0000:00:06.0,143486348785,True,00000000:00:06.0,results/fp16_full_sweep_a100_20260603_044813/raw/full5s_tensor_mma_f16acc_t224_b02_rep000_test_4e562c73/power.csv,[],80,65536,0,1,test,full5s_tensor_mma_f16acc_t224_b02_rep000_test_4e562c73,1780463758468851806,1780463737709748031,"['nvml_timed_energy_counter', 'explicit_m16n16k16_denominator', 'strict_denominator_provenance', 'tensor_no_memory_warpsync_baseline', 'timed_kernel_memory_provenance']",fp16-energy-bench-v2,49152,108,results/fp16_full_sweep_a100_20260603_044813/raw/full5s_tensor_mma_f16acc_t224_b02_rep000_test_4e562c73/sm_util.csv,[],True,224,False,False,False,Tensor HMMA/register baseline uses register operands and consumes registers; no intended global memory operation in the timed kernel,8,unchecked; run Nsight Compute validation separately,2,False,fp16-energy-bench-v2,"nvml_timed_energy_counter,explicit_m16n16k16_denominator,strict_denominator_provenance,tensor_no_memory_warpsync_baseline,timed_kernel_memory_provenance",1082.96,159.00134598582991,nvml_total_energy_counter,1094.3792838043632,160.67793745281665,average_instant,160.30735849056606,nan,160.30735849056606,400.0,True,-11.419283804363204,0.989565515380859,53,7,1410.0,1410.0,1410.0,40.0,41.0,100.0,100.0,100.0,100.0,4096,12288,8192,8192,2,16,221183996544,m16n16k16,16,16,4096,16384
ga100,ampere,"A100/GA100 path uses warp-level HMMA m16n8k16 pairs; compare against H100/RTX3090 only with the same logical m16n16k16 workload, clock policy, and baseline subtraction",ce960f9677a1,results/fp16_full_sweep_a100_20260603_044813/raw/full5s_tensor_mma_f16acc_t224_b04_rep000_baseline_8a8b0872/bench.json,False,432,4,none,8.0,full5s_tensor_mma_f16acc_t224_b04,0,6636.50390625,,0,NVIDIA A100-SXM4-80GB,580.159.03,0,0,0,baseline_or_memory,benchmark uses warp-level HMMA mma.sync m16n8k16 pairs,datacenter,GPU-736f9b27-a462-1683-4dae-8866344ef6f4,1780463767122360580,1780463760485821067,9142857,tensor_baseline_mov,41943040,256,1,0,0,0,0,NVIDIA A100-SXM4-80GB,400.0,877.381,143488552531,nvmlDeviceGetTotalEnergyConsumption available via CUDA PCI bus id 0000:00:06.0,143487675150,True,00000000:00:06.0,results/fp16_full_sweep_a100_20260603_044813/raw/full5s_tensor_mma_f16acc_t224_b04_rep000_baseline_8a8b0872/power.csv,[],80,65536,0,10,baseline,full5s_tensor_mma_f16acc_t224_b04_rep000_baseline_8a8b0872,1780463767232218416,1780463758947308484,"['nvml_timed_energy_counter', 'explicit_m16n16k16_denominator', 'strict_denominator_provenance', 'tensor_no_memory_warpsync_baseline', 'timed_kernel_memory_provenance']",fp16-energy-bench-v2,49152,108,results/fp16_full_sweep_a100_20260603_044813/raw/full5s_tensor_mma_f16acc_t224_b04_rep000_baseline_8a8b0872/sm_util.csv,[],True,224,False,False,False,Tensor HMMA/register baseline uses register operands and consumes registers; no intended global memory operation in the timed kernel,8,unchecked; run Nsight Compute validation separately,2,False,fp16-energy-bench-v2,"nvml_timed_energy_counter,explicit_m16n16k16_denominator,strict_denominator_provenance,tensor_no_memory_warpsync_baseline,timed_kernel_memory_provenance",877.381,132.2045922097413,nvml_total_energy_counter,883.1607103795186,133.07548439205965,average_instant,132.66745098039215,nan,132.66745098039215,400.0,True,-5.779710379518633,0.9934556527350102,51,7,1410.0,1410.0,1410.0,37.8235294117647,38.0,100.0,100.0,100.0,100.0,,,,,,,,,,,,
ga100,ampere,"A100/GA100 path uses warp-level HMMA m16n8k16 pairs; compare against H100/RTX3090 only with the same logical m16n16k16 workload, clock policy, and baseline subtraction",ce960f9677a1,results/fp16_full_sweep_a100_20260603_044813/raw/full5s_tensor_mma_f16acc_t224_b04_rep000_test_a0060cf0/bench.json,False,432,4,none,8.0,full5s_tensor_mma_f16acc_t224_b04,0,6291.13134766,,0,NVIDIA A100-SXM4-80GB,580.159.03,0,288.014857672,1811939299688448,tensor_core_mma_m16n16k16_f16acc,benchmark uses warp-level HMMA mma.sync m16n8k16 pairs,datacenter,GPU-736f9b27-a462-1683-4dae-8866344ef6f4,1780463787150956431,1780463780859816431,9142857,tensor_mma_f16acc,41943040,256,1,0,0,0,0,NVIDIA A100-SXM4-80GB,400.0,1055.829,143491807618,nvmlDeviceGetTotalEnergyConsumption available via CUDA PCI bus id 0000:00:06.0,143490751789,True,00000000:00:06.0,results/fp16_full_sweep_a100_20260603_044813/raw/full5s_tensor_mma_f16acc_t224_b04_rep000_test_a0060cf0/power.csv,[],80,65536,0,1,test,full5s_tensor_mma_f16acc_t224_b04_rep000_test_a0060cf0,1780463787256213281,1780463768065274425,"['nvml_timed_energy_counter', 'explicit_m16n16k16_denominator', 'strict_denominator_provenance', 'tensor_no_memory_warpsync_baseline', 'timed_kernel_memory_provenance']",fp16-energy-bench-v2,49152,108,results/fp16_full_sweep_a100_20260603_044813/raw/full5s_tensor_mma_f16acc_t224_b04_rep000_test_a0060cf0/sm_util.csv,"[""Unexpected nvidia-smi dmon output: '0'""]",True,224,False,False,False,Tensor HMMA/register baseline uses register operands and consumes registers; no intended global memory operation in the timed kernel,8,unchecked; run Nsight Compute validation separately,2,False,fp16-energy-bench-v2,"nvml_timed_energy_counter,explicit_m16n16k16_denominator,strict_denominator_provenance,tensor_no_memory_warpsync_baseline,timed_kernel_memory_provenance",1055.829,167.82792943727208,nvml_total_energy_counter,1054.1240772360459,167.55692565036637,average_instant,166.86102040816326,nan,166.86102040816326,400.0,True,1.7049227639540732,1.0016173833809245,49,7,1410.0,1410.0,1410.0,40.673469387755105,41.0,99.87755102040816,100.0,99.85714285714286,100.0,4096,12288,8192,8192,2,16,221183996544,m16n16k16,16,16,4096,16384
ga100,ampere,"A100/GA100 path uses warp-level HMMA m16n8k16 pairs; compare against H100/RTX3090 only with the same logical m16n16k16 workload, clock policy, and baseline subtraction",ce960f9677a1,results/fp16_full_sweep_a100_20260603_044813/raw/full5s_tensor_mma_f16acc_t224_b08_rep000_baseline_eb102b6e/bench.json,False,864,8,none,8.0,full5s_tensor_mma_f16acc_t224_b08,0,5908.08496094,,0,NVIDIA A100-SXM4-80GB,580.159.03,0,0,0,baseline_or_memory,benchmark uses warp-level HMMA mma.sync m16n8k16 pairs,datacenter,GPU-736f9b27-a462-1683-4dae-8866344ef6f4,1780463795684805006,1780463789776711805,4571429,tensor_baseline_mov,41943040,256,1,0,0,0,0,NVIDIA A100-SXM4-80GB,400.0,813.365,143492906075,nvmlDeviceGetTotalEnergyConsumption available via CUDA PCI bus id 0000:00:06.0,143492092710,True,00000000:00:06.0,results/fp16_full_sweep_a100_20260603_044813/raw/full5s_tensor_mma_f16acc_t224_b08_rep000_baseline_eb102b6e/power.csv,[],80,65536,0,10,baseline,full5s_tensor_mma_f16acc_t224_b08_rep000_baseline_eb102b6e,1780463795784597723,1780463788385926590,"['nvml_timed_energy_counter', 'explicit_m16n16k16_denominator', 'strict_denominator_provenance', 'tensor_no_memory_warpsync_baseline', 'timed_kernel_memory_provenance']",fp16-energy-bench-v2,49152,108,results/fp16_full_sweep_a100_20260603_044813/raw/full5s_tensor_mma_f16acc_t224_b08_rep000_baseline_eb102b6e/sm_util.csv,[],True,224,False,False,False,Tensor HMMA/register baseline uses register operands and consumes registers; no intended global memory operation in the timed kernel,8,unchecked; run Nsight Compute validation separately,2,False,fp16-energy-bench-v2,"nvml_timed_energy_counter,explicit_m16n16k16_denominator,strict_denominator_provenance,tensor_no_memory_warpsync_baseline,timed_kernel_memory_provenance",813.365,137.66962915587223,nvml_total_energy_counter,805.2195718722547,136.2909393060969,average_instant,136.29152173913045,nan,136.29152173913045,400.0,True,8.145428127745276,1.0101157850756235,46,6,1410.0,1410.0,1410.0,38.28260869565217,39.0,100.0,100.0,100.0,100.0,,,,,,,,,,,,
ga100,ampere,"A100/GA100 path uses warp-level HMMA m16n8k16 pairs; compare against H100/RTX3090 only with the same logical m16n16k16 workload, clock policy, and baseline subtraction",ce960f9677a1,results/fp16_full_sweep_a100_20260603_044813/raw/full5s_tensor_mma_f16acc_t224_b08_rep000_test_54e8b853/bench.json,False,864,8,none,8.0,full5s_tensor_mma_f16acc_t224_b08,0,6081.98779297,,0,NVIDIA A100-SXM4-80GB,580.159.03,0,297.918963265,1811939497869312,tensor_core_mma_m16n16k16_f16acc,benchmark uses warp-level HMMA mma.sync m16n8k16 pairs,datacenter,GPU-736f9b27-a462-1683-4dae-8866344ef6f4,1780463814966820089,1780463808884822627,4571429,tensor_mma_f16acc,41943040,256,1,0,0,0,0,NVIDIA A100-SXM4-80GB,400.0,1030.573,143496089471,nvmlDeviceGetTotalEnergyConsumption available via CUDA PCI bus id 0000:00:06.0,143495058898,True,00000000:00:06.0,results/fp16_full_sweep_a100_20260603_044813/raw/full5s_tensor_mma_f16acc_t224_b08_rep000_test_54e8b853/power.csv,[],80,65536,0,1,test,full5s_tensor_mma_f16acc_t224_b08_rep000_test_54e8b853,1780463815076801677,1780463796502547066,"['nvml_timed_energy_counter', 'explicit_m16n16k16_denominator', 'strict_denominator_provenance', 'tensor_no_memory_warpsync_baseline', 'timed_kernel_memory_provenance']",fp16-energy-bench-v2,49152,108,results/fp16_full_sweep_a100_20260603_044813/raw/full5s_tensor_mma_f16acc_t224_b08_rep000_test_54e8b853/sm_util.csv,[],True,224,False,False,False,Tensor HMMA/register baseline uses register operands and consumes registers; no intended global memory operation in the timed kernel,8,unchecked; run Nsight Compute validation separately,2,False,fp16-energy-bench-v2,"nvml_timed_energy_counter,explicit_m16n16k16_denominator,strict_denominator_provenance,tensor_no_memory_warpsync_baseline,timed_kernel_memory_provenance",1030.573,169.44646992027964,nvml_total_energy_counter,1042.7571347162639,171.4497812982257,average_instant,170.23744680851064,nan,170.23744680851064,400.0,True,-12.18413471626377,0.9883154626224839,47,6,1410.0,1410.0,1410.0,40.91489361702128,41.0,100.0,100.0,100.0,100.0,4096,12288,8192,8192,2,16,221184020736,m16n16k16,16,16,4096,16384
ga100,ampere,"A100/GA100 path uses warp-level HMMA m16n8k16 pairs; compare against H100/RTX3090 only with the same logical m16n16k16 workload, clock policy, and baseline subtraction",ce960f9677a1,results/fp16_full_sweep_a100_20260603_044813/raw/full5s_tensor_mma_f16acc_t288_b01_rep000_baseline_2d0bb083/bench.json,False,108,1,none,8.0,full5s_tensor_mma_f16acc_t288_b01,0,13117.8271484,,0,NVIDIA A100-SXM4-80GB,580.159.03,0,0,0,baseline_or_memory,benchmark uses warp-level HMMA mma.sync m16n8k16 pairs,datacenter,GPU-736f9b27-a462-1683-4dae-8866344ef6f4,1780463831849753123,1780463818731912407,28444444,tensor_baseline_mov,41943040,256,1,0,0,0,0,NVIDIA A100-SXM4-80GB,400.0,1454.481,143497941375,nvmlDeviceGetTotalEnergyConsumption available via CUDA PCI bus id 0000:00:06.0,143496486894,True,00000000:00:06.0,results/fp16_full_sweep_a100_20260603_044813/raw/full5s_tensor_mma_f16acc_t288_b01_rep000_baseline_2d0bb083/power.csv,[],80,65536,0,10,baseline,full5s_tensor_mma_f16acc_t288_b01_rep000_baseline_2d0bb083,1780463831959799270,1780463815897051630,"['nvml_timed_energy_counter', 'explicit_m16n16k16_denominator', 'strict_denominator_provenance', 'tensor_no_memory_warpsync_baseline', 'timed_kernel_memory_provenance']",fp16-energy-bench-v2,49152,108,results/fp16_full_sweep_a100_20260603_044813/raw/full5s_tensor_mma_f16acc_t288_b01_rep000_baseline_2d0bb083/sm_util.csv,[],True,288,False,False,False,Tensor HMMA/register baseline uses register operands and consumes registers; no intended global memory operation in the timed kernel,8,unchecked; run Nsight Compute validation separately,2,False,fp16-energy-bench-v2,"nvml_timed_energy_counter,explicit_m16n16k16_denominator,strict_denominator_provenance,tensor_no_memory_warpsync_baseline,timed_kernel_memory_provenance",1454.481,110.87808058424972,nvml_total_energy_counter,1461.9070805883582,111.44418599360269,average_instant,111.44470588235295,nan,111.44470588235295,400.0,True,-7.426080588358218,0.9949202786641067,102,13,1410.0,1410.0,1410.0,36.372549019607845,37.0,100.0,100.0,100.0,100.0,,,,,,,,,,,,
ga100,ampere,"A100/GA100 path uses warp-level HMMA m16n8k16 pairs; compare against H100/RTX3090 only with the same logical m16n16k16 workload, clock policy, and baseline subtraction",ce960f9677a1,results/fp16_full_sweep_a100_20260603_044813/raw/full5s_tensor_mma_f16acc_t288_b01_rep000_test_698204c7/bench.json,False,108,1,none,8.0,full5s_tensor_mma_f16acc_t288_b01,0,7879.9453125,,0,NVIDIA A100-SXM4-80GB,580.159.03,0,229.943131308,1811939299688448,tensor_core_mma_m16n16k16_f16acc,benchmark uses warp-level HMMA mma.sync m16n8k16 pairs,datacenter,GPU-736f9b27-a462-1683-4dae-8866344ef6f4,1780463856921289757,1780463849041336444,28444444,tensor_mma_f16acc,41943040,256,1,0,0,0,0,NVIDIA A100-SXM4-80GB,400.0,1201.892,143501650679,nvmlDeviceGetTotalEnergyConsumption available via CUDA PCI bus id 0000:00:06.0,143500448787,True,00000000:00:06.0,results/fp16_full_sweep_a100_20260603_044813/raw/full5s_tensor_mma_f16acc_t288_b01_rep000_test_698204c7/power.csv,[],80,65536,0,1,test,full5s_tensor_mma_f16acc_t288_b01_rep000_test_698204c7,1780463857035337197,1780463833079302946,"['nvml_timed_energy_counter', 'explicit_m16n16k16_denominator', 'strict_denominator_provenance', 'tensor_no_memory_warpsync_baseline', 'timed_kernel_memory_provenance']",fp16-energy-bench-v2,49152,108,results/fp16_full_sweep_a100_20260603_044813/raw/full5s_tensor_mma_f16acc_t288_b01_rep000_test_698204c7/sm_util.csv,[],True,288,False,False,False,Tensor HMMA/register baseline uses register operands and consumes registers; no intended global memory operation in the timed kernel,8,unchecked; run Nsight Compute validation separately,2,False,fp16-energy-bench-v2,"nvml_timed_energy_counter,explicit_m16n16k16_denominator,strict_denominator_provenance,tensor_no_memory_warpsync_baseline,timed_kernel_memory_provenance",1201.892,152.52526915574126,nvml_total_energy_counter,1202.9364140564787,152.657809795894,average_instant,152.34278688524589,nan,152.34278688524589,400.0,True,-1.0444140564786721,0.9991317794986713,61,8,1410.0,1410.0,1410.0,39.34426229508197,41.0,100.0,100.0,100.0,100.0,4096,12288,8192,8192,2,16,221183996544,m16n16k16,16,16,4096,16384
ga100,ampere,"A100/GA100 path uses warp-level HMMA m16n8k16 pairs; compare against H100/RTX3090 only with the same logical m16n16k16 workload, clock policy, and baseline subtraction",ce960f9677a1,results/fp16_full_sweep_a100_20260603_044813/raw/full5s_tensor_mma_f16acc_t288_b02_rep000_baseline_a3a6e461/bench.json,False,216,2,none,8.0,full5s_tensor_mma_f16acc_t288_b02,0,6960.35449219,,0,NVIDIA A100-SXM4-80GB,580.159.03,0,0,0,baseline_or_memory,benchmark uses warp-level HMMA mma.sync m16n8k16 pairs,datacenter,GPU-736f9b27-a462-1683-4dae-8866344ef6f4,1780463865919163000,1780463858958803498,14222222,tensor_baseline_mov,41943040,256,1,0,0,0,0,NVIDIA A100-SXM4-80GB,400.0,885.954,143502767263,nvmlDeviceGetTotalEnergyConsumption available via CUDA PCI bus id 0000:00:06.0,143501881309,True,00000000:00:06.0,results/fp16_full_sweep_a100_20260603_044813/raw/full5s_tensor_mma_f16acc_t288_b02_rep000_baseline_a3a6e461/power.csv,[],80,65536,0,10,baseline,full5s_tensor_mma_f16acc_t288_b02_rep000_baseline_a3a6e461,1780463866021454840,1780463857354327619,"['nvml_timed_energy_counter', 'explicit_m16n16k16_denominator', 'strict_denominator_provenance', 'tensor_no_memory_warpsync_baseline', 'timed_kernel_memory_provenance']",fp16-energy-bench-v2,49152,108,results/fp16_full_sweep_a100_20260603_044813/raw/full5s_tensor_mma_f16acc_t288_b02_rep000_baseline_a3a6e461/sm_util.csv,[],True,288,False,False,False,Tensor HMMA/register baseline uses register operands and consumes registers; no intended global memory operation in the timed kernel,8,unchecked; run Nsight Compute validation separately,2,False,fp16-energy-bench-v2,"nvml_timed_energy_counter,explicit_m16n16k16_denominator,strict_denominator_provenance,tensor_no_memory_warpsync_baseline,timed_kernel_memory_provenance",885.954,127.28566674543586,nvml_total_energy_counter,886.9140854412889,127.42360293120515,average_instant,127.45462962962964,nan,127.45462962962964,400.0,True,-0.9600854412889248,0.9989174989358622,54,7,1410.0,1410.0,1410.0,37.01851851851852,38.0,99.0925925925926,100.0,99.71428571428571,100.0,,,,,,,,,,,,
ga100,ampere,"A100/GA100 path uses warp-level HMMA m16n8k16 pairs; compare against H100/RTX3090 only with the same logical m16n16k16 workload, clock policy, and baseline subtraction",ce960f9677a1,results/fp16_full_sweep_a100_20260603_044813/raw/full5s_tensor_mma_f16acc_t288_b02_rep000_test_6848b782/bench.json,False,216,2,none,8.0,full5s_tensor_mma_f16acc_t288_b02,0,6606.35253906,,0,NVIDIA A100-SXM4-80GB,580.159.03,0,274.272268846,1811939299688448,tensor_core_mma_m16n16k16_f16acc,benchmark uses warp-level HMMA mma.sync m16n8k16 pairs,datacenter,GPU-736f9b27-a462-1683-4dae-8866344ef6f4,1780463886545430788,1780463879939071652,14222222,tensor_mma_f16acc,41943040,256,1,0,0,0,0,NVIDIA A100-SXM4-80GB,400.0,1076.483,143506083055,nvmlDeviceGetTotalEnergyConsumption available via CUDA PCI bus id 0000:00:06.0,143505006572,True,00000000:00:06.0,results/fp16_full_sweep_a100_20260603_044813/raw/full5s_tensor_mma_f16acc_t288_b02_rep000_test_6848b782/power.csv,[],80,65536,0,1,test,full5s_tensor_mma_f16acc_t288_b02_rep000_test_6848b782,1780463886643848104,1780463866515919987,"['nvml_timed_energy_counter', 'explicit_m16n16k16_denominator', 'strict_denominator_provenance', 'tensor_no_memory_warpsync_baseline', 'timed_kernel_memory_provenance']",fp16-energy-bench-v2,49152,108,results/fp16_full_sweep_a100_20260603_044813/raw/full5s_tensor_mma_f16acc_t288_b02_rep000_test_6848b782/sm_util.csv,[],True,288,False,False,False,Tensor HMMA/register baseline uses register operands and consumes registers; no intended global memory operation in the timed kernel,8,unchecked; run Nsight Compute validation separately,2,False,fp16-energy-bench-v2,"nvml_timed_energy_counter,explicit_m16n16k16_denominator,strict_denominator_provenance,tensor_no_memory_warpsync_baseline,timed_kernel_memory_provenance",1076.483,162.94648502136775,nvml_total_energy_counter,1085.132789422034,164.2557976463655,average_instant,163.31921568627453,nan,163.31921568627453,400.0,True,-8.649789422034019,0.9920288194160632,51,6,1410.0,1410.0,1410.0,40.490196078431374,41.0,100.0,100.0,100.0,100.0,4096,12288,8192,8192,2,16,221183996544,m16n16k16,16,16,4096,16384
ga100,ampere,"A100/GA100 path uses warp-level HMMA m16n8k16 pairs; compare against H100/RTX3090 only with the same logical m16n16k16 workload, clock policy, and baseline subtraction",ce960f9677a1,results/fp16_full_sweep_a100_20260603_044813/raw/full5s_tensor_mma_f16acc_t288_b04_rep000_baseline_70f79980/bench.json,False,432,4,none,8.0,full5s_tensor_mma_f16acc_t288_b04,0,6570.43359375,,0,NVIDIA A100-SXM4-80GB,580.159.03,0,0,0,baseline_or_memory,benchmark uses warp-level HMMA mma.sync m16n8k16 pairs,datacenter,GPU-736f9b27-a462-1683-4dae-8866344ef6f4,1780463895864710871,1780463889294271129,7111111,tensor_baseline_mov,41943040,256,1,0,0,0,0,NVIDIA A100-SXM4-80GB,400.0,874.617,143507261997,nvmlDeviceGetTotalEnergyConsumption available via CUDA PCI bus id 0000:00:06.0,143506387380,True,00000000:00:06.0,results/fp16_full_sweep_a100_20260603_044813/raw/full5s_tensor_mma_f16acc_t288_b04_rep000_baseline_70f79980/power.csv,[],80,65536,0,10,baseline,full5s_tensor_mma_f16acc_t288_b04_rep000_baseline_70f79980,1780463895963752419,1780463887764523431,"['nvml_timed_energy_counter', 'explicit_m16n16k16_denominator', 'strict_denominator_provenance', 'tensor_no_memory_warpsync_baseline', 'timed_kernel_memory_provenance']",fp16-energy-bench-v2,49152,108,results/fp16_full_sweep_a100_20260603_044813/raw/full5s_tensor_mma_f16acc_t288_b04_rep000_baseline_70f79980/sm_util.csv,[],True,288,False,False,False,Tensor HMMA/register baseline uses register operands and consumes registers; no intended global memory operation in the timed kernel,8,unchecked; run Nsight Compute validation separately,2,False,fp16-energy-bench-v2,"nvml_timed_energy_counter,explicit_m16n16k16_denominator,strict_denominator_provenance,tensor_no_memory_warpsync_baseline,timed_kernel_memory_provenance",874.617,133.11392149435832,nvml_total_energy_counter,879.3106988234126,133.82828750450668,average_instant,133.2892156862745,nan,133.2892156862745,400.0,True,-4.69369882341266,0.9946620701537088,51,7,1410.0,1410.0,1410.0,37.88235294117647,38.0,97.29411764705883,100.0,99.85714285714286,100.0,,,,,,,,,,,,
ga100,ampere,"A100/GA100 path uses warp-level HMMA m16n8k16 pairs; compare against H100/RTX3090 only with the same logical m16n16k16 workload, clock policy, and baseline subtraction",ce960f9677a1,results/fp16_full_sweep_a100_20260603_044813/raw/full5s_tensor_mma_f16acc_t288_b04_rep000_test_bd58f634/bench.json,False,432,4,none,8.0,full5s_tensor_mma_f16acc_t288_b04,0,5913.69824219,,0,NVIDIA A100-SXM4-80GB,580.159.03,0,306.396982985,1811939299688448,tensor_core_mma_m16n16k16_f16acc,benchmark uses warp-level HMMA mma.sync m16n8k16 pairs,datacenter,GPU-736f9b27-a462-1683-4dae-8866344ef6f4,1780463914849417596,1780463908935704102,7111111,tensor_mma_f16acc,41943040,256,1,0,0,0,0,NVIDIA A100-SXM4-80GB,400.0,1027.806,143510440762,nvmlDeviceGetTotalEnergyConsumption available via CUDA PCI bus id 0000:00:06.0,143509412956,True,00000000:00:06.0,results/fp16_full_sweep_a100_20260603_044813/raw/full5s_tensor_mma_f16acc_t288_b04_rep000_test_bd58f634/power.csv,[],80,65536,0,1,test,full5s_tensor_mma_f16acc_t288_b04_rep000_test_bd58f634,1780463914960167780,1780463896895505402,"['nvml_timed_energy_counter', 'explicit_m16n16k16_denominator', 'strict_denominator_provenance', 'tensor_no_memory_warpsync_baseline', 'timed_kernel_memory_provenance']",fp16-energy-bench-v2,49152,108,results/fp16_full_sweep_a100_20260603_044813/raw/full5s_tensor_mma_f16acc_t288_b04_rep000_test_bd58f634/sm_util.csv,[],True,288,False,False,False,Tensor HMMA/register baseline uses register operands and consumes registers; no intended global memory operation in the timed kernel,8,unchecked; run Nsight Compute validation separately,2,False,fp16-energy-bench-v2,"nvml_timed_energy_counter,explicit_m16n16k16_denominator,strict_denominator_provenance,tensor_no_memory_warpsync_baseline,timed_kernel_memory_provenance",1027.806,173.80043876707973,nvml_total_energy_counter,1026.6706524915621,173.60845322202587,average_instant,173.31195652173915,nan,173.31195652173915,400.0,True,1.135347508437917,1.0011058536695119,46,5,1410.0,1410.0,1410.0,40.97826086956522,41.0,100.0,100.0,100.0,100.0,4096,12288,8192,8192,2,16,221183996544,m16n16k16,16,16,4096,16384
ga100,ampere,"A100/GA100 path uses warp-level HMMA m16n8k16 pairs; compare against H100/RTX3090 only with the same logical m16n16k16 workload, clock policy, and baseline subtraction",ce960f9677a1,results/fp16_full_sweep_a100_20260603_044813/raw/full5s_tensor_mma_f16acc_t288_b08_rep000_baseline_b0945d53/bench.json,False,864,8,none,8.0,full5s_tensor_mma_f16acc_t288_b08,0,5570.59912109,,0,NVIDIA A100-SXM4-80GB,580.159.03,0,0,0,baseline_or_memory,benchmark uses warp-level HMMA mma.sync m16n8k16 pairs,datacenter,GPU-736f9b27-a462-1683-4dae-8866344ef6f4,1780463923175829995,1780463917605210923,3555556,tensor_baseline_mov,41943040,256,1,0,0,0,0,NVIDIA A100-SXM4-80GB,400.0,788.59,143511521829,nvmlDeviceGetTotalEnergyConsumption available via CUDA PCI bus id 0000:00:06.0,143510733239,True,00000000:00:06.0,results/fp16_full_sweep_a100_20260603_044813/raw/full5s_tensor_mma_f16acc_t288_b08_rep000_baseline_b0945d53/power.csv,[],80,65536,0,10,baseline,full5s_tensor_mma_f16acc_t288_b08_rep000_baseline_b0945d53,1780463923273107043,1780463916280892407,"['nvml_timed_energy_counter', 'explicit_m16n16k16_denominator', 'strict_denominator_provenance', 'tensor_no_memory_warpsync_baseline', 'timed_kernel_memory_provenance']",fp16-energy-bench-v2,49152,108,results/fp16_full_sweep_a100_20260603_044813/raw/full5s_tensor_mma_f16acc_t288_b08_rep000_baseline_b0945d53/sm_util.csv,"[""Unexpected nvidia-smi dmon output: '0'""]",True,288,False,False,False,Tensor HMMA/register baseline uses register operands and consumes registers; no intended global memory operation in the timed kernel,8,unchecked; run Nsight Compute validation separately,2,False,fp16-energy-bench-v2,"nvml_timed_energy_counter,explicit_m16n16k16_denominator,strict_denominator_provenance,tensor_no_memory_warpsync_baseline,timed_kernel_memory_provenance",788.59,141.56236314267946,nvml_total_energy_counter,780.5895148907783,140.12616996453968,average_instant,139.68295454545455,nan,139.68295454545455,400.0,True,8.0004851092217,1.0102492859007224,44,5,1410.0,1410.0,1410.0,38.79545454545455,39.0,100.0,100.0,100.0,100.0,,,,,,,,,,,,
ga100,ampere,"A100/GA100 path uses warp-level HMMA m16n8k16 pairs; compare against H100/RTX3090 only with the same logical m16n16k16 workload, clock policy, and baseline subtraction",ce960f9677a1,results/fp16_full_sweep_a100_20260603_044813/raw/full5s_tensor_mma_f16acc_t288_b08_rep000_test_a9d13857/bench.json,False,864,8,none,8.0,full5s_tensor_mma_f16acc_t288_b08,0,5893.64941406,,0,NVIDIA A100-SXM4-80GB,580.159.03,0,307.439317678,1811939554492416,tensor_core_mma_m16n16k16_f16acc,benchmark uses warp-level HMMA mma.sync m16n8k16 pairs,datacenter,GPU-736f9b27-a462-1683-4dae-8866344ef6f4,1780463942300529135,1780463936406864865,3555556,tensor_mma_f16acc,41943040,256,1,0,0,0,0,NVIDIA A100-SXM4-80GB,400.0,1031.755,143514712372,nvmlDeviceGetTotalEnergyConsumption available via CUDA PCI bus id 0000:00:06.0,143513680617,True,00000000:00:06.0,results/fp16_full_sweep_a100_20260603_044813/raw/full5s_tensor_mma_f16acc_t288_b08_rep000_test_a9d13857/power.csv,[],80,65536,0,1,test,full5s_tensor_mma_f16acc_t288_b08_rep000_test_a9d13857,1780463942413650335,1780463924406634055,"['nvml_timed_energy_counter', 'explicit_m16n16k16_denominator', 'strict_denominator_provenance', 'tensor_no_memory_warpsync_baseline', 'timed_kernel_memory_provenance']",fp16-energy-bench-v2,49152,108,results/fp16_full_sweep_a100_20260603_044813/raw/full5s_tensor_mma_f16acc_t288_b08_rep000_test_a9d13857/sm_util.csv,[],True,288,False,False,False,Tensor HMMA/register baseline uses register operands and consumes registers; no intended global memory operation in the timed kernel,8,unchecked; run Nsight Compute validation separately,2,False,fp16-energy-bench-v2,"nvml_timed_energy_counter,explicit_m16n16k16_denominator,strict_denominator_provenance,tensor_no_memory_warpsync_baseline,timed_kernel_memory_provenance",1031.755,175.06171928588665,nvml_total_energy_counter,1026.7586570199562,174.213971136153,average_instant,174.02108695652174,nan,174.02108695652174,400.0,True,4.996342980043892,1.004866131827459,46,6,1410.0,1410.0,1410.0,41.0,41.0,100.0,100.0,100.0,100.0,4096,12288,8192,8192,2,16,221184027648,m16n16k16,16,16,4096,16384
ga100,ampere,"A100/GA100 path uses warp-level HMMA m16n8k16 pairs; compare against H100/RTX3090 only with the same logical m16n16k16 workload, clock policy, and baseline subtraction",ce960f9677a1,results/fp16_full_sweep_a100_20260603_044813/raw/full5s_tensor_mma_f16acc_t320_b01_rep000_baseline_54dce92e/bench.json,False,108,1,none,8.0,full5s_tensor_mma_f16acc_t320_b01,0,11806.1513672,,0,NVIDIA A100-SXM4-80GB,580.159.03,0,0,0,baseline_or_memory,benchmark uses warp-level HMMA mma.sync m16n8k16 pairs,datacenter,GPU-736f9b27-a462-1683-4dae-8866344ef6f4,1780463958182762710,1780463946376594651,25600000,tensor_baseline_mov,41943040,256,1,0,0,0,0,NVIDIA A100-SXM4-80GB,400.0,1346.324,143516469415,nvmlDeviceGetTotalEnergyConsumption available via CUDA PCI bus id 0000:00:06.0,143515123091,True,00000000:00:06.0,results/fp16_full_sweep_a100_20260603_044813/raw/full5s_tensor_mma_f16acc_t320_b01_rep000_baseline_54dce92e/power.csv,[],80,65536,0,10,baseline,full5s_tensor_mma_f16acc_t320_b01_rep000_baseline_54dce92e,1780463958292868316,1780463943797174884,"['nvml_timed_energy_counter', 'explicit_m16n16k16_denominator', 'strict_denominator_provenance', 'tensor_no_memory_warpsync_baseline', 'timed_kernel_memory_provenance']",fp16-energy-bench-v2,49152,108,results/fp16_full_sweep_a100_20260603_044813/raw/full5s_tensor_mma_f16acc_t320_b01_rep000_baseline_54dce92e/sm_util.csv,[],True,320,False,False,False,Tensor HMMA/register baseline uses register operands and consumes registers; no intended global memory operation in the timed kernel,8,unchecked; run Nsight Compute validation separately,2,False,fp16-energy-bench-v2,"nvml_timed_energy_counter,explicit_m16n16k16_denominator,strict_denominator_provenance,tensor_no_memory_warpsync_baseline,timed_kernel_memory_provenance",1346.324,114.03564588204208,nvml_total_energy_counter,1340.0469483716008,113.50397027002043,average_instant,113.49296703296704,nan,113.49296703296704,400.0,True,6.277051628399249,1.0046842027706768,91,12,1410.0,1410.0,1410.0,36.714285714285715,37.0,99.95604395604396,100.0,99.91666666666667,100.0,,,,,,,,,,,,
ga100,ampere,"A100/GA100 path uses warp-level HMMA m16n8k16 pairs; compare against H100/RTX3090 only with the same logical m16n16k16 workload, clock policy, and baseline subtraction",ce960f9677a1,results/fp16_full_sweep_a100_20260603_044813/raw/full5s_tensor_mma_f16acc_t320_b01_rep000_test_ec02c144/bench.json,False,108,1,none,8.0,full5s_tensor_mma_f16acc_t320_b01,0,7090.96337891,,0,NVIDIA A100-SXM4-80GB,580.159.03,0,255.527948909,1811939328000000,tensor_core_mma_m16n16k16_f16acc,benchmark uses warp-level HMMA mma.sync m16n8k16 pairs,datacenter,GPU-736f9b27-a462-1683-4dae-8866344ef6f4,1780463980564398305,1780463973473423806,25600000,tensor_mma_f16acc,41943040,256,1,0,0,0,0,NVIDIA A100-SXM4-80GB,400.0,1120.537,143519934648,nvmlDeviceGetTotalEnergyConsumption available via CUDA PCI bus id 0000:00:06.0,143518814111,True,00000000:00:06.0,results/fp16_full_sweep_a100_20260603_044813/raw/full5s_tensor_mma_f16acc_t320_b01_rep000_test_ec02c144/power.csv,[],80,65536,0,1,test,full5s_tensor_mma_f16acc_t320_b01_rep000_test_ec02c144,1780463980692241416,1780463958962825195,"['nvml_timed_energy_counter', 'explicit_m16n16k16_denominator', 'strict_denominator_provenance', 'tensor_no_memory_warpsync_baseline', 'timed_kernel_memory_provenance']",fp16-energy-bench-v2,49152,108,results/fp16_full_sweep_a100_20260603_044813/raw/full5s_tensor_mma_f16acc_t320_b01_rep000_test_ec02c144/sm_util.csv,[],True,320,False,False,False,Tensor HMMA/register baseline uses register operands and consumes registers; no intended global memory operation in the timed kernel,8,unchecked; run Nsight Compute validation separately,2,False,fp16-energy-bench-v2,"nvml_timed_energy_counter,explicit_m16n16k16_denominator,strict_denominator_provenance,tensor_no_memory_warpsync_baseline,timed_kernel_memory_provenance",1120.537,158.0229910794381,nvml_total_energy_counter,1129.2198725079195,159.24748744579,average_instant,158.47854545454544,nan,158.47854545454544,400.0,True,-8.682872507919456,0.992310733525584,55,7,1410.0,1410.0,1410.0,40.14545454545455,41.0,99.89090909090909,100.0,99.85714285714286,100.0,4096,12288,8192,8192,2,16,221184000000,m16n16k16,16,16,4096,16384
ga100,ampere,"A100/GA100 path uses warp-level HMMA m16n8k16 pairs; compare against H100/RTX3090 only with the same logical m16n16k16 workload, clock policy, and baseline subtraction",ce960f9677a1,results/fp16_full_sweep_a100_20260603_044813/raw/full5s_tensor_mma_f16acc_t320_b02_rep000_baseline_d96c3f2f/bench.json,False,216,2,none,8.0,full5s_tensor_mma_f16acc_t320_b02,0,6264.32617188,,0,NVIDIA A100-SXM4-80GB,580.159.03,0,0,0,baseline_or_memory,benchmark uses warp-level HMMA mma.sync m16n8k16 pairs,datacenter,GPU-736f9b27-a462-1683-4dae-8866344ef6f4,1780463989158300757,1780463982893961797,12800000,tensor_baseline_mov,41943040,256,1,0,0,0,0,NVIDIA A100-SXM4-80GB,400.0,829.785,143521017465,nvmlDeviceGetTotalEnergyConsumption available via CUDA PCI bus id 0000:00:06.0,143520187680,True,00000000:00:06.0,results/fp16_full_sweep_a100_20260603_044813/raw/full5s_tensor_mma_f16acc_t320_b02_rep000_baseline_d96c3f2f/power.csv,[],80,65536,0,10,baseline,full5s_tensor_mma_f16acc_t320_b02_rep000_baseline_d96c3f2f,1780463989289109202,1780463981425355322,"['nvml_timed_energy_counter', 'explicit_m16n16k16_denominator', 'strict_denominator_provenance', 'tensor_no_memory_warpsync_baseline', 'timed_kernel_memory_provenance']",fp16-energy-bench-v2,49152,108,results/fp16_full_sweep_a100_20260603_044813/raw/full5s_tensor_mma_f16acc_t320_b02_rep000_baseline_d96c3f2f/sm_util.csv,[],True,320,False,False,False,Tensor HMMA/register baseline uses register operands and consumes registers; no intended global memory operation in the timed kernel,8,unchecked; run Nsight Compute validation separately,2,False,fp16-energy-bench-v2,"nvml_timed_energy_counter,explicit_m16n16k16_denominator,strict_denominator_provenance,tensor_no_memory_warpsync_baseline,timed_kernel_memory_provenance",829.785,132.46170191275857,nvml_total_energy_counter,821.7806519924733,131.18393772109567,average_instant,131.20416666666668,nan,131.20416666666668,400.0,True,8.004348007526687,1.0097402487976803,48,6,1410.0,1410.0,1410.0,37.958333333333336,38.0,100.0,100.0,100.0,100.0,,,,,,,,,,,,
ga100,ampere,"A100/GA100 path uses warp-level HMMA m16n8k16 pairs; compare against H100/RTX3090 only with the same logical m16n16k16 workload, clock policy, and baseline subtraction",ce960f9677a1,results/fp16_full_sweep_a100_20260603_044813/raw/full5s_tensor_mma_f16acc_t320_b02_rep000_test_87e95fdb/bench.json,False,216,2,none,8.0,full5s_tensor_mma_f16acc_t320_b02,0,5943.97509766,,0,NVIDIA A100-SXM4-80GB,580.159.03,0,304.836291914,1811939328000000,tensor_core_mma_m16n16k16_f16acc,benchmark uses warp-level HMMA mma.sync m16n8k16 pairs,datacenter,GPU-736f9b27-a462-1683-4dae-8866344ef6f4,1780464007691569150,1780464001747583702,12800000,tensor_mma_f16acc,41943040,256,1,0,0,0,0,NVIDIA A100-SXM4-80GB,400.0,1026.121,143524153284,nvmlDeviceGetTotalEnergyConsumption available via CUDA PCI bus id 0000:00:06.0,143523127163,True,00000000:00:06.0,results/fp16_full_sweep_a100_20260603_044813/raw/full5s_tensor_mma_f16acc_t320_b02_rep000_test_87e95fdb/power.csv,[],80,65536,0,1,test,full5s_tensor_mma_f16acc_t320_b02_rep000_test_87e95fdb,1780464007790543066,1780463989557768528,"['nvml_timed_energy_counter', 'explicit_m16n16k16_denominator', 'strict_denominator_provenance', 'tensor_no_memory_warpsync_baseline', 'timed_kernel_memory_provenance']",fp16-energy-bench-v2,49152,108,results/fp16_full_sweep_a100_20260603_044813/raw/full5s_tensor_mma_f16acc_t320_b02_rep000_test_87e95fdb/sm_util.csv,[],True,320,False,False,False,Tensor HMMA/register baseline uses register operands and consumes registers; no intended global memory operation in the timed kernel,8,unchecked; run Nsight Compute validation separately,2,False,fp16-energy-bench-v2,"nvml_timed_energy_counter,explicit_m16n16k16_denominator,strict_denominator_provenance,tensor_no_memory_warpsync_baseline,timed_kernel_memory_provenance",1026.121,172.6318156356294,nvml_total_energy_counter,1031.3881627350556,173.5179488169998,average_instant,173.14021739130433,nan,173.14021739130433,400.0,True,-5.2671627350555354,0.9948931324545282,46,6,1410.0,1410.0,1410.0,40.97826086956522,41.0,99.91304347826087,100.0,100.0,100.0,4096,12288,8192,8192,2,16,221184000000,m16n16k16,16,16,4096,16384
ga100,ampere,"A100/GA100 path uses warp-level HMMA m16n8k16 pairs; compare against H100/RTX3090 only with the same logical m16n16k16 workload, clock policy, and baseline subtraction",ce960f9677a1,results/fp16_full_sweep_a100_20260603_044813/raw/full5s_tensor_mma_f16acc_t320_b04_rep000_baseline_d789148e/bench.json,False,432,4,none,8.0,full5s_tensor_mma_f16acc_t320_b04,0,6204.97900391,,0,NVIDIA A100-SXM4-80GB,580.159.03,0,0,0,baseline_or_memory,benchmark uses warp-level HMMA mma.sync m16n8k16 pairs,datacenter,GPU-736f9b27-a462-1683-4dae-8866344ef6f4,1780464016582755754,1780464010377741314,6400000,tensor_baseline_mov,41943040,256,1,0,0,0,0,NVIDIA A100-SXM4-80GB,400.0,843.109,143525292726,nvmlDeviceGetTotalEnergyConsumption available via CUDA PCI bus id 0000:00:06.0,143524449617,True,00000000:00:06.0,results/fp16_full_sweep_a100_20260603_044813/raw/full5s_tensor_mma_f16acc_t320_b04_rep000_baseline_d789148e/power.csv,[],80,65536,0,10,baseline,full5s_tensor_mma_f16acc_t320_b04_rep000_baseline_d789148e,1780464016696989463,1780464008923607047,"['nvml_timed_energy_counter', 'explicit_m16n16k16_denominator', 'strict_denominator_provenance', 'tensor_no_memory_warpsync_baseline', 'timed_kernel_memory_provenance']",fp16-energy-bench-v2,49152,108,results/fp16_full_sweep_a100_20260603_044813/raw/full5s_tensor_mma_f16acc_t320_b04_rep000_baseline_d789148e/sm_util.csv,[],True,320,False,False,False,Tensor HMMA/register baseline uses register operands and consumes registers; no intended global memory operation in the timed kernel,8,unchecked; run Nsight Compute validation separately,2,False,fp16-energy-bench-v2,"nvml_timed_energy_counter,explicit_m16n16k16_denominator,strict_denominator_provenance,tensor_no_memory_warpsync_baseline,timed_kernel_memory_provenance",843.109,135.87542916338484,nvml_total_energy_counter,841.719702868112,135.6515300660786,average_instant,135.30854166666668,nan,135.30854166666668,400.0,True,1.3892971318880427,1.001650546051321,48,6,1410.0,1410.0,1410.0,38.4375,39.0,100.0,100.0,100.0,100.0,,,,,,,,,,,,
ga100,ampere,"A100/GA100 path uses warp-level HMMA m16n8k16 pairs; compare against H100/RTX3090 only with the same logical m16n16k16 workload, clock policy, and baseline subtraction",ce960f9677a1,results/fp16_full_sweep_a100_20260603_044813/raw/full5s_tensor_mma_f16acc_t320_b04_rep000_test_ee24324c/bench.json,False,432,4,none,8.0,full5s_tensor_mma_f16acc_t320_b04,0,5908.67675781,,0,NVIDIA A100-SXM4-80GB,580.159.03,0,306.657379015,1811939328000000,tensor_core_mma_m16n16k16_f16acc,benchmark uses warp-level HMMA mma.sync m16n8k16 pairs,datacenter,GPU-736f9b27-a462-1683-4dae-8866344ef6f4,1780464034989134916,1780464029080432762,6400000,tensor_mma_f16acc,41943040,256,1,0,0,0,0,NVIDIA A100-SXM4-80GB,400.0,1029.938,143528427928,nvmlDeviceGetTotalEnergyConsumption available via CUDA PCI bus id 0000:00:06.0,143527397990,True,00000000:00:06.0,results/fp16_full_sweep_a100_20260603_044813/raw/full5s_tensor_mma_f16acc_t320_b04_rep000_test_ee24324c/power.csv,[],80,65536,0,1,test,full5s_tensor_mma_f16acc_t320_b04_rep000_test_ee24324c,1780464035110538384,1780464017043870083,"['nvml_timed_energy_counter', 'explicit_m16n16k16_denominator', 'strict_denominator_provenance', 'tensor_no_memory_warpsync_baseline', 'timed_kernel_memory_provenance']",fp16-energy-bench-v2,49152,108,results/fp16_full_sweep_a100_20260603_044813/raw/full5s_tensor_mma_f16acc_t320_b04_rep000_test_ee24324c/sm_util.csv,[],True,320,False,False,False,Tensor HMMA/register baseline uses register operands and consumes registers; no intended global memory operation in the timed kernel,8,unchecked; run Nsight Compute validation separately,2,False,fp16-energy-bench-v2,"nvml_timed_energy_counter,explicit_m16n16k16_denominator,strict_denominator_provenance,tensor_no_memory_warpsync_baseline,timed_kernel_memory_provenance",1029.938,174.3086676492511,nvml_total_energy_counter,1028.3455069449155,174.0391510932327,average_instant,173.67413043478263,nan,173.67413043478263,400.0,True,1.5924930550845602,1.001548597280126,46,5,1410.0,1410.0,1410.0,41.04347826086956,42.0,100.0,100.0,100.0,100.0,4096,12288,8192,8192,2,16,221184000000,m16n16k16,16,16,4096,16384
ga100,ampere,"A100/GA100 path uses warp-level HMMA m16n8k16 pairs; compare against H100/RTX3090 only with the same logical m16n16k16 workload, clock policy, and baseline subtraction",ce960f9677a1,results/fp16_full_sweep_a100_20260603_044813/raw/full5s_tensor_mma_f16acc_t320_b08_rep000_baseline_5a9a297b/bench.json,False,864,8,none,8.0,full5s_tensor_mma_f16acc_t320_b08,0,5458.89794922,,0,NVIDIA A100-SXM4-80GB,580.159.03,0,0,0,baseline_or_memory,benchmark uses warp-level HMMA mma.sync m16n8k16 pairs,datacenter,GPU-736f9b27-a462-1683-4dae-8866344ef6f4,1780464043009934931,1780464037551024518,3200000,tensor_baseline_mov,41943040,256,1,0,0,0,0,NVIDIA A100-SXM4-80GB,400.0,765.355,143529468242,nvmlDeviceGetTotalEnergyConsumption available via CUDA PCI bus id 0000:00:06.0,143528702887,True,00000000:00:06.0,results/fp16_full_sweep_a100_20260603_044813/raw/full5s_tensor_mma_f16acc_t320_b08_rep000_baseline_5a9a297b/power.csv,[],80,65536,0,10,baseline,full5s_tensor_mma_f16acc_t320_b08_rep000_baseline_5a9a297b,1780464043116189246,1780464036244343491,"['nvml_timed_energy_counter', 'explicit_m16n16k16_denominator', 'strict_denominator_provenance', 'tensor_no_memory_warpsync_baseline', 'timed_kernel_memory_provenance']",fp16-energy-bench-v2,49152,108,results/fp16_full_sweep_a100_20260603_044813/raw/full5s_tensor_mma_f16acc_t320_b08_rep000_baseline_5a9a297b/sm_util.csv,[],True,320,False,False,False,Tensor HMMA/register baseline uses register operands and consumes registers; no intended global memory operation in the timed kernel,8,unchecked; run Nsight Compute validation separately,2,False,fp16-energy-bench-v2,"nvml_timed_energy_counter,explicit_m16n16k16_denominator,strict_denominator_provenance,tensor_no_memory_warpsync_baseline,timed_kernel_memory_provenance",765.355,140.20288704085755,nvml_total_energy_counter,762.8461436738745,139.74329783049959,average_instant,139.2341860465116,nan,139.2341860465116,400.0,True,2.5088563261255103,1.003288810393722,43,5,1410.0,1410.0,1410.0,38.93023255813954,39.0,100.0,100.0,100.0,100.0,,,,,,,,,,,,
ga100,ampere,"A100/GA100 path uses warp-level HMMA m16n8k16 pairs; compare against H100/RTX3090 only with the same logical m16n16k16 workload, clock policy, and baseline subtraction",ce960f9677a1,results/fp16_full_sweep_a100_20260603_044813/raw/full5s_tensor_mma_f16acc_t320_b08_rep000_test_ac96d6a8/bench.json,False,864,8,none,8.0,full5s_tensor_mma_f16acc_t320_b08,0,5891.28710938,,0,NVIDIA A100-SXM4-80GB,580.159.03,0,307.562557105,1811939328000000,tensor_core_mma_m16n16k16_f16acc,benchmark uses warp-level HMMA mma.sync m16n8k16 pairs,datacenter,GPU-736f9b27-a462-1683-4dae-8866344ef6f4,1780464061248755507,1780464055357456892,3200000,tensor_mma_f16acc,41943040,256,1,0,0,0,0,NVIDIA A100-SXM4-80GB,400.0,1034.108,143532602414,nvmlDeviceGetTotalEnergyConsumption available via CUDA PCI bus id 0000:00:06.0,143531568306,True,00000000:00:06.0,results/fp16_full_sweep_a100_20260603_044813/raw/full5s_tensor_mma_f16acc_t320_b08_rep000_test_ac96d6a8/power.csv,[],80,65536,0,1,test,full5s_tensor_mma_f16acc_t320_b08_rep000_test_ac96d6a8,1780464061369802123,1780464043364683634,"['nvml_timed_energy_counter', 'explicit_m16n16k16_denominator', 'strict_denominator_provenance', 'tensor_no_memory_warpsync_baseline', 'timed_kernel_memory_provenance']",fp16-energy-bench-v2,49152,108,results/fp16_full_sweep_a100_20260603_044813/raw/full5s_tensor_mma_f16acc_t320_b08_rep000_test_ac96d6a8/sm_util.csv,[],True,320,False,False,False,Tensor HMMA/register baseline uses register operands and consumes registers; no intended global memory operation in the timed kernel,8,unchecked; run Nsight Compute validation separately,2,False,fp16-energy-bench-v2,"nvml_timed_energy_counter,explicit_m16n16k16_denominator,strict_denominator_provenance,tensor_no_memory_warpsync_baseline,timed_kernel_memory_provenance",1034.108,175.53141804203042,nvml_total_energy_counter,1028.352642127765,174.5544928769096,average_instant,174.37065217391304,nan,174.37065217391304,400.0,True,5.755357872234981,1.0055966772840945,46,6,1410.0,1410.0,1410.0,41.76086956521739,42.0,100.0,100.0,100.0,100.0,4096,12288,8192,8192,2,16,221184000000,m16n16k16,16,16,4096,16384
ga100,ampere,"A100/GA100 path uses warp-level HMMA m16n8k16 pairs; compare against H100/RTX3090 only with the same logical m16n16k16 workload, clock policy, and baseline subtraction",ce960f9677a1,results/fp16_full_sweep_a100_20260603_044813/raw/full5s_tensor_mma_f16acc_t160_b08_rep000_baseline_a92e3cd3/bench.json,False,864,8,none,8.0,full5s_tensor_mma_f16acc_t160_b08,0,6248.03320312,,0,NVIDIA A100-SXM4-80GB,580.159.03,0,0,0,baseline_or_memory,benchmark uses warp-level HMMA mma.sync m16n8k16 pairs,datacenter,GPU-736f9b27-a462-1683-4dae-8866344ef6f4,1780464339167455440,1780464332919404430,6400000,tensor_baseline_mov,41943040,256,1,0,0,0,0,NVIDIA A100-SXM4-80GB,400.0,859.977,143552059663,nvmlDeviceGetTotalEnergyConsumption available via CUDA PCI bus id 0000:00:06.0,143551199686,True,00000000:00:06.0,results/fp16_full_sweep_a100_20260603_044813/raw/full5s_tensor_mma_f16acc_t160_b08_rep000_baseline_a92e3cd3/power.csv,[],80,65536,0,10,baseline,full5s_tensor_mma_f16acc_t160_b08_rep000_baseline_a92e3cd3,1780464339300032735,1780464331398186498,"['nvml_timed_energy_counter', 'explicit_m16n16k16_denominator', 'strict_denominator_provenance', 'tensor_no_memory_warpsync_baseline', 'timed_kernel_memory_provenance']",fp16-energy-bench-v2,49152,108,results/fp16_full_sweep_a100_20260603_044813/raw/full5s_tensor_mma_f16acc_t160_b08_rep000_baseline_a92e3cd3/sm_util.csv,[],True,160,False,False,False,Tensor HMMA/register baseline uses register operands and consumes registers; no intended global memory operation in the timed kernel,8,unchecked; run Nsight Compute validation separately,2,False,fp16-energy-bench-v2,"nvml_timed_energy_counter,explicit_m16n16k16_denominator,strict_denominator_provenance,tensor_no_memory_warpsync_baseline,timed_kernel_memory_provenance",859.977,137.63924120075325,nvml_total_energy_counter,863.8133578434952,138.25324992721133,average_instant,138.17770833333333,nan,138.17770833333333,400.0,True,-3.8363578434951933,0.9955588116244548,48,6,1410.0,1410.0,1410.0,35.208333333333336,36.0,99.75,100.0,99.66666666666667,100.0,,,,,,,,,,,,
ga100,ampere,"A100/GA100 path uses warp-level HMMA m16n8k16 pairs; compare against H100/RTX3090 only with the same logical m16n16k16 workload, clock policy, and baseline subtraction",ce960f9677a1,results/fp16_full_sweep_a100_20260603_044813/raw/full5s_tensor_mma_f16acc_t160_b08_rep000_test_d0b2669f/bench.json,False,864,8,none,8.0,full5s_tensor_mma_f16acc_t160_b08,0,6177.32714844,,0,NVIDIA A100-SXM4-80GB,580.159.03,0,293.320927395,1811939328000000,tensor_core_mma_m16n16k16_f16acc,benchmark uses warp-level HMMA mma.sync m16n8k16 pairs,datacenter,GPU-736f9b27-a462-1683-4dae-8866344ef6f4,1780464359265359656,1780464353088031804,6400000,tensor_mma_f16acc,41943040,256,1,0,0,0,0,NVIDIA A100-SXM4-80GB,400.0,1035.589,143555326365,nvmlDeviceGetTotalEnergyConsumption available via CUDA PCI bus id 0000:00:06.0,143554290776,True,00000000:00:06.0,results/fp16_full_sweep_a100_20260603_044813/raw/full5s_tensor_mma_f16acc_t160_b08_rep000_test_d0b2669f/power.csv,[],80,65536,0,1,test,full5s_tensor_mma_f16acc_t160_b08_rep000_test_d0b2669f,1780464359368995654,1780464340521084765,"['nvml_timed_energy_counter', 'explicit_m16n16k16_denominator', 'strict_denominator_provenance', 'tensor_no_memory_warpsync_baseline', 'timed_kernel_memory_provenance']",fp16-energy-bench-v2,49152,108,results/fp16_full_sweep_a100_20260603_044813/raw/full5s_tensor_mma_f16acc_t160_b08_rep000_test_d0b2669f/sm_util.csv,[],True,160,False,False,False,Tensor HMMA/register baseline uses register operands and consumes registers; no intended global memory operation in the timed kernel,8,unchecked; run Nsight Compute validation separately,2,False,fp16-energy-bench-v2,"nvml_timed_energy_counter,explicit_m16n16k16_denominator,strict_denominator_provenance,tensor_no_memory_warpsync_baseline,timed_kernel_memory_provenance",1035.589,167.6435223791324,nvml_total_energy_counter,1034.320821327464,167.43822670713317,average_instant,166.79833333333335,nan,166.79833333333335,400.0,True,1.2681786725358961,1.0012260979827403,48,6,1410.0,1410.0,1410.0,39.458333333333336,40.0,99.85416666666667,100.0,99.83333333333333,100.0,4096,12288,8192,8192,2,16,221184000000,m16n16k16,16,16,4096,16384
ga100,ampere,"A100/GA100 path uses warp-level HMMA m16n8k16 pairs; compare against H100/RTX3090 only with the same logical m16n16k16 workload, clock policy, and baseline subtraction",ce960f9677a1,results/fp16_full_sweep_a100_20260603_044813/raw/full5s_tensor_mma_f16acc_t192_b04_rep000_baseline_01e433a7/bench.json,False,432,4,none,8.0,full5s_tensor_mma_f16acc_t192_b04,0,6100.33642578,,0,NVIDIA A100-SXM4-80GB,580.159.03,0,0,0,baseline_or_memory,benchmark uses warp-level HMMA mma.sync m16n8k16 pairs,datacenter,GPU-736f9b27-a462-1683-4dae-8866344ef6f4,1780464367258443022,1780464361158103169,10666667,tensor_baseline_mov,41943040,256,1,0,0,0,0,NVIDIA A100-SXM4-80GB,400.0,815.832,143556365408,nvmlDeviceGetTotalEnergyConsumption available via CUDA PCI bus id 0000:00:06.0,143555549576,True,00000000:00:06.0,results/fp16_full_sweep_a100_20260603_044813/raw/full5s_tensor_mma_f16acc_t192_b04_rep000_baseline_01e433a7/power.csv,[],80,65536,0,10,baseline,full5s_tensor_mma_f16acc_t192_b04_rep000_baseline_01e433a7,1780464367385103666,1780464359742634954,"['nvml_timed_energy_counter', 'explicit_m16n16k16_denominator', 'strict_denominator_provenance', 'tensor_no_memory_warpsync_baseline', 'timed_kernel_memory_provenance']",fp16-energy-bench-v2,49152,108,results/fp16_full_sweep_a100_20260603_044813/raw/full5s_tensor_mma_f16acc_t192_b04_rep000_baseline_01e433a7/sm_util.csv,[],True,192,False,False,False,Tensor HMMA/register baseline uses register operands and consumes registers; no intended global memory operation in the timed kernel,8,unchecked; run Nsight Compute validation separately,2,False,fp16-energy-bench-v2,"nvml_timed_energy_counter,explicit_m16n16k16_denominator,strict_denominator_provenance,tensor_no_memory_warpsync_baseline,timed_kernel_memory_provenance",815.832,133.73549993264612,nvml_total_energy_counter,819.7380572783698,134.37580151788467,average_instant,133.71787234042552,nan,133.71787234042552,400.0,True,-3.906057278369758,0.9952349933692985,47,6,1410.0,1410.0,1410.0,37.319148936170215,38.0,100.0,100.0,100.0,100.0,,,,,,,,,,,,
ga100,ampere,"A100/GA100 path uses warp-level HMMA m16n8k16 pairs; compare against H100/RTX3090 only with the same logical m16n16k16 workload, clock policy, and baseline subtraction",ce960f9677a1,results/fp16_full_sweep_a100_20260603_044813/raw/full5s_tensor_mma_f16acc_t192_b04_rep000_test_eb4bc396/bench.json,False,432,4,none,8.0,full5s_tensor_mma_f16acc_t192_b04,0,6365.55664062,,0,NVIDIA A100-SXM4-80GB,580.159.03,0,284.647437281,1811939384623104,tensor_core_mma_m16n16k16_f16acc,benchmark uses warp-level HMMA mma.sync m16n8k16 pairs,datacenter,GPU-736f9b27-a462-1683-4dae-8866344ef6f4,1780464387177206092,1780464380811612885,10666667,tensor_mma_f16acc,41943040,256,1,0,0,0,0,NVIDIA A100-SXM4-80GB,400.0,1046.54,143559578470,nvmlDeviceGetTotalEnergyConsumption available via CUDA PCI bus id 0000:00:06.0,143558531930,True,00000000:00:06.0,results/fp16_full_sweep_a100_20260603_044813/raw/full5s_tensor_mma_f16acc_t192_b04_rep000_test_eb4bc396/power.csv,[],80,65536,0,1,test,full5s_tensor_mma_f16acc_t192_b04_rep000_test_eb4bc396,1780464387283883156,1780464367868464150,"['nvml_timed_energy_counter', 'explicit_m16n16k16_denominator', 'strict_denominator_provenance', 'tensor_no_memory_warpsync_baseline', 'timed_kernel_memory_provenance']",fp16-energy-bench-v2,49152,108,results/fp16_full_sweep_a100_20260603_044813/raw/full5s_tensor_mma_f16acc_t192_b04_rep000_test_eb4bc396/sm_util.csv,[],True,192,False,False,False,Tensor HMMA/register baseline uses register operands and consumes registers; no intended global memory operation in the timed kernel,8,unchecked; run Nsight Compute validation separately,2,False,fp16-energy-bench-v2,"nvml_timed_energy_counter,explicit_m16n16k16_denominator,strict_denominator_provenance,tensor_no_memory_warpsync_baseline,timed_kernel_memory_provenance",1046.54,164.405730301641,nvml_total_energy_counter,1055.891527838846,165.87480435880232,average_instant,165.3712244897959,nan,165.3712244897959,400.0,True,-9.351527838846096,0.9911434767755108,49,7,1410.0,1410.0,1410.0,39.91836734693877,41.0,99.91836734693878,100.0,100.0,100.0,4096,12288,8192,8192,2,16,221184006912,m16n16k16,16,16,4096,16384
ga100,ampere,"A100/GA100 path uses warp-level HMMA m16n8k16 pairs; compare against H100/RTX3090 only with the same logical m16n16k16 workload, clock policy, and baseline subtraction",ce960f9677a1,results/fp16_full_sweep_a100_20260603_044813/raw/full5s_tensor_mma_f16acc_t192_b08_rep000_baseline_a440d191/bench.json,False,864,8,none,8.0,full5s_tensor_mma_f16acc_t192_b08,0,5818.30566406,,0,NVIDIA A100-SXM4-80GB,580.159.03,0,0,0,baseline_or_memory,benchmark uses warp-level HMMA mma.sync m16n8k16 pairs,datacenter,GPU-736f9b27-a462-1683-4dae-8866344ef6f4,1780464395281255083,1780464389462944562,5333333,tensor_baseline_mov,41943040,256,1,0,0,0,0,NVIDIA A100-SXM4-80GB,400.0,802.799,143560641943,nvmlDeviceGetTotalEnergyConsumption available via CUDA PCI bus id 0000:00:06.0,143559839144,True,00000000:00:06.0,results/fp16_full_sweep_a100_20260603_044813/raw/full5s_tensor_mma_f16acc_t192_b08_rep000_baseline_a440d191/power.csv,[],80,65536,0,10,baseline,full5s_tensor_mma_f16acc_t192_b08_rep000_baseline_a440d191,1780464395375582440,1780464388089752009,"['nvml_timed_energy_counter', 'explicit_m16n16k16_denominator', 'strict_denominator_provenance', 'tensor_no_memory_warpsync_baseline', 'timed_kernel_memory_provenance']",fp16-energy-bench-v2,49152,108,results/fp16_full_sweep_a100_20260603_044813/raw/full5s_tensor_mma_f16acc_t192_b08_rep000_baseline_a440d191/sm_util.csv,[],True,192,False,False,False,Tensor HMMA/register baseline uses register operands and consumes registers; no intended global memory operation in the timed kernel,8,unchecked; run Nsight Compute validation separately,2,False,fp16-energy-bench-v2,"nvml_timed_energy_counter,explicit_m16n16k16_denominator,strict_denominator_provenance,tensor_no_memory_warpsync_baseline,timed_kernel_memory_provenance",802.799,137.97802594111494,nvml_total_energy_counter,797.5698327566923,137.07928270208808,average_instant,136.99911111111112,nan,136.99911111111112,400.0,True,5.229167243307643,1.0065563754150952,45,6,1410.0,1410.0,1410.0,37.93333333333333,38.0,100.0,100.0,100.0,100.0,,,,,,,,,,,,
ga100,ampere,"A100/GA100 path uses warp-level HMMA m16n8k16 pairs; compare against H100/RTX3090 only with the same logical m16n16k16 workload, clock policy, and baseline subtraction",ce960f9677a1,results/fp16_full_sweep_a100_20260603_044813/raw/full5s_tensor_mma_f16acc_t192_b08_rep000_test_41c73a9a/bench.json,False,864,8,none,8.0,full5s_tensor_mma_f16acc_t192_b08,0,6119.07910156,,0,NVIDIA A100-SXM4-80GB,580.159.03,0,296.113056341,1811939214753792,tensor_core_mma_m16n16k16_f16acc,benchmark uses warp-level HMMA mma.sync m16n8k16 pairs,datacenter,GPU-736f9b27-a462-1683-4dae-8866344ef6f4,1780464414777807197,1780464408658719891,5333333,tensor_mma_f16acc,41943040,256,1,0,0,0,0,NVIDIA A100-SXM4-80GB,400.0,1034.284,143563833322,nvmlDeviceGetTotalEnergyConsumption available via CUDA PCI bus id 0000:00:06.0,143562799038,True,00000000:00:06.0,results/fp16_full_sweep_a100_20260603_044813/raw/full5s_tensor_mma_f16acc_t192_b08_rep000_test_41c73a9a/power.csv,[],80,65536,0,1,test,full5s_tensor_mma_f16acc_t192_b08_rep000_test_41c73a9a,1780464414902288737,1780464396207352985,"['nvml_timed_energy_counter', 'explicit_m16n16k16_denominator', 'strict_denominator_provenance', 'tensor_no_memory_warpsync_baseline', 'timed_kernel_memory_provenance']",fp16-energy-bench-v2,49152,108,results/fp16_full_sweep_a100_20260603_044813/raw/full5s_tensor_mma_f16acc_t192_b08_rep000_test_41c73a9a/sm_util.csv,[],True,192,False,False,False,Tensor HMMA/register baseline uses register operands and consumes registers; no intended global memory operation in the timed kernel,8,unchecked; run Nsight Compute validation separately,2,False,fp16-energy-bench-v2,"nvml_timed_energy_counter,explicit_m16n16k16_denominator,strict_denominator_provenance,tensor_no_memory_warpsync_baseline,timed_kernel_memory_provenance",1034.284,169.02586092959402,nvml_total_energy_counter,1040.1906530940541,169.99114427965546,average_instant,169.41063829787234,nan,169.41063829787234,400.0,True,-5.906653094054036,0.9943215668430737,47,6,1410.0,1410.0,1410.0,40.744680851063826,41.0,100.0,100.0,100.0,100.0,4096,12288,8192,8192,2,16,221183986176,m16n16k16,16,16,4096,16384
ga100,ampere,"A100/GA100 path uses warp-level HMMA m16n8k16 pairs; compare against H100/RTX3090 only with the same logical m16n16k16 workload, clock policy, and baseline subtraction",ce960f9677a1,results/fp16_full_sweep_a100_20260603_044813/raw/full5s_tensor_mma_f16acc_t224_b08_rep000_baseline_e51c9f42/bench.json,False,864,8,none,8.0,full5s_tensor_mma_f16acc_t224_b08,0,5904.12304688,,0,NVIDIA A100-SXM4-80GB,580.159.03,0,0,0,baseline_or_memory,benchmark uses warp-level HMMA mma.sync m16n8k16 pairs,datacenter,GPU-736f9b27-a462-1683-4dae-8866344ef6f4,1780464422730735811,1780464416826603002,4571429,tensor_baseline_mov,41943040,256,1,0,0,0,0,NVIDIA A100-SXM4-80GB,400.0,813.76,143564881002,nvmlDeviceGetTotalEnergyConsumption available via CUDA PCI bus id 0000:00:06.0,143564067242,True,00000000:00:06.0,results/fp16_full_sweep_a100_20260603_044813/raw/full5s_tensor_mma_f16acc_t224_b08_rep000_baseline_e51c9f42/power.csv,[],80,65536,0,10,baseline,full5s_tensor_mma_f16acc_t224_b08_rep000_baseline_e51c9f42,1780464422829537287,1780464415435177520,"['nvml_timed_energy_counter', 'explicit_m16n16k16_denominator', 'strict_denominator_provenance', 'tensor_no_memory_warpsync_baseline', 'timed_kernel_memory_provenance']",fp16-energy-bench-v2,49152,108,results/fp16_full_sweep_a100_20260603_044813/raw/full5s_tensor_mma_f16acc_t224_b08_rep000_baseline_e51c9f42/sm_util.csv,[],True,224,False,False,False,Tensor HMMA/register baseline uses register operands and consumes registers; no intended global memory operation in the timed kernel,8,unchecked; run Nsight Compute validation separately,2,False,fp16-energy-bench-v2,"nvml_timed_energy_counter,explicit_m16n16k16_denominator,strict_denominator_provenance,tensor_no_memory_warpsync_baseline,timed_kernel_memory_provenance",813.76,137.82887789372558,nvml_total_energy_counter,813.6945143972874,137.81778640834898,average_instant,137.54152173913045,nan,137.54152173913045,400.0,True,0.0654856027125561,1.0000804793464302,46,6,1410.0,1410.0,1410.0,38.32608695652174,39.0,100.0,100.0,100.0,100.0,,,,,,,,,,,,
ga100,ampere,"A100/GA100 path uses warp-level HMMA m16n8k16 pairs; compare against H100/RTX3090 only with the same logical m16n16k16 workload, clock policy, and baseline subtraction",ce960f9677a1,results/fp16_full_sweep_a100_20260603_044813/raw/full5s_tensor_mma_f16acc_t224_b08_rep000_test_1c0cef3b/bench.json,False,864,8,none,8.0,full5s_tensor_mma_f16acc_t224_b08,0,6081.78466797,,0,NVIDIA A100-SXM4-80GB,580.159.03,0,297.928913434,1811939497869312,tensor_core_mma_m16n16k16_f16acc,benchmark uses warp-level HMMA mma.sync m16n8k16 pairs,datacenter,GPU-736f9b27-a462-1683-4dae-8866344ef6f4,1780464442013927294,1780464435932099533,4571429,tensor_mma_f16acc,41943040,256,1,0,0,0,0,NVIDIA A100-SXM4-80GB,400.0,1040.636,143568072883,nvmlDeviceGetTotalEnergyConsumption available via CUDA PCI bus id 0000:00:06.0,143567032247,True,00000000:00:06.0,results/fp16_full_sweep_a100_20260603_044813/raw/full5s_tensor_mma_f16acc_t224_b08_rep000_test_1c0cef3b/power.csv,[],80,65536,0,1,test,full5s_tensor_mma_f16acc_t224_b08_rep000_test_1c0cef3b,1780464442121605421,1780464423556515925,"['nvml_timed_energy_counter', 'explicit_m16n16k16_denominator', 'strict_denominator_provenance', 'tensor_no_memory_warpsync_baseline', 'timed_kernel_memory_provenance']",fp16-energy-bench-v2,49152,108,results/fp16_full_sweep_a100_20260603_044813/raw/full5s_tensor_mma_f16acc_t224_b08_rep000_test_1c0cef3b/sm_util.csv,[],True,224,False,False,False,Tensor HMMA/register baseline uses register operands and consumes registers; no intended global memory operation in the timed kernel,8,unchecked; run Nsight Compute validation separately,2,False,fp16-energy-bench-v2,"nvml_timed_energy_counter,explicit_m16n16k16_denominator,strict_denominator_provenance,tensor_no_memory_warpsync_baseline,timed_kernel_memory_provenance",1040.636,171.10579925875672,nvml_total_energy_counter,1044.5886421982293,171.75570950836556,average_instant,170.93425531914895,nan,170.93425531914895,400.0,True,-3.9526421982293414,0.9962160777567796,47,6,1410.0,1410.0,1410.0,40.8936170212766,41.0,100.0,100.0,100.0,100.0,4096,12288,8192,8192,2,16,221184020736,m16n16k16,16,16,4096,16384
ga100,ampere,"A100/GA100 path uses warp-level HMMA m16n8k16 pairs; compare against H100/RTX3090 only with the same logical m16n16k16 workload, clock policy, and baseline subtraction",ce960f9677a1,results/fp16_full_sweep_a100_20260603_044813/raw/full5s_tensor_mma_f16acc_t288_b08_rep000_baseline_7c9327f4/bench.json,False,864,8,none,8.0,full5s_tensor_mma_f16acc_t288_b08,0,5565.61621094,,0,NVIDIA A100-SXM4-80GB,580.159.03,0,0,0,baseline_or_memory,benchmark uses warp-level HMMA mma.sync m16n8k16 pairs,datacenter,GPU-736f9b27-a462-1683-4dae-8866344ef6f4,1780464449771007486,1780464444205378785,3555556,tensor_baseline_mov,41943040,256,1,0,0,0,0,NVIDIA A100-SXM4-80GB,400.0,776.89,143569101555,nvmlDeviceGetTotalEnergyConsumption available via CUDA PCI bus id 0000:00:06.0,143568324665,True,00000000:00:06.0,results/fp16_full_sweep_a100_20260603_044813/raw/full5s_tensor_mma_f16acc_t288_b08_rep000_baseline_7c9327f4/power.csv,[],80,65536,0,10,baseline,full5s_tensor_mma_f16acc_t288_b08_rep000_baseline_7c9327f4,1780464449868428828,1780464442841488990,"['nvml_timed_energy_counter', 'explicit_m16n16k16_denominator', 'strict_denominator_provenance', 'tensor_no_memory_warpsync_baseline', 'timed_kernel_memory_provenance']",fp16-energy-bench-v2,49152,108,results/fp16_full_sweep_a100_20260603_044813/raw/full5s_tensor_mma_f16acc_t288_b08_rep000_baseline_7c9327f4/sm_util.csv,[],True,288,False,False,False,Tensor HMMA/register baseline uses register operands and consumes registers; no intended global memory operation in the timed kernel,8,unchecked; run Nsight Compute validation separately,2,False,fp16-energy-bench-v2,"nvml_timed_energy_counter,explicit_m16n16k16_denominator,strict_denominator_provenance,tensor_no_memory_warpsync_baseline,timed_kernel_memory_provenance",776.89,139.58710538135844,nvml_total_energy_counter,783.5174183646612,140.77788161180845,average_instant,140.62372093023257,nan,140.62372093023257,400.0,True,-6.627418364661253,0.9915414536941708,43,5,1410.0,1410.0,1410.0,38.7906976744186,39.0,100.0,100.0,100.0,100.0,,,,,,,,,,,,
ga100,ampere,"A100/GA100 path uses warp-level HMMA m16n8k16 pairs; compare against H100/RTX3090 only with the same logical m16n16k16 workload, clock policy, and baseline subtraction",ce960f9677a1,results/fp16_full_sweep_a100_20260603_044813/raw/full5s_tensor_mma_f16acc_t288_b08_rep000_test_a488bf04/bench.json,False,864,8,none,8.0,full5s_tensor_mma_f16acc_t288_b08,0,5894.29052734,,0,NVIDIA A100-SXM4-80GB,580.159.03,0,307.405877957,1811939554492416,tensor_core_mma_m16n16k16_f16acc,benchmark uses warp-level HMMA mma.sync m16n8k16 pairs,datacenter,GPU-736f9b27-a462-1683-4dae-8866344ef6f4,1780464468840603527,1780464462946305180,3555556,tensor_mma_f16acc,41943040,256,1,0,0,0,0,NVIDIA A100-SXM4-80GB,400.0,1030.818,143572293906,nvmlDeviceGetTotalEnergyConsumption available via CUDA PCI bus id 0000:00:06.0,143571263088,True,00000000:00:06.0,results/fp16_full_sweep_a100_20260603_044813/raw/full5s_tensor_mma_f16acc_t288_b08_rep000_test_a488bf04/power.csv,[],80,65536,0,1,test,full5s_tensor_mma_f16acc_t288_b08_rep000_test_a488bf04,1780464468932830990,1780464450952022011,"['nvml_timed_energy_counter', 'explicit_m16n16k16_denominator', 'strict_denominator_provenance', 'tensor_no_memory_warpsync_baseline', 'timed_kernel_memory_provenance']",fp16-energy-bench-v2,49152,108,results/fp16_full_sweep_a100_20260603_044813/raw/full5s_tensor_mma_f16acc_t288_b08_rep000_test_a488bf04/sm_util.csv,[],True,288,False,False,False,Tensor HMMA/register baseline uses register operands and consumes registers; no intended global memory operation in the timed kernel,8,unchecked; run Nsight Compute validation separately,2,False,fp16-energy-bench-v2,"nvml_timed_energy_counter,explicit_m16n16k16_denominator,strict_denominator_provenance,tensor_no_memory_warpsync_baseline,timed_kernel_memory_provenance",1030.818,174.88391990280772,nvml_total_energy_counter,1027.333351466682,174.29273019231545,average_instant,174.26239130434783,nan,174.26239130434783,400.0,True,3.4846485333180226,1.0033919355663312,46,6,1410.0,1410.0,1410.0,41.0,41.0,99.84782608695652,100.0,100.0,100.0,4096,12288,8192,8192,2,16,221184027648,m16n16k16,16,16,4096,16384
ga100,ampere,"A100/GA100 path uses warp-level HMMA m16n8k16 pairs; compare against H100/RTX3090 only with the same logical m16n16k16 workload, clock policy, and baseline subtraction",ce960f9677a1,results/fp16_full_sweep_a100_20260603_044813/raw/full5s_tensor_mma_f16acc_t320_b08_rep000_baseline_bc9097f0/bench.json,False,864,8,none,8.0,full5s_tensor_mma_f16acc_t320_b08,0,5461.86230469,,0,NVIDIA A100-SXM4-80GB,580.159.03,0,0,0,baseline_or_memory,benchmark uses warp-level HMMA mma.sync m16n8k16 pairs,datacenter,GPU-736f9b27-a462-1683-4dae-8866344ef6f4,1780464477131970817,1780464471670096252,3200000,tensor_baseline_mov,41943040,256,1,0,0,0,0,NVIDIA A100-SXM4-80GB,400.0,765.193,143573360348,nvmlDeviceGetTotalEnergyConsumption available via CUDA PCI bus id 0000:00:06.0,143572595155,True,00000000:00:06.0,results/fp16_full_sweep_a100_20260603_044813/raw/full5s_tensor_mma_f16acc_t320_b08_rep000_baseline_bc9097f0/power.csv,[],80,65536,0,10,baseline,full5s_tensor_mma_f16acc_t320_b08_rep000_baseline_bc9097f0,1780464477271826723,1780464470365619268,"['nvml_timed_energy_counter', 'explicit_m16n16k16_denominator', 'strict_denominator_provenance', 'tensor_no_memory_warpsync_baseline', 'timed_kernel_memory_provenance']",fp16-energy-bench-v2,49152,108,results/fp16_full_sweep_a100_20260603_044813/raw/full5s_tensor_mma_f16acc_t320_b08_rep000_baseline_bc9097f0/sm_util.csv,[],True,320,False,False,False,Tensor HMMA/register baseline uses register operands and consumes registers; no intended global memory operation in the timed kernel,8,unchecked; run Nsight Compute validation separately,2,False,fp16-energy-bench-v2,"nvml_timed_energy_counter,explicit_m16n16k16_denominator,strict_denominator_provenance,tensor_no_memory_warpsync_baseline,timed_kernel_memory_provenance",765.193,140.09713897558174,nvml_total_energy_counter,771.5783908509992,141.26622310137202,average_instant,140.93309523809523,nan,140.93309523809523,400.0,True,-6.385390850999215,0.9917242487260995,42,5,1410.0,1410.0,1410.0,38.833333333333336,39.0,100.0,100.0,100.0,100.0,,,,,,,,,,,,
ga100,ampere,"A100/GA100 path uses warp-level HMMA m16n8k16 pairs; compare against H100/RTX3090 only with the same logical m16n16k16 workload, clock policy, and baseline subtraction",ce960f9677a1,results/fp16_full_sweep_a100_20260603_044813/raw/full5s_tensor_mma_f16acc_t320_b08_rep000_test_509c5169/bench.json,False,864,8,none,8.0,full5s_tensor_mma_f16acc_t320_b08,0,5891.56347656,,0,NVIDIA A100-SXM4-80GB,580.159.03,0,307.548129662,1811939328000000,tensor_core_mma_m16n16k16_f16acc,benchmark uses warp-level HMMA mma.sync m16n8k16 pairs,datacenter,GPU-736f9b27-a462-1683-4dae-8866344ef6f4,1780464496377930115,1780464490486358415,3200000,tensor_mma_f16acc,41943040,256,1,0,0,0,0,NVIDIA A100-SXM4-80GB,400.0,1015.62,143576559343,nvmlDeviceGetTotalEnergyConsumption available via CUDA PCI bus id 0000:00:06.0,143575543723,True,00000000:00:06.0,results/fp16_full_sweep_a100_20260603_044813/raw/full5s_tensor_mma_f16acc_t320_b08_rep000_test_509c5169/power.csv,[],80,65536,0,1,test,full5s_tensor_mma_f16acc_t320_b08_rep000_test_509c5169,1780464496479315829,1780464478492178080,"['nvml_timed_energy_counter', 'explicit_m16n16k16_denominator', 'strict_denominator_provenance', 'tensor_no_memory_warpsync_baseline', 'timed_kernel_memory_provenance']",fp16-energy-bench-v2,49152,108,results/fp16_full_sweep_a100_20260603_044813/raw/full5s_tensor_mma_f16acc_t320_b08_rep000_test_509c5169/sm_util.csv,[],True,320,False,False,False,Tensor HMMA/register baseline uses register operands and consumes registers; no intended global memory operation in the timed kernel,8,unchecked; run Nsight Compute validation separately,2,False,fp16-energy-bench-v2,"nvml_timed_energy_counter,explicit_m16n16k16_denominator,strict_denominator_provenance,tensor_no_memory_warpsync_baseline,timed_kernel_memory_provenance",1015.62,172.38523974850378,nvml_total_energy_counter,1028.059690117343,174.49667804557873,average_instant,174.47608695652175,nan,174.47608695652175,400.0,True,-12.439690117343048,0.9878998367148086,46,6,1410.0,1410.0,1410.0,41.0,41.0,100.0,100.0,100.0,100.0,4096,12288,8192,8192,2,16,221184000000,m16n16k16,16,16,4096,16384
ga100,ampere,"A100/GA100 path uses warp-level HMMA m16n8k16 pairs; compare against H100/RTX3090 only with the same logical m16n16k16 workload, clock policy, and baseline subtraction",ce960f9677a1,results/fp16_full_sweep_a100_20260603_044813/raw/long5s_tensor_mma_f16acc_t384_b2_rep000_baseline_0f523ac4/bench.json,False,216,2,none,8.0,long5s_tensor_mma_f16acc_t384_b2,0,5769.04394531,,0,NVIDIA A100-SXM4-80GB,580.159.03,0,0,0,baseline_or_memory,benchmark uses warp-level HMMA mma.sync m16n8k16 pairs,datacenter,GPU-736f9b27-a462-1683-4dae-8866344ef6f4,1780464503842176473,1780464498073101289,10666667,tensor_baseline_mov,41943040,256,1,0,0,0,0,NVIDIA A100-SXM4-80GB,400.0,803.693,143577574611,nvmlDeviceGetTotalEnergyConsumption available via CUDA PCI bus id 0000:00:06.0,143576770918,True,00000000:00:06.0,results/fp16_full_sweep_a100_20260603_044813/raw/long5s_tensor_mma_f16acc_t384_b2_rep000_baseline_0f523ac4/power.csv,[],80,65536,0,10,baseline,long5s_tensor_mma_f16acc_t384_b2_rep000_baseline_0f523ac4,1780464503940661504,1780464496706299359,"['nvml_timed_energy_counter', 'explicit_m16n16k16_denominator', 'strict_denominator_provenance', 'tensor_no_memory_warpsync_baseline', 'timed_kernel_memory_provenance']",fp16-energy-bench-v2,49152,108,results/fp16_full_sweep_a100_20260603_044813/raw/long5s_tensor_mma_f16acc_t384_b2_rep000_baseline_0f523ac4/sm_util.csv,[],True,384,False,False,False,Tensor HMMA/register baseline uses register operands and consumes registers; no intended global memory operation in the timed kernel,8,unchecked; run Nsight Compute validation separately,2,False,fp16-energy-bench-v2,"nvml_timed_energy_counter,explicit_m16n16k16_denominator,strict_denominator_provenance,tensor_no_memory_warpsync_baseline,timed_kernel_memory_provenance",803.693,139.31054360826647,nvml_total_energy_counter,796.7111535154659,138.10032424695575,average_instant,138.0890909090909,nan,138.0890909090909,400.0,True,6.981846484534117,1.008763334683752,44,6,1410.0,1410.0,1410.0,38.93181818181818,39.0,100.0,100.0,100.0,100.0,,,,,,,,,,,,
ga100,ampere,"A100/GA100 path uses warp-level HMMA m16n8k16 pairs; compare against H100/RTX3090 only with the same logical m16n16k16 workload, clock policy, and baseline subtraction",ce960f9677a1,results/fp16_full_sweep_a100_20260603_044813/raw/long5s_tensor_mma_f16acc_t384_b2_rep000_test_cff503ae/bench.json,False,216,2,none,8.0,long5s_tensor_mma_f16acc_t384_b2,0,5892.01123047,,0,NVIDIA A100-SXM4-80GB,580.159.03,0,307.524767647,1811939384623104,tensor_core_mma_m16n16k16_f16acc,benchmark uses warp-level HMMA mma.sync m16n8k16 pairs,datacenter,GPU-736f9b27-a462-1683-4dae-8866344ef6f4,1780464522699188167,1780464516807165513,10666667,tensor_mma_f16acc,41943040,256,1,0,0,0,0,NVIDIA A100-SXM4-80GB,400.0,1019.555,143580747791,nvmlDeviceGetTotalEnergyConsumption available via CUDA PCI bus id 0000:00:06.0,143579728236,True,00000000:00:06.0,results/fp16_full_sweep_a100_20260603_044813/raw/long5s_tensor_mma_f16acc_t384_b2_rep000_test_cff503ae/power.csv,[],80,65536,0,1,test,long5s_tensor_mma_f16acc_t384_b2_rep000_test_cff503ae,1780464522798547984,1780464504810644742,"['nvml_timed_energy_counter', 'explicit_m16n16k16_denominator', 'strict_denominator_provenance', 'tensor_no_memory_warpsync_baseline', 'timed_kernel_memory_provenance']",fp16-energy-bench-v2,49152,108,results/fp16_full_sweep_a100_20260603_044813/raw/long5s_tensor_mma_f16acc_t384_b2_rep000_test_cff503ae/sm_util.csv,[],True,384,False,False,False,Tensor HMMA/register baseline uses register operands and consumes registers; no intended global memory operation in the timed kernel,8,unchecked; run Nsight Compute validation separately,2,False,fp16-energy-bench-v2,"nvml_timed_energy_counter,explicit_m16n16k16_denominator,strict_denominator_provenance,tensor_no_memory_warpsync_baseline,timed_kernel_memory_provenance",1019.555,173.03989815922387,nvml_total_energy_counter,1029.4535123324788,174.71988360968018,average_instant,174.31978260869565,nan,174.31978260869565,400.0,True,-9.898512332478845,0.9903846922528329,46,6,1410.0,1410.0,1410.0,41.5,42.0,100.0,100.0,100.0,100.0,4096,12288,8192,8192,2,16,221184006912,m16n16k16,16,16,4096,16384
ga100,ampere,"A100/GA100 path uses warp-level HMMA m16n8k16 pairs; compare against H100/RTX3090 only with the same logical m16n16k16 workload, clock policy, and baseline subtraction",ce960f9677a1,results/fp16_full_sweep_a100_20260603_044813/raw/full5s_tensor_mma_f16acc_t160_b08_rep001_baseline_709ac67e/bench.json,False,864,8,none,8.0,full5s_tensor_mma_f16acc_t160_b08,0,6236.88818359,,0,NVIDIA A100-SXM4-80GB,580.159.03,0,0,0,baseline_or_memory,benchmark uses warp-level HMMA mma.sync m16n8k16 pairs,datacenter,GPU-736f9b27-a462-1683-4dae-8866344ef6f4,1780464530718817221,1780464524481917920,6400000,tensor_baseline_mov,41943040,256,1,0,0,0,0,NVIDIA A100-SXM4-80GB,400.0,845.562,143581815317,nvmlDeviceGetTotalEnergyConsumption available via CUDA PCI bus id 0000:00:06.0,143580969755,True,00000000:00:06.0,results/fp16_full_sweep_a100_20260603_044813/raw/full5s_tensor_mma_f16acc_t160_b08_rep001_baseline_709ac67e/power.csv,[],80,65536,1,10,baseline,full5s_tensor_mma_f16acc_t160_b08_rep001_baseline_709ac67e,1780464530823667598,1780464523021866856,"['nvml_timed_energy_counter', 'explicit_m16n16k16_denominator', 'strict_denominator_provenance', 'tensor_no_memory_warpsync_baseline', 'timed_kernel_memory_provenance']",fp16-energy-bench-v2,49152,108,results/fp16_full_sweep_a100_20260603_044813/raw/full5s_tensor_mma_f16acc_t160_b08_rep001_baseline_709ac67e/sm_util.csv,[],True,160,False,False,False,Tensor HMMA/register baseline uses register operands and consumes registers; no intended global memory operation in the timed kernel,8,unchecked; run Nsight Compute validation separately,2,False,fp16-energy-bench-v2,"nvml_timed_energy_counter,explicit_m16n16k16_denominator,strict_denominator_provenance,tensor_no_memory_warpsync_baseline,timed_kernel_memory_provenance",845.562,135.5740984730066,nvml_total_energy_counter,844.3307086308109,135.37667803862638,average_instant,135.04591836734693,nan,135.04591836734693,400.0,True,1.2312913691890799,1.0014583046152445,49,6,1410.0,1410.0,1410.0,38.714285714285715,39.0,100.0,100.0,100.0,100.0,,,,,,,,,,,,
ga100,ampere,"A100/GA100 path uses warp-level HMMA m16n8k16 pairs; compare against H100/RTX3090 only with the same logical m16n16k16 workload, clock policy, and baseline subtraction",ce960f9677a1,results/fp16_full_sweep_a100_20260603_044813/raw/full5s_tensor_mma_f16acc_t160_b08_rep001_test_84c8a39e/bench.json,False,864,8,none,8.0,full5s_tensor_mma_f16acc_t160_b08,0,6170.73583984,,0,NVIDIA A100-SXM4-80GB,580.159.03,0,293.634239907,1811939328000000,tensor_core_mma_m16n16k16_f16acc,benchmark uses warp-level HMMA mma.sync m16n8k16 pairs,datacenter,GPU-736f9b27-a462-1683-4dae-8866344ef6f4,1780464549989806884,1780464543819058598,6400000,tensor_mma_f16acc,41943040,256,1,0,0,0,0,NVIDIA A100-SXM4-80GB,400.0,1042.654,143584991324,nvmlDeviceGetTotalEnergyConsumption available via CUDA PCI bus id 0000:00:06.0,143583948670,True,00000000:00:06.0,results/fp16_full_sweep_a100_20260603_044813/raw/full5s_tensor_mma_f16acc_t160_b08_rep001_test_84c8a39e/power.csv,[],80,65536,1,1,test,full5s_tensor_mma_f16acc_t160_b08_rep001_test_84c8a39e,1780464550103482443,1780464531262784030,"['nvml_timed_energy_counter', 'explicit_m16n16k16_denominator', 'strict_denominator_provenance', 'tensor_no_memory_warpsync_baseline', 'timed_kernel_memory_provenance']",fp16-energy-bench-v2,49152,108,results/fp16_full_sweep_a100_20260603_044813/raw/full5s_tensor_mma_f16acc_t160_b08_rep001_test_84c8a39e/sm_util.csv,[],True,160,False,False,False,Tensor HMMA/register baseline uses register operands and consumes registers; no intended global memory operation in the timed kernel,8,unchecked; run Nsight Compute validation separately,2,False,fp16-energy-bench-v2,"nvml_timed_energy_counter,explicit_m16n16k16_denominator,strict_denominator_provenance,tensor_no_memory_warpsync_baseline,timed_kernel_memory_provenance",1042.654,168.96719031070197,nvml_total_energy_counter,1046.5950968901952,169.60586437542383,average_instant,169.12212765957446,nan,169.12212765957446,400.0,True,-3.94109689019524,0.9962343633159513,47,6,1410.0,1410.0,1410.0,40.851063829787236,41.0,100.0,100.0,100.0,100.0,4096,12288,8192,8192,2,16,221184000000,m16n16k16,16,16,4096,16384
ga100,ampere,"A100/GA100 path uses warp-level HMMA m16n8k16 pairs; compare against H100/RTX3090 only with the same logical m16n16k16 workload, clock policy, and baseline subtraction",ce960f9677a1,results/fp16_full_sweep_a100_20260603_044813/raw/full5s_tensor_mma_f16acc_t192_b04_rep001_baseline_4790ce6d/bench.json,False,432,4,none,8.0,full5s_tensor_mma_f16acc_t192_b04,0,6166.046875,,0,NVIDIA A100-SXM4-80GB,580.159.03,0,0,0,baseline_or_memory,benchmark uses warp-level HMMA mma.sync m16n8k16 pairs,datacenter,GPU-736f9b27-a462-1683-4dae-8866344ef6f4,1780464558034657487,1780464551868600223,10666667,tensor_baseline_mov,41943040,256,1,0,0,0,0,NVIDIA A100-SXM4-80GB,400.0,841.216,143586046629,nvmlDeviceGetTotalEnergyConsumption available via CUDA PCI bus id 0000:00:06.0,143585205413,True,00000000:00:06.0,results/fp16_full_sweep_a100_20260603_044813/raw/full5s_tensor_mma_f16acc_t192_b04_rep001_baseline_4790ce6d/power.csv,[],80,65536,1,10,baseline,full5s_tensor_mma_f16acc_t192_b04_rep001_baseline_4790ce6d,1780464558134240767,1780464550451923980,"['nvml_timed_energy_counter', 'explicit_m16n16k16_denominator', 'strict_denominator_provenance', 'tensor_no_memory_warpsync_baseline', 'timed_kernel_memory_provenance']",fp16-energy-bench-v2,49152,108,results/fp16_full_sweep_a100_20260603_044813/raw/full5s_tensor_mma_f16acc_t192_b04_rep001_baseline_4790ce6d/sm_util.csv,"[""Unexpected nvidia-smi dmon output: '0'""]",True,192,False,False,False,Tensor HMMA/register baseline uses register operands and consumes registers; no intended global memory operation in the timed kernel,8,unchecked; run Nsight Compute validation separately,2,False,fp16-energy-bench-v2,"nvml_timed_energy_counter,explicit_m16n16k16_denominator,strict_denominator_provenance,tensor_no_memory_warpsync_baseline,timed_kernel_memory_provenance",841.216,136.42688739064556,nvml_total_energy_counter,848.1639224067561,137.55368886349612,average_instant,137.211875,nan,137.211875,400.0,True,-6.947922406756106,0.9918082787734703,48,6,1410.0,1410.0,1410.0,38.645833333333336,39.0,100.0,100.0,100.0,100.0,,,,,,,,,,,,
ga100,ampere,"A100/GA100 path uses warp-level HMMA m16n8k16 pairs; compare against H100/RTX3090 only with the same logical m16n16k16 workload, clock policy, and baseline subtraction",ce960f9677a1,results/fp16_full_sweep_a100_20260603_044813/raw/full5s_tensor_mma_f16acc_t192_b04_rep001_test_7d4f588e/bench.json,False,432,4,none,8.0,full5s_tensor_mma_f16acc_t192_b04,0,6362.42919922,,0,NVIDIA A100-SXM4-80GB,580.159.03,0,284.787355252,1811939384623104,tensor_core_mma_m16n16k16_f16acc,benchmark uses warp-level HMMA mma.sync m16n8k16 pairs,datacenter,GPU-736f9b27-a462-1683-4dae-8866344ef6f4,1780464578117686096,1780464571755220132,10666667,tensor_mma_f16acc,41943040,256,1,0,0,0,0,NVIDIA A100-SXM4-80GB,400.0,1050.456,143589282958,nvmlDeviceGetTotalEnergyConsumption available via CUDA PCI bus id 0000:00:06.0,143588232502,True,00000000:00:06.0,results/fp16_full_sweep_a100_20260603_044813/raw/full5s_tensor_mma_f16acc_t192_b04_rep001_test_7d4f588e/power.csv,[],80,65536,1,1,test,full5s_tensor_mma_f16acc_t192_b04_rep001_test_7d4f588e,1780464578215331905,1780464558816166348,"['nvml_timed_energy_counter', 'explicit_m16n16k16_denominator', 'strict_denominator_provenance', 'tensor_no_memory_warpsync_baseline', 'timed_kernel_memory_provenance']",fp16-energy-bench-v2,49152,108,results/fp16_full_sweep_a100_20260603_044813/raw/full5s_tensor_mma_f16acc_t192_b04_rep001_test_7d4f588e/sm_util.csv,[],True,192,False,False,False,Tensor HMMA/register baseline uses register operands and consumes registers; no intended global memory operation in the timed kernel,8,unchecked; run Nsight Compute validation separately,2,False,fp16-energy-bench-v2,"nvml_timed_energy_counter,explicit_m16n16k16_denominator,strict_denominator_provenance,tensor_no_memory_warpsync_baseline,timed_kernel_memory_provenance",1050.456,165.10202269743723,nvml_total_energy_counter,1059.3890523726304,166.5060462982196,average_instant,166.0066,nan,166.0066,400.0,True,-8.933052372630527,0.991567732031378,50,7,1410.0,1410.0,1410.0,40.62,41.0,100.0,100.0,100.0,100.0,4096,12288,8192,8192,2,16,221184006912,m16n16k16,16,16,4096,16384
ga100,ampere,"A100/GA100 path uses warp-level HMMA m16n8k16 pairs; compare against H100/RTX3090 only with the same logical m16n16k16 workload, clock policy, and baseline subtraction",ce960f9677a1,results/fp16_full_sweep_a100_20260603_044813/raw/full5s_tensor_mma_f16acc_t192_b08_rep001_baseline_e32fa168/bench.json,False,864,8,none,8.0,full5s_tensor_mma_f16acc_t192_b08,0,5821.85351562,,0,NVIDIA A100-SXM4-80GB,580.159.03,0,0,0,baseline_or_memory,benchmark uses warp-level HMMA mma.sync m16n8k16 pairs,datacenter,GPU-736f9b27-a462-1683-4dae-8866344ef6f4,1780464586232340794,1780464580410477688,5333333,tensor_baseline_mov,41943040,256,1,0,0,0,0,NVIDIA A100-SXM4-80GB,400.0,806.033,143590347875,nvmlDeviceGetTotalEnergyConsumption available via CUDA PCI bus id 0000:00:06.0,143589541842,True,00000000:00:06.0,results/fp16_full_sweep_a100_20260603_044813/raw/full5s_tensor_mma_f16acc_t192_b08_rep001_baseline_e32fa168/power.csv,[],80,65536,1,10,baseline,full5s_tensor_mma_f16acc_t192_b08_rep001_baseline_e32fa168,1780464586330983233,1780464579033916208,"['nvml_timed_energy_counter', 'explicit_m16n16k16_denominator', 'strict_denominator_provenance', 'tensor_no_memory_warpsync_baseline', 'timed_kernel_memory_provenance']",fp16-energy-bench-v2,49152,108,results/fp16_full_sweep_a100_20260603_044813/raw/full5s_tensor_mma_f16acc_t192_b08_rep001_baseline_e32fa168/sm_util.csv,[],True,192,False,False,False,Tensor HMMA/register baseline uses register operands and consumes registers; no intended global memory operation in the timed kernel,8,unchecked; run Nsight Compute validation separately,2,False,fp16-energy-bench-v2,"nvml_timed_energy_counter,explicit_m16n16k16_denominator,strict_denominator_provenance,tensor_no_memory_warpsync_baseline,timed_kernel_memory_provenance",806.033,138.44932203392142,nvml_total_energy_counter,803.5606616543135,138.02465757502364,average_instant,137.90533333333332,nan,137.90533333333332,400.0,True,2.4723383456864667,1.003076728943645,45,6,1410.0,1410.0,1410.0,38.733333333333334,39.0,98.33333333333333,100.0,100.0,100.0,,,,,,,,,,,,
ga100,ampere,"A100/GA100 path uses warp-level HMMA m16n8k16 pairs; compare against H100/RTX3090 only with the same logical m16n16k16 workload, clock policy, and baseline subtraction",ce960f9677a1,results/fp16_full_sweep_a100_20260603_044813/raw/full5s_tensor_mma_f16acc_t192_b08_rep001_test_4d234411/bench.json,False,864,8,none,8.0,full5s_tensor_mma_f16acc_t192_b08,0,6117.35253906,,0,NVIDIA A100-SXM4-80GB,580.159.03,0,296.196631334,1811939214753792,tensor_core_mma_m16n16k16_f16acc,benchmark uses warp-level HMMA mma.sync m16n8k16 pairs,datacenter,GPU-736f9b27-a462-1683-4dae-8866344ef6f4,1780464605728004168,1780464599610636178,5333333,tensor_mma_f16acc,41943040,256,1,0,0,0,0,NVIDIA A100-SXM4-80GB,400.0,1036.307,143593546849,nvmlDeviceGetTotalEnergyConsumption available via CUDA PCI bus id 0000:00:06.0,143592510542,True,00000000:00:06.0,results/fp16_full_sweep_a100_20260603_044813/raw/full5s_tensor_mma_f16acc_t192_b08_rep001_test_4d234411/power.csv,[],80,65536,1,1,test,full5s_tensor_mma_f16acc_t192_b08_rep001_test_4d234411,1780464605833913182,1780464587162887623,"['nvml_timed_energy_counter', 'explicit_m16n16k16_denominator', 'strict_denominator_provenance', 'tensor_no_memory_warpsync_baseline', 'timed_kernel_memory_provenance']",fp16-energy-bench-v2,49152,108,results/fp16_full_sweep_a100_20260603_044813/raw/full5s_tensor_mma_f16acc_t192_b08_rep001_test_4d234411/sm_util.csv,[],True,192,False,False,False,Tensor HMMA/register baseline uses register operands and consumes registers; no intended global memory operation in the timed kernel,8,unchecked; run Nsight Compute validation separately,2,False,fp16-energy-bench-v2,"nvml_timed_energy_counter,explicit_m16n16k16_denominator,strict_denominator_provenance,tensor_no_memory_warpsync_baseline,timed_kernel_memory_provenance",1036.307,169.40406424691807,nvml_total_energy_counter,1043.4071695099597,170.5647218240928,average_instant,170.0014893617021,nan,170.0014893617021,400.0,True,-7.100169509959642,0.993195207281071,47,6,1410.0,1410.0,1410.0,40.8936170212766,41.0,100.0,100.0,100.0,100.0,4096,12288,8192,8192,2,16,221183986176,m16n16k16,16,16,4096,16384
ga100,ampere,"A100/GA100 path uses warp-level HMMA m16n8k16 pairs; compare against H100/RTX3090 only with the same logical m16n16k16 workload, clock policy, and baseline subtraction",ce960f9677a1,results/fp16_full_sweep_a100_20260603_044813/raw/full5s_tensor_mma_f16acc_t224_b08_rep001_baseline_90509608/bench.json,False,864,8,none,8.0,full5s_tensor_mma_f16acc_t224_b08,0,5906.90087891,,0,NVIDIA A100-SXM4-80GB,580.159.03,0,0,0,baseline_or_memory,benchmark uses warp-level HMMA mma.sync m16n8k16 pairs,datacenter,GPU-736f9b27-a462-1683-4dae-8866344ef6f4,1780464613666861388,1780464607759948333,4571429,tensor_baseline_mov,41943040,256,1,0,0,0,0,NVIDIA A100-SXM4-80GB,400.0,815.5,143594595862,nvmlDeviceGetTotalEnergyConsumption available via CUDA PCI bus id 0000:00:06.0,143593780362,True,00000000:00:06.0,results/fp16_full_sweep_a100_20260603_044813/raw/full5s_tensor_mma_f16acc_t224_b08_rep001_baseline_90509608/power.csv,[],80,65536,1,10,baseline,full5s_tensor_mma_f16acc_t224_b08_rep001_baseline_90509608,1780464613770518846,1780464606365561833,"['nvml_timed_energy_counter', 'explicit_m16n16k16_denominator', 'strict_denominator_provenance', 'tensor_no_memory_warpsync_baseline', 'timed_kernel_memory_provenance']",fp16-energy-bench-v2,49152,108,results/fp16_full_sweep_a100_20260603_044813/raw/full5s_tensor_mma_f16acc_t224_b08_rep001_baseline_90509608/sm_util.csv,[],True,224,False,False,False,Tensor HMMA/register baseline uses register operands and consumes registers; no intended global memory operation in the timed kernel,8,unchecked; run Nsight Compute validation separately,2,False,fp16-energy-bench-v2,"nvml_timed_energy_counter,explicit_m16n16k16_denominator,strict_denominator_provenance,tensor_no_memory_warpsync_baseline,timed_kernel_memory_provenance",815.5,138.05857516553542,nvml_total_energy_counter,814.8816978398368,137.95390083659132,average_instant,137.67065217391306,nan,137.67065217391306,400.0,True,0.618302160163239,1.0007587630962902,46,6,1410.0,1410.0,1410.0,38.78260869565217,39.0,100.0,100.0,100.0,100.0,,,,,,,,,,,,
ga100,ampere,"A100/GA100 path uses warp-level HMMA m16n8k16 pairs; compare against H100/RTX3090 only with the same logical m16n16k16 workload, clock policy, and baseline subtraction",ce960f9677a1,results/fp16_full_sweep_a100_20260603_044813/raw/full5s_tensor_mma_f16acc_t224_b08_rep001_test_429328de/bench.json,False,864,8,none,8.0,full5s_tensor_mma_f16acc_t224_b08,0,6081.93652344,,0,NVIDIA A100-SXM4-80GB,580.159.03,0,297.921474663,1811939497869312,tensor_core_mma_m16n16k16_f16acc,benchmark uses warp-level HMMA mma.sync m16n8k16 pairs,datacenter,GPU-736f9b27-a462-1683-4dae-8866344ef6f4,1780464632950923713,1780464626868934787,4571429,tensor_mma_f16acc,41943040,256,1,0,0,0,0,NVIDIA A100-SXM4-80GB,400.0,1042.007,143597793644,nvmlDeviceGetTotalEnergyConsumption available via CUDA PCI bus id 0000:00:06.0,143596751637,True,00000000:00:06.0,results/fp16_full_sweep_a100_20260603_044813/raw/full5s_tensor_mma_f16acc_t224_b08_rep001_test_429328de/power.csv,[],80,65536,1,1,test,full5s_tensor_mma_f16acc_t224_b08_rep001_test_429328de,1780464633065249254,1780464614493237996,"['nvml_timed_energy_counter', 'explicit_m16n16k16_denominator', 'strict_denominator_provenance', 'tensor_no_memory_warpsync_baseline', 'timed_kernel_memory_provenance']",fp16-energy-bench-v2,49152,108,results/fp16_full_sweep_a100_20260603_044813/raw/full5s_tensor_mma_f16acc_t224_b08_rep001_test_429328de/sm_util.csv,[],True,224,False,False,False,Tensor HMMA/register baseline uses register operands and consumes registers; no intended global memory operation in the timed kernel,8,unchecked; run Nsight Compute validation separately,2,False,fp16-energy-bench-v2,"nvml_timed_energy_counter,explicit_m16n16k16_denominator,strict_denominator_provenance,tensor_no_memory_warpsync_baseline,timed_kernel_memory_provenance",1042.007,171.3266848523032,nvml_total_energy_counter,1046.420597557432,172.05236811334373,average_instant,171.2208510638298,nan,171.2208510638298,400.0,True,-4.413597557432013,0.9957821954501523,47,6,1410.0,1410.0,1410.0,40.91489361702128,41.0,100.0,100.0,100.0,100.0,4096,12288,8192,8192,2,16,221184020736,m16n16k16,16,16,4096,16384
ga100,ampere,"A100/GA100 path uses warp-level HMMA m16n8k16 pairs; compare against H100/RTX3090 only with the same logical m16n16k16 workload, clock policy, and baseline subtraction",ce960f9677a1,results/fp16_full_sweep_a100_20260603_044813/raw/full5s_tensor_mma_f16acc_t288_b08_rep001_baseline_ef4581aa/bench.json,False,864,8,none,8.0,full5s_tensor_mma_f16acc_t288_b08,0,5569.99560547,,0,NVIDIA A100-SXM4-80GB,580.159.03,0,0,0,baseline_or_memory,benchmark uses warp-level HMMA mma.sync m16n8k16 pairs,datacenter,GPU-736f9b27-a462-1683-4dae-8866344ef6f4,1780464640579533257,1780464635009526054,3555556,tensor_baseline_mov,41943040,256,1,0,0,0,0,NVIDIA A100-SXM4-80GB,400.0,790.029,143598814821,nvmlDeviceGetTotalEnergyConsumption available via CUDA PCI bus id 0000:00:06.0,143598024792,True,00000000:00:06.0,results/fp16_full_sweep_a100_20260603_044813/raw/full5s_tensor_mma_f16acc_t288_b08_rep001_baseline_ef4581aa/power.csv,[],80,65536,1,10,baseline,full5s_tensor_mma_f16acc_t288_b08_rep001_baseline_ef4581aa,1780464640679890573,1780464633684664017,"['nvml_timed_energy_counter', 'explicit_m16n16k16_denominator', 'strict_denominator_provenance', 'tensor_no_memory_warpsync_baseline', 'timed_kernel_memory_provenance']",fp16-energy-bench-v2,49152,108,results/fp16_full_sweep_a100_20260603_044813/raw/full5s_tensor_mma_f16acc_t288_b08_rep001_baseline_ef4581aa/sm_util.csv,[],True,288,False,False,False,Tensor HMMA/register baseline uses register operands and consumes registers; no intended global memory operation in the timed kernel,8,unchecked; run Nsight Compute validation separately,2,False,fp16-energy-bench-v2,"nvml_timed_energy_counter,explicit_m16n16k16_denominator,strict_denominator_provenance,tensor_no_memory_warpsync_baseline,timed_kernel_memory_provenance",790.029,141.8362618228736,nvml_total_energy_counter,785.0124690161472,140.93562905867344,average_instant,140.61249999999998,nan,140.61249999999998,400.0,True,5.016530983852817,1.0063903838242723,44,5,1410.0,1410.0,1410.0,38.93181818181818,39.0,100.0,100.0,100.0,100.0,,,,,,,,,,,,
ga100,ampere,"A100/GA100 path uses warp-level HMMA m16n8k16 pairs; compare against H100/RTX3090 only with the same logical m16n16k16 workload, clock policy, and baseline subtraction",ce960f9677a1,results/fp16_full_sweep_a100_20260603_044813/raw/full5s_tensor_mma_f16acc_t288_b08_rep001_test_444ac8d1/bench.json,False,864,8,none,8.0,full5s_tensor_mma_f16acc_t288_b08,0,5892.66552734,,0,NVIDIA A100-SXM4-80GB,580.159.03,0,307.490650213,1811939554492416,tensor_core_mma_m16n16k16_f16acc,benchmark uses warp-level HMMA mma.sync m16n8k16 pairs,datacenter,GPU-736f9b27-a462-1683-4dae-8866344ef6f4,1780464659719507726,1780464653826832409,3555556,tensor_mma_f16acc,41943040,256,1,0,0,0,0,NVIDIA A100-SXM4-80GB,400.0,1032.505,143602005937,nvmlDeviceGetTotalEnergyConsumption available via CUDA PCI bus id 0000:00:06.0,143600973432,True,00000000:00:06.0,results/fp16_full_sweep_a100_20260603_044813/raw/full5s_tensor_mma_f16acc_t288_b08_rep001_test_444ac8d1/power.csv,[],80,65536,1,1,test,full5s_tensor_mma_f16acc_t288_b08_rep001_test_444ac8d1,1780464659833525404,1780464641826618523,"['nvml_timed_energy_counter', 'explicit_m16n16k16_denominator', 'strict_denominator_provenance', 'tensor_no_memory_warpsync_baseline', 'timed_kernel_memory_provenance']",fp16-energy-bench-v2,49152,108,results/fp16_full_sweep_a100_20260603_044813/raw/full5s_tensor_mma_f16acc_t288_b08_rep001_test_444ac8d1/sm_util.csv,[],True,288,False,False,False,Tensor HMMA/register baseline uses register operands and consumes registers; no intended global memory operation in the timed kernel,8,unchecked; run Nsight Compute validation separately,2,False,fp16-energy-bench-v2,"nvml_timed_energy_counter,explicit_m16n16k16_denominator,strict_denominator_provenance,tensor_no_memory_warpsync_baseline,timed_kernel_memory_provenance",1032.505,175.2183761119992,nvml_total_energy_counter,1028.2385170182642,174.49434453852572,average_instant,174.4671111111111,nan,174.4671111111111,400.0,True,4.266482981735862,1.0041493125487149,45,6,1410.0,1410.0,1410.0,41.51111111111111,42.0,99.84444444444445,100.0,99.83333333333333,100.0,4096,12288,8192,8192,2,16,221184027648,m16n16k16,16,16,4096,16384
ga100,ampere,"A100/GA100 path uses warp-level HMMA m16n8k16 pairs; compare against H100/RTX3090 only with the same logical m16n16k16 workload, clock policy, and baseline subtraction",ce960f9677a1,results/fp16_full_sweep_a100_20260603_044813/raw/full5s_tensor_mma_f16acc_t320_b08_rep001_baseline_29f52cad/bench.json,False,864,8,none,8.0,full5s_tensor_mma_f16acc_t320_b08,0,5459.74267578,,0,NVIDIA A100-SXM4-80GB,580.159.03,0,0,0,baseline_or_memory,benchmark uses warp-level HMMA mma.sync m16n8k16 pairs,datacenter,GPU-736f9b27-a462-1683-4dae-8866344ef6f4,1780464667829525665,1780464662369768391,3200000,tensor_baseline_mov,41943040,256,1,0,0,0,0,NVIDIA A100-SXM4-80GB,400.0,779.026,143603068011,nvmlDeviceGetTotalEnergyConsumption available via CUDA PCI bus id 0000:00:06.0,143602288985,True,00000000:00:06.0,results/fp16_full_sweep_a100_20260603_044813/raw/full5s_tensor_mma_f16acc_t320_b08_rep001_baseline_29f52cad/power.csv,[],80,65536,1,10,baseline,full5s_tensor_mma_f16acc_t320_b08_rep001_baseline_29f52cad,1780464667941648138,1780464661067681976,"['nvml_timed_energy_counter', 'explicit_m16n16k16_denominator', 'strict_denominator_provenance', 'tensor_no_memory_warpsync_baseline', 'timed_kernel_memory_provenance']",fp16-energy-bench-v2,49152,108,results/fp16_full_sweep_a100_20260603_044813/raw/full5s_tensor_mma_f16acc_t320_b08_rep001_baseline_29f52cad/sm_util.csv,[],True,320,False,False,False,Tensor HMMA/register baseline uses register operands and consumes registers; no intended global memory operation in the timed kernel,8,unchecked; run Nsight Compute validation separately,2,False,fp16-energy-bench-v2,"nvml_timed_energy_counter,explicit_m16n16k16_denominator,strict_denominator_provenance,tensor_no_memory_warpsync_baseline,timed_kernel_memory_provenance",779.026,142.6850976891981,nvml_total_energy_counter,773.3368091755684,141.6430750242851,average_instant,141.27046511627907,nan,141.27046511627907,400.0,True,5.689190824431535,1.007356679207468,43,5,1410.0,1410.0,1410.0,38.86046511627907,39.0,100.0,100.0,100.0,100.0,,,,,,,,,,,,
ga100,ampere,"A100/GA100 path uses warp-level HMMA m16n8k16 pairs; compare against H100/RTX3090 only with the same logical m16n16k16 workload, clock policy, and baseline subtraction",ce960f9677a1,results/fp16_full_sweep_a100_20260603_044813/raw/full5s_tensor_mma_f16acc_t320_b08_rep001_test_09ed7b92/bench.json,False,864,8,none,8.0,full5s_tensor_mma_f16acc_t320_b08,0,5891.19287109,,0,NVIDIA A100-SXM4-80GB,580.159.03,0,307.56747702,1811939328000000,tensor_core_mma_m16n16k16_f16acc,benchmark uses warp-level HMMA mma.sync m16n8k16 pairs,datacenter,GPU-736f9b27-a462-1683-4dae-8866344ef6f4,1780464686064150734,1780464680172945300,3200000,tensor_mma_f16acc,41943040,256,1,0,0,0,0,NVIDIA A100-SXM4-80GB,400.0,1034.777,143606191192,nvmlDeviceGetTotalEnergyConsumption available via CUDA PCI bus id 0000:00:06.0,143605156415,True,00000000:00:06.0,results/fp16_full_sweep_a100_20260603_044813/raw/full5s_tensor_mma_f16acc_t320_b08_rep001_test_09ed7b92/power.csv,[],80,65536,1,1,test,full5s_tensor_mma_f16acc_t320_b08_rep001_test_09ed7b92,1780464686186455126,1780464668173651280,"['nvml_timed_energy_counter', 'explicit_m16n16k16_denominator', 'strict_denominator_provenance', 'tensor_no_memory_warpsync_baseline', 'timed_kernel_memory_provenance']",fp16-energy-bench-v2,49152,108,results/fp16_full_sweep_a100_20260603_044813/raw/full5s_tensor_mma_f16acc_t320_b08_rep001_test_09ed7b92/sm_util.csv,[],True,320,False,False,False,Tensor HMMA/register baseline uses register operands and consumes registers; no intended global memory operation in the timed kernel,8,unchecked; run Nsight Compute validation separately,2,False,fp16-energy-bench-v2,"nvml_timed_energy_counter,explicit_m16n16k16_denominator,strict_denominator_provenance,tensor_no_memory_warpsync_baseline,timed_kernel_memory_provenance",1034.777,175.64775351882597,nvml_total_energy_counter,1028.388492366843,174.56333918211195,average_instant,174.25369565217392,nan,174.25369565217392,400.0,True,6.388507633157133,1.0062121539482165,46,6,1410.0,1410.0,1410.0,41.869565217391305,42.0,100.0,100.0,100.0,100.0,4096,12288,8192,8192,2,16,221184000000,m16n16k16,16,16,4096,16384
ga100,ampere,"A100/GA100 path uses warp-level HMMA m16n8k16 pairs; compare against H100/RTX3090 only with the same logical m16n16k16 workload, clock policy, and baseline subtraction",ce960f9677a1,results/fp16_full_sweep_a100_20260603_044813/raw/long5s_tensor_mma_f16acc_t384_b2_rep001_baseline_086e5b0d/bench.json,False,216,2,none,8.0,long5s_tensor_mma_f16acc_t384_b2,0,5771.12597656,,0,NVIDIA A100-SXM4-80GB,580.159.03,0,0,0,baseline_or_memory,benchmark uses warp-level HMMA mma.sync m16n8k16 pairs,datacenter,GPU-736f9b27-a462-1683-4dae-8866344ef6f4,1780464694516804203,1780464688745657430,10666667,tensor_baseline_mov,41943040,256,1,0,0,0,0,NVIDIA A100-SXM4-80GB,400.0,791.45,143607277635,nvmlDeviceGetTotalEnergyConsumption available via CUDA PCI bus id 0000:00:06.0,143606486185,True,00000000:00:06.0,results/fp16_full_sweep_a100_20260603_044813/raw/long5s_tensor_mma_f16acc_t384_b2_rep001_baseline_086e5b0d/power.csv,[],80,65536,1,10,baseline,long5s_tensor_mma_f16acc_t384_b2_rep001_baseline_086e5b0d,1780464694639215753,1780464687372532955,"['nvml_timed_energy_counter', 'explicit_m16n16k16_denominator', 'strict_denominator_provenance', 'tensor_no_memory_warpsync_baseline', 'timed_kernel_memory_provenance']",fp16-energy-bench-v2,49152,108,results/fp16_full_sweep_a100_20260603_044813/raw/long5s_tensor_mma_f16acc_t384_b2_rep001_baseline_086e5b0d/sm_util.csv,[],True,384,False,False,False,Tensor HMMA/register baseline uses register operands and consumes registers; no intended global memory operation in the timed kernel,8,unchecked; run Nsight Compute validation separately,2,False,fp16-energy-bench-v2,"nvml_timed_energy_counter,explicit_m16n16k16_denominator,strict_denominator_provenance,tensor_no_memory_warpsync_baseline,timed_kernel_memory_provenance",791.45,137.13912176047165,nvml_total_energy_counter,798.557802888968,138.37073190114967,average_instant,138.42749999999998,nan,138.42749999999998,400.0,True,-7.107802888967967,0.9910992005046424,44,6,1410.0,1410.0,1410.0,38.93181818181818,39.0,100.0,100.0,100.0,100.0,,,,,,,,,,,,
ga100,ampere,"A100/GA100 path uses warp-level HMMA m16n8k16 pairs; compare against H100/RTX3090 only with the same logical m16n16k16 workload, clock policy, and baseline subtraction",ce960f9677a1,results/fp16_full_sweep_a100_20260603_044813/raw/long5s_tensor_mma_f16acc_t384_b2_rep001_test_00644d48/bench.json,False,216,2,none,8.0,long5s_tensor_mma_f16acc_t384_b2,0,5890.72167969,,0,NVIDIA A100-SXM4-80GB,580.159.03,0,307.592088567,1811939384623104,tensor_core_mma_m16n16k16_f16acc,benchmark uses warp-level HMMA mma.sync m16n8k16 pairs,datacenter,GPU-736f9b27-a462-1683-4dae-8866344ef6f4,1780464713548519995,1780464707657787264,10666667,tensor_mma_f16acc,41943040,256,1,0,0,0,0,NVIDIA A100-SXM4-80GB,400.0,1019.379,143610471034,nvmlDeviceGetTotalEnergyConsumption available via CUDA PCI bus id 0000:00:06.0,143609451655,True,00000000:00:06.0,results/fp16_full_sweep_a100_20260603_044813/raw/long5s_tensor_mma_f16acc_t384_b2_rep001_test_00644d48/power.csv,[],80,65536,1,1,test,long5s_tensor_mma_f16acc_t384_b2_rep001_test_00644d48,1780464713657418248,1780464695660104862,"['nvml_timed_energy_counter', 'explicit_m16n16k16_denominator', 'strict_denominator_provenance', 'tensor_no_memory_warpsync_baseline', 'timed_kernel_memory_provenance']",fp16-energy-bench-v2,49152,108,results/fp16_full_sweep_a100_20260603_044813/raw/long5s_tensor_mma_f16acc_t384_b2_rep001_test_00644d48/sm_util.csv,[],True,384,False,False,False,Tensor HMMA/register baseline uses register operands and consumes registers; no intended global memory operation in the timed kernel,8,unchecked; run Nsight Compute validation separately,2,False,fp16-energy-bench-v2,"nvml_timed_energy_counter,explicit_m16n16k16_denominator,strict_denominator_provenance,tensor_no_memory_warpsync_baseline,timed_kernel_memory_provenance",1019.379,173.04791212738525,nvml_total_energy_counter,1029.617455775781,174.78597362895383,average_instant,174.4208695652174,nan,174.4208695652174,400.0,True,-10.238455775781063,0.9900560584726424,46,6,1410.0,1410.0,1410.0,41.82608695652174,42.0,100.0,100.0,100.0,100.0,4096,12288,8192,8192,2,16,221184006912,m16n16k16,16,16,4096,16384
ga100,ampere,"A100/GA100 path uses warp-level HMMA m16n8k16 pairs; compare against H100/RTX3090 only with the same logical m16n16k16 workload, clock policy, and baseline subtraction",ce960f9677a1,results/fp16_full_sweep_a100_20260603_044813/raw/full5s_tensor_mma_f16acc_t160_b08_rep002_baseline_fbd7d261/bench.json,False,864,8,none,8.0,full5s_tensor_mma_f16acc_t160_b08,0,6236.83496094,,0,NVIDIA A100-SXM4-80GB,580.159.03,0,0,0,baseline_or_memory,benchmark uses warp-level HMMA mma.sync m16n8k16 pairs,datacenter,GPU-736f9b27-a462-1683-4dae-8866344ef6f4,1780464722587224030,1780464716350380859,6400000,tensor_baseline_mov,41943040,256,1,0,0,0,0,NVIDIA A100-SXM4-80GB,400.0,845.663,143611624592,nvmlDeviceGetTotalEnergyConsumption available via CUDA PCI bus id 0000:00:06.0,143610778929,True,00000000:00:06.0,results/fp16_full_sweep_a100_20260603_044813/raw/full5s_tensor_mma_f16acc_t160_b08_rep002_baseline_fbd7d261/power.csv,[],80,65536,2,10,baseline,full5s_tensor_mma_f16acc_t160_b08_rep002_baseline_fbd7d261,1780464722685042236,1780464714890763103,"['nvml_timed_energy_counter', 'explicit_m16n16k16_denominator', 'strict_denominator_provenance', 'tensor_no_memory_warpsync_baseline', 'timed_kernel_memory_provenance']",fp16-energy-bench-v2,49152,108,results/fp16_full_sweep_a100_20260603_044813/raw/full5s_tensor_mma_f16acc_t160_b08_rep002_baseline_fbd7d261/sm_util.csv,[],True,160,False,False,False,Tensor HMMA/register baseline uses register operands and consumes registers; no intended global memory operation in the timed kernel,8,unchecked; run Nsight Compute validation separately,2,False,fp16-energy-bench-v2,"nvml_timed_energy_counter,explicit_m16n16k16_denominator,strict_denominator_provenance,tensor_no_memory_warpsync_baseline,timed_kernel_memory_provenance",845.663,135.59151269542159,nvml_total_energy_counter,846.047302217116,135.65313076189838,average_instant,135.59729166666668,nan,135.59729166666668,400.0,True,-0.38430221711598733,0.9995457674575536,48,6,1410.0,1410.0,1410.0,38.666666666666664,39.0,100.0,100.0,100.0,100.0,,,,,,,,,,,,
ga100,ampere,"A100/GA100 path uses warp-level HMMA m16n8k16 pairs; compare against H100/RTX3090 only with the same logical m16n16k16 workload, clock policy, and baseline subtraction",ce960f9677a1,results/fp16_full_sweep_a100_20260603_044813/raw/full5s_tensor_mma_f16acc_t160_b08_rep002_test_718eaacd/bench.json,False,864,8,none,8.0,full5s_tensor_mma_f16acc_t160_b08,0,6173.25244141,,0,NVIDIA A100-SXM4-80GB,580.159.03,0,293.514536332,1811939328000000,tensor_core_mma_m16n16k16_f16acc,benchmark uses warp-level HMMA mma.sync m16n8k16 pairs,datacenter,GPU-736f9b27-a462-1683-4dae-8866344ef6f4,1780464741967542496,1780464735794279440,6400000,tensor_mma_f16acc,41943040,256,1,0,0,0,0,NVIDIA A100-SXM4-80GB,400.0,1032.692,143614810384,nvmlDeviceGetTotalEnergyConsumption available via CUDA PCI bus id 0000:00:06.0,143613777692,True,00000000:00:06.0,results/fp16_full_sweep_a100_20260603_044813/raw/full5s_tensor_mma_f16acc_t160_b08_rep002_test_718eaacd/power.csv,[],80,65536,2,1,test,full5s_tensor_mma_f16acc_t160_b08_rep002_test_718eaacd,1780464742076684238,1780464723015967745,"['nvml_timed_energy_counter', 'explicit_m16n16k16_denominator', 'strict_denominator_provenance', 'tensor_no_memory_warpsync_baseline', 'timed_kernel_memory_provenance']",fp16-energy-bench-v2,49152,108,results/fp16_full_sweep_a100_20260603_044813/raw/full5s_tensor_mma_f16acc_t160_b08_rep002_test_718eaacd/sm_util.csv,[],True,160,False,False,False,Tensor HMMA/register baseline uses register operands and consumes registers; no intended global memory operation in the timed kernel,8,unchecked; run Nsight Compute validation separately,2,False,fp16-energy-bench-v2,"nvml_timed_energy_counter,explicit_m16n16k16_denominator,strict_denominator_provenance,tensor_no_memory_warpsync_baseline,timed_kernel_memory_provenance",1032.692,167.28462575335945,nvml_total_energy_counter,1045.4996354054813,169.3593203337294,average_instant,168.92574468085107,nan,168.92574468085107,400.0,True,-12.807635405481278,0.9877497466553261,47,6,1410.0,1410.0,1410.0,40.851063829787236,41.0,100.0,100.0,100.0,100.0,4096,12288,8192,8192,2,16,221184000000,m16n16k16,16,16,4096,16384
ga100,ampere,"A100/GA100 path uses warp-level HMMA m16n8k16 pairs; compare against H100/RTX3090 only with the same logical m16n16k16 workload, clock policy, and baseline subtraction",ce960f9677a1,results/fp16_full_sweep_a100_20260603_044813/raw/full5s_tensor_mma_f16acc_t192_b04_rep002_baseline_3b7b992e/bench.json,False,432,4,none,8.0,full5s_tensor_mma_f16acc_t192_b04,0,6097.72363281,,0,NVIDIA A100-SXM4-80GB,580.159.03,0,0,0,baseline_or_memory,benchmark uses warp-level HMMA mma.sync m16n8k16 pairs,datacenter,GPU-736f9b27-a462-1683-4dae-8866344ef6f4,1780464750761817460,1780464744664068089,10666667,tensor_baseline_mov,41943040,256,1,0,0,0,0,NVIDIA A100-SXM4-80GB,400.0,818.071,143615920883,nvmlDeviceGetTotalEnergyConsumption available via CUDA PCI bus id 0000:00:06.0,143615102812,True,00000000:00:06.0,results/fp16_full_sweep_a100_20260603_044813/raw/full5s_tensor_mma_f16acc_t192_b04_rep002_baseline_3b7b992e/power.csv,[],80,65536,2,10,baseline,full5s_tensor_mma_f16acc_t192_b04_rep002_baseline_3b7b992e,1780464750869530749,1780464743247371182,"['nvml_timed_energy_counter', 'explicit_m16n16k16_denominator', 'strict_denominator_provenance', 'tensor_no_memory_warpsync_baseline', 'timed_kernel_memory_provenance']",fp16-energy-bench-v2,49152,108,results/fp16_full_sweep_a100_20260603_044813/raw/full5s_tensor_mma_f16acc_t192_b04_rep002_baseline_3b7b992e/sm_util.csv,[],True,192,False,False,False,Tensor HMMA/register baseline uses register operands and consumes registers; no intended global memory operation in the timed kernel,8,unchecked; run Nsight Compute validation separately,2,False,fp16-energy-bench-v2,"nvml_timed_energy_counter,explicit_m16n16k16_denominator,strict_denominator_provenance,tensor_no_memory_warpsync_baseline,timed_kernel_memory_provenance",818.071,134.15949889489153,nvml_total_energy_counter,820.8348197030133,134.61275132211617,average_instant,134.4123404255319,nan,134.4123404255319,400.0,True,-2.7638197030132687,0.996632916103616,47,6,1410.0,1410.0,1410.0,38.61702127659574,39.0,100.0,100.0,100.0,100.0,,,,,,,,,,,,
ga100,ampere,"A100/GA100 path uses warp-level HMMA m16n8k16 pairs; compare against H100/RTX3090 only with the same logical m16n16k16 workload, clock policy, and baseline subtraction",ce960f9677a1,results/fp16_full_sweep_a100_20260603_044813/raw/full5s_tensor_mma_f16acc_t192_b04_rep002_test_b7b5ac9b/bench.json,False,432,4,none,8.0,full5s_tensor_mma_f16acc_t192_b04,0,6362.52246094,,0,NVIDIA A100-SXM4-80GB,580.159.03,0,284.783180845,1811939384623104,tensor_core_mma_m16n16k16_f16acc,benchmark uses warp-level HMMA mma.sync m16n8k16 pairs,datacenter,GPU-736f9b27-a462-1683-4dae-8866344ef6f4,1780464770690693021,1780464764328152918,10666667,tensor_mma_f16acc,41943040,256,1,0,0,0,0,NVIDIA A100-SXM4-80GB,400.0,1062.399,143619161213,nvmlDeviceGetTotalEnergyConsumption available via CUDA PCI bus id 0000:00:06.0,143618098814,True,00000000:00:06.0,results/fp16_full_sweep_a100_20260603_044813/raw/full5s_tensor_mma_f16acc_t192_b04_rep002_test_b7b5ac9b/power.csv,[],80,65536,2,1,test,full5s_tensor_mma_f16acc_t192_b04_rep002_test_b7b5ac9b,1780464770811734439,1780464751389522726,"['nvml_timed_energy_counter', 'explicit_m16n16k16_denominator', 'strict_denominator_provenance', 'tensor_no_memory_warpsync_baseline', 'timed_kernel_memory_provenance']",fp16-energy-bench-v2,49152,108,results/fp16_full_sweep_a100_20260603_044813/raw/full5s_tensor_mma_f16acc_t192_b04_rep002_test_b7b5ac9b/sm_util.csv,[],True,192,False,False,False,Tensor HMMA/register baseline uses register operands and consumes registers; no intended global memory operation in the timed kernel,8,unchecked; run Nsight Compute validation separately,2,False,fp16-energy-bench-v2,"nvml_timed_energy_counter,explicit_m16n16k16_denominator,strict_denominator_provenance,tensor_no_memory_warpsync_baseline,timed_kernel_memory_provenance",1062.399,166.9771793656858,nvml_total_energy_counter,1060.4296015920913,166.6676491503902,average_instant,165.9465306122449,nan,165.9465306122449,400.0,True,1.9693984079085567,1.0018571703439358,49,7,1410.0,1410.0,1410.0,40.673469387755105,41.0,100.0,100.0,100.0,100.0,4096,12288,8192,8192,2,16,221184006912,m16n16k16,16,16,4096,16384
ga100,ampere,"A100/GA100 path uses warp-level HMMA m16n8k16 pairs; compare against H100/RTX3090 only with the same logical m16n16k16 workload, clock policy, and baseline subtraction",ce960f9677a1,results/fp16_full_sweep_a100_20260603_044813/raw/full5s_tensor_mma_f16acc_t192_b08_rep002_baseline_df037e94/bench.json,False,864,8,none,8.0,full5s_tensor_mma_f16acc_t192_b08,0,5843.13769531,,0,NVIDIA A100-SXM4-80GB,580.159.03,0,0,0,baseline_or_memory,benchmark uses warp-level HMMA mma.sync m16n8k16 pairs,datacenter,GPU-736f9b27-a462-1683-4dae-8866344ef6f4,1780464778802825090,1780464772959678200,5333333,tensor_baseline_mov,41943040,256,1,0,0,0,0,NVIDIA A100-SXM4-80GB,400.0,804.716,143620214661,nvmlDeviceGetTotalEnergyConsumption available via CUDA PCI bus id 0000:00:06.0,143619409945,True,00000000:00:06.0,results/fp16_full_sweep_a100_20260603_044813/raw/full5s_tensor_mma_f16acc_t192_b08_rep002_baseline_df037e94/power.csv,[],80,65536,2,10,baseline,full5s_tensor_mma_f16acc_t192_b08_rep002_baseline_df037e94,1780464778922188312,1780464771581987407,"['nvml_timed_energy_counter', 'explicit_m16n16k16_denominator', 'strict_denominator_provenance', 'tensor_no_memory_warpsync_baseline', 'timed_kernel_memory_provenance']",fp16-energy-bench-v2,49152,108,results/fp16_full_sweep_a100_20260603_044813/raw/full5s_tensor_mma_f16acc_t192_b08_rep002_baseline_df037e94/sm_util.csv,"[""Unexpected nvidia-smi dmon output: '0'""]",True,192,False,False,False,Tensor HMMA/register baseline uses register operands and consumes registers; no intended global memory operation in the timed kernel,8,unchecked; run Nsight Compute validation separately,2,False,fp16-energy-bench-v2,"nvml_timed_energy_counter,explicit_m16n16k16_denominator,strict_denominator_provenance,tensor_no_memory_warpsync_baseline,timed_kernel_memory_provenance",804.716,137.719625254877,nvml_total_energy_counter,804.7656850075484,137.72812837973143,average_instant,137.66155555555557,nan,137.66155555555557,400.0,True,-0.04968500754841898,0.9999382615232308,45,6,1410.0,1410.0,1410.0,38.75555555555555,39.0,100.0,100.0,100.0,100.0,,,,,,,,,,,,
ga100,ampere,"A100/GA100 path uses warp-level HMMA m16n8k16 pairs; compare against H100/RTX3090 only with the same logical m16n16k16 workload, clock policy, and baseline subtraction",ce960f9677a1,results/fp16_full_sweep_a100_20260603_044813/raw/full5s_tensor_mma_f16acc_t192_b08_rep002_test_0836460c/bench.json,False,864,8,none,8.0,full5s_tensor_mma_f16acc_t192_b08,0,6116.55175781,,0,NVIDIA A100-SXM4-80GB,580.159.03,0,296.235409508,1811939214753792,tensor_core_mma_m16n16k16_f16acc,benchmark uses warp-level HMMA mma.sync m16n8k16 pairs,datacenter,GPU-736f9b27-a462-1683-4dae-8866344ef6f4,1780464798251589122,1780464792135025859,5333333,tensor_mma_f16acc,41943040,256,1,0,0,0,0,NVIDIA A100-SXM4-80GB,400.0,1037.041,143623416574,nvmlDeviceGetTotalEnergyConsumption available via CUDA PCI bus id 0000:00:06.0,143622379533,True,00000000:00:06.0,results/fp16_full_sweep_a100_20260603_044813/raw/full5s_tensor_mma_f16acc_t192_b08_rep002_test_0836460c/power.csv,[],80,65536,2,1,test,full5s_tensor_mma_f16acc_t192_b08_rep002_test_0836460c,1780464798349073811,1780464779692061054,"['nvml_timed_energy_counter', 'explicit_m16n16k16_denominator', 'strict_denominator_provenance', 'tensor_no_memory_warpsync_baseline', 'timed_kernel_memory_provenance']",fp16-energy-bench-v2,49152,108,results/fp16_full_sweep_a100_20260603_044813/raw/full5s_tensor_mma_f16acc_t192_b08_rep002_test_0836460c/sm_util.csv,[],True,192,False,False,False,Tensor HMMA/register baseline uses register operands and consumes registers; no intended global memory operation in the timed kernel,8,unchecked; run Nsight Compute validation separately,2,False,fp16-energy-bench-v2,"nvml_timed_energy_counter,explicit_m16n16k16_denominator,strict_denominator_provenance,tensor_no_memory_warpsync_baseline,timed_kernel_memory_provenance",1037.041,169.54635395880152,nvml_total_energy_counter,1042.759381001178,170.48125494082348,average_instant,169.9204255319149,nan,169.9204255319149,400.0,True,-5.718381001178159,0.9945161068743512,47,6,1410.0,1410.0,1410.0,40.91489361702128,41.0,100.0,100.0,100.0,100.0,4096,12288,8192,8192,2,16,221183986176,m16n16k16,16,16,4096,16384
ga100,ampere,"A100/GA100 path uses warp-level HMMA m16n8k16 pairs; compare against H100/RTX3090 only with the same logical m16n16k16 workload, clock policy, and baseline subtraction",ce960f9677a1,results/fp16_full_sweep_a100_20260603_044813/raw/full5s_tensor_mma_f16acc_t224_b08_rep002_baseline_c0019eab/bench.json,False,864,8,none,8.0,full5s_tensor_mma_f16acc_t224_b08,0,5908.79443359,,0,NVIDIA A100-SXM4-80GB,580.159.03,0,0,0,baseline_or_memory,benchmark uses warp-level HMMA mma.sync m16n8k16 pairs,datacenter,GPU-736f9b27-a462-1683-4dae-8866344ef6f4,1780464806186423949,1780464800277616349,4571429,tensor_baseline_mov,41943040,256,1,0,0,0,0,NVIDIA A100-SXM4-80GB,400.0,815.443,143624465817,nvmlDeviceGetTotalEnergyConsumption available via CUDA PCI bus id 0000:00:06.0,143623650374,True,00000000:00:06.0,results/fp16_full_sweep_a100_20260603_044813/raw/full5s_tensor_mma_f16acc_t224_b08_rep002_baseline_c0019eab/power.csv,[],80,65536,2,10,baseline,full5s_tensor_mma_f16acc_t224_b08_rep002_baseline_c0019eab,1780464806288454037,1780464798881929955,"['nvml_timed_energy_counter', 'explicit_m16n16k16_denominator', 'strict_denominator_provenance', 'tensor_no_memory_warpsync_baseline', 'timed_kernel_memory_provenance']",fp16-energy-bench-v2,49152,108,results/fp16_full_sweep_a100_20260603_044813/raw/full5s_tensor_mma_f16acc_t224_b08_rep002_baseline_c0019eab/sm_util.csv,[],True,224,False,False,False,Tensor HMMA/register baseline uses register operands and consumes registers; no intended global memory operation in the timed kernel,8,unchecked; run Nsight Compute validation separately,2,False,fp16-energy-bench-v2,"nvml_timed_energy_counter,explicit_m16n16k16_denominator,strict_denominator_provenance,tensor_no_memory_warpsync_baseline,timed_kernel_memory_provenance",815.443,138.00466273432224,nvml_total_energy_counter,809.5422433283093,137.00602526443902,average_instant,136.70260869565217,nan,136.70260869565217,400.0,True,5.900756671690715,1.0072890040270543,46,6,1410.0,1410.0,1410.0,38.80434782608695,39.0,100.0,100.0,100.0,100.0,,,,,,,,,,,,
ga100,ampere,"A100/GA100 path uses warp-level HMMA m16n8k16 pairs; compare against H100/RTX3090 only with the same logical m16n16k16 workload, clock policy, and baseline subtraction",ce960f9677a1,results/fp16_full_sweep_a100_20260603_044813/raw/full5s_tensor_mma_f16acc_t224_b08_rep002_test_0fc069b2/bench.json,False,864,8,none,8.0,full5s_tensor_mma_f16acc_t224_b08,0,6081.80517578,,0,NVIDIA A100-SXM4-80GB,580.159.03,0,297.92790882,1811939497869312,tensor_core_mma_m16n16k16_f16acc,benchmark uses warp-level HMMA mma.sync m16n8k16 pairs,datacenter,GPU-736f9b27-a462-1683-4dae-8866344ef6f4,1780464825490826123,1780464819408987058,4571429,tensor_mma_f16acc,41943040,256,1,0,0,0,0,NVIDIA A100-SXM4-80GB,400.0,1042.67,143627663618,nvmlDeviceGetTotalEnergyConsumption available via CUDA PCI bus id 0000:00:06.0,143626620948,True,00000000:00:06.0,results/fp16_full_sweep_a100_20260603_044813/raw/full5s_tensor_mma_f16acc_t224_b08_rep002_test_0fc069b2/power.csv,[],80,65536,2,1,test,full5s_tensor_mma_f16acc_t224_b08_rep002_test_0fc069b2,1780464825600107061,1780464807031907887,"['nvml_timed_energy_counter', 'explicit_m16n16k16_denominator', 'strict_denominator_provenance', 'tensor_no_memory_warpsync_baseline', 'timed_kernel_memory_provenance']",fp16-energy-bench-v2,49152,108,results/fp16_full_sweep_a100_20260603_044813/raw/full5s_tensor_mma_f16acc_t224_b08_rep002_test_0fc069b2/sm_util.csv,[],True,224,False,False,False,Tensor HMMA/register baseline uses register operands and consumes registers; no intended global memory operation in the timed kernel,8,unchecked; run Nsight Compute validation separately,2,False,fp16-energy-bench-v2,"nvml_timed_energy_counter,explicit_m16n16k16_denominator,strict_denominator_provenance,tensor_no_memory_warpsync_baseline,timed_kernel_memory_provenance",1042.67,171.43991954676954,nvml_total_energy_counter,1046.8147137230137,172.12140974713768,average_instant,171.31934782608695,nan,171.31934782608695,400.0,True,-4.144713723013638,0.9960406424664467,46,6,1410.0,1410.0,1410.0,40.93478260869565,41.0,100.0,100.0,100.0,100.0,4096,12288,8192,8192,2,16,221184020736,m16n16k16,16,16,4096,16384
ga100,ampere,"A100/GA100 path uses warp-level HMMA m16n8k16 pairs; compare against H100/RTX3090 only with the same logical m16n16k16 workload, clock policy, and baseline subtraction",ce960f9677a1,results/fp16_full_sweep_a100_20260603_044813/raw/full5s_tensor_mma_f16acc_t288_b08_rep002_baseline_17649876/bench.json,False,864,8,none,8.0,full5s_tensor_mma_f16acc_t288_b08,0,5569.84521484,,0,NVIDIA A100-SXM4-80GB,580.159.03,0,0,0,baseline_or_memory,benchmark uses warp-level HMMA mma.sync m16n8k16 pairs,datacenter,GPU-736f9b27-a462-1683-4dae-8866344ef6f4,1780464833149261611,1780464827579406129,3555556,tensor_baseline_mov,41943040,256,1,0,0,0,0,NVIDIA A100-SXM4-80GB,400.0,790.545,143628684383,nvmlDeviceGetTotalEnergyConsumption available via CUDA PCI bus id 0000:00:06.0,143627893838,True,00000000:00:06.0,results/fp16_full_sweep_a100_20260603_044813/raw/full5s_tensor_mma_f16acc_t288_b08_rep002_baseline_17649876/power.csv,[],80,65536,2,10,baseline,full5s_tensor_mma_f16acc_t288_b08_rep002_baseline_17649876,1780464833259992219,1780464826253339647,"['nvml_timed_energy_counter', 'explicit_m16n16k16_denominator', 'strict_denominator_provenance', 'tensor_no_memory_warpsync_baseline', 'timed_kernel_memory_provenance']",fp16-energy-bench-v2,49152,108,results/fp16_full_sweep_a100_20260603_044813/raw/full5s_tensor_mma_f16acc_t288_b08_rep002_baseline_17649876/sm_util.csv,[],True,288,False,False,False,Tensor HMMA/register baseline uses register operands and consumes registers; no intended global memory operation in the timed kernel,8,unchecked; run Nsight Compute validation separately,2,False,fp16-energy-bench-v2,"nvml_timed_energy_counter,explicit_m16n16k16_denominator,strict_denominator_provenance,tensor_no_memory_warpsync_baseline,timed_kernel_memory_provenance",790.545,141.93276693709373,nvml_total_energy_counter,779.2460350738539,139.90417481963922,average_instant,139.81651162790698,nan,139.81651162790698,400.0,True,11.298964926146027,1.0144998683568216,43,5,1410.0,1410.0,1410.0,38.95348837209303,39.0,100.0,100.0,100.0,100.0,,,,,,,,,,,,
ga100,ampere,"A100/GA100 path uses warp-level HMMA m16n8k16 pairs; compare against H100/RTX3090 only with the same logical m16n16k16 workload, clock policy, and baseline subtraction",ce960f9677a1,results/fp16_full_sweep_a100_20260603_044813/raw/full5s_tensor_mma_f16acc_t288_b08_rep002_test_e2598ba0/bench.json,False,864,8,none,8.0,full5s_tensor_mma_f16acc_t288_b08,0,5893.14355469,,0,NVIDIA A100-SXM4-80GB,580.159.03,0,307.465707848,1811939554492416,tensor_core_mma_m16n16k16_f16acc,benchmark uses warp-level HMMA mma.sync m16n8k16 pairs,datacenter,GPU-736f9b27-a462-1683-4dae-8866344ef6f4,1780464852272849137,1780464846379691019,3555556,tensor_mma_f16acc,41943040,256,1,0,0,0,0,NVIDIA A100-SXM4-80GB,400.0,1032.897,143631877273,nvmlDeviceGetTotalEnergyConsumption available via CUDA PCI bus id 0000:00:06.0,143630844376,True,00000000:00:06.0,results/fp16_full_sweep_a100_20260603_044813/raw/full5s_tensor_mma_f16acc_t288_b08_rep002_test_e2598ba0/power.csv,[],80,65536,2,1,test,full5s_tensor_mma_f16acc_t288_b08_rep002_test_e2598ba0,1780464852376329960,1780464834380145001,"['nvml_timed_energy_counter', 'explicit_m16n16k16_denominator', 'strict_denominator_provenance', 'tensor_no_memory_warpsync_baseline', 'timed_kernel_memory_provenance']",fp16-energy-bench-v2,49152,108,results/fp16_full_sweep_a100_20260603_044813/raw/full5s_tensor_mma_f16acc_t288_b08_rep002_test_e2598ba0/sm_util.csv,[],True,288,False,False,False,Tensor HMMA/register baseline uses register operands and consumes registers; no intended global memory operation in the timed kernel,8,unchecked; run Nsight Compute validation separately,2,False,fp16-energy-bench-v2,"nvml_timed_energy_counter,explicit_m16n16k16_denominator,strict_denominator_provenance,tensor_no_memory_warpsync_baseline,timed_kernel_memory_provenance",1032.897,175.2705390417288,nvml_total_energy_counter,1027.0535268478945,174.27896999927307,average_instant,173.9771739130435,nan,173.9771739130435,400.0,True,5.843473152105389,1.0056895507384502,46,6,1410.0,1410.0,1410.0,41.69565217391305,42.0,100.0,100.0,100.0,100.0,4096,12288,8192,8192,2,16,221184027648,m16n16k16,16,16,4096,16384
ga100,ampere,"A100/GA100 path uses warp-level HMMA m16n8k16 pairs; compare against H100/RTX3090 only with the same logical m16n16k16 workload, clock policy, and baseline subtraction",ce960f9677a1,results/fp16_full_sweep_a100_20260603_044813/raw/full5s_tensor_mma_f16acc_t320_b08_rep002_baseline_c26af48c/bench.json,False,864,8,none,8.0,full5s_tensor_mma_f16acc_t320_b08,0,5461.42822266,,0,NVIDIA A100-SXM4-80GB,580.159.03,0,0,0,baseline_or_memory,benchmark uses warp-level HMMA mma.sync m16n8k16 pairs,datacenter,GPU-736f9b27-a462-1683-4dae-8866344ef6f4,1780464860385915459,1780464854924472451,3200000,tensor_baseline_mov,41943040,256,1,0,0,0,0,NVIDIA A100-SXM4-80GB,400.0,779.034,143632939596,nvmlDeviceGetTotalEnergyConsumption available via CUDA PCI bus id 0000:00:06.0,143632160562,True,00000000:00:06.0,results/fp16_full_sweep_a100_20260603_044813/raw/full5s_tensor_mma_f16acc_t320_b08_rep002_baseline_c26af48c/power.csv,[],80,65536,2,10,baseline,full5s_tensor_mma_f16acc_t320_b08_rep002_baseline_c26af48c,1780464860490560794,1780464853615540743,"['nvml_timed_energy_counter', 'explicit_m16n16k16_denominator', 'strict_denominator_provenance', 'tensor_no_memory_warpsync_baseline', 'timed_kernel_memory_provenance']",fp16-energy-bench-v2,49152,108,results/fp16_full_sweep_a100_20260603_044813/raw/full5s_tensor_mma_f16acc_t320_b08_rep002_baseline_c26af48c/sm_util.csv,[],True,320,False,False,False,Tensor HMMA/register baseline uses register operands and consumes registers; no intended global memory operation in the timed kernel,8,unchecked; run Nsight Compute validation separately,2,False,fp16-energy-bench-v2,"nvml_timed_energy_counter,explicit_m16n16k16_denominator,strict_denominator_provenance,tensor_no_memory_warpsync_baseline,timed_kernel_memory_provenance",779.034,142.64252119061936,nvml_total_energy_counter,773.0921508616825,141.55455796741742,average_instant,141.17023255813953,nan,141.17023255813953,400.0,True,5.94184913831748,1.0076858226172583,43,5,1410.0,1410.0,1410.0,38.95348837209303,39.0,100.0,100.0,100.0,100.0,,,,,,,,,,,,
ga100,ampere,"A100/GA100 path uses warp-level HMMA m16n8k16 pairs; compare against H100/RTX3090 only with the same logical m16n16k16 workload, clock policy, and baseline subtraction",ce960f9677a1,results/fp16_full_sweep_a100_20260603_044813/raw/full5s_tensor_mma_f16acc_t320_b08_rep002_test_1fdb2bcd/bench.json,False,864,8,none,8.0,full5s_tensor_mma_f16acc_t320_b08,0,5891.47753906,,0,NVIDIA A100-SXM4-80GB,580.159.03,0,307.552615789,1811939328000000,tensor_core_mma_m16n16k16_f16acc,benchmark uses warp-level HMMA mma.sync m16n8k16 pairs,datacenter,GPU-736f9b27-a462-1683-4dae-8866344ef6f4,1780464878619232012,1780464872727682278,3200000,tensor_mma_f16acc,41943040,256,1,0,0,0,0,NVIDIA A100-SXM4-80GB,400.0,1034.852,143636062700,nvmlDeviceGetTotalEnergyConsumption available via CUDA PCI bus id 0000:00:06.0,143635027848,True,00000000:00:06.0,results/fp16_full_sweep_a100_20260603_044813/raw/full5s_tensor_mma_f16acc_t320_b08_rep002_test_1fdb2bcd/power.csv,[],80,65536,2,1,test,full5s_tensor_mma_f16acc_t320_b08_rep002_test_1fdb2bcd,1780464878726258818,1780464860733456986,"['nvml_timed_energy_counter', 'explicit_m16n16k16_denominator', 'strict_denominator_provenance', 'tensor_no_memory_warpsync_baseline', 'timed_kernel_memory_provenance']",fp16-energy-bench-v2,49152,108,results/fp16_full_sweep_a100_20260603_044813/raw/full5s_tensor_mma_f16acc_t320_b08_rep002_test_1fdb2bcd/sm_util.csv,[],True,320,False,False,False,Tensor HMMA/register baseline uses register operands and consumes registers; no intended global memory operation in the timed kernel,8,unchecked; run Nsight Compute validation separately,2,False,fp16-energy-bench-v2,"nvml_timed_energy_counter,explicit_m16n16k16_denominator,strict_denominator_provenance,tensor_no_memory_warpsync_baseline,timed_kernel_memory_provenance",1034.852,175.65021882576883,nvml_total_energy_counter,1028.1365855013214,174.51038044675553,average_instant,174.205,nan,174.205,400.0,True,6.715414498678683,1.006531636548469,46,6,1410.0,1410.0,1410.0,41.869565217391305,42.0,100.0,100.0,100.0,100.0,4096,12288,8192,8192,2,16,221184000000,m16n16k16,16,16,4096,16384
ga100,ampere,"A100/GA100 path uses warp-level HMMA m16n8k16 pairs; compare against H100/RTX3090 only with the same logical m16n16k16 workload, clock policy, and baseline subtraction",ce960f9677a1,results/fp16_full_sweep_a100_20260603_044813/raw/long5s_tensor_mma_f16acc_t384_b2_rep002_baseline_9ab4a5b0/bench.json,False,216,2,none,8.0,long5s_tensor_mma_f16acc_t384_b2,0,5771.15625,,0,NVIDIA A100-SXM4-80GB,580.159.03,0,0,0,baseline_or_memory,benchmark uses warp-level HMMA mma.sync m16n8k16 pairs,datacenter,GPU-736f9b27-a462-1683-4dae-8866344ef6f4,1780464886095170819,1780464880324003979,10666667,tensor_baseline_mov,41943040,256,1,0,0,0,0,NVIDIA A100-SXM4-80GB,400.0,792.184,143637064593,nvmlDeviceGetTotalEnergyConsumption available via CUDA PCI bus id 0000:00:06.0,143636272409,True,00000000:00:06.0,results/fp16_full_sweep_a100_20260603_044813/raw/long5s_tensor_mma_f16acc_t384_b2_rep002_baseline_9ab4a5b0/power.csv,[],80,65536,2,10,baseline,long5s_tensor_mma_f16acc_t384_b2_rep002_baseline_9ab4a5b0,1780464886202455343,1780464878958607806,"['nvml_timed_energy_counter', 'explicit_m16n16k16_denominator', 'strict_denominator_provenance', 'tensor_no_memory_warpsync_baseline', 'timed_kernel_memory_provenance']",fp16-energy-bench-v2,49152,108,results/fp16_full_sweep_a100_20260603_044813/raw/long5s_tensor_mma_f16acc_t384_b2_rep002_baseline_9ab4a5b0/sm_util.csv,"[""Unexpected nvidia-smi dmon output: '0'""]",True,384,False,False,False,Tensor HMMA/register baseline uses register operands and consumes registers; no intended global memory operation in the timed kernel,8,unchecked; run Nsight Compute validation separately,2,False,fp16-energy-bench-v2,"nvml_timed_energy_counter,explicit_m16n16k16_denominator,strict_denominator_provenance,tensor_no_memory_warpsync_baseline,timed_kernel_memory_provenance",792.184,137.26582889778317,nvml_total_energy_counter,795.487073065852,137.8381694932687,average_instant,137.90272727272728,nan,137.90272727272728,400.0,True,-3.303073065852004,0.9958477350824548,44,6,1410.0,1410.0,1410.0,38.97727272727273,39.0,100.0,100.0,100.0,100.0,,,,,,,,,,,,
ga100,ampere,"A100/GA100 path uses warp-level HMMA m16n8k16 pairs; compare against H100/RTX3090 only with the same logical m16n16k16 workload, clock policy, and baseline subtraction",ce960f9677a1,results/fp16_full_sweep_a100_20260603_044813/raw/long5s_tensor_mma_f16acc_t384_b2_rep002_test_408c5840/bench.json,False,216,2,none,8.0,long5s_tensor_mma_f16acc_t384_b2,0,5893.95556641,,0,NVIDIA A100-SXM4-80GB,580.159.03,0,307.4233194,1811939384623104,tensor_core_mma_m16n16k16_f16acc,benchmark uses warp-level HMMA mma.sync m16n8k16 pairs,datacenter,GPU-736f9b27-a462-1683-4dae-8866344ef6f4,1780464905228351914,1780464899334385451,10666667,tensor_mma_f16acc,41943040,256,1,0,0,0,0,NVIDIA A100-SXM4-80GB,400.0,1034.509,143640282451,nvmlDeviceGetTotalEnergyConsumption available via CUDA PCI bus id 0000:00:06.0,143639247942,True,00000000:00:06.0,results/fp16_full_sweep_a100_20260603_044813/raw/long5s_tensor_mma_f16acc_t384_b2_rep002_test_408c5840/power.csv,[],80,65536,2,1,test,long5s_tensor_mma_f16acc_t384_b2_rep002_test_408c5840,1780464905334544629,1780464887107396840,"['nvml_timed_energy_counter', 'explicit_m16n16k16_denominator', 'strict_denominator_provenance', 'tensor_no_memory_warpsync_baseline', 'timed_kernel_memory_provenance']",fp16-energy-bench-v2,49152,108,results/fp16_full_sweep_a100_20260603_044813/raw/long5s_tensor_mma_f16acc_t384_b2_rep002_test_408c5840/sm_util.csv,[],True,384,False,False,False,Tensor HMMA/register baseline uses register operands and consumes registers; no intended global memory operation in the timed kernel,8,unchecked; run Nsight Compute validation separately,2,False,fp16-energy-bench-v2,"nvml_timed_energy_counter,explicit_m16n16k16_denominator,strict_denominator_provenance,tensor_no_memory_warpsync_baseline,timed_kernel_memory_provenance",1034.509,175.52000108827224,nvml_total_energy_counter,1032.0439296215586,175.10176484720841,average_instant,175.0641304347826,nan,175.0641304347826,400.0,True,2.4650703784413963,1.0023885324138724,46,6,1410.0,1410.0,1410.0,41.891304347826086,42.0,100.0,100.0,100.0,100.0,4096,12288,8192,8192,2,16,221184006912,m16n16k16,16,16,4096,16384
ga100,ampere,"A100/GA100 path uses warp-level HMMA m16n8k16 pairs; compare against H100/RTX3090 only with the same logical m16n16k16 workload, clock policy, and baseline subtraction",ce960f9677a1,results/fp16_full_sweep_a100_20260603_044813/raw/full5s_tensor_mma_f16acc_t160_b08_rep003_baseline_d91efb75/bench.json,False,864,8,none,8.0,full5s_tensor_mma_f16acc_t160_b08,0,6241.81542969,,0,NVIDIA A100-SXM4-80GB,580.159.03,0,0,0,baseline_or_memory,benchmark uses warp-level HMMA mma.sync m16n8k16 pairs,datacenter,GPU-736f9b27-a462-1683-4dae-8866344ef6f4,1780464914027213129,1780464907785386840,6400000,tensor_baseline_mov,41943040,256,1,0,0,0,0,NVIDIA A100-SXM4-80GB,400.0,845.345,143641405960,nvmlDeviceGetTotalEnergyConsumption available via CUDA PCI bus id 0000:00:06.0,143640560615,True,00000000:00:06.0,results/fp16_full_sweep_a100_20260603_044813/raw/full5s_tensor_mma_f16acc_t160_b08_rep003_baseline_d91efb75/power.csv,[],80,65536,3,10,baseline,full5s_tensor_mma_f16acc_t160_b08_rep003_baseline_d91efb75,1780464914123995404,1780464906322059443,"['nvml_timed_energy_counter', 'explicit_m16n16k16_denominator', 'strict_denominator_provenance', 'tensor_no_memory_warpsync_baseline', 'timed_kernel_memory_provenance']",fp16-energy-bench-v2,49152,108,results/fp16_full_sweep_a100_20260603_044813/raw/full5s_tensor_mma_f16acc_t160_b08_rep003_baseline_d91efb75/sm_util.csv,[],True,160,False,False,False,Tensor HMMA/register baseline uses register operands and consumes registers; no intended global memory operation in the timed kernel,8,unchecked; run Nsight Compute validation separately,2,False,fp16-energy-bench-v2,"nvml_timed_energy_counter,explicit_m16n16k16_denominator,strict_denominator_provenance,tensor_no_memory_warpsync_baseline,timed_kernel_memory_provenance",845.345,135.43231753978088,nvml_total_energy_counter,847.1851547945012,135.7271278579956,average_instant,135.40795918367346,nan,135.40795918367346,400.0,True,-1.8401547945011316,0.9978279189807717,49,6,1410.0,1410.0,1410.0,38.673469387755105,39.0,100.0,100.0,100.0,100.0,,,,,,,,,,,,
ga100,ampere,"A100/GA100 path uses warp-level HMMA m16n8k16 pairs; compare against H100/RTX3090 only with the same logical m16n16k16 workload, clock policy, and baseline subtraction",ce960f9677a1,results/fp16_full_sweep_a100_20260603_044813/raw/full5s_tensor_mma_f16acc_t160_b08_rep003_test_e28d33c3/bench.json,False,864,8,none,8.0,full5s_tensor_mma_f16acc_t160_b08,0,6174.12597656,,0,NVIDIA A100-SXM4-80GB,580.159.03,0,293.473008954,1811939328000000,tensor_core_mma_m16n16k16_f16acc,benchmark uses warp-level HMMA mma.sync m16n8k16 pairs,datacenter,GPU-736f9b27-a462-1683-4dae-8866344ef6f4,1780464933182954766,1780464927008787144,6400000,tensor_mma_f16acc,41943040,256,1,0,0,0,0,NVIDIA A100-SXM4-80GB,400.0,1042.962,143644573638,nvmlDeviceGetTotalEnergyConsumption available via CUDA PCI bus id 0000:00:06.0,143643530676,True,00000000:00:06.0,results/fp16_full_sweep_a100_20260603_044813/raw/full5s_tensor_mma_f16acc_t160_b08_rep003_test_e28d33c3/power.csv,[],80,65536,3,1,test,full5s_tensor_mma_f16acc_t160_b08_rep003_test_e28d33c3,1780464933320061661,1780464914455452002,"['nvml_timed_energy_counter', 'explicit_m16n16k16_denominator', 'strict_denominator_provenance', 'tensor_no_memory_warpsync_baseline', 'timed_kernel_memory_provenance']",fp16-energy-bench-v2,49152,108,results/fp16_full_sweep_a100_20260603_044813/raw/full5s_tensor_mma_f16acc_t160_b08_rep003_test_e28d33c3/sm_util.csv,[],True,160,False,False,False,Tensor HMMA/register baseline uses register operands and consumes registers; no intended global memory operation in the timed kernel,8,unchecked; run Nsight Compute validation separately,2,False,fp16-energy-bench-v2,"nvml_timed_energy_counter,explicit_m16n16k16_denominator,strict_denominator_provenance,tensor_no_memory_warpsync_baseline,timed_kernel_memory_provenance",1042.962,168.9234993043731,nvml_total_energy_counter,1046.7512241524964,169.53722157180792,average_instant,168.96702127659574,nan,168.96702127659574,400.0,True,-3.7892241524964447,0.9963800145965299,47,6,1410.0,1410.0,1410.0,40.87234042553192,41.0,100.0,100.0,100.0,100.0,4096,12288,8192,8192,2,16,221184000000,m16n16k16,16,16,4096,16384
ga100,ampere,"A100/GA100 path uses warp-level HMMA m16n8k16 pairs; compare against H100/RTX3090 only with the same logical m16n16k16 workload, clock policy, and baseline subtraction",ce960f9677a1,results/fp16_full_sweep_a100_20260603_044813/raw/full5s_tensor_mma_f16acc_t192_b04_rep003_baseline_3349feef/bench.json,False,432,4,none,8.0,full5s_tensor_mma_f16acc_t192_b04,0,6166.25048828,,0,NVIDIA A100-SXM4-80GB,580.159.03,0,0,0,baseline_or_memory,benchmark uses warp-level HMMA mma.sync m16n8k16 pairs,datacenter,GPU-736f9b27-a462-1683-4dae-8866344ef6f4,1780464941346350301,1780464935180090248,10666667,tensor_baseline_mov,41943040,256,1,0,0,0,0,NVIDIA A100-SXM4-80GB,400.0,839.116,143645637238,nvmlDeviceGetTotalEnergyConsumption available via CUDA PCI bus id 0000:00:06.0,143644798122,True,00000000:00:06.0,results/fp16_full_sweep_a100_20260603_044813/raw/full5s_tensor_mma_f16acc_t192_b04_rep003_baseline_3349feef/power.csv,[],80,65536,3,10,baseline,full5s_tensor_mma_f16acc_t192_b04_rep003_baseline_3349feef,1780464941459827627,1780464933689798654,"['nvml_timed_energy_counter', 'explicit_m16n16k16_denominator', 'strict_denominator_provenance', 'tensor_no_memory_warpsync_baseline', 'timed_kernel_memory_provenance']",fp16-energy-bench-v2,49152,108,results/fp16_full_sweep_a100_20260603_044813/raw/full5s_tensor_mma_f16acc_t192_b04_rep003_baseline_3349feef/sm_util.csv,[],True,192,False,False,False,Tensor HMMA/register baseline uses register operands and consumes registers; no intended global memory operation in the timed kernel,8,unchecked; run Nsight Compute validation separately,2,False,fp16-energy-bench-v2,"nvml_timed_energy_counter,explicit_m16n16k16_denominator,strict_denominator_provenance,tensor_no_memory_warpsync_baseline,timed_kernel_memory_provenance",839.116,136.08183774081252,nvml_total_energy_counter,837.9220350906835,135.88820904220847,average_instant,136.00063829787234,nan,136.00063829787234,400.0,True,1.1939649093164917,1.0014249116974079,47,6,1410.0,1410.0,1410.0,38.702127659574465,39.0,100.0,100.0,100.0,100.0,,,,,,,,,,,,
ga100,ampere,"A100/GA100 path uses warp-level HMMA m16n8k16 pairs; compare against H100/RTX3090 only with the same logical m16n16k16 workload, clock policy, and baseline subtraction",ce960f9677a1,results/fp16_full_sweep_a100_20260603_044813/raw/full5s_tensor_mma_f16acc_t192_b04_rep003_test_2728175d/bench.json,False,432,4,none,8.0,full5s_tensor_mma_f16acc_t192_b04,0,6364.82128906,,0,NVIDIA A100-SXM4-80GB,580.159.03,0,284.680323662,1811939384623104,tensor_core_mma_m16n16k16_f16acc,benchmark uses warp-level HMMA mma.sync m16n8k16 pairs,datacenter,GPU-736f9b27-a462-1683-4dae-8866344ef6f4,1780464961108427857,1780464954743594998,10666667,tensor_mma_f16acc,41943040,256,1,0,0,0,0,NVIDIA A100-SXM4-80GB,400.0,1051.135,143648849194,nvmlDeviceGetTotalEnergyConsumption available via CUDA PCI bus id 0000:00:06.0,143647798059,True,00000000:00:06.0,results/fp16_full_sweep_a100_20260603_044813/raw/full5s_tensor_mma_f16acc_t192_b04_rep003_test_2728175d/power.csv,[],80,65536,3,1,test,full5s_tensor_mma_f16acc_t192_b04_rep003_test_2728175d,1780464961245502892,1780464941805275396,"['nvml_timed_energy_counter', 'explicit_m16n16k16_denominator', 'strict_denominator_provenance', 'tensor_no_memory_warpsync_baseline', 'timed_kernel_memory_provenance']",fp16-energy-bench-v2,49152,108,results/fp16_full_sweep_a100_20260603_044813/raw/full5s_tensor_mma_f16acc_t192_b04_rep003_test_2728175d/sm_util.csv,"[""Unexpected nvidia-smi dmon output: '0'""]",True,192,False,False,False,Tensor HMMA/register baseline uses register operands and consumes registers; no intended global memory operation in the timed kernel,8,unchecked; run Nsight Compute validation separately,2,False,fp16-energy-bench-v2,"nvml_timed_energy_counter,explicit_m16n16k16_denominator,strict_denominator_provenance,tensor_no_memory_warpsync_baseline,timed_kernel_memory_provenance",1051.135,165.14730603077413,nvml_total_energy_counter,1059.762043057263,166.50272937784038,average_instant,166.01979591836735,nan,166.01979591836735,400.0,True,-8.627043057263108,0.9918594526820612,49,7,1410.0,1410.0,1410.0,40.734693877551024,41.0,100.0,100.0,100.0,100.0,4096,12288,8192,8192,2,16,221184006912,m16n16k16,16,16,4096,16384
ga100,ampere,"A100/GA100 path uses warp-level HMMA m16n8k16 pairs; compare against H100/RTX3090 only with the same logical m16n16k16 workload, clock policy, and baseline subtraction",ce960f9677a1,results/fp16_full_sweep_a100_20260603_044813/raw/full5s_tensor_mma_f16acc_t192_b08_rep003_baseline_05d9b131/bench.json,False,864,8,none,8.0,full5s_tensor_mma_f16acc_t192_b08,0,5819.80761719,,0,NVIDIA A100-SXM4-80GB,580.159.03,0,0,0,baseline_or_memory,benchmark uses warp-level HMMA mma.sync m16n8k16 pairs,datacenter,GPU-736f9b27-a462-1683-4dae-8866344ef6f4,1780464969237254308,1780464963417434779,5333333,tensor_baseline_mov,41943040,256,1,0,0,0,0,NVIDIA A100-SXM4-80GB,400.0,805.586,143649914343,nvmlDeviceGetTotalEnergyConsumption available via CUDA PCI bus id 0000:00:06.0,143649108757,True,00000000:00:06.0,results/fp16_full_sweep_a100_20260603_044813/raw/full5s_tensor_mma_f16acc_t192_b08_rep003_baseline_05d9b131/power.csv,[],80,65536,3,10,baseline,full5s_tensor_mma_f16acc_t192_b08_rep003_baseline_05d9b131,1780464969342744574,1780464962028504047,"['nvml_timed_energy_counter', 'explicit_m16n16k16_denominator', 'strict_denominator_provenance', 'tensor_no_memory_warpsync_baseline', 'timed_kernel_memory_provenance']",fp16-energy-bench-v2,49152,108,results/fp16_full_sweep_a100_20260603_044813/raw/full5s_tensor_mma_f16acc_t192_b08_rep003_baseline_05d9b131/sm_util.csv,[],True,192,False,False,False,Tensor HMMA/register baseline uses register operands and consumes registers; no intended global memory operation in the timed kernel,8,unchecked; run Nsight Compute validation separately,2,False,fp16-energy-bench-v2,"nvml_timed_energy_counter,explicit_m16n16k16_denominator,strict_denominator_provenance,tensor_no_memory_warpsync_baseline,timed_kernel_memory_provenance",805.586,138.42113075599462,nvml_total_energy_counter,810.128414500848,139.2016385497867,average_instant,139.0291111111111,nan,139.0291111111111,400.0,True,-4.54241450084794,0.9943929697816528,45,6,1410.0,1410.0,1410.0,38.75555555555555,39.0,100.0,100.0,100.0,100.0,,,,,,,,,,,,
ga100,ampere,"A100/GA100 path uses warp-level HMMA m16n8k16 pairs; compare against H100/RTX3090 only with the same logical m16n16k16 workload, clock policy, and baseline subtraction",ce960f9677a1,results/fp16_full_sweep_a100_20260603_044813/raw/full5s_tensor_mma_f16acc_t192_b08_rep003_test_10b2a49f/bench.json,False,864,8,none,8.0,full5s_tensor_mma_f16acc_t192_b08,0,6118.21240234,,0,NVIDIA A100-SXM4-80GB,580.159.03,0,296.155003389,1811939214753792,tensor_core_mma_m16n16k16_f16acc,benchmark uses warp-level HMMA mma.sync m16n8k16 pairs,datacenter,GPU-736f9b27-a462-1683-4dae-8866344ef6f4,1780464988740351943,1780464982622120046,5333333,tensor_mma_f16acc,41943040,256,1,0,0,0,0,NVIDIA A100-SXM4-80GB,400.0,1036.666,143653115562,nvmlDeviceGetTotalEnergyConsumption available via CUDA PCI bus id 0000:00:06.0,143652078896,True,00000000:00:06.0,results/fp16_full_sweep_a100_20260603_044813/raw/full5s_tensor_mma_f16acc_t192_b08_rep003_test_10b2a49f/power.csv,[],80,65536,3,1,test,full5s_tensor_mma_f16acc_t192_b08_rep003_test_10b2a49f,1780464988874520654,1780464970175800277,"['nvml_timed_energy_counter', 'explicit_m16n16k16_denominator', 'strict_denominator_provenance', 'tensor_no_memory_warpsync_baseline', 'timed_kernel_memory_provenance']",fp16-energy-bench-v2,49152,108,results/fp16_full_sweep_a100_20260603_044813/raw/full5s_tensor_mma_f16acc_t192_b08_rep003_test_10b2a49f/sm_util.csv,[],True,192,False,False,False,Tensor HMMA/register baseline uses register operands and consumes registers; no intended global memory operation in the timed kernel,8,unchecked; run Nsight Compute validation separately,2,False,fp16-energy-bench-v2,"nvml_timed_energy_counter,explicit_m16n16k16_denominator,strict_denominator_provenance,tensor_no_memory_warpsync_baseline,timed_kernel_memory_provenance",1036.666,169.43882112548175,nvml_total_energy_counter,1042.4156865657035,170.37858389722678,average_instant,169.79021276595745,nan,169.79021276595745,400.0,True,-5.749686565703541,0.9944842670349233,47,6,1410.0,1410.0,1410.0,40.91489361702128,41.0,100.0,100.0,100.0,100.0,4096,12288,8192,8192,2,16,221183986176,m16n16k16,16,16,4096,16384
ga100,ampere,"A100/GA100 path uses warp-level HMMA m16n8k16 pairs; compare against H100/RTX3090 only with the same logical m16n16k16 workload, clock policy, and baseline subtraction",ce960f9677a1,results/fp16_full_sweep_a100_20260603_044813/raw/full5s_tensor_mma_f16acc_t224_b08_rep003_baseline_a5e3e9ff/bench.json,False,864,8,none,8.0,full5s_tensor_mma_f16acc_t224_b08,0,5907.32470703,,0,NVIDIA A100-SXM4-80GB,580.159.03,0,0,0,baseline_or_memory,benchmark uses warp-level HMMA mma.sync m16n8k16 pairs,datacenter,GPU-736f9b27-a462-1683-4dae-8866344ef6f4,1780464996697437265,1780464990790080352,4571429,tensor_baseline_mov,41943040,256,1,0,0,0,0,NVIDIA A100-SXM4-80GB,400.0,815.417,143654163722,nvmlDeviceGetTotalEnergyConsumption available via CUDA PCI bus id 0000:00:06.0,143653348305,True,00000000:00:06.0,results/fp16_full_sweep_a100_20260603_044813/raw/full5s_tensor_mma_f16acc_t224_b08_rep003_baseline_a5e3e9ff/power.csv,[],80,65536,3,10,baseline,full5s_tensor_mma_f16acc_t224_b08_rep003_baseline_a5e3e9ff,1780464996811610223,1780464989393929030,"['nvml_timed_energy_counter', 'explicit_m16n16k16_denominator', 'strict_denominator_provenance', 'tensor_no_memory_warpsync_baseline', 'timed_kernel_memory_provenance']",fp16-energy-bench-v2,49152,108,results/fp16_full_sweep_a100_20260603_044813/raw/full5s_tensor_mma_f16acc_t224_b08_rep003_baseline_a5e3e9ff/sm_util.csv,[],True,224,False,False,False,Tensor HMMA/register baseline uses register operands and consumes registers; no intended global memory operation in the timed kernel,8,unchecked; run Nsight Compute validation separately,2,False,fp16-energy-bench-v2,"nvml_timed_energy_counter,explicit_m16n16k16_denominator,strict_denominator_provenance,tensor_no_memory_warpsync_baseline,timed_kernel_memory_provenance",815.417,138.03415165343338,nvml_total_energy_counter,817.6786652990008,138.41700735900682,average_instant,138.43066666666667,nan,138.43066666666667,400.0,True,-2.2616652990008106,0.9972340414456408,45,6,1410.0,1410.0,1410.0,38.77777777777778,39.0,100.0,100.0,100.0,100.0,,,,,,,,,,,,
ga100,ampere,"A100/GA100 path uses warp-level HMMA m16n8k16 pairs; compare against H100/RTX3090 only with the same logical m16n16k16 workload, clock policy, and baseline subtraction",ce960f9677a1,results/fp16_full_sweep_a100_20260603_044813/raw/full5s_tensor_mma_f16acc_t224_b08_rep003_test_12269162/bench.json,False,864,8,none,8.0,full5s_tensor_mma_f16acc_t224_b08,0,6081.04833984,,0,NVIDIA A100-SXM4-80GB,580.159.03,0,297.964988372,1811939497869312,tensor_core_mma_m16n16k16_f16acc,benchmark uses warp-level HMMA mma.sync m16n8k16 pairs,datacenter,GPU-736f9b27-a462-1683-4dae-8866344ef6f4,1780465016004944053,1780465009923883899,4571429,tensor_mma_f16acc,41943040,256,1,0,0,0,0,NVIDIA A100-SXM4-80GB,400.0,1032.232,143657363368,nvmlDeviceGetTotalEnergyConsumption available via CUDA PCI bus id 0000:00:06.0,143656331136,True,00000000:00:06.0,results/fp16_full_sweep_a100_20260603_044813/raw/full5s_tensor_mma_f16acc_t224_b08_rep003_test_12269162/power.csv,[],80,65536,3,1,test,full5s_tensor_mma_f16acc_t224_b08_rep003_test_12269162,1780465016117215321,1780464997543783976,"['nvml_timed_energy_counter', 'explicit_m16n16k16_denominator', 'strict_denominator_provenance', 'tensor_no_memory_warpsync_baseline', 'timed_kernel_memory_provenance']",fp16-energy-bench-v2,49152,108,results/fp16_full_sweep_a100_20260603_044813/raw/full5s_tensor_mma_f16acc_t224_b08_rep003_test_12269162/sm_util.csv,[],True,224,False,False,False,Tensor HMMA/register baseline uses register operands and consumes registers; no intended global memory operation in the timed kernel,8,unchecked; run Nsight Compute validation separately,2,False,fp16-energy-bench-v2,"nvml_timed_energy_counter,explicit_m16n16k16_denominator,strict_denominator_provenance,tensor_no_memory_warpsync_baseline,timed_kernel_memory_provenance",1032.232,169.74540192979646,nvml_total_energy_counter,1042.8885800784258,171.49782335115273,average_instant,170.07638297872342,nan,170.07638297872342,400.0,True,-10.656580078425804,0.9897816696030707,47,6,1410.0,1410.0,1410.0,40.93617021276596,41.0,100.0,100.0,100.0,100.0,4096,12288,8192,8192,2,16,221184020736,m16n16k16,16,16,4096,16384
ga100,ampere,"A100/GA100 path uses warp-level HMMA m16n8k16 pairs; compare against H100/RTX3090 only with the same logical m16n16k16 workload, clock policy, and baseline subtraction",ce960f9677a1,results/fp16_full_sweep_a100_20260603_044813/raw/full5s_tensor_mma_f16acc_t288_b08_rep003_baseline_823c73e2/bench.json,False,864,8,none,8.0,full5s_tensor_mma_f16acc_t288_b08,0,5567.79394531,,0,NVIDIA A100-SXM4-80GB,580.159.03,0,0,0,baseline_or_memory,benchmark uses warp-level HMMA mma.sync m16n8k16 pairs,datacenter,GPU-736f9b27-a462-1683-4dae-8866344ef6f4,1780465023630218856,1780465018062411070,3555556,tensor_baseline_mov,41943040,256,1,0,0,0,0,NVIDIA A100-SXM4-80GB,400.0,791.008,143658385060,nvmlDeviceGetTotalEnergyConsumption available via CUDA PCI bus id 0000:00:06.0,143657594052,True,00000000:00:06.0,results/fp16_full_sweep_a100_20260603_044813/raw/full5s_tensor_mma_f16acc_t288_b08_rep003_baseline_823c73e2/power.csv,[],80,65536,3,10,baseline,full5s_tensor_mma_f16acc_t288_b08_rep003_baseline_823c73e2,1780465023735860328,1780465016736577148,"['nvml_timed_energy_counter', 'explicit_m16n16k16_denominator', 'strict_denominator_provenance', 'tensor_no_memory_warpsync_baseline', 'timed_kernel_memory_provenance']",fp16-energy-bench-v2,49152,108,results/fp16_full_sweep_a100_20260603_044813/raw/full5s_tensor_mma_f16acc_t288_b08_rep003_baseline_823c73e2/sm_util.csv,[],True,288,False,False,False,Tensor HMMA/register baseline uses register operands and consumes registers; no intended global memory operation in the timed kernel,8,unchecked; run Nsight Compute validation separately,2,False,fp16-energy-bench-v2,"nvml_timed_energy_counter,explicit_m16n16k16_denominator,strict_denominator_provenance,tensor_no_memory_warpsync_baseline,timed_kernel_memory_provenance",791.008,142.0681227518223,nvml_total_energy_counter,781.7173370139172,140.39948343394863,average_instant,139.83659090909092,nan,139.83659090909092,400.0,True,9.290662986082793,1.011884939154058,44,5,1410.0,1410.0,1410.0,38.93181818181818,39.0,100.0,100.0,100.0,100.0,,,,,,,,,,,,
ga100,ampere,"A100/GA100 path uses warp-level HMMA m16n8k16 pairs; compare against H100/RTX3090 only with the same logical m16n16k16 workload, clock policy, and baseline subtraction",ce960f9677a1,results/fp16_full_sweep_a100_20260603_044813/raw/full5s_tensor_mma_f16acc_t288_b08_rep003_test_9b02dff7/bench.json,False,864,8,none,8.0,full5s_tensor_mma_f16acc_t288_b08,0,5892.48730469,,0,NVIDIA A100-SXM4-80GB,580.159.03,0,307.499950496,1811939554492416,tensor_core_mma_m16n16k16_f16acc,benchmark uses warp-level HMMA mma.sync m16n8k16 pairs,datacenter,GPU-736f9b27-a462-1683-4dae-8866344ef6f4,1780465042840814375,1780465036948316451,3555556,tensor_mma_f16acc,41943040,256,1,0,0,0,0,NVIDIA A100-SXM4-80GB,400.0,1033.055,143661589308,nvmlDeviceGetTotalEnergyConsumption available via CUDA PCI bus id 0000:00:06.0,143660556253,True,00000000:00:06.0,results/fp16_full_sweep_a100_20260603_044813/raw/full5s_tensor_mma_f16acc_t288_b08_rep003_test_9b02dff7/power.csv,[],80,65536,3,1,test,full5s_tensor_mma_f16acc_t288_b08_rep003_test_9b02dff7,1780465042946075938,1780465024954464777,"['nvml_timed_energy_counter', 'explicit_m16n16k16_denominator', 'strict_denominator_provenance', 'tensor_no_memory_warpsync_baseline', 'timed_kernel_memory_provenance']",fp16-energy-bench-v2,49152,108,results/fp16_full_sweep_a100_20260603_044813/raw/full5s_tensor_mma_f16acc_t288_b08_rep003_test_9b02dff7/sm_util.csv,[],True,288,False,False,False,Tensor HMMA/register baseline uses register operands and consumes registers; no intended global memory operation in the timed kernel,8,unchecked; run Nsight Compute validation separately,2,False,fp16-energy-bench-v2,"nvml_timed_energy_counter,explicit_m16n16k16_denominator,strict_denominator_provenance,tensor_no_memory_warpsync_baseline,timed_kernel_memory_provenance",1033.055,175.31699006501,nvml_total_energy_counter,1027.9342118208967,174.4479548536022,average_instant,174.3195652173913,nan,174.3195652173913,400.0,True,5.120788179103329,1.0049816302640928,46,6,1410.0,1410.0,1410.0,41.67391304347826,42.0,100.0,100.0,100.0,100.0,4096,12288,8192,8192,2,16,221184027648,m16n16k16,16,16,4096,16384
ga100,ampere,"A100/GA100 path uses warp-level HMMA m16n8k16 pairs; compare against H100/RTX3090 only with the same logical m16n16k16 workload, clock policy, and baseline subtraction",ce960f9677a1,results/fp16_full_sweep_a100_20260603_044813/raw/full5s_tensor_mma_f16acc_t320_b08_rep003_baseline_5aafc6e9/bench.json,False,864,8,none,8.0,full5s_tensor_mma_f16acc_t320_b08,0,5460.87109375,,0,NVIDIA A100-SXM4-80GB,580.159.03,0,0,0,baseline_or_memory,benchmark uses warp-level HMMA mma.sync m16n8k16 pairs,datacenter,GPU-736f9b27-a462-1683-4dae-8866344ef6f4,1780465050948685477,1780465045487802258,3200000,tensor_baseline_mov,41943040,256,1,0,0,0,0,NVIDIA A100-SXM4-80GB,400.0,778.738,143662652848,nvmlDeviceGetTotalEnergyConsumption available via CUDA PCI bus id 0000:00:06.0,143661874110,True,00000000:00:06.0,results/fp16_full_sweep_a100_20260603_044813/raw/full5s_tensor_mma_f16acc_t320_b08_rep003_baseline_5aafc6e9/power.csv,[],80,65536,3,10,baseline,full5s_tensor_mma_f16acc_t320_b08_rep003_baseline_5aafc6e9,1780465051049532157,1780465044179507444,"['nvml_timed_energy_counter', 'explicit_m16n16k16_denominator', 'strict_denominator_provenance', 'tensor_no_memory_warpsync_baseline', 'timed_kernel_memory_provenance']",fp16-energy-bench-v2,49152,108,results/fp16_full_sweep_a100_20260603_044813/raw/full5s_tensor_mma_f16acc_t320_b08_rep003_baseline_5aafc6e9/sm_util.csv,[],True,320,False,False,False,Tensor HMMA/register baseline uses register operands and consumes registers; no intended global memory operation in the timed kernel,8,unchecked; run Nsight Compute validation separately,2,False,fp16-energy-bench-v2,"nvml_timed_energy_counter,explicit_m16n16k16_denominator,strict_denominator_provenance,tensor_no_memory_warpsync_baseline,timed_kernel_memory_provenance",778.738,142.60293962898606,nvml_total_energy_counter,768.4747159350271,140.72352129070993,average_instant,140.33093023255813,nan,140.33093023255813,400.0,True,10.263284064972936,1.0133553958928698,43,5,1410.0,1410.0,1410.0,38.95348837209303,39.0,99.83720930232558,100.0,99.8,100.0,,,,,,,,,,,,
ga100,ampere,"A100/GA100 path uses warp-level HMMA m16n8k16 pairs; compare against H100/RTX3090 only with the same logical m16n16k16 workload, clock policy, and baseline subtraction",ce960f9677a1,results/fp16_full_sweep_a100_20260603_044813/raw/full5s_tensor_mma_f16acc_t320_b08_rep003_test_9a157560/bench.json,False,864,8,none,8.0,full5s_tensor_mma_f16acc_t320_b08,0,5890.61132812,,0,NVIDIA A100-SXM4-80GB,580.159.03,0,307.59784122,1811939328000000,tensor_core_mma_m16n16k16_f16acc,benchmark uses warp-level HMMA mma.sync m16n8k16 pairs,datacenter,GPU-736f9b27-a462-1683-4dae-8866344ef6f4,1780465069215027390,1780465063324386572,3200000,tensor_mma_f16acc,41943040,256,1,0,0,0,0,NVIDIA A100-SXM4-80GB,400.0,1018.221,143665772987,nvmlDeviceGetTotalEnergyConsumption available via CUDA PCI bus id 0000:00:06.0,143664754766,True,00000000:00:06.0,results/fp16_full_sweep_a100_20260603_044813/raw/full5s_tensor_mma_f16acc_t320_b08_rep003_test_9a157560/power.csv,[],80,65536,3,1,test,full5s_tensor_mma_f16acc_t320_b08_rep003_test_9a157560,1780465069313485281,1780465051329401743,"['nvml_timed_energy_counter', 'explicit_m16n16k16_denominator', 'strict_denominator_provenance', 'tensor_no_memory_warpsync_baseline', 'timed_kernel_memory_provenance']",fp16-energy-bench-v2,49152,108,results/fp16_full_sweep_a100_20260603_044813/raw/full5s_tensor_mma_f16acc_t320_b08_rep003_test_9a157560/sm_util.csv,[],True,320,False,False,False,Tensor HMMA/register baseline uses register operands and consumes registers; no intended global memory operation in the timed kernel,8,unchecked; run Nsight Compute validation separately,2,False,fp16-energy-bench-v2,"nvml_timed_energy_counter,explicit_m16n16k16_denominator,strict_denominator_provenance,tensor_no_memory_warpsync_baseline,timed_kernel_memory_provenance",1018.221,172.85402920657248,nvml_total_energy_counter,1026.2430836142041,174.2158646777985,average_instant,173.69565217391303,nan,173.69565217391303,400.0,True,-8.02208361420412,0.9921830570726459,46,6,1410.0,1410.0,1410.0,41.869565217391305,42.0,100.0,100.0,100.0,100.0,4096,12288,8192,8192,2,16,221184000000,m16n16k16,16,16,4096,16384
ga100,ampere,"A100/GA100 path uses warp-level HMMA m16n8k16 pairs; compare against H100/RTX3090 only with the same logical m16n16k16 workload, clock policy, and baseline subtraction",ce960f9677a1,results/fp16_full_sweep_a100_20260603_044813/raw/long5s_tensor_mma_f16acc_t384_b2_rep003_baseline_739487d2/bench.json,False,216,2,none,8.0,long5s_tensor_mma_f16acc_t384_b2,0,5771.14208984,,0,NVIDIA A100-SXM4-80GB,580.159.03,0,0,0,baseline_or_memory,benchmark uses warp-level HMMA mma.sync m16n8k16 pairs,datacenter,GPU-736f9b27-a462-1683-4dae-8866344ef6f4,1780465076688702247,1780465070917551395,10666667,tensor_baseline_mov,41943040,256,1,0,0,0,0,NVIDIA A100-SXM4-80GB,400.0,791.976,143666775661,nvmlDeviceGetTotalEnergyConsumption available via CUDA PCI bus id 0000:00:06.0,143665983685,True,00000000:00:06.0,results/fp16_full_sweep_a100_20260603_044813/raw/long5s_tensor_mma_f16acc_t384_b2_rep003_baseline_739487d2/power.csv,[],80,65536,3,10,baseline,long5s_tensor_mma_f16acc_t384_b2_rep003_baseline_739487d2,1780465076790390486,1780465069548726786,"['nvml_timed_energy_counter', 'explicit_m16n16k16_denominator', 'strict_denominator_provenance', 'tensor_no_memory_warpsync_baseline', 'timed_kernel_memory_provenance']",fp16-energy-bench-v2,49152,108,results/fp16_full_sweep_a100_20260603_044813/raw/long5s_tensor_mma_f16acc_t384_b2_rep003_baseline_739487d2/sm_util.csv,[],True,384,False,False,False,Tensor HMMA/register baseline uses register operands and consumes registers; no intended global memory operation in the timed kernel,8,unchecked; run Nsight Compute validation separately,2,False,fp16-energy-bench-v2,"nvml_timed_energy_counter,explicit_m16n16k16_denominator,strict_denominator_provenance,tensor_no_memory_warpsync_baseline,timed_kernel_memory_provenance",791.976,137.23016783135026,nvml_total_energy_counter,795.044647172594,137.76188970993024,average_instant,137.38644444444446,nan,137.38644444444446,400.0,True,-3.0686471725939555,0.9961402832111291,45,6,1410.0,1410.0,1410.0,38.93333333333333,39.0,100.0,100.0,100.0,100.0,,,,,,,,,,,,
ga100,ampere,"A100/GA100 path uses warp-level HMMA m16n8k16 pairs; compare against H100/RTX3090 only with the same logical m16n16k16 workload, clock policy, and baseline subtraction",ce960f9677a1,results/fp16_full_sweep_a100_20260603_044813/raw/long5s_tensor_mma_f16acc_t384_b2_rep003_test_80133bbd/bench.json,False,216,2,none,8.0,long5s_tensor_mma_f16acc_t384_b2,0,5891.08544922,,0,NVIDIA A100-SXM4-80GB,580.159.03,0,307.573095017,1811939384623104,tensor_core_mma_m16n16k16_f16acc,benchmark uses warp-level HMMA mma.sync m16n8k16 pairs,datacenter,GPU-736f9b27-a462-1683-4dae-8866344ef6f4,1780465095583687956,1780465089692594109,10666667,tensor_mma_f16acc,41943040,256,1,0,0,0,0,NVIDIA A100-SXM4-80GB,400.0,1019.463,143669961905,nvmlDeviceGetTotalEnergyConsumption available via CUDA PCI bus id 0000:00:06.0,143668942442,True,00000000:00:06.0,results/fp16_full_sweep_a100_20260603_044813/raw/long5s_tensor_mma_f16acc_t384_b2_rep003_test_80133bbd/power.csv,[],80,65536,3,1,test,long5s_tensor_mma_f16acc_t384_b2_rep003_test_80133bbd,1780465095693061008,1780465077695894840,"['nvml_timed_energy_counter', 'explicit_m16n16k16_denominator', 'strict_denominator_provenance', 'tensor_no_memory_warpsync_baseline', 'timed_kernel_memory_provenance']",fp16-energy-bench-v2,49152,108,results/fp16_full_sweep_a100_20260603_044813/raw/long5s_tensor_mma_f16acc_t384_b2_rep003_test_80133bbd/sm_util.csv,[],True,384,False,False,False,Tensor HMMA/register baseline uses register operands and consumes registers; no intended global memory operation in the timed kernel,8,unchecked; run Nsight Compute validation separately,2,False,fp16-energy-bench-v2,"nvml_timed_energy_counter,explicit_m16n16k16_denominator,strict_denominator_provenance,tensor_no_memory_warpsync_baseline,timed_kernel_memory_provenance",1019.463,173.0515633389807,nvml_total_energy_counter,1031.6987106052256,175.1285478384649,average_instant,175.09739130434784,nan,175.09739130434784,400.0,True,-12.235710605225677,0.9881402288483545,46,6,1410.0,1410.0,1410.0,41.91304347826087,42.0,100.0,100.0,100.0,100.0,4096,12288,8192,8192,2,16,221184006912,m16n16k16,16,16,4096,16384
