condition,pair_index,repeat_index,gpu,architecture_generation,architecture_chip,gpu_product_class,recommended_cuda_arch,sm_count,fp16_tensor_instruction_path,wgmma_supported,benchmark_uses_wgmma,fp16_path,test_benchmark_schema_version,baseline_benchmark_schema_version,test_benchmark_schema_features,baseline_benchmark_schema_features,test_bench_build_git_commit,baseline_bench_build_git_commit,test_kernel,baseline_kernel,blocks,threads,threads_per_sm,blocks_per_sm_requested,iters,unroll,elapsed_s,baseline_elapsed_s,fp16_ops,memory_bytes,memory_bits,matmul_input_bits,matmul_accumulator_read_bits,matmul_output_bits,matmul_arithmetic_read_bits,matmul_register_read_write_bits,matmul_logical_mma_count,matmul_flops_per_logical_mma,matmul_input_bits_per_logical_mma,matmul_accumulator_bits_per_logical_mma,matmul_output_bits_per_logical_mma,matmul_arithmetic_read_bits_per_logical_mma,matmul_register_read_write_bits_per_logical_mma,matmul_denominator_metadata_complete,matmul_denominator_source,matmul_denominator_valid,matmul_denominator_note,tensor_model_architecture_chip,tensor_model_accumulator_mode,tensor_model_reference_note,tensor_model_reference_url,tensor_model_reference_dense_tflops,tensor_model_reference_sparse_tflops,tensor_model_reference_dense_f16acc_tflops,tensor_model_reference_dense_f32acc_tflops,tensor_model_flop_per_sm_cycle,tensor_model_f16acc_flop_per_sm_cycle,tensor_model_f32acc_flop_per_sm_cycle,tensor_model_clock_mhz,tensor_model_clock_source,tensor_model_common_instruction_path,tensor_model_normalization_scope,tensor_peak_tflops_model,achieved_flops_per_sm_cycle,tensor_model_utilization_pct,suppress_output_store,test_timed_kernel_memory_provenance_available,baseline_timed_kernel_memory_provenance_available,test_timed_kernel_memory_provenance_source,baseline_timed_kernel_memory_provenance_source,test_timed_kernel_global_input_loads,baseline_timed_kernel_global_input_loads,test_timed_kernel_global_output_stores,baseline_timed_kernel_global_output_stores,test_timed_kernel_has_intended_global_memory,baseline_timed_kernel_has_intended_global_memory,test_timed_kernel_memory_provenance_note,baseline_timed_kernel_memory_provenance_note,timed_kernel_has_intended_global_memory,expected_l2_touch,tflops,memory_gbps,test_avg_power_w,baseline_avg_power_w,test_energy_j,baseline_energy_j,test_energy_source,baseline_energy_source,test_power_trace_energy_j,baseline_power_trace_energy_j,test_power_trace_avg_power_w,baseline_power_trace_avg_power_w,test_power_trace_query_modes,baseline_power_trace_query_modes,test_avg_power_draw_average_w,baseline_avg_power_draw_average_w,test_avg_power_draw_instant_w,baseline_avg_power_draw_instant_w,test_avg_power_limit_w,baseline_avg_power_limit_w,test_nvml_energy_delta_j,baseline_nvml_energy_delta_j,test_energy_counter_vs_trace_delta_j,baseline_energy_counter_vs_trace_delta_j,test_energy_counter_vs_trace_ratio,baseline_energy_counter_vs_trace_ratio,baseline_scaled_energy_j,baseline_energy_fraction,incremental_energy_fraction,baseline_power_fraction,energy_sources_match,incremental_power_w,incremental_energy_j,pj_per_flop,w_per_tflops,incremental_pj_per_bit,total_pj_per_bit,matmul_input_pj_per_bit,matmul_arithmetic_read_pj_per_bit,matmul_register_read_write_pj_per_bit,test_power_samples,baseline_power_samples,test_sm_util_samples,baseline_sm_util_samples,avg_sm_clock_mhz,clock_span_mhz,max_temp_c,avg_gpu_util_pct,max_gpu_util_pct,avg_sm_util_pct,max_sm_util_pct,valid_basic,valid_no_l2,pure_fp16_candidate,separation_quality,test_run_id,baseline_run_id,test_power_csv,baseline_power_csv,test_sm_util_csv,baseline_sm_util_csv
long5s_tensor_mma_f16acc_t128_b1,0,0,NVIDIA A100-SXM4-80GB,ampere,ga100,datacenter,80,108,benchmark uses warp-level HMMA mma.sync m16n8k16 pairs,False,False,tensor_core_mma_m16n16k16_f16acc,fp16-energy-bench-v2,fp16-energy-bench-v2,"nvml_timed_energy_counter,explicit_m16n16k16_denominator,strict_denominator_provenance,tensor_no_memory_warpsync_baseline,timed_kernel_memory_provenance","nvml_timed_energy_counter,explicit_m16n16k16_denominator,strict_denominator_provenance,tensor_no_memory_warpsync_baseline,timed_kernel_memory_provenance",ce960f9677a1,ce960f9677a1,tensor_mma_f16acc,tensor_baseline_mov,108,128,128.0,1,64000000,8,8.907233398439999,28.16565625,1811939328000000.0,0.0,0.0,1811939328000000.0,905969664000000.0,905969664000000.0,2717908992000000.0,3623878656000000.0,221184000000.0,8192.0,8192.0,4096.0,4096.0,12288.0,16384.0,True,bench_json_metadata,True,logical_m16n16k16_input_bits_8192,ga100,f16acc,"A100 SXM dense FP16 Tensor Core peak, no sparsity",https://www.nvidia.com/en-us/data-center/a100/,312.0,624.0,312.0,312.0,2048.0,2048.0,2048.0,1410.0,measured_avg_sm_clock_mhz,warp-level HMMA mma.sync.aligned.m16n8k16 pair -> logical m16n16k16,"dense FP16 Tensor Core HMMA normalization only; no sparsity, no WGMMA",311.86944,1335.8507877268578,65.22708924447548,True,True,True,bench_json_metadata,bench_json_metadata,False,False,False,False,False,False,Tensor HMMA/register baseline uses register operands and consumes registers; no intended global memory operation in the timed kernel,Tensor HMMA/register baseline uses register operands and consumes registers; no intended global memory operation in the timed kernel,False,False,203.4233579550459,nan,140.71600806545985,103.56320116272003,1253.391,2916.914,nvml_total_energy_counter,nvml_total_energy_counter,1262.661316783155,2919.961877416324,141.75677026275326,103.67141413779783,average_instant,average_instant,nan,nan,141.7563768115942,103.67129032258066,400.0,400.0,1253.391,2916.914,-9.27031678315484,-3.0478774163238995,0.9926581129397608,0.9989561927366597,922.4616042459401,0.7359727365570201,0.2640272634429799,0.735973131888046,True,37.15280690273981,330.92939575406,0.18263823221903155,0.18263786064798976,nan,nan,0.18263823221903155,0.12175882147935438,0.09131911610951578,69,217,9,28,1410.0,0.0,38.0,99.89855072463769,100.0,99.88888888888889,100.0,True,True,True,pure_fp16_candidate_no_l2,long5s_tensor_mma_f16acc_t128_b1_rep000_test_8bef01a0,long5s_tensor_mma_f16acc_t128_b1_rep000_baseline_04de43bb,results/fp16_long_sweep_a100_20260603_034822/raw/long5s_tensor_mma_f16acc_t128_b1_rep000_test_8bef01a0/power.csv,results/fp16_long_sweep_a100_20260603_034822/raw/long5s_tensor_mma_f16acc_t128_b1_rep000_baseline_04de43bb/power.csv,results/fp16_long_sweep_a100_20260603_034822/raw/long5s_tensor_mma_f16acc_t128_b1_rep000_test_8bef01a0/sm_util.csv,results/fp16_long_sweep_a100_20260603_034822/raw/long5s_tensor_mma_f16acc_t128_b1_rep000_baseline_04de43bb/sm_util.csv
long5s_tensor_mma_f16acc_t128_b2,0,0,NVIDIA A100-SXM4-80GB,ampere,ga100,datacenter,80,108,benchmark uses warp-level HMMA mma.sync m16n8k16 pairs,False,False,tensor_core_mma_m16n16k16_f16acc,fp16-energy-bench-v2,fp16-energy-bench-v2,"nvml_timed_energy_counter,explicit_m16n16k16_denominator,strict_denominator_provenance,tensor_no_memory_warpsync_baseline,timed_kernel_memory_provenance","nvml_timed_energy_counter,explicit_m16n16k16_denominator,strict_denominator_provenance,tensor_no_memory_warpsync_baseline,timed_kernel_memory_provenance",ce960f9677a1,ce960f9677a1,tensor_mma_f16acc,tensor_baseline_mov,216,128,256.0,2,32000000,8,6.70166015625,14.7610917969,1811939328000000.0,0.0,0.0,1811939328000000.0,905969664000000.0,905969664000000.0,2717908992000000.0,3623878656000000.0,221184000000.0,8192.0,8192.0,4096.0,4096.0,12288.0,16384.0,True,bench_json_metadata,True,logical_m16n16k16_input_bits_8192,ga100,f16acc,"A100 SXM dense FP16 Tensor Core peak, no sparsity",https://www.nvidia.com/en-us/data-center/a100/,312.0,624.0,312.0,312.0,2048.0,2048.0,2048.0,1410.0,measured_avg_sm_clock_mhz,warp-level HMMA mma.sync.aligned.m16n8k16 pair -> logical m16n16k16,"dense FP16 Tensor Core HMMA normalization only; no sparsity, no WGMMA",311.86944,1775.4906208838765,86.69387797284554,True,True,True,bench_json_metadata,bench_json_metadata,False,False,False,False,False,False,Tensor HMMA/register baseline uses register operands and consumes registers; no intended global memory operation in the timed kernel,Tensor HMMA/register baseline uses register operands and consumes registers; no intended global memory operation in the timed kernel,False,False,270.37171174819673,nan,158.60343245755152,110.71995013831985,1062.91,1634.343,nvml_total_energy_counter,nvml_total_energy_counter,1063.4127235416365,1632.9996502647564,158.67844697362602,110.62894377325173,average_instant,average_instant,nan,nan,158.56450980392157,110.62789473684211,400.0,400.0,1062.91,1634.343,-0.502723541636442,1.3433497352436916,0.999527254535791,1.0008226270807994,742.0074783439647,0.6980905987750277,0.3019094012249723,0.6980930262524604,True,47.883482319231675,320.90252165603533,0.1771044519521767,0.1771024121185675,nan,nan,0.1771044519521767,0.11806963463478445,0.08855222597608835,51,114,7,14,1410.0,0.0,40.0,100.0,100.0,100.0,100.0,True,True,True,pure_fp16_candidate_no_l2,long5s_tensor_mma_f16acc_t128_b2_rep000_test_eb1f3d37,long5s_tensor_mma_f16acc_t128_b2_rep000_baseline_6ae9ae1c,results/fp16_long_sweep_a100_20260603_034822/raw/long5s_tensor_mma_f16acc_t128_b2_rep000_test_eb1f3d37/power.csv,results/fp16_long_sweep_a100_20260603_034822/raw/long5s_tensor_mma_f16acc_t128_b2_rep000_baseline_6ae9ae1c/power.csv,results/fp16_long_sweep_a100_20260603_034822/raw/long5s_tensor_mma_f16acc_t128_b2_rep000_test_eb1f3d37/sm_util.csv,results/fp16_long_sweep_a100_20260603_034822/raw/long5s_tensor_mma_f16acc_t128_b2_rep000_baseline_6ae9ae1c/sm_util.csv
long5s_tensor_mma_f16acc_t128_b4,0,0,NVIDIA A100-SXM4-80GB,ampere,ga100,datacenter,80,108,benchmark uses warp-level HMMA mma.sync m16n8k16 pairs,False,False,tensor_core_mma_m16n16k16_f16acc,fp16-energy-bench-v2,fp16-energy-bench-v2,"nvml_timed_energy_counter,explicit_m16n16k16_denominator,strict_denominator_provenance,tensor_no_memory_warpsync_baseline,timed_kernel_memory_provenance","nvml_timed_energy_counter,explicit_m16n16k16_denominator,strict_denominator_provenance,tensor_no_memory_warpsync_baseline,timed_kernel_memory_provenance",ce960f9677a1,ce960f9677a1,tensor_mma_f16acc,tensor_baseline_mov,432,128,512.0,4,16000000,8,6.38987695312,7.68240625,1811939328000000.0,0.0,0.0,1811939328000000.0,905969664000000.0,905969664000000.0,2717908992000000.0,3623878656000000.0,221184000000.0,8192.0,8192.0,4096.0,4096.0,12288.0,16384.0,True,bench_json_metadata,True,logical_m16n16k16_input_bits_8192,ga100,f16acc,"A100 SXM dense FP16 Tensor Core peak, no sparsity",https://www.nvidia.com/en-us/data-center/a100/,312.0,624.0,312.0,312.0,2048.0,2048.0,2048.0,1410.0,measured_avg_sm_clock_mhz,warp-level HMMA mma.sync.aligned.m16n8k16 pair -> logical m16n16k16,"dense FP16 Tensor Core HMMA normalization only; no sparsity, no WGMMA",311.86944,1862.1226729511948,90.92395864019507,True,True,True,bench_json_metadata,bench_json_metadata,False,False,False,False,False,False,Tensor HMMA/register baseline uses register operands and consumes registers; no intended global memory operation in the timed kernel,Tensor HMMA/register baseline uses register operands and consumes registers; no intended global memory operation in the timed kernel,False,False,283.56404063700796,nan,161.4808792134991,122.28629699107348,1031.844,939.454,nvml_total_energy_counter,nvml_total_energy_counter,1044.4648106254892,945.573129945514,163.45600296882554,123.082808307055,average_instant,average_instant,nan,nan,163.24367346938777,123.09745762711864,400.0,400.0,1031.844,939.454,-12.620810625489185,-6.119129945514032,0.9879164807688149,0.9935286550011562,781.3943908256481,0.7572795798838274,0.24272042011617256,0.7572803516222798,True,39.19458222242561,250.44960917435196,0.13822185174974688,0.13822127140795976,nan,nan,0.13822185174974688,0.09214790116649792,0.06911092587487344,49,59,7,8,1410.0,0.0,40.0,100.0,100.0,100.0,100.0,True,True,True,pure_fp16_candidate_no_l2,long5s_tensor_mma_f16acc_t128_b4_rep000_test_e10ef41d,long5s_tensor_mma_f16acc_t128_b4_rep000_baseline_bc8f6649,results/fp16_long_sweep_a100_20260603_034822/raw/long5s_tensor_mma_f16acc_t128_b4_rep000_test_e10ef41d/power.csv,results/fp16_long_sweep_a100_20260603_034822/raw/long5s_tensor_mma_f16acc_t128_b4_rep000_baseline_bc8f6649/power.csv,results/fp16_long_sweep_a100_20260603_034822/raw/long5s_tensor_mma_f16acc_t128_b4_rep000_test_e10ef41d/sm_util.csv,results/fp16_long_sweep_a100_20260603_034822/raw/long5s_tensor_mma_f16acc_t128_b4_rep000_baseline_bc8f6649/sm_util.csv
long5s_tensor_mma_f16acc_t128_b8,0,0,NVIDIA A100-SXM4-80GB,ampere,ga100,datacenter,80,108,benchmark uses warp-level HMMA mma.sync m16n8k16 pairs,False,False,tensor_core_mma_m16n16k16_f16acc,fp16-energy-bench-v2,fp16-energy-bench-v2,"nvml_timed_energy_counter,explicit_m16n16k16_denominator,strict_denominator_provenance,tensor_no_memory_warpsync_baseline,timed_kernel_memory_provenance","nvml_timed_energy_counter,explicit_m16n16k16_denominator,strict_denominator_provenance,tensor_no_memory_warpsync_baseline,timed_kernel_memory_provenance",ce960f9677a1,ce960f9677a1,tensor_mma_f16acc,tensor_baseline_mov,864,128,1024.0,8,8000000,8,6.14352490234,6.984665039059999,1811939328000000.0,0.0,0.0,1811939328000000.0,905969664000000.0,905969664000000.0,2717908992000000.0,3623878656000000.0,221184000000.0,8192.0,8192.0,4096.0,4096.0,12288.0,16384.0,True,bench_json_metadata,True,logical_m16n16k16_input_bits_8192,ga100,f16acc,"A100 SXM dense FP16 Tensor Core peak, no sparsity",https://www.nvidia.com/en-us/data-center/a100/,312.0,624.0,312.0,312.0,2048.0,2048.0,2048.0,1410.0,measured_avg_sm_clock_mhz,warp-level HMMA mma.sync.aligned.m16n8k16 pair -> logical m16n16k16,"dense FP16 Tensor Core HMMA normalization only; no sparsity, no WGMMA",311.86944,1936.792792561312,94.5699605742828,True,True,True,bench_json_metadata,bench_json_metadata,False,False,False,False,False,False,Tensor HMMA/register baseline uses register operands and consumes registers; no intended global memory operation in the timed kernel,Tensor HMMA/register baseline uses register operands and consumes registers; no intended global memory operation in the timed kernel,False,False,294.93480645123657,nan,166.6396190107945,129.10643977501442,1023.756,901.766,nvml_total_energy_counter,nvml_total_energy_counter,1026.8169505699573,908.9366551641356,167.1378584709672,130.13306725830373,average_instant,average_instant,nan,nan,166.87416666666667,130.01129629629628,400.0,400.0,1023.756,901.766,-3.060950569957299,-7.17065516413561,0.997018991001017,0.9921109407092392,793.1686278102607,0.7747633496753725,0.22523665032462747,0.7747643720107835,True,37.53317923578007,230.5873721897393,0.12725998526907592,0.1272592397194248,nan,nan,0.12725998526907592,0.08483999017938394,0.06362999263453796,48,54,6,7,1410.0,0.0,41.0,100.0,100.0,100.0,100.0,True,True,True,pure_fp16_candidate_no_l2,long5s_tensor_mma_f16acc_t128_b8_rep000_test_77d31a2f,long5s_tensor_mma_f16acc_t128_b8_rep000_baseline_7f04bb05,results/fp16_long_sweep_a100_20260603_034822/raw/long5s_tensor_mma_f16acc_t128_b8_rep000_test_77d31a2f/power.csv,results/fp16_long_sweep_a100_20260603_034822/raw/long5s_tensor_mma_f16acc_t128_b8_rep000_baseline_7f04bb05/power.csv,results/fp16_long_sweep_a100_20260603_034822/raw/long5s_tensor_mma_f16acc_t128_b8_rep000_test_77d31a2f/sm_util.csv,results/fp16_long_sweep_a100_20260603_034822/raw/long5s_tensor_mma_f16acc_t128_b8_rep000_baseline_7f04bb05/sm_util.csv
long5s_tensor_mma_f16acc_t256_b1,0,0,NVIDIA A100-SXM4-80GB,ampere,ga100,datacenter,80,108,benchmark uses warp-level HMMA mma.sync m16n8k16 pairs,False,False,tensor_core_mma_m16n16k16_f16acc,fp16-energy-bench-v2,fp16-energy-bench-v2,"nvml_timed_energy_counter,explicit_m16n16k16_denominator,strict_denominator_provenance,tensor_no_memory_warpsync_baseline,timed_kernel_memory_provenance","nvml_timed_energy_counter,explicit_m16n16k16_denominator,strict_denominator_provenance,tensor_no_memory_warpsync_baseline,timed_kernel_memory_provenance",ce960f9677a1,ce960f9677a1,tensor_mma_f16acc,tensor_baseline_mov,108,256,256.0,1,32000000,8,6.05296630859,14.7587695312,1811939328000000.0,0.0,0.0,1811939328000000.0,905969664000000.0,905969664000000.0,2717908992000000.0,3623878656000000.0,221184000000.0,8192.0,8192.0,4096.0,4096.0,12288.0,16384.0,True,bench_json_metadata,True,logical_m16n16k16_input_bits_8192,ga100,f16acc,"A100 SXM dense FP16 Tensor Core peak, no sparsity",https://www.nvidia.com/en-us/data-center/a100/,312.0,624.0,312.0,312.0,2048.0,2048.0,2048.0,1410.0,measured_avg_sm_clock_mhz,warp-level HMMA mma.sync.aligned.m16n8k16 pair -> logical m16n16k16,"dense FP16 Tensor Core HMMA normalization only; no sparsity, no WGMMA",311.86944,1965.7692022648616,95.98482432933896,True,True,True,bench_json_metadata,bench_json_metadata,False,False,False,False,False,False,Tensor HMMA/register baseline uses register operands and consumes registers; no intended global memory operation in the timed kernel,Tensor HMMA/register baseline uses register operands and consumes registers; no intended global memory operation in the timed kernel,False,False,299.34733412089315,nan,168.52076375721097,108.00159096357201,1020.052,1593.97,nvml_total_energy_counter,nvml_total_energy_counter,1024.7449629190944,1592.3028357009441,169.29607883468748,107.88862999398306,average_instant,average_instant,nan,nan,168.9572340425532,107.88859649122806,400.0,400.0,1020.052,1593.97,-4.692962919094384,1.6671642990559121,0.9954203601004039,1.0010470145889818,653.7299913766196,0.6408790839845612,0.3591209160154388,0.6408800230645207,True,60.51917279363896,366.3220086233804,0.20217123330929784,0.20217040840322947,nan,nan,0.20217123330929784,0.13478082220619858,0.10108561665464892,47,114,6,14,1410.0,0.0,41.0,99.85106382978724,100.0,99.83333333333333,100.0,True,True,True,pure_fp16_candidate_no_l2,long5s_tensor_mma_f16acc_t256_b1_rep000_test_f6ec6933,long5s_tensor_mma_f16acc_t256_b1_rep000_baseline_7c558d08,results/fp16_long_sweep_a100_20260603_034822/raw/long5s_tensor_mma_f16acc_t256_b1_rep000_test_f6ec6933/power.csv,results/fp16_long_sweep_a100_20260603_034822/raw/long5s_tensor_mma_f16acc_t256_b1_rep000_baseline_7c558d08/power.csv,results/fp16_long_sweep_a100_20260603_034822/raw/long5s_tensor_mma_f16acc_t256_b1_rep000_test_f6ec6933/sm_util.csv,results/fp16_long_sweep_a100_20260603_034822/raw/long5s_tensor_mma_f16acc_t256_b1_rep000_baseline_7c558d08/sm_util.csv
long5s_tensor_mma_f16acc_t256_b2,0,0,NVIDIA A100-SXM4-80GB,ampere,ga100,datacenter,80,108,benchmark uses warp-level HMMA mma.sync m16n8k16 pairs,False,False,tensor_core_mma_m16n16k16_f16acc,fp16-energy-bench-v2,fp16-energy-bench-v2,"nvml_timed_energy_counter,explicit_m16n16k16_denominator,strict_denominator_provenance,tensor_no_memory_warpsync_baseline,timed_kernel_memory_provenance","nvml_timed_energy_counter,explicit_m16n16k16_denominator,strict_denominator_provenance,tensor_no_memory_warpsync_baseline,timed_kernel_memory_provenance",ce960f9677a1,ce960f9677a1,tensor_mma_f16acc,tensor_baseline_mov,216,256,512.0,2,16000000,8,5.961109375,7.37937207031,1811939328000000.0,0.0,0.0,1811939328000000.0,905969664000000.0,905969664000000.0,2717908992000000.0,3623878656000000.0,221184000000.0,8192.0,8192.0,4096.0,4096.0,12288.0,16384.0,True,bench_json_metadata,True,logical_m16n16k16_input_bits_8192,ga100,f16acc,"A100 SXM dense FP16 Tensor Core peak, no sparsity",https://www.nvidia.com/en-us/data-center/a100/,312.0,624.0,312.0,312.0,2048.0,2048.0,2048.0,1410.0,measured_avg_sm_clock_mhz,warp-level HMMA mma.sync.aligned.m16n8k16 pair -> logical m16n16k16,"dense FP16 Tensor Core HMMA normalization only; no sparsity, no WGMMA",311.86944,1996.0604651333124,97.46388989908752,True,True,True,bench_json_metadata,bench_json_metadata,False,False,False,False,False,False,Tensor HMMA/register baseline uses register operands and consumes registers; no intended global memory operation in the timed kernel,Tensor HMMA/register baseline uses register operands and consumes registers; no intended global memory operation in the timed kernel,False,False,303.9600876305008,nan,170.36372111777214,125.53835416297798,1015.562,926.395,nvml_total_energy_counter,nvml_total_energy_counter,1021.6513208822992,918.9089974145065,171.385223856737,124.5239052034708,average_instant,average_instant,nan,nan,171.0286956521739,124.51052631578948,400.0,400.0,1015.562,926.395,-6.089320882299148,7.486002585493452,0.9940397269030686,1.0081466201838882,748.3478599229984,0.7368805251899917,0.26311947481000825,0.7368843163280845,True,44.82536695479416,267.2141400770016,0.14747411016899217,0.14747122658184209,nan,nan,0.14747411016899217,0.09831607344599477,0.07373705508449609,46,57,6,8,1410.0,0.0,41.0,100.0,100.0,100.0,100.0,True,True,True,pure_fp16_candidate_no_l2,long5s_tensor_mma_f16acc_t256_b2_rep000_test_b78b141e,long5s_tensor_mma_f16acc_t256_b2_rep000_baseline_7c732274,results/fp16_long_sweep_a100_20260603_034822/raw/long5s_tensor_mma_f16acc_t256_b2_rep000_test_b78b141e/power.csv,results/fp16_long_sweep_a100_20260603_034822/raw/long5s_tensor_mma_f16acc_t256_b2_rep000_baseline_7c732274/power.csv,results/fp16_long_sweep_a100_20260603_034822/raw/long5s_tensor_mma_f16acc_t256_b2_rep000_test_b78b141e/sm_util.csv,results/fp16_long_sweep_a100_20260603_034822/raw/long5s_tensor_mma_f16acc_t256_b2_rep000_baseline_7c732274/sm_util.csv
long5s_tensor_mma_f16acc_t256_b4,0,0,NVIDIA A100-SXM4-80GB,ampere,ga100,datacenter,80,108,benchmark uses warp-level HMMA mma.sync m16n8k16 pairs,False,False,tensor_core_mma_m16n16k16_f16acc,fp16-energy-bench-v2,fp16-energy-bench-v2,"nvml_timed_energy_counter,explicit_m16n16k16_denominator,strict_denominator_provenance,tensor_no_memory_warpsync_baseline,timed_kernel_memory_provenance","nvml_timed_energy_counter,explicit_m16n16k16_denominator,strict_denominator_provenance,tensor_no_memory_warpsync_baseline,timed_kernel_memory_provenance",ce960f9677a1,ce960f9677a1,tensor_mma_f16acc,tensor_baseline_mov,432,256,1024.0,4,8000000,8,5.919009765619999,6.49960351562,1811939328000000.0,0.0,0.0,1811939328000000.0,905969664000000.0,905969664000000.0,2717908992000000.0,3623878656000000.0,221184000000.0,8192.0,8192.0,4096.0,4096.0,12288.0,16384.0,True,bench_json_metadata,True,logical_m16n16k16_input_bits_8192,ga100,f16acc,"A100 SXM dense FP16 Tensor Core peak, no sparsity",https://www.nvidia.com/en-us/data-center/a100/,312.0,624.0,312.0,312.0,2048.0,2048.0,2048.0,1410.0,measured_avg_sm_clock_mhz,warp-level HMMA mma.sync.aligned.m16n8k16 pair -> logical m16n16k16,"dense FP16 Tensor Core HMMA normalization only; no sparsity, no WGMMA",311.86944,2010.2576652070602,98.15711255893848,True,True,True,bench_json_metadata,bench_json_metadata,False,False,False,False,False,False,Tensor HMMA/register baseline uses register operands and consumes registers; no intended global memory operation in the timed kernel,Tensor HMMA/register baseline uses register operands and consumes registers; no intended global memory operation in the timed kernel,False,False,306.1220372577311,nan,172.64366661924146,133.6120109312902,1021.881,868.427,nvml_total_energy_counter,nvml_total_energy_counter,1021.4216726305759,869.6745651592452,172.566064666337,133.8039553200466,average_instant,average_instant,nan,nan,172.31565217391307,133.64260000000002,400.0,400.0,1021.881,868.427,0.4593273694240452,-1.2475651592451413,1.0004496941681695,0.9985654804576046,790.8507975064329,0.7739167256328603,0.22608327436713974,0.773917824775849,True,39.03165568795126,231.03020249356712,0.12750438103718179,0.1275035800676108,nan,nan,0.12750438103718179,0.08500292069145453,0.06375219051859089,46,50,5,7,1410.0,0.0,41.0,100.0,100.0,100.0,100.0,True,True,True,pure_fp16_candidate_no_l2,long5s_tensor_mma_f16acc_t256_b4_rep000_test_a78edb84,long5s_tensor_mma_f16acc_t256_b4_rep000_baseline_5f162da7,results/fp16_long_sweep_a100_20260603_034822/raw/long5s_tensor_mma_f16acc_t256_b4_rep000_test_a78edb84/power.csv,results/fp16_long_sweep_a100_20260603_034822/raw/long5s_tensor_mma_f16acc_t256_b4_rep000_baseline_5f162da7/power.csv,results/fp16_long_sweep_a100_20260603_034822/raw/long5s_tensor_mma_f16acc_t256_b4_rep000_test_a78edb84/sm_util.csv,results/fp16_long_sweep_a100_20260603_034822/raw/long5s_tensor_mma_f16acc_t256_b4_rep000_baseline_5f162da7/sm_util.csv
long5s_tensor_mma_f16acc_t256_b8,0,0,NVIDIA A100-SXM4-80GB,ampere,ga100,datacenter,80,108,benchmark uses warp-level HMMA mma.sync m16n8k16 pairs,False,False,tensor_core_mma_m16n16k16_f16acc,fp16-energy-bench-v2,fp16-energy-bench-v2,"nvml_timed_energy_counter,explicit_m16n16k16_denominator,strict_denominator_provenance,tensor_no_memory_warpsync_baseline,timed_kernel_memory_provenance","nvml_timed_energy_counter,explicit_m16n16k16_denominator,strict_denominator_provenance,tensor_no_memory_warpsync_baseline,timed_kernel_memory_provenance",ce960f9677a1,ce960f9677a1,tensor_mma_f16acc,tensor_baseline_mov,864,256,2048.0,8,4000000,8,5.897637695309999,5.706118164059999,1811939328000000.0,0.0,0.0,1811939328000000.0,905969664000000.0,905969664000000.0,2717908992000000.0,3623878656000000.0,221184000000.0,8192.0,8192.0,4096.0,4096.0,12288.0,16384.0,True,bench_json_metadata,True,logical_m16n16k16_input_bits_8192,ga100,f16acc,"A100 SXM dense FP16 Tensor Core peak, no sparsity",https://www.nvidia.com/en-us/data-center/a100/,312.0,624.0,312.0,312.0,2048.0,2048.0,2048.0,1410.0,measured_avg_sm_clock_mhz,warp-level HMMA mma.sync.aligned.m16n8k16 pair -> logical m16n16k16,"dense FP16 Tensor Core HMMA normalization only; no sparsity, no WGMMA",311.86944,2017.5425087972642,98.51281781236642,True,True,True,bench_json_metadata,bench_json_metadata,False,False,False,False,False,False,Tensor HMMA/register baseline uses register operands and consumes registers; no intended global memory operation in the timed kernel,Tensor HMMA/register baseline uses register operands and consumes registers; no intended global memory operation in the timed kernel,False,False,307.2313732396474,nan,171.35423449499208,139.36131800502355,1010.587,795.214,nvml_total_energy_counter,nvml_total_energy_counter,1021.5252912954335,793.7193824772818,173.20892145575075,139.09938616292894,average_instant,average_instant,nan,nan,172.94021739130434,139.0781818181818,400.0,400.0,1010.587,795.214,-10.938291295433487,1.494617522718272,0.9892921972773066,1.0018830553413645,821.902562334511,0.8132922374169774,0.18670776258302252,0.8132936919577348,True,31.992916489968536,188.68443766548899,0.10413397112681302,0.10413297363682107,nan,nan,0.10413397112681302,0.06942264741787534,0.05206698556340651,46,44,6,6,1410.0,0.0,41.0,100.0,100.0,100.0,100.0,True,True,True,pure_fp16_candidate_no_l2,long5s_tensor_mma_f16acc_t256_b8_rep000_test_b6047a85,long5s_tensor_mma_f16acc_t256_b8_rep000_baseline_64665ea4,results/fp16_long_sweep_a100_20260603_034822/raw/long5s_tensor_mma_f16acc_t256_b8_rep000_test_b6047a85/power.csv,results/fp16_long_sweep_a100_20260603_034822/raw/long5s_tensor_mma_f16acc_t256_b8_rep000_baseline_64665ea4/power.csv,results/fp16_long_sweep_a100_20260603_034822/raw/long5s_tensor_mma_f16acc_t256_b8_rep000_test_b6047a85/sm_util.csv,results/fp16_long_sweep_a100_20260603_034822/raw/long5s_tensor_mma_f16acc_t256_b8_rep000_baseline_64665ea4/sm_util.csv
long5s_tensor_mma_f16acc_t256_b8,1,0,NVIDIA A100-SXM4-80GB,ampere,ga100,datacenter,80,108,benchmark uses warp-level HMMA mma.sync m16n8k16 pairs,False,False,tensor_core_mma_m16n16k16_f16acc,fp16-energy-bench-v2,fp16-energy-bench-v2,"nvml_timed_energy_counter,explicit_m16n16k16_denominator,strict_denominator_provenance,tensor_no_memory_warpsync_baseline,timed_kernel_memory_provenance","nvml_timed_energy_counter,explicit_m16n16k16_denominator,strict_denominator_provenance,tensor_no_memory_warpsync_baseline,timed_kernel_memory_provenance",ce960f9677a1,ce960f9677a1,tensor_mma_f16acc,tensor_baseline_mov,864,256,2048.0,8,4000000,8,5.89765332031,5.70623779297,1811939328000000.0,0.0,0.0,1811939328000000.0,905969664000000.0,905969664000000.0,2717908992000000.0,3623878656000000.0,221184000000.0,8192.0,8192.0,4096.0,4096.0,12288.0,16384.0,True,bench_json_metadata,True,logical_m16n16k16_input_bits_8192,ga100,f16acc,"A100 SXM dense FP16 Tensor Core peak, no sparsity",https://www.nvidia.com/en-us/data-center/a100/,312.0,624.0,312.0,312.0,2048.0,2048.0,2048.0,1410.0,measured_avg_sm_clock_mhz,warp-level HMMA mma.sync.aligned.m16n8k16 pair -> logical m16n16k16,"dense FP16 Tensor Core HMMA normalization only; no sparsity, no WGMMA",311.86944,2017.537163603169,98.51255681656099,True,True,True,bench_json_metadata,bench_json_metadata,False,False,False,False,False,False,Tensor HMMA/register baseline uses register operands and consumes registers; no intended global memory operation in the timed kernel,Tensor HMMA/register baseline uses register operands and consumes registers; no intended global memory operation in the timed kernel,False,False,307.23055927349054,nan,170.2000008708884,139.7752369893951,1003.781,797.593,nvml_total_energy_counter,nvml_total_energy_counter,1013.9773220773885,809.7276762890399,171.928878012866,141.90179433642567,average_instant,average_instant,nan,nan,171.5145652173913,141.52772727272728,400.0,400.0,1003.781,797.593,-10.196322077388572,-12.13467628903993,0.9899442306495585,0.9850138797964115,824.345890527623,0.8212407791416884,0.17875922085831164,0.8212411061938057,True,30.424763881493305,179.4351094723769,0.09902931444754032,0.09902909382920397,nan,nan,0.09902931444754032,0.06601954296502688,0.04951465722377016,46,44,6,6,1410.0,0.0,40.0,100.0,100.0,100.0,100.0,True,True,True,pure_fp16_candidate_no_l2,long5s_tensor_mma_f16acc_t256_b8_rep000_test_3bb4878c,long5s_tensor_mma_f16acc_t256_b8_rep000_baseline_9740697b,results/fp16_long_sweep_a100_20260603_034822/raw/long5s_tensor_mma_f16acc_t256_b8_rep000_test_3bb4878c/power.csv,results/fp16_long_sweep_a100_20260603_034822/raw/long5s_tensor_mma_f16acc_t256_b8_rep000_baseline_9740697b/power.csv,results/fp16_long_sweep_a100_20260603_034822/raw/long5s_tensor_mma_f16acc_t256_b8_rep000_test_3bb4878c/sm_util.csv,results/fp16_long_sweep_a100_20260603_034822/raw/long5s_tensor_mma_f16acc_t256_b8_rep000_baseline_9740697b/sm_util.csv
long5s_tensor_mma_f16acc_t256_b8,2,1,NVIDIA A100-SXM4-80GB,ampere,ga100,datacenter,80,108,benchmark uses warp-level HMMA mma.sync m16n8k16 pairs,False,False,tensor_core_mma_m16n16k16_f16acc,fp16-energy-bench-v2,fp16-energy-bench-v2,"nvml_timed_energy_counter,explicit_m16n16k16_denominator,strict_denominator_provenance,tensor_no_memory_warpsync_baseline,timed_kernel_memory_provenance","nvml_timed_energy_counter,explicit_m16n16k16_denominator,strict_denominator_provenance,tensor_no_memory_warpsync_baseline,timed_kernel_memory_provenance",ce960f9677a1,ce960f9677a1,tensor_mma_f16acc,tensor_baseline_mov,864,256,2048.0,8,4000000,8,5.896944824219999,5.707844726559999,1811939328000000.0,0.0,0.0,1811939328000000.0,905969664000000.0,905969664000000.0,2717908992000000.0,3623878656000000.0,221184000000.0,8192.0,8192.0,4096.0,4096.0,12288.0,16384.0,True,bench_json_metadata,True,logical_m16n16k16_input_bits_8192,ga100,f16acc,"A100 SXM dense FP16 Tensor Core peak, no sparsity",https://www.nvidia.com/en-us/data-center/a100/,312.0,624.0,312.0,312.0,2048.0,2048.0,2048.0,1410.0,measured_avg_sm_clock_mhz,warp-level HMMA mma.sync.aligned.m16n8k16 pair -> logical m16n16k16,"dense FP16 Tensor Core HMMA normalization only; no sparsity, no WGMMA",311.86944,2017.7795632244056,98.52439273556669,True,True,True,bench_json_metadata,bench_json_metadata,False,False,False,False,False,False,Tensor HMMA/register baseline uses register operands and consumes registers; no intended global memory operation in the timed kernel,Tensor HMMA/register baseline uses register operands and consumes registers; no intended global memory operation in the timed kernel,False,False,307.2674718878125,nan,173.89377719013083,137.03193639145556,1025.443,782.158,nvml_total_energy_counter,nvml_total_energy_counter,1018.1574024574422,793.3379063022326,172.65829157487724,138.99062531270928,average_instant,average_instant,nan,nan,172.0454347826087,138.94636363636366,400.0,400.0,1025.443,782.158,7.285597542557753,-11.179906302232553,1.0071556691774504,0.9859077623627713,808.0697680564381,0.7880201708495139,0.2119798291504861,0.7880209321212712,True,36.861840798675274,217.3732319435619,0.11996716920069075,0.11996662247455216,nan,nan,0.11996716920069075,0.07997811280046051,0.05998358460034538,46,44,6,6,1410.0,0.0,41.0,100.0,100.0,100.0,100.0,True,True,True,pure_fp16_candidate_no_l2,long5s_tensor_mma_f16acc_t256_b8_rep001_test_b37be507,long5s_tensor_mma_f16acc_t256_b8_rep001_baseline_7c9ad260,results/fp16_long_sweep_a100_20260603_034822/raw/long5s_tensor_mma_f16acc_t256_b8_rep001_test_b37be507/power.csv,results/fp16_long_sweep_a100_20260603_034822/raw/long5s_tensor_mma_f16acc_t256_b8_rep001_baseline_7c9ad260/power.csv,results/fp16_long_sweep_a100_20260603_034822/raw/long5s_tensor_mma_f16acc_t256_b8_rep001_test_b37be507/sm_util.csv,results/fp16_long_sweep_a100_20260603_034822/raw/long5s_tensor_mma_f16acc_t256_b8_rep001_baseline_7c9ad260/sm_util.csv
long5s_tensor_mma_f16acc_t256_b8,3,2,NVIDIA A100-SXM4-80GB,ampere,ga100,datacenter,80,108,benchmark uses warp-level HMMA mma.sync m16n8k16 pairs,False,False,tensor_core_mma_m16n16k16_f16acc,fp16-energy-bench-v2,fp16-energy-bench-v2,"nvml_timed_energy_counter,explicit_m16n16k16_denominator,strict_denominator_provenance,tensor_no_memory_warpsync_baseline,timed_kernel_memory_provenance","nvml_timed_energy_counter,explicit_m16n16k16_denominator,strict_denominator_provenance,tensor_no_memory_warpsync_baseline,timed_kernel_memory_provenance",ce960f9677a1,ce960f9677a1,tensor_mma_f16acc,tensor_baseline_mov,864,256,2048.0,8,4000000,8,5.89592675781,5.70525,1811939328000000.0,0.0,0.0,1811939328000000.0,905969664000000.0,905969664000000.0,2717908992000000.0,3623878656000000.0,221184000000.0,8192.0,8192.0,4096.0,4096.0,12288.0,16384.0,True,bench_json_metadata,True,logical_m16n16k16_input_bits_8192,ga100,f16acc,"A100 SXM dense FP16 Tensor Core peak, no sparsity",https://www.nvidia.com/en-us/data-center/a100/,312.0,624.0,312.0,312.0,2048.0,2048.0,2048.0,1410.0,measured_avg_sm_clock_mhz,warp-level HMMA mma.sync.aligned.m16n8k16 pair -> logical m16n16k16,"dense FP16 Tensor Core HMMA normalization only; no sparsity, no WGMMA",311.86944,2018.1279789494452,98.54140522214088,True,True,True,bench_json_metadata,bench_json_metadata,False,False,False,False,False,False,Tensor HMMA/register baseline uses register operands and consumes registers; no intended global memory operation in the timed kernel,Tensor HMMA/register baseline uses register operands and consumes registers; no intended global memory operation in the timed kernel,False,False,307.3205286344215,nan,174.06880673204398,139.26252089871602,1026.3,794.529,nvml_total_energy_counter,nvml_total_energy_counter,1022.94209807096,796.6534682288593,173.4992793210421,139.63489094577557,average_instant,average_instant,nan,nan,173.4691304347826,139.6809090909091,400.0,400.0,1026.3,794.529,3.35790192903994,-2.124468228859314,1.003282592372894,0.9973332592983214,821.0816233268141,0.8000405566859731,0.19995944331402696,0.8000429457363509,True,34.80628583332796,205.21837667318584,0.11325896706469955,0.11325727567888048,nan,nan,0.11325896706469955,0.07550597804313304,0.05662948353234978,46,44,6,6,1410.0,0.0,41.0,100.0,100.0,100.0,100.0,True,True,True,pure_fp16_candidate_no_l2,long5s_tensor_mma_f16acc_t256_b8_rep002_test_2332a6b6,long5s_tensor_mma_f16acc_t256_b8_rep002_baseline_18906a6e,results/fp16_long_sweep_a100_20260603_034822/raw/long5s_tensor_mma_f16acc_t256_b8_rep002_test_2332a6b6/power.csv,results/fp16_long_sweep_a100_20260603_034822/raw/long5s_tensor_mma_f16acc_t256_b8_rep002_baseline_18906a6e/power.csv,results/fp16_long_sweep_a100_20260603_034822/raw/long5s_tensor_mma_f16acc_t256_b8_rep002_test_2332a6b6/sm_util.csv,results/fp16_long_sweep_a100_20260603_034822/raw/long5s_tensor_mma_f16acc_t256_b8_rep002_baseline_18906a6e/sm_util.csv
long5s_tensor_mma_f16acc_t256_b8,4,3,NVIDIA A100-SXM4-80GB,ampere,ga100,datacenter,80,108,benchmark uses warp-level HMMA mma.sync m16n8k16 pairs,False,False,tensor_core_mma_m16n16k16_f16acc,fp16-energy-bench-v2,fp16-energy-bench-v2,"nvml_timed_energy_counter,explicit_m16n16k16_denominator,strict_denominator_provenance,tensor_no_memory_warpsync_baseline,timed_kernel_memory_provenance","nvml_timed_energy_counter,explicit_m16n16k16_denominator,strict_denominator_provenance,tensor_no_memory_warpsync_baseline,timed_kernel_memory_provenance",ce960f9677a1,ce960f9677a1,tensor_mma_f16acc,tensor_baseline_mov,864,256,2048.0,8,4000000,8,5.89696386719,5.70562548828,1811939328000000.0,0.0,0.0,1811939328000000.0,905969664000000.0,905969664000000.0,2717908992000000.0,3623878656000000.0,221184000000.0,8192.0,8192.0,4096.0,4096.0,12288.0,16384.0,True,bench_json_metadata,True,logical_m16n16k16_input_bits_8192,ga100,f16acc,"A100 SXM dense FP16 Tensor Core peak, no sparsity",https://www.nvidia.com/en-us/data-center/a100/,312.0,624.0,312.0,312.0,2048.0,2048.0,2048.0,1410.0,measured_avg_sm_clock_mhz,warp-level HMMA mma.sync.aligned.m16n8k16 pair -> logical m16n16k16,"dense FP16 Tensor Core HMMA normalization only; no sparsity, no WGMMA",311.86944,2017.7730472415108,98.52407457233939,True,True,True,bench_json_metadata,bench_json_metadata,False,False,False,False,False,False,Tensor HMMA/register baseline uses register operands and consumes registers; no intended global memory operation in the timed kernel,Tensor HMMA/register baseline uses register operands and consumes registers; no intended global memory operation in the timed kernel,False,False,307.26647963393725,nan,174.20985309023607,139.45480145668458,1027.311,795.686,nvml_total_energy_counter,nvml_total_energy_counter,1022.2241500161795,790.8158832973146,173.34723272661353,138.60124721814842,average_instant,average_instant,nan,nan,173.09195652173912,138.3890909090909,400.0,400.0,1027.311,795.686,5.086849983820457,4.870116702685436,1.0049762569038698,1.0061583445724174,822.3599252962243,0.8004975370615368,0.19950246293846324,0.8004989326548063,True,34.75505163355149,204.9510747037756,0.11311144448197306,0.11311045602812586,nan,nan,0.11311144448197306,0.07540762965464871,0.05655572224098653,46,44,6,6,1410.0,0.0,41.0,100.0,100.0,100.0,100.0,True,True,True,pure_fp16_candidate_no_l2,long5s_tensor_mma_f16acc_t256_b8_rep003_test_16447f42,long5s_tensor_mma_f16acc_t256_b8_rep003_baseline_d88aa6da,results/fp16_long_sweep_a100_20260603_034822/raw/long5s_tensor_mma_f16acc_t256_b8_rep003_test_16447f42/power.csv,results/fp16_long_sweep_a100_20260603_034822/raw/long5s_tensor_mma_f16acc_t256_b8_rep003_baseline_d88aa6da/power.csv,results/fp16_long_sweep_a100_20260603_034822/raw/long5s_tensor_mma_f16acc_t256_b8_rep003_test_16447f42/sm_util.csv,results/fp16_long_sweep_a100_20260603_034822/raw/long5s_tensor_mma_f16acc_t256_b8_rep003_baseline_d88aa6da/sm_util.csv
long5s_tensor_mma_f16acc_t384_b1,0,0,NVIDIA A100-SXM4-80GB,ampere,ga100,datacenter,80,108,benchmark uses warp-level HMMA mma.sync m16n8k16 pairs,False,False,tensor_core_mma_m16n16k16_f16acc,fp16-energy-bench-v2,fp16-energy-bench-v2,"nvml_timed_energy_counter,explicit_m16n16k16_denominator,strict_denominator_provenance,tensor_no_memory_warpsync_baseline,timed_kernel_memory_provenance","nvml_timed_energy_counter,explicit_m16n16k16_denominator,strict_denominator_provenance,tensor_no_memory_warpsync_baseline,timed_kernel_memory_provenance",ce960f9677a1,ce960f9677a1,tensor_mma_f16acc,tensor_baseline_mov,108,384,384.0,1,21333333,8,5.91192382812,9.688875,1811939299688448.0,0.0,0.0,1811939299688448.0,905969649844224.0,905969649844224.0,2717908949532672.0,3623878599376896.0,221183996544.0,8192.0,8192.0,4096.0,4096.0,12288.0,16384.0,True,bench_json_metadata,True,logical_m16n16k16_input_bits_8192,ga100,f16acc,"A100 SXM dense FP16 Tensor Core peak, no sparsity",https://www.nvidia.com/en-us/data-center/a100/,312.0,624.0,312.0,312.0,2048.0,2048.0,2048.0,1410.0,measured_avg_sm_clock_mhz,warp-level HMMA mma.sync.aligned.m16n8k16 pair -> logical m16n16k16,"dense FP16 Tensor Core HMMA normalization only; no sparsity, no WGMMA",311.86944,2012.6670964972723,98.27476057115587,True,True,True,bench_json_metadata,bench_json_metadata,False,False,False,False,False,False,Tensor HMMA/register baseline uses register operands and consumes registers; no intended global memory operation in the timed kernel,Tensor HMMA/register baseline uses register operands and consumes registers; no intended global memory operation in the timed kernel,False,False,306.4889454546046,nan,174.0793458826383,117.58572100724271,1029.146,1139.275,nvml_total_energy_counter,nvml_total_energy_counter,1030.7513791449908,1143.490710493583,174.3508946730467,118.0208287362333,average_instant,average_instant,nan,nan,174.3086956521739,118.02226666666667,400.0,400.0,1029.146,1139.275,-1.6053791449908204,-4.215710493582947,0.9984425156468648,0.9963132971217902,695.1578258693886,0.6754705609013577,0.32452943909864235,0.6754719832559415,True,56.4936248753956,333.98817413061136,0.18432635916006604,0.18432516315262373,nan,nan,0.18432635916006604,0.12288423944004401,0.09216317958003302,46,75,5,9,1410.0,0.0,41.0,100.0,100.0,100.0,100.0,True,True,True,pure_fp16_candidate_no_l2,long5s_tensor_mma_f16acc_t384_b1_rep000_test_c5e76266,long5s_tensor_mma_f16acc_t384_b1_rep000_baseline_b2682d8b,results/fp16_long_sweep_a100_20260603_034822/raw/long5s_tensor_mma_f16acc_t384_b1_rep000_test_c5e76266/power.csv,results/fp16_long_sweep_a100_20260603_034822/raw/long5s_tensor_mma_f16acc_t384_b1_rep000_baseline_b2682d8b/power.csv,results/fp16_long_sweep_a100_20260603_034822/raw/long5s_tensor_mma_f16acc_t384_b1_rep000_test_c5e76266/sm_util.csv,results/fp16_long_sweep_a100_20260603_034822/raw/long5s_tensor_mma_f16acc_t384_b1_rep000_baseline_b2682d8b/sm_util.csv
long5s_tensor_mma_f16acc_t384_b2,0,0,NVIDIA A100-SXM4-80GB,ampere,ga100,datacenter,80,108,benchmark uses warp-level HMMA mma.sync m16n8k16 pairs,False,False,tensor_core_mma_m16n16k16_f16acc,fp16-energy-bench-v2,fp16-energy-bench-v2,"nvml_timed_energy_counter,explicit_m16n16k16_denominator,strict_denominator_provenance,tensor_no_memory_warpsync_baseline,timed_kernel_memory_provenance","nvml_timed_energy_counter,explicit_m16n16k16_denominator,strict_denominator_provenance,tensor_no_memory_warpsync_baseline,timed_kernel_memory_provenance",ce960f9677a1,ce960f9677a1,tensor_mma_f16acc,tensor_baseline_mov,216,384,768.0,2,10666667,8,5.89238964844,5.770047363280001,1811939384623104.0,0.0,0.0,1811939384623104.0,905969692311552.0,905969692311552.0,2717909076934656.0,3623878769246208.0,221184006912.0,8192.0,8192.0,4096.0,4096.0,12288.0,16384.0,True,bench_json_metadata,True,logical_m16n16k16_input_bits_8192,ga100,f16acc,"A100 SXM dense FP16 Tensor Core peak, no sparsity",https://www.nvidia.com/en-us/data-center/a100/,312.0,624.0,312.0,312.0,2048.0,2048.0,2048.0,1410.0,measured_avg_sm_clock_mhz,warp-level HMMA mma.sync.aligned.m16n8k16 pair -> logical m16n16k16,"dense FP16 Tensor Core HMMA normalization only; no sparsity, no WGMMA",311.86944,2019.3394927232416,98.60056116812703,True,True,True,bench_json_metadata,bench_json_metadata,False,False,False,False,False,False,Tensor HMMA/register baseline uses register operands and consumes registers; no intended global memory operation in the timed kernel,Tensor HMMA/register baseline uses register operands and consumes registers; no intended global memory operation in the timed kernel,False,False,307.50501795189524,nan,172.90937814266167,139.17349087316097,1018.851,803.039,nvml_total_energy_counter,nvml_total_energy_counter,1031.2355257061529,795.0349573967229,175.01115812662667,137.78632219244238,average_instant,average_instant,nan,nan,175.00933333333333,137.84931818181818,400.0,400.0,1018.851,803.039,-12.384525706152886,8.004042603277071,0.9879905943914487,1.0100675354320088,820.0644369582725,0.8048914286370358,0.19510857136296428,0.8048926690276663,True,33.735887269500694,198.7865630417275,0.10970927875883468,0.10970841222102655,nan,nan,0.10970927875883468,0.07313951917255647,0.05485463937941734,45,44,6,6,1410.0,0.0,41.0,100.0,100.0,100.0,100.0,True,True,True,pure_fp16_candidate_no_l2,long5s_tensor_mma_f16acc_t384_b2_rep000_test_a179b5c2,long5s_tensor_mma_f16acc_t384_b2_rep000_baseline_81d05043,results/fp16_long_sweep_a100_20260603_034822/raw/long5s_tensor_mma_f16acc_t384_b2_rep000_test_a179b5c2/power.csv,results/fp16_long_sweep_a100_20260603_034822/raw/long5s_tensor_mma_f16acc_t384_b2_rep000_baseline_81d05043/power.csv,results/fp16_long_sweep_a100_20260603_034822/raw/long5s_tensor_mma_f16acc_t384_b2_rep000_test_a179b5c2/sm_util.csv,results/fp16_long_sweep_a100_20260603_034822/raw/long5s_tensor_mma_f16acc_t384_b2_rep000_baseline_81d05043/sm_util.csv
long5s_tensor_mma_f16acc_t384_b2,1,0,NVIDIA A100-SXM4-80GB,ampere,ga100,datacenter,80,108,benchmark uses warp-level HMMA mma.sync m16n8k16 pairs,False,False,tensor_core_mma_m16n16k16_f16acc,fp16-energy-bench-v2,fp16-energy-bench-v2,"nvml_timed_energy_counter,explicit_m16n16k16_denominator,strict_denominator_provenance,tensor_no_memory_warpsync_baseline,timed_kernel_memory_provenance","nvml_timed_energy_counter,explicit_m16n16k16_denominator,strict_denominator_provenance,tensor_no_memory_warpsync_baseline,timed_kernel_memory_provenance",ce960f9677a1,ce960f9677a1,tensor_mma_f16acc,tensor_baseline_mov,216,384,768.0,2,10666667,8,5.89201123047,5.76904394531,1811939384623104.0,0.0,0.0,1811939384623104.0,905969692311552.0,905969692311552.0,2717909076934656.0,3623878769246208.0,221184006912.0,8192.0,8192.0,4096.0,4096.0,12288.0,16384.0,True,bench_json_metadata,True,logical_m16n16k16_input_bits_8192,ga100,f16acc,"A100 SXM dense FP16 Tensor Core peak, no sparsity",https://www.nvidia.com/en-us/data-center/a100/,312.0,624.0,312.0,312.0,2048.0,2048.0,2048.0,1410.0,measured_avg_sm_clock_mhz,warp-level HMMA mma.sync.aligned.m16n8k16 pair -> logical m16n16k16,"dense FP16 Tensor Core HMMA normalization only; no sparsity, no WGMMA",311.86944,2019.4691860183982,98.6068938485546,True,True,True,bench_json_metadata,bench_json_metadata,False,False,False,False,False,False,Tensor HMMA/register baseline uses register operands and consumes registers; no intended global memory operation in the timed kernel,Tensor HMMA/register baseline uses register operands and consumes registers; no intended global memory operation in the timed kernel,False,False,307.5247676468817,nan,173.03989815922387,139.31054360826647,1019.555,803.693,nvml_total_energy_counter,nvml_total_energy_counter,1029.4535123324788,796.7111535154659,174.71988360968018,138.10032424695575,average_instant,average_instant,nan,nan,174.31978260869565,138.0890909090909,400.0,400.0,1019.555,803.693,-9.898512332478845,6.981846484534117,0.9903846922528329,1.008763334683752,820.8192874627866,0.8050760257786845,0.1949239742213155,0.8050775866735596,True,33.729354550957396,198.73571253721332,0.10968121462769116,0.10968012368254988,nan,nan,0.10968121462769116,0.07312080975179411,0.05484060731384558,46,44,6,6,1410.0,0.0,42.0,100.0,100.0,100.0,100.0,True,True,True,pure_fp16_candidate_no_l2,long5s_tensor_mma_f16acc_t384_b2_rep000_test_cff503ae,long5s_tensor_mma_f16acc_t384_b2_rep000_baseline_0f523ac4,results/fp16_full_sweep_a100_20260603_044813/raw/long5s_tensor_mma_f16acc_t384_b2_rep000_test_cff503ae/power.csv,results/fp16_full_sweep_a100_20260603_044813/raw/long5s_tensor_mma_f16acc_t384_b2_rep000_baseline_0f523ac4/power.csv,results/fp16_full_sweep_a100_20260603_044813/raw/long5s_tensor_mma_f16acc_t384_b2_rep000_test_cff503ae/sm_util.csv,results/fp16_full_sweep_a100_20260603_044813/raw/long5s_tensor_mma_f16acc_t384_b2_rep000_baseline_0f523ac4/sm_util.csv
long5s_tensor_mma_f16acc_t384_b2,2,1,NVIDIA A100-SXM4-80GB,ampere,ga100,datacenter,80,108,benchmark uses warp-level HMMA mma.sync m16n8k16 pairs,False,False,tensor_core_mma_m16n16k16_f16acc,fp16-energy-bench-v2,fp16-energy-bench-v2,"nvml_timed_energy_counter,explicit_m16n16k16_denominator,strict_denominator_provenance,tensor_no_memory_warpsync_baseline,timed_kernel_memory_provenance","nvml_timed_energy_counter,explicit_m16n16k16_denominator,strict_denominator_provenance,tensor_no_memory_warpsync_baseline,timed_kernel_memory_provenance",ce960f9677a1,ce960f9677a1,tensor_mma_f16acc,tensor_baseline_mov,216,384,768.0,2,10666667,8,5.89072167969,5.77112597656,1811939384623104.0,0.0,0.0,1811939384623104.0,905969692311552.0,905969692311552.0,2717909076934656.0,3623878769246208.0,221184006912.0,8192.0,8192.0,4096.0,4096.0,12288.0,16384.0,True,bench_json_metadata,True,logical_m16n16k16_input_bits_8192,ga100,f16acc,"A100 SXM dense FP16 Tensor Core peak, no sparsity",https://www.nvidia.com/en-us/data-center/a100/,312.0,624.0,312.0,312.0,2048.0,2048.0,2048.0,1410.0,measured_avg_sm_clock_mhz,warp-level HMMA mma.sync.aligned.m16n8k16 pair -> logical m16n16k16,"dense FP16 Tensor Core HMMA normalization only; no sparsity, no WGMMA",311.86944,2019.911272439319,98.62848009957612,True,True,True,bench_json_metadata,bench_json_metadata,False,False,False,False,False,False,Tensor HMMA/register baseline uses register operands and consumes registers; no intended global memory operation in the timed kernel,Tensor HMMA/register baseline uses register operands and consumes registers; no intended global memory operation in the timed kernel,False,False,307.5920885670595,nan,173.04791212738525,137.13912176047165,1019.379,791.45,nvml_total_energy_counter,nvml_total_energy_counter,1029.617455775781,798.557802888968,174.78597362895383,138.37073190114967,average_instant,average_instant,nan,nan,174.4208695652174,138.42749999999998,400.0,400.0,1019.379,791.45,-10.238455775781063,-7.107802888967967,0.9900560584726424,0.9910992005046424,807.848397688057,0.7924907200246984,0.2075092799753016,0.7924922067798185,True,35.90879036691359,211.53060231194297,0.11674264829556802,0.1167415928484941,nan,nan,0.11674264829556802,0.07782843219704536,0.05837132414778401,46,44,6,6,1410.0,0.0,42.0,100.0,100.0,100.0,100.0,True,True,True,pure_fp16_candidate_no_l2,long5s_tensor_mma_f16acc_t384_b2_rep001_test_00644d48,long5s_tensor_mma_f16acc_t384_b2_rep001_baseline_086e5b0d,results/fp16_full_sweep_a100_20260603_044813/raw/long5s_tensor_mma_f16acc_t384_b2_rep001_test_00644d48/power.csv,results/fp16_full_sweep_a100_20260603_044813/raw/long5s_tensor_mma_f16acc_t384_b2_rep001_baseline_086e5b0d/power.csv,results/fp16_full_sweep_a100_20260603_044813/raw/long5s_tensor_mma_f16acc_t384_b2_rep001_test_00644d48/sm_util.csv,results/fp16_full_sweep_a100_20260603_044813/raw/long5s_tensor_mma_f16acc_t384_b2_rep001_baseline_086e5b0d/sm_util.csv
long5s_tensor_mma_f16acc_t384_b2,3,2,NVIDIA A100-SXM4-80GB,ampere,ga100,datacenter,80,108,benchmark uses warp-level HMMA mma.sync m16n8k16 pairs,False,False,tensor_core_mma_m16n16k16_f16acc,fp16-energy-bench-v2,fp16-energy-bench-v2,"nvml_timed_energy_counter,explicit_m16n16k16_denominator,strict_denominator_provenance,tensor_no_memory_warpsync_baseline,timed_kernel_memory_provenance","nvml_timed_energy_counter,explicit_m16n16k16_denominator,strict_denominator_provenance,tensor_no_memory_warpsync_baseline,timed_kernel_memory_provenance",ce960f9677a1,ce960f9677a1,tensor_mma_f16acc,tensor_baseline_mov,216,384,768.0,2,10666667,8,5.89395556641,5.77115625,1811939384623104.0,0.0,0.0,1811939384623104.0,905969692311552.0,905969692311552.0,2717909076934656.0,3623878769246208.0,221184006912.0,8192.0,8192.0,4096.0,4096.0,12288.0,16384.0,True,bench_json_metadata,True,logical_m16n16k16_input_bits_8192,ga100,f16acc,"A100 SXM dense FP16 Tensor Core peak, no sparsity",https://www.nvidia.com/en-us/data-center/a100/,312.0,624.0,312.0,312.0,2048.0,2048.0,2048.0,1410.0,measured_avg_sm_clock_mhz,warp-level HMMA mma.sync.aligned.m16n8k16 pair -> logical m16n16k16,"dense FP16 Tensor Core HMMA normalization only; no sparsity, no WGMMA",311.86944,2018.802990545111,98.5743647727105,True,True,True,bench_json_metadata,bench_json_metadata,False,False,False,False,False,False,Tensor HMMA/register baseline uses register operands and consumes registers; no intended global memory operation in the timed kernel,Tensor HMMA/register baseline uses register operands and consumes registers; no intended global memory operation in the timed kernel,False,False,307.4233194002095,nan,175.52000108827224,137.26582889778317,1034.509,792.184,nvml_total_energy_counter,nvml_total_energy_counter,1032.0439296215586,795.487073065852,175.10176484720841,137.8381694932687,average_instant,average_instant,nan,nan,175.0641304347826,137.90272727272728,400.0,400.0,1034.509,792.184,2.4650703784413963,-3.303073065852004,1.0023885324138724,0.9958477350824548,809.0386963099717,0.7820509017417651,0.2179490982582349,0.782052347576899,True,38.25417219048907,225.47030369002835,0.12443589758215214,0.1244348420449168,nan,nan,0.12443589758215214,0.0829572650547681,0.06221794879107607,46,44,6,6,1410.0,0.0,42.0,100.0,100.0,100.0,100.0,True,True,True,pure_fp16_candidate_no_l2,long5s_tensor_mma_f16acc_t384_b2_rep002_test_408c5840,long5s_tensor_mma_f16acc_t384_b2_rep002_baseline_9ab4a5b0,results/fp16_full_sweep_a100_20260603_044813/raw/long5s_tensor_mma_f16acc_t384_b2_rep002_test_408c5840/power.csv,results/fp16_full_sweep_a100_20260603_044813/raw/long5s_tensor_mma_f16acc_t384_b2_rep002_baseline_9ab4a5b0/power.csv,results/fp16_full_sweep_a100_20260603_044813/raw/long5s_tensor_mma_f16acc_t384_b2_rep002_test_408c5840/sm_util.csv,results/fp16_full_sweep_a100_20260603_044813/raw/long5s_tensor_mma_f16acc_t384_b2_rep002_baseline_9ab4a5b0/sm_util.csv
long5s_tensor_mma_f16acc_t384_b2,4,3,NVIDIA A100-SXM4-80GB,ampere,ga100,datacenter,80,108,benchmark uses warp-level HMMA mma.sync m16n8k16 pairs,False,False,tensor_core_mma_m16n16k16_f16acc,fp16-energy-bench-v2,fp16-energy-bench-v2,"nvml_timed_energy_counter,explicit_m16n16k16_denominator,strict_denominator_provenance,tensor_no_memory_warpsync_baseline,timed_kernel_memory_provenance","nvml_timed_energy_counter,explicit_m16n16k16_denominator,strict_denominator_provenance,tensor_no_memory_warpsync_baseline,timed_kernel_memory_provenance",ce960f9677a1,ce960f9677a1,tensor_mma_f16acc,tensor_baseline_mov,216,384,768.0,2,10666667,8,5.891085449219999,5.7711420898400005,1811939384623104.0,0.0,0.0,1811939384623104.0,905969692311552.0,905969692311552.0,2717909076934656.0,3623878769246208.0,221184006912.0,8192.0,8192.0,4096.0,4096.0,12288.0,16384.0,True,bench_json_metadata,True,logical_m16n16k16_input_bits_8192,ga100,f16acc,"A100 SXM dense FP16 Tensor Core peak, no sparsity",https://www.nvidia.com/en-us/data-center/a100/,312.0,624.0,312.0,312.0,2048.0,2048.0,2048.0,1410.0,measured_avg_sm_clock_mhz,warp-level HMMA mma.sync.aligned.m16n8k16 pair -> logical m16n16k16,"dense FP16 Tensor Core HMMA normalization only; no sparsity, no WGMMA",311.86944,2019.786544631422,98.62238987458116,True,True,True,bench_json_metadata,bench_json_metadata,False,False,False,False,False,False,Tensor HMMA/register baseline uses register operands and consumes registers; no intended global memory operation in the timed kernel,Tensor HMMA/register baseline uses register operands and consumes registers; no intended global memory operation in the timed kernel,False,False,307.57309501647296,nan,173.0515633389807,137.23016783135026,1019.463,791.976,nvml_total_energy_counter,nvml_total_energy_counter,1031.6987106052256,795.044647172594,175.1285478384649,137.76188970993024,average_instant,average_instant,nan,nan,175.09739130434784,137.38644444444446,400.0,400.0,1019.463,791.976,-12.235710605225677,-3.0686471725939555,0.9881402288483545,0.9961402832111291,808.434644905286,0.7930004766286624,0.20699952337133767,0.7930016070559155,True,35.821395507630456,211.02835509471402,0.11646546064707863,0.11646465860647512,nan,nan,0.11646546064707863,0.07764364043138576,0.05823273032353932,46,45,6,6,1410.0,0.0,42.0,100.0,100.0,100.0,100.0,True,True,True,pure_fp16_candidate_no_l2,long5s_tensor_mma_f16acc_t384_b2_rep003_test_80133bbd,long5s_tensor_mma_f16acc_t384_b2_rep003_baseline_739487d2,results/fp16_full_sweep_a100_20260603_044813/raw/long5s_tensor_mma_f16acc_t384_b2_rep003_test_80133bbd/power.csv,results/fp16_full_sweep_a100_20260603_044813/raw/long5s_tensor_mma_f16acc_t384_b2_rep003_baseline_739487d2/power.csv,results/fp16_full_sweep_a100_20260603_044813/raw/long5s_tensor_mma_f16acc_t384_b2_rep003_test_80133bbd/sm_util.csv,results/fp16_full_sweep_a100_20260603_044813/raw/long5s_tensor_mma_f16acc_t384_b2_rep003_baseline_739487d2/sm_util.csv
long5s_tensor_mma_f16acc_t384_b4,0,0,NVIDIA A100-SXM4-80GB,ampere,ga100,datacenter,80,108,benchmark uses warp-level HMMA mma.sync m16n8k16 pairs,False,False,tensor_core_mma_m16n16k16_f16acc,fp16-energy-bench-v2,fp16-energy-bench-v2,"nvml_timed_energy_counter,explicit_m16n16k16_denominator,strict_denominator_provenance,tensor_no_memory_warpsync_baseline,timed_kernel_memory_provenance","nvml_timed_energy_counter,explicit_m16n16k16_denominator,strict_denominator_provenance,tensor_no_memory_warpsync_baseline,timed_kernel_memory_provenance",ce960f9677a1,ce960f9677a1,tensor_mma_f16acc,tensor_baseline_mov,432,384,1536.0,4,5333333,8,5.882426269530001,5.62714599609,1811939214753792.0,0.0,0.0,1811939214753792.0,905969607376896.0,905969607376896.0,2717908822130688.0,3623878429507584.0,221183986176.0,8192.0,8192.0,4096.0,4096.0,12288.0,16384.0,True,bench_json_metadata,True,logical_m16n16k16_input_bits_8192,ga100,f16acc,"A100 SXM dense FP16 Tensor Core peak, no sparsity",https://www.nvidia.com/en-us/data-center/a100/,312.0,624.0,312.0,312.0,2048.0,2048.0,2048.0,1410.0,measured_avg_sm_clock_mhz,warp-level HMMA mma.sync.aligned.m16n8k16 pair -> logical m16n16k16,"dense FP16 Tensor Core HMMA normalization only; no sparsity, no WGMMA",311.86944,2022.7595660205059,98.767556934595,True,True,True,bench_json_metadata,bench_json_metadata,False,False,False,False,False,False,Tensor HMMA/register baseline uses register operands and consumes registers; no intended global memory operation in the timed kernel,Tensor HMMA/register baseline uses register operands and consumes registers; no intended global memory operation in the timed kernel,False,False,308.0258267136026,nan,176.4043934059784,140.1301405176381,1037.69,788.538,nvml_total_energy_counter,nvml_total_energy_counter,1029.3860592300023,786.3608351607297,174.9927467346116,139.74323917000868,average_instant,average_instant,nan,nan,174.6704347826087,139.83232558139534,400.0,400.0,1037.69,788.538,8.30394076999778,2.17716483927029,1.0080668867579277,1.0027686587911329,824.3052197338847,0.7943655809865033,0.2056344190134967,0.7943687671947123,True,36.2742528883403,213.3847802661154,0.11776597058478604,0.1177636735054282,nan,nan,0.11776597058478604,0.07851064705652402,0.05888298529239302,46,43,6,5,1410.0,0.0,42.0,99.8695652173913,100.0,100.0,100.0,True,True,True,pure_fp16_candidate_no_l2,long5s_tensor_mma_f16acc_t384_b4_rep000_test_e78f1a26,long5s_tensor_mma_f16acc_t384_b4_rep000_baseline_57c2b185,results/fp16_long_sweep_a100_20260603_034822/raw/long5s_tensor_mma_f16acc_t384_b4_rep000_test_e78f1a26/power.csv,results/fp16_long_sweep_a100_20260603_034822/raw/long5s_tensor_mma_f16acc_t384_b4_rep000_baseline_57c2b185/power.csv,results/fp16_long_sweep_a100_20260603_034822/raw/long5s_tensor_mma_f16acc_t384_b4_rep000_test_e78f1a26/sm_util.csv,results/fp16_long_sweep_a100_20260603_034822/raw/long5s_tensor_mma_f16acc_t384_b4_rep000_baseline_57c2b185/sm_util.csv
long5s_tensor_mma_f16acc_t384_b4,1,0,NVIDIA A100-SXM4-80GB,ampere,ga100,datacenter,80,108,benchmark uses warp-level HMMA mma.sync m16n8k16 pairs,False,False,tensor_core_mma_m16n16k16_f16acc,fp16-energy-bench-v2,fp16-energy-bench-v2,"nvml_timed_energy_counter,explicit_m16n16k16_denominator,strict_denominator_provenance,tensor_no_memory_warpsync_baseline,timed_kernel_memory_provenance","nvml_timed_energy_counter,explicit_m16n16k16_denominator,strict_denominator_provenance,tensor_no_memory_warpsync_baseline,timed_kernel_memory_provenance",ce960f9677a1,ce960f9677a1,tensor_mma_f16acc,tensor_baseline_mov,432,384,1536.0,4,5333333,8,5.8848071289099995,5.62748193359,1811939214753792.0,0.0,0.0,1811939214753792.0,905969607376896.0,905969607376896.0,2717908822130688.0,3623878429507584.0,221183986176.0,8192.0,8192.0,4096.0,4096.0,12288.0,16384.0,True,bench_json_metadata,True,logical_m16n16k16_input_bits_8192,ga100,f16acc,"A100 SXM dense FP16 Tensor Core peak, no sparsity",https://www.nvidia.com/en-us/data-center/a100/,312.0,624.0,312.0,312.0,2048.0,2048.0,2048.0,1410.0,measured_avg_sm_clock_mhz,warp-level HMMA mma.sync.aligned.m16n8k16 pair -> logical m16n16k16,"dense FP16 Tensor Core HMMA normalization only; no sparsity, no WGMMA",311.86944,2021.9412034164739,98.72759782307001,True,True,True,bench_json_metadata,bench_json_metadata,False,False,False,False,False,False,Tensor HMMA/register baseline uses register operands and consumes registers; no intended global memory operation in the timed kernel,Tensor HMMA/register baseline uses register operands and consumes registers; no intended global memory operation in the timed kernel,False,False,307.90120645626064,nan,175.70180573727018,139.10209011314677,1033.98,782.795,nvml_total_energy_counter,nvml_total_energy_counter,1026.585144071147,780.6081467009038,174.4452151457051,138.71348790608732,average_instant,average_instant,nan,nan,174.22866666666667,138.7986046511628,400.0,400.0,1033.98,782.795,7.394855928853076,2.1868532990961285,1.0072033537320901,1.0028014738359297,818.5889715441273,0.7916874325848926,0.2083125674151074,0.7916941407030753,True,36.599715624123405,215.39102845587274,0.11887320871585655,0.1188683735454042,nan,nan,0.11887320871585655,0.07924880581057103,0.059436604357928274,45,43,6,5,1410.0,0.0,41.0,100.0,100.0,100.0,100.0,True,True,True,pure_fp16_candidate_no_l2,long5s_tensor_mma_f16acc_t384_b4_rep000_test_436ac3bb,long5s_tensor_mma_f16acc_t384_b4_rep000_baseline_3528cde7,results/fp16_long_sweep_a100_20260603_034822/raw/long5s_tensor_mma_f16acc_t384_b4_rep000_test_436ac3bb/power.csv,results/fp16_long_sweep_a100_20260603_034822/raw/long5s_tensor_mma_f16acc_t384_b4_rep000_baseline_3528cde7/power.csv,results/fp16_long_sweep_a100_20260603_034822/raw/long5s_tensor_mma_f16acc_t384_b4_rep000_test_436ac3bb/sm_util.csv,results/fp16_long_sweep_a100_20260603_034822/raw/long5s_tensor_mma_f16acc_t384_b4_rep000_baseline_3528cde7/sm_util.csv
long5s_tensor_mma_f16acc_t384_b4,2,1,NVIDIA A100-SXM4-80GB,ampere,ga100,datacenter,80,108,benchmark uses warp-level HMMA mma.sync m16n8k16 pairs,False,False,tensor_core_mma_m16n16k16_f16acc,fp16-energy-bench-v2,fp16-energy-bench-v2,"nvml_timed_energy_counter,explicit_m16n16k16_denominator,strict_denominator_provenance,tensor_no_memory_warpsync_baseline,timed_kernel_memory_provenance","nvml_timed_energy_counter,explicit_m16n16k16_denominator,strict_denominator_provenance,tensor_no_memory_warpsync_baseline,timed_kernel_memory_provenance",ce960f9677a1,ce960f9677a1,tensor_mma_f16acc,tensor_baseline_mov,432,384,1536.0,4,5333333,8,5.88518505859,5.6270478515599995,1811939214753792.0,0.0,0.0,1811939214753792.0,905969607376896.0,905969607376896.0,2717908822130688.0,3623878429507584.0,221183986176.0,8192.0,8192.0,4096.0,4096.0,12288.0,16384.0,True,bench_json_metadata,True,logical_m16n16k16_input_bits_8192,ga100,f16acc,"A100 SXM dense FP16 Tensor Core peak, no sparsity",https://www.nvidia.com/en-us/data-center/a100/,312.0,624.0,312.0,312.0,2048.0,2048.0,2048.0,1410.0,measured_avg_sm_clock_mhz,warp-level HMMA mma.sync.aligned.m16n8k16 pair -> logical m16n16k16,"dense FP16 Tensor Core HMMA normalization only; no sparsity, no WGMMA",311.86944,2021.8113601601647,98.72125782032055,True,True,True,bench_json_metadata,bench_json_metadata,False,False,False,False,False,False,Tensor HMMA/register baseline uses register operands and consumes registers; no intended global memory operation in the timed kernel,Tensor HMMA/register baseline uses register operands and consumes registers; no intended global memory operation in the timed kernel,False,False,307.88143392518987,nan,173.20105652302945,139.76929300795067,1019.325,786.49,nvml_total_energy_counter,nvml_total_energy_counter,1028.913295019266,789.0784468906379,174.83027470917355,140.22929299764294,average_instant,average_instant,nan,nan,174.59760869565216,140.12395348837208,400.0,400.0,1019.325,786.49,-9.588295019265843,-2.588446890637897,0.990681143818745,0.9967196583548344,822.5681548600791,0.8069733940206304,0.19302660597936966,0.8069771386721676,True,33.431763515078785,196.75684513992098,0.10858909809877729,0.1085864876256298,nan,nan,0.10858909809877729,0.07239273206585152,0.05429454904938864,46,43,6,5,1410.0,0.0,41.0,99.84782608695652,100.0,99.83333333333333,100.0,True,True,True,pure_fp16_candidate_no_l2,long5s_tensor_mma_f16acc_t384_b4_rep001_test_81e99ea0,long5s_tensor_mma_f16acc_t384_b4_rep001_baseline_ac6fc40b,results/fp16_long_sweep_a100_20260603_034822/raw/long5s_tensor_mma_f16acc_t384_b4_rep001_test_81e99ea0/power.csv,results/fp16_long_sweep_a100_20260603_034822/raw/long5s_tensor_mma_f16acc_t384_b4_rep001_baseline_ac6fc40b/power.csv,results/fp16_long_sweep_a100_20260603_034822/raw/long5s_tensor_mma_f16acc_t384_b4_rep001_test_81e99ea0/sm_util.csv,results/fp16_long_sweep_a100_20260603_034822/raw/long5s_tensor_mma_f16acc_t384_b4_rep001_baseline_ac6fc40b/sm_util.csv
long5s_tensor_mma_f16acc_t384_b4,3,2,NVIDIA A100-SXM4-80GB,ampere,ga100,datacenter,80,108,benchmark uses warp-level HMMA mma.sync m16n8k16 pairs,False,False,tensor_core_mma_m16n16k16_f16acc,fp16-energy-bench-v2,fp16-energy-bench-v2,"nvml_timed_energy_counter,explicit_m16n16k16_denominator,strict_denominator_provenance,tensor_no_memory_warpsync_baseline,timed_kernel_memory_provenance","nvml_timed_energy_counter,explicit_m16n16k16_denominator,strict_denominator_provenance,tensor_no_memory_warpsync_baseline,timed_kernel_memory_provenance",ce960f9677a1,ce960f9677a1,tensor_mma_f16acc,tensor_baseline_mov,432,384,1536.0,4,5333333,8,5.88407714844,5.62710009766,1811939214753792.0,0.0,0.0,1811939214753792.0,905969607376896.0,905969607376896.0,2717908822130688.0,3623878429507584.0,221183986176.0,8192.0,8192.0,4096.0,4096.0,12288.0,16384.0,True,bench_json_metadata,True,logical_m16n16k16_input_bits_8192,ga100,f16acc,"A100 SXM dense FP16 Tensor Core peak, no sparsity",https://www.nvidia.com/en-us/data-center/a100/,312.0,624.0,312.0,312.0,2048.0,2048.0,2048.0,1410.0,measured_avg_sm_clock_mhz,warp-level HMMA mma.sync.aligned.m16n8k16 pair -> logical m16n16k16,"dense FP16 Tensor Core HMMA normalization only; no sparsity, no WGMMA",311.86944,2022.192046080964,98.73984600004707,True,True,True,bench_json_metadata,bench_json_metadata,False,False,False,False,False,False,Tensor HMMA/register baseline uses register operands and consumes registers; no intended global memory operation in the timed kernel,Tensor HMMA/register baseline uses register operands and consumes registers; no intended global memory operation in the timed kernel,False,False,307.9394047772092,nan,173.38619660966194,139.91763571405426,1020.22,787.332,nvml_total_energy_counter,nvml_total_energy_counter,1027.2644367692965,788.9171203329735,174.58339731018296,140.1993291919161,average_instant,average_instant,nan,nan,173.97934782608695,140.26302325581398,400.0,400.0,1020.22,787.332,-7.044436769296453,-1.5851203329734744,0.993142528333356,0.9979907644388495,823.2861629688191,0.8069692448381909,0.19303075516180915,0.806971018742892,True,33.46856089560768,196.93383703118093,0.10868677901975894,0.10868554129934044,nan,nan,0.10868677901975894,0.07245785267983929,0.05434338950987947,46,43,6,5,1410.0,0.0,42.0,100.0,100.0,100.0,100.0,True,True,True,pure_fp16_candidate_no_l2,long5s_tensor_mma_f16acc_t384_b4_rep002_test_7c015ef6,long5s_tensor_mma_f16acc_t384_b4_rep002_baseline_f25caa3e,results/fp16_long_sweep_a100_20260603_034822/raw/long5s_tensor_mma_f16acc_t384_b4_rep002_test_7c015ef6/power.csv,results/fp16_long_sweep_a100_20260603_034822/raw/long5s_tensor_mma_f16acc_t384_b4_rep002_baseline_f25caa3e/power.csv,results/fp16_long_sweep_a100_20260603_034822/raw/long5s_tensor_mma_f16acc_t384_b4_rep002_test_7c015ef6/sm_util.csv,results/fp16_long_sweep_a100_20260603_034822/raw/long5s_tensor_mma_f16acc_t384_b4_rep002_baseline_f25caa3e/sm_util.csv
long5s_tensor_mma_f16acc_t384_b4,4,3,NVIDIA A100-SXM4-80GB,ampere,ga100,datacenter,80,108,benchmark uses warp-level HMMA mma.sync m16n8k16 pairs,False,False,tensor_core_mma_m16n16k16_f16acc,fp16-energy-bench-v2,fp16-energy-bench-v2,"nvml_timed_energy_counter,explicit_m16n16k16_denominator,strict_denominator_provenance,tensor_no_memory_warpsync_baseline,timed_kernel_memory_provenance","nvml_timed_energy_counter,explicit_m16n16k16_denominator,strict_denominator_provenance,tensor_no_memory_warpsync_baseline,timed_kernel_memory_provenance",ce960f9677a1,ce960f9677a1,tensor_mma_f16acc,tensor_baseline_mov,432,384,1536.0,4,5333333,8,5.88311035156,5.62932226562,1811939214753792.0,0.0,0.0,1811939214753792.0,905969607376896.0,905969607376896.0,2717908822130688.0,3623878429507584.0,221183986176.0,8192.0,8192.0,4096.0,4096.0,12288.0,16384.0,True,bench_json_metadata,True,logical_m16n16k16_input_bits_8192,ga100,f16acc,"A100 SXM dense FP16 Tensor Core peak, no sparsity",https://www.nvidia.com/en-us/data-center/a100/,312.0,624.0,312.0,312.0,2048.0,2048.0,2048.0,1410.0,measured_avg_sm_clock_mhz,warp-level HMMA mma.sync.aligned.m16n8k16 pair -> logical m16n16k16,"dense FP16 Tensor Core HMMA normalization only; no sparsity, no WGMMA",311.86944,2022.524361615449,98.75607234450435,True,True,True,bench_json_metadata,bench_json_metadata,False,False,False,False,False,False,Tensor HMMA/register baseline uses register operands and consumes registers; no intended global memory operation in the timed kernel,Tensor HMMA/register baseline uses register operands and consumes registers; no intended global memory operation in the timed kernel,False,False,307.99000978680056,nan,176.4438206713932,140.00873997483856,1038.04,788.156,nvml_total_energy_counter,nvml_total_energy_counter,1027.6727454276104,787.3726340171827,174.68161689636975,139.86958213781975,average_instant,average_instant,nan,nan,174.0454347826087,139.94813953488372,400.0,400.0,1038.04,788.156,10.367254572389584,0.7833659828172586,1.0100880894414261,1.0009949113659444,823.6868674548451,0.7935020494921633,0.20649795050783673,0.7935032206970235,True,36.43508069655465,214.35313254515484,0.11830039926272104,0.1182995536828485,nan,nan,0.11830039926272104,0.07886693284181402,0.05915019963136052,46,43,6,5,1410.0,0.0,42.0,100.0,100.0,100.0,100.0,True,True,True,pure_fp16_candidate_no_l2,long5s_tensor_mma_f16acc_t384_b4_rep003_test_f78f2029,long5s_tensor_mma_f16acc_t384_b4_rep003_baseline_f3e08e0b,results/fp16_long_sweep_a100_20260603_034822/raw/long5s_tensor_mma_f16acc_t384_b4_rep003_test_f78f2029/power.csv,results/fp16_long_sweep_a100_20260603_034822/raw/long5s_tensor_mma_f16acc_t384_b4_rep003_baseline_f3e08e0b/power.csv,results/fp16_long_sweep_a100_20260603_034822/raw/long5s_tensor_mma_f16acc_t384_b4_rep003_test_f78f2029/sm_util.csv,results/fp16_long_sweep_a100_20260603_034822/raw/long5s_tensor_mma_f16acc_t384_b4_rep003_baseline_f3e08e0b/sm_util.csv
long5s_tensor_mma_f16acc_t384_b8,0,0,NVIDIA A100-SXM4-80GB,ampere,ga100,datacenter,80,108,benchmark uses warp-level HMMA mma.sync m16n8k16 pairs,False,False,tensor_core_mma_m16n16k16_f16acc,fp16-energy-bench-v2,fp16-energy-bench-v2,"nvml_timed_energy_counter,explicit_m16n16k16_denominator,strict_denominator_provenance,tensor_no_memory_warpsync_baseline,timed_kernel_memory_provenance","nvml_timed_energy_counter,explicit_m16n16k16_denominator,strict_denominator_provenance,tensor_no_memory_warpsync_baseline,timed_kernel_memory_provenance",ce960f9677a1,ce960f9677a1,tensor_mma_f16acc,tensor_baseline_mov,864,384,3072.0,8,2666667,8,5.877661621090001,5.352741699219999,1811939554492416.0,0.0,0.0,1811939554492416.0,905969777246208.0,905969777246208.0,2717909331738624.0,3623879108984832.0,221184027648.0,8192.0,8192.0,4096.0,4096.0,12288.0,16384.0,True,bench_json_metadata,True,logical_m16n16k16_input_bits_8192,ga100,f16acc,"A100 SXM dense FP16 Tensor Core peak, no sparsity",https://www.nvidia.com/en-us/data-center/a100/,312.0,624.0,312.0,312.0,2048.0,2048.0,2048.0,1410.0,measured_avg_sm_clock_mhz,warp-level HMMA mma.sync.aligned.m16n8k16 pair -> logical m16n16k16,"dense FP16 Tensor Core HMMA normalization only; no sparsity, no WGMMA",311.86944,2024.399668810519,98.8476400786386,True,True,True,bench_json_metadata,bench_json_metadata,False,False,False,False,False,False,Tensor HMMA/register baseline uses register operands and consumes registers; no intended global memory operation in the timed kernel,Tensor HMMA/register baseline uses register operands and consumes registers; no intended global memory operation in the timed kernel,False,False,308.2755815664658,nan,176.8451379746715,141.56471551933072,1039.438,757.761,nvml_total_energy_counter,nvml_total_energy_counter,1030.9975109184634,762.7433946957151,175.40911249147956,142.4955252175125,average_instant,average_instant,nan,nan,175.3451111111111,142.49404761904762,400.0,400.0,1039.438,757.761,8.440489081536725,-4.982394695715129,1.008186721104707,0.9934677969938989,832.0694953084942,0.8004993999723833,0.19950060002761674,0.8005010323756043,True,35.28042245534078,207.3685046915059,0.11444559735857009,0.11444442753482939,nan,nan,0.11444559735857009,0.07629706490571339,0.05722279867928504,45,42,6,5,1410.0,0.0,42.0,100.0,100.0,100.0,100.0,True,True,True,pure_fp16_candidate_no_l2,long5s_tensor_mma_f16acc_t384_b8_rep000_test_ad41065e,long5s_tensor_mma_f16acc_t384_b8_rep000_baseline_780eb810,results/fp16_long_sweep_a100_20260603_034822/raw/long5s_tensor_mma_f16acc_t384_b8_rep000_test_ad41065e/power.csv,results/fp16_long_sweep_a100_20260603_034822/raw/long5s_tensor_mma_f16acc_t384_b8_rep000_baseline_780eb810/power.csv,results/fp16_long_sweep_a100_20260603_034822/raw/long5s_tensor_mma_f16acc_t384_b8_rep000_test_ad41065e/sm_util.csv,results/fp16_long_sweep_a100_20260603_034822/raw/long5s_tensor_mma_f16acc_t384_b8_rep000_baseline_780eb810/sm_util.csv
long5s_tensor_mma_f16acc_t384_b8,1,0,NVIDIA A100-SXM4-80GB,ampere,ga100,datacenter,80,108,benchmark uses warp-level HMMA mma.sync m16n8k16 pairs,False,False,tensor_core_mma_m16n16k16_f16acc,fp16-energy-bench-v2,fp16-energy-bench-v2,"nvml_timed_energy_counter,explicit_m16n16k16_denominator,strict_denominator_provenance,tensor_no_memory_warpsync_baseline,timed_kernel_memory_provenance","nvml_timed_energy_counter,explicit_m16n16k16_denominator,strict_denominator_provenance,tensor_no_memory_warpsync_baseline,timed_kernel_memory_provenance",ce960f9677a1,ce960f9677a1,tensor_mma_f16acc,tensor_baseline_mov,864,384,3072.0,8,2666667,8,5.88060791016,5.35592871094,1811939554492416.0,0.0,0.0,1811939554492416.0,905969777246208.0,905969777246208.0,2717909331738624.0,3623879108984832.0,221184027648.0,8192.0,8192.0,4096.0,4096.0,12288.0,16384.0,True,bench_json_metadata,True,logical_m16n16k16_input_bits_8192,ga100,f16acc,"A100 SXM dense FP16 Tensor Core peak, no sparsity",https://www.nvidia.com/en-us/data-center/a100/,312.0,624.0,312.0,312.0,2048.0,2048.0,2048.0,1410.0,measured_avg_sm_clock_mhz,warp-level HMMA mma.sync.aligned.m16n8k16 pair -> logical m16n16k16,"dense FP16 Tensor Core HMMA normalization only; no sparsity, no WGMMA",311.86944,2023.3854085998994,98.79811565429198,True,True,True,bench_json_metadata,bench_json_metadata,False,False,False,False,False,False,Tensor HMMA/register baseline uses register operands and consumes registers; no intended global memory operation in the timed kernel,Tensor HMMA/register baseline uses register operands and consumes registers; no intended global memory operation in the timed kernel,False,False,308.1211300215927,nan,175.4798786579194,144.20106751561067,1031.929,772.334,nvml_total_energy_counter,nvml_total_energy_counter,1022.4782890595732,783.8386886836598,173.87278203687552,146.3490868823853,average_instant,average_instant,nan,nan,173.4441304347826,146.3019512195122,400.0,400.0,1031.929,772.334,9.450710940426916,-11.504688683659879,1.0092429453432397,0.985322632258711,847.9899382858164,0.821752211911688,0.178247788088312,0.8217527195623172,True,31.27881114230871,183.9390617141837,0.10151500984574019,0.10151465801815258,nan,nan,0.10151500984574019,0.06767667323049346,0.050757504922870095,46,41,6,5,1410.0,0.0,40.0,100.0,100.0,100.0,100.0,True,True,True,pure_fp16_candidate_no_l2,long5s_tensor_mma_f16acc_t384_b8_rep000_test_9de54fbf,long5s_tensor_mma_f16acc_t384_b8_rep000_baseline_7786d96f,results/fp16_long_sweep_a100_20260603_034822/raw/long5s_tensor_mma_f16acc_t384_b8_rep000_test_9de54fbf/power.csv,results/fp16_long_sweep_a100_20260603_034822/raw/long5s_tensor_mma_f16acc_t384_b8_rep000_baseline_7786d96f/power.csv,results/fp16_long_sweep_a100_20260603_034822/raw/long5s_tensor_mma_f16acc_t384_b8_rep000_test_9de54fbf/sm_util.csv,results/fp16_long_sweep_a100_20260603_034822/raw/long5s_tensor_mma_f16acc_t384_b8_rep000_baseline_7786d96f/sm_util.csv
long5s_tensor_mma_f16acc_t384_b8,2,1,NVIDIA A100-SXM4-80GB,ampere,ga100,datacenter,80,108,benchmark uses warp-level HMMA mma.sync m16n8k16 pairs,False,False,tensor_core_mma_m16n16k16_f16acc,fp16-energy-bench-v2,fp16-energy-bench-v2,"nvml_timed_energy_counter,explicit_m16n16k16_denominator,strict_denominator_provenance,tensor_no_memory_warpsync_baseline,timed_kernel_memory_provenance","nvml_timed_energy_counter,explicit_m16n16k16_denominator,strict_denominator_provenance,tensor_no_memory_warpsync_baseline,timed_kernel_memory_provenance",ce960f9677a1,ce960f9677a1,tensor_mma_f16acc,tensor_baseline_mov,864,384,3072.0,8,2666667,8,5.87997900391,5.35385595703,1811939554492416.0,0.0,0.0,1811939554492416.0,905969777246208.0,905969777246208.0,2717909331738624.0,3623879108984832.0,221184027648.0,8192.0,8192.0,4096.0,4096.0,12288.0,16384.0,True,bench_json_metadata,True,logical_m16n16k16_input_bits_8192,ga100,f16acc,"A100 SXM dense FP16 Tensor Core peak, no sparsity",https://www.nvidia.com/en-us/data-center/a100/,312.0,624.0,312.0,312.0,2048.0,2048.0,2048.0,1410.0,measured_avg_sm_clock_mhz,warp-level HMMA mma.sync.aligned.m16n8k16 pair -> logical m16n16k16,"dense FP16 Tensor Core HMMA normalization only; no sparsity, no WGMMA",311.86944,2023.6018242926734,98.8086828267907,True,True,True,bench_json_metadata,bench_json_metadata,False,False,False,False,False,False,Tensor HMMA/register baseline uses register operands and consumes registers; no intended global memory operation in the timed kernel,Tensor HMMA/register baseline uses register operands and consumes registers; no intended global memory operation in the timed kernel,False,False,308.1540858032883,nan,173.42114492645527,140.8227144058434,1019.714,753.946,nvml_total_energy_counter,nvml_total_energy_counter,1028.8774350851197,752.1532693443739,174.9795558180589,140.48786655583316,average_instant,average_instant,nan,nan,174.97622222222222,140.07166666666666,400.0,400.0,1019.714,753.946,-9.163435085119659,1.7927306556260874,0.9910937544428102,1.0023834645526286,828.0346039799736,0.812026317163414,0.18797368283658603,0.8120273595562049,True,32.598430520611856,191.6793960200265,0.10578686002233789,0.10578613759293533,nan,nan,0.10578686002233789,0.07052457334822528,0.052893430011168946,45,42,6,5,1410.0,0.0,41.0,100.0,100.0,100.0,100.0,True,True,True,pure_fp16_candidate_no_l2,long5s_tensor_mma_f16acc_t384_b8_rep001_test_e690ef86,long5s_tensor_mma_f16acc_t384_b8_rep001_baseline_1181066d,results/fp16_long_sweep_a100_20260603_034822/raw/long5s_tensor_mma_f16acc_t384_b8_rep001_test_e690ef86/power.csv,results/fp16_long_sweep_a100_20260603_034822/raw/long5s_tensor_mma_f16acc_t384_b8_rep001_baseline_1181066d/power.csv,results/fp16_long_sweep_a100_20260603_034822/raw/long5s_tensor_mma_f16acc_t384_b8_rep001_test_e690ef86/sm_util.csv,results/fp16_long_sweep_a100_20260603_034822/raw/long5s_tensor_mma_f16acc_t384_b8_rep001_baseline_1181066d/sm_util.csv
long5s_tensor_mma_f16acc_t384_b8,3,2,NVIDIA A100-SXM4-80GB,ampere,ga100,datacenter,80,108,benchmark uses warp-level HMMA mma.sync m16n8k16 pairs,False,False,tensor_core_mma_m16n16k16_f16acc,fp16-energy-bench-v2,fp16-energy-bench-v2,"nvml_timed_energy_counter,explicit_m16n16k16_denominator,strict_denominator_provenance,tensor_no_memory_warpsync_baseline,timed_kernel_memory_provenance","nvml_timed_energy_counter,explicit_m16n16k16_denominator,strict_denominator_provenance,tensor_no_memory_warpsync_baseline,timed_kernel_memory_provenance",ce960f9677a1,ce960f9677a1,tensor_mma_f16acc,tensor_baseline_mov,864,384,3072.0,8,2666667,8,5.87953027344,5.35607177734,1811939554492416.0,0.0,0.0,1811939554492416.0,905969777246208.0,905969777246208.0,2717909331738624.0,3623879108984832.0,221184027648.0,8192.0,8192.0,4096.0,4096.0,12288.0,16384.0,True,bench_json_metadata,True,logical_m16n16k16_input_bits_8192,ga100,f16acc,"A100 SXM dense FP16 Tensor Core peak, no sparsity",https://www.nvidia.com/en-us/data-center/a100/,312.0,624.0,312.0,312.0,2048.0,2048.0,2048.0,1410.0,measured_avg_sm_clock_mhz,warp-level HMMA mma.sync.aligned.m16n8k16 pair -> logical m16n16k16,"dense FP16 Tensor Core HMMA normalization only; no sparsity, no WGMMA",311.86944,2023.75626720826,98.81622398477832,True,True,True,bench_json_metadata,bench_json_metadata,False,False,False,False,False,False,Tensor HMMA/register baseline uses register operands and consumes registers; no intended global memory operation in the timed kernel,Tensor HMMA/register baseline uses register operands and consumes registers; no intended global memory operation in the timed kernel,False,False,308.17760437047383,nan,176.5948629108385,141.07930381118084,1038.297,755.633,nvml_total_energy_counter,nvml_total_energy_counter,1029.9049632801748,761.5287922263188,175.16753472431742,142.18006868341965,average_instant,average_instant,nan,nan,175.07391304347829,142.18428571428572,400.0,400.0,1038.297,755.633,8.392036719825228,-5.895792226318804,1.0081483603041363,0.9922579523105324,829.4800377136769,0.798885133746584,0.20111486625341604,0.7988867936798977,True,35.51555909965765,208.81696228632313,0.11524499355875018,0.11524380291100854,nan,nan,0.11524499355875018,0.07682999570583345,0.05762249677937509,46,42,6,5,1410.0,0.0,41.0,100.0,100.0,100.0,100.0,True,True,True,pure_fp16_candidate_no_l2,long5s_tensor_mma_f16acc_t384_b8_rep002_test_c65846bf,long5s_tensor_mma_f16acc_t384_b8_rep002_baseline_c79f5d9a,results/fp16_long_sweep_a100_20260603_034822/raw/long5s_tensor_mma_f16acc_t384_b8_rep002_test_c65846bf/power.csv,results/fp16_long_sweep_a100_20260603_034822/raw/long5s_tensor_mma_f16acc_t384_b8_rep002_baseline_c79f5d9a/power.csv,results/fp16_long_sweep_a100_20260603_034822/raw/long5s_tensor_mma_f16acc_t384_b8_rep002_test_c65846bf/sm_util.csv,results/fp16_long_sweep_a100_20260603_034822/raw/long5s_tensor_mma_f16acc_t384_b8_rep002_baseline_c79f5d9a/sm_util.csv
long5s_tensor_mma_f16acc_t384_b8,4,3,NVIDIA A100-SXM4-80GB,ampere,ga100,datacenter,80,108,benchmark uses warp-level HMMA mma.sync m16n8k16 pairs,False,False,tensor_core_mma_m16n16k16_f16acc,fp16-energy-bench-v2,fp16-energy-bench-v2,"nvml_timed_energy_counter,explicit_m16n16k16_denominator,strict_denominator_provenance,tensor_no_memory_warpsync_baseline,timed_kernel_memory_provenance","nvml_timed_energy_counter,explicit_m16n16k16_denominator,strict_denominator_provenance,tensor_no_memory_warpsync_baseline,timed_kernel_memory_provenance",ce960f9677a1,ce960f9677a1,tensor_mma_f16acc,tensor_baseline_mov,864,384,3072.0,8,2666667,8,5.87922314453,5.355592773440001,1811939554492416.0,0.0,0.0,1811939554492416.0,905969777246208.0,905969777246208.0,2717909331738624.0,3623879108984832.0,221184027648.0,8192.0,8192.0,4096.0,4096.0,12288.0,16384.0,True,bench_json_metadata,True,logical_m16n16k16_input_bits_8192,ga100,f16acc,"A100 SXM dense FP16 Tensor Core peak, no sparsity",https://www.nvidia.com/en-us/data-center/a100/,312.0,624.0,312.0,312.0,2048.0,2048.0,2048.0,1410.0,measured_avg_sm_clock_mhz,warp-level HMMA mma.sync.aligned.m16n8k16 pair -> logical m16n16k16,"dense FP16 Tensor Core HMMA normalization only; no sparsity, no WGMMA",311.86944,2023.861987648048,98.82138611562735,True,True,True,bench_json_metadata,bench_json_metadata,False,False,False,False,False,False,Tensor HMMA/register baseline uses register operands and consumes registers; no intended global memory operation in the timed kernel,Tensor HMMA/register baseline uses register operands and consumes registers; no intended global memory operation in the timed kernel,False,False,308.19370347904476,nan,173.63456977249,141.31871999140583,1020.838,756.848,nvml_total_energy_counter,nvml_total_energy_counter,1025.9303357501751,760.5599764383323,174.50072632927836,142.01182053326283,average_instant,average_instant,nan,nan,173.75282608695653,142.01,400.0,400.0,1020.838,756.848,-5.0923357501751525,-3.7119764383323854,0.9950363727704264,0.9951194165439583,830.8442893288276,0.8138845628090134,0.1861154371909866,0.8138858533561202,True,32.31584978108418,189.99371067117238,0.10485653906065089,0.10485564570686129,nan,nan,0.10485653906065089,0.06990435937376725,0.05242826953032544,46,42,6,5,1410.0,0.0,42.0,100.0,100.0,100.0,100.0,True,True,True,pure_fp16_candidate_no_l2,long5s_tensor_mma_f16acc_t384_b8_rep003_test_99629020,long5s_tensor_mma_f16acc_t384_b8_rep003_baseline_50bf9793,results/fp16_long_sweep_a100_20260603_034822/raw/long5s_tensor_mma_f16acc_t384_b8_rep003_test_99629020/power.csv,results/fp16_long_sweep_a100_20260603_034822/raw/long5s_tensor_mma_f16acc_t384_b8_rep003_baseline_50bf9793/power.csv,results/fp16_long_sweep_a100_20260603_034822/raw/long5s_tensor_mma_f16acc_t384_b8_rep003_test_99629020/sm_util.csv,results/fp16_long_sweep_a100_20260603_034822/raw/long5s_tensor_mma_f16acc_t384_b8_rep003_baseline_50bf9793/sm_util.csv
full5s_tensor_mma_f16acc_t032_b01,0,0,NVIDIA A100-SXM4-80GB,ampere,ga100,datacenter,80,108,benchmark uses warp-level HMMA mma.sync m16n8k16 pairs,False,False,tensor_core_mma_m16n16k16_f16acc,fp16-energy-bench-v2,fp16-energy-bench-v2,"nvml_timed_energy_counter,explicit_m16n16k16_denominator,strict_denominator_provenance,tensor_no_memory_warpsync_baseline,timed_kernel_memory_provenance","nvml_timed_energy_counter,explicit_m16n16k16_denominator,strict_denominator_provenance,tensor_no_memory_warpsync_baseline,timed_kernel_memory_provenance",ce960f9677a1,ce960f9677a1,tensor_mma_f16acc,tensor_baseline_mov,108,32,32.0,1,256000000,8,35.6010078125,112.610875,1811939328000000.0,0.0,0.0,1811939328000000.0,905969664000000.0,905969664000000.0,2717908992000000.0,3623878656000000.0,221184000000.0,8192.0,8192.0,4096.0,4096.0,12288.0,16384.0,True,bench_json_metadata,True,logical_m16n16k16_input_bits_8192,ga100,f16acc,"A100 SXM dense FP16 Tensor Core peak, no sparsity",https://www.nvidia.com/en-us/data-center/a100/,312.0,624.0,312.0,312.0,2048.0,2048.0,2048.0,1410.0,measured_avg_sm_clock_mhz,warp-level HMMA mma.sync.aligned.m16n8k16 pair -> logical m16n16k16,"dense FP16 Tensor Core HMMA normalization only; no sparsity, no WGMMA",311.86944,334.22466056130133,16.319563503969793,True,True,True,bench_json_metadata,bench_json_metadata,False,False,False,False,False,False,Tensor HMMA/register baseline uses register operands and consumes registers; no intended global memory operation in the timed kernel,Tensor HMMA/register baseline uses register operands and consumes registers; no intended global memory operation in the timed kernel,False,False,50.89573131027497,nan,104.48374138539003,95.13716497424433,3719.717,10713.432,nvml_total_energy_counter,nvml_total_energy_counter,3722.5128304144264,10716.12288421693,104.56227392482202,95.16106050050264,average_instant,average_instant,nan,nan,104.56108695652173,95.1607807118255,400.0,400.0,3719.717,10713.432,-2.795830414426291,-2.69088421692868,0.9992489400193377,0.9997488938633867,3386.9789535071736,0.9105474834529544,0.0894525165470455,0.9105451595892733,True,9.346576411145705,332.73804649282647,0.18363641726354013,0.18364165658935708,nan,nan,0.18363641726354013,0.1224242781756934,0.09181820863177007,276,871,36,112,1410.0,0.0,35.0,99.97826086956522,100.0,100.0,100.0,True,True,True,pure_fp16_candidate_no_l2,full5s_tensor_mma_f16acc_t032_b01_rep000_test_0134ec81,full5s_tensor_mma_f16acc_t032_b01_rep000_baseline_4ecca092,results/fp16_full_sweep_a100_20260603_044813/raw/full5s_tensor_mma_f16acc_t032_b01_rep000_test_0134ec81/power.csv,results/fp16_full_sweep_a100_20260603_044813/raw/full5s_tensor_mma_f16acc_t032_b01_rep000_baseline_4ecca092/power.csv,results/fp16_full_sweep_a100_20260603_044813/raw/full5s_tensor_mma_f16acc_t032_b01_rep000_test_0134ec81/sm_util.csv,results/fp16_full_sweep_a100_20260603_044813/raw/full5s_tensor_mma_f16acc_t032_b01_rep000_baseline_4ecca092/sm_util.csv
full5s_tensor_mma_f16acc_t032_b02,0,0,NVIDIA A100-SXM4-80GB,ampere,ga100,datacenter,80,108,benchmark uses warp-level HMMA mma.sync m16n8k16 pairs,False,False,tensor_core_mma_m16n16k16_f16acc,fp16-energy-bench-v2,fp16-energy-bench-v2,"nvml_timed_energy_counter,explicit_m16n16k16_denominator,strict_denominator_provenance,tensor_no_memory_warpsync_baseline,timed_kernel_memory_provenance","nvml_timed_energy_counter,explicit_m16n16k16_denominator,strict_denominator_provenance,tensor_no_memory_warpsync_baseline,timed_kernel_memory_provenance",ce960f9677a1,ce960f9677a1,tensor_mma_f16acc,tensor_baseline_mov,216,32,64.0,2,128000000,8,17.8015644531,56.3100390625,1811939328000000.0,0.0,0.0,1811939328000000.0,905969664000000.0,905969664000000.0,2717908992000000.0,3623878656000000.0,221184000000.0,8192.0,8192.0,4096.0,4096.0,12288.0,16384.0,True,bench_json_metadata,True,logical_m16n16k16_input_bits_8192,ga100,f16acc,"A100 SXM dense FP16 Tensor Core peak, no sparsity",https://www.nvidia.com/en-us/data-center/a100/,312.0,624.0,312.0,312.0,2048.0,2048.0,2048.0,1410.0,measured_avg_sm_clock_mhz,warp-level HMMA mma.sync.aligned.m16n8k16 pair -> logical m16n16k16,"dense FP16 Tensor Core HMMA normalization only; no sparsity, no WGMMA",311.86944,668.4094975540748,32.637182497757564,True,True,True,bench_json_metadata,bench_json_metadata,False,False,False,False,False,False,Tensor HMMA/register baseline uses register operands and consumes registers; no intended global memory operation in the timed kernel,Tensor HMMA/register baseline uses register operands and consumes registers; no intended global memory operation in the timed kernel,False,False,101.78539828753452,nan,116.84724059682455,98.09514182981813,2080.059,5523.716,nvml_total_energy_counter,nvml_total_energy_counter,2081.4183079734903,5526.780595641609,116.92359967405437,98.14956568942905,average_instant,average_instant,nan,nan,116.92262773722628,98.14947247706422,400.0,400.0,2080.059,5523.716,-1.359307973490104,-3.064595641608321,0.999346931864545,0.9994455007596963,1746.2469898194934,0.839518008777392,0.160481991222608,0.8395161180424484,True,18.752098767006416,333.81201018050683,0.1842291323015573,0.18423171773650124,nan,nan,0.1842291323015573,0.12281942153437152,0.09211456615077865,137,436,18,56,1410.0,0.0,36.0,100.0,100.0,100.0,100.0,True,True,True,pure_fp16_candidate_no_l2,full5s_tensor_mma_f16acc_t032_b02_rep000_test_9234e688,full5s_tensor_mma_f16acc_t032_b02_rep000_baseline_5e60d113,results/fp16_full_sweep_a100_20260603_044813/raw/full5s_tensor_mma_f16acc_t032_b02_rep000_test_9234e688/power.csv,results/fp16_full_sweep_a100_20260603_044813/raw/full5s_tensor_mma_f16acc_t032_b02_rep000_baseline_5e60d113/power.csv,results/fp16_full_sweep_a100_20260603_044813/raw/full5s_tensor_mma_f16acc_t032_b02_rep000_test_9234e688/sm_util.csv,results/fp16_full_sweep_a100_20260603_044813/raw/full5s_tensor_mma_f16acc_t032_b02_rep000_baseline_5e60d113/sm_util.csv
full5s_tensor_mma_f16acc_t032_b04,0,0,NVIDIA A100-SXM4-80GB,ampere,ga100,datacenter,80,108,benchmark uses warp-level HMMA mma.sync m16n8k16 pairs,False,False,tensor_core_mma_m16n16k16_f16acc,fp16-energy-bench-v2,fp16-energy-bench-v2,"nvml_timed_energy_counter,explicit_m16n16k16_denominator,strict_denominator_provenance,tensor_no_memory_warpsync_baseline,timed_kernel_memory_provenance","nvml_timed_energy_counter,explicit_m16n16k16_denominator,strict_denominator_provenance,tensor_no_memory_warpsync_baseline,timed_kernel_memory_provenance",ce960f9677a1,ce960f9677a1,tensor_mma_f16acc,tensor_baseline_mov,432,32,128.0,4,64000000,8,8.90396875,28.1534199219,1811939328000000.0,0.0,0.0,1811939328000000.0,905969664000000.0,905969664000000.0,2717908992000000.0,3623878656000000.0,221184000000.0,8192.0,8192.0,4096.0,4096.0,12288.0,16384.0,True,bench_json_metadata,True,logical_m16n16k16_input_bits_8192,ga100,f16acc,"A100 SXM dense FP16 Tensor Core peak, no sparsity",https://www.nvidia.com/en-us/data-center/a100/,312.0,624.0,312.0,312.0,2048.0,2048.0,2048.0,1410.0,measured_avg_sm_clock_mhz,warp-level HMMA mma.sync.aligned.m16n8k16 pair -> logical m16n16k16,"dense FP16 Tensor Core HMMA normalization only; no sparsity, no WGMMA",311.86944,1336.3405786630876,65.25100481753357,True,True,True,bench_json_metadata,bench_json_metadata,False,False,False,False,False,False,Tensor HMMA/register baseline uses register operands and consumes registers; no intended global memory operation in the timed kernel,Tensor HMMA/register baseline uses register operands and consumes registers; no intended global memory operation in the timed kernel,False,False,203.49794331881498,nan,142.77623374477625,104.59886562412872,1271.274,2944.808,nvml_total_energy_counter,nvml_total_energy_counter,1265.85783728529,2945.7647314314836,142.16794685009017,104.63284849243122,average_instant,average_instant,nan,nan,142.16768115942028,104.63333333333334,400.0,400.0,1271.274,2944.808,5.416162714709799,-0.956731431483604,1.0042786500625736,0.9996752179760742,931.3450308026914,0.7326076288846397,0.26739237111536024,0.7326069814329703,True,38.17736812064753,339.92896919730845,0.18760505053583584,0.18760567059312255,nan,nan,0.18760505053583584,0.12507003369055722,0.09380252526791792,69,219,9,28,1410.0,0.0,38.0,100.0,100.0,100.0,100.0,True,True,True,pure_fp16_candidate_no_l2,full5s_tensor_mma_f16acc_t032_b04_rep000_test_92595e2f,full5s_tensor_mma_f16acc_t032_b04_rep000_baseline_227e2c19,results/fp16_full_sweep_a100_20260603_044813/raw/full5s_tensor_mma_f16acc_t032_b04_rep000_test_92595e2f/power.csv,results/fp16_full_sweep_a100_20260603_044813/raw/full5s_tensor_mma_f16acc_t032_b04_rep000_baseline_227e2c19/power.csv,results/fp16_full_sweep_a100_20260603_044813/raw/full5s_tensor_mma_f16acc_t032_b04_rep000_test_92595e2f/sm_util.csv,results/fp16_full_sweep_a100_20260603_044813/raw/full5s_tensor_mma_f16acc_t032_b04_rep000_baseline_227e2c19/sm_util.csv
full5s_tensor_mma_f16acc_t032_b08,0,0,NVIDIA A100-SXM4-80GB,ampere,ga100,datacenter,80,108,benchmark uses warp-level HMMA mma.sync m16n8k16 pairs,False,False,tensor_core_mma_m16n16k16_f16acc,fp16-energy-bench-v2,fp16-energy-bench-v2,"nvml_timed_energy_counter,explicit_m16n16k16_denominator,strict_denominator_provenance,tensor_no_memory_warpsync_baseline,timed_kernel_memory_provenance","nvml_timed_energy_counter,explicit_m16n16k16_denominator,strict_denominator_provenance,tensor_no_memory_warpsync_baseline,timed_kernel_memory_provenance",ce960f9677a1,ce960f9677a1,tensor_mma_f16acc,tensor_baseline_mov,864,32,256.0,8,32000000,8,6.744935546880001,14.7589501953,1811939328000000.0,0.0,0.0,1811939328000000.0,905969664000000.0,905969664000000.0,2717908992000000.0,3623878656000000.0,221184000000.0,8192.0,8192.0,4096.0,4096.0,12288.0,16384.0,True,bench_json_metadata,True,logical_m16n16k16_input_bits_8192,ga100,f16acc,"A100 SXM dense FP16 Tensor Core peak, no sparsity",https://www.nvidia.com/en-us/data-center/a100/,312.0,624.0,312.0,312.0,2048.0,2048.0,2048.0,1410.0,measured_avg_sm_clock_mhz,warp-level HMMA mma.sync.aligned.m16n8k16 pair -> logical m16n16k16,"dense FP16 Tensor Core HMMA normalization only; no sparsity, no WGMMA",311.86944,1764.0991035528925,86.13765154066859,True,True,True,bench_json_metadata,bench_json_metadata,False,False,False,False,False,False,Tensor HMMA/register baseline uses register operands and consumes registers; no intended global memory operation in the timed kernel,Tensor HMMA/register baseline uses register operands and consumes registers; no intended global memory operation in the timed kernel,False,False,268.6370114890345,nan,157.66825944507934,113.0740493496129,1063.463,1668.853,nvml_total_energy_counter,nvml_total_energy_counter,1068.846035701889,1668.6816336924862,158.46634444629476,113.0624383315588,average_instant,average_instant,nan,nan,158.3553846153846,113.03657894736843,400.0,400.0,1063.463,1668.853,-5.383035701888957,0.17136630751383564,0.9949636940007416,1.0001026956275263,762.6771748878675,0.7171638081323634,0.28283619186763664,0.7171643154277354,True,44.59421009546644,300.78582511213244,0.16600215054890208,0.1660017353836842,nan,nan,0.16600215054890208,0.11066810036593472,0.08300107527445104,52,114,7,14,1410.0,0.0,40.0,100.0,100.0,100.0,100.0,True,True,True,pure_fp16_candidate_no_l2,full5s_tensor_mma_f16acc_t032_b08_rep000_test_44c663ee,full5s_tensor_mma_f16acc_t032_b08_rep000_baseline_8995b71a,results/fp16_full_sweep_a100_20260603_044813/raw/full5s_tensor_mma_f16acc_t032_b08_rep000_test_44c663ee/power.csv,results/fp16_full_sweep_a100_20260603_044813/raw/full5s_tensor_mma_f16acc_t032_b08_rep000_baseline_8995b71a/power.csv,results/fp16_full_sweep_a100_20260603_044813/raw/full5s_tensor_mma_f16acc_t032_b08_rep000_test_44c663ee/sm_util.csv,results/fp16_full_sweep_a100_20260603_044813/raw/full5s_tensor_mma_f16acc_t032_b08_rep000_baseline_8995b71a/sm_util.csv
full5s_tensor_mma_f16acc_t064_b01,0,0,NVIDIA A100-SXM4-80GB,ampere,ga100,datacenter,80,108,benchmark uses warp-level HMMA mma.sync m16n8k16 pairs,False,False,tensor_core_mma_m16n16k16_f16acc,fp16-energy-bench-v2,fp16-energy-bench-v2,"nvml_timed_energy_counter,explicit_m16n16k16_denominator,strict_denominator_provenance,tensor_no_memory_warpsync_baseline,timed_kernel_memory_provenance","nvml_timed_energy_counter,explicit_m16n16k16_denominator,strict_denominator_provenance,tensor_no_memory_warpsync_baseline,timed_kernel_memory_provenance",ce960f9677a1,ce960f9677a1,tensor_mma_f16acc,tensor_baseline_mov,108,64,64.0,1,128000000,8,17.8009042969,56.3106875,1811939328000000.0,0.0,0.0,1811939328000000.0,905969664000000.0,905969664000000.0,2717908992000000.0,3623878656000000.0,221184000000.0,8192.0,8192.0,4096.0,4096.0,12288.0,16384.0,True,bench_json_metadata,True,logical_m16n16k16_input_bits_8192,ga100,f16acc,"A100 SXM dense FP16 Tensor Core peak, no sparsity",https://www.nvidia.com/en-us/data-center/a100/,312.0,624.0,312.0,312.0,2048.0,2048.0,2048.0,1410.0,measured_avg_sm_clock_mhz,warp-level HMMA mma.sync.aligned.m16n8k16 pair -> logical m16n16k16,"dense FP16 Tensor Core HMMA normalization only; no sparsity, no WGMMA",311.86944,668.4342858831725,32.638392865389285,True,True,True,bench_json_metadata,bench_json_metadata,False,False,False,False,False,False,Tensor HMMA/register baseline uses register operands and consumes registers; no intended global memory operation in the timed kernel,Tensor HMMA/register baseline uses register operands and consumes registers; no intended global memory operation in the timed kernel,False,False,101.78917305428952,nan,116.87710761827661,98.24648235987844,2080.518,5532.307,nvml_total_energy_counter,nvml_total_energy_counter,2082.0304939881403,5535.247952461641,116.96207488249826,98.29870980028329,average_instant,average_instant,nan,nan,116.96217391304347,98.29655963302753,400.0,400.0,2080.518,5532.307,-1.5124939881402497,-2.9409524616412455,0.9992735485899426,0.9994686864099135,1748.8762299952703,0.840596538936587,0.15940346106341294,0.8405964552164806,True,18.63062525839817,331.6417700047298,0.18303138790568255,0.1830315022646021,nan,nan,0.18303138790568255,0.12202092527045504,0.09151569395284127,138,436,18,56,1410.0,0.0,36.0,100.0,100.0,100.0,100.0,True,True,True,pure_fp16_candidate_no_l2,full5s_tensor_mma_f16acc_t064_b01_rep000_test_f890e2ab,full5s_tensor_mma_f16acc_t064_b01_rep000_baseline_70a8ce1a,results/fp16_full_sweep_a100_20260603_044813/raw/full5s_tensor_mma_f16acc_t064_b01_rep000_test_f890e2ab/power.csv,results/fp16_full_sweep_a100_20260603_044813/raw/full5s_tensor_mma_f16acc_t064_b01_rep000_baseline_70a8ce1a/power.csv,results/fp16_full_sweep_a100_20260603_044813/raw/full5s_tensor_mma_f16acc_t064_b01_rep000_test_f890e2ab/sm_util.csv,results/fp16_full_sweep_a100_20260603_044813/raw/full5s_tensor_mma_f16acc_t064_b01_rep000_baseline_70a8ce1a/sm_util.csv
full5s_tensor_mma_f16acc_t064_b02,0,0,NVIDIA A100-SXM4-80GB,ampere,ga100,datacenter,80,108,benchmark uses warp-level HMMA mma.sync m16n8k16 pairs,False,False,tensor_core_mma_m16n16k16_f16acc,fp16-energy-bench-v2,fp16-energy-bench-v2,"nvml_timed_energy_counter,explicit_m16n16k16_denominator,strict_denominator_provenance,tensor_no_memory_warpsync_baseline,timed_kernel_memory_provenance","nvml_timed_energy_counter,explicit_m16n16k16_denominator,strict_denominator_provenance,tensor_no_memory_warpsync_baseline,timed_kernel_memory_provenance",ce960f9677a1,ce960f9677a1,tensor_mma_f16acc,tensor_baseline_mov,216,64,128.0,2,64000000,8,8.903109375,28.1520839844,1811939328000000.0,0.0,0.0,1811939328000000.0,905969664000000.0,905969664000000.0,2717908992000000.0,3623878656000000.0,221184000000.0,8192.0,8192.0,4096.0,4096.0,12288.0,16384.0,True,bench_json_metadata,True,logical_m16n16k16_input_bits_8192,ga100,f16acc,"A100 SXM dense FP16 Tensor Core peak, no sparsity",https://www.nvidia.com/en-us/data-center/a100/,312.0,624.0,312.0,312.0,2048.0,2048.0,2048.0,1410.0,measured_avg_sm_clock_mhz,warp-level HMMA mma.sync.aligned.m16n8k16 pair -> logical m16n16k16,"dense FP16 Tensor Core HMMA normalization only; no sparsity, no WGMMA",311.86944,1336.4695692928124,65.2573031881256,True,True,True,bench_json_metadata,bench_json_metadata,False,False,False,False,False,False,Tensor HMMA/register baseline uses register operands and consumes registers; no intended global memory operation in the timed kernel,Tensor HMMA/register baseline uses register operands and consumes registers; no intended global memory operation in the timed kernel,False,False,203.51758601190946,nan,141.1775516339105,104.54188206400384,1256.918,2943.061,nvml_total_energy_counter,nvml_total_energy_counter,1265.3475975774168,2944.0044968432303,142.12436753378532,104.57539646812687,average_instant,average_instant,nan,nan,142.12405797101448,104.5740366972477,400.0,400.0,1256.918,2943.061,-8.429597577416871,-0.9434968432301503,0.9933381170568816,0.9996795192248376,930.7478102841769,0.7405000248895927,0.25949997511040734,0.7404993276487247,True,36.63566956990665,326.17018971582297,0.18001165087345736,0.18001230403628513,nan,nan,0.18001165087345736,0.12000776724897158,0.09000582543672868,69,218,9,28,1410.0,0.0,38.0,99.89855072463769,100.0,99.88888888888889,100.0,True,True,True,pure_fp16_candidate_no_l2,full5s_tensor_mma_f16acc_t064_b02_rep000_test_35a38610,full5s_tensor_mma_f16acc_t064_b02_rep000_baseline_759a0d7e,results/fp16_full_sweep_a100_20260603_044813/raw/full5s_tensor_mma_f16acc_t064_b02_rep000_test_35a38610/power.csv,results/fp16_full_sweep_a100_20260603_044813/raw/full5s_tensor_mma_f16acc_t064_b02_rep000_baseline_759a0d7e/power.csv,results/fp16_full_sweep_a100_20260603_044813/raw/full5s_tensor_mma_f16acc_t064_b02_rep000_test_35a38610/sm_util.csv,results/fp16_full_sweep_a100_20260603_044813/raw/full5s_tensor_mma_f16acc_t064_b02_rep000_baseline_759a0d7e/sm_util.csv
full5s_tensor_mma_f16acc_t064_b04,0,0,NVIDIA A100-SXM4-80GB,ampere,ga100,datacenter,80,108,benchmark uses warp-level HMMA mma.sync m16n8k16 pairs,False,False,tensor_core_mma_m16n16k16_f16acc,fp16-energy-bench-v2,fp16-energy-bench-v2,"nvml_timed_energy_counter,explicit_m16n16k16_denominator,strict_denominator_provenance,tensor_no_memory_warpsync_baseline,timed_kernel_memory_provenance","nvml_timed_energy_counter,explicit_m16n16k16_denominator,strict_denominator_provenance,tensor_no_memory_warpsync_baseline,timed_kernel_memory_provenance",ce960f9677a1,ce960f9677a1,tensor_mma_f16acc,tensor_baseline_mov,432,64,256.0,4,32000000,8,6.74087402344,14.7601865234,1811939328000000.0,0.0,0.0,1811939328000000.0,905969664000000.0,905969664000000.0,2717908992000000.0,3623878656000000.0,221184000000.0,8192.0,8192.0,4096.0,4096.0,12288.0,16384.0,True,bench_json_metadata,True,logical_m16n16k16_input_bits_8192,ga100,f16acc,"A100 SXM dense FP16 Tensor Core peak, no sparsity",https://www.nvidia.com/en-us/data-center/a100/,312.0,624.0,312.0,312.0,2048.0,2048.0,2048.0,1410.0,measured_avg_sm_clock_mhz,warp-level HMMA mma.sync.aligned.m16n8k16 pair -> logical m16n16k16,"dense FP16 Tensor Core HMMA normalization only; no sparsity, no WGMMA",311.86944,1765.1620116913107,86.18955135211478,True,True,True,bench_json_metadata,bench_json_metadata,False,False,False,False,False,False,Tensor HMMA/register baseline uses register operands and consumes registers; no intended global memory operation in the timed kernel,Tensor HMMA/register baseline uses register operands and consumes registers; no intended global memory operation in the timed kernel,False,False,268.7988711403528,nan,157.577835780776,111.16543350909993,1062.219,1640.819,nvml_total_energy_counter,nvml_total_energy_counter,1068.262975723945,1639.6986675803598,158.47444619170895,111.08953102436298,average_instant,average_instant,nan,nan,158.3321153846154,111.09131578947368,400.0,400.0,1062.219,1640.819,-6.043975723944868,1.1203324196401354,0.9943422398217546,1.0006832550649647,749.3521830459382,0.7054592160806182,0.2945407839193818,0.7054636393391929,True,46.412402271676086,312.86681695406185,0.17266958783846312,0.1726659121549731,nan,nan,0.17266958783846312,0.11511305855897543,0.08633479391923156,52,114,7,14,1410.0,0.0,40.0,100.0,100.0,100.0,100.0,True,True,True,pure_fp16_candidate_no_l2,full5s_tensor_mma_f16acc_t064_b04_rep000_test_feea405b,full5s_tensor_mma_f16acc_t064_b04_rep000_baseline_c7af77a3,results/fp16_full_sweep_a100_20260603_044813/raw/full5s_tensor_mma_f16acc_t064_b04_rep000_test_feea405b/power.csv,results/fp16_full_sweep_a100_20260603_044813/raw/full5s_tensor_mma_f16acc_t064_b04_rep000_baseline_c7af77a3/power.csv,results/fp16_full_sweep_a100_20260603_044813/raw/full5s_tensor_mma_f16acc_t064_b04_rep000_test_feea405b/sm_util.csv,results/fp16_full_sweep_a100_20260603_044813/raw/full5s_tensor_mma_f16acc_t064_b04_rep000_baseline_c7af77a3/sm_util.csv
full5s_tensor_mma_f16acc_t064_b08,0,0,NVIDIA A100-SXM4-80GB,ampere,ga100,datacenter,80,108,benchmark uses warp-level HMMA mma.sync m16n8k16 pairs,False,False,tensor_core_mma_m16n16k16_f16acc,fp16-energy-bench-v2,fp16-energy-bench-v2,"nvml_timed_energy_counter,explicit_m16n16k16_denominator,strict_denominator_provenance,tensor_no_memory_warpsync_baseline,timed_kernel_memory_provenance","nvml_timed_energy_counter,explicit_m16n16k16_denominator,strict_denominator_provenance,tensor_no_memory_warpsync_baseline,timed_kernel_memory_provenance",ce960f9677a1,ce960f9677a1,tensor_mma_f16acc,tensor_baseline_mov,864,64,512.0,8,16000000,8,6.38882519531,7.7201430664099995,1811939328000000.0,0.0,0.0,1811939328000000.0,905969664000000.0,905969664000000.0,2717908992000000.0,3623878656000000.0,221184000000.0,8192.0,8192.0,4096.0,4096.0,12288.0,16384.0,True,bench_json_metadata,True,logical_m16n16k16_input_bits_8192,ga100,f16acc,"A100 SXM dense FP16 Tensor Core peak, no sparsity",https://www.nvidia.com/en-us/data-center/a100/,312.0,624.0,312.0,312.0,2048.0,2048.0,2048.0,1410.0,measured_avg_sm_clock_mhz,warp-level HMMA mma.sync.aligned.m16n8k16 pair -> logical m16n16k16,"dense FP16 Tensor Core HMMA normalization only; no sparsity, no WGMMA",311.86944,1862.429224156554,90.93892696076925,True,True,True,bench_json_metadata,bench_json_metadata,False,False,False,False,False,False,Tensor HMMA/register baseline uses register operands and consumes registers; no intended global memory operation in the timed kernel,Tensor HMMA/register baseline uses register operands and consumes registers; no intended global memory operation in the timed kernel,False,False,283.6107222545601,nan,161.50494990105506,124.49146593910632,1031.828,961.092,nvml_total_energy_counter,nvml_total_energy_counter,1045.3223250862436,961.0407673536046,163.61712392327806,124.48482970942831,average_instant,average_instant,nan,nan,163.41326530612244,124.29066666666667,400.0,400.0,1031.828,961.092,-13.494325086243634,0.05123264639541958,0.9870907520461402,1.000053309545376,795.3542141928391,0.7708205381060013,0.22917946189399868,0.7708213650131169,True,37.01348396194874,236.47378580716088,0.13050866668266328,0.1305080557875615,nan,nan,0.13050866668266328,0.08700577778844219,0.06525433334133164,49,60,7,8,1410.0,0.0,40.0,99.85714285714286,100.0,99.85714285714286,100.0,True,True,True,pure_fp16_candidate_no_l2,full5s_tensor_mma_f16acc_t064_b08_rep000_test_b00d4d2c,full5s_tensor_mma_f16acc_t064_b08_rep000_baseline_9fd4bd4c,results/fp16_full_sweep_a100_20260603_044813/raw/full5s_tensor_mma_f16acc_t064_b08_rep000_test_b00d4d2c/power.csv,results/fp16_full_sweep_a100_20260603_044813/raw/full5s_tensor_mma_f16acc_t064_b08_rep000_baseline_9fd4bd4c/power.csv,results/fp16_full_sweep_a100_20260603_044813/raw/full5s_tensor_mma_f16acc_t064_b08_rep000_test_b00d4d2c/sm_util.csv,results/fp16_full_sweep_a100_20260603_044813/raw/full5s_tensor_mma_f16acc_t064_b08_rep000_baseline_9fd4bd4c/sm_util.csv
full5s_tensor_mma_f16acc_t096_b01,0,0,NVIDIA A100-SXM4-80GB,ampere,ga100,datacenter,80,108,benchmark uses warp-level HMMA mma.sync m16n8k16 pairs,False,False,tensor_core_mma_m16n16k16_f16acc,fp16-energy-bench-v2,fp16-energy-bench-v2,"nvml_timed_energy_counter,explicit_m16n16k16_denominator,strict_denominator_provenance,tensor_no_memory_warpsync_baseline,timed_kernel_memory_provenance","nvml_timed_energy_counter,explicit_m16n16k16_denominator,strict_denominator_provenance,tensor_no_memory_warpsync_baseline,timed_kernel_memory_provenance",ce960f9677a1,ce960f9677a1,tensor_mma_f16acc,tensor_baseline_mov,108,96,96.0,1,85333333,8,11.8672373047,37.536859375,1811939320922112.0,0.0,0.0,1811939320922112.0,905969660461056.0,905969660461056.0,2717908981383168.0,3623878641844224.0,221183999136.0,8192.0,8192.0,4096.0,4096.0,12288.0,16384.0,True,bench_json_metadata,True,logical_m16n16k16_input_bits_8192,ga100,f16acc,"A100 SXM dense FP16 Tensor Core peak, no sparsity",https://www.nvidia.com/en-us/data-center/a100/,312.0,624.0,312.0,312.0,2048.0,2048.0,2048.0,1410.0,measured_avg_sm_clock_mhz,warp-level HMMA mma.sync.aligned.m16n8k16 pair -> logical m16n16k16,"dense FP16 Tensor Core HMMA normalization only; no sparsity, no WGMMA",311.86944,1002.6541476996624,48.95772205564757,True,True,True,bench_json_metadata,bench_json_metadata,False,False,False,False,False,False,Tensor HMMA/register baseline uses register operands and consumes registers; no intended global memory operation in the timed kernel,Tensor HMMA/register baseline uses register operands and consumes registers; no intended global memory operation in the timed kernel,False,False,152.68417361170458,nan,129.4816607866701,100.06821074975913,1536.587,3756.234,nvml_total_energy_counter,nvml_total_energy_counter,1537.8095881183963,3761.5774190280003,129.58468309522016,100.21056247263321,average_instant,average_instant,nan,nan,129.5857142857143,100.21278350515465,400.0,400.0,1536.587,3756.234,-1.2225881183962883,-5.343419028000426,0.9992049808195745,0.9985794738662108,1187.5332036241232,0.7728382471178808,0.22716175288211915,0.7728369418633606,True,29.41345003691096,349.0537963758768,0.19264099649774158,0.19264242875435886,nan,nan,0.19264099649774158,0.12842733099849438,0.09632049824887079,91,291,12,37,1410.0,0.0,37.0,100.0,100.0,100.0,100.0,True,True,True,pure_fp16_candidate_no_l2,full5s_tensor_mma_f16acc_t096_b01_rep000_test_efd888f1,full5s_tensor_mma_f16acc_t096_b01_rep000_baseline_36785abd,results/fp16_full_sweep_a100_20260603_044813/raw/full5s_tensor_mma_f16acc_t096_b01_rep000_test_efd888f1/power.csv,results/fp16_full_sweep_a100_20260603_044813/raw/full5s_tensor_mma_f16acc_t096_b01_rep000_baseline_36785abd/power.csv,results/fp16_full_sweep_a100_20260603_044813/raw/full5s_tensor_mma_f16acc_t096_b01_rep000_test_efd888f1/sm_util.csv,results/fp16_full_sweep_a100_20260603_044813/raw/full5s_tensor_mma_f16acc_t096_b01_rep000_baseline_36785abd/sm_util.csv
full5s_tensor_mma_f16acc_t096_b02,0,0,NVIDIA A100-SXM4-80GB,ampere,ga100,datacenter,80,108,benchmark uses warp-level HMMA mma.sync m16n8k16 pairs,False,False,tensor_core_mma_m16n16k16_f16acc,fp16-energy-bench-v2,fp16-energy-bench-v2,"nvml_timed_energy_counter,explicit_m16n16k16_denominator,strict_denominator_provenance,tensor_no_memory_warpsync_baseline,timed_kernel_memory_provenance","nvml_timed_energy_counter,explicit_m16n16k16_denominator,strict_denominator_provenance,tensor_no_memory_warpsync_baseline,timed_kernel_memory_provenance",ce960f9677a1,ce960f9677a1,tensor_mma_f16acc,tensor_baseline_mov,216,96,192.0,2,42666667,8,8.93231445312,19.6753144531,1811939342155776.0,0.0,0.0,1811939342155776.0,905969671077888.0,905969671077888.0,2717909013233664.0,3623878684311552.0,221184001728.0,8192.0,8192.0,4096.0,4096.0,12288.0,16384.0,True,bench_json_metadata,True,logical_m16n16k16_input_bits_8192,ga100,f16acc,"A100 SXM dense FP16 Tensor Core peak, no sparsity",https://www.nvidia.com/en-us/data-center/a100/,312.0,624.0,312.0,312.0,2048.0,2048.0,2048.0,1410.0,measured_avg_sm_clock_mhz,warp-level HMMA mma.sync.aligned.m16n8k16 pair -> logical m16n16k16,"dense FP16 Tensor Core HMMA normalization only; no sparsity, no WGMMA",311.86944,1332.099861371961,65.04393854355278,True,True,True,bench_json_metadata,bench_json_metadata,False,False,False,False,False,False,Tensor HMMA/register baseline uses register operands and consumes registers; no intended global memory operation in the timed kernel,Tensor HMMA/register baseline uses register operands and consumes registers; no intended global memory operation in the timed kernel,False,False,202.8521668897222,nan,145.03260525919703,108.15852163073943,1295.476,2128.053,nvml_total_energy_counter,nvml_total_energy_counter,1293.8456903774822,2125.6809998798954,144.85008697870944,108.03796447060365,average_instant,average_instant,nan,nan,144.70814285714286,108.01450980392157,400.0,400.0,1295.476,2128.053,1.6303096225178706,2.3720001201045307,1.001260049505627,1.0011158777447033,966.105925990346,0.7457536272307214,0.2542463727692787,0.7457531459042774,True,36.8740836284576,329.3700740096541,0.1817776491445802,0.18177811060063107,nan,nan,0.1817776491445802,0.12118509942972014,0.0908888245722901,70,153,8,19,1410.0,0.0,39.0,100.0,100.0,100.0,100.0,True,True,True,pure_fp16_candidate_no_l2,full5s_tensor_mma_f16acc_t096_b02_rep000_test_e6443eb8,full5s_tensor_mma_f16acc_t096_b02_rep000_baseline_b3ff6078,results/fp16_full_sweep_a100_20260603_044813/raw/full5s_tensor_mma_f16acc_t096_b02_rep000_test_e6443eb8/power.csv,results/fp16_full_sweep_a100_20260603_044813/raw/full5s_tensor_mma_f16acc_t096_b02_rep000_baseline_b3ff6078/power.csv,results/fp16_full_sweep_a100_20260603_044813/raw/full5s_tensor_mma_f16acc_t096_b02_rep000_test_e6443eb8/sm_util.csv,results/fp16_full_sweep_a100_20260603_044813/raw/full5s_tensor_mma_f16acc_t096_b02_rep000_baseline_b3ff6078/sm_util.csv
full5s_tensor_mma_f16acc_t096_b04,0,0,NVIDIA A100-SXM4-80GB,ampere,ga100,datacenter,80,108,benchmark uses warp-level HMMA mma.sync m16n8k16 pairs,False,False,tensor_core_mma_m16n16k16_f16acc,fp16-energy-bench-v2,fp16-energy-bench-v2,"nvml_timed_energy_counter,explicit_m16n16k16_denominator,strict_denominator_provenance,tensor_no_memory_warpsync_baseline,timed_kernel_memory_provenance","nvml_timed_energy_counter,explicit_m16n16k16_denominator,strict_denominator_provenance,tensor_no_memory_warpsync_baseline,timed_kernel_memory_provenance",ce960f9677a1,ce960f9677a1,tensor_mma_f16acc,tensor_baseline_mov,432,96,384.0,4,21333333,8,6.60830322266,10.0616318359,1811939299688448.0,0.0,0.0,1811939299688448.0,905969649844224.0,905969649844224.0,2717908949532672.0,3623878599376896.0,221183996544.0,8192.0,8192.0,4096.0,4096.0,12288.0,16384.0,True,bench_json_metadata,True,logical_m16n16k16_input_bits_8192,ga100,f16acc,"A100 SXM dense FP16 Tensor Core peak, no sparsity",https://www.nvidia.com/en-us/data-center/a100/,312.0,624.0,312.0,312.0,2048.0,2048.0,2048.0,1410.0,measured_avg_sm_clock_mhz,warp-level HMMA mma.sync.aligned.m16n8k16 pair -> logical m16n16k16,"dense FP16 Tensor Core HMMA normalization only; no sparsity, no WGMMA",311.86944,1800.573334022314,87.91861982530831,True,True,True,bench_json_metadata,bench_json_metadata,False,False,False,False,False,False,Tensor HMMA/register baseline uses register operands and consumes registers; no intended global memory operation in the timed kernel,Tensor HMMA/register baseline uses register operands and consumes registers; no intended global memory operation in the timed kernel,False,False,274.191307304918,nan,160.23448118232307,119.10460697291231,1058.879,1198.388,nvml_total_energy_counter,nvml_total_energy_counter,1058.4550844825665,1188.4202666595315,160.1703323201763,118.11394037584418,average_instant,average_instant,nan,nan,160.08686274509805,117.9775641025641,400.0,400.0,1058.879,1198.388,0.4239155174334428,9.967733340468385,1.0004005040210475,1.0083873808114079,787.0793580927491,0.7433137857042675,0.2566862142957324,0.7433144607457426,True,41.12987420941076,271.7996419072508,0.15000482739901116,0.1500042966849848,nan,nan,0.15000482739901116,0.10000321826600744,0.07500241369950558,51,78,6,10,1410.0,0.0,40.0,100.0,100.0,100.0,100.0,True,True,True,pure_fp16_candidate_no_l2,full5s_tensor_mma_f16acc_t096_b04_rep000_test_559d7193,full5s_tensor_mma_f16acc_t096_b04_rep000_baseline_e5966e8e,results/fp16_full_sweep_a100_20260603_044813/raw/full5s_tensor_mma_f16acc_t096_b04_rep000_test_559d7193/power.csv,results/fp16_full_sweep_a100_20260603_044813/raw/full5s_tensor_mma_f16acc_t096_b04_rep000_baseline_e5966e8e/power.csv,results/fp16_full_sweep_a100_20260603_044813/raw/full5s_tensor_mma_f16acc_t096_b04_rep000_test_559d7193/sm_util.csv,results/fp16_full_sweep_a100_20260603_044813/raw/full5s_tensor_mma_f16acc_t096_b04_rep000_baseline_e5966e8e/sm_util.csv
full5s_tensor_mma_f16acc_t096_b08,0,0,NVIDIA A100-SXM4-80GB,ampere,ga100,datacenter,80,108,benchmark uses warp-level HMMA mma.sync m16n8k16 pairs,False,False,tensor_core_mma_m16n16k16_f16acc,fp16-energy-bench-v2,fp16-energy-bench-v2,"nvml_timed_energy_counter,explicit_m16n16k16_denominator,strict_denominator_provenance,tensor_no_memory_warpsync_baseline,timed_kernel_memory_provenance","nvml_timed_energy_counter,explicit_m16n16k16_denominator,strict_denominator_provenance,tensor_no_memory_warpsync_baseline,timed_kernel_memory_provenance",ce960f9677a1,ce960f9677a1,tensor_mma_f16acc,tensor_baseline_mov,864,96,768.0,8,10666667,8,6.23338818359,6.71047167969,1811939384623104.0,0.0,0.0,1811939384623104.0,905969692311552.0,905969692311552.0,2717909076934656.0,3623878769246208.0,221184006912.0,8192.0,8192.0,4096.0,4096.0,12288.0,16384.0,True,bench_json_metadata,True,logical_m16n16k16_input_bits_8192,ga100,f16acc,"A100 SXM dense FP16 Tensor Core peak, no sparsity",https://www.nvidia.com/en-us/data-center/a100/,312.0,624.0,312.0,312.0,2048.0,2048.0,2048.0,1410.0,measured_avg_sm_clock_mhz,warp-level HMMA mma.sync.aligned.m16n8k16 pair -> logical m16n16k16,"dense FP16 Tensor Core HMMA normalization only; no sparsity, no WGMMA",311.86944,1908.8711906203896,93.20660110451121,True,True,True,bench_json_metadata,bench_json_metadata,False,False,False,False,False,False,Tensor HMMA/register baseline uses register operands and consumes registers; no intended global memory operation in the timed kernel,Tensor HMMA/register baseline uses register operands and consumes registers; no intended global memory operation in the timed kernel,False,False,290.68290490767293,nan,165.37975119018958,130.29764522145732,1030.878,874.359,nvml_total_energy_counter,nvml_total_energy_counter,1036.2243900425449,879.4214047056699,166.2374517667872,131.05204863276413,average_instant,average_instant,nan,nan,165.96208333333334,130.74961538461537,400.0,400.0,1030.878,874.359,-5.346390042544954,-5.0624047056699055,0.9948405093588606,0.9942434825004467,812.1958020730341,0.7878680135506182,0.21213198644938183,0.7878693992689151,True,35.082105968732265,218.68219792696584,0.12068957702602909,0.12068857637113227,nan,nan,0.12068957702602909,0.08045971801735273,0.060344788513014544,48,52,6,7,1410.0,0.0,41.0,100.0,100.0,100.0,100.0,True,True,True,pure_fp16_candidate_no_l2,full5s_tensor_mma_f16acc_t096_b08_rep000_test_7a706b68,full5s_tensor_mma_f16acc_t096_b08_rep000_baseline_3a516319,results/fp16_full_sweep_a100_20260603_044813/raw/full5s_tensor_mma_f16acc_t096_b08_rep000_test_7a706b68/power.csv,results/fp16_full_sweep_a100_20260603_044813/raw/full5s_tensor_mma_f16acc_t096_b08_rep000_baseline_3a516319/power.csv,results/fp16_full_sweep_a100_20260603_044813/raw/full5s_tensor_mma_f16acc_t096_b08_rep000_test_7a706b68/sm_util.csv,results/fp16_full_sweep_a100_20260603_044813/raw/full5s_tensor_mma_f16acc_t096_b08_rep000_baseline_3a516319/sm_util.csv
full5s_tensor_mma_f16acc_t160_b01,0,0,NVIDIA A100-SXM4-80GB,ampere,ga100,datacenter,80,108,benchmark uses warp-level HMMA mma.sync m16n8k16 pairs,False,False,tensor_core_mma_m16n16k16_f16acc,fp16-energy-bench-v2,fp16-energy-bench-v2,"nvml_timed_energy_counter,explicit_m16n16k16_denominator,strict_denominator_provenance,tensor_no_memory_warpsync_baseline,timed_kernel_memory_provenance","nvml_timed_energy_counter,explicit_m16n16k16_denominator,strict_denominator_provenance,tensor_no_memory_warpsync_baseline,timed_kernel_memory_provenance",ce960f9677a1,ce960f9677a1,tensor_mma_f16acc,tensor_baseline_mov,108,160,160.0,1,51200000,8,9.682297851560001,23.6121113281,1811939328000000.0,0.0,0.0,1811939328000000.0,905969664000000.0,905969664000000.0,2717908992000000.0,3623878656000000.0,221184000000.0,8192.0,8192.0,4096.0,4096.0,12288.0,16384.0,True,bench_json_metadata,True,logical_m16n16k16_input_bits_8192,ga100,f16acc,"A100 SXM dense FP16 Tensor Core peak, no sparsity",https://www.nvidia.com/en-us/data-center/a100/,312.0,624.0,312.0,312.0,2048.0,2048.0,2048.0,1410.0,measured_avg_sm_clock_mhz,warp-level HMMA mma.sync.aligned.m16n8k16 pair -> logical m16n16k16,"dense FP16 Tensor Core HMMA normalization only; no sparsity, no WGMMA",311.86944,1228.916413664752,60.00568426097421,True,True,True,bench_json_metadata,bench_json_metadata,False,False,False,False,False,False,Tensor HMMA/register baseline uses register operands and consumes registers; no intended global memory operation in the timed kernel,Tensor HMMA/register baseline uses register operands and consumes registers; no intended global memory operation in the timed kernel,False,False,187.13939147286843,nan,140.48444862666267,103.39001071027548,1360.211,2441.253,nvml_total_energy_counter,nvml_total_energy_counter,1365.4235087806176,2438.9731639907072,141.02280364805765,103.29345690392338,average_instant,average_instant,nan,nan,140.85093333333333,103.27819672131147,400.0,400.0,1360.211,2441.253,-5.212508780617554,2.2798360092929215,0.9961824966780655,1.000934752396194,1001.0528785728658,0.7359541119523851,0.26404588804761486,0.735953422040573,True,37.09443791638719,359.15812142713423,0.19821752079500876,0.198218224524713,nan,nan,0.19821752079500876,0.13214501386333918,0.09910876039750438,75,183,10,24,1410.0,0.0,39.0,100.0,100.0,100.0,100.0,True,True,True,pure_fp16_candidate_no_l2,full5s_tensor_mma_f16acc_t160_b01_rep000_test_8d7718a3,full5s_tensor_mma_f16acc_t160_b01_rep000_baseline_a0973ac8,results/fp16_full_sweep_a100_20260603_044813/raw/full5s_tensor_mma_f16acc_t160_b01_rep000_test_8d7718a3/power.csv,results/fp16_full_sweep_a100_20260603_044813/raw/full5s_tensor_mma_f16acc_t160_b01_rep000_baseline_a0973ac8/power.csv,results/fp16_full_sweep_a100_20260603_044813/raw/full5s_tensor_mma_f16acc_t160_b01_rep000_test_8d7718a3/sm_util.csv,results/fp16_full_sweep_a100_20260603_044813/raw/full5s_tensor_mma_f16acc_t160_b01_rep000_baseline_a0973ac8/sm_util.csv
full5s_tensor_mma_f16acc_t160_b02,0,0,NVIDIA A100-SXM4-80GB,ampere,ga100,datacenter,80,108,benchmark uses warp-level HMMA mma.sync m16n8k16 pairs,False,False,tensor_core_mma_m16n16k16_f16acc,fp16-energy-bench-v2,fp16-energy-bench-v2,"nvml_timed_energy_counter,explicit_m16n16k16_denominator,strict_denominator_provenance,tensor_no_memory_warpsync_baseline,timed_kernel_memory_provenance","nvml_timed_energy_counter,explicit_m16n16k16_denominator,strict_denominator_provenance,tensor_no_memory_warpsync_baseline,timed_kernel_memory_provenance",ce960f9677a1,ce960f9677a1,tensor_mma_f16acc,tensor_baseline_mov,216,160,320.0,2,25600000,8,8.219463867189999,11.9891894531,1811939328000000.0,0.0,0.0,1811939328000000.0,905969664000000.0,905969664000000.0,2717908992000000.0,3623878656000000.0,221184000000.0,8192.0,8192.0,4096.0,4096.0,12288.0,16384.0,True,bench_json_metadata,True,logical_m16n16k16_input_bits_8192,ga100,f16acc,"A100 SXM dense FP16 Tensor Core peak, no sparsity",https://www.nvidia.com/en-us/data-center/a100/,312.0,624.0,312.0,312.0,2048.0,2048.0,2048.0,1410.0,measured_avg_sm_clock_mhz,warp-level HMMA mma.sync.aligned.m16n8k16 pair -> logical m16n16k16,"dense FP16 Tensor Core HMMA normalization only; no sparsity, no WGMMA",311.86944,1447.6290600010739,70.68501269536493,True,True,True,bench_json_metadata,bench_json_metadata,False,False,False,False,False,False,Tensor HMMA/register baseline uses register operands and consumes registers; no intended global memory operation in the timed kernel,Tensor HMMA/register baseline uses register operands and consumes registers; no intended global memory operation in the timed kernel,False,False,220.44495325696354,nan,145.92239110733743,116.20697103853662,1199.405,1393.228,nvml_total_energy_counter,nvml_total_energy_counter,1205.8227457773273,1398.3854115323304,146.70318892737873,116.63714267775958,average_instant,average_instant,nan,nan,146.03890625,116.6305376344086,400.0,400.0,1199.405,1393.228,-6.4177457773273545,-5.157411532330343,0.9946777038335015,0.9963118811954146,955.1589995668464,0.7963606951503841,0.2036393048496159,0.7963614778835225,True,29.71542006880081,244.24600043315354,0.13479811197803723,0.1347974613606272,nan,nan,0.13479811197803723,0.08986540798535815,0.06739905598901862,64,93,8,12,1410.0,0.0,40.0,99.78125,100.0,99.75,100.0,True,True,True,pure_fp16_candidate_no_l2,full5s_tensor_mma_f16acc_t160_b02_rep000_test_54e73d15,full5s_tensor_mma_f16acc_t160_b02_rep000_baseline_e0e99ec4,results/fp16_full_sweep_a100_20260603_044813/raw/full5s_tensor_mma_f16acc_t160_b02_rep000_test_54e73d15/power.csv,results/fp16_full_sweep_a100_20260603_044813/raw/full5s_tensor_mma_f16acc_t160_b02_rep000_baseline_e0e99ec4/power.csv,results/fp16_full_sweep_a100_20260603_044813/raw/full5s_tensor_mma_f16acc_t160_b02_rep000_test_54e73d15/sm_util.csv,results/fp16_full_sweep_a100_20260603_044813/raw/full5s_tensor_mma_f16acc_t160_b02_rep000_baseline_e0e99ec4/sm_util.csv
full5s_tensor_mma_f16acc_t160_b04,0,0,NVIDIA A100-SXM4-80GB,ampere,ga100,datacenter,80,108,benchmark uses warp-level HMMA mma.sync m16n8k16 pairs,False,False,tensor_core_mma_m16n16k16_f16acc,fp16-energy-bench-v2,fp16-energy-bench-v2,"nvml_timed_energy_counter,explicit_m16n16k16_denominator,strict_denominator_provenance,tensor_no_memory_warpsync_baseline,timed_kernel_memory_provenance","nvml_timed_energy_counter,explicit_m16n16k16_denominator,strict_denominator_provenance,tensor_no_memory_warpsync_baseline,timed_kernel_memory_provenance",ce960f9677a1,ce960f9677a1,tensor_mma_f16acc,tensor_baseline_mov,432,160,640.0,4,12800000,8,6.46374511719,6.345914550780001,1811939328000000.0,0.0,0.0,1811939328000000.0,905969664000000.0,905969664000000.0,2717908992000000.0,3623878656000000.0,221184000000.0,8192.0,8192.0,4096.0,4096.0,12288.0,16384.0,True,bench_json_metadata,True,logical_m16n16k16_input_bits_8192,ga100,f16acc,"A100 SXM dense FP16 Tensor Core peak, no sparsity",https://www.nvidia.com/en-us/data-center/a100/,312.0,624.0,312.0,312.0,2048.0,2048.0,2048.0,1410.0,measured_avg_sm_clock_mhz,warp-level HMMA mma.sync.aligned.m16n8k16 pair -> logical m16n16k16,"dense FP16 Tensor Core HMMA normalization only; no sparsity, no WGMMA",311.86944,1840.8421953596178,89.88487282029384,True,True,True,bench_json_metadata,bench_json_metadata,False,False,False,False,False,False,Tensor HMMA/register baseline uses register operands and consumes registers; no intended global memory operation in the timed kernel,Tensor HMMA/register baseline uses register operands and consumes registers; no intended global memory operation in the timed kernel,False,False,280.3234495093626,nan,164.50984691165888,133.56518663664528,1063.353,847.594,nvml_total_energy_counter,nvml_total_energy_counter,1061.0105012362812,836.4069090064588,164.14744222289596,131.80230736133956,average_instant,average_instant,nan,nan,163.374,131.8365306122449,400.0,400.0,1063.353,847.594,2.3424987637188224,11.187090993541233,1.0022077997917922,1.0133751776474802,863.331322949187,0.8118953188162228,0.18810468118377724,0.8118978234073079,True,30.944660275013604,200.02167705081308,0.11039093525918164,0.11038912488118506,nan,nan,0.11039093525918164,0.07359395683945442,0.05519546762959082,50,49,6,6,1410.0,0.0,41.0,99.86,100.0,99.83333333333333,100.0,True,True,True,pure_fp16_candidate_no_l2,full5s_tensor_mma_f16acc_t160_b04_rep000_test_f00bbefa,full5s_tensor_mma_f16acc_t160_b04_rep000_baseline_13161279,results/fp16_full_sweep_a100_20260603_044813/raw/full5s_tensor_mma_f16acc_t160_b04_rep000_test_f00bbefa/power.csv,results/fp16_full_sweep_a100_20260603_044813/raw/full5s_tensor_mma_f16acc_t160_b04_rep000_baseline_13161279/power.csv,results/fp16_full_sweep_a100_20260603_044813/raw/full5s_tensor_mma_f16acc_t160_b04_rep000_test_f00bbefa/sm_util.csv,results/fp16_full_sweep_a100_20260603_044813/raw/full5s_tensor_mma_f16acc_t160_b04_rep000_baseline_13161279/sm_util.csv
full5s_tensor_mma_f16acc_t160_b08,0,0,NVIDIA A100-SXM4-80GB,ampere,ga100,datacenter,80,108,benchmark uses warp-level HMMA mma.sync m16n8k16 pairs,False,False,tensor_core_mma_m16n16k16_f16acc,fp16-energy-bench-v2,fp16-energy-bench-v2,"nvml_timed_energy_counter,explicit_m16n16k16_denominator,strict_denominator_provenance,tensor_no_memory_warpsync_baseline,timed_kernel_memory_provenance","nvml_timed_energy_counter,explicit_m16n16k16_denominator,strict_denominator_provenance,tensor_no_memory_warpsync_baseline,timed_kernel_memory_provenance",ce960f9677a1,ce960f9677a1,tensor_mma_f16acc,tensor_baseline_mov,864,160,1280.0,8,6400000,8,6.17368066406,6.23826123047,1811939328000000.0,0.0,0.0,1811939328000000.0,905969664000000.0,905969664000000.0,2717908992000000.0,3623878656000000.0,221184000000.0,8192.0,8192.0,4096.0,4096.0,12288.0,16384.0,True,bench_json_metadata,True,logical_m16n16k16_input_bits_8192,ga100,f16acc,"A100 SXM dense FP16 Tensor Core peak, no sparsity",https://www.nvidia.com/en-us/data-center/a100/,312.0,624.0,312.0,312.0,2048.0,2048.0,2048.0,1410.0,measured_avg_sm_clock_mhz,warp-level HMMA mma.sync.aligned.m16n8k16 pair -> logical m16n16k16,"dense FP16 Tensor Core HMMA normalization only; no sparsity, no WGMMA",311.86944,1927.3323968700515,94.10802719092047,True,True,True,bench_json_metadata,bench_json_metadata,False,False,False,False,False,False,Tensor HMMA/register baseline uses register operands and consumes registers; no intended global memory operation in the timed kernel,Tensor HMMA/register baseline uses register operands and consumes registers; no intended global memory operation in the timed kernel,False,False,293.4941773953714,nan,166.9780618143335,135.07078759909106,1030.871,842.612,nvml_total_energy_counter,nvml_total_energy_counter,1038.813834276337,843.0707343357516,168.26462344306805,135.14432275884278,average_instant,average_instant,nan,nan,167.120625,135.12083333333334,400.0,400.0,1030.871,842.612,-7.942834276336953,-0.4587343357516147,0.9923539386805816,0.9994558768119106,833.8839096798637,0.80891198770735,0.19108801229265,0.8089133753946622,True,31.90727421524244,196.98709032013642,0.1087161624432363,0.10871518644221538,nan,nan,0.1087161624432363,0.0724774416288242,0.05435808122161815,48,48,6,6,1410.0,0.0,41.0,100.0,100.0,100.0,100.0,True,True,True,pure_fp16_candidate_no_l2,full5s_tensor_mma_f16acc_t160_b08_rep000_test_b03c3480,full5s_tensor_mma_f16acc_t160_b08_rep000_baseline_26e7b3c9,results/fp16_full_sweep_a100_20260603_044813/raw/full5s_tensor_mma_f16acc_t160_b08_rep000_test_b03c3480/power.csv,results/fp16_full_sweep_a100_20260603_044813/raw/full5s_tensor_mma_f16acc_t160_b08_rep000_baseline_26e7b3c9/power.csv,results/fp16_full_sweep_a100_20260603_044813/raw/full5s_tensor_mma_f16acc_t160_b08_rep000_test_b03c3480/sm_util.csv,results/fp16_full_sweep_a100_20260603_044813/raw/full5s_tensor_mma_f16acc_t160_b08_rep000_baseline_26e7b3c9/sm_util.csv
full5s_tensor_mma_f16acc_t160_b08,1,0,NVIDIA A100-SXM4-80GB,ampere,ga100,datacenter,80,108,benchmark uses warp-level HMMA mma.sync m16n8k16 pairs,False,False,tensor_core_mma_m16n16k16_f16acc,fp16-energy-bench-v2,fp16-energy-bench-v2,"nvml_timed_energy_counter,explicit_m16n16k16_denominator,strict_denominator_provenance,tensor_no_memory_warpsync_baseline,timed_kernel_memory_provenance","nvml_timed_energy_counter,explicit_m16n16k16_denominator,strict_denominator_provenance,tensor_no_memory_warpsync_baseline,timed_kernel_memory_provenance",ce960f9677a1,ce960f9677a1,tensor_mma_f16acc,tensor_baseline_mov,864,160,1280.0,8,6400000,8,6.17732714844,6.248033203119999,1811939328000000.0,0.0,0.0,1811939328000000.0,905969664000000.0,905969664000000.0,2717908992000000.0,3623878656000000.0,221184000000.0,8192.0,8192.0,4096.0,4096.0,12288.0,16384.0,True,bench_json_metadata,True,logical_m16n16k16_input_bits_8192,ga100,f16acc,"A100 SXM dense FP16 Tensor Core peak, no sparsity",https://www.nvidia.com/en-us/data-center/a100/,312.0,624.0,312.0,312.0,2048.0,2048.0,2048.0,1410.0,measured_avg_sm_clock_mhz,warp-level HMMA mma.sync.aligned.m16n8k16 pair -> logical m16n16k16,"dense FP16 Tensor Core HMMA normalization only; no sparsity, no WGMMA",311.86944,1926.1946900089165,94.05247509809163,True,True,True,bench_json_metadata,bench_json_metadata,False,False,False,False,False,False,Tensor HMMA/register baseline uses register operands and consumes registers; no intended global memory operation in the timed kernel,Tensor HMMA/register baseline uses register operands and consumes registers; no intended global memory operation in the timed kernel,False,False,293.3209273945578,nan,167.6435223791324,137.63924120075325,1035.589,859.977,nvml_total_energy_counter,nvml_total_energy_counter,1034.320821327464,863.8133578434952,167.43822670713317,138.25324992721133,average_instant,average_instant,nan,nan,166.79833333333335,138.17770833333333,400.0,400.0,1035.589,859.977,1.2681786725358961,-3.8363578434951933,1.0012260979827403,0.9955588116244548,850.2426213600944,0.8210232257778853,0.17897677422211472,0.8210233192874384,True,30.00428117837916,185.34637863990554,0.10229171351145017,0.10229164841695454,nan,nan,0.10229171351145017,0.0681944756743001,0.05114585675572508,48,48,6,6,1410.0,0.0,40.0,99.85416666666667,100.0,99.83333333333333,100.0,True,True,True,pure_fp16_candidate_no_l2,full5s_tensor_mma_f16acc_t160_b08_rep000_test_d0b2669f,full5s_tensor_mma_f16acc_t160_b08_rep000_baseline_a92e3cd3,results/fp16_full_sweep_a100_20260603_044813/raw/full5s_tensor_mma_f16acc_t160_b08_rep000_test_d0b2669f/power.csv,results/fp16_full_sweep_a100_20260603_044813/raw/full5s_tensor_mma_f16acc_t160_b08_rep000_baseline_a92e3cd3/power.csv,results/fp16_full_sweep_a100_20260603_044813/raw/full5s_tensor_mma_f16acc_t160_b08_rep000_test_d0b2669f/sm_util.csv,results/fp16_full_sweep_a100_20260603_044813/raw/full5s_tensor_mma_f16acc_t160_b08_rep000_baseline_a92e3cd3/sm_util.csv
full5s_tensor_mma_f16acc_t160_b08,2,1,NVIDIA A100-SXM4-80GB,ampere,ga100,datacenter,80,108,benchmark uses warp-level HMMA mma.sync m16n8k16 pairs,False,False,tensor_core_mma_m16n16k16_f16acc,fp16-energy-bench-v2,fp16-energy-bench-v2,"nvml_timed_energy_counter,explicit_m16n16k16_denominator,strict_denominator_provenance,tensor_no_memory_warpsync_baseline,timed_kernel_memory_provenance","nvml_timed_energy_counter,explicit_m16n16k16_denominator,strict_denominator_provenance,tensor_no_memory_warpsync_baseline,timed_kernel_memory_provenance",ce960f9677a1,ce960f9677a1,tensor_mma_f16acc,tensor_baseline_mov,864,160,1280.0,8,6400000,8,6.17073583984,6.2368881835900005,1811939328000000.0,0.0,0.0,1811939328000000.0,905969664000000.0,905969664000000.0,2717908992000000.0,3623878656000000.0,221184000000.0,8192.0,8192.0,4096.0,4096.0,12288.0,16384.0,True,bench_json_metadata,True,logical_m16n16k16_input_bits_8192,ga100,f16acc,"A100 SXM dense FP16 Tensor Core peak, no sparsity",https://www.nvidia.com/en-us/data-center/a100/,312.0,624.0,312.0,312.0,2048.0,2048.0,2048.0,1410.0,measured_avg_sm_clock_mhz,warp-level HMMA mma.sync.aligned.m16n8k16 pair -> logical m16n16k16,"dense FP16 Tensor Core HMMA normalization only; no sparsity, no WGMMA",311.86944,1928.252166451768,94.15293781502774,True,True,True,bench_json_metadata,bench_json_metadata,False,False,False,False,False,False,Tensor HMMA/register baseline uses register operands and consumes registers; no intended global memory operation in the timed kernel,Tensor HMMA/register baseline uses register operands and consumes registers; no intended global memory operation in the timed kernel,False,False,293.63423990727523,nan,168.96719031070197,135.5740984730066,1042.654,845.562,nvml_total_energy_counter,nvml_total_energy_counter,1046.5950968901952,844.3307086308109,169.60586437542383,135.37667803862638,average_instant,average_instant,nan,nan,169.12212765957446,135.04591836734693,400.0,400.0,1042.654,845.562,-3.94109689019524,1.2312913691890799,0.9962343633159513,1.0014583046152445,836.5919484013791,0.8023677542131705,0.19763224578682945,0.8023693725610803,True,33.39309183769538,206.06205159862088,0.11372458691874085,0.11372342628788917,nan,nan,0.11372458691874085,0.07581639127916057,0.056862293459370425,47,49,6,6,1410.0,0.0,41.0,100.0,100.0,100.0,100.0,True,True,True,pure_fp16_candidate_no_l2,full5s_tensor_mma_f16acc_t160_b08_rep001_test_84c8a39e,full5s_tensor_mma_f16acc_t160_b08_rep001_baseline_709ac67e,results/fp16_full_sweep_a100_20260603_044813/raw/full5s_tensor_mma_f16acc_t160_b08_rep001_test_84c8a39e/power.csv,results/fp16_full_sweep_a100_20260603_044813/raw/full5s_tensor_mma_f16acc_t160_b08_rep001_baseline_709ac67e/power.csv,results/fp16_full_sweep_a100_20260603_044813/raw/full5s_tensor_mma_f16acc_t160_b08_rep001_test_84c8a39e/sm_util.csv,results/fp16_full_sweep_a100_20260603_044813/raw/full5s_tensor_mma_f16acc_t160_b08_rep001_baseline_709ac67e/sm_util.csv
full5s_tensor_mma_f16acc_t160_b08,3,2,NVIDIA A100-SXM4-80GB,ampere,ga100,datacenter,80,108,benchmark uses warp-level HMMA mma.sync m16n8k16 pairs,False,False,tensor_core_mma_m16n16k16_f16acc,fp16-energy-bench-v2,fp16-energy-bench-v2,"nvml_timed_energy_counter,explicit_m16n16k16_denominator,strict_denominator_provenance,tensor_no_memory_warpsync_baseline,timed_kernel_memory_provenance","nvml_timed_energy_counter,explicit_m16n16k16_denominator,strict_denominator_provenance,tensor_no_memory_warpsync_baseline,timed_kernel_memory_provenance",ce960f9677a1,ce960f9677a1,tensor_mma_f16acc,tensor_baseline_mov,864,160,1280.0,8,6400000,8,6.17325244141,6.2368349609400004,1811939328000000.0,0.0,0.0,1811939328000000.0,905969664000000.0,905969664000000.0,2717908992000000.0,3623878656000000.0,221184000000.0,8192.0,8192.0,4096.0,4096.0,12288.0,16384.0,True,bench_json_metadata,True,logical_m16n16k16_input_bits_8192,ga100,f16acc,"A100 SXM dense FP16 Tensor Core peak, no sparsity",https://www.nvidia.com/en-us/data-center/a100/,312.0,624.0,312.0,312.0,2048.0,2048.0,2048.0,1410.0,measured_avg_sm_clock_mhz,warp-level HMMA mma.sync.aligned.m16n8k16 pair -> logical m16n16k16,"dense FP16 Tensor Core HMMA normalization only; no sparsity, no WGMMA",311.86944,1927.4660909631168,94.11455522280843,True,True,True,bench_json_metadata,bench_json_metadata,False,False,False,False,False,False,Tensor HMMA/register baseline uses register operands and consumes registers; no intended global memory operation in the timed kernel,Tensor HMMA/register baseline uses register operands and consumes registers; no intended global memory operation in the timed kernel,False,False,293.51453633186344,nan,167.28462575335945,135.59151269542159,1032.692,845.663,nvml_total_energy_counter,nvml_total_energy_counter,1045.4996354054813,846.047302217116,169.3593203337294,135.65313076189838,average_instant,average_instant,nan,nan,168.92574468085107,135.59729166666668,400.0,400.0,1032.692,845.663,-12.807635405481278,-0.38430221711598733,0.9877497466553261,0.9995457674575536,837.0406367814863,0.8105423851269171,0.18945761487308285,0.8105437788128512,True,31.693113057937865,195.65136321851367,0.10797898152278179,0.10797800154641715,nan,nan,0.10797898152278179,0.07198598768185453,0.053989490761390896,47,48,6,6,1410.0,0.0,41.0,100.0,100.0,100.0,100.0,True,True,True,pure_fp16_candidate_no_l2,full5s_tensor_mma_f16acc_t160_b08_rep002_test_718eaacd,full5s_tensor_mma_f16acc_t160_b08_rep002_baseline_fbd7d261,results/fp16_full_sweep_a100_20260603_044813/raw/full5s_tensor_mma_f16acc_t160_b08_rep002_test_718eaacd/power.csv,results/fp16_full_sweep_a100_20260603_044813/raw/full5s_tensor_mma_f16acc_t160_b08_rep002_baseline_fbd7d261/power.csv,results/fp16_full_sweep_a100_20260603_044813/raw/full5s_tensor_mma_f16acc_t160_b08_rep002_test_718eaacd/sm_util.csv,results/fp16_full_sweep_a100_20260603_044813/raw/full5s_tensor_mma_f16acc_t160_b08_rep002_baseline_fbd7d261/sm_util.csv
full5s_tensor_mma_f16acc_t160_b08,4,3,NVIDIA A100-SXM4-80GB,ampere,ga100,datacenter,80,108,benchmark uses warp-level HMMA mma.sync m16n8k16 pairs,False,False,tensor_core_mma_m16n16k16_f16acc,fp16-energy-bench-v2,fp16-energy-bench-v2,"nvml_timed_energy_counter,explicit_m16n16k16_denominator,strict_denominator_provenance,tensor_no_memory_warpsync_baseline,timed_kernel_memory_provenance","nvml_timed_energy_counter,explicit_m16n16k16_denominator,strict_denominator_provenance,tensor_no_memory_warpsync_baseline,timed_kernel_memory_provenance",ce960f9677a1,ce960f9677a1,tensor_mma_f16acc,tensor_baseline_mov,864,160,1280.0,8,6400000,8,6.17412597656,6.24181542969,1811939328000000.0,0.0,0.0,1811939328000000.0,905969664000000.0,905969664000000.0,2717908992000000.0,3623878656000000.0,221184000000.0,8192.0,8192.0,4096.0,4096.0,12288.0,16384.0,True,bench_json_metadata,True,logical_m16n16k16_input_bits_8192,ga100,f16acc,"A100 SXM dense FP16 Tensor Core peak, no sparsity",https://www.nvidia.com/en-us/data-center/a100/,312.0,624.0,312.0,312.0,2048.0,2048.0,2048.0,1410.0,measured_avg_sm_clock_mhz,warp-level HMMA mma.sync.aligned.m16n8k16 pair -> logical m16n16k16,"dense FP16 Tensor Core HMMA normalization only; no sparsity, no WGMMA",311.86944,1927.193386877181,94.10123959361236,True,True,True,bench_json_metadata,bench_json_metadata,False,False,False,False,False,False,Tensor HMMA/register baseline uses register operands and consumes registers; no intended global memory operation in the timed kernel,Tensor HMMA/register baseline uses register operands and consumes registers; no intended global memory operation in the timed kernel,False,False,293.47300895365714,nan,168.9234993043731,135.43231753978088,1042.962,845.345,nvml_total_energy_counter,nvml_total_energy_counter,1046.7512241524964,847.1851547945012,169.53722157180792,135.7271278579956,average_instant,average_instant,nan,nan,168.96702127659574,135.40795918367346,400.0,400.0,1042.962,845.345,-3.7892241524964447,-1.8401547945011316,0.9963800145965299,0.9978279189807717,836.1761897880837,0.801732172205779,0.198267827794221,0.8017375800139773,True,33.49118176459223,206.78581021191633,0.1141240255765983,0.11412014305506671,nan,nan,0.1141240255765983,0.0760826837177322,0.05706201278829915,47,49,6,6,1410.0,0.0,41.0,100.0,100.0,100.0,100.0,True,True,True,pure_fp16_candidate_no_l2,full5s_tensor_mma_f16acc_t160_b08_rep003_test_e28d33c3,full5s_tensor_mma_f16acc_t160_b08_rep003_baseline_d91efb75,results/fp16_full_sweep_a100_20260603_044813/raw/full5s_tensor_mma_f16acc_t160_b08_rep003_test_e28d33c3/power.csv,results/fp16_full_sweep_a100_20260603_044813/raw/full5s_tensor_mma_f16acc_t160_b08_rep003_baseline_d91efb75/power.csv,results/fp16_full_sweep_a100_20260603_044813/raw/full5s_tensor_mma_f16acc_t160_b08_rep003_test_e28d33c3/sm_util.csv,results/fp16_full_sweep_a100_20260603_044813/raw/full5s_tensor_mma_f16acc_t160_b08_rep003_baseline_d91efb75/sm_util.csv
full5s_tensor_mma_f16acc_t192_b01,0,0,NVIDIA A100-SXM4-80GB,ampere,ga100,datacenter,80,108,benchmark uses warp-level HMMA mma.sync m16n8k16 pairs,False,False,tensor_core_mma_m16n16k16_f16acc,fp16-energy-bench-v2,fp16-energy-bench-v2,"nvml_timed_energy_counter,explicit_m16n16k16_denominator,strict_denominator_provenance,tensor_no_memory_warpsync_baseline,timed_kernel_memory_provenance","nvml_timed_energy_counter,explicit_m16n16k16_denominator,strict_denominator_provenance,tensor_no_memory_warpsync_baseline,timed_kernel_memory_provenance",ce960f9677a1,ce960f9677a1,tensor_mma_f16acc,tensor_baseline_mov,108,192,192.0,1,42666667,8,8.06714550781,19.676625,1811939342155776.0,0.0,0.0,1811939342155776.0,905969671077888.0,905969671077888.0,2717909013233664.0,3623878684311552.0,221184001728.0,8192.0,8192.0,4096.0,4096.0,12288.0,16384.0,True,bench_json_metadata,True,logical_m16n16k16_input_bits_8192,ga100,f16acc,"A100 SXM dense FP16 Tensor Core peak, no sparsity",https://www.nvidia.com/en-us/data-center/a100/,312.0,624.0,312.0,312.0,2048.0,2048.0,2048.0,1410.0,measured_avg_sm_clock_mhz,warp-level HMMA mma.sync.aligned.m16n8k16 pair -> logical m16n16k16,"dense FP16 Tensor Core HMMA normalization only; no sparsity, no WGMMA",311.86944,1474.962219686314,72.0196396331208,True,True,True,bench_json_metadata,bench_json_metadata,False,False,False,False,False,False,Tensor HMMA/register baseline uses register operands and consumes registers; no intended global memory operation in the timed kernel,Tensor HMMA/register baseline uses register operands and consumes registers; no intended global memory operation in the timed kernel,False,False,224.6072468138319,nan,147.69426281297945,105.21216205997905,1191.476,2070.215,nvml_total_energy_counter,nvml_total_energy_counter,1198.0660539309133,2067.0694982924197,148.5111598022801,105.05230183511453,average_instant,average_instant,nan,nan,148.3267741935484,105.03366013071896,400.0,400.0,1191.476,2070.215,-6.5900539309132,3.145501707580479,0.9944994235423907,1.0015217203437905,848.7618205291377,0.7123616594284212,0.2876383405715788,0.7123645838105835,True,42.482100753000395,342.7141794708624,0.18914219228945833,0.1891394928508791,nan,nan,0.18914219228945833,0.12609479485963887,0.09457109614472917,62,153,8,19,1410.0,0.0,39.0,100.0,100.0,100.0,100.0,True,True,True,pure_fp16_candidate_no_l2,full5s_tensor_mma_f16acc_t192_b01_rep000_test_d3ffe9fc,full5s_tensor_mma_f16acc_t192_b01_rep000_baseline_cad66ce8,results/fp16_full_sweep_a100_20260603_044813/raw/full5s_tensor_mma_f16acc_t192_b01_rep000_test_d3ffe9fc/power.csv,results/fp16_full_sweep_a100_20260603_044813/raw/full5s_tensor_mma_f16acc_t192_b01_rep000_baseline_cad66ce8/power.csv,results/fp16_full_sweep_a100_20260603_044813/raw/full5s_tensor_mma_f16acc_t192_b01_rep000_test_d3ffe9fc/sm_util.csv,results/fp16_full_sweep_a100_20260603_044813/raw/full5s_tensor_mma_f16acc_t192_b01_rep000_baseline_cad66ce8/sm_util.csv
full5s_tensor_mma_f16acc_t192_b02,0,0,NVIDIA A100-SXM4-80GB,ampere,ga100,datacenter,80,108,benchmark uses warp-level HMMA mma.sync m16n8k16 pairs,False,False,tensor_core_mma_m16n16k16_f16acc,fp16-energy-bench-v2,fp16-energy-bench-v2,"nvml_timed_energy_counter,explicit_m16n16k16_denominator,strict_denominator_provenance,tensor_no_memory_warpsync_baseline,timed_kernel_memory_provenance","nvml_timed_energy_counter,explicit_m16n16k16_denominator,strict_denominator_provenance,tensor_no_memory_warpsync_baseline,timed_kernel_memory_provenance",ce960f9677a1,ce960f9677a1,tensor_mma_f16acc,tensor_baseline_mov,216,192,384.0,2,21333333,8,6.84983789062,9.98952734375,1811939299688448.0,0.0,0.0,1811939299688448.0,905969649844224.0,905969649844224.0,2717908949532672.0,3623878599376896.0,221183996544.0,8192.0,8192.0,4096.0,4096.0,12288.0,16384.0,True,bench_json_metadata,True,logical_m16n16k16_input_bits_8192,ga100,f16acc,"A100 SXM dense FP16 Tensor Core peak, no sparsity",https://www.nvidia.com/en-us/data-center/a100/,312.0,624.0,312.0,312.0,2048.0,2048.0,2048.0,1410.0,measured_avg_sm_clock_mhz,warp-level HMMA mma.sync.aligned.m16n8k16 pair -> logical m16n16k16,"dense FP16 Tensor Core HMMA normalization only; no sparsity, no WGMMA",311.86944,1737.0826515689014,84.81848884613777,True,True,True,bench_json_metadata,bench_json_metadata,False,False,False,False,False,False,Tensor HMMA/register baseline uses register operands and consumes registers; no intended global memory operation in the timed kernel,Tensor HMMA/register baseline uses register operands and consumes registers; no intended global memory operation in the timed kernel,False,False,264.5229461809123,nan,160.35474169319514,116.72483972472492,1098.407,1166.025,nvml_total_energy_counter,nvml_total_energy_counter,1092.1637052842273,1169.1995616544261,159.44329273897122,117.04262896621556,average_instant,average_instant,nan,nan,158.73000000000002,117.04333333333332,400.0,400.0,1098.407,1166.025,6.243294715772663,-3.174561654426043,1.0057164458822112,0.9972848419050603,799.5462299229673,0.7279143613642005,0.2720856386357995,0.7279163590188882,True,43.62990196847022,298.8607700770326,0.16493972514886118,0.16493806151180132,nan,nan,0.16493972514886118,0.10995981676590745,0.08246986257443059,53,78,7,10,1410.0,0.0,40.0,100.0,100.0,100.0,100.0,True,True,True,pure_fp16_candidate_no_l2,full5s_tensor_mma_f16acc_t192_b02_rep000_test_aa42048c,full5s_tensor_mma_f16acc_t192_b02_rep000_baseline_03388b9c,results/fp16_full_sweep_a100_20260603_044813/raw/full5s_tensor_mma_f16acc_t192_b02_rep000_test_aa42048c/power.csv,results/fp16_full_sweep_a100_20260603_044813/raw/full5s_tensor_mma_f16acc_t192_b02_rep000_baseline_03388b9c/power.csv,results/fp16_full_sweep_a100_20260603_044813/raw/full5s_tensor_mma_f16acc_t192_b02_rep000_test_aa42048c/sm_util.csv,results/fp16_full_sweep_a100_20260603_044813/raw/full5s_tensor_mma_f16acc_t192_b02_rep000_baseline_03388b9c/sm_util.csv
full5s_tensor_mma_f16acc_t192_b04,0,0,NVIDIA A100-SXM4-80GB,ampere,ga100,datacenter,80,108,benchmark uses warp-level HMMA mma.sync m16n8k16 pairs,False,False,tensor_core_mma_m16n16k16_f16acc,fp16-energy-bench-v2,fp16-energy-bench-v2,"nvml_timed_energy_counter,explicit_m16n16k16_denominator,strict_denominator_provenance,tensor_no_memory_warpsync_baseline,timed_kernel_memory_provenance","nvml_timed_energy_counter,explicit_m16n16k16_denominator,strict_denominator_provenance,tensor_no_memory_warpsync_baseline,timed_kernel_memory_provenance",ce960f9677a1,ce960f9677a1,tensor_mma_f16acc,tensor_baseline_mov,432,192,768.0,4,10666667,8,6.3634321289099995,6.16634765625,1811939384623104.0,0.0,0.0,1811939384623104.0,905969692311552.0,905969692311552.0,2717909076934656.0,3623878769246208.0,221184006912.0,8192.0,8192.0,4096.0,4096.0,12288.0,16384.0,True,bench_json_metadata,True,logical_m16n16k16_input_bits_8192,ga100,f16acc,"A100 SXM dense FP16 Tensor Core peak, no sparsity",https://www.nvidia.com/en-us/data-center/a100/,312.0,624.0,312.0,312.0,2048.0,2048.0,2048.0,1410.0,measured_avg_sm_clock_mhz,warp-level HMMA mma.sync.aligned.m16n8k16 pair -> logical m16n16k16,"dense FP16 Tensor Core HMMA normalization only; no sparsity, no WGMMA",311.86944,1869.8612450898665,91.30181860790364,True,True,True,bench_json_metadata,bench_json_metadata,False,False,False,False,False,False,Tensor HMMA/register baseline uses register operands and consumes registers; no intended global memory operation in the timed kernel,Tensor HMMA/register baseline uses register operands and consumes registers; no intended global memory operation in the timed kernel,False,False,284.7424704022849,nan,164.80636724871502,133.85591754212246,1048.736,825.403,nvml_total_energy_counter,nvml_total_energy_counter,1054.0376755045797,826.1450642172562,165.63951294052046,133.97625837766097,average_instant,average_instant,nan,nan,164.6384,134.10127659574468,400.0,400.0,1048.736,825.403,-5.301675504579634,-0.7420642172561429,0.9949701271332245,0.9991017749189615,851.7830463322697,0.812199682601026,0.187800317398974,0.8122011289777162,True,30.950449706592565,196.9529536677304,0.10869731920347767,0.10869628848434759,nan,nan,0.10869731920347767,0.0724648794689851,0.05434865960173883,50,47,7,6,1410.0,0.0,41.0,100.0,100.0,100.0,100.0,True,True,True,pure_fp16_candidate_no_l2,full5s_tensor_mma_f16acc_t192_b04_rep000_test_8f633ec6,full5s_tensor_mma_f16acc_t192_b04_rep000_baseline_9aaf330a,results/fp16_full_sweep_a100_20260603_044813/raw/full5s_tensor_mma_f16acc_t192_b04_rep000_test_8f633ec6/power.csv,results/fp16_full_sweep_a100_20260603_044813/raw/full5s_tensor_mma_f16acc_t192_b04_rep000_baseline_9aaf330a/power.csv,results/fp16_full_sweep_a100_20260603_044813/raw/full5s_tensor_mma_f16acc_t192_b04_rep000_test_8f633ec6/sm_util.csv,results/fp16_full_sweep_a100_20260603_044813/raw/full5s_tensor_mma_f16acc_t192_b04_rep000_baseline_9aaf330a/sm_util.csv
full5s_tensor_mma_f16acc_t192_b04,1,0,NVIDIA A100-SXM4-80GB,ampere,ga100,datacenter,80,108,benchmark uses warp-level HMMA mma.sync m16n8k16 pairs,False,False,tensor_core_mma_m16n16k16_f16acc,fp16-energy-bench-v2,fp16-energy-bench-v2,"nvml_timed_energy_counter,explicit_m16n16k16_denominator,strict_denominator_provenance,tensor_no_memory_warpsync_baseline,timed_kernel_memory_provenance","nvml_timed_energy_counter,explicit_m16n16k16_denominator,strict_denominator_provenance,tensor_no_memory_warpsync_baseline,timed_kernel_memory_provenance",ce960f9677a1,ce960f9677a1,tensor_mma_f16acc,tensor_baseline_mov,432,192,768.0,4,10666667,8,6.3655566406199995,6.10033642578,1811939384623104.0,0.0,0.0,1811939384623104.0,905969692311552.0,905969692311552.0,2717909076934656.0,3623878769246208.0,221184006912.0,8192.0,8192.0,4096.0,4096.0,12288.0,16384.0,True,bench_json_metadata,True,logical_m16n16k16_input_bits_8192,ga100,f16acc,"A100 SXM dense FP16 Tensor Core peak, no sparsity",https://www.nvidia.com/en-us/data-center/a100/,312.0,624.0,312.0,312.0,2048.0,2048.0,2048.0,1410.0,measured_avg_sm_clock_mhz,warp-level HMMA mma.sync.aligned.m16n8k16 pair -> logical m16n16k16,"dense FP16 Tensor Core HMMA normalization only; no sparsity, no WGMMA",311.86944,1869.2371767898658,91.27134652294266,True,True,True,bench_json_metadata,bench_json_metadata,False,False,False,False,False,False,Tensor HMMA/register baseline uses register operands and consumes registers; no intended global memory operation in the timed kernel,Tensor HMMA/register baseline uses register operands and consumes registers; no intended global memory operation in the timed kernel,False,False,284.64743728156077,nan,164.405730301641,133.73549993264612,1046.54,815.832,nvml_total_energy_counter,nvml_total_energy_counter,1055.891527838846,819.7380572783698,165.87480435880232,134.37580151788467,average_instant,average_instant,nan,nan,165.3712244897959,133.71787234042552,400.0,400.0,1046.54,815.832,-9.351527838846096,-3.906057278369758,0.9911434767755108,0.9952349933692985,851.300899682891,0.8134432507910744,0.1865567492089256,0.8134479235442517,True,30.67023036899488,195.23910031710898,0.10775145237969429,0.10774813454110684,nan,nan,0.10775145237969429,0.07183430158646285,0.053875726189847144,49,47,7,6,1410.0,0.0,41.0,99.91836734693878,100.0,100.0,100.0,True,True,True,pure_fp16_candidate_no_l2,full5s_tensor_mma_f16acc_t192_b04_rep000_test_eb4bc396,full5s_tensor_mma_f16acc_t192_b04_rep000_baseline_01e433a7,results/fp16_full_sweep_a100_20260603_044813/raw/full5s_tensor_mma_f16acc_t192_b04_rep000_test_eb4bc396/power.csv,results/fp16_full_sweep_a100_20260603_044813/raw/full5s_tensor_mma_f16acc_t192_b04_rep000_baseline_01e433a7/power.csv,results/fp16_full_sweep_a100_20260603_044813/raw/full5s_tensor_mma_f16acc_t192_b04_rep000_test_eb4bc396/sm_util.csv,results/fp16_full_sweep_a100_20260603_044813/raw/full5s_tensor_mma_f16acc_t192_b04_rep000_baseline_01e433a7/sm_util.csv
full5s_tensor_mma_f16acc_t192_b04,2,1,NVIDIA A100-SXM4-80GB,ampere,ga100,datacenter,80,108,benchmark uses warp-level HMMA mma.sync m16n8k16 pairs,False,False,tensor_core_mma_m16n16k16_f16acc,fp16-energy-bench-v2,fp16-energy-bench-v2,"nvml_timed_energy_counter,explicit_m16n16k16_denominator,strict_denominator_provenance,tensor_no_memory_warpsync_baseline,timed_kernel_memory_provenance","nvml_timed_energy_counter,explicit_m16n16k16_denominator,strict_denominator_provenance,tensor_no_memory_warpsync_baseline,timed_kernel_memory_provenance",ce960f9677a1,ce960f9677a1,tensor_mma_f16acc,tensor_baseline_mov,432,192,768.0,4,10666667,8,6.362429199219999,6.166046875,1811939384623104.0,0.0,0.0,1811939384623104.0,905969692311552.0,905969692311552.0,2717909076934656.0,3623878769246208.0,221184006912.0,8192.0,8192.0,4096.0,4096.0,12288.0,16384.0,True,bench_json_metadata,True,logical_m16n16k16_input_bits_8192,ga100,f16acc,"A100 SXM dense FP16 Tensor Core peak, no sparsity",https://www.nvidia.com/en-us/data-center/a100/,312.0,624.0,312.0,312.0,2048.0,2048.0,2048.0,1410.0,measured_avg_sm_clock_mhz,warp-level HMMA mma.sync.aligned.m16n8k16 pair -> logical m16n16k16,"dense FP16 Tensor Core HMMA normalization only; no sparsity, no WGMMA",311.86944,1870.1559971885006,91.31621080021975,True,True,True,bench_json_metadata,bench_json_metadata,False,False,False,False,False,False,Tensor HMMA/register baseline uses register operands and consumes registers; no intended global memory operation in the timed kernel,Tensor HMMA/register baseline uses register operands and consumes registers; no intended global memory operation in the timed kernel,False,False,284.7873552518649,nan,165.10202269743723,136.42688739064556,1050.456,841.216,nvml_total_energy_counter,nvml_total_energy_counter,1059.3890523726304,848.1639224067561,166.5060462982196,137.55368886349612,average_instant,average_instant,nan,nan,166.0066,137.211875,400.0,400.0,1050.456,841.216,-8.933052372630527,-6.947922406756106,0.991567732031378,0.9918082787734703,868.0064118929421,0.8263139169017476,0.17368608309825243,0.8263186916895551,True,28.675135306791674,182.44958810705782,0.10069298656202487,0.10068963659370161,nan,nan,0.10069298656202487,0.06712865770801658,0.050346493281012435,50,48,7,6,1410.0,0.0,41.0,100.0,100.0,100.0,100.0,True,True,True,pure_fp16_candidate_no_l2,full5s_tensor_mma_f16acc_t192_b04_rep001_test_7d4f588e,full5s_tensor_mma_f16acc_t192_b04_rep001_baseline_4790ce6d,results/fp16_full_sweep_a100_20260603_044813/raw/full5s_tensor_mma_f16acc_t192_b04_rep001_test_7d4f588e/power.csv,results/fp16_full_sweep_a100_20260603_044813/raw/full5s_tensor_mma_f16acc_t192_b04_rep001_baseline_4790ce6d/power.csv,results/fp16_full_sweep_a100_20260603_044813/raw/full5s_tensor_mma_f16acc_t192_b04_rep001_test_7d4f588e/sm_util.csv,results/fp16_full_sweep_a100_20260603_044813/raw/full5s_tensor_mma_f16acc_t192_b04_rep001_baseline_4790ce6d/sm_util.csv
full5s_tensor_mma_f16acc_t192_b04,3,2,NVIDIA A100-SXM4-80GB,ampere,ga100,datacenter,80,108,benchmark uses warp-level HMMA mma.sync m16n8k16 pairs,False,False,tensor_core_mma_m16n16k16_f16acc,fp16-energy-bench-v2,fp16-energy-bench-v2,"nvml_timed_energy_counter,explicit_m16n16k16_denominator,strict_denominator_provenance,tensor_no_memory_warpsync_baseline,timed_kernel_memory_provenance","nvml_timed_energy_counter,explicit_m16n16k16_denominator,strict_denominator_provenance,tensor_no_memory_warpsync_baseline,timed_kernel_memory_provenance",ce960f9677a1,ce960f9677a1,tensor_mma_f16acc,tensor_baseline_mov,432,192,768.0,4,10666667,8,6.36252246094,6.09772363281,1811939384623104.0,0.0,0.0,1811939384623104.0,905969692311552.0,905969692311552.0,2717909076934656.0,3623878769246208.0,221184006912.0,8192.0,8192.0,4096.0,4096.0,12288.0,16384.0,True,bench_json_metadata,True,logical_m16n16k16_input_bits_8192,ga100,f16acc,"A100 SXM dense FP16 Tensor Core peak, no sparsity",https://www.nvidia.com/en-us/data-center/a100/,312.0,624.0,312.0,312.0,2048.0,2048.0,2048.0,1410.0,measured_avg_sm_clock_mhz,warp-level HMMA mma.sync.aligned.m16n8k16 pair -> logical m16n16k16,"dense FP16 Tensor Core HMMA normalization only; no sparsity, no WGMMA",311.86944,1870.128584481349,91.31487228912837,True,True,True,bench_json_metadata,bench_json_metadata,False,False,False,False,False,False,Tensor HMMA/register baseline uses register operands and consumes registers; no intended global memory operation in the timed kernel,Tensor HMMA/register baseline uses register operands and consumes registers; no intended global memory operation in the timed kernel,False,False,284.7831808448198,nan,166.9771793656858,134.15949889489153,1062.399,818.071,nvml_total_energy_counter,nvml_total_energy_counter,1060.4296015920913,820.8348197030133,166.6676491503902,134.61275132211617,average_instant,average_instant,nan,nan,165.9465306122449,134.4123404255319,400.0,400.0,1062.399,818.071,1.9693984079085567,-2.7638197030132687,1.0018571703439358,0.996632916103616,853.5928250672025,0.8034578581749443,0.19654214182505575,0.8034600860101822,True,32.81768047079427,208.80617493279738,0.1152390508782006,0.11523742509455584,nan,nan,0.1152390508782006,0.07682603391880041,0.0576195254391003,49,47,7,6,1410.0,0.0,41.0,100.0,100.0,100.0,100.0,True,True,True,pure_fp16_candidate_no_l2,full5s_tensor_mma_f16acc_t192_b04_rep002_test_b7b5ac9b,full5s_tensor_mma_f16acc_t192_b04_rep002_baseline_3b7b992e,results/fp16_full_sweep_a100_20260603_044813/raw/full5s_tensor_mma_f16acc_t192_b04_rep002_test_b7b5ac9b/power.csv,results/fp16_full_sweep_a100_20260603_044813/raw/full5s_tensor_mma_f16acc_t192_b04_rep002_baseline_3b7b992e/power.csv,results/fp16_full_sweep_a100_20260603_044813/raw/full5s_tensor_mma_f16acc_t192_b04_rep002_test_b7b5ac9b/sm_util.csv,results/fp16_full_sweep_a100_20260603_044813/raw/full5s_tensor_mma_f16acc_t192_b04_rep002_baseline_3b7b992e/sm_util.csv
full5s_tensor_mma_f16acc_t192_b04,4,3,NVIDIA A100-SXM4-80GB,ampere,ga100,datacenter,80,108,benchmark uses warp-level HMMA mma.sync m16n8k16 pairs,False,False,tensor_core_mma_m16n16k16_f16acc,fp16-energy-bench-v2,fp16-energy-bench-v2,"nvml_timed_energy_counter,explicit_m16n16k16_denominator,strict_denominator_provenance,tensor_no_memory_warpsync_baseline,timed_kernel_memory_provenance","nvml_timed_energy_counter,explicit_m16n16k16_denominator,strict_denominator_provenance,tensor_no_memory_warpsync_baseline,timed_kernel_memory_provenance",ce960f9677a1,ce960f9677a1,tensor_mma_f16acc,tensor_baseline_mov,432,192,768.0,4,10666667,8,6.36482128906,6.16625048828,1811939384623104.0,0.0,0.0,1811939384623104.0,905969692311552.0,905969692311552.0,2717909076934656.0,3623878769246208.0,221184006912.0,8192.0,8192.0,4096.0,4096.0,12288.0,16384.0,True,bench_json_metadata,True,logical_m16n16k16_input_bits_8192,ga100,f16acc,"A100 SXM dense FP16 Tensor Core peak, no sparsity",https://www.nvidia.com/en-us/data-center/a100/,312.0,624.0,312.0,312.0,2048.0,2048.0,2048.0,1410.0,measured_avg_sm_clock_mhz,warp-level HMMA mma.sync.aligned.m16n8k16 pair -> logical m16n16k16,"dense FP16 Tensor Core HMMA normalization only; no sparsity, no WGMMA",311.86944,1869.453136737763,91.2818914422736,True,True,True,bench_json_metadata,bench_json_metadata,False,False,False,False,False,False,Tensor HMMA/register baseline uses register operands and consumes registers; no intended global memory operation in the timed kernel,Tensor HMMA/register baseline uses register operands and consumes registers; no intended global memory operation in the timed kernel,False,False,284.6803236624266,nan,165.14730603077413,136.08183774081252,1051.135,839.116,nvml_total_energy_counter,nvml_total_energy_counter,1059.762043057263,837.9220350906835,166.50272937784038,135.88820904220847,average_instant,average_instant,nan,nan,166.01979591836735,136.00063829787234,400.0,400.0,1051.135,839.116,-8.627043057263108,1.1939649093164917,0.9918594526820612,1.0014249116974079,866.136577907132,0.8240012728214093,0.17599872717859072,0.8240027706867622,True,29.065468289961615,184.99842209286794,0.10209967489135896,0.10209862036136855,nan,nan,0.10209967489135896,0.06806644992757263,0.05104983744567948,49,47,7,6,1410.0,0.0,41.0,100.0,100.0,100.0,100.0,True,True,True,pure_fp16_candidate_no_l2,full5s_tensor_mma_f16acc_t192_b04_rep003_test_2728175d,full5s_tensor_mma_f16acc_t192_b04_rep003_baseline_3349feef,results/fp16_full_sweep_a100_20260603_044813/raw/full5s_tensor_mma_f16acc_t192_b04_rep003_test_2728175d/power.csv,results/fp16_full_sweep_a100_20260603_044813/raw/full5s_tensor_mma_f16acc_t192_b04_rep003_baseline_3349feef/power.csv,results/fp16_full_sweep_a100_20260603_044813/raw/full5s_tensor_mma_f16acc_t192_b04_rep003_test_2728175d/sm_util.csv,results/fp16_full_sweep_a100_20260603_044813/raw/full5s_tensor_mma_f16acc_t192_b04_rep003_baseline_3349feef/sm_util.csv
full5s_tensor_mma_f16acc_t192_b08,0,0,NVIDIA A100-SXM4-80GB,ampere,ga100,datacenter,80,108,benchmark uses warp-level HMMA mma.sync m16n8k16 pairs,False,False,tensor_core_mma_m16n16k16_f16acc,fp16-energy-bench-v2,fp16-energy-bench-v2,"nvml_timed_energy_counter,explicit_m16n16k16_denominator,strict_denominator_provenance,tensor_no_memory_warpsync_baseline,timed_kernel_memory_provenance","nvml_timed_energy_counter,explicit_m16n16k16_denominator,strict_denominator_provenance,tensor_no_memory_warpsync_baseline,timed_kernel_memory_provenance",ce960f9677a1,ce960f9677a1,tensor_mma_f16acc,tensor_baseline_mov,864,192,1536.0,8,5333333,8,6.1166787109400005,5.80660107422,1811939214753792.0,0.0,0.0,1811939214753792.0,905969607376896.0,905969607376896.0,2717908822130688.0,3623878429507584.0,221183986176.0,8192.0,8192.0,4096.0,4096.0,12288.0,16384.0,True,bench_json_metadata,True,logical_m16n16k16_input_bits_8192,ga100,f16acc,"A100 SXM dense FP16 Tensor Core peak, no sparsity",https://www.nvidia.com/en-us/data-center/a100/,312.0,624.0,312.0,312.0,2048.0,2048.0,2048.0,1410.0,measured_avg_sm_clock_mhz,warp-level HMMA mma.sync.aligned.m16n8k16 pair -> logical m16n16k16,"dense FP16 Tensor Core HMMA normalization only; no sparsity, no WGMMA",311.86944,1945.2932825817084,94.98502356355999,True,True,True,bench_json_metadata,bench_json_metadata,False,False,False,False,False,False,Tensor HMMA/register baseline uses register operands and consumes registers; no intended global memory operation in the timed kernel,Tensor HMMA/register baseline uses register operands and consumes registers; no intended global memory operation in the timed kernel,False,False,296.22926107154257,nan,169.2887486525713,138.63628009209654,1035.486,805.007,nvml_total_energy_counter,nvml_total_energy_counter,1043.2136805988516,801.5523345867268,170.5521258286667,138.04132630677665,average_instant,average_instant,nan,nan,169.97808510638296,137.87,400.0,400.0,1035.486,805.007,-7.727680598851521,3.454665413273119,0.992592427857718,1.0043099686248862,847.993583003242,0.8189329290818436,0.18106707091815644,0.8189338109918791,True,30.652468560474745,187.49241699675815,0.10347610751513803,0.10347549208878404,nan,nan,0.10347610751513803,0.06898407167675868,0.051738053757569014,47,45,6,6,1410.0,0.0,41.0,100.0,100.0,100.0,100.0,True,True,True,pure_fp16_candidate_no_l2,full5s_tensor_mma_f16acc_t192_b08_rep000_test_e7204019,full5s_tensor_mma_f16acc_t192_b08_rep000_baseline_de7faac6,results/fp16_full_sweep_a100_20260603_044813/raw/full5s_tensor_mma_f16acc_t192_b08_rep000_test_e7204019/power.csv,results/fp16_full_sweep_a100_20260603_044813/raw/full5s_tensor_mma_f16acc_t192_b08_rep000_baseline_de7faac6/power.csv,results/fp16_full_sweep_a100_20260603_044813/raw/full5s_tensor_mma_f16acc_t192_b08_rep000_test_e7204019/sm_util.csv,results/fp16_full_sweep_a100_20260603_044813/raw/full5s_tensor_mma_f16acc_t192_b08_rep000_baseline_de7faac6/sm_util.csv
full5s_tensor_mma_f16acc_t192_b08,1,0,NVIDIA A100-SXM4-80GB,ampere,ga100,datacenter,80,108,benchmark uses warp-level HMMA mma.sync m16n8k16 pairs,False,False,tensor_core_mma_m16n16k16_f16acc,fp16-energy-bench-v2,fp16-energy-bench-v2,"nvml_timed_energy_counter,explicit_m16n16k16_denominator,strict_denominator_provenance,tensor_no_memory_warpsync_baseline,timed_kernel_memory_provenance","nvml_timed_energy_counter,explicit_m16n16k16_denominator,strict_denominator_provenance,tensor_no_memory_warpsync_baseline,timed_kernel_memory_provenance",ce960f9677a1,ce960f9677a1,tensor_mma_f16acc,tensor_baseline_mov,864,192,1536.0,8,5333333,8,6.11907910156,5.8183056640599995,1811939214753792.0,0.0,0.0,1811939214753792.0,905969607376896.0,905969607376896.0,2717908822130688.0,3623878429507584.0,221183986176.0,8192.0,8192.0,4096.0,4096.0,12288.0,16384.0,True,bench_json_metadata,True,logical_m16n16k16_input_bits_8192,ga100,f16acc,"A100 SXM dense FP16 Tensor Core peak, no sparsity",https://www.nvidia.com/en-us/data-center/a100/,312.0,624.0,312.0,312.0,2048.0,2048.0,2048.0,1410.0,measured_avg_sm_clock_mhz,warp-level HMMA mma.sync.aligned.m16n8k16 pair -> logical m16n16k16,"dense FP16 Tensor Core HMMA normalization only; no sparsity, no WGMMA",311.86944,1944.530183482783,94.94776286537027,True,True,True,bench_json_metadata,bench_json_metadata,False,False,False,False,False,False,Tensor HMMA/register baseline uses register operands and consumes registers; no intended global memory operation in the timed kernel,Tensor HMMA/register baseline uses register operands and consumes registers; no intended global memory operation in the timed kernel,False,False,296.1130563407582,nan,169.02586092959402,137.97802594111494,1034.284,802.799,nvml_total_energy_counter,nvml_total_energy_counter,1040.1906530940541,797.5698327566923,169.99114427965546,137.07928270208808,average_instant,average_instant,nan,nan,169.41063829787234,136.99911111111112,400.0,400.0,1034.284,802.799,-5.906653094054036,5.229167243307643,0.9943215668430737,1.0065563754150952,844.2984550107799,0.8163120139253627,0.18368798607463732,0.8163131084336749,True,31.04783498847908,189.98554498922022,0.10485205212308164,0.1048512867759203,nan,nan,0.10485205212308164,0.06990136808205442,0.05242602606154082,47,45,6,6,1410.0,0.0,41.0,100.0,100.0,100.0,100.0,True,True,True,pure_fp16_candidate_no_l2,full5s_tensor_mma_f16acc_t192_b08_rep000_test_41c73a9a,full5s_tensor_mma_f16acc_t192_b08_rep000_baseline_a440d191,results/fp16_full_sweep_a100_20260603_044813/raw/full5s_tensor_mma_f16acc_t192_b08_rep000_test_41c73a9a/power.csv,results/fp16_full_sweep_a100_20260603_044813/raw/full5s_tensor_mma_f16acc_t192_b08_rep000_baseline_a440d191/power.csv,results/fp16_full_sweep_a100_20260603_044813/raw/full5s_tensor_mma_f16acc_t192_b08_rep000_test_41c73a9a/sm_util.csv,results/fp16_full_sweep_a100_20260603_044813/raw/full5s_tensor_mma_f16acc_t192_b08_rep000_baseline_a440d191/sm_util.csv
full5s_tensor_mma_f16acc_t192_b08,2,1,NVIDIA A100-SXM4-80GB,ampere,ga100,datacenter,80,108,benchmark uses warp-level HMMA mma.sync m16n8k16 pairs,False,False,tensor_core_mma_m16n16k16_f16acc,fp16-energy-bench-v2,fp16-energy-bench-v2,"nvml_timed_energy_counter,explicit_m16n16k16_denominator,strict_denominator_provenance,tensor_no_memory_warpsync_baseline,timed_kernel_memory_provenance","nvml_timed_energy_counter,explicit_m16n16k16_denominator,strict_denominator_provenance,tensor_no_memory_warpsync_baseline,timed_kernel_memory_provenance",ce960f9677a1,ce960f9677a1,tensor_mma_f16acc,tensor_baseline_mov,864,192,1536.0,8,5333333,8,6.11735253906,5.82185351562,1811939214753792.0,0.0,0.0,1811939214753792.0,905969607376896.0,905969607376896.0,2717908822130688.0,3623878429507584.0,221183986176.0,8192.0,8192.0,4096.0,4096.0,12288.0,16384.0,True,bench_json_metadata,True,logical_m16n16k16_input_bits_8192,ga100,f16acc,"A100 SXM dense FP16 Tensor Core peak, no sparsity",https://www.nvidia.com/en-us/data-center/a100/,312.0,624.0,312.0,312.0,2048.0,2048.0,2048.0,1410.0,measured_avg_sm_clock_mhz,warp-level HMMA mma.sync.aligned.m16n8k16 pair -> logical m16n16k16,"dense FP16 Tensor Core HMMA normalization only; no sparsity, no WGMMA",311.86944,1945.079007974012,94.97456093623107,True,True,True,bench_json_metadata,bench_json_metadata,False,False,False,False,False,False,Tensor HMMA/register baseline uses register operands and consumes registers; no intended global memory operation in the timed kernel,Tensor HMMA/register baseline uses register operands and consumes registers; no intended global memory operation in the timed kernel,False,False,296.1966313342826,nan,169.40406424691807,138.44932203392142,1036.307,806.033,nvml_total_energy_counter,nvml_total_energy_counter,1043.4071695099597,803.5606616543135,170.5647218240928,138.02465757502364,average_instant,average_instant,nan,nan,170.0014893617021,137.90533333333332,400.0,400.0,1036.307,806.033,-7.100169509959642,2.4723383456864667,0.993195207281071,1.003076728943645,846.9433116753447,0.8172706656187256,0.18272933438127437,0.8172727298450291,True,30.95474221299665,189.3636883246553,0.10450885260540388,0.10450740804699309,nan,nan,0.10450885260540388,0.06967256840360259,0.05225442630270194,47,45,6,6,1410.0,0.0,41.0,100.0,100.0,100.0,100.0,True,True,True,pure_fp16_candidate_no_l2,full5s_tensor_mma_f16acc_t192_b08_rep001_test_4d234411,full5s_tensor_mma_f16acc_t192_b08_rep001_baseline_e32fa168,results/fp16_full_sweep_a100_20260603_044813/raw/full5s_tensor_mma_f16acc_t192_b08_rep001_test_4d234411/power.csv,results/fp16_full_sweep_a100_20260603_044813/raw/full5s_tensor_mma_f16acc_t192_b08_rep001_baseline_e32fa168/power.csv,results/fp16_full_sweep_a100_20260603_044813/raw/full5s_tensor_mma_f16acc_t192_b08_rep001_test_4d234411/sm_util.csv,results/fp16_full_sweep_a100_20260603_044813/raw/full5s_tensor_mma_f16acc_t192_b08_rep001_baseline_e32fa168/sm_util.csv
full5s_tensor_mma_f16acc_t192_b08,3,2,NVIDIA A100-SXM4-80GB,ampere,ga100,datacenter,80,108,benchmark uses warp-level HMMA mma.sync m16n8k16 pairs,False,False,tensor_core_mma_m16n16k16_f16acc,fp16-energy-bench-v2,fp16-energy-bench-v2,"nvml_timed_energy_counter,explicit_m16n16k16_denominator,strict_denominator_provenance,tensor_no_memory_warpsync_baseline,timed_kernel_memory_provenance","nvml_timed_energy_counter,explicit_m16n16k16_denominator,strict_denominator_provenance,tensor_no_memory_warpsync_baseline,timed_kernel_memory_provenance",ce960f9677a1,ce960f9677a1,tensor_mma_f16acc,tensor_baseline_mov,864,192,1536.0,8,5333333,8,6.11655175781,5.843137695309999,1811939214753792.0,0.0,0.0,1811939214753792.0,905969607376896.0,905969607376896.0,2717908822130688.0,3623878429507584.0,221183986176.0,8192.0,8192.0,4096.0,4096.0,12288.0,16384.0,True,bench_json_metadata,True,logical_m16n16k16_input_bits_8192,ga100,f16acc,"A100 SXM dense FP16 Tensor Core peak, no sparsity",https://www.nvidia.com/en-us/data-center/a100/,312.0,624.0,312.0,312.0,2048.0,2048.0,2048.0,1410.0,measured_avg_sm_clock_mhz,warp-level HMMA mma.sync.aligned.m16n8k16 pair -> logical m16n16k16,"dense FP16 Tensor Core HMMA normalization only; no sparsity, no WGMMA",311.86944,1945.3336584471915,94.98699504136677,True,True,True,bench_json_metadata,bench_json_metadata,False,False,False,False,False,False,Tensor HMMA/register baseline uses register operands and consumes registers; no intended global memory operation in the timed kernel,Tensor HMMA/register baseline uses register operands and consumes registers; no intended global memory operation in the timed kernel,False,False,296.2354095083383,nan,169.54635395880152,137.719625254877,1037.041,804.716,nvml_total_energy_counter,nvml_total_energy_counter,1042.759381001178,804.7656850075484,170.48125494082348,137.72812837973143,average_instant,average_instant,nan,nan,169.9204255319149,137.66155555555557,400.0,400.0,1037.041,804.716,-5.718381001178159,-0.04968500754841898,0.9945161068743512,0.9999382615232308,842.3692159376524,0.8122814970070156,0.18771850299298445,0.8122830249026872,True,31.826728703924516,194.67178406234757,0.10743836353737714,0.10743728697641958,nan,nan,0.10743836353737714,0.07162557569158476,0.05371918176868857,47,45,6,6,1410.0,0.0,41.0,100.0,100.0,100.0,100.0,True,True,True,pure_fp16_candidate_no_l2,full5s_tensor_mma_f16acc_t192_b08_rep002_test_0836460c,full5s_tensor_mma_f16acc_t192_b08_rep002_baseline_df037e94,results/fp16_full_sweep_a100_20260603_044813/raw/full5s_tensor_mma_f16acc_t192_b08_rep002_test_0836460c/power.csv,results/fp16_full_sweep_a100_20260603_044813/raw/full5s_tensor_mma_f16acc_t192_b08_rep002_baseline_df037e94/power.csv,results/fp16_full_sweep_a100_20260603_044813/raw/full5s_tensor_mma_f16acc_t192_b08_rep002_test_0836460c/sm_util.csv,results/fp16_full_sweep_a100_20260603_044813/raw/full5s_tensor_mma_f16acc_t192_b08_rep002_baseline_df037e94/sm_util.csv
full5s_tensor_mma_f16acc_t192_b08,4,3,NVIDIA A100-SXM4-80GB,ampere,ga100,datacenter,80,108,benchmark uses warp-level HMMA mma.sync m16n8k16 pairs,False,False,tensor_core_mma_m16n16k16_f16acc,fp16-energy-bench-v2,fp16-energy-bench-v2,"nvml_timed_energy_counter,explicit_m16n16k16_denominator,strict_denominator_provenance,tensor_no_memory_warpsync_baseline,timed_kernel_memory_provenance","nvml_timed_energy_counter,explicit_m16n16k16_denominator,strict_denominator_provenance,tensor_no_memory_warpsync_baseline,timed_kernel_memory_provenance",ce960f9677a1,ce960f9677a1,tensor_mma_f16acc,tensor_baseline_mov,864,192,1536.0,8,5333333,8,6.11821240234,5.81980761719,1811939214753792.0,0.0,0.0,1811939214753792.0,905969607376896.0,905969607376896.0,2717908822130688.0,3623878429507584.0,221183986176.0,8192.0,8192.0,4096.0,4096.0,12288.0,16384.0,True,bench_json_metadata,True,logical_m16n16k16_input_bits_8192,ga100,f16acc,"A100 SXM dense FP16 Tensor Core peak, no sparsity",https://www.nvidia.com/en-us/data-center/a100/,312.0,624.0,312.0,312.0,2048.0,2048.0,2048.0,1410.0,measured_avg_sm_clock_mhz,warp-level HMMA mma.sync.aligned.m16n8k16 pair -> logical m16n16k16,"dense FP16 Tensor Core HMMA normalization only; no sparsity, no WGMMA",311.86944,1944.8056434835903,94.96121306072217,True,True,True,bench_json_metadata,bench_json_metadata,False,False,False,False,False,False,Tensor HMMA/register baseline uses register operands and consumes registers; no intended global memory operation in the timed kernel,Tensor HMMA/register baseline uses register operands and consumes registers; no intended global memory operation in the timed kernel,False,False,296.1550033896811,nan,169.43882112548175,138.42113075599462,1036.666,805.586,nvml_total_energy_counter,nvml_total_energy_counter,1042.4156865657035,810.128414500848,170.37858389722678,139.2016385497867,average_instant,average_instant,nan,nan,169.79021276595745,139.0291111111111,400.0,400.0,1036.666,805.586,-5.749686565703541,-4.54241450084794,0.9944842670349233,0.9943929697816528,846.8898789372531,0.8169360998983792,0.1830639001016208,0.8169387029285557,True,31.017690369487127,189.77612106274682,0.10473647212747905,0.10473464913464256,nan,nan,0.10473647212747905,0.0698243147516527,0.052368236063739526,47,45,6,6,1410.0,0.0,41.0,100.0,100.0,100.0,100.0,True,True,True,pure_fp16_candidate_no_l2,full5s_tensor_mma_f16acc_t192_b08_rep003_test_10b2a49f,full5s_tensor_mma_f16acc_t192_b08_rep003_baseline_05d9b131,results/fp16_full_sweep_a100_20260603_044813/raw/full5s_tensor_mma_f16acc_t192_b08_rep003_test_10b2a49f/power.csv,results/fp16_full_sweep_a100_20260603_044813/raw/full5s_tensor_mma_f16acc_t192_b08_rep003_baseline_05d9b131/power.csv,results/fp16_full_sweep_a100_20260603_044813/raw/full5s_tensor_mma_f16acc_t192_b08_rep003_test_10b2a49f/sm_util.csv,results/fp16_full_sweep_a100_20260603_044813/raw/full5s_tensor_mma_f16acc_t192_b08_rep003_baseline_05d9b131/sm_util.csv
full5s_tensor_mma_f16acc_t224_b01,0,0,NVIDIA A100-SXM4-80GB,ampere,ga100,datacenter,80,108,benchmark uses warp-level HMMA mma.sync m16n8k16 pairs,False,False,tensor_core_mma_m16n16k16_f16acc,fp16-energy-bench-v2,fp16-energy-bench-v2,"nvml_timed_energy_counter,explicit_m16n16k16_denominator,strict_denominator_provenance,tensor_no_memory_warpsync_baseline,timed_kernel_memory_provenance","nvml_timed_energy_counter,explicit_m16n16k16_denominator,strict_denominator_provenance,tensor_no_memory_warpsync_baseline,timed_kernel_memory_provenance",ce960f9677a1,ce960f9677a1,tensor_mma_f16acc,tensor_baseline_mov,108,224,224.0,1,36571429,8,6.914348144530001,16.8632050781,1811939349233664.0,0.0,0.0,1811939349233664.0,905969674616832.0,905969674616832.0,2717909023850496.0,3623878698467328.0,221184002592.0,8192.0,8192.0,4096.0,4096.0,12288.0,16384.0,True,bench_json_metadata,True,logical_m16n16k16_input_bits_8192,ga100,f16acc,"A100 SXM dense FP16 Tensor Core peak, no sparsity",https://www.nvidia.com/en-us/data-center/a100/,312.0,624.0,312.0,312.0,2048.0,2048.0,2048.0,1410.0,measured_avg_sm_clock_mhz,warp-level HMMA mma.sync.aligned.m16n8k16 pair -> logical m16n16k16,"dense FP16 Tensor Core HMMA normalization only; no sparsity, no WGMMA",311.86944,1720.8758718093384,84.02714217819036,True,True,True,bench_json_metadata,bench_json_metadata,False,False,False,False,False,False,Tensor HMMA/register baseline uses register operands and consumes registers; no intended global memory operation in the timed kernel,Tensor HMMA/register baseline uses register operands and consumes registers; no intended global memory operation in the timed kernel,False,False,262.0549777591261,nan,158.71141575202367,106.86106878412107,1097.388,1802.02,nvml_total_energy_counter,nvml_total_energy_counter,1097.361021728834,1799.7057429797367,158.70751397834718,106.72383169539481,average_instant,average_instant,nan,nan,158.42666666666668,106.69793893129771,400.0,400.0,1097.388,1802.02,0.026978271165944534,2.3142570202633124,1.0000245846814602,1.001285908559936,738.8746326699803,0.6733030000965751,0.3266969999034249,0.6733042376175674,True,51.850346967902595,358.5133673300196,0.19786168200478021,0.19786056884430583,nan,nan,0.19786168200478021,0.1319077880031868,0.09893084100239011,54,131,6,17,1410.0,0.0,40.0,99.87037037037037,100.0,99.83333333333333,100.0,True,True,True,pure_fp16_candidate_no_l2,full5s_tensor_mma_f16acc_t224_b01_rep000_test_ef453fe0,full5s_tensor_mma_f16acc_t224_b01_rep000_baseline_f3a39909,results/fp16_full_sweep_a100_20260603_044813/raw/full5s_tensor_mma_f16acc_t224_b01_rep000_test_ef453fe0/power.csv,results/fp16_full_sweep_a100_20260603_044813/raw/full5s_tensor_mma_f16acc_t224_b01_rep000_baseline_f3a39909/power.csv,results/fp16_full_sweep_a100_20260603_044813/raw/full5s_tensor_mma_f16acc_t224_b01_rep000_test_ef453fe0/sm_util.csv,results/fp16_full_sweep_a100_20260603_044813/raw/full5s_tensor_mma_f16acc_t224_b01_rep000_baseline_f3a39909/sm_util.csv
full5s_tensor_mma_f16acc_t224_b02,0,0,NVIDIA A100-SXM4-80GB,ampere,ga100,datacenter,80,108,benchmark uses warp-level HMMA mma.sync m16n8k16 pairs,False,False,tensor_core_mma_m16n16k16_f16acc,fp16-energy-bench-v2,fp16-energy-bench-v2,"nvml_timed_energy_counter,explicit_m16n16k16_denominator,strict_denominator_provenance,tensor_no_memory_warpsync_baseline,timed_kernel_memory_provenance","nvml_timed_energy_counter,explicit_m16n16k16_denominator,strict_denominator_provenance,tensor_no_memory_warpsync_baseline,timed_kernel_memory_provenance",ce960f9677a1,ce960f9677a1,tensor_mma_f16acc,tensor_baseline_mov,216,224,448.0,2,18285714,8,6.81100878906,8.56153320312,1811939299688448.0,0.0,0.0,1811939299688448.0,905969649844224.0,905969649844224.0,2717908949532672.0,3623878599376896.0,221183996544.0,8192.0,8192.0,4096.0,4096.0,12288.0,16384.0,True,bench_json_metadata,True,logical_m16n16k16_input_bits_8192,ga100,f16acc,"A100 SXM dense FP16 Tensor Core peak, no sparsity",https://www.nvidia.com/en-us/data-center/a100/,312.0,624.0,312.0,312.0,2048.0,2048.0,2048.0,1410.0,measured_avg_sm_clock_mhz,warp-level HMMA mma.sync.aligned.m16n8k16 pair -> logical m16n16k16,"dense FP16 Tensor Core HMMA normalization only; no sparsity, no WGMMA",311.86944,1746.9856425625735,85.30203332825066,True,True,True,bench_json_metadata,bench_json_metadata,False,False,False,False,False,False,Tensor HMMA/register baseline uses register operands and consumes registers; no intended global memory operation in the timed kernel,Tensor HMMA/register baseline uses register operands and consumes registers; no intended global memory operation in the timed kernel,False,False,266.0309736494287,nan,159.00134598582991,121.26526240276665,1082.96,1038.216,nvml_total_energy_counter,nvml_total_energy_counter,1094.3792838043632,1042.0261874003907,160.67793745281665,121.71029828635167,average_instant,average_instant,nan,nan,160.30735849056606,121.6880303030303,400.0,400.0,1082.96,1038.216,-11.419283804363204,-3.8101874003907596,0.989565515380859,0.9963434821058612,825.9387680329108,0.7626678437180605,0.2373321562819395,0.7626681500770045,True,37.73608358306326,257.0212319670892,0.14184869880093798,0.1418484587166578,nan,nan,0.14184869880093798,0.09456579920062533,0.07092434940046899,53,66,7,9,1410.0,0.0,41.0,100.0,100.0,100.0,100.0,True,True,True,pure_fp16_candidate_no_l2,full5s_tensor_mma_f16acc_t224_b02_rep000_test_4e562c73,full5s_tensor_mma_f16acc_t224_b02_rep000_baseline_92c130be,results/fp16_full_sweep_a100_20260603_044813/raw/full5s_tensor_mma_f16acc_t224_b02_rep000_test_4e562c73/power.csv,results/fp16_full_sweep_a100_20260603_044813/raw/full5s_tensor_mma_f16acc_t224_b02_rep000_baseline_92c130be/power.csv,results/fp16_full_sweep_a100_20260603_044813/raw/full5s_tensor_mma_f16acc_t224_b02_rep000_test_4e562c73/sm_util.csv,results/fp16_full_sweep_a100_20260603_044813/raw/full5s_tensor_mma_f16acc_t224_b02_rep000_baseline_92c130be/sm_util.csv
full5s_tensor_mma_f16acc_t224_b04,0,0,NVIDIA A100-SXM4-80GB,ampere,ga100,datacenter,80,108,benchmark uses warp-level HMMA mma.sync m16n8k16 pairs,False,False,tensor_core_mma_m16n16k16_f16acc,fp16-energy-bench-v2,fp16-energy-bench-v2,"nvml_timed_energy_counter,explicit_m16n16k16_denominator,strict_denominator_provenance,tensor_no_memory_warpsync_baseline,timed_kernel_memory_provenance","nvml_timed_energy_counter,explicit_m16n16k16_denominator,strict_denominator_provenance,tensor_no_memory_warpsync_baseline,timed_kernel_memory_provenance",ce960f9677a1,ce960f9677a1,tensor_mma_f16acc,tensor_baseline_mov,432,224,896.0,4,9142857,8,6.2911313476599995,6.63650390625,1811939299688448.0,0.0,0.0,1811939299688448.0,905969649844224.0,905969649844224.0,2717908949532672.0,3623878599376896.0,221183996544.0,8192.0,8192.0,4096.0,4096.0,12288.0,16384.0,True,bench_json_metadata,True,logical_m16n16k16_input_bits_8192,ga100,f16acc,"A100 SXM dense FP16 Tensor Core peak, no sparsity",https://www.nvidia.com/en-us/data-center/a100/,312.0,624.0,312.0,312.0,2048.0,2048.0,2048.0,1410.0,measured_avg_sm_clock_mhz,warp-level HMMA mma.sync.aligned.m16n8k16 pair -> logical m16n16k16,"dense FP16 Tensor Core HMMA normalization only; no sparsity, no WGMMA",311.86944,1891.3505231902495,92.35109976514889,True,True,True,bench_json_metadata,bench_json_metadata,False,False,False,False,False,False,Tensor HMMA/register baseline uses register operands and consumes registers; no intended global memory operation in the timed kernel,Tensor HMMA/register baseline uses register operands and consumes registers; no intended global memory operation in the timed kernel,False,False,288.01485767141116,nan,167.82792943727208,132.2045922097413,1055.829,877.381,nvml_total_energy_counter,nvml_total_energy_counter,1054.1240772360459,883.1607103795186,167.55692565036637,133.07548439205965,average_instant,average_instant,nan,nan,166.86102040816326,132.66745098039215,400.0,400.0,1055.829,877.381,1.7049227639540732,-5.779710379518633,1.0016173833809245,0.9934556527350102,831.7164543553104,0.7877378385660087,0.2122621614339913,0.787738921960272,True,35.62333722753078,224.1125456446896,0.12368656371834552,0.12368576230943108,nan,nan,0.12368656371834552,0.08245770914556368,0.06184328185917276,49,51,7,7,1410.0,0.0,41.0,99.87755102040816,100.0,99.85714285714286,100.0,True,True,True,pure_fp16_candidate_no_l2,full5s_tensor_mma_f16acc_t224_b04_rep000_test_a0060cf0,full5s_tensor_mma_f16acc_t224_b04_rep000_baseline_8a8b0872,results/fp16_full_sweep_a100_20260603_044813/raw/full5s_tensor_mma_f16acc_t224_b04_rep000_test_a0060cf0/power.csv,results/fp16_full_sweep_a100_20260603_044813/raw/full5s_tensor_mma_f16acc_t224_b04_rep000_baseline_8a8b0872/power.csv,results/fp16_full_sweep_a100_20260603_044813/raw/full5s_tensor_mma_f16acc_t224_b04_rep000_test_a0060cf0/sm_util.csv,results/fp16_full_sweep_a100_20260603_044813/raw/full5s_tensor_mma_f16acc_t224_b04_rep000_baseline_8a8b0872/sm_util.csv
full5s_tensor_mma_f16acc_t224_b08,0,0,NVIDIA A100-SXM4-80GB,ampere,ga100,datacenter,80,108,benchmark uses warp-level HMMA mma.sync m16n8k16 pairs,False,False,tensor_core_mma_m16n16k16_f16acc,fp16-energy-bench-v2,fp16-energy-bench-v2,"nvml_timed_energy_counter,explicit_m16n16k16_denominator,strict_denominator_provenance,tensor_no_memory_warpsync_baseline,timed_kernel_memory_provenance","nvml_timed_energy_counter,explicit_m16n16k16_denominator,strict_denominator_provenance,tensor_no_memory_warpsync_baseline,timed_kernel_memory_provenance",ce960f9677a1,ce960f9677a1,tensor_mma_f16acc,tensor_baseline_mov,864,224,1792.0,8,4571429,8,6.08198779297,5.90808496094,1811939497869312.0,0.0,0.0,1811939497869312.0,905969748934656.0,905969748934656.0,2717909246803968.0,3623878995738624.0,221184020736.0,8192.0,8192.0,4096.0,4096.0,12288.0,16384.0,True,bench_json_metadata,True,logical_m16n16k16_input_bits_8192,ga100,f16acc,"A100 SXM dense FP16 Tensor Core peak, no sparsity",https://www.nvidia.com/en-us/data-center/a100/,312.0,624.0,312.0,312.0,2048.0,2048.0,2048.0,1410.0,measured_avg_sm_clock_mhz,warp-level HMMA mma.sync.aligned.m16n8k16 pair -> logical m16n16k16,"dense FP16 Tensor Core HMMA normalization only; no sparsity, no WGMMA",311.86944,1956.3893043377775,95.52682150086802,True,True,True,bench_json_metadata,bench_json_metadata,False,False,False,False,False,False,Tensor HMMA/register baseline uses register operands and consumes registers; no intended global memory operation in the timed kernel,Tensor HMMA/register baseline uses register operands and consumes registers; no intended global memory operation in the timed kernel,False,False,297.91896326455674,nan,169.44646992027964,137.66962915587223,1030.573,813.365,nvml_total_energy_counter,nvml_total_energy_counter,1042.7571347162639,805.2195718722547,171.4497812982257,136.2909393060969,average_instant,average_instant,nan,nan,170.23744680851064,136.29152173913045,400.0,400.0,1030.573,813.365,-12.18413471626377,8.145428127745276,0.9883154626224839,1.0101157850756235,837.3050039887216,0.8124654963682549,0.1875345036317451,0.8124667880106465,True,31.77684076440741,193.26799601127846,0.10666360341421185,0.10666269919914119,nan,nan,0.10666360341421185,0.0711090689428079,0.05333180170710593,47,46,6,6,1410.0,0.0,41.0,100.0,100.0,100.0,100.0,True,True,True,pure_fp16_candidate_no_l2,full5s_tensor_mma_f16acc_t224_b08_rep000_test_54e8b853,full5s_tensor_mma_f16acc_t224_b08_rep000_baseline_eb102b6e,results/fp16_full_sweep_a100_20260603_044813/raw/full5s_tensor_mma_f16acc_t224_b08_rep000_test_54e8b853/power.csv,results/fp16_full_sweep_a100_20260603_044813/raw/full5s_tensor_mma_f16acc_t224_b08_rep000_baseline_eb102b6e/power.csv,results/fp16_full_sweep_a100_20260603_044813/raw/full5s_tensor_mma_f16acc_t224_b08_rep000_test_54e8b853/sm_util.csv,results/fp16_full_sweep_a100_20260603_044813/raw/full5s_tensor_mma_f16acc_t224_b08_rep000_baseline_eb102b6e/sm_util.csv
full5s_tensor_mma_f16acc_t224_b08,1,0,NVIDIA A100-SXM4-80GB,ampere,ga100,datacenter,80,108,benchmark uses warp-level HMMA mma.sync m16n8k16 pairs,False,False,tensor_core_mma_m16n16k16_f16acc,fp16-energy-bench-v2,fp16-energy-bench-v2,"nvml_timed_energy_counter,explicit_m16n16k16_denominator,strict_denominator_provenance,tensor_no_memory_warpsync_baseline,timed_kernel_memory_provenance","nvml_timed_energy_counter,explicit_m16n16k16_denominator,strict_denominator_provenance,tensor_no_memory_warpsync_baseline,timed_kernel_memory_provenance",ce960f9677a1,ce960f9677a1,tensor_mma_f16acc,tensor_baseline_mov,864,224,1792.0,8,4571429,8,6.08178466797,5.904123046880001,1811939497869312.0,0.0,0.0,1811939497869312.0,905969748934656.0,905969748934656.0,2717909246803968.0,3623878995738624.0,221184020736.0,8192.0,8192.0,4096.0,4096.0,12288.0,16384.0,True,bench_json_metadata,True,logical_m16n16k16_input_bits_8192,ga100,f16acc,"A100 SXM dense FP16 Tensor Core peak, no sparsity",https://www.nvidia.com/en-us/data-center/a100/,312.0,624.0,312.0,312.0,2048.0,2048.0,2048.0,1410.0,measured_avg_sm_clock_mhz,warp-level HMMA mma.sync.aligned.m16n8k16 pair -> logical m16n16k16,"dense FP16 Tensor Core HMMA normalization only; no sparsity, no WGMMA",311.86944,1956.4546456149087,95.53001199291548,True,True,True,bench_json_metadata,bench_json_metadata,False,False,False,False,False,False,Tensor HMMA/register baseline uses register operands and consumes registers; no intended global memory operation in the timed kernel,Tensor HMMA/register baseline uses register operands and consumes registers; no intended global memory operation in the timed kernel,False,False,297.9289134342383,nan,171.10579925875672,137.82887789372558,1040.636,813.76,nvml_total_energy_counter,nvml_total_energy_counter,1044.5886421982293,813.6945143972874,171.75570950836556,137.81778640834898,average_instant,average_instant,nan,nan,170.93425531914895,137.54152173913045,400.0,400.0,1040.636,813.76,-3.9526421982293414,0.0654856027125561,0.9962160777567796,1.0000804793464302,838.2455563775695,0.8055127406485741,0.1944872593514259,0.8055184481812464,True,33.27692136503114,202.39044362243044,0.11169823488059316,0.11169416550225608,nan,nan,0.11169823488059316,0.07446548992039544,0.05584911744029658,47,46,6,6,1410.0,0.0,41.0,100.0,100.0,100.0,100.0,True,True,True,pure_fp16_candidate_no_l2,full5s_tensor_mma_f16acc_t224_b08_rep000_test_1c0cef3b,full5s_tensor_mma_f16acc_t224_b08_rep000_baseline_e51c9f42,results/fp16_full_sweep_a100_20260603_044813/raw/full5s_tensor_mma_f16acc_t224_b08_rep000_test_1c0cef3b/power.csv,results/fp16_full_sweep_a100_20260603_044813/raw/full5s_tensor_mma_f16acc_t224_b08_rep000_baseline_e51c9f42/power.csv,results/fp16_full_sweep_a100_20260603_044813/raw/full5s_tensor_mma_f16acc_t224_b08_rep000_test_1c0cef3b/sm_util.csv,results/fp16_full_sweep_a100_20260603_044813/raw/full5s_tensor_mma_f16acc_t224_b08_rep000_baseline_e51c9f42/sm_util.csv
full5s_tensor_mma_f16acc_t224_b08,2,1,NVIDIA A100-SXM4-80GB,ampere,ga100,datacenter,80,108,benchmark uses warp-level HMMA mma.sync m16n8k16 pairs,False,False,tensor_core_mma_m16n16k16_f16acc,fp16-energy-bench-v2,fp16-energy-bench-v2,"nvml_timed_energy_counter,explicit_m16n16k16_denominator,strict_denominator_provenance,tensor_no_memory_warpsync_baseline,timed_kernel_memory_provenance","nvml_timed_energy_counter,explicit_m16n16k16_denominator,strict_denominator_provenance,tensor_no_memory_warpsync_baseline,timed_kernel_memory_provenance",ce960f9677a1,ce960f9677a1,tensor_mma_f16acc,tensor_baseline_mov,864,224,1792.0,8,4571429,8,6.0819365234400005,5.90690087891,1811939497869312.0,0.0,0.0,1811939497869312.0,905969748934656.0,905969748934656.0,2717909246803968.0,3623878995738624.0,221184020736.0,8192.0,8192.0,4096.0,4096.0,12288.0,16384.0,True,bench_json_metadata,True,logical_m16n16k16_input_bits_8192,ga100,f16acc,"A100 SXM dense FP16 Tensor Core peak, no sparsity",https://www.nvidia.com/en-us/data-center/a100/,312.0,624.0,312.0,312.0,2048.0,2048.0,2048.0,1410.0,measured_avg_sm_clock_mhz,warp-level HMMA mma.sync.aligned.m16n8k16 pair -> logical m16n16k16,"dense FP16 Tensor Core HMMA normalization only; no sparsity, no WGMMA",311.86944,1956.405796315249,95.52762677320553,True,True,True,bench_json_metadata,bench_json_metadata,False,False,False,False,False,False,Tensor HMMA/register baseline uses register operands and consumes registers; no intended global memory operation in the timed kernel,Tensor HMMA/register baseline uses register operands and consumes registers; no intended global memory operation in the timed kernel,False,False,297.9214746628861,nan,171.3266848523032,138.05857516553542,1042.007,815.5,nvml_total_energy_counter,nvml_total_energy_counter,1046.420597557432,814.8816978398368,172.05236811334373,137.95390083659132,average_instant,average_instant,nan,nan,171.2208510638298,137.67065217391306,400.0,400.0,1042.007,815.5,-4.413597557432013,0.618302160163239,0.9957821954501523,1.0007587630962902,839.6634906733565,0.8058136756023294,0.1941863243976706,0.8058206185717802,True,33.26810968676779,202.34350932664358,0.11167233208646452,0.111667377198681,nan,nan,0.11167233208646452,0.07444822139097636,0.05583616604323226,47,46,6,6,1410.0,0.0,41.0,100.0,100.0,100.0,100.0,True,True,True,pure_fp16_candidate_no_l2,full5s_tensor_mma_f16acc_t224_b08_rep001_test_429328de,full5s_tensor_mma_f16acc_t224_b08_rep001_baseline_90509608,results/fp16_full_sweep_a100_20260603_044813/raw/full5s_tensor_mma_f16acc_t224_b08_rep001_test_429328de/power.csv,results/fp16_full_sweep_a100_20260603_044813/raw/full5s_tensor_mma_f16acc_t224_b08_rep001_baseline_90509608/power.csv,results/fp16_full_sweep_a100_20260603_044813/raw/full5s_tensor_mma_f16acc_t224_b08_rep001_test_429328de/sm_util.csv,results/fp16_full_sweep_a100_20260603_044813/raw/full5s_tensor_mma_f16acc_t224_b08_rep001_baseline_90509608/sm_util.csv
full5s_tensor_mma_f16acc_t224_b08,3,2,NVIDIA A100-SXM4-80GB,ampere,ga100,datacenter,80,108,benchmark uses warp-level HMMA mma.sync m16n8k16 pairs,False,False,tensor_core_mma_m16n16k16_f16acc,fp16-energy-bench-v2,fp16-energy-bench-v2,"nvml_timed_energy_counter,explicit_m16n16k16_denominator,strict_denominator_provenance,tensor_no_memory_warpsync_baseline,timed_kernel_memory_provenance","nvml_timed_energy_counter,explicit_m16n16k16_denominator,strict_denominator_provenance,tensor_no_memory_warpsync_baseline,timed_kernel_memory_provenance",ce960f9677a1,ce960f9677a1,tensor_mma_f16acc,tensor_baseline_mov,864,224,1792.0,8,4571429,8,6.0818051757800005,5.90879443359,1811939497869312.0,0.0,0.0,1811939497869312.0,905969748934656.0,905969748934656.0,2717909246803968.0,3623878995738624.0,221184020736.0,8192.0,8192.0,4096.0,4096.0,12288.0,16384.0,True,bench_json_metadata,True,logical_m16n16k16_input_bits_8192,ga100,f16acc,"A100 SXM dense FP16 Tensor Core peak, no sparsity",https://www.nvidia.com/en-us/data-center/a100/,312.0,624.0,312.0,312.0,2048.0,2048.0,2048.0,1410.0,measured_avg_sm_clock_mhz,warp-level HMMA mma.sync.aligned.m16n8k16 pair -> logical m16n16k16,"dense FP16 Tensor Core HMMA normalization only; no sparsity, no WGMMA",311.86944,1956.4480484617634,95.52968986629703,True,True,True,bench_json_metadata,bench_json_metadata,False,False,False,False,False,False,Tensor HMMA/register baseline uses register operands and consumes registers; no intended global memory operation in the timed kernel,Tensor HMMA/register baseline uses register operands and consumes registers; no intended global memory operation in the timed kernel,False,False,297.9279088197573,nan,171.43991954676954,138.00466273432224,1042.67,815.443,nvml_total_energy_counter,nvml_total_energy_counter,1046.8147137230137,809.5422433283093,172.12140974713768,137.00602526443902,average_instant,average_instant,nan,nan,171.31934782608695,136.70260869565217,400.0,400.0,1042.67,815.443,-4.144713723013638,5.900756671690715,0.9960406424664467,1.0072890040270543,839.3174720993743,0.8049694266636369,0.19503057333636314,0.8049739121387885,True,33.43525681244731,203.35252790062577,0.11222920419790572,0.11222599770830877,nan,nan,0.11222920419790572,0.07481946946527049,0.05611460209895286,46,46,6,6,1410.0,0.0,41.0,100.0,100.0,100.0,100.0,True,True,True,pure_fp16_candidate_no_l2,full5s_tensor_mma_f16acc_t224_b08_rep002_test_0fc069b2,full5s_tensor_mma_f16acc_t224_b08_rep002_baseline_c0019eab,results/fp16_full_sweep_a100_20260603_044813/raw/full5s_tensor_mma_f16acc_t224_b08_rep002_test_0fc069b2/power.csv,results/fp16_full_sweep_a100_20260603_044813/raw/full5s_tensor_mma_f16acc_t224_b08_rep002_baseline_c0019eab/power.csv,results/fp16_full_sweep_a100_20260603_044813/raw/full5s_tensor_mma_f16acc_t224_b08_rep002_test_0fc069b2/sm_util.csv,results/fp16_full_sweep_a100_20260603_044813/raw/full5s_tensor_mma_f16acc_t224_b08_rep002_baseline_c0019eab/sm_util.csv
full5s_tensor_mma_f16acc_t224_b08,4,3,NVIDIA A100-SXM4-80GB,ampere,ga100,datacenter,80,108,benchmark uses warp-level HMMA mma.sync m16n8k16 pairs,False,False,tensor_core_mma_m16n16k16_f16acc,fp16-energy-bench-v2,fp16-energy-bench-v2,"nvml_timed_energy_counter,explicit_m16n16k16_denominator,strict_denominator_provenance,tensor_no_memory_warpsync_baseline,timed_kernel_memory_provenance","nvml_timed_energy_counter,explicit_m16n16k16_denominator,strict_denominator_provenance,tensor_no_memory_warpsync_baseline,timed_kernel_memory_provenance",ce960f9677a1,ce960f9677a1,tensor_mma_f16acc,tensor_baseline_mov,864,224,1792.0,8,4571429,8,6.081048339840001,5.907324707030001,1811939497869312.0,0.0,0.0,1811939497869312.0,905969748934656.0,905969748934656.0,2717909246803968.0,3623878995738624.0,221184020736.0,8192.0,8192.0,4096.0,4096.0,12288.0,16384.0,True,bench_json_metadata,True,logical_m16n16k16_input_bits_8192,ga100,f16acc,"A100 SXM dense FP16 Tensor Core peak, no sparsity",https://www.nvidia.com/en-us/data-center/a100/,312.0,624.0,312.0,312.0,2048.0,2048.0,2048.0,1410.0,measured_avg_sm_clock_mhz,warp-level HMMA mma.sync.aligned.m16n8k16 pair -> logical m16n16k16,"dense FP16 Tensor Core HMMA normalization only; no sparsity, no WGMMA",311.86944,1956.6915443386365,95.54157931340998,True,True,True,bench_json_metadata,bench_json_metadata,False,False,False,False,False,False,Tensor HMMA/register baseline uses register operands and consumes registers; no intended global memory operation in the timed kernel,Tensor HMMA/register baseline uses register operands and consumes registers; no intended global memory operation in the timed kernel,False,False,297.96498837188756,nan,169.74540192979646,138.03415165343338,1032.232,815.417,nvml_total_energy_counter,nvml_total_energy_counter,1042.8885800784258,817.6786652990008,171.49782335115273,138.41700735900682,average_instant,average_instant,nan,nan,170.07638297872342,138.43066666666667,400.0,400.0,1032.232,815.417,-10.656580078425804,-2.2616652990008106,0.9897816696030707,0.9972340414456408,839.392348753334,0.8131818706970274,0.1868181293029726,0.8131834505332978,True,31.711250276363074,192.839651246666,0.10642720216289184,0.1064260953934109,nan,nan,0.10642720216289184,0.07095146810859455,0.05321360108144592,47,45,6,6,1410.0,0.0,41.0,100.0,100.0,100.0,100.0,True,True,True,pure_fp16_candidate_no_l2,full5s_tensor_mma_f16acc_t224_b08_rep003_test_12269162,full5s_tensor_mma_f16acc_t224_b08_rep003_baseline_a5e3e9ff,results/fp16_full_sweep_a100_20260603_044813/raw/full5s_tensor_mma_f16acc_t224_b08_rep003_test_12269162/power.csv,results/fp16_full_sweep_a100_20260603_044813/raw/full5s_tensor_mma_f16acc_t224_b08_rep003_baseline_a5e3e9ff/power.csv,results/fp16_full_sweep_a100_20260603_044813/raw/full5s_tensor_mma_f16acc_t224_b08_rep003_test_12269162/sm_util.csv,results/fp16_full_sweep_a100_20260603_044813/raw/full5s_tensor_mma_f16acc_t224_b08_rep003_baseline_a5e3e9ff/sm_util.csv
full5s_tensor_mma_f16acc_t288_b01,0,0,NVIDIA A100-SXM4-80GB,ampere,ga100,datacenter,80,108,benchmark uses warp-level HMMA mma.sync m16n8k16 pairs,False,False,tensor_core_mma_m16n16k16_f16acc,fp16-energy-bench-v2,fp16-energy-bench-v2,"nvml_timed_energy_counter,explicit_m16n16k16_denominator,strict_denominator_provenance,tensor_no_memory_warpsync_baseline,timed_kernel_memory_provenance","nvml_timed_energy_counter,explicit_m16n16k16_denominator,strict_denominator_provenance,tensor_no_memory_warpsync_baseline,timed_kernel_memory_provenance",ce960f9677a1,ce960f9677a1,tensor_mma_f16acc,tensor_baseline_mov,108,288,288.0,1,28444444,8,7.8799453125,13.1178271484,1811939299688448.0,0.0,0.0,1811939299688448.0,905969649844224.0,905969649844224.0,2717908949532672.0,3623878599376896.0,221183996544.0,8192.0,8192.0,4096.0,4096.0,12288.0,16384.0,True,bench_json_metadata,True,logical_m16n16k16_input_bits_8192,ga100,f16acc,"A100 SXM dense FP16 Tensor Core peak, no sparsity",https://www.nvidia.com/en-us/data-center/a100/,312.0,624.0,312.0,312.0,2048.0,2048.0,2048.0,1410.0,measured_avg_sm_clock_mhz,warp-level HMMA mma.sync.aligned.m16n8k16 pair -> logical m16n16k16,"dense FP16 Tensor Core HMMA normalization only; no sparsity, no WGMMA",311.86944,1510.0021756471192,73.7305749827695,True,True,True,bench_json_metadata,bench_json_metadata,False,False,False,False,False,False,Tensor HMMA/register baseline uses register operands and consumes registers; no intended global memory operation in the timed kernel,Tensor HMMA/register baseline uses register operands and consumes registers; no intended global memory operation in the timed kernel,False,False,229.94313130754333,nan,152.52526915574126,110.87808058424972,1201.892,1454.481,nvml_total_energy_counter,nvml_total_energy_counter,1202.9364140564787,1461.9070805883582,152.657809795894,111.44418599360269,average_instant,average_instant,nan,nan,152.34278688524589,111.44470588235295,400.0,400.0,1201.892,1454.481,-1.0444140564786721,-7.426080588358218,0.9991317794986713,0.9949202786641067,873.7132113588558,0.7269481878229124,0.2730518121770877,0.7269489258926255,True,41.64718857149154,328.17878864114425,0.18112018912420114,0.18111951565880627,nan,nan,0.18112018912420114,0.12074679274946742,0.09056009456210057,61,102,8,13,1410.0,0.0,41.0,100.0,100.0,100.0,100.0,True,True,True,pure_fp16_candidate_no_l2,full5s_tensor_mma_f16acc_t288_b01_rep000_test_698204c7,full5s_tensor_mma_f16acc_t288_b01_rep000_baseline_2d0bb083,results/fp16_full_sweep_a100_20260603_044813/raw/full5s_tensor_mma_f16acc_t288_b01_rep000_test_698204c7/power.csv,results/fp16_full_sweep_a100_20260603_044813/raw/full5s_tensor_mma_f16acc_t288_b01_rep000_baseline_2d0bb083/power.csv,results/fp16_full_sweep_a100_20260603_044813/raw/full5s_tensor_mma_f16acc_t288_b01_rep000_test_698204c7/sm_util.csv,results/fp16_full_sweep_a100_20260603_044813/raw/full5s_tensor_mma_f16acc_t288_b01_rep000_baseline_2d0bb083/sm_util.csv
full5s_tensor_mma_f16acc_t288_b02,0,0,NVIDIA A100-SXM4-80GB,ampere,ga100,datacenter,80,108,benchmark uses warp-level HMMA mma.sync m16n8k16 pairs,False,False,tensor_core_mma_m16n16k16_f16acc,fp16-energy-bench-v2,fp16-energy-bench-v2,"nvml_timed_energy_counter,explicit_m16n16k16_denominator,strict_denominator_provenance,tensor_no_memory_warpsync_baseline,timed_kernel_memory_provenance","nvml_timed_energy_counter,explicit_m16n16k16_denominator,strict_denominator_provenance,tensor_no_memory_warpsync_baseline,timed_kernel_memory_provenance",ce960f9677a1,ce960f9677a1,tensor_mma_f16acc,tensor_baseline_mov,216,288,576.0,2,14222222,8,6.6063525390599995,6.9603544921900005,1811939299688448.0,0.0,0.0,1811939299688448.0,905969649844224.0,905969649844224.0,2717908949532672.0,3623878599376896.0,221183996544.0,8192.0,8192.0,4096.0,4096.0,12288.0,16384.0,True,bench_json_metadata,True,logical_m16n16k16_input_bits_8192,ga100,f16acc,"A100 SXM dense FP16 Tensor Core peak, no sparsity",https://www.nvidia.com/en-us/data-center/a100/,312.0,624.0,312.0,312.0,2048.0,2048.0,2048.0,1410.0,measured_avg_sm_clock_mhz,warp-level HMMA mma.sync.aligned.m16n8k16 pair -> logical m16n16k16,"dense FP16 Tensor Core HMMA normalization only; no sparsity, no WGMMA",311.86944,1801.1049963658702,87.94457990067725,True,True,True,bench_json_metadata,bench_json_metadata,False,False,False,False,False,False,Tensor HMMA/register baseline uses register operands and consumes registers; no intended global memory operation in the timed kernel,Tensor HMMA/register baseline uses register operands and consumes registers; no intended global memory operation in the timed kernel,False,False,274.2722688465947,nan,162.94648502136775,127.28566674543586,1076.483,885.954,nvml_total_energy_counter,nvml_total_energy_counter,1085.132789422034,886.9140854412889,164.2557976463655,127.42360293120515,average_instant,average_instant,nan,nan,163.31921568627453,127.45462962962964,400.0,400.0,1076.483,885.954,-8.649789422034019,-0.9600854412889248,0.9920288194160632,0.9989174989358622,840.8939876896552,0.7811493425252932,0.21885065747470675,0.7811501225616768,True,35.66081827593189,235.58901231034474,0.13002036676993145,0.13001977351154523,nan,nan,0.13002036676993145,0.08668024451328762,0.06501018338496573,51,54,6,7,1410.0,0.0,41.0,100.0,100.0,100.0,100.0,True,True,True,pure_fp16_candidate_no_l2,full5s_tensor_mma_f16acc_t288_b02_rep000_test_6848b782,full5s_tensor_mma_f16acc_t288_b02_rep000_baseline_a3a6e461,results/fp16_full_sweep_a100_20260603_044813/raw/full5s_tensor_mma_f16acc_t288_b02_rep000_test_6848b782/power.csv,results/fp16_full_sweep_a100_20260603_044813/raw/full5s_tensor_mma_f16acc_t288_b02_rep000_baseline_a3a6e461/power.csv,results/fp16_full_sweep_a100_20260603_044813/raw/full5s_tensor_mma_f16acc_t288_b02_rep000_test_6848b782/sm_util.csv,results/fp16_full_sweep_a100_20260603_044813/raw/full5s_tensor_mma_f16acc_t288_b02_rep000_baseline_a3a6e461/sm_util.csv
full5s_tensor_mma_f16acc_t288_b04,0,0,NVIDIA A100-SXM4-80GB,ampere,ga100,datacenter,80,108,benchmark uses warp-level HMMA mma.sync m16n8k16 pairs,False,False,tensor_core_mma_m16n16k16_f16acc,fp16-energy-bench-v2,fp16-energy-bench-v2,"nvml_timed_energy_counter,explicit_m16n16k16_denominator,strict_denominator_provenance,tensor_no_memory_warpsync_baseline,timed_kernel_memory_provenance","nvml_timed_energy_counter,explicit_m16n16k16_denominator,strict_denominator_provenance,tensor_no_memory_warpsync_baseline,timed_kernel_memory_provenance",ce960f9677a1,ce960f9677a1,tensor_mma_f16acc,tensor_baseline_mov,432,288,1152.0,4,7111111,8,5.913698242190001,6.57043359375,1811939299688448.0,0.0,0.0,1811939299688448.0,905969649844224.0,905969649844224.0,2717908949532672.0,3623878599376896.0,221183996544.0,8192.0,8192.0,4096.0,4096.0,12288.0,16384.0,True,bench_json_metadata,True,logical_m16n16k16_input_bits_8192,ga100,f16acc,"A100 SXM dense FP16 Tensor Core peak, no sparsity",https://www.nvidia.com/en-us/data-center/a100/,312.0,624.0,312.0,312.0,2048.0,2048.0,2048.0,1410.0,measured_avg_sm_clock_mhz,warp-level HMMA mma.sync.aligned.m16n8k16 pair -> logical m16n16k16,"dense FP16 Tensor Core HMMA normalization only; no sparsity, no WGMMA",311.86944,2012.0631927017128,98.24527308113832,True,True,True,bench_json_metadata,bench_json_metadata,False,False,False,False,False,False,Tensor HMMA/register baseline uses register operands and consumes registers; no intended global memory operation in the timed kernel,Tensor HMMA/register baseline uses register operands and consumes registers; no intended global memory operation in the timed kernel,False,False,306.39698298461684,nan,173.80043876707973,133.11392149435832,1027.806,874.617,nvml_total_energy_counter,nvml_total_energy_counter,1026.6706524915621,879.3106988234126,173.60845322202587,133.82828750450668,average_instant,average_instant,nan,nan,173.31195652173915,133.2892156862745,400.0,400.0,1027.806,874.617,1.135347508437917,-4.69369882341266,1.0011058536695119,0.9946620701537088,787.1955635522046,0.7658989766086252,0.23410102339137487,0.7659009519115897,True,40.6865172727214,240.61043644779545,0.13279166497970818,0.13279020203264905,nan,nan,0.13279166497970818,0.08852777665313878,0.06639583248985409,46,51,5,7,1410.0,0.0,41.0,100.0,100.0,100.0,100.0,True,True,True,pure_fp16_candidate_no_l2,full5s_tensor_mma_f16acc_t288_b04_rep000_test_bd58f634,full5s_tensor_mma_f16acc_t288_b04_rep000_baseline_70f79980,results/fp16_full_sweep_a100_20260603_044813/raw/full5s_tensor_mma_f16acc_t288_b04_rep000_test_bd58f634/power.csv,results/fp16_full_sweep_a100_20260603_044813/raw/full5s_tensor_mma_f16acc_t288_b04_rep000_baseline_70f79980/power.csv,results/fp16_full_sweep_a100_20260603_044813/raw/full5s_tensor_mma_f16acc_t288_b04_rep000_test_bd58f634/sm_util.csv,results/fp16_full_sweep_a100_20260603_044813/raw/full5s_tensor_mma_f16acc_t288_b04_rep000_baseline_70f79980/sm_util.csv
full5s_tensor_mma_f16acc_t288_b08,0,0,NVIDIA A100-SXM4-80GB,ampere,ga100,datacenter,80,108,benchmark uses warp-level HMMA mma.sync m16n8k16 pairs,False,False,tensor_core_mma_m16n16k16_f16acc,fp16-energy-bench-v2,fp16-energy-bench-v2,"nvml_timed_energy_counter,explicit_m16n16k16_denominator,strict_denominator_provenance,tensor_no_memory_warpsync_baseline,timed_kernel_memory_provenance","nvml_timed_energy_counter,explicit_m16n16k16_denominator,strict_denominator_provenance,tensor_no_memory_warpsync_baseline,timed_kernel_memory_provenance",ce960f9677a1,ce960f9677a1,tensor_mma_f16acc,tensor_baseline_mov,864,288,2304.0,8,3555556,8,5.8936494140599995,5.57059912109,1811939554492416.0,0.0,0.0,1811939554492416.0,905969777246208.0,905969777246208.0,2717909331738624.0,3623879108984832.0,221184027648.0,8192.0,8192.0,4096.0,4096.0,12288.0,16384.0,True,bench_json_metadata,True,logical_m16n16k16_input_bits_8192,ga100,f16acc,"A100 SXM dense FP16 Tensor Core peak, no sparsity",https://www.nvidia.com/en-us/data-center/a100/,312.0,624.0,312.0,312.0,2048.0,2048.0,2048.0,1410.0,measured_avg_sm_clock_mhz,warp-level HMMA mma.sync.aligned.m16n8k16 pair -> logical m16n16k16,"dense FP16 Tensor Core HMMA normalization only; no sparsity, no WGMMA",311.86944,2018.9080488447528,98.5794945724977,True,True,True,bench_json_metadata,bench_json_metadata,False,False,False,False,False,False,Tensor HMMA/register baseline uses register operands and consumes registers; no intended global memory operation in the timed kernel,Tensor HMMA/register baseline uses register operands and consumes registers; no intended global memory operation in the timed kernel,False,False,307.43931767807896,nan,175.06171928588665,141.56236314267946,1031.755,788.59,nvml_total_energy_counter,nvml_total_energy_counter,1026.7586570199562,780.5895148907783,174.213971136153,140.12616996453968,average_instant,average_instant,nan,nan,174.02108695652174,139.68295454545455,400.0,400.0,1031.755,788.59,4.996342980043892,8.0004851092217,1.004866131827459,1.0102492859007224,834.3189385888016,0.8086405576796832,0.1913594423203168,0.808642595994955,True,33.499356143207194,197.43606141119847,0.10896393365975546,0.10896249834344388,nan,nan,0.10896393365975546,0.07264262243983698,0.05448196682987773,46,44,6,5,1410.0,0.0,41.0,100.0,100.0,100.0,100.0,True,True,True,pure_fp16_candidate_no_l2,full5s_tensor_mma_f16acc_t288_b08_rep000_test_a9d13857,full5s_tensor_mma_f16acc_t288_b08_rep000_baseline_b0945d53,results/fp16_full_sweep_a100_20260603_044813/raw/full5s_tensor_mma_f16acc_t288_b08_rep000_test_a9d13857/power.csv,results/fp16_full_sweep_a100_20260603_044813/raw/full5s_tensor_mma_f16acc_t288_b08_rep000_baseline_b0945d53/power.csv,results/fp16_full_sweep_a100_20260603_044813/raw/full5s_tensor_mma_f16acc_t288_b08_rep000_test_a9d13857/sm_util.csv,results/fp16_full_sweep_a100_20260603_044813/raw/full5s_tensor_mma_f16acc_t288_b08_rep000_baseline_b0945d53/sm_util.csv
full5s_tensor_mma_f16acc_t288_b08,1,0,NVIDIA A100-SXM4-80GB,ampere,ga100,datacenter,80,108,benchmark uses warp-level HMMA mma.sync m16n8k16 pairs,False,False,tensor_core_mma_m16n16k16_f16acc,fp16-energy-bench-v2,fp16-energy-bench-v2,"nvml_timed_energy_counter,explicit_m16n16k16_denominator,strict_denominator_provenance,tensor_no_memory_warpsync_baseline,timed_kernel_memory_provenance","nvml_timed_energy_counter,explicit_m16n16k16_denominator,strict_denominator_provenance,tensor_no_memory_warpsync_baseline,timed_kernel_memory_provenance",ce960f9677a1,ce960f9677a1,tensor_mma_f16acc,tensor_baseline_mov,864,288,2304.0,8,3555556,8,5.89429052734,5.56561621094,1811939554492416.0,0.0,0.0,1811939554492416.0,905969777246208.0,905969777246208.0,2717909331738624.0,3623879108984832.0,221184027648.0,8192.0,8192.0,4096.0,4096.0,12288.0,16384.0,True,bench_json_metadata,True,logical_m16n16k16_input_bits_8192,ga100,f16acc,"A100 SXM dense FP16 Tensor Core peak, no sparsity",https://www.nvidia.com/en-us/data-center/a100/,312.0,624.0,312.0,312.0,2048.0,2048.0,2048.0,1410.0,measured_avg_sm_clock_mhz,warp-level HMMA mma.sync.aligned.m16n8k16 pair -> logical m16n16k16,"dense FP16 Tensor Core HMMA normalization only; no sparsity, no WGMMA",311.86944,2018.688455196423,98.56877222638785,True,True,True,bench_json_metadata,bench_json_metadata,False,False,False,False,False,False,Tensor HMMA/register baseline uses register operands and consumes registers; no intended global memory operation in the timed kernel,Tensor HMMA/register baseline uses register operands and consumes registers; no intended global memory operation in the timed kernel,False,False,307.4058779573113,nan,174.88391990280772,139.58710538135844,1030.818,776.89,nvml_total_energy_counter,nvml_total_energy_counter,1027.333351466682,783.5174183646612,174.29273019231545,140.77788161180845,average_instant,average_instant,nan,nan,174.26239130434783,140.62372093023257,400.0,400.0,1030.818,776.89,3.4846485333180226,-6.627418364661253,1.0033919355663312,0.9915414536941708,822.7669529881514,0.7981689813217768,0.20183101867822312,0.7981700402125845,True,35.29681452144928,208.0510470118486,0.11482228890915212,0.11482153417492837,nan,nan,0.11482228890915212,0.07654819260610142,0.05741114445457606,46,43,6,5,1410.0,0.0,41.0,99.84782608695652,100.0,100.0,100.0,True,True,True,pure_fp16_candidate_no_l2,full5s_tensor_mma_f16acc_t288_b08_rep000_test_a488bf04,full5s_tensor_mma_f16acc_t288_b08_rep000_baseline_7c9327f4,results/fp16_full_sweep_a100_20260603_044813/raw/full5s_tensor_mma_f16acc_t288_b08_rep000_test_a488bf04/power.csv,results/fp16_full_sweep_a100_20260603_044813/raw/full5s_tensor_mma_f16acc_t288_b08_rep000_baseline_7c9327f4/power.csv,results/fp16_full_sweep_a100_20260603_044813/raw/full5s_tensor_mma_f16acc_t288_b08_rep000_test_a488bf04/sm_util.csv,results/fp16_full_sweep_a100_20260603_044813/raw/full5s_tensor_mma_f16acc_t288_b08_rep000_baseline_7c9327f4/sm_util.csv
full5s_tensor_mma_f16acc_t288_b08,2,1,NVIDIA A100-SXM4-80GB,ampere,ga100,datacenter,80,108,benchmark uses warp-level HMMA mma.sync m16n8k16 pairs,False,False,tensor_core_mma_m16n16k16_f16acc,fp16-energy-bench-v2,fp16-energy-bench-v2,"nvml_timed_energy_counter,explicit_m16n16k16_denominator,strict_denominator_provenance,tensor_no_memory_warpsync_baseline,timed_kernel_memory_provenance","nvml_timed_energy_counter,explicit_m16n16k16_denominator,strict_denominator_provenance,tensor_no_memory_warpsync_baseline,timed_kernel_memory_provenance",ce960f9677a1,ce960f9677a1,tensor_mma_f16acc,tensor_baseline_mov,864,288,2304.0,8,3555556,8,5.89266552734,5.56999560547,1811939554492416.0,0.0,0.0,1811939554492416.0,905969777246208.0,905969777246208.0,2717909331738624.0,3623879108984832.0,221184027648.0,8192.0,8192.0,4096.0,4096.0,12288.0,16384.0,True,bench_json_metadata,True,logical_m16n16k16_input_bits_8192,ga100,f16acc,"A100 SXM dense FP16 Tensor Core peak, no sparsity",https://www.nvidia.com/en-us/data-center/a100/,312.0,624.0,312.0,312.0,2048.0,2048.0,2048.0,1410.0,measured_avg_sm_clock_mhz,warp-level HMMA mma.sync.aligned.m16n8k16 pair -> logical m16n16k16,"dense FP16 Tensor Core HMMA normalization only; no sparsity, no WGMMA",311.86944,2019.2451419325823,98.59595419592686,True,True,True,bench_json_metadata,bench_json_metadata,False,False,False,False,False,False,Tensor HMMA/register baseline uses register operands and consumes registers; no intended global memory operation in the timed kernel,Tensor HMMA/register baseline uses register operands and consumes registers; no intended global memory operation in the timed kernel,False,False,307.4906502134936,nan,175.2183761119992,141.8362618228736,1032.505,790.029,nvml_total_energy_counter,nvml_total_energy_counter,1028.2385170182642,785.0124690161472,174.49434453852572,140.93562905867344,average_instant,average_instant,nan,nan,174.4671111111111,140.61249999999998,400.0,400.0,1032.505,790.029,4.266482981735862,5.016530983852817,1.0041493125487149,1.0063903838242723,835.7936505704179,0.8094814558480761,0.19051854415192393,0.8094828006636255,True,33.38211428912558,196.71134942958224,0.1085639688928186,0.10856302221205123,nan,nan,0.1085639688928186,0.07237597926187907,0.0542819844464093,45,44,6,5,1410.0,0.0,42.0,99.84444444444445,100.0,99.83333333333333,100.0,True,True,True,pure_fp16_candidate_no_l2,full5s_tensor_mma_f16acc_t288_b08_rep001_test_444ac8d1,full5s_tensor_mma_f16acc_t288_b08_rep001_baseline_ef4581aa,results/fp16_full_sweep_a100_20260603_044813/raw/full5s_tensor_mma_f16acc_t288_b08_rep001_test_444ac8d1/power.csv,results/fp16_full_sweep_a100_20260603_044813/raw/full5s_tensor_mma_f16acc_t288_b08_rep001_baseline_ef4581aa/power.csv,results/fp16_full_sweep_a100_20260603_044813/raw/full5s_tensor_mma_f16acc_t288_b08_rep001_test_444ac8d1/sm_util.csv,results/fp16_full_sweep_a100_20260603_044813/raw/full5s_tensor_mma_f16acc_t288_b08_rep001_baseline_ef4581aa/sm_util.csv
full5s_tensor_mma_f16acc_t288_b08,3,2,NVIDIA A100-SXM4-80GB,ampere,ga100,datacenter,80,108,benchmark uses warp-level HMMA mma.sync m16n8k16 pairs,False,False,tensor_core_mma_m16n16k16_f16acc,fp16-energy-bench-v2,fp16-energy-bench-v2,"nvml_timed_energy_counter,explicit_m16n16k16_denominator,strict_denominator_provenance,tensor_no_memory_warpsync_baseline,timed_kernel_memory_provenance","nvml_timed_energy_counter,explicit_m16n16k16_denominator,strict_denominator_provenance,tensor_no_memory_warpsync_baseline,timed_kernel_memory_provenance",ce960f9677a1,ce960f9677a1,tensor_mma_f16acc,tensor_baseline_mov,864,288,2304.0,8,3555556,8,5.89314355469,5.56984521484,1811939554492416.0,0.0,0.0,1811939554492416.0,905969777246208.0,905969777246208.0,2717909331738624.0,3623879108984832.0,221184027648.0,8192.0,8192.0,4096.0,4096.0,12288.0,16384.0,True,bench_json_metadata,True,logical_m16n16k16_input_bits_8192,ga100,f16acc,"A100 SXM dense FP16 Tensor Core peak, no sparsity",https://www.nvidia.com/en-us/data-center/a100/,312.0,624.0,312.0,312.0,2048.0,2048.0,2048.0,1410.0,measured_avg_sm_clock_mhz,warp-level HMMA mma.sync.aligned.m16n8k16 pair -> logical m16n16k16,"dense FP16 Tensor Core HMMA normalization only; no sparsity, no WGMMA",311.86944,2019.0813491460603,98.58795650127247,True,True,True,bench_json_metadata,bench_json_metadata,False,False,False,False,False,False,Tensor HMMA/register baseline uses register operands and consumes registers; no intended global memory operation in the timed kernel,Tensor HMMA/register baseline uses register operands and consumes registers; no intended global memory operation in the timed kernel,False,False,307.46570784796205,nan,175.2705390417288,141.93276693709373,1032.897,790.545,nvml_total_energy_counter,nvml_total_energy_counter,1027.0535268478945,779.2460350738539,174.27896999927307,139.90417481963922,average_instant,average_instant,nan,nan,173.9771739130435,139.81651162790698,400.0,400.0,1032.897,790.545,5.843473152105389,11.298964926146027,1.0056895507384502,1.0144998683568216,836.4301706746519,0.809790492831959,0.190209507168041,0.8097924940100861,True,33.337772104635064,196.46682932534804,0.1084290195212306,0.10842761079918602,nan,nan,0.1084290195212306,0.07228601301415373,0.0542145097606153,46,43,6,5,1410.0,0.0,42.0,100.0,100.0,100.0,100.0,True,True,True,pure_fp16_candidate_no_l2,full5s_tensor_mma_f16acc_t288_b08_rep002_test_e2598ba0,full5s_tensor_mma_f16acc_t288_b08_rep002_baseline_17649876,results/fp16_full_sweep_a100_20260603_044813/raw/full5s_tensor_mma_f16acc_t288_b08_rep002_test_e2598ba0/power.csv,results/fp16_full_sweep_a100_20260603_044813/raw/full5s_tensor_mma_f16acc_t288_b08_rep002_baseline_17649876/power.csv,results/fp16_full_sweep_a100_20260603_044813/raw/full5s_tensor_mma_f16acc_t288_b08_rep002_test_e2598ba0/sm_util.csv,results/fp16_full_sweep_a100_20260603_044813/raw/full5s_tensor_mma_f16acc_t288_b08_rep002_baseline_17649876/sm_util.csv
full5s_tensor_mma_f16acc_t288_b08,4,3,NVIDIA A100-SXM4-80GB,ampere,ga100,datacenter,80,108,benchmark uses warp-level HMMA mma.sync m16n8k16 pairs,False,False,tensor_core_mma_m16n16k16_f16acc,fp16-energy-bench-v2,fp16-energy-bench-v2,"nvml_timed_energy_counter,explicit_m16n16k16_denominator,strict_denominator_provenance,tensor_no_memory_warpsync_baseline,timed_kernel_memory_provenance","nvml_timed_energy_counter,explicit_m16n16k16_denominator,strict_denominator_provenance,tensor_no_memory_warpsync_baseline,timed_kernel_memory_provenance",ce960f9677a1,ce960f9677a1,tensor_mma_f16acc,tensor_baseline_mov,864,288,2304.0,8,3555556,8,5.89248730469,5.56779394531,1811939554492416.0,0.0,0.0,1811939554492416.0,905969777246208.0,905969777246208.0,2717909331738624.0,3623879108984832.0,221184027648.0,8192.0,8192.0,4096.0,4096.0,12288.0,16384.0,True,bench_json_metadata,True,logical_m16n16k16_input_bits_8192,ga100,f16acc,"A100 SXM dense FP16 Tensor Core peak, no sparsity",https://www.nvidia.com/en-us/data-center/a100/,312.0,624.0,312.0,312.0,2048.0,2048.0,2048.0,1410.0,measured_avg_sm_clock_mhz,warp-level HMMA mma.sync.aligned.m16n8k16 pair -> logical m16n16k16,"dense FP16 Tensor Core HMMA normalization only; no sparsity, no WGMMA",311.86944,2019.3062154999209,98.59893630370706,True,True,True,bench_json_metadata,bench_json_metadata,False,False,False,False,False,False,Tensor HMMA/register baseline uses register operands and consumes registers; no intended global memory operation in the timed kernel,Tensor HMMA/register baseline uses register operands and consumes registers; no intended global memory operation in the timed kernel,False,False,307.4999504963279,nan,175.31699006501,142.0681227518223,1033.055,791.008,nvml_total_energy_counter,nvml_total_energy_counter,1027.9342118208967,781.7173370139172,174.4479548536022,140.39948343394863,average_instant,average_instant,nan,nan,174.3195652173913,139.83659090909092,400.0,400.0,1033.055,791.008,5.120788179103329,9.290662986082793,1.0049816302640928,1.011884939154058,837.1346097162535,0.8103485387673004,0.18965146123269963,0.8103499991594736,True,33.2488673131877,195.92039028374654,0.1081274426610938,0.1081264151734709,nan,nan,0.1081274426610938,0.07208496177406254,0.0540637213305469,46,44,6,5,1410.0,0.0,42.0,100.0,100.0,100.0,100.0,True,True,True,pure_fp16_candidate_no_l2,full5s_tensor_mma_f16acc_t288_b08_rep003_test_9b02dff7,full5s_tensor_mma_f16acc_t288_b08_rep003_baseline_823c73e2,results/fp16_full_sweep_a100_20260603_044813/raw/full5s_tensor_mma_f16acc_t288_b08_rep003_test_9b02dff7/power.csv,results/fp16_full_sweep_a100_20260603_044813/raw/full5s_tensor_mma_f16acc_t288_b08_rep003_baseline_823c73e2/power.csv,results/fp16_full_sweep_a100_20260603_044813/raw/full5s_tensor_mma_f16acc_t288_b08_rep003_test_9b02dff7/sm_util.csv,results/fp16_full_sweep_a100_20260603_044813/raw/full5s_tensor_mma_f16acc_t288_b08_rep003_baseline_823c73e2/sm_util.csv
full5s_tensor_mma_f16acc_t320_b01,0,0,NVIDIA A100-SXM4-80GB,ampere,ga100,datacenter,80,108,benchmark uses warp-level HMMA mma.sync m16n8k16 pairs,False,False,tensor_core_mma_m16n16k16_f16acc,fp16-energy-bench-v2,fp16-energy-bench-v2,"nvml_timed_energy_counter,explicit_m16n16k16_denominator,strict_denominator_provenance,tensor_no_memory_warpsync_baseline,timed_kernel_memory_provenance","nvml_timed_energy_counter,explicit_m16n16k16_denominator,strict_denominator_provenance,tensor_no_memory_warpsync_baseline,timed_kernel_memory_provenance",ce960f9677a1,ce960f9677a1,tensor_mma_f16acc,tensor_baseline_mov,108,320,320.0,1,25600000,8,7.09096337891,11.8061513672,1811939328000000.0,0.0,0.0,1811939328000000.0,905969664000000.0,905969664000000.0,2717908992000000.0,3623878656000000.0,221184000000.0,8192.0,8192.0,4096.0,4096.0,12288.0,16384.0,True,bench_json_metadata,True,logical_m16n16k16_input_bits_8192,ga100,f16acc,"A100 SXM dense FP16 Tensor Core peak, no sparsity",https://www.nvidia.com/en-us/data-center/a100/,312.0,624.0,312.0,312.0,2048.0,2048.0,2048.0,1410.0,measured_avg_sm_clock_mhz,warp-level HMMA mma.sync.aligned.m16n8k16 pair -> logical m16n16k16,"dense FP16 Tensor Core HMMA normalization only; no sparsity, no WGMMA",311.86944,1678.0138488886237,81.93426996526483,True,True,True,bench_json_metadata,bench_json_metadata,False,False,False,False,False,False,Tensor HMMA/register baseline uses register operands and consumes registers; no intended global memory operation in the timed kernel,Tensor HMMA/register baseline uses register operands and consumes registers; no intended global memory operation in the timed kernel,False,False,255.5279489087596,nan,158.0229910794381,114.03564588204208,1120.537,1346.324,nvml_total_energy_counter,nvml_total_energy_counter,1129.2198725079195,1340.0469483716008,159.24748744579,113.50397027002043,average_instant,average_instant,nan,nan,158.47854545454544,113.49296703296704,400.0,400.0,1120.537,1346.324,-8.682872507919456,6.277051628399249,0.992310733525584,1.0046842027706768,808.6225888399093,0.7216384544552382,0.2783615455447617,0.7216395861328584,True,43.987345197396024,311.9144111600907,0.17214395997705875,0.17214299017092027,nan,nan,0.17214395997705875,0.11476263998470583,0.08607197998852938,55,91,7,12,1410.0,0.0,41.0,99.89090909090909,100.0,99.85714285714286,100.0,True,True,True,pure_fp16_candidate_no_l2,full5s_tensor_mma_f16acc_t320_b01_rep000_test_ec02c144,full5s_tensor_mma_f16acc_t320_b01_rep000_baseline_54dce92e,results/fp16_full_sweep_a100_20260603_044813/raw/full5s_tensor_mma_f16acc_t320_b01_rep000_test_ec02c144/power.csv,results/fp16_full_sweep_a100_20260603_044813/raw/full5s_tensor_mma_f16acc_t320_b01_rep000_baseline_54dce92e/power.csv,results/fp16_full_sweep_a100_20260603_044813/raw/full5s_tensor_mma_f16acc_t320_b01_rep000_test_ec02c144/sm_util.csv,results/fp16_full_sweep_a100_20260603_044813/raw/full5s_tensor_mma_f16acc_t320_b01_rep000_baseline_54dce92e/sm_util.csv
full5s_tensor_mma_f16acc_t320_b02,0,0,NVIDIA A100-SXM4-80GB,ampere,ga100,datacenter,80,108,benchmark uses warp-level HMMA mma.sync m16n8k16 pairs,False,False,tensor_core_mma_m16n16k16_f16acc,fp16-energy-bench-v2,fp16-energy-bench-v2,"nvml_timed_energy_counter,explicit_m16n16k16_denominator,strict_denominator_provenance,tensor_no_memory_warpsync_baseline,timed_kernel_memory_provenance","nvml_timed_energy_counter,explicit_m16n16k16_denominator,strict_denominator_provenance,tensor_no_memory_warpsync_baseline,timed_kernel_memory_provenance",ce960f9677a1,ce960f9677a1,tensor_mma_f16acc,tensor_baseline_mov,216,320,640.0,2,12800000,8,5.94397509766,6.2643261718800005,1811939328000000.0,0.0,0.0,1811939328000000.0,905969664000000.0,905969664000000.0,2717908992000000.0,3623878656000000.0,221184000000.0,8192.0,8192.0,4096.0,4096.0,12288.0,16384.0,True,bench_json_metadata,True,logical_m16n16k16_input_bits_8192,ga100,f16acc,"A100 SXM dense FP16 Tensor Core peak, no sparsity",https://www.nvidia.com/en-us/data-center/a100/,312.0,624.0,312.0,312.0,2048.0,2048.0,2048.0,1410.0,measured_avg_sm_clock_mhz,warp-level HMMA mma.sync.aligned.m16n8k16 pair -> logical m16n16k16,"dense FP16 Tensor Core HMMA normalization only; no sparsity, no WGMMA",311.86944,2001.814367704416,97.7448421730672,True,True,True,bench_json_metadata,bench_json_metadata,False,False,False,False,False,False,Tensor HMMA/register baseline uses register operands and consumes registers; no intended global memory operation in the timed kernel,Tensor HMMA/register baseline uses register operands and consumes registers; no intended global memory operation in the timed kernel,False,False,304.8362919140285,nan,172.6318156356294,132.46170191275857,1026.121,829.785,nvml_total_energy_counter,nvml_total_energy_counter,1031.3881627350556,821.7806519924733,173.5179488169998,131.18393772109567,average_instant,average_instant,nan,nan,173.14021739130433,131.20416666666668,400.0,400.0,1026.121,829.785,-5.2671627350555354,8.004348007526687,0.9948931324545282,1.0097402487976803,787.349057563099,0.7673062509812185,0.23269374901878148,0.7673075871040069,True,40.17011372287084,238.7719424369011,0.13177700751186583,0.1317760213872429,nan,nan,0.13177700751186583,0.08785133834124388,0.06588850375593291,46,48,6,6,1410.0,0.0,41.0,99.91304347826087,100.0,100.0,100.0,True,True,True,pure_fp16_candidate_no_l2,full5s_tensor_mma_f16acc_t320_b02_rep000_test_87e95fdb,full5s_tensor_mma_f16acc_t320_b02_rep000_baseline_d96c3f2f,results/fp16_full_sweep_a100_20260603_044813/raw/full5s_tensor_mma_f16acc_t320_b02_rep000_test_87e95fdb/power.csv,results/fp16_full_sweep_a100_20260603_044813/raw/full5s_tensor_mma_f16acc_t320_b02_rep000_baseline_d96c3f2f/power.csv,results/fp16_full_sweep_a100_20260603_044813/raw/full5s_tensor_mma_f16acc_t320_b02_rep000_test_87e95fdb/sm_util.csv,results/fp16_full_sweep_a100_20260603_044813/raw/full5s_tensor_mma_f16acc_t320_b02_rep000_baseline_d96c3f2f/sm_util.csv
full5s_tensor_mma_f16acc_t320_b04,0,0,NVIDIA A100-SXM4-80GB,ampere,ga100,datacenter,80,108,benchmark uses warp-level HMMA mma.sync m16n8k16 pairs,False,False,tensor_core_mma_m16n16k16_f16acc,fp16-energy-bench-v2,fp16-energy-bench-v2,"nvml_timed_energy_counter,explicit_m16n16k16_denominator,strict_denominator_provenance,tensor_no_memory_warpsync_baseline,timed_kernel_memory_provenance","nvml_timed_energy_counter,explicit_m16n16k16_denominator,strict_denominator_provenance,tensor_no_memory_warpsync_baseline,timed_kernel_memory_provenance",ce960f9677a1,ce960f9677a1,tensor_mma_f16acc,tensor_baseline_mov,432,320,1280.0,4,6400000,8,5.9086767578099995,6.20497900391,1811939328000000.0,0.0,0.0,1811939328000000.0,905969664000000.0,905969664000000.0,2717908992000000.0,3623878656000000.0,221184000000.0,8192.0,8192.0,4096.0,4096.0,12288.0,16384.0,True,bench_json_metadata,True,logical_m16n16k16_input_bits_8192,ga100,f16acc,"A100 SXM dense FP16 Tensor Core peak, no sparsity",https://www.nvidia.com/en-us/data-center/a100/,312.0,624.0,312.0,312.0,2048.0,2048.0,2048.0,1410.0,measured_avg_sm_clock_mhz,warp-level HMMA mma.sync.aligned.m16n8k16 pair -> logical m16n16k16,"dense FP16 Tensor Core HMMA normalization only; no sparsity, no WGMMA",311.86944,2013.7731745175402,98.32876828698926,True,True,True,bench_json_metadata,bench_json_metadata,False,False,False,False,False,False,Tensor HMMA/register baseline uses register operands and consumes registers; no intended global memory operation in the timed kernel,Tensor HMMA/register baseline uses register operands and consumes registers; no intended global memory operation in the timed kernel,False,False,306.657379015531,nan,174.3086676492511,135.87542916338484,1029.938,843.109,nvml_total_energy_counter,nvml_total_energy_counter,1028.3455069449155,841.719702868112,174.0391510932327,135.6515300660786,average_instant,average_instant,nan,nan,173.67413043478263,135.30854166666668,400.0,400.0,1029.938,843.109,1.5924930550845602,1.3892971318880427,1.001548597280126,1.001650546051321,802.843990255151,0.779507106500732,0.220492893499268,0.779510456914267,True,38.43323848586627,227.09400974484913,0.1253320164950077,0.12532957338006787,nan,nan,0.1253320164950077,0.08355467766333845,0.06266600824750385,46,48,5,6,1410.0,0.0,42.0,100.0,100.0,100.0,100.0,True,True,True,pure_fp16_candidate_no_l2,full5s_tensor_mma_f16acc_t320_b04_rep000_test_ee24324c,full5s_tensor_mma_f16acc_t320_b04_rep000_baseline_d789148e,results/fp16_full_sweep_a100_20260603_044813/raw/full5s_tensor_mma_f16acc_t320_b04_rep000_test_ee24324c/power.csv,results/fp16_full_sweep_a100_20260603_044813/raw/full5s_tensor_mma_f16acc_t320_b04_rep000_baseline_d789148e/power.csv,results/fp16_full_sweep_a100_20260603_044813/raw/full5s_tensor_mma_f16acc_t320_b04_rep000_test_ee24324c/sm_util.csv,results/fp16_full_sweep_a100_20260603_044813/raw/full5s_tensor_mma_f16acc_t320_b04_rep000_baseline_d789148e/sm_util.csv
full5s_tensor_mma_f16acc_t320_b08,0,0,NVIDIA A100-SXM4-80GB,ampere,ga100,datacenter,80,108,benchmark uses warp-level HMMA mma.sync m16n8k16 pairs,False,False,tensor_core_mma_m16n16k16_f16acc,fp16-energy-bench-v2,fp16-energy-bench-v2,"nvml_timed_energy_counter,explicit_m16n16k16_denominator,strict_denominator_provenance,tensor_no_memory_warpsync_baseline,timed_kernel_memory_provenance","nvml_timed_energy_counter,explicit_m16n16k16_denominator,strict_denominator_provenance,tensor_no_memory_warpsync_baseline,timed_kernel_memory_provenance",ce960f9677a1,ce960f9677a1,tensor_mma_f16acc,tensor_baseline_mov,864,320,2560.0,8,3200000,8,5.89128710938,5.45889794922,1811939328000000.0,0.0,0.0,1811939328000000.0,905969664000000.0,905969664000000.0,2717908992000000.0,3623878656000000.0,221184000000.0,8192.0,8192.0,4096.0,4096.0,12288.0,16384.0,True,bench_json_metadata,True,logical_m16n16k16_input_bits_8192,ga100,f16acc,"A100 SXM dense FP16 Tensor Core peak, no sparsity",https://www.nvidia.com/en-us/data-center/a100/,312.0,624.0,312.0,312.0,2048.0,2048.0,2048.0,1410.0,measured_avg_sm_clock_mhz,warp-level HMMA mma.sync.aligned.m16n8k16 pair -> logical m16n16k16,"dense FP16 Tensor Core HMMA normalization only; no sparsity, no WGMMA",311.86944,2019.7173437410818,98.6190109248575,True,True,True,bench_json_metadata,bench_json_metadata,False,False,False,False,False,False,Tensor HMMA/register baseline uses register operands and consumes registers; no intended global memory operation in the timed kernel,Tensor HMMA/register baseline uses register operands and consumes registers; no intended global memory operation in the timed kernel,False,False,307.56255710489194,nan,175.53141804203042,140.20288704085755,1034.108,765.355,nvml_total_energy_counter,nvml_total_energy_counter,1028.352642127765,762.8461436738745,174.5544928769096,139.74329783049959,average_instant,average_instant,nan,nan,174.37065217391304,139.2341860465116,400.0,400.0,1034.108,765.355,5.755357872234981,2.5088563261255103,1.0055966772840945,1.003288810393722,825.9754611216644,0.7987322998387638,0.20126770016123616,0.7987338597543058,True,35.32853100117288,208.1325388783356,0.11486727820410529,0.11486616359846541,nan,nan,0.11486727820410529,0.07657818546940354,0.057433639102052646,46,43,6,5,1410.0,0.0,42.0,100.0,100.0,100.0,100.0,True,True,True,pure_fp16_candidate_no_l2,full5s_tensor_mma_f16acc_t320_b08_rep000_test_ac96d6a8,full5s_tensor_mma_f16acc_t320_b08_rep000_baseline_5a9a297b,results/fp16_full_sweep_a100_20260603_044813/raw/full5s_tensor_mma_f16acc_t320_b08_rep000_test_ac96d6a8/power.csv,results/fp16_full_sweep_a100_20260603_044813/raw/full5s_tensor_mma_f16acc_t320_b08_rep000_baseline_5a9a297b/power.csv,results/fp16_full_sweep_a100_20260603_044813/raw/full5s_tensor_mma_f16acc_t320_b08_rep000_test_ac96d6a8/sm_util.csv,results/fp16_full_sweep_a100_20260603_044813/raw/full5s_tensor_mma_f16acc_t320_b08_rep000_baseline_5a9a297b/sm_util.csv
full5s_tensor_mma_f16acc_t320_b08,1,0,NVIDIA A100-SXM4-80GB,ampere,ga100,datacenter,80,108,benchmark uses warp-level HMMA mma.sync m16n8k16 pairs,False,False,tensor_core_mma_m16n16k16_f16acc,fp16-energy-bench-v2,fp16-energy-bench-v2,"nvml_timed_energy_counter,explicit_m16n16k16_denominator,strict_denominator_provenance,tensor_no_memory_warpsync_baseline,timed_kernel_memory_provenance","nvml_timed_energy_counter,explicit_m16n16k16_denominator,strict_denominator_provenance,tensor_no_memory_warpsync_baseline,timed_kernel_memory_provenance",ce960f9677a1,ce960f9677a1,tensor_mma_f16acc,tensor_baseline_mov,864,320,2560.0,8,3200000,8,5.89156347656,5.46186230469,1811939328000000.0,0.0,0.0,1811939328000000.0,905969664000000.0,905969664000000.0,2717908992000000.0,3623878656000000.0,221184000000.0,8192.0,8192.0,4096.0,4096.0,12288.0,16384.0,True,bench_json_metadata,True,logical_m16n16k16_input_bits_8192,ga100,f16acc,"A100 SXM dense FP16 Tensor Core peak, no sparsity",https://www.nvidia.com/en-us/data-center/a100/,312.0,624.0,312.0,312.0,2048.0,2048.0,2048.0,1410.0,measured_avg_sm_clock_mhz,warp-level HMMA mma.sync.aligned.m16n8k16 pair -> logical m16n16k16,"dense FP16 Tensor Core HMMA normalization only; no sparsity, no WGMMA",311.86944,2019.6226008788674,98.61438480853845,True,True,True,bench_json_metadata,bench_json_metadata,False,False,False,False,False,False,Tensor HMMA/register baseline uses register operands and consumes registers; no intended global memory operation in the timed kernel,Tensor HMMA/register baseline uses register operands and consumes registers; no intended global memory operation in the timed kernel,False,False,307.5481296618339,nan,172.38523974850378,140.09713897558174,1015.62,765.193,nvml_total_energy_counter,nvml_total_energy_counter,1028.059690117343,771.5783908509992,174.49667804557873,141.26622310137202,average_instant,average_instant,nan,nan,174.47608695652175,140.93309523809523,400.0,400.0,1015.62,765.193,-12.439690117343048,-6.385390850999215,0.9878998367148086,0.9917242487260995,825.3911871590878,0.8126968621719618,0.1873031378280382,0.8126979965336488,True,32.288100772922036,190.22881284091216,0.10498630384654478,0.10498552148057144,nan,nan,0.10498630384654478,0.06999086923102985,0.05249315192327239,46,42,6,5,1410.0,0.0,41.0,100.0,100.0,100.0,100.0,True,True,True,pure_fp16_candidate_no_l2,full5s_tensor_mma_f16acc_t320_b08_rep000_test_509c5169,full5s_tensor_mma_f16acc_t320_b08_rep000_baseline_bc9097f0,results/fp16_full_sweep_a100_20260603_044813/raw/full5s_tensor_mma_f16acc_t320_b08_rep000_test_509c5169/power.csv,results/fp16_full_sweep_a100_20260603_044813/raw/full5s_tensor_mma_f16acc_t320_b08_rep000_baseline_bc9097f0/power.csv,results/fp16_full_sweep_a100_20260603_044813/raw/full5s_tensor_mma_f16acc_t320_b08_rep000_test_509c5169/sm_util.csv,results/fp16_full_sweep_a100_20260603_044813/raw/full5s_tensor_mma_f16acc_t320_b08_rep000_baseline_bc9097f0/sm_util.csv
full5s_tensor_mma_f16acc_t320_b08,2,1,NVIDIA A100-SXM4-80GB,ampere,ga100,datacenter,80,108,benchmark uses warp-level HMMA mma.sync m16n8k16 pairs,False,False,tensor_core_mma_m16n16k16_f16acc,fp16-energy-bench-v2,fp16-energy-bench-v2,"nvml_timed_energy_counter,explicit_m16n16k16_denominator,strict_denominator_provenance,tensor_no_memory_warpsync_baseline,timed_kernel_memory_provenance","nvml_timed_energy_counter,explicit_m16n16k16_denominator,strict_denominator_provenance,tensor_no_memory_warpsync_baseline,timed_kernel_memory_provenance",ce960f9677a1,ce960f9677a1,tensor_mma_f16acc,tensor_baseline_mov,864,320,2560.0,8,3200000,8,5.89119287109,5.45974267578,1811939328000000.0,0.0,0.0,1811939328000000.0,905969664000000.0,905969664000000.0,2717908992000000.0,3623878656000000.0,221184000000.0,8192.0,8192.0,4096.0,4096.0,12288.0,16384.0,True,bench_json_metadata,True,logical_m16n16k16_input_bits_8192,ga100,f16acc,"A100 SXM dense FP16 Tensor Core peak, no sparsity",https://www.nvidia.com/en-us/data-center/a100/,312.0,624.0,312.0,312.0,2048.0,2048.0,2048.0,1410.0,measured_avg_sm_clock_mhz,warp-level HMMA mma.sync.aligned.m16n8k16 pair -> logical m16n16k16,"dense FP16 Tensor Core HMMA normalization only; no sparsity, no WGMMA",311.86944,2019.7496520889702,98.62058848090675,True,True,True,bench_json_metadata,bench_json_metadata,False,False,False,False,False,False,Tensor HMMA/register baseline uses register operands and consumes registers; no intended global memory operation in the timed kernel,Tensor HMMA/register baseline uses register operands and consumes registers; no intended global memory operation in the timed kernel,False,False,307.56747702010836,nan,175.64775351882597,142.6850976891981,1034.777,779.026,nvml_total_energy_counter,nvml_total_energy_counter,1028.388492366843,773.3368091755684,174.56333918211195,141.6430750242851,average_instant,average_instant,nan,nan,174.25369565217392,141.27046511627907,400.0,400.0,1034.777,779.026,6.388507633157133,5.689190824431535,1.0062121539482165,1.007356679207468,840.5854303173842,0.8123348608612138,0.1876651391387863,0.8123365931571968,True,32.96265582962786,194.19156968261586,0.10717332897507253,0.10717211113798228,nan,nan,0.10717332897507253,0.07144888598338169,0.05358666448753627,46,43,6,5,1410.0,0.0,42.0,100.0,100.0,100.0,100.0,True,True,True,pure_fp16_candidate_no_l2,full5s_tensor_mma_f16acc_t320_b08_rep001_test_09ed7b92,full5s_tensor_mma_f16acc_t320_b08_rep001_baseline_29f52cad,results/fp16_full_sweep_a100_20260603_044813/raw/full5s_tensor_mma_f16acc_t320_b08_rep001_test_09ed7b92/power.csv,results/fp16_full_sweep_a100_20260603_044813/raw/full5s_tensor_mma_f16acc_t320_b08_rep001_baseline_29f52cad/power.csv,results/fp16_full_sweep_a100_20260603_044813/raw/full5s_tensor_mma_f16acc_t320_b08_rep001_test_09ed7b92/sm_util.csv,results/fp16_full_sweep_a100_20260603_044813/raw/full5s_tensor_mma_f16acc_t320_b08_rep001_baseline_29f52cad/sm_util.csv
full5s_tensor_mma_f16acc_t320_b08,3,2,NVIDIA A100-SXM4-80GB,ampere,ga100,datacenter,80,108,benchmark uses warp-level HMMA mma.sync m16n8k16 pairs,False,False,tensor_core_mma_m16n16k16_f16acc,fp16-energy-bench-v2,fp16-energy-bench-v2,"nvml_timed_energy_counter,explicit_m16n16k16_denominator,strict_denominator_provenance,tensor_no_memory_warpsync_baseline,timed_kernel_memory_provenance","nvml_timed_energy_counter,explicit_m16n16k16_denominator,strict_denominator_provenance,tensor_no_memory_warpsync_baseline,timed_kernel_memory_provenance",ce960f9677a1,ce960f9677a1,tensor_mma_f16acc,tensor_baseline_mov,864,320,2560.0,8,3200000,8,5.891477539059999,5.4614282226599995,1811939328000000.0,0.0,0.0,1811939328000000.0,905969664000000.0,905969664000000.0,2717908992000000.0,3623878656000000.0,221184000000.0,8192.0,8192.0,4096.0,4096.0,12288.0,16384.0,True,bench_json_metadata,True,logical_m16n16k16_input_bits_8192,ga100,f16acc,"A100 SXM dense FP16 Tensor Core peak, no sparsity",https://www.nvidia.com/en-us/data-center/a100/,312.0,624.0,312.0,312.0,2048.0,2048.0,2048.0,1410.0,measured_avg_sm_clock_mhz,warp-level HMMA mma.sync.aligned.m16n8k16 pair -> logical m16n16k16,"dense FP16 Tensor Core HMMA normalization only; no sparsity, no WGMMA",311.86944,2019.6520606054155,98.61582327174881,True,True,True,bench_json_metadata,bench_json_metadata,False,False,False,False,False,False,Tensor HMMA/register baseline uses register operands and consumes registers; no intended global memory operation in the timed kernel,Tensor HMMA/register baseline uses register operands and consumes registers; no intended global memory operation in the timed kernel,False,False,307.5526157889927,nan,175.65021882576883,142.64252119061936,1034.852,779.034,nvml_total_energy_counter,nvml_total_energy_counter,1028.1365855013214,773.0921508616825,174.51038044675553,141.55455796741742,average_instant,average_instant,nan,nan,174.205,141.17023255813953,400.0,400.0,1034.852,779.034,6.715414498678683,5.94184913831748,1.006531636548469,1.0076858226172583,840.375209709424,0.8120728468509738,0.18792715314902622,0.8120827980983587,True,33.00769763514947,194.4767902905761,0.10733074076229561,0.10732374215212516,nan,nan,0.10733074076229561,0.07155382717486374,0.053665370381147805,46,43,6,5,1410.0,0.0,42.0,100.0,100.0,100.0,100.0,True,True,True,pure_fp16_candidate_no_l2,full5s_tensor_mma_f16acc_t320_b08_rep002_test_1fdb2bcd,full5s_tensor_mma_f16acc_t320_b08_rep002_baseline_c26af48c,results/fp16_full_sweep_a100_20260603_044813/raw/full5s_tensor_mma_f16acc_t320_b08_rep002_test_1fdb2bcd/power.csv,results/fp16_full_sweep_a100_20260603_044813/raw/full5s_tensor_mma_f16acc_t320_b08_rep002_baseline_c26af48c/power.csv,results/fp16_full_sweep_a100_20260603_044813/raw/full5s_tensor_mma_f16acc_t320_b08_rep002_test_1fdb2bcd/sm_util.csv,results/fp16_full_sweep_a100_20260603_044813/raw/full5s_tensor_mma_f16acc_t320_b08_rep002_baseline_c26af48c/sm_util.csv
full5s_tensor_mma_f16acc_t320_b08,4,3,NVIDIA A100-SXM4-80GB,ampere,ga100,datacenter,80,108,benchmark uses warp-level HMMA mma.sync m16n8k16 pairs,False,False,tensor_core_mma_m16n16k16_f16acc,fp16-energy-bench-v2,fp16-energy-bench-v2,"nvml_timed_energy_counter,explicit_m16n16k16_denominator,strict_denominator_provenance,tensor_no_memory_warpsync_baseline,timed_kernel_memory_provenance","nvml_timed_energy_counter,explicit_m16n16k16_denominator,strict_denominator_provenance,tensor_no_memory_warpsync_baseline,timed_kernel_memory_provenance",ce960f9677a1,ce960f9677a1,tensor_mma_f16acc,tensor_baseline_mov,864,320,2560.0,8,3200000,8,5.890611328119999,5.46087109375,1811939328000000.0,0.0,0.0,1811939328000000.0,905969664000000.0,905969664000000.0,2717908992000000.0,3623878656000000.0,221184000000.0,8192.0,8192.0,4096.0,4096.0,12288.0,16384.0,True,bench_json_metadata,True,logical_m16n16k16_input_bits_8192,ga100,f16acc,"A100 SXM dense FP16 Tensor Core peak, no sparsity",https://www.nvidia.com/en-us/data-center/a100/,312.0,624.0,312.0,312.0,2048.0,2048.0,2048.0,1410.0,measured_avg_sm_clock_mhz,warp-level HMMA mma.sync.aligned.m16n8k16 pair -> logical m16n16k16,"dense FP16 Tensor Core HMMA normalization only; no sparsity, no WGMMA",311.86944,2019.9490492560735,98.63032467070671,True,True,True,bench_json_metadata,bench_json_metadata,False,False,False,False,False,False,Tensor HMMA/register baseline uses register operands and consumes registers; no intended global memory operation in the timed kernel,Tensor HMMA/register baseline uses register operands and consumes registers; no intended global memory operation in the timed kernel,False,False,307.5978412207149,nan,172.85402920657248,142.60293962898606,1018.221,778.738,nvml_total_energy_counter,nvml_total_energy_counter,1026.2430836142041,768.4747159350271,174.2158646777985,140.72352129070993,average_instant,average_instant,nan,nan,173.69565217391303,140.33093023255813,400.0,400.0,1018.221,778.738,-8.02208361420412,10.263284064972936,0.9921830570726459,1.0133553958928698,840.0184916017178,0.8249864141494997,0.17501358585050028,0.8249905442387213,True,30.251089577586413,178.20250839828225,0.0983490482515109,0.09834623499805363,nan,nan,0.0983490482515109,0.06556603216767394,0.04917452412575545,46,43,6,5,1410.0,0.0,42.0,100.0,100.0,100.0,100.0,True,True,True,pure_fp16_candidate_no_l2,full5s_tensor_mma_f16acc_t320_b08_rep003_test_9a157560,full5s_tensor_mma_f16acc_t320_b08_rep003_baseline_5aafc6e9,results/fp16_full_sweep_a100_20260603_044813/raw/full5s_tensor_mma_f16acc_t320_b08_rep003_test_9a157560/power.csv,results/fp16_full_sweep_a100_20260603_044813/raw/full5s_tensor_mma_f16acc_t320_b08_rep003_baseline_5aafc6e9/power.csv,results/fp16_full_sweep_a100_20260603_044813/raw/full5s_tensor_mma_f16acc_t320_b08_rep003_test_9a157560/sm_util.csv,results/fp16_full_sweep_a100_20260603_044813/raw/full5s_tensor_mma_f16acc_t320_b08_rep003_baseline_5aafc6e9/sm_util.csv
