architecture_chip,architecture_generation,architecture_measurement_note,bench_build_git_commit,bench_json,benchmark_uses_wgmma,blocks,blocks_per_sm_requested,cache_policy,compute_capability,condition,cuda_device_index,cuda_elapsed_ms,cuda_visible_devices,device_index,device_name,driver_version,estimated_memory_gbps,estimated_tflops,fp16_ops_estimate,fp16_path,fp16_tensor_instruction_path,gpu_product_class,gpu_uuid,host_end_unix_ns,host_start_unix_ns,iters,kernel,l2_cache_bytes,mem_mib,mem_stride,memory_bytes_estimate,nvidia_smi_dmon_id,nvidia_smi_id,nvidia_smi_index,nvidia_smi_name,nvidia_smi_power_limit_w,nvml_energy_delta_j,nvml_energy_end_mj,nvml_energy_note,nvml_energy_start_mj,nvml_energy_supported,pci_bus_id,power_csv,power_logger_errors,recommended_cuda_arch,regs_per_block,repeat_index,repeats,role,run_id,runner_wall_end_unix_ns,runner_wall_start_unix_ns,schema_features,schema_version,shared_mem_per_block,sm_count,sm_util_csv,sm_util_logger_errors,suppress_output_store,threads,timed_kernel_global_input_loads,timed_kernel_global_output_stores,timed_kernel_has_intended_global_memory,timed_kernel_memory_provenance_note,unroll,validity_note,warmup,wgmma_supported,benchmark_schema_version,benchmark_schema_features,power_energy_j,avg_power_w,energy_source,power_trace_energy_j,power_trace_avg_power_w,power_trace_query_modes,avg_power_draw_w,avg_power_draw_average_w,avg_power_draw_instant_w,avg_power_limit_w,nvml_energy_counter_supported,energy_counter_vs_trace_delta_j,energy_counter_vs_trace_ratio,power_sample_count,sm_util_sample_count,avg_sm_clock_mhz,min_sm_clock_mhz,max_sm_clock_mhz,avg_temp_c,max_temp_c,avg_gpu_util_pct,max_gpu_util_pct,avg_sm_util_pct,max_sm_util_pct,mma_accumulator_bits_per_logical_mma,mma_arithmetic_read_bits_per_logical_mma,mma_flops_per_logical_mma,mma_input_bits_per_logical_mma,mma_instructions_per_logical_mma,mma_k,mma_logical_count_estimate,mma_logical_shape,mma_m,mma_n,mma_output_bits_per_logical_mma,mma_register_read_write_bits_per_logical_mma
ga100,ampere,"A100/GA100 path uses warp-level HMMA m16n8k16 pairs; compare against H100/RTX3090 only with the same logical m16n16k16 workload, clock policy, and baseline subtraction",ce960f9677a1,results/fp16_long_sweep_a100_20260603_034822/raw/long5s_tensor_mma_f16acc_t128_b1_rep000_baseline_04de43bb/bench.json,False,108,1,none,8.0,long5s_tensor_mma_f16acc_t128_b1,0,28165.65625,,0,NVIDIA A100-SXM4-80GB,580.159.03,0,0,0,baseline_or_memory,benchmark uses warp-level HMMA mma.sync m16n8k16 pairs,datacenter,GPU-736f9b27-a462-1683-4dae-8866344ef6f4,1780458596988919460,1780458568823374486,64000000,tensor_baseline_mov,41943040,256,1,0,0,0,0,NVIDIA A100-SXM4-80GB,400.0,2916.914,143030373696,nvmlDeviceGetTotalEnergyConsumption available via CUDA PCI bus id 0000:00:06.0,143027456782,True,00000000:00:06.0,results/fp16_long_sweep_a100_20260603_034822/raw/long5s_tensor_mma_f16acc_t128_b1_rep000_baseline_04de43bb/power.csv,[],80,65536,0,10,baseline,long5s_tensor_mma_f16acc_t128_b1_rep000_baseline_04de43bb,1780458597094587198,1780458562886188063,"['nvml_timed_energy_counter', 'explicit_m16n16k16_denominator', 'strict_denominator_provenance', 'tensor_no_memory_warpsync_baseline', 'timed_kernel_memory_provenance']",fp16-energy-bench-v2,49152,108,results/fp16_long_sweep_a100_20260603_034822/raw/long5s_tensor_mma_f16acc_t128_b1_rep000_baseline_04de43bb/sm_util.csv,[],True,128,False,False,False,Tensor HMMA/register baseline uses register operands and consumes registers; no intended global memory operation in the timed kernel,8,unchecked; run Nsight Compute validation separately,2,False,fp16-energy-bench-v2,"nvml_timed_energy_counter,explicit_m16n16k16_denominator,strict_denominator_provenance,tensor_no_memory_warpsync_baseline,timed_kernel_memory_provenance",2916.914,103.56320116272003,nvml_total_energy_counter,2919.961877416324,103.67141413779783,average_instant,103.67129032258066,nan,103.67129032258066,400.0,True,-3.0478774163238995,0.9989561927366597,217,28,1410.0,1410.0,1410.0,33.516129032258064,34.0,100.0,100.0,100.0,100.0,,,,,,,,,,,,
ga100,ampere,"A100/GA100 path uses warp-level HMMA m16n8k16 pairs; compare against H100/RTX3090 only with the same logical m16n16k16 workload, clock policy, and baseline subtraction",ce960f9677a1,results/fp16_long_sweep_a100_20260603_034822/raw/long5s_tensor_mma_f16acc_t128_b1_rep000_test_8bef01a0/bench.json,False,108,1,none,8.0,long5s_tensor_mma_f16acc_t128_b1,0,8907.23339844,,0,NVIDIA A100-SXM4-80GB,580.159.03,0,203.423357955,1811939328000000,tensor_core_mma_m16n16k16_f16acc,benchmark uses warp-level HMMA mma.sync m16n8k16 pairs,datacenter,GPU-736f9b27-a462-1683-4dae-8866344ef6f4,1780458625168309835,1780458616261071652,64000000,tensor_mma_f16acc,41943040,256,1,0,0,0,0,NVIDIA A100-SXM4-80GB,400.0,1253.391,143034268957,nvmlDeviceGetTotalEnergyConsumption available via CUDA PCI bus id 0000:00:06.0,143033015566,True,00000000:00:06.0,results/fp16_long_sweep_a100_20260603_034822/raw/long5s_tensor_mma_f16acc_t128_b1_rep000_test_8bef01a0/power.csv,[],80,65536,0,1,test,long5s_tensor_mma_f16acc_t128_b1_rep000_test_8bef01a0,1780458625274935311,1780458598228078137,"['nvml_timed_energy_counter', 'explicit_m16n16k16_denominator', 'strict_denominator_provenance', 'tensor_no_memory_warpsync_baseline', 'timed_kernel_memory_provenance']",fp16-energy-bench-v2,49152,108,results/fp16_long_sweep_a100_20260603_034822/raw/long5s_tensor_mma_f16acc_t128_b1_rep000_test_8bef01a0/sm_util.csv,[],True,128,False,False,False,Tensor HMMA/register baseline uses register operands and consumes registers; no intended global memory operation in the timed kernel,8,unchecked; run Nsight Compute validation separately,2,False,fp16-energy-bench-v2,"nvml_timed_energy_counter,explicit_m16n16k16_denominator,strict_denominator_provenance,tensor_no_memory_warpsync_baseline,timed_kernel_memory_provenance",1253.391,140.71600806545985,nvml_total_energy_counter,1262.661316783155,141.75677026275326,average_instant,141.7563768115942,nan,141.7563768115942,400.0,True,-9.27031678315484,0.9926581129397608,69,9,1410.0,1410.0,1410.0,37.30434782608695,38.0,99.89855072463769,100.0,99.88888888888889,100.0,4096,12288,8192,8192,2,16,221184000000,m16n16k16,16,16,4096,16384
ga100,ampere,"A100/GA100 path uses warp-level HMMA m16n8k16 pairs; compare against H100/RTX3090 only with the same logical m16n16k16 workload, clock policy, and baseline subtraction",ce960f9677a1,results/fp16_long_sweep_a100_20260603_034822/raw/long5s_tensor_mma_f16acc_t128_b2_rep000_baseline_6ae9ae1c/bench.json,False,216,2,none,8.0,long5s_tensor_mma_f16acc_t128_b2,0,14761.0917969,,0,NVIDIA A100-SXM4-80GB,580.159.03,0,0,0,baseline_or_memory,benchmark uses warp-level HMMA mma.sync m16n8k16 pairs,datacenter,GPU-736f9b27-a462-1683-4dae-8866344ef6f4,1780458644436838928,1780458629675786399,32000000,tensor_baseline_mov,41943040,256,1,0,0,0,0,NVIDIA A100-SXM4-80GB,400.0,1634.343,143036367637,nvmlDeviceGetTotalEnergyConsumption available via CUDA PCI bus id 0000:00:06.0,143034733294,True,00000000:00:06.0,results/fp16_long_sweep_a100_20260603_034822/raw/long5s_tensor_mma_f16acc_t128_b2_rep000_baseline_6ae9ae1c/power.csv,[],80,65536,0,10,baseline,long5s_tensor_mma_f16acc_t128_b2_rep000_baseline_6ae9ae1c,1780458644535703423,1780458626510413080,"['nvml_timed_energy_counter', 'explicit_m16n16k16_denominator', 'strict_denominator_provenance', 'tensor_no_memory_warpsync_baseline', 'timed_kernel_memory_provenance']",fp16-energy-bench-v2,49152,108,results/fp16_long_sweep_a100_20260603_034822/raw/long5s_tensor_mma_f16acc_t128_b2_rep000_baseline_6ae9ae1c/sm_util.csv,[],True,128,False,False,False,Tensor HMMA/register baseline uses register operands and consumes registers; no intended global memory operation in the timed kernel,8,unchecked; run Nsight Compute validation separately,2,False,fp16-energy-bench-v2,"nvml_timed_energy_counter,explicit_m16n16k16_denominator,strict_denominator_provenance,tensor_no_memory_warpsync_baseline,timed_kernel_memory_provenance",1634.343,110.71995013831985,nvml_total_energy_counter,1632.9996502647564,110.62894377325173,average_instant,110.62789473684211,nan,110.62789473684211,400.0,True,1.3433497352436916,1.0008226270807994,114,14,1410.0,1410.0,1410.0,35.0,35.0,100.0,100.0,100.0,100.0,,,,,,,,,,,,
ga100,ampere,"A100/GA100 path uses warp-level HMMA m16n8k16 pairs; compare against H100/RTX3090 only with the same logical m16n16k16 workload, clock policy, and baseline subtraction",ce960f9677a1,results/fp16_long_sweep_a100_20260603_034822/raw/long5s_tensor_mma_f16acc_t128_b2_rep000_test_eb1f3d37/bench.json,False,216,2,none,8.0,long5s_tensor_mma_f16acc_t128_b2,0,6701.66015625,,0,NVIDIA A100-SXM4-80GB,580.159.03,0,270.371711748,1811939328000000,tensor_core_mma_m16n16k16_f16acc,benchmark uses warp-level HMMA mma.sync m16n8k16 pairs,datacenter,GPU-736f9b27-a462-1683-4dae-8866344ef6f4,1780458666034704808,1780458659333021348,32000000,tensor_mma_f16acc,41943040,256,1,0,0,0,0,NVIDIA A100-SXM4-80GB,400.0,1062.91,143039695683,nvmlDeviceGetTotalEnergyConsumption available via CUDA PCI bus id 0000:00:06.0,143038632773,True,00000000:00:06.0,results/fp16_long_sweep_a100_20260603_034822/raw/long5s_tensor_mma_f16acc_t128_b2_rep000_test_eb1f3d37/power.csv,[],80,65536,0,1,test,long5s_tensor_mma_f16acc_t128_b2_rep000_test_eb1f3d37,1780458666139458059,1780458645718787467,"['nvml_timed_energy_counter', 'explicit_m16n16k16_denominator', 'strict_denominator_provenance', 'tensor_no_memory_warpsync_baseline', 'timed_kernel_memory_provenance']",fp16-energy-bench-v2,49152,108,results/fp16_long_sweep_a100_20260603_034822/raw/long5s_tensor_mma_f16acc_t128_b2_rep000_test_eb1f3d37/sm_util.csv,[],True,128,False,False,False,Tensor HMMA/register baseline uses register operands and consumes registers; no intended global memory operation in the timed kernel,8,unchecked; run Nsight Compute validation separately,2,False,fp16-energy-bench-v2,"nvml_timed_energy_counter,explicit_m16n16k16_denominator,strict_denominator_provenance,tensor_no_memory_warpsync_baseline,timed_kernel_memory_provenance",1062.91,158.60343245755152,nvml_total_energy_counter,1063.4127235416365,158.67844697362602,average_instant,158.56450980392157,nan,158.56450980392157,400.0,True,-0.502723541636442,0.999527254535791,51,7,1410.0,1410.0,1410.0,39.27450980392157,40.0,100.0,100.0,100.0,100.0,4096,12288,8192,8192,2,16,221184000000,m16n16k16,16,16,4096,16384
ga100,ampere,"A100/GA100 path uses warp-level HMMA m16n8k16 pairs; compare against H100/RTX3090 only with the same logical m16n16k16 workload, clock policy, and baseline subtraction",ce960f9677a1,results/fp16_long_sweep_a100_20260603_034822/raw/long5s_tensor_mma_f16acc_t128_b4_rep000_baseline_bc8f6649/bench.json,False,432,4,none,8.0,long5s_tensor_mma_f16acc_t128_b4,0,7682.40625,,0,NVIDIA A100-SXM4-80GB,580.159.03,0,0,0,baseline_or_memory,benchmark uses warp-level HMMA mma.sync m16n8k16 pairs,datacenter,GPU-736f9b27-a462-1683-4dae-8866344ef6f4,1780458676366443135,1780458668684028808,16000000,tensor_baseline_mov,41943040,256,1,0,0,0,0,NVIDIA A100-SXM4-80GB,400.0,939.454,143040915740,nvmlDeviceGetTotalEnergyConsumption available via CUDA PCI bus id 0000:00:06.0,143039976286,True,00000000:00:06.0,results/fp16_long_sweep_a100_20260603_034822/raw/long5s_tensor_mma_f16acc_t128_b4_rep000_baseline_bc8f6649/power.csv,[],80,65536,0,10,baseline,long5s_tensor_mma_f16acc_t128_b4_rep000_baseline_bc8f6649,1780458676511110543,1780458666947575515,"['nvml_timed_energy_counter', 'explicit_m16n16k16_denominator', 'strict_denominator_provenance', 'tensor_no_memory_warpsync_baseline', 'timed_kernel_memory_provenance']",fp16-energy-bench-v2,49152,108,results/fp16_long_sweep_a100_20260603_034822/raw/long5s_tensor_mma_f16acc_t128_b4_rep000_baseline_bc8f6649/sm_util.csv,[],True,128,False,False,False,Tensor HMMA/register baseline uses register operands and consumes registers; no intended global memory operation in the timed kernel,8,unchecked; run Nsight Compute validation separately,2,False,fp16-energy-bench-v2,"nvml_timed_energy_counter,explicit_m16n16k16_denominator,strict_denominator_provenance,tensor_no_memory_warpsync_baseline,timed_kernel_memory_provenance",939.454,122.28629699107348,nvml_total_energy_counter,945.573129945514,123.082808307055,average_instant,123.09745762711864,nan,123.09745762711864,400.0,True,-6.119129945514032,0.9935286550011562,59,8,1410.0,1410.0,1410.0,36.96610169491525,37.0,100.0,100.0,100.0,100.0,,,,,,,,,,,,
ga100,ampere,"A100/GA100 path uses warp-level HMMA m16n8k16 pairs; compare against H100/RTX3090 only with the same logical m16n16k16 workload, clock policy, and baseline subtraction",ce960f9677a1,results/fp16_long_sweep_a100_20260603_034822/raw/long5s_tensor_mma_f16acc_t128_b4_rep000_test_e10ef41d/bench.json,False,432,4,none,8.0,long5s_tensor_mma_f16acc_t128_b4,0,6389.87695312,,0,NVIDIA A100-SXM4-80GB,580.159.03,0,283.564040637,1811939328000000,tensor_core_mma_m16n16k16_f16acc,benchmark uses warp-level HMMA mma.sync m16n8k16 pairs,datacenter,GPU-736f9b27-a462-1683-4dae-8866344ef6f4,1780458696474637777,1780458690084754312,16000000,tensor_mma_f16acc,41943040,256,1,0,0,0,0,NVIDIA A100-SXM4-80GB,400.0,1031.844,143044107485,nvmlDeviceGetTotalEnergyConsumption available via CUDA PCI bus id 0000:00:06.0,143043075641,True,00000000:00:06.0,results/fp16_long_sweep_a100_20260603_034822/raw/long5s_tensor_mma_f16acc_t128_b4_rep000_test_e10ef41d/power.csv,[],80,65536,0,1,test,long5s_tensor_mma_f16acc_t128_b4_rep000_test_e10ef41d,1780458696587253887,1780458677093281333,"['nvml_timed_energy_counter', 'explicit_m16n16k16_denominator', 'strict_denominator_provenance', 'tensor_no_memory_warpsync_baseline', 'timed_kernel_memory_provenance']",fp16-energy-bench-v2,49152,108,results/fp16_long_sweep_a100_20260603_034822/raw/long5s_tensor_mma_f16acc_t128_b4_rep000_test_e10ef41d/sm_util.csv,[],True,128,False,False,False,Tensor HMMA/register baseline uses register operands and consumes registers; no intended global memory operation in the timed kernel,8,unchecked; run Nsight Compute validation separately,2,False,fp16-energy-bench-v2,"nvml_timed_energy_counter,explicit_m16n16k16_denominator,strict_denominator_provenance,tensor_no_memory_warpsync_baseline,timed_kernel_memory_provenance",1031.844,161.4808792134991,nvml_total_energy_counter,1044.4648106254892,163.45600296882554,average_instant,163.24367346938777,nan,163.24367346938777,400.0,True,-12.620810625489185,0.9879164807688149,49,7,1410.0,1410.0,1410.0,39.775510204081634,40.0,100.0,100.0,100.0,100.0,4096,12288,8192,8192,2,16,221184000000,m16n16k16,16,16,4096,16384
ga100,ampere,"A100/GA100 path uses warp-level HMMA m16n8k16 pairs; compare against H100/RTX3090 only with the same logical m16n16k16 workload, clock policy, and baseline subtraction",ce960f9677a1,results/fp16_long_sweep_a100_20260603_034822/raw/long5s_tensor_mma_f16acc_t128_b8_rep000_baseline_7f04bb05/bench.json,False,864,8,none,8.0,long5s_tensor_mma_f16acc_t128_b8,0,6984.66503906,,0,NVIDIA A100-SXM4-80GB,580.159.03,0,0,0,baseline_or_memory,benchmark uses warp-level HMMA mma.sync m16n8k16 pairs,datacenter,GPU-736f9b27-a462-1683-4dae-8866344ef6f4,1780458705895822314,1780458698911151359,8000000,tensor_baseline_mov,41943040,256,1,0,0,0,0,NVIDIA A100-SXM4-80GB,400.0,901.766,143045289818,nvmlDeviceGetTotalEnergyConsumption available via CUDA PCI bus id 0000:00:06.0,143044388052,True,00000000:00:06.0,results/fp16_long_sweep_a100_20260603_034822/raw/long5s_tensor_mma_f16acc_t128_b8_rep000_baseline_7f04bb05/power.csv,[],80,65536,0,10,baseline,long5s_tensor_mma_f16acc_t128_b8_rep000_baseline_7f04bb05,1780458706004003048,1780458697307045788,"['nvml_timed_energy_counter', 'explicit_m16n16k16_denominator', 'strict_denominator_provenance', 'tensor_no_memory_warpsync_baseline', 'timed_kernel_memory_provenance']",fp16-energy-bench-v2,49152,108,results/fp16_long_sweep_a100_20260603_034822/raw/long5s_tensor_mma_f16acc_t128_b8_rep000_baseline_7f04bb05/sm_util.csv,[],True,128,False,False,False,Tensor HMMA/register baseline uses register operands and consumes registers; no intended global memory operation in the timed kernel,8,unchecked; run Nsight Compute validation separately,2,False,fp16-energy-bench-v2,"nvml_timed_energy_counter,explicit_m16n16k16_denominator,strict_denominator_provenance,tensor_no_memory_warpsync_baseline,timed_kernel_memory_provenance",901.766,129.10643977501442,nvml_total_energy_counter,908.9366551641356,130.13306725830373,average_instant,130.01129629629628,nan,130.01129629629628,400.0,True,-7.17065516413561,0.9921109407092392,54,7,1410.0,1410.0,1410.0,37.55555555555556,38.0,100.0,100.0,100.0,100.0,,,,,,,,,,,,
ga100,ampere,"A100/GA100 path uses warp-level HMMA m16n8k16 pairs; compare against H100/RTX3090 only with the same logical m16n16k16 workload, clock policy, and baseline subtraction",ce960f9677a1,results/fp16_long_sweep_a100_20260603_034822/raw/long5s_tensor_mma_f16acc_t128_b8_rep000_test_77d31a2f/bench.json,False,864,8,none,8.0,long5s_tensor_mma_f16acc_t128_b8,0,6143.52490234,,0,NVIDIA A100-SXM4-80GB,580.159.03,0,294.934806451,1811939328000000,tensor_core_mma_m16n16k16_f16acc,benchmark uses warp-level HMMA mma.sync m16n8k16 pairs,datacenter,GPU-736f9b27-a462-1683-4dae-8866344ef6f4,1780458725076615760,1780458718933082751,8000000,tensor_mma_f16acc,41943040,256,1,0,0,0,0,NVIDIA A100-SXM4-80GB,400.0,1023.756,143048426906,nvmlDeviceGetTotalEnergyConsumption available via CUDA PCI bus id 0000:00:06.0,143047403150,True,00000000:00:06.0,results/fp16_long_sweep_a100_20260603_034822/raw/long5s_tensor_mma_f16acc_t128_b8_rep000_test_77d31a2f/power.csv,[],80,65536,0,1,test,long5s_tensor_mma_f16acc_t128_b8_rep000_test_77d31a2f,1780458725176978081,1780458706423932208,"['nvml_timed_energy_counter', 'explicit_m16n16k16_denominator', 'strict_denominator_provenance', 'tensor_no_memory_warpsync_baseline', 'timed_kernel_memory_provenance']",fp16-energy-bench-v2,49152,108,results/fp16_long_sweep_a100_20260603_034822/raw/long5s_tensor_mma_f16acc_t128_b8_rep000_test_77d31a2f/sm_util.csv,[],True,128,False,False,False,Tensor HMMA/register baseline uses register operands and consumes registers; no intended global memory operation in the timed kernel,8,unchecked; run Nsight Compute validation separately,2,False,fp16-energy-bench-v2,"nvml_timed_energy_counter,explicit_m16n16k16_denominator,strict_denominator_provenance,tensor_no_memory_warpsync_baseline,timed_kernel_memory_provenance",1023.756,166.6396190107945,nvml_total_energy_counter,1026.8169505699573,167.1378584709672,average_instant,166.87416666666667,nan,166.87416666666667,400.0,True,-3.060950569957299,0.997018991001017,48,6,1410.0,1410.0,1410.0,40.604166666666664,41.0,100.0,100.0,100.0,100.0,4096,12288,8192,8192,2,16,221184000000,m16n16k16,16,16,4096,16384
ga100,ampere,"A100/GA100 path uses warp-level HMMA m16n8k16 pairs; compare against H100/RTX3090 only with the same logical m16n16k16 workload, clock policy, and baseline subtraction",ce960f9677a1,results/fp16_long_sweep_a100_20260603_034822/raw/long5s_tensor_mma_f16acc_t256_b1_rep000_baseline_7c558d08/bench.json,False,108,1,none,8.0,long5s_tensor_mma_f16acc_t256_b1,0,14758.7695312,,0,NVIDIA A100-SXM4-80GB,580.159.03,0,0,0,baseline_or_memory,benchmark uses warp-level HMMA mma.sync m16n8k16 pairs,datacenter,GPU-736f9b27-a462-1683-4dae-8866344ef6f4,1780458743548574707,1780458728789810639,32000000,tensor_baseline_mov,41943040,256,1,0,0,0,0,NVIDIA A100-SXM4-80GB,400.0,1593.97,143050406811,nvmlDeviceGetTotalEnergyConsumption available via CUDA PCI bus id 0000:00:06.0,143048812841,True,00000000:00:06.0,results/fp16_long_sweep_a100_20260603_034822/raw/long5s_tensor_mma_f16acc_t256_b1_rep000_baseline_7c558d08/power.csv,[],80,65536,0,10,baseline,long5s_tensor_mma_f16acc_t256_b1_rep000_baseline_7c558d08,1780458743646818582,1780458725626773036,"['nvml_timed_energy_counter', 'explicit_m16n16k16_denominator', 'strict_denominator_provenance', 'tensor_no_memory_warpsync_baseline', 'timed_kernel_memory_provenance']",fp16-energy-bench-v2,49152,108,results/fp16_long_sweep_a100_20260603_034822/raw/long5s_tensor_mma_f16acc_t256_b1_rep000_baseline_7c558d08/sm_util.csv,[],True,256,False,False,False,Tensor HMMA/register baseline uses register operands and consumes registers; no intended global memory operation in the timed kernel,8,unchecked; run Nsight Compute validation separately,2,False,fp16-energy-bench-v2,"nvml_timed_energy_counter,explicit_m16n16k16_denominator,strict_denominator_provenance,tensor_no_memory_warpsync_baseline,timed_kernel_memory_provenance",1593.97,108.00159096357201,nvml_total_energy_counter,1592.3028357009441,107.88862999398306,average_instant,107.88859649122806,nan,107.88859649122806,400.0,True,1.6671642990559121,1.0010470145889818,114,14,1410.0,1410.0,1410.0,36.0,36.0,100.0,100.0,100.0,100.0,,,,,,,,,,,,
ga100,ampere,"A100/GA100 path uses warp-level HMMA m16n8k16 pairs; compare against H100/RTX3090 only with the same logical m16n16k16 workload, clock policy, and baseline subtraction",ce960f9677a1,results/fp16_long_sweep_a100_20260603_034822/raw/long5s_tensor_mma_f16acc_t256_b1_rep000_test_f6ec6933/bench.json,False,108,1,none,8.0,long5s_tensor_mma_f16acc_t256_b1,0,6052.96630859,,0,NVIDIA A100-SXM4-80GB,580.159.03,0,299.347334121,1811939328000000,tensor_core_mma_m16n16k16_f16acc,benchmark uses warp-level HMMA mma.sync m16n8k16 pairs,datacenter,GPU-736f9b27-a462-1683-4dae-8866344ef6f4,1780458763209065896,1780458757156090718,32000000,tensor_mma_f16acc,41943040,256,1,0,0,0,0,NVIDIA A100-SXM4-80GB,400.0,1020.052,143053599684,nvmlDeviceGetTotalEnergyConsumption available via CUDA PCI bus id 0000:00:06.0,143052579632,True,00000000:00:06.0,results/fp16_long_sweep_a100_20260603_034822/raw/long5s_tensor_mma_f16acc_t256_b1_rep000_test_f6ec6933/power.csv,[],80,65536,0,1,test,long5s_tensor_mma_f16acc_t256_b1_rep000_test_f6ec6933,1780458763320786049,1780458744836940040,"['nvml_timed_energy_counter', 'explicit_m16n16k16_denominator', 'strict_denominator_provenance', 'tensor_no_memory_warpsync_baseline', 'timed_kernel_memory_provenance']",fp16-energy-bench-v2,49152,108,results/fp16_long_sweep_a100_20260603_034822/raw/long5s_tensor_mma_f16acc_t256_b1_rep000_test_f6ec6933/sm_util.csv,[],True,256,False,False,False,Tensor HMMA/register baseline uses register operands and consumes registers; no intended global memory operation in the timed kernel,8,unchecked; run Nsight Compute validation separately,2,False,fp16-energy-bench-v2,"nvml_timed_energy_counter,explicit_m16n16k16_denominator,strict_denominator_provenance,tensor_no_memory_warpsync_baseline,timed_kernel_memory_provenance",1020.052,168.52076375721097,nvml_total_energy_counter,1024.7449629190944,169.29607883468748,average_instant,168.9572340425532,nan,168.9572340425532,400.0,True,-4.692962919094384,0.9954203601004039,47,6,1410.0,1410.0,1410.0,40.4468085106383,41.0,99.85106382978724,100.0,99.83333333333333,100.0,4096,12288,8192,8192,2,16,221184000000,m16n16k16,16,16,4096,16384
ga100,ampere,"A100/GA100 path uses warp-level HMMA m16n8k16 pairs; compare against H100/RTX3090 only with the same logical m16n16k16 workload, clock policy, and baseline subtraction",ce960f9677a1,results/fp16_long_sweep_a100_20260603_034822/raw/long5s_tensor_mma_f16acc_t256_b2_rep000_baseline_7c732274/bench.json,False,216,2,none,8.0,long5s_tensor_mma_f16acc_t256_b2,0,7379.37207031,,0,NVIDIA A100-SXM4-80GB,580.159.03,0,0,0,baseline_or_memory,benchmark uses warp-level HMMA mma.sync m16n8k16 pairs,datacenter,GPU-736f9b27-a462-1683-4dae-8866344ef6f4,1780458773125127690,1780458765745749442,16000000,tensor_baseline_mov,41943040,256,1,0,0,0,0,NVIDIA A100-SXM4-80GB,400.0,926.395,143054798476,nvmlDeviceGetTotalEnergyConsumption available via CUDA PCI bus id 0000:00:06.0,143053872081,True,00000000:00:06.0,results/fp16_long_sweep_a100_20260603_034822/raw/long5s_tensor_mma_f16acc_t256_b2_rep000_baseline_7c732274/power.csv,[],80,65536,0,10,baseline,long5s_tensor_mma_f16acc_t256_b2_rep000_baseline_7c732274,1780458773237856665,1780458764059754819,"['nvml_timed_energy_counter', 'explicit_m16n16k16_denominator', 'strict_denominator_provenance', 'tensor_no_memory_warpsync_baseline', 'timed_kernel_memory_provenance']",fp16-energy-bench-v2,49152,108,results/fp16_long_sweep_a100_20260603_034822/raw/long5s_tensor_mma_f16acc_t256_b2_rep000_baseline_7c732274/sm_util.csv,[],True,256,False,False,False,Tensor HMMA/register baseline uses register operands and consumes registers; no intended global memory operation in the timed kernel,8,unchecked; run Nsight Compute validation separately,2,False,fp16-energy-bench-v2,"nvml_timed_energy_counter,explicit_m16n16k16_denominator,strict_denominator_provenance,tensor_no_memory_warpsync_baseline,timed_kernel_memory_provenance",926.395,125.53835416297798,nvml_total_energy_counter,918.9089974145065,124.5239052034708,average_instant,124.51052631578948,nan,124.51052631578948,400.0,True,7.486002585493452,1.0081466201838882,57,8,1410.0,1410.0,1410.0,37.0,37.0,100.0,100.0,100.0,100.0,,,,,,,,,,,,
ga100,ampere,"A100/GA100 path uses warp-level HMMA m16n8k16 pairs; compare against H100/RTX3090 only with the same logical m16n16k16 workload, clock policy, and baseline subtraction",ce960f9677a1,results/fp16_long_sweep_a100_20260603_034822/raw/long5s_tensor_mma_f16acc_t256_b2_rep000_test_b78b141e/bench.json,False,216,2,none,8.0,long5s_tensor_mma_f16acc_t256_b2,0,5961.109375,,0,NVIDIA A100-SXM4-80GB,580.159.03,0,303.960087631,1811939328000000,tensor_core_mma_m16n16k16_f16acc,benchmark uses warp-level HMMA mma.sync m16n8k16 pairs,datacenter,GPU-736f9b27-a462-1683-4dae-8866344ef6f4,1780458792307144916,1780458786346004872,16000000,tensor_mma_f16acc,41943040,256,1,0,0,0,0,NVIDIA A100-SXM4-80GB,400.0,1015.562,143057950987,nvmlDeviceGetTotalEnergyConsumption available via CUDA PCI bus id 0000:00:06.0,143056935425,True,00000000:00:06.0,results/fp16_long_sweep_a100_20260603_034822/raw/long5s_tensor_mma_f16acc_t256_b2_rep000_test_b78b141e/power.csv,[],80,65536,0,1,test,long5s_tensor_mma_f16acc_t256_b2_rep000_test_b78b141e,1780458792409176821,1780458774207736231,"['nvml_timed_energy_counter', 'explicit_m16n16k16_denominator', 'strict_denominator_provenance', 'tensor_no_memory_warpsync_baseline', 'timed_kernel_memory_provenance']",fp16-energy-bench-v2,49152,108,results/fp16_long_sweep_a100_20260603_034822/raw/long5s_tensor_mma_f16acc_t256_b2_rep000_test_b78b141e/sm_util.csv,[],True,256,False,False,False,Tensor HMMA/register baseline uses register operands and consumes registers; no intended global memory operation in the timed kernel,8,unchecked; run Nsight Compute validation separately,2,False,fp16-energy-bench-v2,"nvml_timed_energy_counter,explicit_m16n16k16_denominator,strict_denominator_provenance,tensor_no_memory_warpsync_baseline,timed_kernel_memory_provenance",1015.562,170.36372111777214,nvml_total_energy_counter,1021.6513208822992,171.385223856737,average_instant,171.0286956521739,nan,171.0286956521739,400.0,True,-6.089320882299148,0.9940397269030686,46,6,1410.0,1410.0,1410.0,40.95652173913044,41.0,100.0,100.0,100.0,100.0,4096,12288,8192,8192,2,16,221184000000,m16n16k16,16,16,4096,16384
ga100,ampere,"A100/GA100 path uses warp-level HMMA m16n8k16 pairs; compare against H100/RTX3090 only with the same logical m16n16k16 workload, clock policy, and baseline subtraction",ce960f9677a1,results/fp16_long_sweep_a100_20260603_034822/raw/long5s_tensor_mma_f16acc_t256_b4_rep000_baseline_5f162da7/bench.json,False,432,4,none,8.0,long5s_tensor_mma_f16acc_t256_b4,0,6499.60351562,,0,NVIDIA A100-SXM4-80GB,580.159.03,0,0,0,baseline_or_memory,benchmark uses warp-level HMMA mma.sync m16n8k16 pairs,datacenter,GPU-736f9b27-a462-1683-4dae-8866344ef6f4,1780458801404357969,1780458794904740203,8000000,tensor_baseline_mov,41943040,256,1,0,0,0,0,NVIDIA A100-SXM4-80GB,400.0,868.427,143059107222,nvmlDeviceGetTotalEnergyConsumption available via CUDA PCI bus id 0000:00:06.0,143058238795,True,00000000:00:06.0,results/fp16_long_sweep_a100_20260603_034822/raw/long5s_tensor_mma_f16acc_t256_b4_rep000_baseline_5f162da7/power.csv,[],80,65536,0,10,baseline,long5s_tensor_mma_f16acc_t256_b4_rep000_baseline_5f162da7,1780458801514353171,1780458793392338601,"['nvml_timed_energy_counter', 'explicit_m16n16k16_denominator', 'strict_denominator_provenance', 'tensor_no_memory_warpsync_baseline', 'timed_kernel_memory_provenance']",fp16-energy-bench-v2,49152,108,results/fp16_long_sweep_a100_20260603_034822/raw/long5s_tensor_mma_f16acc_t256_b4_rep000_baseline_5f162da7/sm_util.csv,[],True,256,False,False,False,Tensor HMMA/register baseline uses register operands and consumes registers; no intended global memory operation in the timed kernel,8,unchecked; run Nsight Compute validation separately,2,False,fp16-energy-bench-v2,"nvml_timed_energy_counter,explicit_m16n16k16_denominator,strict_denominator_provenance,tensor_no_memory_warpsync_baseline,timed_kernel_memory_provenance",868.427,133.6120109312902,nvml_total_energy_counter,869.6745651592452,133.8039553200466,average_instant,133.64260000000002,nan,133.64260000000002,400.0,True,-1.2475651592451413,0.9985654804576046,50,7,1410.0,1410.0,1410.0,37.88,38.0,100.0,100.0,100.0,100.0,,,,,,,,,,,,
ga100,ampere,"A100/GA100 path uses warp-level HMMA m16n8k16 pairs; compare against H100/RTX3090 only with the same logical m16n16k16 workload, clock policy, and baseline subtraction",ce960f9677a1,results/fp16_long_sweep_a100_20260603_034822/raw/long5s_tensor_mma_f16acc_t256_b4_rep000_test_a78edb84/bench.json,False,432,4,none,8.0,long5s_tensor_mma_f16acc_t256_b4,0,5919.00976562,,0,NVIDIA A100-SXM4-80GB,580.159.03,0,306.122037257,1811939328000000,tensor_core_mma_m16n16k16_f16acc,benchmark uses warp-level HMMA mma.sync m16n8k16 pairs,datacenter,GPU-736f9b27-a462-1683-4dae-8866344ef6f4,1780458820514111045,1780458814595092873,8000000,tensor_mma_f16acc,41943040,256,1,0,0,0,0,NVIDIA A100-SXM4-80GB,400.0,1021.881,143062275460,nvmlDeviceGetTotalEnergyConsumption available via CUDA PCI bus id 0000:00:06.0,143061253579,True,00000000:00:06.0,results/fp16_long_sweep_a100_20260603_034822/raw/long5s_tensor_mma_f16acc_t256_b4_rep000_test_a78edb84/power.csv,[],80,65536,0,1,test,long5s_tensor_mma_f16acc_t256_b4_rep000_test_a78edb84,1780458820618683691,1780458802547622187,"['nvml_timed_energy_counter', 'explicit_m16n16k16_denominator', 'strict_denominator_provenance', 'tensor_no_memory_warpsync_baseline', 'timed_kernel_memory_provenance']",fp16-energy-bench-v2,49152,108,results/fp16_long_sweep_a100_20260603_034822/raw/long5s_tensor_mma_f16acc_t256_b4_rep000_test_a78edb84/sm_util.csv,[],True,256,False,False,False,Tensor HMMA/register baseline uses register operands and consumes registers; no intended global memory operation in the timed kernel,8,unchecked; run Nsight Compute validation separately,2,False,fp16-energy-bench-v2,"nvml_timed_energy_counter,explicit_m16n16k16_denominator,strict_denominator_provenance,tensor_no_memory_warpsync_baseline,timed_kernel_memory_provenance",1021.881,172.64366661924146,nvml_total_energy_counter,1021.4216726305759,172.566064666337,average_instant,172.31565217391307,nan,172.31565217391307,400.0,True,0.4593273694240452,1.0004496941681695,46,5,1410.0,1410.0,1410.0,40.97826086956522,41.0,100.0,100.0,100.0,100.0,4096,12288,8192,8192,2,16,221184000000,m16n16k16,16,16,4096,16384
ga100,ampere,"A100/GA100 path uses warp-level HMMA m16n8k16 pairs; compare against H100/RTX3090 only with the same logical m16n16k16 workload, clock policy, and baseline subtraction",ce960f9677a1,results/fp16_long_sweep_a100_20260603_034822/raw/long5s_tensor_mma_f16acc_t256_b8_rep000_baseline_64665ea4/bench.json,False,864,8,none,8.0,long5s_tensor_mma_f16acc_t256_b8,0,5706.11816406,,0,NVIDIA A100-SXM4-80GB,580.159.03,0,0,0,baseline_or_memory,benchmark uses warp-level HMMA mma.sync m16n8k16 pairs,datacenter,GPU-736f9b27-a462-1683-4dae-8866344ef6f4,1780458828832261835,1780458823126130382,4000000,tensor_baseline_mov,41943040,256,1,0,0,0,0,NVIDIA A100-SXM4-80GB,400.0,795.214,143063355734,nvmlDeviceGetTotalEnergyConsumption available via CUDA PCI bus id 0000:00:06.0,143062560520,True,00000000:00:06.0,results/fp16_long_sweep_a100_20260603_034822/raw/long5s_tensor_mma_f16acc_t256_b8_rep000_baseline_64665ea4/power.csv,[],80,65536,0,10,baseline,long5s_tensor_mma_f16acc_t256_b8_rep000_baseline_64665ea4,1780458828941636878,1780458821774435196,"['nvml_timed_energy_counter', 'explicit_m16n16k16_denominator', 'strict_denominator_provenance', 'tensor_no_memory_warpsync_baseline', 'timed_kernel_memory_provenance']",fp16-energy-bench-v2,49152,108,results/fp16_long_sweep_a100_20260603_034822/raw/long5s_tensor_mma_f16acc_t256_b8_rep000_baseline_64665ea4/sm_util.csv,[],True,256,False,False,False,Tensor HMMA/register baseline uses register operands and consumes registers; no intended global memory operation in the timed kernel,8,unchecked; run Nsight Compute validation separately,2,False,fp16-energy-bench-v2,"nvml_timed_energy_counter,explicit_m16n16k16_denominator,strict_denominator_provenance,tensor_no_memory_warpsync_baseline,timed_kernel_memory_provenance",795.214,139.36131800502355,nvml_total_energy_counter,793.7193824772818,139.09938616292894,average_instant,139.0781818181818,nan,139.0781818181818,400.0,True,1.494617522718272,1.0018830553413645,44,6,1410.0,1410.0,1410.0,38.63636363636363,39.0,100.0,100.0,100.0,100.0,,,,,,,,,,,,
ga100,ampere,"A100/GA100 path uses warp-level HMMA m16n8k16 pairs; compare against H100/RTX3090 only with the same logical m16n16k16 workload, clock policy, and baseline subtraction",ce960f9677a1,results/fp16_long_sweep_a100_20260603_034822/raw/long5s_tensor_mma_f16acc_t256_b8_rep000_test_b6047a85/bench.json,False,864,8,none,8.0,long5s_tensor_mma_f16acc_t256_b8,0,5897.63769531,,0,NVIDIA A100-SXM4-80GB,580.159.03,0,307.23137324,1811939328000000,tensor_core_mma_m16n16k16_f16acc,benchmark uses warp-level HMMA mma.sync m16n8k16 pairs,datacenter,GPU-736f9b27-a462-1683-4dae-8866344ef6f4,1780458847817314568,1780458841919666325,4000000,tensor_mma_f16acc,41943040,256,1,0,0,0,0,NVIDIA A100-SXM4-80GB,400.0,1010.587,143066511564,nvmlDeviceGetTotalEnergyConsumption available via CUDA PCI bus id 0000:00:06.0,143065500977,True,00000000:00:06.0,results/fp16_long_sweep_a100_20260603_034822/raw/long5s_tensor_mma_f16acc_t256_b8_rep000_test_b6047a85/power.csv,[],80,65536,0,1,test,long5s_tensor_mma_f16acc_t256_b8_rep000_test_b6047a85,1780458847916857241,1780458829911681645,"['nvml_timed_energy_counter', 'explicit_m16n16k16_denominator', 'strict_denominator_provenance', 'tensor_no_memory_warpsync_baseline', 'timed_kernel_memory_provenance']",fp16-energy-bench-v2,49152,108,results/fp16_long_sweep_a100_20260603_034822/raw/long5s_tensor_mma_f16acc_t256_b8_rep000_test_b6047a85/sm_util.csv,[],True,256,False,False,False,Tensor HMMA/register baseline uses register operands and consumes registers; no intended global memory operation in the timed kernel,8,unchecked; run Nsight Compute validation separately,2,False,fp16-energy-bench-v2,"nvml_timed_energy_counter,explicit_m16n16k16_denominator,strict_denominator_provenance,tensor_no_memory_warpsync_baseline,timed_kernel_memory_provenance",1010.587,171.35423449499208,nvml_total_energy_counter,1021.5252912954335,173.20892145575075,average_instant,172.94021739130434,nan,172.94021739130434,400.0,True,-10.938291295433487,0.9892921972773066,46,6,1410.0,1410.0,1410.0,41.0,41.0,100.0,100.0,100.0,100.0,4096,12288,8192,8192,2,16,221184000000,m16n16k16,16,16,4096,16384
ga100,ampere,"A100/GA100 path uses warp-level HMMA m16n8k16 pairs; compare against H100/RTX3090 only with the same logical m16n16k16 workload, clock policy, and baseline subtraction",ce960f9677a1,results/fp16_long_sweep_a100_20260603_034822/raw/long5s_tensor_mma_f16acc_t384_b1_rep000_baseline_b2682d8b/bench.json,False,108,1,none,8.0,long5s_tensor_mma_f16acc_t384_b1,0,9688.875,,0,NVIDIA A100-SXM4-80GB,580.159.03,0,0,0,baseline_or_memory,benchmark uses warp-level HMMA mma.sync m16n8k16 pairs,datacenter,GPU-736f9b27-a462-1683-4dae-8866344ef6f4,1780458860949956337,1780458851261067327,21333333,tensor_baseline_mov,41943040,256,1,0,0,0,0,NVIDIA A100-SXM4-80GB,400.0,1139.275,143068020706,nvmlDeviceGetTotalEnergyConsumption available via CUDA PCI bus id 0000:00:06.0,143066881431,True,00000000:00:06.0,results/fp16_long_sweep_a100_20260603_034822/raw/long5s_tensor_mma_f16acc_t384_b1_rep000_baseline_b2682d8b/power.csv,[],80,65536,0,10,baseline,long5s_tensor_mma_f16acc_t384_b1_rep000_baseline_b2682d8b,1780458861084774655,1780458849106791558,"['nvml_timed_energy_counter', 'explicit_m16n16k16_denominator', 'strict_denominator_provenance', 'tensor_no_memory_warpsync_baseline', 'timed_kernel_memory_provenance']",fp16-energy-bench-v2,49152,108,results/fp16_long_sweep_a100_20260603_034822/raw/long5s_tensor_mma_f16acc_t384_b1_rep000_baseline_b2682d8b/sm_util.csv,[],True,384,False,False,False,Tensor HMMA/register baseline uses register operands and consumes registers; no intended global memory operation in the timed kernel,8,unchecked; run Nsight Compute validation separately,2,False,fp16-energy-bench-v2,"nvml_timed_energy_counter,explicit_m16n16k16_denominator,strict_denominator_provenance,tensor_no_memory_warpsync_baseline,timed_kernel_memory_provenance",1139.275,117.58572100724271,nvml_total_energy_counter,1143.490710493583,118.0208287362333,average_instant,118.02226666666667,nan,118.02226666666667,400.0,True,-4.215710493582947,0.9963132971217902,75,9,1410.0,1410.0,1410.0,37.0,37.0,99.84,100.0,99.77777777777777,100.0,,,,,,,,,,,,
ga100,ampere,"A100/GA100 path uses warp-level HMMA m16n8k16 pairs; compare against H100/RTX3090 only with the same logical m16n16k16 workload, clock policy, and baseline subtraction",ce960f9677a1,results/fp16_long_sweep_a100_20260603_034822/raw/long5s_tensor_mma_f16acc_t384_b1_rep000_test_c5e76266/bench.json,False,108,1,none,8.0,long5s_tensor_mma_f16acc_t384_b1,0,5911.92382812,,0,NVIDIA A100-SXM4-80GB,580.159.03,0,306.488945454,1811939299688448,tensor_core_mma_m16n16k16_f16acc,benchmark uses warp-level HMMA mma.sync m16n8k16 pairs,datacenter,GPU-736f9b27-a462-1683-4dae-8866344ef6f4,1780458880218491680,1780458874306555403,21333333,tensor_mma_f16acc,41943040,256,1,0,0,0,0,NVIDIA A100-SXM4-80GB,400.0,1029.146,143071227106,nvmlDeviceGetTotalEnergyConsumption available via CUDA PCI bus id 0000:00:06.0,143070197960,True,00000000:00:06.0,results/fp16_long_sweep_a100_20260603_034822/raw/long5s_tensor_mma_f16acc_t384_b1_rep000_test_c5e76266/power.csv,[],80,65536,0,1,test,long5s_tensor_mma_f16acc_t384_b1_rep000_test_c5e76266,1780458880321072610,1780458862267652369,"['nvml_timed_energy_counter', 'explicit_m16n16k16_denominator', 'strict_denominator_provenance', 'tensor_no_memory_warpsync_baseline', 'timed_kernel_memory_provenance']",fp16-energy-bench-v2,49152,108,results/fp16_long_sweep_a100_20260603_034822/raw/long5s_tensor_mma_f16acc_t384_b1_rep000_test_c5e76266/sm_util.csv,[],True,384,False,False,False,Tensor HMMA/register baseline uses register operands and consumes registers; no intended global memory operation in the timed kernel,8,unchecked; run Nsight Compute validation separately,2,False,fp16-energy-bench-v2,"nvml_timed_energy_counter,explicit_m16n16k16_denominator,strict_denominator_provenance,tensor_no_memory_warpsync_baseline,timed_kernel_memory_provenance",1029.146,174.0793458826383,nvml_total_energy_counter,1030.7513791449908,174.3508946730467,average_instant,174.3086956521739,nan,174.3086956521739,400.0,True,-1.6053791449908204,0.9984425156468648,46,5,1410.0,1410.0,1410.0,40.97826086956522,41.0,100.0,100.0,100.0,100.0,4096,12288,8192,8192,2,16,221183996544,m16n16k16,16,16,4096,16384
ga100,ampere,"A100/GA100 path uses warp-level HMMA m16n8k16 pairs; compare against H100/RTX3090 only with the same logical m16n16k16 workload, clock policy, and baseline subtraction",ce960f9677a1,results/fp16_long_sweep_a100_20260603_034822/raw/long5s_tensor_mma_f16acc_t384_b2_rep000_baseline_81d05043/bench.json,False,216,2,none,8.0,long5s_tensor_mma_f16acc_t384_b2,0,5770.04736328,,0,NVIDIA A100-SXM4-80GB,580.159.03,0,0,0,baseline_or_memory,benchmark uses warp-level HMMA mma.sync m16n8k16 pairs,datacenter,GPU-736f9b27-a462-1683-4dae-8866344ef6f4,1780458888589737989,1780458882819680811,10666667,tensor_baseline_mov,41943040,256,1,0,0,0,0,NVIDIA A100-SXM4-80GB,400.0,803.039,143072301496,nvmlDeviceGetTotalEnergyConsumption available via CUDA PCI bus id 0000:00:06.0,143071498457,True,00000000:00:06.0,results/fp16_long_sweep_a100_20260603_034822/raw/long5s_tensor_mma_f16acc_t384_b2_rep000_baseline_81d05043/power.csv,[],80,65536,0,10,baseline,long5s_tensor_mma_f16acc_t384_b2_rep000_baseline_81d05043,1780458888694026038,1780458881454003368,"['nvml_timed_energy_counter', 'explicit_m16n16k16_denominator', 'strict_denominator_provenance', 'tensor_no_memory_warpsync_baseline', 'timed_kernel_memory_provenance']",fp16-energy-bench-v2,49152,108,results/fp16_long_sweep_a100_20260603_034822/raw/long5s_tensor_mma_f16acc_t384_b2_rep000_baseline_81d05043/sm_util.csv,[],True,384,False,False,False,Tensor HMMA/register baseline uses register operands and consumes registers; no intended global memory operation in the timed kernel,8,unchecked; run Nsight Compute validation separately,2,False,fp16-energy-bench-v2,"nvml_timed_energy_counter,explicit_m16n16k16_denominator,strict_denominator_provenance,tensor_no_memory_warpsync_baseline,timed_kernel_memory_provenance",803.039,139.17349087316097,nvml_total_energy_counter,795.0349573967229,137.78632219244238,average_instant,137.84931818181818,nan,137.84931818181818,400.0,True,8.004042603277071,1.0100675354320088,44,6,1410.0,1410.0,1410.0,38.38636363636363,39.0,100.0,100.0,100.0,100.0,,,,,,,,,,,,
ga100,ampere,"A100/GA100 path uses warp-level HMMA m16n8k16 pairs; compare against H100/RTX3090 only with the same logical m16n16k16 workload, clock policy, and baseline subtraction",ce960f9677a1,results/fp16_long_sweep_a100_20260603_034822/raw/long5s_tensor_mma_f16acc_t384_b2_rep000_test_a179b5c2/bench.json,False,216,2,none,8.0,long5s_tensor_mma_f16acc_t384_b2,0,5892.38964844,,0,NVIDIA A100-SXM4-80GB,580.159.03,0,307.505017952,1811939384623104,tensor_core_mma_m16n16k16_f16acc,benchmark uses warp-level HMMA mma.sync m16n8k16 pairs,datacenter,GPU-736f9b27-a462-1683-4dae-8866344ef6f4,1780458907457218543,1780458901564819814,10666667,tensor_mma_f16acc,41943040,256,1,0,0,0,0,NVIDIA A100-SXM4-80GB,400.0,1018.851,143075473212,nvmlDeviceGetTotalEnergyConsumption available via CUDA PCI bus id 0000:00:06.0,143074454361,True,00000000:00:06.0,results/fp16_long_sweep_a100_20260603_034822/raw/long5s_tensor_mma_f16acc_t384_b2_rep000_test_a179b5c2/power.csv,[],80,65536,0,1,test,long5s_tensor_mma_f16acc_t384_b2_rep000_test_a179b5c2,1780458907571220419,1780458889563882332,"['nvml_timed_energy_counter', 'explicit_m16n16k16_denominator', 'strict_denominator_provenance', 'tensor_no_memory_warpsync_baseline', 'timed_kernel_memory_provenance']",fp16-energy-bench-v2,49152,108,results/fp16_long_sweep_a100_20260603_034822/raw/long5s_tensor_mma_f16acc_t384_b2_rep000_test_a179b5c2/sm_util.csv,"[""Unexpected nvidia-smi dmon output: '0'""]",True,384,False,False,False,Tensor HMMA/register baseline uses register operands and consumes registers; no intended global memory operation in the timed kernel,8,unchecked; run Nsight Compute validation separately,2,False,fp16-energy-bench-v2,"nvml_timed_energy_counter,explicit_m16n16k16_denominator,strict_denominator_provenance,tensor_no_memory_warpsync_baseline,timed_kernel_memory_provenance",1018.851,172.90937814266167,nvml_total_energy_counter,1031.2355257061529,175.01115812662667,average_instant,175.00933333333333,nan,175.00933333333333,400.0,True,-12.384525706152886,0.9879905943914487,45,6,1410.0,1410.0,1410.0,41.0,41.0,100.0,100.0,100.0,100.0,4096,12288,8192,8192,2,16,221184006912,m16n16k16,16,16,4096,16384
ga100,ampere,"A100/GA100 path uses warp-level HMMA m16n8k16 pairs; compare against H100/RTX3090 only with the same logical m16n16k16 workload, clock policy, and baseline subtraction",ce960f9677a1,results/fp16_long_sweep_a100_20260603_034822/raw/long5s_tensor_mma_f16acc_t384_b4_rep000_baseline_57c2b185/bench.json,False,432,4,none,8.0,long5s_tensor_mma_f16acc_t384_b4,0,5627.14599609,,0,NVIDIA A100-SXM4-80GB,580.159.03,0,0,0,baseline_or_memory,benchmark uses warp-level HMMA mma.sync m16n8k16 pairs,datacenter,GPU-736f9b27-a462-1683-4dae-8866344ef6f4,1780458914734373646,1780458909107190250,5333333,tensor_baseline_mov,41943040,256,1,0,0,0,0,NVIDIA A100-SXM4-80GB,400.0,788.538,143076475208,nvmlDeviceGetTotalEnergyConsumption available via CUDA PCI bus id 0000:00:06.0,143075686670,True,00000000:00:06.0,results/fp16_long_sweep_a100_20260603_034822/raw/long5s_tensor_mma_f16acc_t384_b4_rep000_baseline_57c2b185/power.csv,[],80,65536,0,10,baseline,long5s_tensor_mma_f16acc_t384_b4_rep000_baseline_57c2b185,1780458914887332485,1780458907768151245,"['nvml_timed_energy_counter', 'explicit_m16n16k16_denominator', 'strict_denominator_provenance', 'tensor_no_memory_warpsync_baseline', 'timed_kernel_memory_provenance']",fp16-energy-bench-v2,49152,108,results/fp16_long_sweep_a100_20260603_034822/raw/long5s_tensor_mma_f16acc_t384_b4_rep000_baseline_57c2b185/sm_util.csv,"[""Unexpected nvidia-smi dmon output: '0'""]",True,384,False,False,False,Tensor HMMA/register baseline uses register operands and consumes registers; no intended global memory operation in the timed kernel,8,unchecked; run Nsight Compute validation separately,2,False,fp16-energy-bench-v2,"nvml_timed_energy_counter,explicit_m16n16k16_denominator,strict_denominator_provenance,tensor_no_memory_warpsync_baseline,timed_kernel_memory_provenance",788.538,140.1301405176381,nvml_total_energy_counter,786.3608351607297,139.74323917000868,average_instant,139.83232558139534,nan,139.83232558139534,400.0,True,2.17716483927029,1.0027686587911329,43,5,1410.0,1410.0,1410.0,38.95348837209303,39.0,100.0,100.0,100.0,100.0,,,,,,,,,,,,
ga100,ampere,"A100/GA100 path uses warp-level HMMA m16n8k16 pairs; compare against H100/RTX3090 only with the same logical m16n16k16 workload, clock policy, and baseline subtraction",ce960f9677a1,results/fp16_long_sweep_a100_20260603_034822/raw/long5s_tensor_mma_f16acc_t384_b4_rep000_test_e78f1a26/bench.json,False,432,4,none,8.0,long5s_tensor_mma_f16acc_t384_b4,0,5882.42626953,,0,NVIDIA A100-SXM4-80GB,580.159.03,0,308.025826714,1811939214753792,tensor_core_mma_m16n16k16_f16acc,benchmark uses warp-level HMMA mma.sync m16n8k16 pairs,datacenter,GPU-736f9b27-a462-1683-4dae-8866344ef6f4,1780458933771597626,1780458927889147762,5333333,tensor_mma_f16acc,41943040,256,1,0,0,0,0,NVIDIA A100-SXM4-80GB,400.0,1037.69,143079671977,nvmlDeviceGetTotalEnergyConsumption available via CUDA PCI bus id 0000:00:06.0,143078634287,True,00000000:00:06.0,results/fp16_long_sweep_a100_20260603_034822/raw/long5s_tensor_mma_f16acc_t384_b4_rep000_test_e78f1a26/power.csv,[],80,65536,0,1,test,long5s_tensor_mma_f16acc_t384_b4_rep000_test_e78f1a26,1780458933880572306,1780458915908188660,"['nvml_timed_energy_counter', 'explicit_m16n16k16_denominator', 'strict_denominator_provenance', 'tensor_no_memory_warpsync_baseline', 'timed_kernel_memory_provenance']",fp16-energy-bench-v2,49152,108,results/fp16_long_sweep_a100_20260603_034822/raw/long5s_tensor_mma_f16acc_t384_b4_rep000_test_e78f1a26/sm_util.csv,[],True,384,False,False,False,Tensor HMMA/register baseline uses register operands and consumes registers; no intended global memory operation in the timed kernel,8,unchecked; run Nsight Compute validation separately,2,False,fp16-energy-bench-v2,"nvml_timed_energy_counter,explicit_m16n16k16_denominator,strict_denominator_provenance,tensor_no_memory_warpsync_baseline,timed_kernel_memory_provenance",1037.69,176.4043934059784,nvml_total_energy_counter,1029.3860592300023,174.9927467346116,average_instant,174.6704347826087,nan,174.6704347826087,400.0,True,8.30394076999778,1.0080668867579277,46,6,1410.0,1410.0,1410.0,41.608695652173914,42.0,99.8695652173913,100.0,100.0,100.0,4096,12288,8192,8192,2,16,221183986176,m16n16k16,16,16,4096,16384
ga100,ampere,"A100/GA100 path uses warp-level HMMA m16n8k16 pairs; compare against H100/RTX3090 only with the same logical m16n16k16 workload, clock policy, and baseline subtraction",ce960f9677a1,results/fp16_long_sweep_a100_20260603_034822/raw/long5s_tensor_mma_f16acc_t384_b8_rep000_baseline_780eb810/bench.json,False,864,8,none,8.0,long5s_tensor_mma_f16acc_t384_b8,0,5352.74169922,,0,NVIDIA A100-SXM4-80GB,580.159.03,0,0,0,baseline_or_memory,benchmark uses warp-level HMMA mma.sync m16n8k16 pairs,datacenter,GPU-736f9b27-a462-1683-4dae-8866344ef6f4,1780458941756415952,1780458936403662639,2666667,tensor_baseline_mov,41943040,256,1,0,0,0,0,NVIDIA A100-SXM4-80GB,400.0,757.761,143080714242,nvmlDeviceGetTotalEnergyConsumption available via CUDA PCI bus id 0000:00:06.0,143079956481,True,00000000:00:06.0,results/fp16_long_sweep_a100_20260603_034822/raw/long5s_tensor_mma_f16acc_t384_b8_rep000_baseline_780eb810/power.csv,[],80,65536,0,10,baseline,long5s_tensor_mma_f16acc_t384_b8_rep000_baseline_780eb810,1780458941855907221,1780458935119264026,"['nvml_timed_energy_counter', 'explicit_m16n16k16_denominator', 'strict_denominator_provenance', 'tensor_no_memory_warpsync_baseline', 'timed_kernel_memory_provenance']",fp16-energy-bench-v2,49152,108,results/fp16_long_sweep_a100_20260603_034822/raw/long5s_tensor_mma_f16acc_t384_b8_rep000_baseline_780eb810/sm_util.csv,[],True,384,False,False,False,Tensor HMMA/register baseline uses register operands and consumes registers; no intended global memory operation in the timed kernel,8,unchecked; run Nsight Compute validation separately,2,False,fp16-energy-bench-v2,"nvml_timed_energy_counter,explicit_m16n16k16_denominator,strict_denominator_provenance,tensor_no_memory_warpsync_baseline,timed_kernel_memory_provenance",757.761,141.56471551933072,nvml_total_energy_counter,762.7433946957151,142.4955252175125,average_instant,142.49404761904762,nan,142.49404761904762,400.0,True,-4.982394695715129,0.9934677969938989,42,5,1410.0,1410.0,1410.0,39.0,39.0,100.0,100.0,100.0,100.0,,,,,,,,,,,,
ga100,ampere,"A100/GA100 path uses warp-level HMMA m16n8k16 pairs; compare against H100/RTX3090 only with the same logical m16n16k16 workload, clock policy, and baseline subtraction",ce960f9677a1,results/fp16_long_sweep_a100_20260603_034822/raw/long5s_tensor_mma_f16acc_t384_b8_rep000_test_ad41065e/bench.json,False,864,8,none,8.0,long5s_tensor_mma_f16acc_t384_b8,0,5877.66162109,,0,NVIDIA A100-SXM4-80GB,580.159.03,0,308.275581566,1811939554492416,tensor_core_mma_m16n16k16_f16acc,benchmark uses warp-level HMMA mma.sync m16n8k16 pairs,datacenter,GPU-736f9b27-a462-1683-4dae-8866344ef6f4,1780458960096660899,1780458954218987292,2666667,tensor_mma_f16acc,41943040,256,1,0,0,0,0,NVIDIA A100-SXM4-80GB,400.0,1039.438,143083868954,nvmlDeviceGetTotalEnergyConsumption available via CUDA PCI bus id 0000:00:06.0,143082829516,True,00000000:00:06.0,results/fp16_long_sweep_a100_20260603_034822/raw/long5s_tensor_mma_f16acc_t384_b8_rep000_test_ad41065e/power.csv,[],80,65536,0,1,test,long5s_tensor_mma_f16acc_t384_b8_rep000_test_ad41065e,1780458960197335721,1780458942248714750,"['nvml_timed_energy_counter', 'explicit_m16n16k16_denominator', 'strict_denominator_provenance', 'tensor_no_memory_warpsync_baseline', 'timed_kernel_memory_provenance']",fp16-energy-bench-v2,49152,108,results/fp16_long_sweep_a100_20260603_034822/raw/long5s_tensor_mma_f16acc_t384_b8_rep000_test_ad41065e/sm_util.csv,[],True,384,False,False,False,Tensor HMMA/register baseline uses register operands and consumes registers; no intended global memory operation in the timed kernel,8,unchecked; run Nsight Compute validation separately,2,False,fp16-energy-bench-v2,"nvml_timed_energy_counter,explicit_m16n16k16_denominator,strict_denominator_provenance,tensor_no_memory_warpsync_baseline,timed_kernel_memory_provenance",1039.438,176.8451379746715,nvml_total_energy_counter,1030.9975109184634,175.40911249147956,average_instant,175.3451111111111,nan,175.3451111111111,400.0,True,8.440489081536725,1.008186721104707,45,6,1410.0,1410.0,1410.0,41.888888888888886,42.0,100.0,100.0,100.0,100.0,4096,12288,8192,8192,2,16,221184027648,m16n16k16,16,16,4096,16384
ga100,ampere,"A100/GA100 path uses warp-level HMMA m16n8k16 pairs; compare against H100/RTX3090 only with the same logical m16n16k16 workload, clock policy, and baseline subtraction",ce960f9677a1,results/fp16_long_sweep_a100_20260603_034822/raw/long5s_tensor_mma_f16acc_t256_b8_rep000_baseline_9740697b/bench.json,False,864,8,none,8.0,long5s_tensor_mma_f16acc_t256_b8,0,5706.23779297,,0,NVIDIA A100-SXM4-80GB,580.159.03,0,0,0,baseline_or_memory,benchmark uses warp-level HMMA mma.sync m16n8k16 pairs,datacenter,GPU-736f9b27-a462-1683-4dae-8866344ef6f4,1780459180988709979,1780459175282456016,4000000,tensor_baseline_mov,41943040,256,1,0,0,0,0,NVIDIA A100-SXM4-80GB,400.0,797.593,143097965350,nvmlDeviceGetTotalEnergyConsumption available via CUDA PCI bus id 0000:00:06.0,143097167757,True,00000000:00:06.0,results/fp16_long_sweep_a100_20260603_034822/raw/long5s_tensor_mma_f16acc_t256_b8_rep000_baseline_9740697b/power.csv,[],80,65536,0,10,baseline,long5s_tensor_mma_f16acc_t256_b8_rep000_baseline_9740697b,1780459181144750350,1780459173817516345,"['nvml_timed_energy_counter', 'explicit_m16n16k16_denominator', 'strict_denominator_provenance', 'tensor_no_memory_warpsync_baseline', 'timed_kernel_memory_provenance']",fp16-energy-bench-v2,49152,108,results/fp16_long_sweep_a100_20260603_034822/raw/long5s_tensor_mma_f16acc_t256_b8_rep000_baseline_9740697b/sm_util.csv,[],True,256,False,False,False,Tensor HMMA/register baseline uses register operands and consumes registers; no intended global memory operation in the timed kernel,8,unchecked; run Nsight Compute validation separately,2,False,fp16-energy-bench-v2,"nvml_timed_energy_counter,explicit_m16n16k16_denominator,strict_denominator_provenance,tensor_no_memory_warpsync_baseline,timed_kernel_memory_provenance",797.593,139.7752369893951,nvml_total_energy_counter,809.7276762890399,141.90179433642567,average_instant,141.52772727272728,nan,141.52772727272728,400.0,True,-12.13467628903993,0.9850138797964115,44,6,1410.0,1410.0,1410.0,35.04545454545455,36.0,100.0,100.0,100.0,100.0,,,,,,,,,,,,
ga100,ampere,"A100/GA100 path uses warp-level HMMA m16n8k16 pairs; compare against H100/RTX3090 only with the same logical m16n16k16 workload, clock policy, and baseline subtraction",ce960f9677a1,results/fp16_long_sweep_a100_20260603_034822/raw/long5s_tensor_mma_f16acc_t256_b8_rep000_test_3bb4878c/bench.json,False,864,8,none,8.0,long5s_tensor_mma_f16acc_t256_b8,0,5897.65332031,,0,NVIDIA A100-SXM4-80GB,580.159.03,0,307.230559273,1811939328000000,tensor_core_mma_m16n16k16_f16acc,benchmark uses warp-level HMMA mma.sync m16n8k16 pairs,datacenter,GPU-736f9b27-a462-1683-4dae-8866344ef6f4,1780459199871338947,1780459193973683278,4000000,tensor_mma_f16acc,41943040,256,1,0,0,0,0,NVIDIA A100-SXM4-80GB,400.0,1003.781,143101158870,nvmlDeviceGetTotalEnergyConsumption available via CUDA PCI bus id 0000:00:06.0,143100155089,True,00000000:00:06.0,results/fp16_long_sweep_a100_20260603_034822/raw/long5s_tensor_mma_f16acc_t256_b8_rep000_test_3bb4878c/power.csv,[],80,65536,0,1,test,long5s_tensor_mma_f16acc_t256_b8_rep000_test_3bb4878c,1780459200012668505,1780459181965396754,"['nvml_timed_energy_counter', 'explicit_m16n16k16_denominator', 'strict_denominator_provenance', 'tensor_no_memory_warpsync_baseline', 'timed_kernel_memory_provenance']",fp16-energy-bench-v2,49152,108,results/fp16_long_sweep_a100_20260603_034822/raw/long5s_tensor_mma_f16acc_t256_b8_rep000_test_3bb4878c/sm_util.csv,[],True,256,False,False,False,Tensor HMMA/register baseline uses register operands and consumes registers; no intended global memory operation in the timed kernel,8,unchecked; run Nsight Compute validation separately,2,False,fp16-energy-bench-v2,"nvml_timed_energy_counter,explicit_m16n16k16_denominator,strict_denominator_provenance,tensor_no_memory_warpsync_baseline,timed_kernel_memory_provenance",1003.781,170.2000008708884,nvml_total_energy_counter,1013.9773220773885,171.928878012866,average_instant,171.5145652173913,nan,171.5145652173913,400.0,True,-10.196322077388572,0.9899442306495585,46,6,1410.0,1410.0,1410.0,39.73913043478261,40.0,100.0,100.0,100.0,100.0,4096,12288,8192,8192,2,16,221184000000,m16n16k16,16,16,4096,16384
ga100,ampere,"A100/GA100 path uses warp-level HMMA m16n8k16 pairs; compare against H100/RTX3090 only with the same logical m16n16k16 workload, clock policy, and baseline subtraction",ce960f9677a1,results/fp16_long_sweep_a100_20260603_034822/raw/long5s_tensor_mma_f16acc_t384_b4_rep000_baseline_3528cde7/bench.json,False,432,4,none,8.0,long5s_tensor_mma_f16acc_t384_b4,0,5627.48193359,,0,NVIDIA A100-SXM4-80GB,580.159.03,0,0,0,baseline_or_memory,benchmark uses warp-level HMMA mma.sync m16n8k16 pairs,datacenter,GPU-736f9b27-a462-1683-4dae-8866344ef6f4,1780459208161758178,1780459202534272643,5333333,tensor_baseline_mov,41943040,256,1,0,0,0,0,NVIDIA A100-SXM4-80GB,400.0,782.795,143102236490,nvmlDeviceGetTotalEnergyConsumption available via CUDA PCI bus id 0000:00:06.0,143101453695,True,00000000:00:06.0,results/fp16_long_sweep_a100_20260603_034822/raw/long5s_tensor_mma_f16acc_t384_b4_rep000_baseline_3528cde7/power.csv,[],80,65536,0,10,baseline,long5s_tensor_mma_f16acc_t384_b4_rep000_baseline_3528cde7,1780459208296046605,1780459201195546672,"['nvml_timed_energy_counter', 'explicit_m16n16k16_denominator', 'strict_denominator_provenance', 'tensor_no_memory_warpsync_baseline', 'timed_kernel_memory_provenance']",fp16-energy-bench-v2,49152,108,results/fp16_long_sweep_a100_20260603_034822/raw/long5s_tensor_mma_f16acc_t384_b4_rep000_baseline_3528cde7/sm_util.csv,"[""Unexpected nvidia-smi dmon output: '0'""]",True,384,False,False,False,Tensor HMMA/register baseline uses register operands and consumes registers; no intended global memory operation in the timed kernel,8,unchecked; run Nsight Compute validation separately,2,False,fp16-energy-bench-v2,"nvml_timed_energy_counter,explicit_m16n16k16_denominator,strict_denominator_provenance,tensor_no_memory_warpsync_baseline,timed_kernel_memory_provenance",782.795,139.10209011314677,nvml_total_energy_counter,780.6081467009038,138.71348790608732,average_instant,138.7986046511628,nan,138.7986046511628,400.0,True,2.1868532990961285,1.0028014738359297,43,5,1410.0,1410.0,1410.0,37.58139534883721,38.0,100.0,100.0,100.0,100.0,,,,,,,,,,,,
ga100,ampere,"A100/GA100 path uses warp-level HMMA m16n8k16 pairs; compare against H100/RTX3090 only with the same logical m16n16k16 workload, clock policy, and baseline subtraction",ce960f9677a1,results/fp16_long_sweep_a100_20260603_034822/raw/long5s_tensor_mma_f16acc_t384_b4_rep000_test_436ac3bb/bench.json,False,432,4,none,8.0,long5s_tensor_mma_f16acc_t384_b4,0,5884.80712891,,0,NVIDIA A100-SXM4-80GB,580.159.03,0,307.901206456,1811939214753792,tensor_core_mma_m16n16k16_f16acc,benchmark uses warp-level HMMA mma.sync m16n8k16 pairs,datacenter,GPU-736f9b27-a462-1683-4dae-8866344ef6f4,1780459227184939461,1780459221300082469,5333333,tensor_mma_f16acc,41943040,256,1,0,0,0,0,NVIDIA A100-SXM4-80GB,400.0,1033.98,143105419896,nvmlDeviceGetTotalEnergyConsumption available via CUDA PCI bus id 0000:00:06.0,143104385916,True,00000000:00:06.0,results/fp16_long_sweep_a100_20260603_034822/raw/long5s_tensor_mma_f16acc_t384_b4_rep000_test_436ac3bb/power.csv,[],80,65536,0,1,test,long5s_tensor_mma_f16acc_t384_b4_rep000_test_436ac3bb,1780459227294879988,1780459209316659675,"['nvml_timed_energy_counter', 'explicit_m16n16k16_denominator', 'strict_denominator_provenance', 'tensor_no_memory_warpsync_baseline', 'timed_kernel_memory_provenance']",fp16-energy-bench-v2,49152,108,results/fp16_long_sweep_a100_20260603_034822/raw/long5s_tensor_mma_f16acc_t384_b4_rep000_test_436ac3bb/sm_util.csv,[],True,384,False,False,False,Tensor HMMA/register baseline uses register operands and consumes registers; no intended global memory operation in the timed kernel,8,unchecked; run Nsight Compute validation separately,2,False,fp16-energy-bench-v2,"nvml_timed_energy_counter,explicit_m16n16k16_denominator,strict_denominator_provenance,tensor_no_memory_warpsync_baseline,timed_kernel_memory_provenance",1033.98,175.70180573727018,nvml_total_energy_counter,1026.585144071147,174.4452151457051,average_instant,174.22866666666667,nan,174.22866666666667,400.0,True,7.394855928853076,1.0072033537320901,45,6,1410.0,1410.0,1410.0,40.955555555555556,41.0,100.0,100.0,100.0,100.0,4096,12288,8192,8192,2,16,221183986176,m16n16k16,16,16,4096,16384
ga100,ampere,"A100/GA100 path uses warp-level HMMA m16n8k16 pairs; compare against H100/RTX3090 only with the same logical m16n16k16 workload, clock policy, and baseline subtraction",ce960f9677a1,results/fp16_long_sweep_a100_20260603_034822/raw/long5s_tensor_mma_f16acc_t256_b8_rep001_baseline_7c9ad260/bench.json,False,864,8,none,8.0,long5s_tensor_mma_f16acc_t256_b8,0,5707.84472656,,0,NVIDIA A100-SXM4-80GB,580.159.03,0,0,0,baseline_or_memory,benchmark uses warp-level HMMA mma.sync m16n8k16 pairs,datacenter,GPU-736f9b27-a462-1683-4dae-8866344ef6f4,1780459235577892817,1780459229870040906,4000000,tensor_baseline_mov,41943040,256,1,0,0,0,0,NVIDIA A100-SXM4-80GB,400.0,782.158,143106495753,nvmlDeviceGetTotalEnergyConsumption available via CUDA PCI bus id 0000:00:06.0,143105713595,True,00000000:00:06.0,results/fp16_long_sweep_a100_20260603_034822/raw/long5s_tensor_mma_f16acc_t256_b8_rep001_baseline_7c9ad260/power.csv,[],80,65536,1,10,baseline,long5s_tensor_mma_f16acc_t256_b8_rep001_baseline_7c9ad260,1780459235683036444,1780459228515940608,"['nvml_timed_energy_counter', 'explicit_m16n16k16_denominator', 'strict_denominator_provenance', 'tensor_no_memory_warpsync_baseline', 'timed_kernel_memory_provenance']",fp16-energy-bench-v2,49152,108,results/fp16_long_sweep_a100_20260603_034822/raw/long5s_tensor_mma_f16acc_t256_b8_rep001_baseline_7c9ad260/sm_util.csv,[],True,256,False,False,False,Tensor HMMA/register baseline uses register operands and consumes registers; no intended global memory operation in the timed kernel,8,unchecked; run Nsight Compute validation separately,2,False,fp16-energy-bench-v2,"nvml_timed_energy_counter,explicit_m16n16k16_denominator,strict_denominator_provenance,tensor_no_memory_warpsync_baseline,timed_kernel_memory_provenance",782.158,137.03193639145556,nvml_total_energy_counter,793.3379063022326,138.99062531270928,average_instant,138.94636363636366,nan,138.94636363636366,400.0,True,-11.179906302232553,0.9859077623627713,44,6,1410.0,1410.0,1410.0,38.0,38.0,100.0,100.0,100.0,100.0,,,,,,,,,,,,
ga100,ampere,"A100/GA100 path uses warp-level HMMA m16n8k16 pairs; compare against H100/RTX3090 only with the same logical m16n16k16 workload, clock policy, and baseline subtraction",ce960f9677a1,results/fp16_long_sweep_a100_20260603_034822/raw/long5s_tensor_mma_f16acc_t256_b8_rep001_test_b37be507/bench.json,False,864,8,none,8.0,long5s_tensor_mma_f16acc_t256_b8,0,5896.94482422,,0,NVIDIA A100-SXM4-80GB,580.159.03,0,307.267471888,1811939328000000,tensor_core_mma_m16n16k16_f16acc,benchmark uses warp-level HMMA mma.sync m16n8k16 pairs,datacenter,GPU-736f9b27-a462-1683-4dae-8866344ef6f4,1780459254565827509,1780459248668876988,4000000,tensor_mma_f16acc,41943040,256,1,0,0,0,0,NVIDIA A100-SXM4-80GB,400.0,1025.443,143109659071,nvmlDeviceGetTotalEnergyConsumption available via CUDA PCI bus id 0000:00:06.0,143108633628,True,00000000:00:06.0,results/fp16_long_sweep_a100_20260603_034822/raw/long5s_tensor_mma_f16acc_t256_b8_rep001_test_b37be507/power.csv,[],80,65536,1,1,test,long5s_tensor_mma_f16acc_t256_b8_rep001_test_b37be507,1780459254671430494,1780459236664774880,"['nvml_timed_energy_counter', 'explicit_m16n16k16_denominator', 'strict_denominator_provenance', 'tensor_no_memory_warpsync_baseline', 'timed_kernel_memory_provenance']",fp16-energy-bench-v2,49152,108,results/fp16_long_sweep_a100_20260603_034822/raw/long5s_tensor_mma_f16acc_t256_b8_rep001_test_b37be507/sm_util.csv,[],True,256,False,False,False,Tensor HMMA/register baseline uses register operands and consumes registers; no intended global memory operation in the timed kernel,8,unchecked; run Nsight Compute validation separately,2,False,fp16-energy-bench-v2,"nvml_timed_energy_counter,explicit_m16n16k16_denominator,strict_denominator_provenance,tensor_no_memory_warpsync_baseline,timed_kernel_memory_provenance",1025.443,173.89377719013083,nvml_total_energy_counter,1018.1574024574422,172.65829157487724,average_instant,172.0454347826087,nan,172.0454347826087,400.0,True,7.285597542557753,1.0071556691774504,46,6,1410.0,1410.0,1410.0,40.97826086956522,41.0,100.0,100.0,100.0,100.0,4096,12288,8192,8192,2,16,221184000000,m16n16k16,16,16,4096,16384
ga100,ampere,"A100/GA100 path uses warp-level HMMA m16n8k16 pairs; compare against H100/RTX3090 only with the same logical m16n16k16 workload, clock policy, and baseline subtraction",ce960f9677a1,results/fp16_long_sweep_a100_20260603_034822/raw/long5s_tensor_mma_f16acc_t384_b4_rep001_baseline_ac6fc40b/bench.json,False,432,4,none,8.0,long5s_tensor_mma_f16acc_t384_b4,0,5627.04785156,,0,NVIDIA A100-SXM4-80GB,580.159.03,0,0,0,baseline_or_memory,benchmark uses warp-level HMMA mma.sync m16n8k16 pairs,datacenter,GPU-736f9b27-a462-1683-4dae-8866344ef6f4,1780459262822067025,1780459257195008441,5333333,tensor_baseline_mov,41943040,256,1,0,0,0,0,NVIDIA A100-SXM4-80GB,400.0,786.49,143110730765,nvmlDeviceGetTotalEnergyConsumption available via CUDA PCI bus id 0000:00:06.0,143109944275,True,00000000:00:06.0,results/fp16_long_sweep_a100_20260603_034822/raw/long5s_tensor_mma_f16acc_t384_b4_rep001_baseline_ac6fc40b/power.csv,[],80,65536,1,10,baseline,long5s_tensor_mma_f16acc_t384_b4_rep001_baseline_ac6fc40b,1780459262993003038,1780459255855615208,"['nvml_timed_energy_counter', 'explicit_m16n16k16_denominator', 'strict_denominator_provenance', 'tensor_no_memory_warpsync_baseline', 'timed_kernel_memory_provenance']",fp16-energy-bench-v2,49152,108,results/fp16_long_sweep_a100_20260603_034822/raw/long5s_tensor_mma_f16acc_t384_b4_rep001_baseline_ac6fc40b/sm_util.csv,"[""Unexpected nvidia-smi dmon output: '0'""]",True,384,False,False,False,Tensor HMMA/register baseline uses register operands and consumes registers; no intended global memory operation in the timed kernel,8,unchecked; run Nsight Compute validation separately,2,False,fp16-energy-bench-v2,"nvml_timed_energy_counter,explicit_m16n16k16_denominator,strict_denominator_provenance,tensor_no_memory_warpsync_baseline,timed_kernel_memory_provenance",786.49,139.76929300795067,nvml_total_energy_counter,789.0784468906379,140.22929299764294,average_instant,140.12395348837208,nan,140.12395348837208,400.0,True,-2.588446890637897,0.9967196583548344,43,5,1410.0,1410.0,1410.0,38.55813953488372,39.0,100.0,100.0,100.0,100.0,,,,,,,,,,,,
ga100,ampere,"A100/GA100 path uses warp-level HMMA m16n8k16 pairs; compare against H100/RTX3090 only with the same logical m16n16k16 workload, clock policy, and baseline subtraction",ce960f9677a1,results/fp16_long_sweep_a100_20260603_034822/raw/long5s_tensor_mma_f16acc_t384_b4_rep001_test_81e99ea0/bench.json,False,432,4,none,8.0,long5s_tensor_mma_f16acc_t384_b4,0,5885.18505859,,0,NVIDIA A100-SXM4-80GB,580.159.03,0,307.881433925,1811939214753792,tensor_core_mma_m16n16k16_f16acc,benchmark uses warp-level HMMA mma.sync m16n8k16 pairs,datacenter,GPU-736f9b27-a462-1683-4dae-8866344ef6f4,1780459281826499833,1780459275941287465,5333333,tensor_mma_f16acc,41943040,256,1,0,0,0,0,NVIDIA A100-SXM4-80GB,400.0,1019.325,143113922055,nvmlDeviceGetTotalEnergyConsumption available via CUDA PCI bus id 0000:00:06.0,143112902730,True,00000000:00:06.0,results/fp16_long_sweep_a100_20260603_034822/raw/long5s_tensor_mma_f16acc_t384_b4_rep001_test_81e99ea0/power.csv,[],80,65536,1,1,test,long5s_tensor_mma_f16acc_t384_b4_rep001_test_81e99ea0,1780459281925920180,1780459263963372211,"['nvml_timed_energy_counter', 'explicit_m16n16k16_denominator', 'strict_denominator_provenance', 'tensor_no_memory_warpsync_baseline', 'timed_kernel_memory_provenance']",fp16-energy-bench-v2,49152,108,results/fp16_long_sweep_a100_20260603_034822/raw/long5s_tensor_mma_f16acc_t384_b4_rep001_test_81e99ea0/sm_util.csv,[],True,384,False,False,False,Tensor HMMA/register baseline uses register operands and consumes registers; no intended global memory operation in the timed kernel,8,unchecked; run Nsight Compute validation separately,2,False,fp16-energy-bench-v2,"nvml_timed_energy_counter,explicit_m16n16k16_denominator,strict_denominator_provenance,tensor_no_memory_warpsync_baseline,timed_kernel_memory_provenance",1019.325,173.20105652302945,nvml_total_energy_counter,1028.913295019266,174.83027470917355,average_instant,174.59760869565216,nan,174.59760869565216,400.0,True,-9.588295019265843,0.990681143818745,46,6,1410.0,1410.0,1410.0,41.0,41.0,99.84782608695652,100.0,99.83333333333333,100.0,4096,12288,8192,8192,2,16,221183986176,m16n16k16,16,16,4096,16384
ga100,ampere,"A100/GA100 path uses warp-level HMMA m16n8k16 pairs; compare against H100/RTX3090 only with the same logical m16n16k16 workload, clock policy, and baseline subtraction",ce960f9677a1,results/fp16_long_sweep_a100_20260603_034822/raw/long5s_tensor_mma_f16acc_t256_b8_rep002_baseline_18906a6e/bench.json,False,864,8,none,8.0,long5s_tensor_mma_f16acc_t256_b8,0,5705.25,,0,NVIDIA A100-SXM4-80GB,580.159.03,0,0,0,baseline_or_memory,benchmark uses warp-level HMMA mma.sync m16n8k16 pairs,datacenter,GPU-736f9b27-a462-1683-4dae-8866344ef6f4,1780459290233513922,1780459284528253132,4000000,tensor_baseline_mov,41943040,256,1,0,0,0,0,NVIDIA A100-SXM4-80GB,400.0,794.529,143115012487,nvmlDeviceGetTotalEnergyConsumption available via CUDA PCI bus id 0000:00:06.0,143114217958,True,00000000:00:06.0,results/fp16_long_sweep_a100_20260603_034822/raw/long5s_tensor_mma_f16acc_t256_b8_rep002_baseline_18906a6e/power.csv,[],80,65536,2,10,baseline,long5s_tensor_mma_f16acc_t256_b8_rep002_baseline_18906a6e,1780459290329640842,1780459283171849245,"['nvml_timed_energy_counter', 'explicit_m16n16k16_denominator', 'strict_denominator_provenance', 'tensor_no_memory_warpsync_baseline', 'timed_kernel_memory_provenance']",fp16-energy-bench-v2,49152,108,results/fp16_long_sweep_a100_20260603_034822/raw/long5s_tensor_mma_f16acc_t256_b8_rep002_baseline_18906a6e/sm_util.csv,"[""Unexpected nvidia-smi dmon output: '0'""]",True,256,False,False,False,Tensor HMMA/register baseline uses register operands and consumes registers; no intended global memory operation in the timed kernel,8,unchecked; run Nsight Compute validation separately,2,False,fp16-energy-bench-v2,"nvml_timed_energy_counter,explicit_m16n16k16_denominator,strict_denominator_provenance,tensor_no_memory_warpsync_baseline,timed_kernel_memory_provenance",794.529,139.26252089871602,nvml_total_energy_counter,796.6534682288593,139.63489094577557,average_instant,139.6809090909091,nan,139.6809090909091,400.0,True,-2.124468228859314,0.9973332592983214,44,6,1410.0,1410.0,1410.0,38.68181818181818,39.0,100.0,100.0,100.0,100.0,,,,,,,,,,,,
ga100,ampere,"A100/GA100 path uses warp-level HMMA m16n8k16 pairs; compare against H100/RTX3090 only with the same logical m16n16k16 workload, clock policy, and baseline subtraction",ce960f9677a1,results/fp16_long_sweep_a100_20260603_034822/raw/long5s_tensor_mma_f16acc_t256_b8_rep002_test_2332a6b6/bench.json,False,864,8,none,8.0,long5s_tensor_mma_f16acc_t256_b8,0,5895.92675781,,0,NVIDIA A100-SXM4-80GB,580.159.03,0,307.320528634,1811939328000000,tensor_core_mma_m16n16k16_f16acc,benchmark uses warp-level HMMA mma.sync m16n8k16 pairs,datacenter,GPU-736f9b27-a462-1683-4dae-8866344ef6f4,1780459309211060130,1780459303315115766,4000000,tensor_mma_f16acc,41943040,256,1,0,0,0,0,NVIDIA A100-SXM4-80GB,400.0,1026.3,143118183275,nvmlDeviceGetTotalEnergyConsumption available via CUDA PCI bus id 0000:00:06.0,143117156975,True,00000000:00:06.0,results/fp16_long_sweep_a100_20260603_034822/raw/long5s_tensor_mma_f16acc_t256_b8_rep002_test_2332a6b6/power.csv,[],80,65536,2,1,test,long5s_tensor_mma_f16acc_t256_b8_rep002_test_2332a6b6,1780459309338792396,1780459291311623121,"['nvml_timed_energy_counter', 'explicit_m16n16k16_denominator', 'strict_denominator_provenance', 'tensor_no_memory_warpsync_baseline', 'timed_kernel_memory_provenance']",fp16-energy-bench-v2,49152,108,results/fp16_long_sweep_a100_20260603_034822/raw/long5s_tensor_mma_f16acc_t256_b8_rep002_test_2332a6b6/sm_util.csv,[],True,256,False,False,False,Tensor HMMA/register baseline uses register operands and consumes registers; no intended global memory operation in the timed kernel,8,unchecked; run Nsight Compute validation separately,2,False,fp16-energy-bench-v2,"nvml_timed_energy_counter,explicit_m16n16k16_denominator,strict_denominator_provenance,tensor_no_memory_warpsync_baseline,timed_kernel_memory_provenance",1026.3,174.06880673204398,nvml_total_energy_counter,1022.94209807096,173.4992793210421,average_instant,173.4691304347826,nan,173.4691304347826,400.0,True,3.35790192903994,1.003282592372894,46,6,1410.0,1410.0,1410.0,41.0,41.0,100.0,100.0,100.0,100.0,4096,12288,8192,8192,2,16,221184000000,m16n16k16,16,16,4096,16384
ga100,ampere,"A100/GA100 path uses warp-level HMMA m16n8k16 pairs; compare against H100/RTX3090 only with the same logical m16n16k16 workload, clock policy, and baseline subtraction",ce960f9677a1,results/fp16_long_sweep_a100_20260603_034822/raw/long5s_tensor_mma_f16acc_t384_b4_rep002_baseline_f25caa3e/bench.json,False,432,4,none,8.0,long5s_tensor_mma_f16acc_t384_b4,0,5627.10009766,,0,NVIDIA A100-SXM4-80GB,580.159.03,0,0,0,baseline_or_memory,benchmark uses warp-level HMMA mma.sync m16n8k16 pairs,datacenter,GPU-736f9b27-a462-1683-4dae-8866344ef6f4,1780459317482272161,1780459311855161640,5333333,tensor_baseline_mov,41943040,256,1,0,0,0,0,NVIDIA A100-SXM4-80GB,400.0,787.332,143119253766,nvmlDeviceGetTotalEnergyConsumption available via CUDA PCI bus id 0000:00:06.0,143118466434,True,00000000:00:06.0,results/fp16_long_sweep_a100_20260603_034822/raw/long5s_tensor_mma_f16acc_t384_b4_rep002_baseline_f25caa3e/power.csv,[],80,65536,2,10,baseline,long5s_tensor_mma_f16acc_t384_b4_rep002_baseline_f25caa3e,1780459317610572719,1780459310518688437,"['nvml_timed_energy_counter', 'explicit_m16n16k16_denominator', 'strict_denominator_provenance', 'tensor_no_memory_warpsync_baseline', 'timed_kernel_memory_provenance']",fp16-energy-bench-v2,49152,108,results/fp16_long_sweep_a100_20260603_034822/raw/long5s_tensor_mma_f16acc_t384_b4_rep002_baseline_f25caa3e/sm_util.csv,[],True,384,False,False,False,Tensor HMMA/register baseline uses register operands and consumes registers; no intended global memory operation in the timed kernel,8,unchecked; run Nsight Compute validation separately,2,False,fp16-energy-bench-v2,"nvml_timed_energy_counter,explicit_m16n16k16_denominator,strict_denominator_provenance,tensor_no_memory_warpsync_baseline,timed_kernel_memory_provenance",787.332,139.91763571405426,nvml_total_energy_counter,788.9171203329735,140.1993291919161,average_instant,140.26302325581398,nan,140.26302325581398,400.0,True,-1.5851203329734744,0.9979907644388495,43,5,1410.0,1410.0,1410.0,38.86046511627907,39.0,100.0,100.0,100.0,100.0,,,,,,,,,,,,
ga100,ampere,"A100/GA100 path uses warp-level HMMA m16n8k16 pairs; compare against H100/RTX3090 only with the same logical m16n16k16 workload, clock policy, and baseline subtraction",ce960f9677a1,results/fp16_long_sweep_a100_20260603_034822/raw/long5s_tensor_mma_f16acc_t384_b4_rep002_test_7c015ef6/bench.json,False,432,4,none,8.0,long5s_tensor_mma_f16acc_t384_b4,0,5884.07714844,,0,NVIDIA A100-SXM4-80GB,580.159.03,0,307.939404777,1811939214753792,tensor_core_mma_m16n16k16_f16acc,benchmark uses warp-level HMMA mma.sync m16n8k16 pairs,datacenter,GPU-736f9b27-a462-1683-4dae-8866344ef6f4,1780459336513277991,1780459330629187908,5333333,tensor_mma_f16acc,41943040,256,1,0,0,0,0,NVIDIA A100-SXM4-80GB,400.0,1020.22,143122447529,nvmlDeviceGetTotalEnergyConsumption available via CUDA PCI bus id 0000:00:06.0,143121427309,True,00000000:00:06.0,results/fp16_long_sweep_a100_20260603_034822/raw/long5s_tensor_mma_f16acc_t384_b4_rep002_test_7c015ef6/power.csv,[],80,65536,2,1,test,long5s_tensor_mma_f16acc_t384_b4_rep002_test_7c015ef6,1780459336607230381,1780459318645250938,"['nvml_timed_energy_counter', 'explicit_m16n16k16_denominator', 'strict_denominator_provenance', 'tensor_no_memory_warpsync_baseline', 'timed_kernel_memory_provenance']",fp16-energy-bench-v2,49152,108,results/fp16_long_sweep_a100_20260603_034822/raw/long5s_tensor_mma_f16acc_t384_b4_rep002_test_7c015ef6/sm_util.csv,[],True,384,False,False,False,Tensor HMMA/register baseline uses register operands and consumes registers; no intended global memory operation in the timed kernel,8,unchecked; run Nsight Compute validation separately,2,False,fp16-energy-bench-v2,"nvml_timed_energy_counter,explicit_m16n16k16_denominator,strict_denominator_provenance,tensor_no_memory_warpsync_baseline,timed_kernel_memory_provenance",1020.22,173.38619660966194,nvml_total_energy_counter,1027.2644367692965,174.58339731018296,average_instant,173.97934782608695,nan,173.97934782608695,400.0,True,-7.044436769296453,0.993142528333356,46,6,1410.0,1410.0,1410.0,41.21739130434783,42.0,100.0,100.0,100.0,100.0,4096,12288,8192,8192,2,16,221183986176,m16n16k16,16,16,4096,16384
ga100,ampere,"A100/GA100 path uses warp-level HMMA m16n8k16 pairs; compare against H100/RTX3090 only with the same logical m16n16k16 workload, clock policy, and baseline subtraction",ce960f9677a1,results/fp16_long_sweep_a100_20260603_034822/raw/long5s_tensor_mma_f16acc_t256_b8_rep003_baseline_d88aa6da/bench.json,False,864,8,none,8.0,long5s_tensor_mma_f16acc_t256_b8,0,5705.62548828,,0,NVIDIA A100-SXM4-80GB,580.159.03,0,0,0,baseline_or_memory,benchmark uses warp-level HMMA mma.sync m16n8k16 pairs,datacenter,GPU-736f9b27-a462-1683-4dae-8866344ef6f4,1780459344909214763,1780459339203523803,4000000,tensor_baseline_mov,41943040,256,1,0,0,0,0,NVIDIA A100-SXM4-80GB,400.0,795.686,143123538501,nvmlDeviceGetTotalEnergyConsumption available via CUDA PCI bus id 0000:00:06.0,143122742815,True,00000000:00:06.0,results/fp16_long_sweep_a100_20260603_034822/raw/long5s_tensor_mma_f16acc_t256_b8_rep003_baseline_d88aa6da/power.csv,[],80,65536,3,10,baseline,long5s_tensor_mma_f16acc_t256_b8_rep003_baseline_d88aa6da,1780459345014109744,1780459337852421243,"['nvml_timed_energy_counter', 'explicit_m16n16k16_denominator', 'strict_denominator_provenance', 'tensor_no_memory_warpsync_baseline', 'timed_kernel_memory_provenance']",fp16-energy-bench-v2,49152,108,results/fp16_long_sweep_a100_20260603_034822/raw/long5s_tensor_mma_f16acc_t256_b8_rep003_baseline_d88aa6da/sm_util.csv,[],True,256,False,False,False,Tensor HMMA/register baseline uses register operands and consumes registers; no intended global memory operation in the timed kernel,8,unchecked; run Nsight Compute validation separately,2,False,fp16-energy-bench-v2,"nvml_timed_energy_counter,explicit_m16n16k16_denominator,strict_denominator_provenance,tensor_no_memory_warpsync_baseline,timed_kernel_memory_provenance",795.686,139.45480145668458,nvml_total_energy_counter,790.8158832973146,138.60124721814842,average_instant,138.3890909090909,nan,138.3890909090909,400.0,True,4.870116702685436,1.0061583445724174,44,6,1410.0,1410.0,1410.0,38.77272727272727,39.0,100.0,100.0,100.0,100.0,,,,,,,,,,,,
ga100,ampere,"A100/GA100 path uses warp-level HMMA m16n8k16 pairs; compare against H100/RTX3090 only with the same logical m16n16k16 workload, clock policy, and baseline subtraction",ce960f9677a1,results/fp16_long_sweep_a100_20260603_034822/raw/long5s_tensor_mma_f16acc_t256_b8_rep003_test_16447f42/bench.json,False,864,8,none,8.0,long5s_tensor_mma_f16acc_t256_b8,0,5896.96386719,,0,NVIDIA A100-SXM4-80GB,580.159.03,0,307.266479634,1811939328000000,tensor_core_mma_m16n16k16_f16acc,benchmark uses warp-level HMMA mma.sync m16n8k16 pairs,datacenter,GPU-736f9b27-a462-1683-4dae-8866344ef6f4,1780459363856829377,1780459357959855229,4000000,tensor_mma_f16acc,41943040,256,1,0,0,0,0,NVIDIA A100-SXM4-80GB,400.0,1027.311,143126698292,nvmlDeviceGetTotalEnergyConsumption available via CUDA PCI bus id 0000:00:06.0,143125670981,True,00000000:00:06.0,results/fp16_long_sweep_a100_20260603_034822/raw/long5s_tensor_mma_f16acc_t256_b8_rep003_test_16447f42/power.csv,[],80,65536,3,1,test,long5s_tensor_mma_f16acc_t256_b8_rep003_test_16447f42,1780459363952731038,1780459345958239691,"['nvml_timed_energy_counter', 'explicit_m16n16k16_denominator', 'strict_denominator_provenance', 'tensor_no_memory_warpsync_baseline', 'timed_kernel_memory_provenance']",fp16-energy-bench-v2,49152,108,results/fp16_long_sweep_a100_20260603_034822/raw/long5s_tensor_mma_f16acc_t256_b8_rep003_test_16447f42/sm_util.csv,[],True,256,False,False,False,Tensor HMMA/register baseline uses register operands and consumes registers; no intended global memory operation in the timed kernel,8,unchecked; run Nsight Compute validation separately,2,False,fp16-energy-bench-v2,"nvml_timed_energy_counter,explicit_m16n16k16_denominator,strict_denominator_provenance,tensor_no_memory_warpsync_baseline,timed_kernel_memory_provenance",1027.311,174.20985309023607,nvml_total_energy_counter,1022.2241500161795,173.34723272661353,average_instant,173.09195652173912,nan,173.09195652173912,400.0,True,5.086849983820457,1.0049762569038698,46,6,1410.0,1410.0,1410.0,41.0,41.0,100.0,100.0,100.0,100.0,4096,12288,8192,8192,2,16,221184000000,m16n16k16,16,16,4096,16384
ga100,ampere,"A100/GA100 path uses warp-level HMMA m16n8k16 pairs; compare against H100/RTX3090 only with the same logical m16n16k16 workload, clock policy, and baseline subtraction",ce960f9677a1,results/fp16_long_sweep_a100_20260603_034822/raw/long5s_tensor_mma_f16acc_t384_b4_rep003_baseline_f3e08e0b/bench.json,False,432,4,none,8.0,long5s_tensor_mma_f16acc_t384_b4,0,5629.32226562,,0,NVIDIA A100-SXM4-80GB,580.159.03,0,0,0,baseline_or_memory,benchmark uses warp-level HMMA mma.sync m16n8k16 pairs,datacenter,GPU-736f9b27-a462-1683-4dae-8866344ef6f4,1780459372154389618,1780459366525055334,5333333,tensor_baseline_mov,41943040,256,1,0,0,0,0,NVIDIA A100-SXM4-80GB,400.0,788.156,143127782018,nvmlDeviceGetTotalEnergyConsumption available via CUDA PCI bus id 0000:00:06.0,143126993862,True,00000000:00:06.0,results/fp16_long_sweep_a100_20260603_034822/raw/long5s_tensor_mma_f16acc_t384_b4_rep003_baseline_f3e08e0b/power.csv,[],80,65536,3,10,baseline,long5s_tensor_mma_f16acc_t384_b4_rep003_baseline_f3e08e0b,1780459372273260122,1780459365188495141,"['nvml_timed_energy_counter', 'explicit_m16n16k16_denominator', 'strict_denominator_provenance', 'tensor_no_memory_warpsync_baseline', 'timed_kernel_memory_provenance']",fp16-energy-bench-v2,49152,108,results/fp16_long_sweep_a100_20260603_034822/raw/long5s_tensor_mma_f16acc_t384_b4_rep003_baseline_f3e08e0b/sm_util.csv,"[""Unexpected nvidia-smi dmon output: '0'""]",True,384,False,False,False,Tensor HMMA/register baseline uses register operands and consumes registers; no intended global memory operation in the timed kernel,8,unchecked; run Nsight Compute validation separately,2,False,fp16-energy-bench-v2,"nvml_timed_energy_counter,explicit_m16n16k16_denominator,strict_denominator_provenance,tensor_no_memory_warpsync_baseline,timed_kernel_memory_provenance",788.156,140.00873997483856,nvml_total_energy_counter,787.3726340171827,139.86958213781975,average_instant,139.94813953488372,nan,139.94813953488372,400.0,True,0.7833659828172586,1.0009949113659444,43,5,1410.0,1410.0,1410.0,38.83720930232558,39.0,100.0,100.0,100.0,100.0,,,,,,,,,,,,
ga100,ampere,"A100/GA100 path uses warp-level HMMA m16n8k16 pairs; compare against H100/RTX3090 only with the same logical m16n16k16 workload, clock policy, and baseline subtraction",ce960f9677a1,results/fp16_long_sweep_a100_20260603_034822/raw/long5s_tensor_mma_f16acc_t384_b4_rep003_test_f78f2029/bench.json,False,432,4,none,8.0,long5s_tensor_mma_f16acc_t384_b4,0,5883.11035156,,0,NVIDIA A100-SXM4-80GB,580.159.03,0,307.990009787,1811939214753792,tensor_core_mma_m16n16k16_f16acc,benchmark uses warp-level HMMA mma.sync m16n8k16 pairs,datacenter,GPU-736f9b27-a462-1683-4dae-8866344ef6f4,1780459391207768621,1780459385324649586,5333333,tensor_mma_f16acc,41943040,256,1,0,0,0,0,NVIDIA A100-SXM4-80GB,400.0,1038.04,143130977938,nvmlDeviceGetTotalEnergyConsumption available via CUDA PCI bus id 0000:00:06.0,143129939898,True,00000000:00:06.0,results/fp16_long_sweep_a100_20260603_034822/raw/long5s_tensor_mma_f16acc_t384_b4_rep003_test_f78f2029/power.csv,[],80,65536,3,1,test,long5s_tensor_mma_f16acc_t384_b4_rep003_test_f78f2029,1780459391314237106,1780459373343430069,"['nvml_timed_energy_counter', 'explicit_m16n16k16_denominator', 'strict_denominator_provenance', 'tensor_no_memory_warpsync_baseline', 'timed_kernel_memory_provenance']",fp16-energy-bench-v2,49152,108,results/fp16_long_sweep_a100_20260603_034822/raw/long5s_tensor_mma_f16acc_t384_b4_rep003_test_f78f2029/sm_util.csv,[],True,384,False,False,False,Tensor HMMA/register baseline uses register operands and consumes registers; no intended global memory operation in the timed kernel,8,unchecked; run Nsight Compute validation separately,2,False,fp16-energy-bench-v2,"nvml_timed_energy_counter,explicit_m16n16k16_denominator,strict_denominator_provenance,tensor_no_memory_warpsync_baseline,timed_kernel_memory_provenance",1038.04,176.4438206713932,nvml_total_energy_counter,1027.6727454276104,174.68161689636975,average_instant,174.0454347826087,nan,174.0454347826087,400.0,True,10.367254572389584,1.0100880894414261,46,6,1410.0,1410.0,1410.0,41.58695652173913,42.0,100.0,100.0,100.0,100.0,4096,12288,8192,8192,2,16,221183986176,m16n16k16,16,16,4096,16384
ga100,ampere,"A100/GA100 path uses warp-level HMMA m16n8k16 pairs; compare against H100/RTX3090 only with the same logical m16n16k16 workload, clock policy, and baseline subtraction",ce960f9677a1,results/fp16_long_sweep_a100_20260603_034822/raw/long5s_tensor_mma_f16acc_t384_b8_rep000_baseline_7786d96f/bench.json,False,864,8,none,8.0,long5s_tensor_mma_f16acc_t384_b8,0,5355.92871094,,0,NVIDIA A100-SXM4-80GB,580.159.03,0,0,0,baseline_or_memory,benchmark uses warp-level HMMA mma.sync m16n8k16 pairs,datacenter,GPU-736f9b27-a462-1683-4dae-8866344ef6f4,1780459480169528055,1780459474813576027,2666667,tensor_baseline_mov,41943040,256,1,0,0,0,0,NVIDIA A100-SXM4-80GB,400.0,772.334,143137025239,nvmlDeviceGetTotalEnergyConsumption available via CUDA PCI bus id 0000:00:06.0,143136252905,True,00000000:00:06.0,results/fp16_long_sweep_a100_20260603_034822/raw/long5s_tensor_mma_f16acc_t384_b8_rep000_baseline_7786d96f/power.csv,[],80,65536,0,10,baseline,long5s_tensor_mma_f16acc_t384_b8_rep000_baseline_7786d96f,1780459480276170515,1780459473430617809,"['nvml_timed_energy_counter', 'explicit_m16n16k16_denominator', 'strict_denominator_provenance', 'tensor_no_memory_warpsync_baseline', 'timed_kernel_memory_provenance']",fp16-energy-bench-v2,49152,108,results/fp16_long_sweep_a100_20260603_034822/raw/long5s_tensor_mma_f16acc_t384_b8_rep000_baseline_7786d96f/sm_util.csv,[],True,384,False,False,False,Tensor HMMA/register baseline uses register operands and consumes registers; no intended global memory operation in the timed kernel,8,unchecked; run Nsight Compute validation separately,2,False,fp16-energy-bench-v2,"nvml_timed_energy_counter,explicit_m16n16k16_denominator,strict_denominator_provenance,tensor_no_memory_warpsync_baseline,timed_kernel_memory_provenance",772.334,144.20106751561067,nvml_total_energy_counter,783.8386886836598,146.3490868823853,average_instant,146.3019512195122,nan,146.3019512195122,400.0,True,-11.504688683659879,0.985322632258711,41,5,1410.0,1410.0,1410.0,35.5609756097561,36.0,100.0,100.0,100.0,100.0,,,,,,,,,,,,
ga100,ampere,"A100/GA100 path uses warp-level HMMA m16n8k16 pairs; compare against H100/RTX3090 only with the same logical m16n16k16 workload, clock policy, and baseline subtraction",ce960f9677a1,results/fp16_long_sweep_a100_20260603_034822/raw/long5s_tensor_mma_f16acc_t384_b8_rep000_test_9de54fbf/bench.json,False,864,8,none,8.0,long5s_tensor_mma_f16acc_t384_b8,0,5880.60791016,,0,NVIDIA A100-SXM4-80GB,580.159.03,0,308.121130022,1811939554492416,tensor_core_mma_m16n16k16_f16acc,benchmark uses warp-level HMMA mma.sync m16n8k16 pairs,datacenter,GPU-736f9b27-a462-1683-4dae-8866344ef6f4,1780459498414209215,1780459492533597672,2666667,tensor_mma_f16acc,41943040,256,1,0,0,0,0,NVIDIA A100-SXM4-80GB,400.0,1031.929,143140190610,nvmlDeviceGetTotalEnergyConsumption available via CUDA PCI bus id 0000:00:06.0,143139158681,True,00000000:00:06.0,results/fp16_long_sweep_a100_20260603_034822/raw/long5s_tensor_mma_f16acc_t384_b8_rep000_test_9de54fbf/power.csv,[],80,65536,0,1,test,long5s_tensor_mma_f16acc_t384_b8_rep000_test_9de54fbf,1780459498511866284,1780459480557483461,"['nvml_timed_energy_counter', 'explicit_m16n16k16_denominator', 'strict_denominator_provenance', 'tensor_no_memory_warpsync_baseline', 'timed_kernel_memory_provenance']",fp16-energy-bench-v2,49152,108,results/fp16_long_sweep_a100_20260603_034822/raw/long5s_tensor_mma_f16acc_t384_b8_rep000_test_9de54fbf/sm_util.csv,[],True,384,False,False,False,Tensor HMMA/register baseline uses register operands and consumes registers; no intended global memory operation in the timed kernel,8,unchecked; run Nsight Compute validation separately,2,False,fp16-energy-bench-v2,"nvml_timed_energy_counter,explicit_m16n16k16_denominator,strict_denominator_provenance,tensor_no_memory_warpsync_baseline,timed_kernel_memory_provenance",1031.929,175.4798786579194,nvml_total_energy_counter,1022.4782890595732,173.87278203687552,average_instant,173.4441304347826,nan,173.4441304347826,400.0,True,9.450710940426916,1.0092429453432397,46,6,1410.0,1410.0,1410.0,40.0,40.0,100.0,100.0,100.0,100.0,4096,12288,8192,8192,2,16,221184027648,m16n16k16,16,16,4096,16384
ga100,ampere,"A100/GA100 path uses warp-level HMMA m16n8k16 pairs; compare against H100/RTX3090 only with the same logical m16n16k16 workload, clock policy, and baseline subtraction",ce960f9677a1,results/fp16_long_sweep_a100_20260603_034822/raw/long5s_tensor_mma_f16acc_t384_b8_rep001_baseline_1181066d/bench.json,False,864,8,none,8.0,long5s_tensor_mma_f16acc_t384_b8,0,5353.85595703,,0,NVIDIA A100-SXM4-80GB,580.159.03,0,0,0,baseline_or_memory,benchmark uses warp-level HMMA mma.sync m16n8k16 pairs,datacenter,GPU-736f9b27-a462-1683-4dae-8866344ef6f4,1780459505380950923,1780459500027084516,2666667,tensor_baseline_mov,41943040,256,1,0,0,0,0,NVIDIA A100-SXM4-80GB,400.0,753.946,143141142685,nvmlDeviceGetTotalEnergyConsumption available via CUDA PCI bus id 0000:00:06.0,143140388739,True,00000000:00:06.0,results/fp16_long_sweep_a100_20260603_034822/raw/long5s_tensor_mma_f16acc_t384_b8_rep001_baseline_1181066d/power.csv,[],80,65536,1,10,baseline,long5s_tensor_mma_f16acc_t384_b8_rep001_baseline_1181066d,1780459505519998758,1780459498742842455,"['nvml_timed_energy_counter', 'explicit_m16n16k16_denominator', 'strict_denominator_provenance', 'tensor_no_memory_warpsync_baseline', 'timed_kernel_memory_provenance']",fp16-energy-bench-v2,49152,108,results/fp16_long_sweep_a100_20260603_034822/raw/long5s_tensor_mma_f16acc_t384_b8_rep001_baseline_1181066d/sm_util.csv,[],True,384,False,False,False,Tensor HMMA/register baseline uses register operands and consumes registers; no intended global memory operation in the timed kernel,8,unchecked; run Nsight Compute validation separately,2,False,fp16-energy-bench-v2,"nvml_timed_energy_counter,explicit_m16n16k16_denominator,strict_denominator_provenance,tensor_no_memory_warpsync_baseline,timed_kernel_memory_provenance",753.946,140.8227144058434,nvml_total_energy_counter,752.1532693443739,140.48786655583316,average_instant,140.07166666666666,nan,140.07166666666666,400.0,True,1.7927306556260874,1.0023834645526286,42,5,1410.0,1410.0,1410.0,37.976190476190474,38.0,99.9047619047619,100.0,100.0,100.0,,,,,,,,,,,,
ga100,ampere,"A100/GA100 path uses warp-level HMMA m16n8k16 pairs; compare against H100/RTX3090 only with the same logical m16n16k16 workload, clock policy, and baseline subtraction",ce960f9677a1,results/fp16_long_sweep_a100_20260603_034822/raw/long5s_tensor_mma_f16acc_t384_b8_rep001_test_e690ef86/bench.json,False,864,8,none,8.0,long5s_tensor_mma_f16acc_t384_b8,0,5879.97900391,,0,NVIDIA A100-SXM4-80GB,580.159.03,0,308.154085803,1811939554492416,tensor_core_mma_m16n16k16_f16acc,benchmark uses warp-level HMMA mma.sync m16n8k16 pairs,datacenter,GPU-736f9b27-a462-1683-4dae-8866344ef6f4,1780459523710871493,1780459517830884941,2666667,tensor_mma_f16acc,41943040,256,1,0,0,0,0,NVIDIA A100-SXM4-80GB,400.0,1019.714,143144274031,nvmlDeviceGetTotalEnergyConsumption available via CUDA PCI bus id 0000:00:06.0,143143254317,True,00000000:00:06.0,results/fp16_long_sweep_a100_20260603_034822/raw/long5s_tensor_mma_f16acc_t384_b8_rep001_test_e690ef86/power.csv,[],80,65536,1,1,test,long5s_tensor_mma_f16acc_t384_b8_rep001_test_e690ef86,1780459523832119811,1780459505851264301,"['nvml_timed_energy_counter', 'explicit_m16n16k16_denominator', 'strict_denominator_provenance', 'tensor_no_memory_warpsync_baseline', 'timed_kernel_memory_provenance']",fp16-energy-bench-v2,49152,108,results/fp16_long_sweep_a100_20260603_034822/raw/long5s_tensor_mma_f16acc_t384_b8_rep001_test_e690ef86/sm_util.csv,[],True,384,False,False,False,Tensor HMMA/register baseline uses register operands and consumes registers; no intended global memory operation in the timed kernel,8,unchecked; run Nsight Compute validation separately,2,False,fp16-energy-bench-v2,"nvml_timed_energy_counter,explicit_m16n16k16_denominator,strict_denominator_provenance,tensor_no_memory_warpsync_baseline,timed_kernel_memory_provenance",1019.714,173.42114492645527,nvml_total_energy_counter,1028.8774350851197,174.9795558180589,average_instant,174.97622222222222,nan,174.97622222222222,400.0,True,-9.163435085119659,0.9910937544428102,45,6,1410.0,1410.0,1410.0,41.0,41.0,100.0,100.0,100.0,100.0,4096,12288,8192,8192,2,16,221184027648,m16n16k16,16,16,4096,16384
ga100,ampere,"A100/GA100 path uses warp-level HMMA m16n8k16 pairs; compare against H100/RTX3090 only with the same logical m16n16k16 workload, clock policy, and baseline subtraction",ce960f9677a1,results/fp16_long_sweep_a100_20260603_034822/raw/long5s_tensor_mma_f16acc_t384_b8_rep002_baseline_c79f5d9a/bench.json,False,864,8,none,8.0,long5s_tensor_mma_f16acc_t384_b8,0,5356.07177734,,0,NVIDIA A100-SXM4-80GB,580.159.03,0,0,0,baseline_or_memory,benchmark uses warp-level HMMA mma.sync m16n8k16 pairs,datacenter,GPU-736f9b27-a462-1683-4dae-8866344ef6f4,1780459531689577149,1780459526333490327,2666667,tensor_baseline_mov,41943040,256,1,0,0,0,0,NVIDIA A100-SXM4-80GB,400.0,755.633,143145313927,nvmlDeviceGetTotalEnergyConsumption available via CUDA PCI bus id 0000:00:06.0,143144558294,True,00000000:00:06.0,results/fp16_long_sweep_a100_20260603_034822/raw/long5s_tensor_mma_f16acc_t384_b8_rep002_baseline_c79f5d9a/power.csv,[],80,65536,2,10,baseline,long5s_tensor_mma_f16acc_t384_b8_rep002_baseline_c79f5d9a,1780459531800062170,1780459525053277110,"['nvml_timed_energy_counter', 'explicit_m16n16k16_denominator', 'strict_denominator_provenance', 'tensor_no_memory_warpsync_baseline', 'timed_kernel_memory_provenance']",fp16-energy-bench-v2,49152,108,results/fp16_long_sweep_a100_20260603_034822/raw/long5s_tensor_mma_f16acc_t384_b8_rep002_baseline_c79f5d9a/sm_util.csv,[],True,384,False,False,False,Tensor HMMA/register baseline uses register operands and consumes registers; no intended global memory operation in the timed kernel,8,unchecked; run Nsight Compute validation separately,2,False,fp16-energy-bench-v2,"nvml_timed_energy_counter,explicit_m16n16k16_denominator,strict_denominator_provenance,tensor_no_memory_warpsync_baseline,timed_kernel_memory_provenance",755.633,141.07930381118084,nvml_total_energy_counter,761.5287922263188,142.18006868341965,average_instant,142.18428571428572,nan,142.18428571428572,400.0,True,-5.895792226318804,0.9922579523105324,42,5,1410.0,1410.0,1410.0,38.69047619047619,39.0,99.83333333333333,100.0,99.8,100.0,,,,,,,,,,,,
ga100,ampere,"A100/GA100 path uses warp-level HMMA m16n8k16 pairs; compare against H100/RTX3090 only with the same logical m16n16k16 workload, clock policy, and baseline subtraction",ce960f9677a1,results/fp16_long_sweep_a100_20260603_034822/raw/long5s_tensor_mma_f16acc_t384_b8_rep002_test_c65846bf/bench.json,False,864,8,none,8.0,long5s_tensor_mma_f16acc_t384_b8,0,5879.53027344,,0,NVIDIA A100-SXM4-80GB,580.159.03,0,308.177604371,1811939554492416,tensor_core_mma_m16n16k16_f16acc,benchmark uses warp-level HMMA mma.sync m16n8k16 pairs,datacenter,GPU-736f9b27-a462-1683-4dae-8866344ef6f4,1780459550022375449,1780459544142832959,2666667,tensor_mma_f16acc,41943040,256,1,0,0,0,0,NVIDIA A100-SXM4-80GB,400.0,1038.297,143148463606,nvmlDeviceGetTotalEnergyConsumption available via CUDA PCI bus id 0000:00:06.0,143147425309,True,00000000:00:06.0,results/fp16_long_sweep_a100_20260603_034822/raw/long5s_tensor_mma_f16acc_t384_b8_rep002_test_c65846bf/power.csv,[],80,65536,2,1,test,long5s_tensor_mma_f16acc_t384_b8_rep002_test_c65846bf,1780459550130046299,1780459532168561751,"['nvml_timed_energy_counter', 'explicit_m16n16k16_denominator', 'strict_denominator_provenance', 'tensor_no_memory_warpsync_baseline', 'timed_kernel_memory_provenance']",fp16-energy-bench-v2,49152,108,results/fp16_long_sweep_a100_20260603_034822/raw/long5s_tensor_mma_f16acc_t384_b8_rep002_test_c65846bf/sm_util.csv,[],True,384,False,False,False,Tensor HMMA/register baseline uses register operands and consumes registers; no intended global memory operation in the timed kernel,8,unchecked; run Nsight Compute validation separately,2,False,fp16-energy-bench-v2,"nvml_timed_energy_counter,explicit_m16n16k16_denominator,strict_denominator_provenance,tensor_no_memory_warpsync_baseline,timed_kernel_memory_provenance",1038.297,176.5948629108385,nvml_total_energy_counter,1029.9049632801748,175.16753472431742,average_instant,175.07391304347829,nan,175.07391304347829,400.0,True,8.392036719825228,1.0081483603041363,46,6,1410.0,1410.0,1410.0,41.0,41.0,100.0,100.0,100.0,100.0,4096,12288,8192,8192,2,16,221184027648,m16n16k16,16,16,4096,16384
ga100,ampere,"A100/GA100 path uses warp-level HMMA m16n8k16 pairs; compare against H100/RTX3090 only with the same logical m16n16k16 workload, clock policy, and baseline subtraction",ce960f9677a1,results/fp16_long_sweep_a100_20260603_034822/raw/long5s_tensor_mma_f16acc_t384_b8_rep003_baseline_50bf9793/bench.json,False,864,8,none,8.0,long5s_tensor_mma_f16acc_t384_b8,0,5355.59277344,,0,NVIDIA A100-SXM4-80GB,580.159.03,0,0,0,baseline_or_memory,benchmark uses warp-level HMMA mma.sync m16n8k16 pairs,datacenter,GPU-736f9b27-a462-1683-4dae-8866344ef6f4,1780459558008158432,1780459552652548078,2666667,tensor_baseline_mov,41943040,256,1,0,0,0,0,NVIDIA A100-SXM4-80GB,400.0,756.848,143149503472,nvmlDeviceGetTotalEnergyConsumption available via CUDA PCI bus id 0000:00:06.0,143148746624,True,00000000:00:06.0,results/fp16_long_sweep_a100_20260603_034822/raw/long5s_tensor_mma_f16acc_t384_b8_rep003_baseline_50bf9793/power.csv,[],80,65536,3,10,baseline,long5s_tensor_mma_f16acc_t384_b8_rep003_baseline_50bf9793,1780459558112910696,1780459551369694068,"['nvml_timed_energy_counter', 'explicit_m16n16k16_denominator', 'strict_denominator_provenance', 'tensor_no_memory_warpsync_baseline', 'timed_kernel_memory_provenance']",fp16-energy-bench-v2,49152,108,results/fp16_long_sweep_a100_20260603_034822/raw/long5s_tensor_mma_f16acc_t384_b8_rep003_baseline_50bf9793/sm_util.csv,[],True,384,False,False,False,Tensor HMMA/register baseline uses register operands and consumes registers; no intended global memory operation in the timed kernel,8,unchecked; run Nsight Compute validation separately,2,False,fp16-energy-bench-v2,"nvml_timed_energy_counter,explicit_m16n16k16_denominator,strict_denominator_provenance,tensor_no_memory_warpsync_baseline,timed_kernel_memory_provenance",756.848,141.31871999140583,nvml_total_energy_counter,760.5599764383323,142.01182053326283,average_instant,142.01,nan,142.01,400.0,True,-3.7119764383323854,0.9951194165439583,42,5,1410.0,1410.0,1410.0,38.904761904761905,39.0,100.0,100.0,100.0,100.0,,,,,,,,,,,,
ga100,ampere,"A100/GA100 path uses warp-level HMMA m16n8k16 pairs; compare against H100/RTX3090 only with the same logical m16n16k16 workload, clock policy, and baseline subtraction",ce960f9677a1,results/fp16_long_sweep_a100_20260603_034822/raw/long5s_tensor_mma_f16acc_t384_b8_rep003_test_99629020/bench.json,False,864,8,none,8.0,long5s_tensor_mma_f16acc_t384_b8,0,5879.22314453,,0,NVIDIA A100-SXM4-80GB,580.159.03,0,308.193703479,1811939554492416,tensor_core_mma_m16n16k16_f16acc,benchmark uses warp-level HMMA mma.sync m16n8k16 pairs,datacenter,GPU-736f9b27-a462-1683-4dae-8866344ef6f4,1780459576340494837,1780459570461262370,2666667,tensor_mma_f16acc,41943040,256,1,0,0,0,0,NVIDIA A100-SXM4-80GB,400.0,1020.838,143152639146,nvmlDeviceGetTotalEnergyConsumption available via CUDA PCI bus id 0000:00:06.0,143151618308,True,00000000:00:06.0,results/fp16_long_sweep_a100_20260603_034822/raw/long5s_tensor_mma_f16acc_t384_b8_rep003_test_99629020/power.csv,[],80,65536,3,1,test,long5s_tensor_mma_f16acc_t384_b8_rep003_test_99629020,1780459576443341364,1780459558485648186,"['nvml_timed_energy_counter', 'explicit_m16n16k16_denominator', 'strict_denominator_provenance', 'tensor_no_memory_warpsync_baseline', 'timed_kernel_memory_provenance']",fp16-energy-bench-v2,49152,108,results/fp16_long_sweep_a100_20260603_034822/raw/long5s_tensor_mma_f16acc_t384_b8_rep003_test_99629020/sm_util.csv,[],True,384,False,False,False,Tensor HMMA/register baseline uses register operands and consumes registers; no intended global memory operation in the timed kernel,8,unchecked; run Nsight Compute validation separately,2,False,fp16-energy-bench-v2,"nvml_timed_energy_counter,explicit_m16n16k16_denominator,strict_denominator_provenance,tensor_no_memory_warpsync_baseline,timed_kernel_memory_provenance",1020.838,173.63456977249,nvml_total_energy_counter,1025.9303357501751,174.50072632927836,average_instant,173.75282608695653,nan,173.75282608695653,400.0,True,-5.0923357501751525,0.9950363727704264,46,6,1410.0,1410.0,1410.0,41.5,42.0,100.0,100.0,100.0,100.0,4096,12288,8192,8192,2,16,221184027648,m16n16k16,16,16,4096,16384
