sample_unix_ns,timestamp_text,power_w,power_draw_w,power_draw_average_w,power_draw_instant_w,power_limit_w,sm_clock_mhz,mem_clock_mhz,temp_c,pstate,util_gpu_pct,query_mode,raw
1780462704623151508,2026/06/03 04:58:24.645,60.88,60.88,,60.88,400.0,210.0,1593.0,30.0,P0,0.0,average_instant,"2026/06/03 04:58:24.645, 60.88, [N/A], 60.88, 400.00, 210, 1593, 30, P0, 0"
1780462704763910836,2026/06/03 04:58:24.793,61.5,61.5,,61.5,400.0,210.0,1593.0,30.0,P0,0.0,average_instant,"2026/06/03 04:58:24.793, 61.50, [N/A], 61.50, 400.00, 210, 1593, 30, P0, 0"
1780462704928800641,2026/06/03 04:58:24.949,68.57,68.57,,68.57,400.0,1155.0,1593.0,31.0,P0,0.0,average_instant,"2026/06/03 04:58:24.949, 68.57, [N/A], 68.57, 400.00, 1155, 1593, 31, P0, 0"
1780462705064053674,2026/06/03 04:58:25.084,75.03,75.03,,75.03,400.0,1155.0,1593.0,31.0,P0,0.0,average_instant,"2026/06/03 04:58:25.084, 75.03, [N/A], 75.03, 400.00, 1155, 1593, 31, P0, 0"
1780462705194956799,2026/06/03 04:58:25.215,96.58,96.58,,96.58,400.0,1410.0,1593.0,31.0,P0,0.0,average_instant,"2026/06/03 04:58:25.215, 96.58, [N/A], 96.58, 400.00, 1410, 1593, 31, P0, 0"
1780462705325658374,2026/06/03 04:58:25.345,96.85,96.85,,96.85,400.0,1410.0,1593.0,31.0,P0,0.0,average_instant,"2026/06/03 04:58:25.345, 96.85, [N/A], 96.85, 400.00, 1410, 1593, 31, P0, 0"
1780462705454632970,2026/06/03 04:58:25.474,97.18,97.18,,97.18,400.0,1410.0,1593.0,32.0,P0,0.0,average_instant,"2026/06/03 04:58:25.474, 97.18, [N/A], 97.18, 400.00, 1410, 1593, 32, P0, 0"
1780462705585084620,2026/06/03 04:58:25.604,97.18,97.18,,97.18,400.0,1410.0,1593.0,32.0,P0,0.0,average_instant,"2026/06/03 04:58:25.604, 97.18, [N/A], 97.18, 400.00, 1410, 1593, 32, P0, 0"
1780462705713305856,2026/06/03 04:58:25.732,97.08,97.08,,97.08,400.0,1410.0,1593.0,32.0,P0,0.0,average_instant,"2026/06/03 04:58:25.732, 97.08, [N/A], 97.08, 400.00, 1410, 1593, 32, P0, 0"
1780462705841704733,2026/06/03 04:58:25.861,97.18,97.18,,97.18,400.0,1410.0,1593.0,32.0,P0,0.0,average_instant,"2026/06/03 04:58:25.861, 97.18, [N/A], 97.18, 400.00, 1410, 1593, 32, P0, 0"
1780462705969856409,2026/06/03 04:58:25.989,97.18,97.18,,97.18,400.0,1410.0,1593.0,32.0,P0,100.0,average_instant,"2026/06/03 04:58:25.989, 97.18, [N/A], 97.18, 400.00, 1410, 1593, 32, P0, 100"
1780462706100136470,2026/06/03 04:58:26.120,97.18,97.18,,97.18,400.0,1410.0,1593.0,32.0,P0,100.0,average_instant,"2026/06/03 04:58:26.120, 97.18, [N/A], 97.18, 400.00, 1410, 1593, 32, P0, 100"
1780462706230270360,2026/06/03 04:58:26.251,97.42,97.42,,97.42,400.0,1410.0,1593.0,32.0,P0,100.0,average_instant,"2026/06/03 04:58:26.251, 97.42, [N/A], 97.42, 400.00, 1410, 1593, 32, P0, 100"
1780462706359834217,2026/06/03 04:58:26.379,97.18,97.18,,97.18,400.0,1410.0,1593.0,32.0,P0,100.0,average_instant,"2026/06/03 04:58:26.379, 97.18, [N/A], 97.18, 400.00, 1410, 1593, 32, P0, 100"
1780462706489033478,2026/06/03 04:58:26.508,97.18,97.18,,97.18,400.0,1410.0,1593.0,32.0,P0,100.0,average_instant,"2026/06/03 04:58:26.508, 97.18, [N/A], 97.18, 400.00, 1410, 1593, 32, P0, 100"
1780462706618079680,2026/06/03 04:58:26.638,97.18,97.18,,97.18,400.0,1410.0,1593.0,32.0,P0,100.0,average_instant,"2026/06/03 04:58:26.638, 97.18, [N/A], 97.18, 400.00, 1410, 1593, 32, P0, 100"
1780462706747548516,2026/06/03 04:58:26.767,97.52,97.52,,97.52,400.0,1410.0,1593.0,32.0,P0,100.0,average_instant,"2026/06/03 04:58:26.767, 97.52, [N/A], 97.52, 400.00, 1410, 1593, 32, P0, 100"
1780462706878930449,2026/06/03 04:58:26.898,97.18,97.18,,97.18,400.0,1410.0,1593.0,32.0,P0,100.0,average_instant,"2026/06/03 04:58:26.898, 97.18, [N/A], 97.18, 400.00, 1410, 1593, 32, P0, 100"
1780462707008117551,2026/06/03 04:58:27.027,97.18,97.18,,97.18,400.0,1410.0,1593.0,32.0,P0,100.0,average_instant,"2026/06/03 04:58:27.027, 97.18, [N/A], 97.18, 400.00, 1410, 1593, 32, P0, 100"
1780462707137546326,2026/06/03 04:58:27.157,97.52,97.52,,97.52,400.0,1410.0,1593.0,32.0,P0,100.0,average_instant,"2026/06/03 04:58:27.157, 97.52, [N/A], 97.52, 400.00, 1410, 1593, 32, P0, 100"
1780462707266447484,2026/06/03 04:58:27.286,97.18,97.18,,97.18,400.0,1410.0,1593.0,32.0,P0,100.0,average_instant,"2026/06/03 04:58:27.286, 97.18, [N/A], 97.18, 400.00, 1410, 1593, 32, P0, 100"
1780462707395692368,2026/06/03 04:58:27.415,97.52,97.52,,97.52,400.0,1410.0,1593.0,32.0,P0,100.0,average_instant,"2026/06/03 04:58:27.415, 97.52, [N/A], 97.52, 400.00, 1410, 1593, 32, P0, 100"
1780462707524332413,2026/06/03 04:58:27.544,97.42,97.42,,97.42,400.0,1410.0,1593.0,32.0,P0,100.0,average_instant,"2026/06/03 04:58:27.544, 97.42, [N/A], 97.42, 400.00, 1410, 1593, 32, P0, 100"
1780462707652775054,2026/06/03 04:58:27.672,97.52,97.52,,97.52,400.0,1410.0,1593.0,32.0,P0,100.0,average_instant,"2026/06/03 04:58:27.672, 97.52, [N/A], 97.52, 400.00, 1410, 1593, 32, P0, 100"
1780462707781959145,2026/06/03 04:58:27.801,97.52,97.52,,97.52,400.0,1410.0,1593.0,32.0,P0,100.0,average_instant,"2026/06/03 04:58:27.801, 97.52, [N/A], 97.52, 400.00, 1410, 1593, 32, P0, 100"
1780462707910800338,2026/06/03 04:58:27.930,97.52,97.52,,97.52,400.0,1410.0,1593.0,32.0,P0,100.0,average_instant,"2026/06/03 04:58:27.930, 97.52, [N/A], 97.52, 400.00, 1410, 1593, 32, P0, 100"
1780462708040681884,2026/06/03 04:58:28.060,97.42,97.42,,97.42,400.0,1410.0,1593.0,32.0,P0,100.0,average_instant,"2026/06/03 04:58:28.060, 97.42, [N/A], 97.42, 400.00, 1410, 1593, 32, P0, 100"
1780462708169583014,2026/06/03 04:58:28.189,97.52,97.52,,97.52,400.0,1410.0,1593.0,32.0,P0,100.0,average_instant,"2026/06/03 04:58:28.189, 97.52, [N/A], 97.52, 400.00, 1410, 1593, 32, P0, 100"
1780462708298552052,2026/06/03 04:58:28.318,97.52,97.52,,97.52,400.0,1410.0,1593.0,32.0,P0,100.0,average_instant,"2026/06/03 04:58:28.318, 97.52, [N/A], 97.52, 400.00, 1410, 1593, 32, P0, 100"
1780462708428332027,2026/06/03 04:58:28.448,97.52,97.52,,97.52,400.0,1410.0,1593.0,32.0,P0,100.0,average_instant,"2026/06/03 04:58:28.448, 97.52, [N/A], 97.52, 400.00, 1410, 1593, 32, P0, 100"
1780462708558029619,2026/06/03 04:58:28.577,97.42,97.42,,97.42,400.0,1410.0,1593.0,32.0,P0,100.0,average_instant,"2026/06/03 04:58:28.577, 97.42, [N/A], 97.42, 400.00, 1410, 1593, 32, P0, 100"
1780462708686931289,2026/06/03 04:58:28.706,97.52,97.52,,97.52,400.0,1410.0,1593.0,32.0,P0,100.0,average_instant,"2026/06/03 04:58:28.706, 97.52, [N/A], 97.52, 400.00, 1410, 1593, 32, P0, 100"
1780462708815698951,2026/06/03 04:58:28.835,97.42,97.42,,97.42,400.0,1410.0,1593.0,32.0,P0,100.0,average_instant,"2026/06/03 04:58:28.835, 97.42, [N/A], 97.42, 400.00, 1410, 1593, 32, P0, 100"
1780462708945901922,2026/06/03 04:58:28.965,97.52,97.52,,97.52,400.0,1410.0,1593.0,32.0,P0,100.0,average_instant,"2026/06/03 04:58:28.965, 97.52, [N/A], 97.52, 400.00, 1410, 1593, 32, P0, 100"
1780462709075664103,2026/06/03 04:58:29.095,97.52,97.52,,97.52,400.0,1410.0,1593.0,32.0,P0,100.0,average_instant,"2026/06/03 04:58:29.095, 97.52, [N/A], 97.52, 400.00, 1410, 1593, 32, P0, 100"
1780462709205597983,2026/06/03 04:58:29.225,97.52,97.52,,97.52,400.0,1410.0,1593.0,32.0,P0,100.0,average_instant,"2026/06/03 04:58:29.225, 97.52, [N/A], 97.52, 400.00, 1410, 1593, 32, P0, 100"
1780462709334794384,2026/06/03 04:58:29.353,97.52,97.52,,97.52,400.0,1410.0,1593.0,32.0,P0,100.0,average_instant,"2026/06/03 04:58:29.353, 97.52, [N/A], 97.52, 400.00, 1410, 1593, 32, P0, 100"
1780462709462556030,2026/06/03 04:58:29.481,97.42,97.42,,97.42,400.0,1410.0,1593.0,32.0,P0,100.0,average_instant,"2026/06/03 04:58:29.481, 97.42, [N/A], 97.42, 400.00, 1410, 1593, 32, P0, 100"
1780462709591005420,2026/06/03 04:58:29.610,97.52,97.52,,97.52,400.0,1410.0,1593.0,32.0,P0,100.0,average_instant,"2026/06/03 04:58:29.610, 97.52, [N/A], 97.52, 400.00, 1410, 1593, 32, P0, 100"
1780462709719705830,2026/06/03 04:58:29.739,97.52,97.52,,97.52,400.0,1410.0,1593.0,32.0,P0,100.0,average_instant,"2026/06/03 04:58:29.739, 97.52, [N/A], 97.52, 400.00, 1410, 1593, 32, P0, 100"
1780462709849676973,2026/06/03 04:58:29.869,97.52,97.52,,97.52,400.0,1410.0,1593.0,32.0,P0,100.0,average_instant,"2026/06/03 04:58:29.869, 97.52, [N/A], 97.52, 400.00, 1410, 1593, 32, P0, 100"
1780462709980012922,2026/06/03 04:58:30.000,97.42,97.42,,97.42,400.0,1410.0,1593.0,32.0,P0,100.0,average_instant,"2026/06/03 04:58:30.000, 97.42, [N/A], 97.42, 400.00, 1410, 1593, 32, P0, 100"
1780462710111100137,2026/06/03 04:58:30.131,97.52,97.52,,97.52,400.0,1410.0,1593.0,32.0,P0,100.0,average_instant,"2026/06/03 04:58:30.131, 97.52, [N/A], 97.52, 400.00, 1410, 1593, 32, P0, 100"
1780462710241172015,2026/06/03 04:58:30.260,97.52,97.52,,97.52,400.0,1410.0,1593.0,32.0,P0,100.0,average_instant,"2026/06/03 04:58:30.260, 97.52, [N/A], 97.52, 400.00, 1410, 1593, 32, P0, 100"
1780462710370277247,2026/06/03 04:58:30.389,97.42,97.42,,97.42,400.0,1410.0,1593.0,32.0,P0,100.0,average_instant,"2026/06/03 04:58:30.389, 97.42, [N/A], 97.42, 400.00, 1410, 1593, 32, P0, 100"
1780462710499086851,2026/06/03 04:58:30.518,97.52,97.52,,97.52,400.0,1410.0,1593.0,32.0,P0,100.0,average_instant,"2026/06/03 04:58:30.518, 97.52, [N/A], 97.52, 400.00, 1410, 1593, 32, P0, 100"
1780462710627648128,2026/06/03 04:58:30.647,97.52,97.52,,97.52,400.0,1410.0,1593.0,32.0,P0,100.0,average_instant,"2026/06/03 04:58:30.647, 97.52, [N/A], 97.52, 400.00, 1410, 1593, 32, P0, 100"
1780462710756243065,2026/06/03 04:58:30.775,97.52,97.52,,97.52,400.0,1410.0,1593.0,32.0,P0,100.0,average_instant,"2026/06/03 04:58:30.775, 97.52, [N/A], 97.52, 400.00, 1410, 1593, 32, P0, 100"
1780462710884892250,2026/06/03 04:58:30.904,97.79,97.79,,97.79,400.0,1410.0,1593.0,32.0,P0,100.0,average_instant,"2026/06/03 04:58:30.904, 97.79, [N/A], 97.79, 400.00, 1410, 1593, 32, P0, 100"
1780462711014406849,2026/06/03 04:58:31.034,97.79,97.79,,97.79,400.0,1410.0,1593.0,32.0,P0,100.0,average_instant,"2026/06/03 04:58:31.034, 97.79, [N/A], 97.79, 400.00, 1410, 1593, 32, P0, 100"
1780462711143149954,2026/06/03 04:58:31.162,97.79,97.79,,97.79,400.0,1410.0,1593.0,32.0,P0,100.0,average_instant,"2026/06/03 04:58:31.162, 97.79, [N/A], 97.79, 400.00, 1410, 1593, 32, P0, 100"
1780462711271809379,2026/06/03 04:58:31.291,97.69,97.69,,97.69,400.0,1410.0,1593.0,32.0,P0,100.0,average_instant,"2026/06/03 04:58:31.291, 97.69, [N/A], 97.69, 400.00, 1410, 1593, 32, P0, 100"
1780462711401036816,2026/06/03 04:58:31.421,97.69,97.69,,97.69,400.0,1410.0,1593.0,32.0,P0,100.0,average_instant,"2026/06/03 04:58:31.421, 97.69, [N/A], 97.69, 400.00, 1410, 1593, 32, P0, 100"
1780462711530378995,2026/06/03 04:58:31.549,97.79,97.79,,97.79,400.0,1410.0,1593.0,32.0,P0,100.0,average_instant,"2026/06/03 04:58:31.549, 97.79, [N/A], 97.79, 400.00, 1410, 1593, 32, P0, 100"
1780462711659960820,2026/06/03 04:58:31.679,97.79,97.79,,97.79,400.0,1410.0,1593.0,32.0,P0,100.0,average_instant,"2026/06/03 04:58:31.679, 97.79, [N/A], 97.79, 400.00, 1410, 1593, 32, P0, 100"
1780462711788626059,2026/06/03 04:58:31.808,97.69,97.69,,97.69,400.0,1410.0,1593.0,32.0,P0,100.0,average_instant,"2026/06/03 04:58:31.808, 97.69, [N/A], 97.69, 400.00, 1410, 1593, 32, P0, 100"
1780462711917399410,2026/06/03 04:58:31.937,97.79,97.79,,97.79,400.0,1410.0,1593.0,32.0,P0,100.0,average_instant,"2026/06/03 04:58:31.937, 97.79, [N/A], 97.79, 400.00, 1410, 1593, 32, P0, 100"
1780462712046607128,2026/06/03 04:58:32.066,97.69,97.69,,97.69,400.0,1410.0,1593.0,32.0,P0,100.0,average_instant,"2026/06/03 04:58:32.066, 97.69, [N/A], 97.69, 400.00, 1410, 1593, 32, P0, 100"
1780462712175518671,2026/06/03 04:58:32.195,97.79,97.79,,97.79,400.0,1410.0,1593.0,32.0,P0,100.0,average_instant,"2026/06/03 04:58:32.195, 97.79, [N/A], 97.79, 400.00, 1410, 1593, 32, P0, 100"
1780462712304987292,2026/06/03 04:58:32.324,97.79,97.79,,97.79,400.0,1410.0,1593.0,32.0,P0,100.0,average_instant,"2026/06/03 04:58:32.324, 97.79, [N/A], 97.79, 400.00, 1410, 1593, 32, P0, 100"
1780462712434162034,2026/06/03 04:58:32.454,97.79,97.79,,97.79,400.0,1410.0,1593.0,32.0,P0,100.0,average_instant,"2026/06/03 04:58:32.454, 97.79, [N/A], 97.79, 400.00, 1410, 1593, 32, P0, 100"
1780462712564508475,2026/06/03 04:58:32.584,97.79,97.79,,97.79,400.0,1410.0,1593.0,32.0,P0,100.0,average_instant,"2026/06/03 04:58:32.584, 97.79, [N/A], 97.79, 400.00, 1410, 1593, 32, P0, 100"
1780462712693288765,2026/06/03 04:58:32.712,97.79,97.79,,97.79,400.0,1410.0,1593.0,32.0,P0,100.0,average_instant,"2026/06/03 04:58:32.712, 97.79, [N/A], 97.79, 400.00, 1410, 1593, 32, P0, 100"
1780462712822174863,2026/06/03 04:58:32.842,97.79,97.79,,97.79,400.0,1410.0,1593.0,33.0,P0,100.0,average_instant,"2026/06/03 04:58:32.842, 97.79, [N/A], 97.79, 400.00, 1410, 1593, 33, P0, 100"
1780462712951415966,2026/06/03 04:58:32.971,97.79,97.79,,97.79,400.0,1410.0,1593.0,33.0,P0,100.0,average_instant,"2026/06/03 04:58:32.971, 97.79, [N/A], 97.79, 400.00, 1410, 1593, 33, P0, 100"
1780462713082141305,2026/06/03 04:58:33.101,97.79,97.79,,97.79,400.0,1410.0,1593.0,33.0,P0,100.0,average_instant,"2026/06/03 04:58:33.101, 97.79, [N/A], 97.79, 400.00, 1410, 1593, 33, P0, 100"
1780462713210097638,2026/06/03 04:58:33.229,97.79,97.79,,97.79,400.0,1410.0,1593.0,33.0,P0,100.0,average_instant,"2026/06/03 04:58:33.229, 97.79, [N/A], 97.79, 400.00, 1410, 1593, 33, P0, 100"
1780462713338959570,2026/06/03 04:58:33.359,97.79,97.79,,97.79,400.0,1410.0,1593.0,33.0,P0,100.0,average_instant,"2026/06/03 04:58:33.359, 97.79, [N/A], 97.79, 400.00, 1410, 1593, 33, P0, 100"
1780462713469257486,2026/06/03 04:58:33.489,97.79,97.79,,97.79,400.0,1410.0,1593.0,33.0,P0,100.0,average_instant,"2026/06/03 04:58:33.489, 97.79, [N/A], 97.79, 400.00, 1410, 1593, 33, P0, 100"
1780462713598527195,2026/06/03 04:58:33.618,97.79,97.79,,97.79,400.0,1410.0,1593.0,33.0,P0,100.0,average_instant,"2026/06/03 04:58:33.618, 97.79, [N/A], 97.79, 400.00, 1410, 1593, 33, P0, 100"
1780462713727461225,2026/06/03 04:58:33.747,97.79,97.79,,97.79,400.0,1410.0,1593.0,33.0,P0,100.0,average_instant,"2026/06/03 04:58:33.747, 97.79, [N/A], 97.79, 400.00, 1410, 1593, 33, P0, 100"
1780462713856676339,2026/06/03 04:58:33.876,97.69,97.69,,97.69,400.0,1410.0,1593.0,33.0,P0,100.0,average_instant,"2026/06/03 04:58:33.876, 97.69, [N/A], 97.69, 400.00, 1410, 1593, 33, P0, 100"
1780462713986457813,2026/06/03 04:58:34.006,97.79,97.79,,97.79,400.0,1410.0,1593.0,33.0,P0,100.0,average_instant,"2026/06/03 04:58:34.006, 97.79, [N/A], 97.79, 400.00, 1410, 1593, 33, P0, 100"
1780462714115573803,2026/06/03 04:58:34.135,97.79,97.79,,97.79,400.0,1410.0,1593.0,33.0,P0,100.0,average_instant,"2026/06/03 04:58:34.135, 97.79, [N/A], 97.79, 400.00, 1410, 1593, 33, P0, 100"
1780462714244810292,2026/06/03 04:58:34.264,97.69,97.69,,97.69,400.0,1410.0,1593.0,33.0,P0,100.0,average_instant,"2026/06/03 04:58:34.264, 97.69, [N/A], 97.69, 400.00, 1410, 1593, 33, P0, 100"
1780462714374140138,2026/06/03 04:58:34.393,97.79,97.79,,97.79,400.0,1410.0,1593.0,33.0,P0,100.0,average_instant,"2026/06/03 04:58:34.393, 97.79, [N/A], 97.79, 400.00, 1410, 1593, 33, P0, 100"
1780462714502793253,2026/06/03 04:58:34.521,97.79,97.79,,97.79,400.0,1410.0,1593.0,33.0,P0,100.0,average_instant,"2026/06/03 04:58:34.521, 97.79, [N/A], 97.79, 400.00, 1410, 1593, 33, P0, 100"
1780462714630344493,2026/06/03 04:58:34.649,97.79,97.79,,97.79,400.0,1410.0,1593.0,33.0,P0,100.0,average_instant,"2026/06/03 04:58:34.649, 97.79, [N/A], 97.79, 400.00, 1410, 1593, 33, P0, 100"
1780462714759049105,2026/06/03 04:58:34.779,97.79,97.79,,97.79,400.0,1410.0,1593.0,33.0,P0,100.0,average_instant,"2026/06/03 04:58:34.779, 97.79, [N/A], 97.79, 400.00, 1410, 1593, 33, P0, 100"
1780462714888065198,2026/06/03 04:58:34.907,97.69,97.69,,97.69,400.0,1410.0,1593.0,33.0,P0,100.0,average_instant,"2026/06/03 04:58:34.907, 97.69, [N/A], 97.69, 400.00, 1410, 1593, 33, P0, 100"
1780462715017481484,2026/06/03 04:58:35.037,97.79,97.79,,97.79,400.0,1410.0,1593.0,33.0,P0,100.0,average_instant,"2026/06/03 04:58:35.037, 97.79, [N/A], 97.79, 400.00, 1410, 1593, 33, P0, 100"
1780462715146063047,2026/06/03 04:58:35.166,97.79,97.79,,97.79,400.0,1410.0,1593.0,33.0,P0,100.0,average_instant,"2026/06/03 04:58:35.166, 97.79, [N/A], 97.79, 400.00, 1410, 1593, 33, P0, 100"
1780462715274895735,2026/06/03 04:58:35.294,97.79,97.79,,97.79,400.0,1410.0,1593.0,33.0,P0,100.0,average_instant,"2026/06/03 04:58:35.294, 97.79, [N/A], 97.79, 400.00, 1410, 1593, 33, P0, 100"
1780462715402378025,2026/06/03 04:58:35.421,97.69,97.69,,97.69,400.0,1410.0,1593.0,33.0,P0,100.0,average_instant,"2026/06/03 04:58:35.421, 97.69, [N/A], 97.69, 400.00, 1410, 1593, 33, P0, 100"
1780462715530202607,2026/06/03 04:58:35.550,97.79,97.79,,97.79,400.0,1410.0,1593.0,33.0,P0,100.0,average_instant,"2026/06/03 04:58:35.550, 97.79, [N/A], 97.79, 400.00, 1410, 1593, 33, P0, 100"
1780462715660761865,2026/06/03 04:58:35.680,97.69,97.69,,97.69,400.0,1410.0,1593.0,33.0,P0,100.0,average_instant,"2026/06/03 04:58:35.680, 97.69, [N/A], 97.69, 400.00, 1410, 1593, 33, P0, 100"
1780462715789473090,2026/06/03 04:58:35.809,97.79,97.79,,97.79,400.0,1410.0,1593.0,33.0,P0,100.0,average_instant,"2026/06/03 04:58:35.809, 97.79, [N/A], 97.79, 400.00, 1410, 1593, 33, P0, 100"
1780462715918192075,2026/06/03 04:58:35.938,97.79,97.79,,97.79,400.0,1410.0,1593.0,33.0,P0,100.0,average_instant,"2026/06/03 04:58:35.938, 97.79, [N/A], 97.79, 400.00, 1410, 1593, 33, P0, 100"
1780462716047539562,2026/06/03 04:58:36.067,97.79,97.79,,97.79,400.0,1410.0,1593.0,33.0,P0,100.0,average_instant,"2026/06/03 04:58:36.067, 97.79, [N/A], 97.79, 400.00, 1410, 1593, 33, P0, 100"
1780462716175841273,2026/06/03 04:58:36.195,97.69,97.69,,97.69,400.0,1410.0,1593.0,33.0,P0,100.0,average_instant,"2026/06/03 04:58:36.195, 97.69, [N/A], 97.69, 400.00, 1410, 1593, 33, P0, 100"
1780462716305101101,2026/06/03 04:58:36.323,97.79,97.79,,97.79,400.0,1410.0,1593.0,33.0,P0,100.0,average_instant,"2026/06/03 04:58:36.323, 97.79, [N/A], 97.79, 400.00, 1410, 1593, 33, P0, 100"
1780462716432390731,2026/06/03 04:58:36.452,97.69,97.69,,97.69,400.0,1410.0,1593.0,33.0,P0,100.0,average_instant,"2026/06/03 04:58:36.452, 97.69, [N/A], 97.69, 400.00, 1410, 1593, 33, P0, 100"
1780462716562162821,2026/06/03 04:58:36.581,97.69,97.69,,97.69,400.0,1410.0,1593.0,33.0,P0,100.0,average_instant,"2026/06/03 04:58:36.581, 97.69, [N/A], 97.69, 400.00, 1410, 1593, 33, P0, 100"
1780462716691186550,2026/06/03 04:58:36.710,97.79,97.79,,97.79,400.0,1410.0,1593.0,33.0,P0,100.0,average_instant,"2026/06/03 04:58:36.710, 97.79, [N/A], 97.79, 400.00, 1410, 1593, 33, P0, 100"
1780462716819830964,2026/06/03 04:58:36.839,97.79,97.79,,97.79,400.0,1410.0,1593.0,33.0,P0,100.0,average_instant,"2026/06/03 04:58:36.839, 97.79, [N/A], 97.79, 400.00, 1410, 1593, 33, P0, 100"
1780462716949002933,2026/06/03 04:58:36.968,97.79,97.79,,97.79,400.0,1410.0,1593.0,33.0,P0,100.0,average_instant,"2026/06/03 04:58:36.968, 97.79, [N/A], 97.79, 400.00, 1410, 1593, 33, P0, 100"
1780462717078483158,2026/06/03 04:58:37.097,97.69,97.69,,97.69,400.0,1410.0,1593.0,33.0,P0,100.0,average_instant,"2026/06/03 04:58:37.097, 97.69, [N/A], 97.69, 400.00, 1410, 1593, 33, P0, 100"
1780462717206425613,2026/06/03 04:58:37.225,97.79,97.79,,97.79,400.0,1410.0,1593.0,33.0,P0,100.0,average_instant,"2026/06/03 04:58:37.225, 97.79, [N/A], 97.79, 400.00, 1410, 1593, 33, P0, 100"
1780462717333884920,2026/06/03 04:58:37.354,97.79,97.79,,97.79,400.0,1410.0,1593.0,33.0,P0,100.0,average_instant,"2026/06/03 04:58:37.354, 97.79, [N/A], 97.79, 400.00, 1410, 1593, 33, P0, 100"
1780462717464271596,2026/06/03 04:58:37.483,97.69,97.69,,97.69,400.0,1410.0,1593.0,33.0,P0,100.0,average_instant,"2026/06/03 04:58:37.483, 97.69, [N/A], 97.69, 400.00, 1410, 1593, 33, P0, 100"
1780462717594924603,2026/06/03 04:58:37.614,97.69,97.69,,97.69,400.0,1410.0,1593.0,33.0,P0,100.0,average_instant,"2026/06/03 04:58:37.614, 97.69, [N/A], 97.69, 400.00, 1410, 1593, 33, P0, 100"
1780462717723191441,2026/06/03 04:58:37.743,97.79,97.79,,97.79,400.0,1410.0,1593.0,33.0,P0,100.0,average_instant,"2026/06/03 04:58:37.743, 97.79, [N/A], 97.79, 400.00, 1410, 1593, 33, P0, 100"
1780462717852628463,2026/06/03 04:58:37.872,97.79,97.79,,97.79,400.0,1410.0,1593.0,33.0,P0,100.0,average_instant,"2026/06/03 04:58:37.872, 97.79, [N/A], 97.79, 400.00, 1410, 1593, 33, P0, 100"
1780462717983202721,2026/06/03 04:58:38.002,97.69,97.69,,97.69,400.0,1410.0,1593.0,33.0,P0,100.0,average_instant,"2026/06/03 04:58:38.002, 97.69, [N/A], 97.69, 400.00, 1410, 1593, 33, P0, 100"
1780462718111658482,2026/06/03 04:58:38.131,97.79,97.79,,97.79,400.0,1410.0,1593.0,33.0,P0,100.0,average_instant,"2026/06/03 04:58:38.131, 97.79, [N/A], 97.79, 400.00, 1410, 1593, 33, P0, 100"
1780462718239794837,2026/06/03 04:58:38.259,97.79,97.79,,97.79,400.0,1410.0,1593.0,33.0,P0,100.0,average_instant,"2026/06/03 04:58:38.259, 97.79, [N/A], 97.79, 400.00, 1410, 1593, 33, P0, 100"
1780462718367893307,2026/06/03 04:58:38.387,97.79,97.79,,97.79,400.0,1410.0,1593.0,33.0,P0,100.0,average_instant,"2026/06/03 04:58:38.387, 97.79, [N/A], 97.79, 400.00, 1410, 1593, 33, P0, 100"
1780462718497677822,2026/06/03 04:58:38.517,97.79,97.79,,97.79,400.0,1410.0,1593.0,33.0,P0,100.0,average_instant,"2026/06/03 04:58:38.517, 97.79, [N/A], 97.79, 400.00, 1410, 1593, 33, P0, 100"
1780462718627214829,2026/06/03 04:58:38.646,97.79,97.79,,97.79,400.0,1410.0,1593.0,33.0,P0,100.0,average_instant,"2026/06/03 04:58:38.646, 97.79, [N/A], 97.79, 400.00, 1410, 1593, 33, P0, 100"
1780462718756309228,2026/06/03 04:58:38.776,97.79,97.79,,97.79,400.0,1410.0,1593.0,33.0,P0,100.0,average_instant,"2026/06/03 04:58:38.776, 97.79, [N/A], 97.79, 400.00, 1410, 1593, 33, P0, 100"
1780462718885617238,2026/06/03 04:58:38.905,97.79,97.79,,97.79,400.0,1410.0,1593.0,33.0,P0,100.0,average_instant,"2026/06/03 04:58:38.905, 97.79, [N/A], 97.79, 400.00, 1410, 1593, 33, P0, 100"
1780462719014567457,2026/06/03 04:58:39.034,97.79,97.79,,97.79,400.0,1410.0,1593.0,33.0,P0,100.0,average_instant,"2026/06/03 04:58:39.034, 97.79, [N/A], 97.79, 400.00, 1410, 1593, 33, P0, 100"
1780462719143721907,2026/06/03 04:58:39.163,97.69,97.69,,97.69,400.0,1410.0,1593.0,33.0,P0,100.0,average_instant,"2026/06/03 04:58:39.163, 97.69, [N/A], 97.69, 400.00, 1410, 1593, 33, P0, 100"
1780462719272198125,2026/06/03 04:58:39.291,97.79,97.79,,97.79,400.0,1410.0,1593.0,33.0,P0,100.0,average_instant,"2026/06/03 04:58:39.291, 97.79, [N/A], 97.79, 400.00, 1410, 1593, 33, P0, 100"
1780462719401043932,2026/06/03 04:58:39.420,97.69,97.69,,97.69,400.0,1410.0,1593.0,33.0,P0,100.0,average_instant,"2026/06/03 04:58:39.420, 97.69, [N/A], 97.69, 400.00, 1410, 1593, 33, P0, 100"
1780462719529180273,2026/06/03 04:58:39.548,97.79,97.79,,97.79,400.0,1410.0,1593.0,33.0,P0,100.0,average_instant,"2026/06/03 04:58:39.548, 97.79, [N/A], 97.79, 400.00, 1410, 1593, 33, P0, 100"
1780462719656944349,2026/06/03 04:58:39.676,97.79,97.79,,97.79,400.0,1410.0,1593.0,33.0,P0,100.0,average_instant,"2026/06/03 04:58:39.676, 97.79, [N/A], 97.79, 400.00, 1410, 1593, 33, P0, 100"
1780462719785899990,2026/06/03 04:58:39.804,97.69,97.69,,97.69,400.0,1410.0,1593.0,33.0,P0,100.0,average_instant,"2026/06/03 04:58:39.804, 97.69, [N/A], 97.69, 400.00, 1410, 1593, 33, P0, 100"
1780462719913909858,2026/06/03 04:58:39.933,97.79,97.79,,97.79,400.0,1410.0,1593.0,33.0,P0,100.0,average_instant,"2026/06/03 04:58:39.933, 97.79, [N/A], 97.79, 400.00, 1410, 1593, 33, P0, 100"
1780462720042846825,2026/06/03 04:58:40.062,97.79,97.79,,97.79,400.0,1410.0,1593.0,33.0,P0,100.0,average_instant,"2026/06/03 04:58:40.062, 97.79, [N/A], 97.79, 400.00, 1410, 1593, 33, P0, 100"
1780462720172490057,2026/06/03 04:58:40.193,97.79,97.79,,97.79,400.0,1410.0,1593.0,33.0,P0,100.0,average_instant,"2026/06/03 04:58:40.193, 97.79, [N/A], 97.79, 400.00, 1410, 1593, 33, P0, 100"
1780462720302656459,2026/06/03 04:58:40.322,97.69,97.69,,97.69,400.0,1410.0,1593.0,33.0,P0,100.0,average_instant,"2026/06/03 04:58:40.322, 97.69, [N/A], 97.69, 400.00, 1410, 1593, 33, P0, 100"
1780462720431915640,2026/06/03 04:58:40.452,97.79,97.79,,97.79,400.0,1410.0,1593.0,33.0,P0,100.0,average_instant,"2026/06/03 04:58:40.452, 97.79, [N/A], 97.79, 400.00, 1410, 1593, 33, P0, 100"
1780462720562197725,2026/06/03 04:58:40.583,97.79,97.79,,97.79,400.0,1410.0,1593.0,33.0,P0,100.0,average_instant,"2026/06/03 04:58:40.583, 97.79, [N/A], 97.79, 400.00, 1410, 1593, 33, P0, 100"
1780462720692784315,2026/06/03 04:58:40.713,97.79,97.79,,97.79,400.0,1410.0,1593.0,33.0,P0,100.0,average_instant,"2026/06/03 04:58:40.713, 97.79, [N/A], 97.79, 400.00, 1410, 1593, 33, P0, 100"
1780462720822146624,2026/06/03 04:58:40.842,97.69,97.69,,97.69,400.0,1410.0,1593.0,33.0,P0,100.0,average_instant,"2026/06/03 04:58:40.842, 97.69, [N/A], 97.69, 400.00, 1410, 1593, 33, P0, 100"
1780462720953364461,2026/06/03 04:58:40.973,97.79,97.79,,97.79,400.0,1410.0,1593.0,33.0,P0,100.0,average_instant,"2026/06/03 04:58:40.973, 97.79, [N/A], 97.79, 400.00, 1410, 1593, 33, P0, 100"
1780462721083964472,2026/06/03 04:58:41.103,97.79,97.79,,97.79,400.0,1410.0,1593.0,33.0,P0,100.0,average_instant,"2026/06/03 04:58:41.103, 97.79, [N/A], 97.79, 400.00, 1410, 1593, 33, P0, 100"
1780462721214317176,2026/06/03 04:58:41.234,97.69,97.69,,97.69,400.0,1410.0,1593.0,33.0,P0,100.0,average_instant,"2026/06/03 04:58:41.234, 97.69, [N/A], 97.69, 400.00, 1410, 1593, 33, P0, 100"
1780462721342960551,2026/06/03 04:58:41.363,97.79,97.79,,97.79,400.0,1410.0,1593.0,33.0,P0,100.0,average_instant,"2026/06/03 04:58:41.363, 97.79, [N/A], 97.79, 400.00, 1410, 1593, 33, P0, 100"
1780462721472177906,2026/06/03 04:58:41.492,97.79,97.79,,97.79,400.0,1410.0,1593.0,33.0,P0,100.0,average_instant,"2026/06/03 04:58:41.492, 97.79, [N/A], 97.79, 400.00, 1410, 1593, 33, P0, 100"
1780462721601309965,2026/06/03 04:58:41.621,97.79,97.79,,97.79,400.0,1410.0,1593.0,33.0,P0,100.0,average_instant,"2026/06/03 04:58:41.621, 97.79, [N/A], 97.79, 400.00, 1410, 1593, 33, P0, 100"
1780462721732085341,2026/06/03 04:58:41.752,97.79,97.79,,97.79,400.0,1410.0,1593.0,33.0,P0,100.0,average_instant,"2026/06/03 04:58:41.752, 97.79, [N/A], 97.79, 400.00, 1410, 1593, 33, P0, 100"
1780462721862000228,2026/06/03 04:58:41.882,97.79,97.79,,97.79,400.0,1410.0,1593.0,33.0,P0,100.0,average_instant,"2026/06/03 04:58:41.882, 97.79, [N/A], 97.79, 400.00, 1410, 1593, 33, P0, 100"
1780462721991570238,2026/06/03 04:58:42.011,97.79,97.79,,97.79,400.0,1410.0,1593.0,33.0,P0,100.0,average_instant,"2026/06/03 04:58:42.011, 97.79, [N/A], 97.79, 400.00, 1410, 1593, 33, P0, 100"
1780462722119903626,2026/06/03 04:58:42.139,98.12,98.12,,98.12,400.0,1410.0,1593.0,33.0,P0,100.0,average_instant,"2026/06/03 04:58:42.139, 98.12, [N/A], 98.12, 400.00, 1410, 1593, 33, P0, 100"
1780462722248777975,2026/06/03 04:58:42.268,98.12,98.12,,98.12,400.0,1410.0,1593.0,33.0,P0,100.0,average_instant,"2026/06/03 04:58:42.268, 98.12, [N/A], 98.12, 400.00, 1410, 1593, 33, P0, 100"
1780462722379964511,2026/06/03 04:58:42.399,98.12,98.12,,98.12,400.0,1410.0,1593.0,33.0,P0,100.0,average_instant,"2026/06/03 04:58:42.399, 98.12, [N/A], 98.12, 400.00, 1410, 1593, 33, P0, 100"
1780462722509648355,2026/06/03 04:58:42.529,98.12,98.12,,98.12,400.0,1410.0,1593.0,33.0,P0,100.0,average_instant,"2026/06/03 04:58:42.529, 98.12, [N/A], 98.12, 400.00, 1410, 1593, 33, P0, 100"
1780462722638912006,2026/06/03 04:58:42.658,98.12,98.12,,98.12,400.0,1410.0,1593.0,33.0,P0,100.0,average_instant,"2026/06/03 04:58:42.658, 98.12, [N/A], 98.12, 400.00, 1410, 1593, 33, P0, 100"
1780462722768184684,2026/06/03 04:58:42.788,98.12,98.12,,98.12,400.0,1410.0,1593.0,33.0,P0,100.0,average_instant,"2026/06/03 04:58:42.788, 98.12, [N/A], 98.12, 400.00, 1410, 1593, 33, P0, 100"
1780462722897480364,2026/06/03 04:58:42.916,98.12,98.12,,98.12,400.0,1410.0,1593.0,33.0,P0,100.0,average_instant,"2026/06/03 04:58:42.916, 98.12, [N/A], 98.12, 400.00, 1410, 1593, 33, P0, 100"
1780462723025606622,2026/06/03 04:58:43.045,98.12,98.12,,98.12,400.0,1410.0,1593.0,33.0,P0,100.0,average_instant,"2026/06/03 04:58:43.045, 98.12, [N/A], 98.12, 400.00, 1410, 1593, 33, P0, 100"
1780462723153791524,2026/06/03 04:58:43.173,98.12,98.12,,98.12,400.0,1410.0,1593.0,33.0,P0,100.0,average_instant,"2026/06/03 04:58:43.173, 98.12, [N/A], 98.12, 400.00, 1410, 1593, 33, P0, 100"
1780462723284072821,2026/06/03 04:58:43.303,98.02,98.02,,98.02,400.0,1410.0,1593.0,33.0,P0,100.0,average_instant,"2026/06/03 04:58:43.303, 98.02, [N/A], 98.02, 400.00, 1410, 1593, 33, P0, 100"
1780462723411918492,2026/06/03 04:58:43.431,98.12,98.12,,98.12,400.0,1410.0,1593.0,33.0,P0,100.0,average_instant,"2026/06/03 04:58:43.431, 98.12, [N/A], 98.12, 400.00, 1410, 1593, 33, P0, 100"
1780462723540755256,2026/06/03 04:58:43.560,98.02,98.02,,98.02,400.0,1410.0,1593.0,33.0,P0,100.0,average_instant,"2026/06/03 04:58:43.560, 98.02, [N/A], 98.02, 400.00, 1410, 1593, 33, P0, 100"
1780462723668680349,2026/06/03 04:58:43.688,98.12,98.12,,98.12,400.0,1410.0,1593.0,33.0,P0,100.0,average_instant,"2026/06/03 04:58:43.688, 98.12, [N/A], 98.12, 400.00, 1410, 1593, 33, P0, 100"
1780462723797303748,2026/06/03 04:58:43.816,98.12,98.12,,98.12,400.0,1410.0,1593.0,33.0,P0,100.0,average_instant,"2026/06/03 04:58:43.816, 98.12, [N/A], 98.12, 400.00, 1410, 1593, 33, P0, 100"
1780462723927477676,2026/06/03 04:58:43.947,98.12,98.12,,98.12,400.0,1410.0,1593.0,33.0,P0,100.0,average_instant,"2026/06/03 04:58:43.947, 98.12, [N/A], 98.12, 400.00, 1410, 1593, 33, P0, 100"
1780462724055744458,2026/06/03 04:58:44.074,98.12,98.12,,98.12,400.0,1410.0,1593.0,33.0,P0,100.0,average_instant,"2026/06/03 04:58:44.074, 98.12, [N/A], 98.12, 400.00, 1410, 1593, 33, P0, 100"
1780462724184013819,2026/06/03 04:58:44.203,98.12,98.12,,98.12,400.0,1410.0,1593.0,33.0,P0,100.0,average_instant,"2026/06/03 04:58:44.203, 98.12, [N/A], 98.12, 400.00, 1410, 1593, 33, P0, 100"
1780462724313174539,2026/06/03 04:58:44.332,98.02,98.02,,98.02,400.0,1410.0,1593.0,33.0,P0,100.0,average_instant,"2026/06/03 04:58:44.332, 98.02, [N/A], 98.02, 400.00, 1410, 1593, 33, P0, 100"
1780462724441552298,2026/06/03 04:58:44.461,98.12,98.12,,98.12,400.0,1410.0,1593.0,33.0,P0,100.0,average_instant,"2026/06/03 04:58:44.461, 98.12, [N/A], 98.12, 400.00, 1410, 1593, 33, P0, 100"
1780462724570592671,2026/06/03 04:58:44.590,98.12,98.12,,98.12,400.0,1410.0,1593.0,33.0,P0,100.0,average_instant,"2026/06/03 04:58:44.590, 98.12, [N/A], 98.12, 400.00, 1410, 1593, 33, P0, 100"
1780462724698799604,2026/06/03 04:58:44.718,98.12,98.12,,98.12,400.0,1410.0,1593.0,33.0,P0,100.0,average_instant,"2026/06/03 04:58:44.718, 98.12, [N/A], 98.12, 400.00, 1410, 1593, 33, P0, 100"
1780462724826895910,2026/06/03 04:58:44.846,98.12,98.12,,98.12,400.0,1410.0,1593.0,33.0,P0,100.0,average_instant,"2026/06/03 04:58:44.846, 98.12, [N/A], 98.12, 400.00, 1410, 1593, 33, P0, 100"
1780462724955416856,2026/06/03 04:58:44.974,98.02,98.02,,98.02,400.0,1410.0,1593.0,33.0,P0,100.0,average_instant,"2026/06/03 04:58:44.974, 98.02, [N/A], 98.02, 400.00, 1410, 1593, 33, P0, 100"
1780462725084311816,2026/06/03 04:58:45.104,98.02,98.02,,98.02,400.0,1410.0,1593.0,33.0,P0,100.0,average_instant,"2026/06/03 04:58:45.104, 98.02, [N/A], 98.02, 400.00, 1410, 1593, 33, P0, 100"
1780462725214435698,2026/06/03 04:58:45.234,98.12,98.12,,98.12,400.0,1410.0,1593.0,33.0,P0,100.0,average_instant,"2026/06/03 04:58:45.234, 98.12, [N/A], 98.12, 400.00, 1410, 1593, 33, P0, 100"
1780462725343331501,2026/06/03 04:58:45.363,98.12,98.12,,98.12,400.0,1410.0,1593.0,33.0,P0,100.0,average_instant,"2026/06/03 04:58:45.363, 98.12, [N/A], 98.12, 400.00, 1410, 1593, 33, P0, 100"
1780462725471477631,2026/06/03 04:58:45.491,98.02,98.02,,98.02,400.0,1410.0,1593.0,33.0,P0,100.0,average_instant,"2026/06/03 04:58:45.491, 98.02, [N/A], 98.02, 400.00, 1410, 1593, 33, P0, 100"
1780462725600009325,2026/06/03 04:58:45.619,98.12,98.12,,98.12,400.0,1410.0,1593.0,33.0,P0,100.0,average_instant,"2026/06/03 04:58:45.619, 98.12, [N/A], 98.12, 400.00, 1410, 1593, 33, P0, 100"
1780462725728822308,2026/06/03 04:58:45.748,98.12,98.12,,98.12,400.0,1410.0,1593.0,33.0,P0,100.0,average_instant,"2026/06/03 04:58:45.748, 98.12, [N/A], 98.12, 400.00, 1410, 1593, 33, P0, 100"
1780462725857995933,2026/06/03 04:58:45.877,98.02,98.02,,98.02,400.0,1410.0,1593.0,33.0,P0,100.0,average_instant,"2026/06/03 04:58:45.877, 98.02, [N/A], 98.02, 400.00, 1410, 1593, 33, P0, 100"
1780462725987942443,2026/06/03 04:58:46.007,98.12,98.12,,98.12,400.0,1410.0,1593.0,33.0,P0,100.0,average_instant,"2026/06/03 04:58:46.007, 98.12, [N/A], 98.12, 400.00, 1410, 1593, 33, P0, 100"
1780462726115929767,2026/06/03 04:58:46.136,98.12,98.12,,98.12,400.0,1410.0,1593.0,33.0,P0,100.0,average_instant,"2026/06/03 04:58:46.136, 98.12, [N/A], 98.12, 400.00, 1410, 1593, 33, P0, 100"
1780462726244821147,2026/06/03 04:58:46.264,98.12,98.12,,98.12,400.0,1410.0,1593.0,33.0,P0,100.0,average_instant,"2026/06/03 04:58:46.264, 98.12, [N/A], 98.12, 400.00, 1410, 1593, 33, P0, 100"
1780462726372619981,2026/06/03 04:58:46.392,98.12,98.12,,98.12,400.0,1410.0,1593.0,33.0,P0,100.0,average_instant,"2026/06/03 04:58:46.392, 98.12, [N/A], 98.12, 400.00, 1410, 1593, 33, P0, 100"
1780462726503482011,2026/06/03 04:58:46.523,98.12,98.12,,98.12,400.0,1410.0,1593.0,33.0,P0,100.0,average_instant,"2026/06/03 04:58:46.523, 98.12, [N/A], 98.12, 400.00, 1410, 1593, 33, P0, 100"
1780462726632171500,2026/06/03 04:58:46.651,98.02,98.02,,98.02,400.0,1410.0,1593.0,33.0,P0,100.0,average_instant,"2026/06/03 04:58:46.651, 98.02, [N/A], 98.02, 400.00, 1410, 1593, 33, P0, 100"
1780462726761599447,2026/06/03 04:58:46.781,98.12,98.12,,98.12,400.0,1410.0,1593.0,33.0,P0,100.0,average_instant,"2026/06/03 04:58:46.781, 98.12, [N/A], 98.12, 400.00, 1410, 1593, 33, P0, 100"
1780462726890466576,2026/06/03 04:58:46.909,98.12,98.12,,98.12,400.0,1410.0,1593.0,33.0,P0,100.0,average_instant,"2026/06/03 04:58:46.909, 98.12, [N/A], 98.12, 400.00, 1410, 1593, 33, P0, 100"
1780462727018689711,2026/06/03 04:58:47.038,98.12,98.12,,98.12,400.0,1410.0,1593.0,33.0,P0,100.0,average_instant,"2026/06/03 04:58:47.038, 98.12, [N/A], 98.12, 400.00, 1410, 1593, 33, P0, 100"
1780462727147383529,2026/06/03 04:58:47.167,98.12,98.12,,98.12,400.0,1410.0,1593.0,33.0,P0,100.0,average_instant,"2026/06/03 04:58:47.167, 98.12, [N/A], 98.12, 400.00, 1410, 1593, 33, P0, 100"
1780462727276749581,2026/06/03 04:58:47.296,98.12,98.12,,98.12,400.0,1410.0,1593.0,33.0,P0,100.0,average_instant,"2026/06/03 04:58:47.296, 98.12, [N/A], 98.12, 400.00, 1410, 1593, 33, P0, 100"
1780462727406154973,2026/06/03 04:58:47.425,98.12,98.12,,98.12,400.0,1410.0,1593.0,33.0,P0,100.0,average_instant,"2026/06/03 04:58:47.425, 98.12, [N/A], 98.12, 400.00, 1410, 1593, 33, P0, 100"
1780462727534272631,2026/06/03 04:58:47.553,98.12,98.12,,98.12,400.0,1410.0,1593.0,33.0,P0,100.0,average_instant,"2026/06/03 04:58:47.553, 98.12, [N/A], 98.12, 400.00, 1410, 1593, 33, P0, 100"
1780462727661703903,2026/06/03 04:58:47.681,97.69,97.69,,97.69,400.0,1410.0,1593.0,33.0,P0,100.0,average_instant,"2026/06/03 04:58:47.681, 97.69, [N/A], 97.69, 400.00, 1410, 1593, 33, P0, 100"
1780462727791047525,2026/06/03 04:58:47.810,97.79,97.79,,97.79,400.0,1410.0,1593.0,33.0,P0,100.0,average_instant,"2026/06/03 04:58:47.810, 97.79, [N/A], 97.79, 400.00, 1410, 1593, 33, P0, 100"
1780462727919895975,2026/06/03 04:58:47.939,98.02,98.02,,98.02,400.0,1410.0,1593.0,33.0,P0,100.0,average_instant,"2026/06/03 04:58:47.939, 98.02, [N/A], 98.02, 400.00, 1410, 1593, 33, P0, 100"
1780462728049196182,2026/06/03 04:58:48.068,98.02,98.02,,98.02,400.0,1410.0,1593.0,33.0,P0,100.0,average_instant,"2026/06/03 04:58:48.068, 98.02, [N/A], 98.02, 400.00, 1410, 1593, 33, P0, 100"
1780462728177957276,2026/06/03 04:58:48.197,97.79,97.79,,97.79,400.0,1410.0,1593.0,33.0,P0,100.0,average_instant,"2026/06/03 04:58:48.197, 97.79, [N/A], 97.79, 400.00, 1410, 1593, 33, P0, 100"
1780462728306288720,2026/06/03 04:58:48.325,97.79,97.79,,97.79,400.0,1410.0,1593.0,33.0,P0,100.0,average_instant,"2026/06/03 04:58:48.325, 97.79, [N/A], 97.79, 400.00, 1410, 1593, 33, P0, 100"
1780462728435341905,2026/06/03 04:58:48.455,97.79,97.79,,97.79,400.0,1410.0,1593.0,33.0,P0,100.0,average_instant,"2026/06/03 04:58:48.455, 97.79, [N/A], 97.79, 400.00, 1410, 1593, 33, P0, 100"
1780462728564546411,2026/06/03 04:58:48.583,98.12,98.12,,98.12,400.0,1410.0,1593.0,33.0,P0,100.0,average_instant,"2026/06/03 04:58:48.583, 98.12, [N/A], 98.12, 400.00, 1410, 1593, 33, P0, 100"
1780462728692531104,2026/06/03 04:58:48.712,98.02,98.02,,98.02,400.0,1410.0,1593.0,33.0,P0,100.0,average_instant,"2026/06/03 04:58:48.712, 98.02, [N/A], 98.02, 400.00, 1410, 1593, 33, P0, 100"
1780462728821007878,2026/06/03 04:58:48.840,97.69,97.69,,97.69,400.0,1410.0,1593.0,33.0,P0,100.0,average_instant,"2026/06/03 04:58:48.840, 97.69, [N/A], 97.69, 400.00, 1410, 1593, 33, P0, 100"
1780462728950443197,2026/06/03 04:58:48.970,98.12,98.12,,98.12,400.0,1410.0,1593.0,33.0,P0,100.0,average_instant,"2026/06/03 04:58:48.970, 98.12, [N/A], 98.12, 400.00, 1410, 1593, 33, P0, 100"
1780462729080686467,2026/06/03 04:58:49.099,98.02,98.02,,98.02,400.0,1410.0,1593.0,33.0,P0,100.0,average_instant,"2026/06/03 04:58:49.099, 98.02, [N/A], 98.02, 400.00, 1410, 1593, 33, P0, 100"
1780462729208533368,2026/06/03 04:58:49.227,98.12,98.12,,98.12,400.0,1410.0,1593.0,33.0,P0,100.0,average_instant,"2026/06/03 04:58:49.227, 98.12, [N/A], 98.12, 400.00, 1410, 1593, 33, P0, 100"
1780462729337474297,2026/06/03 04:58:49.356,98.12,98.12,,98.12,400.0,1410.0,1593.0,33.0,P0,100.0,average_instant,"2026/06/03 04:58:49.356, 98.12, [N/A], 98.12, 400.00, 1410, 1593, 33, P0, 100"
1780462729465323009,2026/06/03 04:58:49.484,98.02,98.02,,98.02,400.0,1410.0,1593.0,33.0,P0,100.0,average_instant,"2026/06/03 04:58:49.484, 98.02, [N/A], 98.02, 400.00, 1410, 1593, 33, P0, 100"
1780462729593843778,2026/06/03 04:58:49.613,98.12,98.12,,98.12,400.0,1410.0,1593.0,33.0,P0,100.0,average_instant,"2026/06/03 04:58:49.613, 98.12, [N/A], 98.12, 400.00, 1410, 1593, 33, P0, 100"
1780462729722555789,2026/06/03 04:58:49.742,98.02,98.02,,98.02,400.0,1410.0,1593.0,33.0,P0,100.0,average_instant,"2026/06/03 04:58:49.742, 98.02, [N/A], 98.02, 400.00, 1410, 1593, 33, P0, 100"
1780462729850985190,2026/06/03 04:58:49.870,97.79,97.79,,97.79,400.0,1410.0,1593.0,33.0,P0,100.0,average_instant,"2026/06/03 04:58:49.870, 97.79, [N/A], 97.79, 400.00, 1410, 1593, 33, P0, 100"
1780462729981287775,2026/06/03 04:58:50.000,98.02,98.02,,98.02,400.0,1410.0,1593.0,33.0,P0,100.0,average_instant,"2026/06/03 04:58:50.000, 98.02, [N/A], 98.02, 400.00, 1410, 1593, 33, P0, 100"
1780462730110439848,2026/06/03 04:58:50.129,98.12,98.12,,98.12,400.0,1410.0,1593.0,33.0,P0,100.0,average_instant,"2026/06/03 04:58:50.129, 98.12, [N/A], 98.12, 400.00, 1410, 1593, 33, P0, 100"
1780462730239849669,2026/06/03 04:58:50.259,98.12,98.12,,98.12,400.0,1410.0,1593.0,33.0,P0,100.0,average_instant,"2026/06/03 04:58:50.259, 98.12, [N/A], 98.12, 400.00, 1410, 1593, 33, P0, 100"
1780462730368271581,2026/06/03 04:58:50.387,98.12,98.12,,98.12,400.0,1410.0,1593.0,33.0,P0,100.0,average_instant,"2026/06/03 04:58:50.387, 98.12, [N/A], 98.12, 400.00, 1410, 1593, 33, P0, 100"
1780462730497400123,2026/06/03 04:58:50.517,97.79,97.79,,97.79,400.0,1410.0,1593.0,33.0,P0,100.0,average_instant,"2026/06/03 04:58:50.517, 97.79, [N/A], 97.79, 400.00, 1410, 1593, 33, P0, 100"
1780462730627285527,2026/06/03 04:58:50.646,98.12,98.12,,98.12,400.0,1410.0,1593.0,33.0,P0,100.0,average_instant,"2026/06/03 04:58:50.646, 98.12, [N/A], 98.12, 400.00, 1410, 1593, 33, P0, 100"
1780462730755497273,2026/06/03 04:58:50.774,98.02,98.02,,98.02,400.0,1410.0,1593.0,33.0,P0,100.0,average_instant,"2026/06/03 04:58:50.774, 98.02, [N/A], 98.02, 400.00, 1410, 1593, 33, P0, 100"
1780462730885658329,2026/06/03 04:58:50.904,98.12,98.12,,98.12,400.0,1410.0,1593.0,33.0,P0,100.0,average_instant,"2026/06/03 04:58:50.904, 98.12, [N/A], 98.12, 400.00, 1410, 1593, 33, P0, 100"
1780462731015231431,2026/06/03 04:58:51.034,98.12,98.12,,98.12,400.0,1410.0,1593.0,33.0,P0,100.0,average_instant,"2026/06/03 04:58:51.034, 98.12, [N/A], 98.12, 400.00, 1410, 1593, 33, P0, 100"
1780462731143797622,2026/06/03 04:58:51.163,98.12,98.12,,98.12,400.0,1410.0,1593.0,33.0,P0,100.0,average_instant,"2026/06/03 04:58:51.163, 98.12, [N/A], 98.12, 400.00, 1410, 1593, 33, P0, 100"
1780462731272580096,2026/06/03 04:58:51.292,98.12,98.12,,98.12,400.0,1410.0,1593.0,33.0,P0,100.0,average_instant,"2026/06/03 04:58:51.292, 98.12, [N/A], 98.12, 400.00, 1410, 1593, 33, P0, 100"
1780462731401034886,2026/06/03 04:58:51.420,98.12,98.12,,98.12,400.0,1410.0,1593.0,33.0,P0,100.0,average_instant,"2026/06/03 04:58:51.420, 98.12, [N/A], 98.12, 400.00, 1410, 1593, 33, P0, 100"
1780462731529989218,2026/06/03 04:58:51.549,98.12,98.12,,98.12,400.0,1410.0,1593.0,33.0,P0,100.0,average_instant,"2026/06/03 04:58:51.549, 98.12, [N/A], 98.12, 400.00, 1410, 1593, 33, P0, 100"
1780462731657280854,2026/06/03 04:58:51.676,98.12,98.12,,98.12,400.0,1410.0,1593.0,33.0,P0,100.0,average_instant,"2026/06/03 04:58:51.676, 98.12, [N/A], 98.12, 400.00, 1410, 1593, 33, P0, 100"
1780462731784740011,2026/06/03 04:58:51.804,98.02,98.02,,98.02,400.0,1410.0,1593.0,33.0,P0,100.0,average_instant,"2026/06/03 04:58:51.804, 98.02, [N/A], 98.02, 400.00, 1410, 1593, 33, P0, 100"
1780462731915061733,2026/06/03 04:58:51.934,98.12,98.12,,98.12,400.0,1410.0,1593.0,33.0,P0,100.0,average_instant,"2026/06/03 04:58:51.934, 98.12, [N/A], 98.12, 400.00, 1410, 1593, 33, P0, 100"
1780462732043364122,2026/06/03 04:58:52.062,98.12,98.12,,98.12,400.0,1410.0,1593.0,33.0,P0,100.0,average_instant,"2026/06/03 04:58:52.062, 98.12, [N/A], 98.12, 400.00, 1410, 1593, 33, P0, 100"
1780462732171483667,2026/06/03 04:58:52.191,98.12,98.12,,98.12,400.0,1410.0,1593.0,33.0,P0,100.0,average_instant,"2026/06/03 04:58:52.191, 98.12, [N/A], 98.12, 400.00, 1410, 1593, 33, P0, 100"
1780462732300287751,2026/06/03 04:58:52.319,98.02,98.02,,98.02,400.0,1410.0,1593.0,33.0,P0,100.0,average_instant,"2026/06/03 04:58:52.319, 98.02, [N/A], 98.02, 400.00, 1410, 1593, 33, P0, 100"
1780462732428720023,2026/06/03 04:58:52.448,98.12,98.12,,98.12,400.0,1410.0,1593.0,33.0,P0,100.0,average_instant,"2026/06/03 04:58:52.448, 98.12, [N/A], 98.12, 400.00, 1410, 1593, 33, P0, 100"
1780462732560152591,2026/06/03 04:58:52.579,98.12,98.12,,98.12,400.0,1410.0,1593.0,33.0,P0,100.0,average_instant,"2026/06/03 04:58:52.579, 98.12, [N/A], 98.12, 400.00, 1410, 1593, 33, P0, 100"
1780462732688489784,2026/06/03 04:58:52.708,98.12,98.12,,98.12,400.0,1410.0,1593.0,33.0,P0,100.0,average_instant,"2026/06/03 04:58:52.708, 98.12, [N/A], 98.12, 400.00, 1410, 1593, 33, P0, 100"
1780462732818006813,2026/06/03 04:58:52.838,98.02,98.02,,98.02,400.0,1410.0,1593.0,33.0,P0,100.0,average_instant,"2026/06/03 04:58:52.838, 98.02, [N/A], 98.02, 400.00, 1410, 1593, 33, P0, 100"
1780462732947072742,2026/06/03 04:58:52.966,98.12,98.12,,98.12,400.0,1410.0,1593.0,33.0,P0,100.0,average_instant,"2026/06/03 04:58:52.966, 98.12, [N/A], 98.12, 400.00, 1410, 1593, 33, P0, 100"
1780462733075637503,2026/06/03 04:58:53.094,98.12,98.12,,98.12,400.0,1410.0,1593.0,33.0,P0,100.0,average_instant,"2026/06/03 04:58:53.094, 98.12, [N/A], 98.12, 400.00, 1410, 1593, 33, P0, 100"
1780462733204211403,2026/06/03 04:58:53.224,98.12,98.12,,98.12,400.0,1410.0,1593.0,33.0,P0,100.0,average_instant,"2026/06/03 04:58:53.224, 98.12, [N/A], 98.12, 400.00, 1410, 1593, 33, P0, 100"
1780462733333244971,2026/06/03 04:58:53.353,98.12,98.12,,98.12,400.0,1410.0,1593.0,33.0,P0,100.0,average_instant,"2026/06/03 04:58:53.353, 98.12, [N/A], 98.12, 400.00, 1410, 1593, 33, P0, 100"
1780462733463880970,2026/06/03 04:58:53.483,98.12,98.12,,98.12,400.0,1410.0,1593.0,33.0,P0,100.0,average_instant,"2026/06/03 04:58:53.483, 98.12, [N/A], 98.12, 400.00, 1410, 1593, 33, P0, 100"
1780462733592191288,2026/06/03 04:58:53.611,98.02,98.02,,98.02,400.0,1410.0,1593.0,33.0,P0,100.0,average_instant,"2026/06/03 04:58:53.611, 98.02, [N/A], 98.02, 400.00, 1410, 1593, 33, P0, 100"
1780462733720040744,2026/06/03 04:58:53.739,98.12,98.12,,98.12,400.0,1410.0,1593.0,33.0,P0,100.0,average_instant,"2026/06/03 04:58:53.739, 98.12, [N/A], 98.12, 400.00, 1410, 1593, 33, P0, 100"
1780462733848198402,2026/06/03 04:58:53.868,98.02,98.02,,98.02,400.0,1410.0,1593.0,33.0,P0,100.0,average_instant,"2026/06/03 04:58:53.868, 98.02, [N/A], 98.02, 400.00, 1410, 1593, 33, P0, 100"
1780462733976952109,2026/06/03 04:58:53.996,98.12,98.12,,98.12,400.0,1410.0,1593.0,33.0,P0,100.0,average_instant,"2026/06/03 04:58:53.996, 98.12, [N/A], 98.12, 400.00, 1410, 1593, 33, P0, 100"
1780462734107290134,2026/06/03 04:58:54.127,98.12,98.12,,98.12,400.0,1410.0,1593.0,33.0,P0,100.0,average_instant,"2026/06/03 04:58:54.127, 98.12, [N/A], 98.12, 400.00, 1410, 1593, 33, P0, 100"
1780462734236302125,2026/06/03 04:58:54.257,98.12,98.12,,98.12,400.0,1410.0,1593.0,33.0,P0,100.0,average_instant,"2026/06/03 04:58:54.257, 98.12, [N/A], 98.12, 400.00, 1410, 1593, 33, P0, 100"
1780462734368541296,2026/06/03 04:58:54.388,98.12,98.12,,98.12,400.0,1410.0,1593.0,33.0,P0,100.0,average_instant,"2026/06/03 04:58:54.388, 98.12, [N/A], 98.12, 400.00, 1410, 1593, 33, P0, 100"
1780462734497578146,2026/06/03 04:58:54.516,98.12,98.12,,98.12,400.0,1410.0,1593.0,33.0,P0,100.0,average_instant,"2026/06/03 04:58:54.516, 98.12, [N/A], 98.12, 400.00, 1410, 1593, 33, P0, 100"
1780462734626163020,2026/06/03 04:58:54.646,98.12,98.12,,98.12,400.0,1410.0,1593.0,33.0,P0,100.0,average_instant,"2026/06/03 04:58:54.646, 98.12, [N/A], 98.12, 400.00, 1410, 1593, 33, P0, 100"
1780462734754828825,2026/06/03 04:58:54.774,98.12,98.12,,98.12,400.0,1410.0,1593.0,33.0,P0,100.0,average_instant,"2026/06/03 04:58:54.774, 98.12, [N/A], 98.12, 400.00, 1410, 1593, 33, P0, 100"
1780462734886114548,2026/06/03 04:58:54.905,98.12,98.12,,98.12,400.0,1410.0,1593.0,33.0,P0,100.0,average_instant,"2026/06/03 04:58:54.905, 98.12, [N/A], 98.12, 400.00, 1410, 1593, 33, P0, 100"
1780462735015448169,2026/06/03 04:58:55.035,98.02,98.02,,98.02,400.0,1410.0,1593.0,33.0,P0,100.0,average_instant,"2026/06/03 04:58:55.035, 98.02, [N/A], 98.02, 400.00, 1410, 1593, 33, P0, 100"
1780462735144217736,2026/06/03 04:58:55.164,98.12,98.12,,98.12,400.0,1410.0,1593.0,33.0,P0,100.0,average_instant,"2026/06/03 04:58:55.164, 98.12, [N/A], 98.12, 400.00, 1410, 1593, 33, P0, 100"
1780462735274068215,2026/06/03 04:58:55.294,98.3,98.3,,98.3,400.0,1410.0,1593.0,33.0,P0,100.0,average_instant,"2026/06/03 04:58:55.294, 98.30, [N/A], 98.30, 400.00, 1410, 1593, 33, P0, 100"
1780462735404195068,2026/06/03 04:58:55.424,98.12,98.12,,98.12,400.0,1410.0,1593.0,33.0,P0,100.0,average_instant,"2026/06/03 04:58:55.424, 98.12, [N/A], 98.12, 400.00, 1410, 1593, 33, P0, 100"
1780462735533708472,2026/06/03 04:58:55.553,98.12,98.12,,98.12,400.0,1410.0,1593.0,33.0,P0,100.0,average_instant,"2026/06/03 04:58:55.553, 98.12, [N/A], 98.12, 400.00, 1410, 1593, 33, P0, 100"
1780462735661943423,2026/06/03 04:58:55.680,98.12,98.12,,98.12,400.0,1410.0,1593.0,33.0,P0,100.0,average_instant,"2026/06/03 04:58:55.680, 98.12, [N/A], 98.12, 400.00, 1410, 1593, 33, P0, 100"
1780462735790495036,2026/06/03 04:58:55.810,98.3,98.3,,98.3,400.0,1410.0,1593.0,33.0,P0,100.0,average_instant,"2026/06/03 04:58:55.810, 98.30, [N/A], 98.30, 400.00, 1410, 1593, 33, P0, 100"
1780462735919967140,2026/06/03 04:58:55.939,98.4,98.4,,98.4,400.0,1410.0,1593.0,33.0,P0,100.0,average_instant,"2026/06/03 04:58:55.939, 98.40, [N/A], 98.40, 400.00, 1410, 1593, 33, P0, 100"
1780462736049296114,2026/06/03 04:58:56.069,98.02,98.02,,98.02,400.0,1410.0,1593.0,33.0,P0,100.0,average_instant,"2026/06/03 04:58:56.069, 98.02, [N/A], 98.02, 400.00, 1410, 1593, 33, P0, 100"
1780462736179612105,2026/06/03 04:58:56.199,98.12,98.12,,98.12,400.0,1410.0,1593.0,33.0,P0,100.0,average_instant,"2026/06/03 04:58:56.199, 98.12, [N/A], 98.12, 400.00, 1410, 1593, 33, P0, 100"
1780462736308601381,2026/06/03 04:58:56.328,98.12,98.12,,98.12,400.0,1410.0,1593.0,33.0,P0,100.0,average_instant,"2026/06/03 04:58:56.328, 98.12, [N/A], 98.12, 400.00, 1410, 1593, 33, P0, 100"
1780462736438366239,2026/06/03 04:58:56.457,98.12,98.12,,98.12,400.0,1410.0,1593.0,33.0,P0,100.0,average_instant,"2026/06/03 04:58:56.457, 98.12, [N/A], 98.12, 400.00, 1410, 1593, 33, P0, 100"
1780462736566282875,2026/06/03 04:58:56.586,98.02,98.02,,98.02,400.0,1410.0,1593.0,33.0,P0,100.0,average_instant,"2026/06/03 04:58:56.586, 98.02, [N/A], 98.02, 400.00, 1410, 1593, 33, P0, 100"
1780462736695253224,2026/06/03 04:58:56.716,98.12,98.12,,98.12,400.0,1410.0,1593.0,33.0,P0,100.0,average_instant,"2026/06/03 04:58:56.716, 98.12, [N/A], 98.12, 400.00, 1410, 1593, 33, P0, 100"
1780462736825522974,2026/06/03 04:58:56.844,98.3,98.3,,98.3,400.0,1410.0,1593.0,33.0,P0,100.0,average_instant,"2026/06/03 04:58:56.844, 98.30, [N/A], 98.30, 400.00, 1410, 1593, 33, P0, 100"
1780462736953530361,2026/06/03 04:58:56.973,98.4,98.4,,98.4,400.0,1410.0,1593.0,33.0,P0,100.0,average_instant,"2026/06/03 04:58:56.973, 98.40, [N/A], 98.40, 400.00, 1410, 1593, 33, P0, 100"
1780462737083656035,2026/06/03 04:58:57.103,98.4,98.4,,98.4,400.0,1410.0,1593.0,33.0,P0,100.0,average_instant,"2026/06/03 04:58:57.103, 98.40, [N/A], 98.40, 400.00, 1410, 1593, 33, P0, 100"
1780462737212455836,2026/06/03 04:58:57.231,98.4,98.4,,98.4,400.0,1410.0,1593.0,33.0,P0,100.0,average_instant,"2026/06/03 04:58:57.231, 98.40, [N/A], 98.40, 400.00, 1410, 1593, 33, P0, 100"
1780462737340015172,2026/06/03 04:58:57.358,98.4,98.4,,98.4,400.0,1410.0,1593.0,33.0,P0,100.0,average_instant,"2026/06/03 04:58:57.358, 98.40, [N/A], 98.40, 400.00, 1410, 1593, 33, P0, 100"
1780462737467415092,2026/06/03 04:58:57.486,98.4,98.4,,98.4,400.0,1410.0,1593.0,33.0,P0,100.0,average_instant,"2026/06/03 04:58:57.486, 98.40, [N/A], 98.40, 400.00, 1410, 1593, 33, P0, 100"
1780462737595739196,2026/06/03 04:58:57.614,98.4,98.4,,98.4,400.0,1410.0,1593.0,33.0,P0,100.0,average_instant,"2026/06/03 04:58:57.614, 98.40, [N/A], 98.40, 400.00, 1410, 1593, 33, P0, 100"
1780462737723888208,2026/06/03 04:58:57.743,98.12,98.12,,98.12,400.0,1410.0,1593.0,33.0,P0,100.0,average_instant,"2026/06/03 04:58:57.743, 98.12, [N/A], 98.12, 400.00, 1410, 1593, 33, P0, 100"
1780462737852521198,2026/06/03 04:58:57.872,98.4,98.4,,98.4,400.0,1410.0,1593.0,33.0,P0,100.0,average_instant,"2026/06/03 04:58:57.872, 98.40, [N/A], 98.40, 400.00, 1410, 1593, 33, P0, 100"
1780462737981138856,2026/06/03 04:58:58.000,98.4,98.4,,98.4,400.0,1410.0,1593.0,33.0,P0,100.0,average_instant,"2026/06/03 04:58:58.000, 98.40, [N/A], 98.40, 400.00, 1410, 1593, 33, P0, 100"
1780462738110894529,2026/06/03 04:58:58.130,98.4,98.4,,98.4,400.0,1410.0,1593.0,33.0,P0,100.0,average_instant,"2026/06/03 04:58:58.130, 98.40, [N/A], 98.40, 400.00, 1410, 1593, 33, P0, 100"
1780462738239923076,2026/06/03 04:58:58.259,98.3,98.3,,98.3,400.0,1410.0,1593.0,33.0,P0,100.0,average_instant,"2026/06/03 04:58:58.259, 98.30, [N/A], 98.30, 400.00, 1410, 1593, 33, P0, 100"
1780462738369404503,2026/06/03 04:58:58.389,98.3,98.3,,98.3,400.0,1410.0,1593.0,33.0,P0,100.0,average_instant,"2026/06/03 04:58:58.389, 98.30, [N/A], 98.30, 400.00, 1410, 1593, 33, P0, 100"
1780462738499204820,2026/06/03 04:58:58.518,98.4,98.4,,98.4,400.0,1410.0,1593.0,33.0,P0,100.0,average_instant,"2026/06/03 04:58:58.518, 98.40, [N/A], 98.40, 400.00, 1410, 1593, 33, P0, 100"
1780462738628233679,2026/06/03 04:58:58.648,98.4,98.4,,98.4,400.0,1410.0,1593.0,33.0,P0,100.0,average_instant,"2026/06/03 04:58:58.648, 98.40, [N/A], 98.40, 400.00, 1410, 1593, 33, P0, 100"
1780462738757708878,2026/06/03 04:58:58.777,98.4,98.4,,98.4,400.0,1410.0,1593.0,33.0,P0,100.0,average_instant,"2026/06/03 04:58:58.777, 98.40, [N/A], 98.40, 400.00, 1410, 1593, 33, P0, 100"
1780462738888872960,2026/06/03 04:58:58.908,98.12,98.12,,98.12,400.0,1410.0,1593.0,33.0,P0,100.0,average_instant,"2026/06/03 04:58:58.908, 98.12, [N/A], 98.12, 400.00, 1410, 1593, 33, P0, 100"
1780462739017995429,2026/06/03 04:58:59.040,98.02,98.02,,98.02,400.0,1410.0,1593.0,33.0,P0,100.0,average_instant,"2026/06/03 04:58:59.040, 98.02, [N/A], 98.02, 400.00, 1410, 1593, 33, P0, 100"
1780462739151189910,2026/06/03 04:58:59.175,98.12,98.12,,98.12,400.0,1410.0,1593.0,33.0,P0,100.0,average_instant,"2026/06/03 04:58:59.175, 98.12, [N/A], 98.12, 400.00, 1410, 1593, 33, P0, 100"
1780462739288253952,2026/06/03 04:58:59.311,98.12,98.12,,98.12,400.0,1410.0,1593.0,33.0,P0,100.0,average_instant,"2026/06/03 04:58:59.311, 98.12, [N/A], 98.12, 400.00, 1410, 1593, 33, P0, 100"
1780462739423400736,2026/06/03 04:58:59.443,98.12,98.12,,98.12,400.0,1410.0,1593.0,33.0,P0,100.0,average_instant,"2026/06/03 04:58:59.443, 98.12, [N/A], 98.12, 400.00, 1410, 1593, 33, P0, 100"
1780462739553513191,2026/06/03 04:58:59.573,98.02,98.02,,98.02,400.0,1410.0,1593.0,33.0,P0,100.0,average_instant,"2026/06/03 04:58:59.573, 98.02, [N/A], 98.02, 400.00, 1410, 1593, 33, P0, 100"
1780462739683792689,2026/06/03 04:58:59.703,98.12,98.12,,98.12,400.0,1410.0,1593.0,33.0,P0,100.0,average_instant,"2026/06/03 04:58:59.703, 98.12, [N/A], 98.12, 400.00, 1410, 1593, 33, P0, 100"
1780462739813665480,2026/06/03 04:58:59.833,98.12,98.12,,98.12,400.0,1410.0,1593.0,33.0,P0,100.0,average_instant,"2026/06/03 04:58:59.833, 98.12, [N/A], 98.12, 400.00, 1410, 1593, 33, P0, 100"
1780462739945150239,2026/06/03 04:58:59.965,98.12,98.12,,98.12,400.0,1410.0,1593.0,33.0,P0,100.0,average_instant,"2026/06/03 04:58:59.965, 98.12, [N/A], 98.12, 400.00, 1410, 1593, 33, P0, 100"
1780462740075884760,2026/06/03 04:59:00.096,98.12,98.12,,98.12,400.0,1410.0,1593.0,33.0,P0,100.0,average_instant,"2026/06/03 04:59:00.096, 98.12, [N/A], 98.12, 400.00, 1410, 1593, 33, P0, 100"
1780462740205387704,2026/06/03 04:59:00.226,98.12,98.12,,98.12,400.0,1410.0,1593.0,33.0,P0,100.0,average_instant,"2026/06/03 04:59:00.226, 98.12, [N/A], 98.12, 400.00, 1410, 1593, 33, P0, 100"
1780462740336309867,2026/06/03 04:59:00.356,98.12,98.12,,98.12,400.0,1410.0,1593.0,33.0,P0,100.0,average_instant,"2026/06/03 04:59:00.356, 98.12, [N/A], 98.12, 400.00, 1410, 1593, 33, P0, 100"
1780462740467502995,2026/06/03 04:59:00.489,98.12,98.12,,98.12,400.0,1410.0,1593.0,33.0,P0,100.0,average_instant,"2026/06/03 04:59:00.489, 98.12, [N/A], 98.12, 400.00, 1410, 1593, 33, P0, 100"
1780462740600504056,2026/06/03 04:59:00.620,98.12,98.12,,98.12,400.0,1410.0,1593.0,33.0,P0,100.0,average_instant,"2026/06/03 04:59:00.620, 98.12, [N/A], 98.12, 400.00, 1410, 1593, 33, P0, 100"
1780462740732047149,2026/06/03 04:59:00.753,98.12,98.12,,98.12,400.0,1410.0,1593.0,33.0,P0,100.0,average_instant,"2026/06/03 04:59:00.753, 98.12, [N/A], 98.12, 400.00, 1410, 1593, 33, P0, 100"
1780462740864257409,2026/06/03 04:59:00.885,98.02,98.02,,98.02,400.0,1410.0,1593.0,33.0,P0,100.0,average_instant,"2026/06/03 04:59:00.885, 98.02, [N/A], 98.02, 400.00, 1410, 1593, 33, P0, 100"
1780462740996475956,2026/06/03 04:59:01.017,98.12,98.12,,98.12,400.0,1410.0,1593.0,33.0,P0,100.0,average_instant,"2026/06/03 04:59:01.017, 98.12, [N/A], 98.12, 400.00, 1410, 1593, 33, P0, 100"
1780462741128525309,2026/06/03 04:59:01.148,98.12,98.12,,98.12,400.0,1410.0,1593.0,33.0,P0,100.0,average_instant,"2026/06/03 04:59:01.148, 98.12, [N/A], 98.12, 400.00, 1410, 1593, 33, P0, 100"
1780462741258391701,2026/06/03 04:59:01.278,98.12,98.12,,98.12,400.0,1410.0,1593.0,33.0,P0,100.0,average_instant,"2026/06/03 04:59:01.278, 98.12, [N/A], 98.12, 400.00, 1410, 1593, 33, P0, 100"
1780462741389617677,2026/06/03 04:59:01.409,98.12,98.12,,98.12,400.0,1410.0,1593.0,33.0,P0,100.0,average_instant,"2026/06/03 04:59:01.409, 98.12, [N/A], 98.12, 400.00, 1410, 1593, 33, P0, 100"
1780462741518371616,2026/06/03 04:59:01.538,98.02,98.02,,98.02,400.0,1410.0,1593.0,33.0,P0,100.0,average_instant,"2026/06/03 04:59:01.538, 98.02, [N/A], 98.02, 400.00, 1410, 1593, 33, P0, 100"
1780462741648499163,2026/06/03 04:59:01.668,98.4,98.4,,98.4,400.0,1410.0,1593.0,33.0,P0,100.0,average_instant,"2026/06/03 04:59:01.668, 98.40, [N/A], 98.40, 400.00, 1410, 1593, 33, P0, 100"
1780462741777982102,2026/06/03 04:59:01.798,98.12,98.12,,98.12,400.0,1410.0,1593.0,33.0,P0,100.0,average_instant,"2026/06/03 04:59:01.798, 98.12, [N/A], 98.12, 400.00, 1410, 1593, 33, P0, 100"
1780462741907923403,2026/06/03 04:59:01.928,98.12,98.12,,98.12,400.0,1410.0,1593.0,33.0,P0,100.0,average_instant,"2026/06/03 04:59:01.928, 98.12, [N/A], 98.12, 400.00, 1410, 1593, 33, P0, 100"
1780462742037602153,2026/06/03 04:59:02.057,98.12,98.12,,98.12,400.0,1410.0,1593.0,33.0,P0,100.0,average_instant,"2026/06/03 04:59:02.057, 98.12, [N/A], 98.12, 400.00, 1410, 1593, 33, P0, 100"
1780462742167414793,2026/06/03 04:59:02.187,98.12,98.12,,98.12,400.0,1410.0,1593.0,33.0,P0,100.0,average_instant,"2026/06/03 04:59:02.187, 98.12, [N/A], 98.12, 400.00, 1410, 1593, 33, P0, 100"
1780462742297052644,2026/06/03 04:59:02.316,98.12,98.12,,98.12,400.0,1410.0,1593.0,33.0,P0,100.0,average_instant,"2026/06/03 04:59:02.316, 98.12, [N/A], 98.12, 400.00, 1410, 1593, 33, P0, 100"
1780462742426629448,2026/06/03 04:59:02.446,98.02,98.02,,98.02,400.0,1410.0,1593.0,33.0,P0,100.0,average_instant,"2026/06/03 04:59:02.446, 98.02, [N/A], 98.02, 400.00, 1410, 1593, 33, P0, 100"
1780462742556874950,2026/06/03 04:59:02.576,98.12,98.12,,98.12,400.0,1410.0,1593.0,33.0,P0,100.0,average_instant,"2026/06/03 04:59:02.576, 98.12, [N/A], 98.12, 400.00, 1410, 1593, 33, P0, 100"
1780462742687905974,2026/06/03 04:59:02.707,98.12,98.12,,98.12,400.0,1410.0,1593.0,33.0,P0,100.0,average_instant,"2026/06/03 04:59:02.707, 98.12, [N/A], 98.12, 400.00, 1410, 1593, 33, P0, 100"
1780462742817690221,2026/06/03 04:59:02.839,98.12,98.12,,98.12,400.0,1410.0,1593.0,33.0,P0,100.0,average_instant,"2026/06/03 04:59:02.839, 98.12, [N/A], 98.12, 400.00, 1410, 1593, 33, P0, 100"
1780462742961761278,2026/06/03 04:59:02.981,98.12,98.12,,98.12,400.0,1410.0,1593.0,33.0,P0,100.0,average_instant,"2026/06/03 04:59:02.981, 98.12, [N/A], 98.12, 400.00, 1410, 1593, 33, P0, 100"
1780462743090959823,2026/06/03 04:59:03.110,98.12,98.12,,98.12,400.0,1410.0,1593.0,33.0,P0,100.0,average_instant,"2026/06/03 04:59:03.110, 98.12, [N/A], 98.12, 400.00, 1410, 1593, 33, P0, 100"
1780462743219617315,2026/06/03 04:59:03.239,98.12,98.12,,98.12,400.0,1410.0,1593.0,33.0,P0,100.0,average_instant,"2026/06/03 04:59:03.239, 98.12, [N/A], 98.12, 400.00, 1410, 1593, 33, P0, 100"
1780462743348006681,2026/06/03 04:59:03.367,98.02,98.02,,98.02,400.0,1410.0,1593.0,33.0,P0,100.0,average_instant,"2026/06/03 04:59:03.367, 98.02, [N/A], 98.02, 400.00, 1410, 1593, 33, P0, 100"
1780462743477231662,2026/06/03 04:59:03.496,98.12,98.12,,98.12,400.0,1410.0,1593.0,33.0,P0,100.0,average_instant,"2026/06/03 04:59:03.496, 98.12, [N/A], 98.12, 400.00, 1410, 1593, 33, P0, 100"
1780462743604596199,2026/06/03 04:59:03.624,98.02,98.02,,98.02,400.0,1410.0,1593.0,33.0,P0,100.0,average_instant,"2026/06/03 04:59:03.624, 98.02, [N/A], 98.02, 400.00, 1410, 1593, 33, P0, 100"
1780462743733355379,2026/06/03 04:59:03.752,98.02,98.02,,98.02,400.0,1410.0,1593.0,33.0,P0,100.0,average_instant,"2026/06/03 04:59:03.752, 98.02, [N/A], 98.02, 400.00, 1410, 1593, 33, P0, 100"
1780462743863277226,2026/06/03 04:59:03.883,98.02,98.02,,98.02,400.0,1410.0,1593.0,33.0,P0,100.0,average_instant,"2026/06/03 04:59:03.883, 98.02, [N/A], 98.02, 400.00, 1410, 1593, 33, P0, 100"
1780462743991834767,2026/06/03 04:59:04.010,98.12,98.12,,98.12,400.0,1410.0,1593.0,33.0,P0,100.0,average_instant,"2026/06/03 04:59:04.010, 98.12, [N/A], 98.12, 400.00, 1410, 1593, 33, P0, 100"
1780462744119695950,2026/06/03 04:59:04.138,98.02,98.02,,98.02,400.0,1410.0,1593.0,33.0,P0,100.0,average_instant,"2026/06/03 04:59:04.138, 98.02, [N/A], 98.02, 400.00, 1410, 1593, 33, P0, 100"
1780462744248024690,2026/06/03 04:59:04.267,98.12,98.12,,98.12,400.0,1410.0,1593.0,33.0,P0,100.0,average_instant,"2026/06/03 04:59:04.267, 98.12, [N/A], 98.12, 400.00, 1410, 1593, 33, P0, 100"
1780462744376647526,2026/06/03 04:59:04.396,98.12,98.12,,98.12,400.0,1410.0,1593.0,33.0,P0,100.0,average_instant,"2026/06/03 04:59:04.396, 98.12, [N/A], 98.12, 400.00, 1410, 1593, 33, P0, 100"
1780462744506717621,2026/06/03 04:59:04.526,98.12,98.12,,98.12,400.0,1410.0,1593.0,33.0,P0,100.0,average_instant,"2026/06/03 04:59:04.526, 98.12, [N/A], 98.12, 400.00, 1410, 1593, 33, P0, 100"
1780462744636407525,2026/06/03 04:59:04.655,98.12,98.12,,98.12,400.0,1410.0,1593.0,33.0,P0,100.0,average_instant,"2026/06/03 04:59:04.655, 98.12, [N/A], 98.12, 400.00, 1410, 1593, 33, P0, 100"
1780462744766106559,2026/06/03 04:59:04.785,98.4,98.4,,98.4,400.0,1410.0,1593.0,33.0,P0,100.0,average_instant,"2026/06/03 04:59:04.785, 98.40, [N/A], 98.40, 400.00, 1410, 1593, 33, P0, 100"
1780462744894902134,2026/06/03 04:59:04.914,98.02,98.02,,98.02,400.0,1410.0,1593.0,33.0,P0,100.0,average_instant,"2026/06/03 04:59:04.914, 98.02, [N/A], 98.02, 400.00, 1410, 1593, 33, P0, 100"
1780462745023639313,2026/06/03 04:59:05.042,98.12,98.12,,98.12,400.0,1410.0,1593.0,33.0,P0,100.0,average_instant,"2026/06/03 04:59:05.042, 98.12, [N/A], 98.12, 400.00, 1410, 1593, 33, P0, 100"
1780462745151477348,2026/06/03 04:59:05.170,98.12,98.12,,98.12,400.0,1410.0,1593.0,33.0,P0,100.0,average_instant,"2026/06/03 04:59:05.170, 98.12, [N/A], 98.12, 400.00, 1410, 1593, 33, P0, 100"
1780462745279338919,2026/06/03 04:59:05.299,98.12,98.12,,98.12,400.0,1410.0,1593.0,33.0,P0,100.0,average_instant,"2026/06/03 04:59:05.299, 98.12, [N/A], 98.12, 400.00, 1410, 1593, 33, P0, 100"
1780462745408283283,2026/06/03 04:59:05.428,98.12,98.12,,98.12,400.0,1410.0,1593.0,33.0,P0,100.0,average_instant,"2026/06/03 04:59:05.428, 98.12, [N/A], 98.12, 400.00, 1410, 1593, 33, P0, 100"
1780462745536712169,2026/06/03 04:59:05.556,98.3,98.3,,98.3,400.0,1410.0,1593.0,33.0,P0,100.0,average_instant,"2026/06/03 04:59:05.556, 98.30, [N/A], 98.30, 400.00, 1410, 1593, 33, P0, 100"
1780462745664681119,2026/06/03 04:59:05.683,98.12,98.12,,98.12,400.0,1410.0,1593.0,33.0,P0,100.0,average_instant,"2026/06/03 04:59:05.683, 98.12, [N/A], 98.12, 400.00, 1410, 1593, 33, P0, 100"
1780462745793784746,2026/06/03 04:59:05.813,98.4,98.4,,98.4,400.0,1410.0,1593.0,33.0,P0,100.0,average_instant,"2026/06/03 04:59:05.813, 98.40, [N/A], 98.40, 400.00, 1410, 1593, 33, P0, 100"
1780462745923163254,2026/06/03 04:59:05.942,98.3,98.3,,98.3,400.0,1410.0,1593.0,33.0,P0,100.0,average_instant,"2026/06/03 04:59:05.942, 98.30, [N/A], 98.30, 400.00, 1410, 1593, 33, P0, 100"
1780462746052764142,2026/06/03 04:59:06.071,98.12,98.12,,98.12,400.0,1410.0,1593.0,33.0,P0,100.0,average_instant,"2026/06/03 04:59:06.071, 98.12, [N/A], 98.12, 400.00, 1410, 1593, 33, P0, 100"
1780462746180557223,2026/06/03 04:59:06.199,98.4,98.4,,98.4,400.0,1410.0,1593.0,33.0,P0,100.0,average_instant,"2026/06/03 04:59:06.199, 98.40, [N/A], 98.40, 400.00, 1410, 1593, 33, P0, 100"
1780462746309054751,2026/06/03 04:59:06.328,98.4,98.4,,98.4,400.0,1410.0,1593.0,33.0,P0,100.0,average_instant,"2026/06/03 04:59:06.328, 98.40, [N/A], 98.40, 400.00, 1410, 1593, 33, P0, 100"
1780462746437555850,2026/06/03 04:59:06.456,98.4,98.4,,98.4,400.0,1410.0,1593.0,33.0,P0,100.0,average_instant,"2026/06/03 04:59:06.456, 98.40, [N/A], 98.40, 400.00, 1410, 1593, 33, P0, 100"
1780462746565626993,2026/06/03 04:59:06.584,98.4,98.4,,98.4,400.0,1410.0,1593.0,33.0,P0,100.0,average_instant,"2026/06/03 04:59:06.584, 98.40, [N/A], 98.40, 400.00, 1410, 1593, 33, P0, 100"
1780462746693877476,2026/06/03 04:59:06.713,98.12,98.12,,98.12,400.0,1410.0,1593.0,33.0,P0,100.0,average_instant,"2026/06/03 04:59:06.713, 98.12, [N/A], 98.12, 400.00, 1410, 1593, 33, P0, 100"
1780462746822677337,2026/06/03 04:59:06.842,98.4,98.4,,98.4,400.0,1410.0,1593.0,33.0,P0,100.0,average_instant,"2026/06/03 04:59:06.842, 98.40, [N/A], 98.40, 400.00, 1410, 1593, 33, P0, 100"
1780462746951879029,2026/06/03 04:59:06.971,98.4,98.4,,98.4,400.0,1410.0,1593.0,33.0,P0,100.0,average_instant,"2026/06/03 04:59:06.971, 98.40, [N/A], 98.40, 400.00, 1410, 1593, 33, P0, 100"
1780462747080607992,2026/06/03 04:59:07.100,98.12,98.12,,98.12,400.0,1410.0,1593.0,33.0,P0,100.0,average_instant,"2026/06/03 04:59:07.100, 98.12, [N/A], 98.12, 400.00, 1410, 1593, 33, P0, 100"
1780462747209820665,2026/06/03 04:59:07.229,98.4,98.4,,98.4,400.0,1410.0,1593.0,33.0,P0,100.0,average_instant,"2026/06/03 04:59:07.229, 98.40, [N/A], 98.40, 400.00, 1410, 1593, 33, P0, 100"
1780462747339232877,2026/06/03 04:59:07.358,98.4,98.4,,98.4,400.0,1410.0,1593.0,33.0,P0,100.0,average_instant,"2026/06/03 04:59:07.358, 98.40, [N/A], 98.40, 400.00, 1410, 1593, 33, P0, 100"
1780462747468030478,2026/06/03 04:59:07.487,98.12,98.12,,98.12,400.0,1410.0,1593.0,33.0,P0,100.0,average_instant,"2026/06/03 04:59:07.487, 98.12, [N/A], 98.12, 400.00, 1410, 1593, 33, P0, 100"
1780462747596627270,2026/06/03 04:59:07.615,98.4,98.4,,98.4,400.0,1410.0,1593.0,33.0,P0,100.0,average_instant,"2026/06/03 04:59:07.615, 98.40, [N/A], 98.40, 400.00, 1410, 1593, 33, P0, 100"
1780462747724835540,2026/06/03 04:59:07.744,98.3,98.3,,98.3,400.0,1410.0,1593.0,33.0,P0,100.0,average_instant,"2026/06/03 04:59:07.744, 98.30, [N/A], 98.30, 400.00, 1410, 1593, 33, P0, 100"
1780462747853840529,2026/06/03 04:59:07.873,98.4,98.4,,98.4,400.0,1410.0,1593.0,33.0,P0,100.0,average_instant,"2026/06/03 04:59:07.873, 98.40, [N/A], 98.40, 400.00, 1410, 1593, 33, P0, 100"
1780462747985645325,2026/06/03 04:59:08.004,98.4,98.4,,98.4,400.0,1410.0,1593.0,33.0,P0,100.0,average_instant,"2026/06/03 04:59:08.004, 98.40, [N/A], 98.40, 400.00, 1410, 1593, 33, P0, 100"
1780462748113640547,2026/06/03 04:59:08.133,98.3,98.3,,98.3,400.0,1410.0,1593.0,33.0,P0,100.0,average_instant,"2026/06/03 04:59:08.133, 98.30, [N/A], 98.30, 400.00, 1410, 1593, 33, P0, 100"
1780462748242193924,2026/06/03 04:59:08.261,98.4,98.4,,98.4,400.0,1410.0,1593.0,33.0,P0,100.0,average_instant,"2026/06/03 04:59:08.261, 98.40, [N/A], 98.40, 400.00, 1410, 1593, 33, P0, 100"
1780462748371268181,2026/06/03 04:59:08.390,98.3,98.3,,98.3,400.0,1410.0,1593.0,33.0,P0,100.0,average_instant,"2026/06/03 04:59:08.390, 98.30, [N/A], 98.30, 400.00, 1410, 1593, 33, P0, 100"
1780462748499992409,2026/06/03 04:59:08.519,98.4,98.4,,98.4,400.0,1410.0,1593.0,33.0,P0,100.0,average_instant,"2026/06/03 04:59:08.519, 98.40, [N/A], 98.40, 400.00, 1410, 1593, 33, P0, 100"
1780462748630398707,2026/06/03 04:59:08.650,98.4,98.4,,98.4,400.0,1410.0,1593.0,33.0,P0,100.0,average_instant,"2026/06/03 04:59:08.650, 98.40, [N/A], 98.40, 400.00, 1410, 1593, 33, P0, 100"
1780462748759155741,2026/06/03 04:59:08.778,98.4,98.4,,98.4,400.0,1410.0,1593.0,33.0,P0,100.0,average_instant,"2026/06/03 04:59:08.778, 98.40, [N/A], 98.40, 400.00, 1410, 1593, 33, P0, 100"
1780462748890960087,2026/06/03 04:59:08.910,98.4,98.4,,98.4,400.0,1410.0,1593.0,33.0,P0,100.0,average_instant,"2026/06/03 04:59:08.910, 98.40, [N/A], 98.40, 400.00, 1410, 1593, 33, P0, 100"
1780462749019347774,2026/06/03 04:59:09.039,98.3,98.3,,98.3,400.0,1410.0,1593.0,33.0,P0,100.0,average_instant,"2026/06/03 04:59:09.039, 98.30, [N/A], 98.30, 400.00, 1410, 1593, 33, P0, 100"
1780462749149254104,2026/06/03 04:59:09.168,98.4,98.4,,98.4,400.0,1410.0,1593.0,33.0,P0,100.0,average_instant,"2026/06/03 04:59:09.168, 98.40, [N/A], 98.40, 400.00, 1410, 1593, 33, P0, 100"
1780462749277371098,2026/06/03 04:59:09.296,98.4,98.4,,98.4,400.0,1410.0,1593.0,33.0,P0,100.0,average_instant,"2026/06/03 04:59:09.296, 98.40, [N/A], 98.40, 400.00, 1410, 1593, 33, P0, 100"
1780462749404902040,2026/06/03 04:59:09.424,98.4,98.4,,98.4,400.0,1410.0,1593.0,33.0,P0,100.0,average_instant,"2026/06/03 04:59:09.424, 98.40, [N/A], 98.40, 400.00, 1410, 1593, 33, P0, 100"
1780462749535272978,2026/06/03 04:59:09.555,98.4,98.4,,98.4,400.0,1410.0,1593.0,33.0,P0,100.0,average_instant,"2026/06/03 04:59:09.555, 98.40, [N/A], 98.40, 400.00, 1410, 1593, 33, P0, 100"
1780462749664355308,2026/06/03 04:59:09.684,98.4,98.4,,98.4,400.0,1410.0,1593.0,33.0,P0,100.0,average_instant,"2026/06/03 04:59:09.684, 98.40, [N/A], 98.40, 400.00, 1410, 1593, 33, P0, 100"
1780462749795306636,2026/06/03 04:59:09.814,98.4,98.4,,98.4,400.0,1410.0,1593.0,33.0,P0,100.0,average_instant,"2026/06/03 04:59:09.814, 98.40, [N/A], 98.40, 400.00, 1410, 1593, 33, P0, 100"
1780462749923624933,2026/06/03 04:59:09.942,98.4,98.4,,98.4,400.0,1410.0,1593.0,33.0,P0,100.0,average_instant,"2026/06/03 04:59:09.942, 98.40, [N/A], 98.40, 400.00, 1410, 1593, 33, P0, 100"
1780462750051812683,2026/06/03 04:59:10.071,98.3,98.3,,98.3,400.0,1410.0,1593.0,33.0,P0,100.0,average_instant,"2026/06/03 04:59:10.071, 98.30, [N/A], 98.30, 400.00, 1410, 1593, 33, P0, 100"
1780462750180494786,2026/06/03 04:59:10.200,98.12,98.12,,98.12,400.0,1410.0,1593.0,33.0,P0,100.0,average_instant,"2026/06/03 04:59:10.200, 98.12, [N/A], 98.12, 400.00, 1410, 1593, 33, P0, 100"
1780462750308988091,2026/06/03 04:59:10.328,98.12,98.12,,98.12,400.0,1410.0,1593.0,33.0,P0,100.0,average_instant,"2026/06/03 04:59:10.328, 98.12, [N/A], 98.12, 400.00, 1410, 1593, 33, P0, 100"
1780462750439088952,2026/06/03 04:59:10.459,98.12,98.12,,98.12,400.0,1410.0,1593.0,33.0,P0,100.0,average_instant,"2026/06/03 04:59:10.459, 98.12, [N/A], 98.12, 400.00, 1410, 1593, 33, P0, 100"
1780462750568501237,2026/06/03 04:59:10.588,98.02,98.02,,98.02,400.0,1410.0,1593.0,33.0,P0,100.0,average_instant,"2026/06/03 04:59:10.588, 98.02, [N/A], 98.02, 400.00, 1410, 1593, 33, P0, 100"
1780462750697917819,2026/06/03 04:59:10.717,98.12,98.12,,98.12,400.0,1410.0,1593.0,33.0,P0,100.0,average_instant,"2026/06/03 04:59:10.717, 98.12, [N/A], 98.12, 400.00, 1410, 1593, 33, P0, 100"
1780462750827157334,2026/06/03 04:59:10.846,98.12,98.12,,98.12,400.0,1410.0,1593.0,33.0,P0,100.0,average_instant,"2026/06/03 04:59:10.846, 98.12, [N/A], 98.12, 400.00, 1410, 1593, 33, P0, 100"
1780462750956369026,2026/06/03 04:59:10.975,98.12,98.12,,98.12,400.0,1410.0,1593.0,33.0,P0,100.0,average_instant,"2026/06/03 04:59:10.975, 98.12, [N/A], 98.12, 400.00, 1410, 1593, 33, P0, 100"
1780462751084288628,2026/06/03 04:59:11.103,98.12,98.12,,98.12,400.0,1410.0,1593.0,33.0,P0,100.0,average_instant,"2026/06/03 04:59:11.103, 98.12, [N/A], 98.12, 400.00, 1410, 1593, 33, P0, 100"
1780462751211889823,2026/06/03 04:59:11.231,98.12,98.12,,98.12,400.0,1410.0,1593.0,33.0,P0,100.0,average_instant,"2026/06/03 04:59:11.231, 98.12, [N/A], 98.12, 400.00, 1410, 1593, 33, P0, 100"
1780462751339799868,2026/06/03 04:59:11.359,98.02,98.02,,98.02,400.0,1410.0,1593.0,33.0,P0,100.0,average_instant,"2026/06/03 04:59:11.359, 98.02, [N/A], 98.02, 400.00, 1410, 1593, 33, P0, 100"
1780462751468951678,2026/06/03 04:59:11.488,98.12,98.12,,98.12,400.0,1410.0,1593.0,33.0,P0,100.0,average_instant,"2026/06/03 04:59:11.488, 98.12, [N/A], 98.12, 400.00, 1410, 1593, 33, P0, 100"
1780462751597299519,2026/06/03 04:59:11.616,98.12,98.12,,98.12,400.0,1410.0,1593.0,33.0,P0,100.0,average_instant,"2026/06/03 04:59:11.616, 98.12, [N/A], 98.12, 400.00, 1410, 1593, 33, P0, 100"
1780462751726898310,2026/06/03 04:59:11.746,98.12,98.12,,98.12,400.0,1410.0,1593.0,33.0,P0,100.0,average_instant,"2026/06/03 04:59:11.746, 98.12, [N/A], 98.12, 400.00, 1410, 1593, 33, P0, 100"
1780462751855592878,2026/06/03 04:59:11.875,98.12,98.12,,98.12,400.0,1410.0,1593.0,33.0,P0,100.0,average_instant,"2026/06/03 04:59:11.875, 98.12, [N/A], 98.12, 400.00, 1410, 1593, 33, P0, 100"
1780462751984172557,2026/06/03 04:59:12.003,98.12,98.12,,98.12,400.0,1410.0,1593.0,33.0,P0,100.0,average_instant,"2026/06/03 04:59:12.003, 98.12, [N/A], 98.12, 400.00, 1410, 1593, 33, P0, 100"
1780462752112151543,2026/06/03 04:59:12.131,98.12,98.12,,98.12,400.0,1410.0,1593.0,33.0,P0,100.0,average_instant,"2026/06/03 04:59:12.131, 98.12, [N/A], 98.12, 400.00, 1410, 1593, 33, P0, 100"
1780462752240764921,2026/06/03 04:59:12.260,98.12,98.12,,98.12,400.0,1410.0,1593.0,33.0,P0,100.0,average_instant,"2026/06/03 04:59:12.260, 98.12, [N/A], 98.12, 400.00, 1410, 1593, 33, P0, 100"
1780462752370973005,2026/06/03 04:59:12.390,98.12,98.12,,98.12,400.0,1410.0,1593.0,33.0,P0,100.0,average_instant,"2026/06/03 04:59:12.390, 98.12, [N/A], 98.12, 400.00, 1410, 1593, 33, P0, 100"
1780462752499439203,2026/06/03 04:59:12.519,98.12,98.12,,98.12,400.0,1410.0,1593.0,33.0,P0,100.0,average_instant,"2026/06/03 04:59:12.519, 98.12, [N/A], 98.12, 400.00, 1410, 1593, 33, P0, 100"
1780462752629151567,2026/06/03 04:59:12.648,98.12,98.12,,98.12,400.0,1410.0,1593.0,33.0,P0,100.0,average_instant,"2026/06/03 04:59:12.648, 98.12, [N/A], 98.12, 400.00, 1410, 1593, 33, P0, 100"
1780462752757783421,2026/06/03 04:59:12.777,98.02,98.02,,98.02,400.0,1410.0,1593.0,33.0,P0,100.0,average_instant,"2026/06/03 04:59:12.777, 98.02, [N/A], 98.02, 400.00, 1410, 1593, 33, P0, 100"
1780462752887859982,2026/06/03 04:59:12.907,98.12,98.12,,98.12,400.0,1410.0,1593.0,33.0,P0,100.0,average_instant,"2026/06/03 04:59:12.907, 98.12, [N/A], 98.12, 400.00, 1410, 1593, 33, P0, 100"
1780462753016236290,2026/06/03 04:59:13.035,98.12,98.12,,98.12,400.0,1410.0,1593.0,33.0,P0,100.0,average_instant,"2026/06/03 04:59:13.035, 98.12, [N/A], 98.12, 400.00, 1410, 1593, 33, P0, 100"
1780462753143919951,2026/06/03 04:59:13.163,98.12,98.12,,98.12,400.0,1410.0,1593.0,33.0,P0,100.0,average_instant,"2026/06/03 04:59:13.163, 98.12, [N/A], 98.12, 400.00, 1410, 1593, 33, P0, 100"
1780462753272592270,2026/06/03 04:59:13.292,98.12,98.12,,98.12,400.0,1410.0,1593.0,33.0,P0,100.0,average_instant,"2026/06/03 04:59:13.292, 98.12, [N/A], 98.12, 400.00, 1410, 1593, 33, P0, 100"
1780462753401665647,2026/06/03 04:59:13.420,98.12,98.12,,98.12,400.0,1410.0,1593.0,33.0,P0,100.0,average_instant,"2026/06/03 04:59:13.420, 98.12, [N/A], 98.12, 400.00, 1410, 1593, 33, P0, 100"
1780462753529333567,2026/06/03 04:59:13.549,98.12,98.12,,98.12,400.0,1410.0,1593.0,33.0,P0,100.0,average_instant,"2026/06/03 04:59:13.549, 98.12, [N/A], 98.12, 400.00, 1410, 1593, 33, P0, 100"
1780462753657758784,2026/06/03 04:59:13.676,98.12,98.12,,98.12,400.0,1410.0,1593.0,33.0,P0,100.0,average_instant,"2026/06/03 04:59:13.676, 98.12, [N/A], 98.12, 400.00, 1410, 1593, 33, P0, 100"
1780462753784454561,2026/06/03 04:59:13.803,98.12,98.12,,98.12,400.0,1410.0,1593.0,33.0,P0,100.0,average_instant,"2026/06/03 04:59:13.803, 98.12, [N/A], 98.12, 400.00, 1410, 1593, 33, P0, 100"
1780462753913230442,2026/06/03 04:59:13.932,98.12,98.12,,98.12,400.0,1410.0,1593.0,33.0,P0,100.0,average_instant,"2026/06/03 04:59:13.932, 98.12, [N/A], 98.12, 400.00, 1410, 1593, 33, P0, 100"
1780462754041194319,2026/06/03 04:59:14.059,98.12,98.12,,98.12,400.0,1410.0,1593.0,33.0,P0,100.0,average_instant,"2026/06/03 04:59:14.059, 98.12, [N/A], 98.12, 400.00, 1410, 1593, 33, P0, 100"
1780462754168920371,2026/06/03 04:59:14.189,98.12,98.12,,98.12,400.0,1410.0,1593.0,33.0,P0,100.0,average_instant,"2026/06/03 04:59:14.189, 98.12, [N/A], 98.12, 400.00, 1410, 1593, 33, P0, 100"
1780462754299907924,2026/06/03 04:59:14.319,98.12,98.12,,98.12,400.0,1410.0,1593.0,33.0,P0,100.0,average_instant,"2026/06/03 04:59:14.319, 98.12, [N/A], 98.12, 400.00, 1410, 1593, 33, P0, 100"
1780462754427861773,2026/06/03 04:59:14.447,98.12,98.12,,98.12,400.0,1410.0,1593.0,33.0,P0,100.0,average_instant,"2026/06/03 04:59:14.447, 98.12, [N/A], 98.12, 400.00, 1410, 1593, 33, P0, 100"
1780462754555563564,2026/06/03 04:59:14.575,98.12,98.12,,98.12,400.0,1410.0,1593.0,33.0,P0,100.0,average_instant,"2026/06/03 04:59:14.575, 98.12, [N/A], 98.12, 400.00, 1410, 1593, 33, P0, 100"
1780462754683847633,2026/06/03 04:59:14.703,98.12,98.12,,98.12,400.0,1410.0,1593.0,33.0,P0,100.0,average_instant,"2026/06/03 04:59:14.703, 98.12, [N/A], 98.12, 400.00, 1410, 1593, 33, P0, 100"
1780462754811975510,2026/06/03 04:59:14.831,98.12,98.12,,98.12,400.0,1410.0,1593.0,33.0,P0,100.0,average_instant,"2026/06/03 04:59:14.831, 98.12, [N/A], 98.12, 400.00, 1410, 1593, 33, P0, 100"
1780462754942110479,2026/06/03 04:59:14.961,98.12,98.12,,98.12,400.0,1410.0,1593.0,33.0,P0,100.0,average_instant,"2026/06/03 04:59:14.961, 98.12, [N/A], 98.12, 400.00, 1410, 1593, 33, P0, 100"
1780462755070346161,2026/06/03 04:59:15.089,98.12,98.12,,98.12,400.0,1410.0,1593.0,33.0,P0,100.0,average_instant,"2026/06/03 04:59:15.089, 98.12, [N/A], 98.12, 400.00, 1410, 1593, 33, P0, 100"
1780462755198177946,2026/06/03 04:59:15.217,98.12,98.12,,98.12,400.0,1410.0,1593.0,33.0,P0,100.0,average_instant,"2026/06/03 04:59:15.217, 98.12, [N/A], 98.12, 400.00, 1410, 1593, 33, P0, 100"
1780462755326788651,2026/06/03 04:59:15.345,98.12,98.12,,98.12,400.0,1410.0,1593.0,33.0,P0,100.0,average_instant,"2026/06/03 04:59:15.345, 98.12, [N/A], 98.12, 400.00, 1410, 1593, 33, P0, 100"
1780462755454956774,2026/06/03 04:59:15.474,98.12,98.12,,98.12,400.0,1410.0,1593.0,33.0,P0,100.0,average_instant,"2026/06/03 04:59:15.474, 98.12, [N/A], 98.12, 400.00, 1410, 1593, 33, P0, 100"
1780462755583313889,2026/06/03 04:59:15.603,98.12,98.12,,98.12,400.0,1410.0,1593.0,33.0,P0,100.0,average_instant,"2026/06/03 04:59:15.603, 98.12, [N/A], 98.12, 400.00, 1410, 1593, 33, P0, 100"
1780462755713139101,2026/06/03 04:59:15.732,98.12,98.12,,98.12,400.0,1410.0,1593.0,33.0,P0,100.0,average_instant,"2026/06/03 04:59:15.732, 98.12, [N/A], 98.12, 400.00, 1410, 1593, 33, P0, 100"
1780462755841784451,2026/06/03 04:59:15.861,98.12,98.12,,98.12,400.0,1410.0,1593.0,33.0,P0,100.0,average_instant,"2026/06/03 04:59:15.861, 98.12, [N/A], 98.12, 400.00, 1410, 1593, 33, P0, 100"
1780462755971146796,2026/06/03 04:59:15.990,98.4,98.4,,98.4,400.0,1410.0,1593.0,33.0,P0,100.0,average_instant,"2026/06/03 04:59:15.990, 98.40, [N/A], 98.40, 400.00, 1410, 1593, 33, P0, 100"
1780462756099609931,2026/06/03 04:59:16.118,98.4,98.4,,98.4,400.0,1410.0,1593.0,33.0,P0,100.0,average_instant,"2026/06/03 04:59:16.118, 98.40, [N/A], 98.40, 400.00, 1410, 1593, 33, P0, 100"
1780462756228165508,2026/06/03 04:59:16.247,98.4,98.4,,98.4,400.0,1410.0,1593.0,33.0,P0,100.0,average_instant,"2026/06/03 04:59:16.247, 98.40, [N/A], 98.40, 400.00, 1410, 1593, 33, P0, 100"
1780462756357066624,2026/06/03 04:59:16.376,98.4,98.4,,98.4,400.0,1410.0,1593.0,33.0,P0,100.0,average_instant,"2026/06/03 04:59:16.376, 98.40, [N/A], 98.40, 400.00, 1410, 1593, 33, P0, 100"
1780462756485193437,2026/06/03 04:59:16.504,98.12,98.12,,98.12,400.0,1410.0,1593.0,33.0,P0,100.0,average_instant,"2026/06/03 04:59:16.504, 98.12, [N/A], 98.12, 400.00, 1410, 1593, 33, P0, 100"
1780462756614569788,2026/06/03 04:59:16.633,98.4,98.4,,98.4,400.0,1410.0,1593.0,33.0,P0,100.0,average_instant,"2026/06/03 04:59:16.633, 98.40, [N/A], 98.40, 400.00, 1410, 1593, 33, P0, 100"
1780462756742346710,2026/06/03 04:59:16.762,98.4,98.4,,98.4,400.0,1410.0,1593.0,33.0,P0,100.0,average_instant,"2026/06/03 04:59:16.762, 98.40, [N/A], 98.40, 400.00, 1410, 1593, 33, P0, 100"
1780462756871990930,2026/06/03 04:59:16.891,98.12,98.12,,98.12,400.0,1410.0,1593.0,33.0,P0,100.0,average_instant,"2026/06/03 04:59:16.891, 98.12, [N/A], 98.12, 400.00, 1410, 1593, 33, P0, 100"
1780462756999995870,2026/06/03 04:59:17.019,98.3,98.3,,98.3,400.0,1410.0,1593.0,33.0,P0,100.0,average_instant,"2026/06/03 04:59:17.019, 98.30, [N/A], 98.30, 400.00, 1410, 1593, 33, P0, 100"
1780462757128763502,2026/06/03 04:59:17.148,98.4,98.4,,98.4,400.0,1410.0,1593.0,33.0,P0,100.0,average_instant,"2026/06/03 04:59:17.148, 98.40, [N/A], 98.40, 400.00, 1410, 1593, 33, P0, 100"
1780462757257894259,2026/06/03 04:59:17.276,98.3,98.3,,98.3,400.0,1410.0,1593.0,33.0,P0,100.0,average_instant,"2026/06/03 04:59:17.276, 98.30, [N/A], 98.30, 400.00, 1410, 1593, 33, P0, 100"
1780462757385003547,2026/06/03 04:59:17.404,98.4,98.4,,98.4,400.0,1410.0,1593.0,33.0,P0,100.0,average_instant,"2026/06/03 04:59:17.404, 98.40, [N/A], 98.40, 400.00, 1410, 1593, 33, P0, 100"
1780462757513707157,2026/06/03 04:59:17.533,98.4,98.4,,98.4,400.0,1410.0,1593.0,33.0,P0,100.0,average_instant,"2026/06/03 04:59:17.533, 98.40, [N/A], 98.40, 400.00, 1410, 1593, 33, P0, 100"
1780462757641862002,2026/06/03 04:59:17.661,98.4,98.4,,98.4,400.0,1410.0,1593.0,33.0,P0,100.0,average_instant,"2026/06/03 04:59:17.661, 98.40, [N/A], 98.40, 400.00, 1410, 1593, 33, P0, 100"
1780462757769863669,2026/06/03 04:59:17.789,98.3,98.3,,98.3,400.0,1410.0,1593.0,33.0,P0,100.0,average_instant,"2026/06/03 04:59:17.789, 98.30, [N/A], 98.30, 400.00, 1410, 1593, 33, P0, 100"
1780462757899370187,2026/06/03 04:59:17.918,98.3,98.3,,98.3,400.0,1410.0,1593.0,33.0,P0,100.0,average_instant,"2026/06/03 04:59:17.918, 98.30, [N/A], 98.30, 400.00, 1410, 1593, 33, P0, 100"
1780462758027556366,2026/06/03 04:59:18.046,98.4,98.4,,98.4,400.0,1410.0,1593.0,33.0,P0,100.0,average_instant,"2026/06/03 04:59:18.046, 98.40, [N/A], 98.40, 400.00, 1410, 1593, 33, P0, 100"
1780462758155502664,2026/06/03 04:59:18.174,98.3,98.3,,98.3,400.0,1410.0,1593.0,33.0,P0,100.0,average_instant,"2026/06/03 04:59:18.174, 98.30, [N/A], 98.30, 400.00, 1410, 1593, 33, P0, 100"
1780462758284599795,2026/06/03 04:59:18.303,98.4,98.4,,98.4,400.0,1410.0,1593.0,33.0,P0,100.0,average_instant,"2026/06/03 04:59:18.303, 98.40, [N/A], 98.40, 400.00, 1410, 1593, 33, P0, 100"
1780462758412714677,2026/06/03 04:59:18.431,98.4,98.4,,98.4,400.0,1410.0,1593.0,33.0,P0,100.0,average_instant,"2026/06/03 04:59:18.431, 98.40, [N/A], 98.40, 400.00, 1410, 1593, 33, P0, 100"
1780462758541441717,2026/06/03 04:59:18.560,98.4,98.4,,98.4,400.0,1410.0,1593.0,33.0,P0,100.0,average_instant,"2026/06/03 04:59:18.560, 98.40, [N/A], 98.40, 400.00, 1410, 1593, 33, P0, 100"
1780462758669777975,2026/06/03 04:59:18.689,98.12,98.12,,98.12,400.0,1410.0,1593.0,33.0,P0,100.0,average_instant,"2026/06/03 04:59:18.689, 98.12, [N/A], 98.12, 400.00, 1410, 1593, 33, P0, 100"
1780462758798672903,2026/06/03 04:59:18.818,98.4,98.4,,98.4,400.0,1410.0,1593.0,33.0,P0,100.0,average_instant,"2026/06/03 04:59:18.818, 98.40, [N/A], 98.40, 400.00, 1410, 1593, 33, P0, 100"
1780462758927961755,2026/06/03 04:59:18.947,98.4,98.4,,98.4,400.0,1410.0,1593.0,33.0,P0,100.0,average_instant,"2026/06/03 04:59:18.947, 98.40, [N/A], 98.40, 400.00, 1410, 1593, 33, P0, 100"
1780462759056338648,2026/06/03 04:59:19.075,98.4,98.4,,98.4,400.0,1410.0,1593.0,33.0,P0,100.0,average_instant,"2026/06/03 04:59:19.075, 98.40, [N/A], 98.40, 400.00, 1410, 1593, 33, P0, 100"
1780462759185872604,2026/06/03 04:59:19.205,98.3,98.3,,98.3,400.0,1410.0,1593.0,33.0,P0,100.0,average_instant,"2026/06/03 04:59:19.205, 98.30, [N/A], 98.30, 400.00, 1410, 1593, 33, P0, 100"
1780462759314267068,2026/06/03 04:59:19.333,98.4,98.4,,98.4,400.0,1410.0,1593.0,33.0,P0,100.0,average_instant,"2026/06/03 04:59:19.333, 98.40, [N/A], 98.40, 400.00, 1410, 1593, 33, P0, 100"
1780462759442720834,2026/06/03 04:59:19.462,98.4,98.4,,98.4,400.0,1410.0,1593.0,33.0,P0,100.0,average_instant,"2026/06/03 04:59:19.462, 98.40, [N/A], 98.40, 400.00, 1410, 1593, 33, P0, 100"
1780462759571402104,2026/06/03 04:59:19.591,98.4,98.4,,98.4,400.0,1410.0,1593.0,33.0,P0,100.0,average_instant,"2026/06/03 04:59:19.591, 98.40, [N/A], 98.40, 400.00, 1410, 1593, 33, P0, 100"
1780462759701152954,2026/06/03 04:59:19.720,98.4,98.4,,98.4,400.0,1410.0,1593.0,33.0,P0,100.0,average_instant,"2026/06/03 04:59:19.720, 98.40, [N/A], 98.40, 400.00, 1410, 1593, 33, P0, 100"
1780462759830746349,2026/06/03 04:59:19.852,98.4,98.4,,98.4,400.0,1410.0,1593.0,33.0,P0,100.0,average_instant,"2026/06/03 04:59:19.852, 98.40, [N/A], 98.40, 400.00, 1410, 1593, 33, P0, 100"
1780462759963339992,2026/06/03 04:59:19.982,98.4,98.4,,98.4,400.0,1410.0,1593.0,33.0,P0,100.0,average_instant,"2026/06/03 04:59:19.982, 98.40, [N/A], 98.40, 400.00, 1410, 1593, 33, P0, 100"
1780462760095540913,2026/06/03 04:59:20.115,98.4,98.4,,98.4,400.0,1410.0,1593.0,33.0,P0,100.0,average_instant,"2026/06/03 04:59:20.115, 98.40, [N/A], 98.40, 400.00, 1410, 1593, 33, P0, 100"
1780462760224170222,2026/06/03 04:59:20.243,98.4,98.4,,98.4,400.0,1410.0,1593.0,33.0,P0,100.0,average_instant,"2026/06/03 04:59:20.243, 98.40, [N/A], 98.40, 400.00, 1410, 1593, 33, P0, 100"
1780462760353707723,2026/06/03 04:59:20.373,98.4,98.4,,98.4,400.0,1410.0,1593.0,33.0,P0,100.0,average_instant,"2026/06/03 04:59:20.373, 98.40, [N/A], 98.40, 400.00, 1410, 1593, 33, P0, 100"
1780462760482614487,2026/06/03 04:59:20.502,98.4,98.4,,98.4,400.0,1410.0,1593.0,33.0,P0,100.0,average_instant,"2026/06/03 04:59:20.502, 98.40, [N/A], 98.40, 400.00, 1410, 1593, 33, P0, 100"
1780462760611066477,2026/06/03 04:59:20.630,98.4,98.4,,98.4,400.0,1410.0,1593.0,33.0,P0,100.0,average_instant,"2026/06/03 04:59:20.630, 98.40, [N/A], 98.40, 400.00, 1410, 1593, 33, P0, 100"
1780462760739485625,2026/06/03 04:59:20.759,98.4,98.4,,98.4,400.0,1410.0,1593.0,33.0,P0,100.0,average_instant,"2026/06/03 04:59:20.759, 98.40, [N/A], 98.40, 400.00, 1410, 1593, 33, P0, 100"
1780462760868029789,2026/06/03 04:59:20.887,98.4,98.4,,98.4,400.0,1410.0,1593.0,33.0,P0,100.0,average_instant,"2026/06/03 04:59:20.887, 98.40, [N/A], 98.40, 400.00, 1410, 1593, 33, P0, 100"
1780462760999507136,2026/06/03 04:59:21.019,98.4,98.4,,98.4,400.0,1410.0,1593.0,33.0,P0,100.0,average_instant,"2026/06/03 04:59:21.019, 98.40, [N/A], 98.40, 400.00, 1410, 1593, 33, P0, 100"
1780462761128462426,2026/06/03 04:59:21.148,98.4,98.4,,98.4,400.0,1410.0,1593.0,33.0,P0,100.0,average_instant,"2026/06/03 04:59:21.148, 98.40, [N/A], 98.40, 400.00, 1410, 1593, 33, P0, 100"
1780462761258146429,2026/06/03 04:59:21.277,98.4,98.4,,98.4,400.0,1410.0,1593.0,33.0,P0,100.0,average_instant,"2026/06/03 04:59:21.277, 98.40, [N/A], 98.40, 400.00, 1410, 1593, 33, P0, 100"
1780462761387731325,2026/06/03 04:59:21.407,98.12,98.12,,98.12,400.0,1410.0,1593.0,34.0,P0,100.0,average_instant,"2026/06/03 04:59:21.407, 98.12, [N/A], 98.12, 400.00, 1410, 1593, 34, P0, 100"
1780462761516175580,2026/06/03 04:59:21.536,98.12,98.12,,98.12,400.0,1410.0,1593.0,34.0,P0,100.0,average_instant,"2026/06/03 04:59:21.536, 98.12, [N/A], 98.12, 400.00, 1410, 1593, 34, P0, 100"
1780462761644486620,2026/06/03 04:59:21.663,98.12,98.12,,98.12,400.0,1410.0,1593.0,34.0,P0,100.0,average_instant,"2026/06/03 04:59:21.663, 98.12, [N/A], 98.12, 400.00, 1410, 1593, 34, P0, 100"
1780462761772534186,2026/06/03 04:59:21.792,98.02,98.02,,98.02,400.0,1410.0,1593.0,34.0,P0,100.0,average_instant,"2026/06/03 04:59:21.792, 98.02, [N/A], 98.02, 400.00, 1410, 1593, 34, P0, 100"
1780462761902872556,2026/06/03 04:59:21.922,98.12,98.12,,98.12,400.0,1410.0,1593.0,34.0,P0,100.0,average_instant,"2026/06/03 04:59:21.922, 98.12, [N/A], 98.12, 400.00, 1410, 1593, 34, P0, 100"
1780462762030878055,2026/06/03 04:59:22.050,98.3,98.3,,98.3,400.0,1410.0,1593.0,34.0,P0,100.0,average_instant,"2026/06/03 04:59:22.050, 98.30, [N/A], 98.30, 400.00, 1410, 1593, 34, P0, 100"
1780462762159047079,2026/06/03 04:59:22.178,98.12,98.12,,98.12,400.0,1410.0,1593.0,34.0,P0,100.0,average_instant,"2026/06/03 04:59:22.178, 98.12, [N/A], 98.12, 400.00, 1410, 1593, 34, P0, 100"
1780462762288407266,2026/06/03 04:59:22.308,98.12,98.12,,98.12,400.0,1410.0,1593.0,34.0,P0,100.0,average_instant,"2026/06/03 04:59:22.308, 98.12, [N/A], 98.12, 400.00, 1410, 1593, 34, P0, 100"
1780462762417323380,2026/06/03 04:59:22.437,98.12,98.12,,98.12,400.0,1410.0,1593.0,34.0,P0,100.0,average_instant,"2026/06/03 04:59:22.437, 98.12, [N/A], 98.12, 400.00, 1410, 1593, 34, P0, 100"
1780462762547300170,2026/06/03 04:59:22.568,98.12,98.12,,98.12,400.0,1410.0,1593.0,34.0,P0,100.0,average_instant,"2026/06/03 04:59:22.568, 98.12, [N/A], 98.12, 400.00, 1410, 1593, 34, P0, 100"
1780462762677885751,2026/06/03 04:59:22.697,98.12,98.12,,98.12,400.0,1410.0,1593.0,34.0,P0,100.0,average_instant,"2026/06/03 04:59:22.697, 98.12, [N/A], 98.12, 400.00, 1410, 1593, 34, P0, 100"
1780462762807060606,2026/06/03 04:59:22.826,98.12,98.12,,98.12,400.0,1410.0,1593.0,34.0,P0,100.0,average_instant,"2026/06/03 04:59:22.826, 98.12, [N/A], 98.12, 400.00, 1410, 1593, 34, P0, 100"
1780462762936264980,2026/06/03 04:59:22.955,98.12,98.12,,98.12,400.0,1410.0,1593.0,34.0,P0,100.0,average_instant,"2026/06/03 04:59:22.955, 98.12, [N/A], 98.12, 400.00, 1410, 1593, 34, P0, 100"
1780462763064511435,2026/06/03 04:59:23.084,98.12,98.12,,98.12,400.0,1410.0,1593.0,34.0,P0,100.0,average_instant,"2026/06/03 04:59:23.084, 98.12, [N/A], 98.12, 400.00, 1410, 1593, 34, P0, 100"
1780462763193846950,2026/06/03 04:59:23.213,98.12,98.12,,98.12,400.0,1410.0,1593.0,34.0,P0,100.0,average_instant,"2026/06/03 04:59:23.213, 98.12, [N/A], 98.12, 400.00, 1410, 1593, 34, P0, 100"
1780462763322730709,2026/06/03 04:59:23.341,98.12,98.12,,98.12,400.0,1410.0,1593.0,34.0,P0,100.0,average_instant,"2026/06/03 04:59:23.341, 98.12, [N/A], 98.12, 400.00, 1410, 1593, 34, P0, 100"
1780462763452787223,2026/06/03 04:59:23.472,98.02,98.02,,98.02,400.0,1410.0,1593.0,34.0,P0,100.0,average_instant,"2026/06/03 04:59:23.472, 98.02, [N/A], 98.02, 400.00, 1410, 1593, 34, P0, 100"
1780462763581364338,2026/06/03 04:59:23.600,98.02,98.02,,98.02,400.0,1410.0,1593.0,34.0,P0,100.0,average_instant,"2026/06/03 04:59:23.600, 98.02, [N/A], 98.02, 400.00, 1410, 1593, 34, P0, 100"
1780462763711343701,2026/06/03 04:59:23.731,98.02,98.02,,98.02,400.0,1410.0,1593.0,34.0,P0,100.0,average_instant,"2026/06/03 04:59:23.731, 98.02, [N/A], 98.02, 400.00, 1410, 1593, 34, P0, 100"
1780462763839877814,2026/06/03 04:59:23.860,98.12,98.12,,98.12,400.0,1410.0,1593.0,34.0,P0,100.0,average_instant,"2026/06/03 04:59:23.860, 98.12, [N/A], 98.12, 400.00, 1410, 1593, 34, P0, 100"
1780462763969631980,2026/06/03 04:59:23.990,98.02,98.02,,98.02,400.0,1410.0,1593.0,34.0,P0,100.0,average_instant,"2026/06/03 04:59:23.990, 98.02, [N/A], 98.02, 400.00, 1410, 1593, 34, P0, 100"
1780462764099311397,2026/06/03 04:59:24.119,98.12,98.12,,98.12,400.0,1410.0,1593.0,34.0,P0,100.0,average_instant,"2026/06/03 04:59:24.119, 98.12, [N/A], 98.12, 400.00, 1410, 1593, 34, P0, 100"
1780462764228191401,2026/06/03 04:59:24.248,98.3,98.3,,98.3,400.0,1410.0,1593.0,34.0,P0,100.0,average_instant,"2026/06/03 04:59:24.248, 98.30, [N/A], 98.30, 400.00, 1410, 1593, 34, P0, 100"
1780462764357274855,2026/06/03 04:59:24.376,98.12,98.12,,98.12,400.0,1410.0,1593.0,34.0,P0,100.0,average_instant,"2026/06/03 04:59:24.376, 98.12, [N/A], 98.12, 400.00, 1410, 1593, 34, P0, 100"
1780462764486042137,2026/06/03 04:59:24.506,98.12,98.12,,98.12,400.0,1410.0,1593.0,34.0,P0,100.0,average_instant,"2026/06/03 04:59:24.506, 98.12, [N/A], 98.12, 400.00, 1410, 1593, 34, P0, 100"
1780462764616136518,2026/06/03 04:59:24.636,98.12,98.12,,98.12,400.0,1410.0,1593.0,34.0,P0,100.0,average_instant,"2026/06/03 04:59:24.636, 98.12, [N/A], 98.12, 400.00, 1410, 1593, 34, P0, 100"
1780462764745735346,2026/06/03 04:59:24.765,98.12,98.12,,98.12,400.0,1410.0,1593.0,34.0,P0,100.0,average_instant,"2026/06/03 04:59:24.765, 98.12, [N/A], 98.12, 400.00, 1410, 1593, 34, P0, 100"
1780462764874232606,2026/06/03 04:59:24.893,98.4,98.4,,98.4,400.0,1410.0,1593.0,34.0,P0,100.0,average_instant,"2026/06/03 04:59:24.893, 98.40, [N/A], 98.40, 400.00, 1410, 1593, 34, P0, 100"
1780462765003068652,2026/06/03 04:59:25.022,98.12,98.12,,98.12,400.0,1410.0,1593.0,34.0,P0,100.0,average_instant,"2026/06/03 04:59:25.022, 98.12, [N/A], 98.12, 400.00, 1410, 1593, 34, P0, 100"
1780462765131742019,2026/06/03 04:59:25.151,98.3,98.3,,98.3,400.0,1410.0,1593.0,34.0,P0,100.0,average_instant,"2026/06/03 04:59:25.151, 98.30, [N/A], 98.30, 400.00, 1410, 1593, 34, P0, 100"
1780462765262735876,2026/06/03 04:59:25.282,98.12,98.12,,98.12,400.0,1410.0,1593.0,34.0,P0,100.0,average_instant,"2026/06/03 04:59:25.282, 98.12, [N/A], 98.12, 400.00, 1410, 1593, 34, P0, 100"
1780462765392163876,2026/06/03 04:59:25.412,98.3,98.3,,98.3,400.0,1410.0,1593.0,34.0,P0,100.0,average_instant,"2026/06/03 04:59:25.412, 98.30, [N/A], 98.30, 400.00, 1410, 1593, 34, P0, 100"
1780462765521811075,2026/06/03 04:59:25.542,98.3,98.3,,98.3,400.0,1410.0,1593.0,34.0,P0,100.0,average_instant,"2026/06/03 04:59:25.542, 98.30, [N/A], 98.30, 400.00, 1410, 1593, 34, P0, 100"
1780462765651297729,2026/06/03 04:59:25.670,98.12,98.12,,98.12,400.0,1410.0,1593.0,34.0,P0,100.0,average_instant,"2026/06/03 04:59:25.670, 98.12, [N/A], 98.12, 400.00, 1410, 1593, 34, P0, 100"
1780462765780216231,2026/06/03 04:59:25.799,98.02,98.02,,98.02,400.0,1410.0,1593.0,34.0,P0,100.0,average_instant,"2026/06/03 04:59:25.799, 98.02, [N/A], 98.02, 400.00, 1410, 1593, 34, P0, 100"
1780462765908259106,2026/06/03 04:59:25.927,98.12,98.12,,98.12,400.0,1410.0,1593.0,34.0,P0,100.0,average_instant,"2026/06/03 04:59:25.927, 98.12, [N/A], 98.12, 400.00, 1410, 1593, 34, P0, 100"
1780462766037010958,2026/06/03 04:59:26.056,98.12,98.12,,98.12,400.0,1410.0,1593.0,34.0,P0,100.0,average_instant,"2026/06/03 04:59:26.056, 98.12, [N/A], 98.12, 400.00, 1410, 1593, 34, P0, 100"
1780462766167985313,2026/06/03 04:59:26.187,98.4,98.4,,98.4,400.0,1410.0,1593.0,34.0,P0,100.0,average_instant,"2026/06/03 04:59:26.187, 98.40, [N/A], 98.40, 400.00, 1410, 1593, 34, P0, 100"
1780462766297055225,2026/06/03 04:59:26.316,98.12,98.12,,98.12,400.0,1410.0,1593.0,34.0,P0,100.0,average_instant,"2026/06/03 04:59:26.316, 98.12, [N/A], 98.12, 400.00, 1410, 1593, 34, P0, 100"
1780462766427252951,2026/06/03 04:59:26.446,98.4,98.4,,98.4,400.0,1410.0,1593.0,34.0,P0,100.0,average_instant,"2026/06/03 04:59:26.446, 98.40, [N/A], 98.40, 400.00, 1410, 1593, 34, P0, 100"
1780462766555453185,2026/06/03 04:59:26.574,98.4,98.4,,98.4,400.0,1410.0,1593.0,34.0,P0,100.0,average_instant,"2026/06/03 04:59:26.574, 98.40, [N/A], 98.40, 400.00, 1410, 1593, 34, P0, 100"
1780462766683343937,2026/06/03 04:59:26.703,98.02,98.02,,98.02,400.0,1410.0,1593.0,34.0,P0,100.0,average_instant,"2026/06/03 04:59:26.703, 98.02, [N/A], 98.02, 400.00, 1410, 1593, 34, P0, 100"
1780462766812923133,2026/06/03 04:59:26.832,98.3,98.3,,98.3,400.0,1410.0,1593.0,34.0,P0,100.0,average_instant,"2026/06/03 04:59:26.832, 98.30, [N/A], 98.30, 400.00, 1410, 1593, 34, P0, 100"
1780462766941594295,2026/06/03 04:59:26.961,98.3,98.3,,98.3,400.0,1410.0,1593.0,34.0,P0,100.0,average_instant,"2026/06/03 04:59:26.961, 98.30, [N/A], 98.30, 400.00, 1410, 1593, 34, P0, 100"
1780462767070828079,2026/06/03 04:59:27.090,98.12,98.12,,98.12,400.0,1410.0,1593.0,33.0,P0,100.0,average_instant,"2026/06/03 04:59:27.090, 98.12, [N/A], 98.12, 400.00, 1410, 1593, 33, P0, 100"
1780462767199436266,2026/06/03 04:59:27.219,98.4,98.4,,98.4,400.0,1410.0,1593.0,33.0,P0,100.0,average_instant,"2026/06/03 04:59:27.219, 98.40, [N/A], 98.40, 400.00, 1410, 1593, 33, P0, 100"
1780462767328252891,2026/06/03 04:59:27.347,98.4,98.4,,98.4,400.0,1410.0,1593.0,33.0,P0,100.0,average_instant,"2026/06/03 04:59:27.347, 98.40, [N/A], 98.40, 400.00, 1410, 1593, 33, P0, 100"
1780462767456570953,2026/06/03 04:59:27.476,98.4,98.4,,98.4,400.0,1410.0,1593.0,33.0,P0,100.0,average_instant,"2026/06/03 04:59:27.476, 98.40, [N/A], 98.40, 400.00, 1410, 1593, 33, P0, 100"
1780462767584707961,2026/06/03 04:59:27.604,98.4,98.4,,98.4,400.0,1410.0,1593.0,34.0,P0,100.0,average_instant,"2026/06/03 04:59:27.604, 98.40, [N/A], 98.40, 400.00, 1410, 1593, 34, P0, 100"
1780462767714069428,2026/06/03 04:59:27.733,98.4,98.4,,98.4,400.0,1410.0,1593.0,34.0,P0,100.0,average_instant,"2026/06/03 04:59:27.733, 98.40, [N/A], 98.40, 400.00, 1410, 1593, 34, P0, 100"
1780462767843253181,2026/06/03 04:59:27.862,98.3,98.3,,98.3,400.0,1410.0,1593.0,33.0,P0,100.0,average_instant,"2026/06/03 04:59:27.862, 98.30, [N/A], 98.30, 400.00, 1410, 1593, 33, P0, 100"
1780462767971720972,2026/06/03 04:59:27.991,98.4,98.4,,98.4,400.0,1410.0,1593.0,34.0,P0,100.0,average_instant,"2026/06/03 04:59:27.991, 98.40, [N/A], 98.40, 400.00, 1410, 1593, 34, P0, 100"
1780462768100424075,2026/06/03 04:59:28.120,98.3,98.3,,98.3,400.0,1410.0,1593.0,34.0,P0,100.0,average_instant,"2026/06/03 04:59:28.120, 98.30, [N/A], 98.30, 400.00, 1410, 1593, 34, P0, 100"
1780462768229586481,2026/06/03 04:59:28.249,98.4,98.4,,98.4,400.0,1410.0,1593.0,34.0,P0,100.0,average_instant,"2026/06/03 04:59:28.249, 98.40, [N/A], 98.40, 400.00, 1410, 1593, 34, P0, 100"
1780462768361704184,2026/06/03 04:59:28.381,98.4,98.4,,98.4,400.0,1410.0,1593.0,33.0,P0,100.0,average_instant,"2026/06/03 04:59:28.381, 98.40, [N/A], 98.40, 400.00, 1410, 1593, 33, P0, 100"
1780462768492901946,2026/06/03 04:59:28.512,98.3,98.3,,98.3,400.0,1410.0,1593.0,34.0,P0,100.0,average_instant,"2026/06/03 04:59:28.512, 98.30, [N/A], 98.30, 400.00, 1410, 1593, 34, P0, 100"
1780462768621322564,2026/06/03 04:59:28.640,98.3,98.3,,98.3,400.0,1410.0,1593.0,34.0,P0,100.0,average_instant,"2026/06/03 04:59:28.640, 98.30, [N/A], 98.30, 400.00, 1410, 1593, 34, P0, 100"
1780462768749424428,2026/06/03 04:59:28.768,98.4,98.4,,98.4,400.0,1410.0,1593.0,34.0,P0,100.0,average_instant,"2026/06/03 04:59:28.768, 98.40, [N/A], 98.40, 400.00, 1410, 1593, 34, P0, 100"
1780462768877850611,2026/06/03 04:59:28.896,98.4,98.4,,98.4,400.0,1410.0,1593.0,34.0,P0,100.0,average_instant,"2026/06/03 04:59:28.896, 98.40, [N/A], 98.40, 400.00, 1410, 1593, 34, P0, 100"
1780462769005451447,2026/06/03 04:59:29.024,98.3,98.3,,98.3,400.0,1410.0,1593.0,34.0,P0,100.0,average_instant,"2026/06/03 04:59:29.024, 98.30, [N/A], 98.30, 400.00, 1410, 1593, 34, P0, 100"
1780462769133273024,2026/06/03 04:59:29.152,98.4,98.4,,98.4,400.0,1410.0,1593.0,34.0,P0,100.0,average_instant,"2026/06/03 04:59:29.152, 98.40, [N/A], 98.40, 400.00, 1410, 1593, 34, P0, 100"
1780462769262924209,2026/06/03 04:59:29.282,98.4,98.4,,98.4,400.0,1410.0,1593.0,34.0,P0,100.0,average_instant,"2026/06/03 04:59:29.282, 98.40, [N/A], 98.40, 400.00, 1410, 1593, 34, P0, 100"
1780462769393600583,2026/06/03 04:59:29.413,98.4,98.4,,98.4,400.0,1410.0,1593.0,33.0,P0,100.0,average_instant,"2026/06/03 04:59:29.413, 98.40, [N/A], 98.40, 400.00, 1410, 1593, 33, P0, 100"
1780462769523513934,2026/06/03 04:59:29.543,98.3,98.3,,98.3,400.0,1410.0,1593.0,34.0,P0,100.0,average_instant,"2026/06/03 04:59:29.543, 98.30, [N/A], 98.30, 400.00, 1410, 1593, 34, P0, 100"
1780462769652583235,2026/06/03 04:59:29.672,98.3,98.3,,98.3,400.0,1410.0,1593.0,34.0,P0,100.0,average_instant,"2026/06/03 04:59:29.672, 98.30, [N/A], 98.30, 400.00, 1410, 1593, 34, P0, 100"
1780462769781955976,2026/06/03 04:59:29.801,98.4,98.4,,98.4,400.0,1410.0,1593.0,33.0,P0,100.0,average_instant,"2026/06/03 04:59:29.801, 98.40, [N/A], 98.40, 400.00, 1410, 1593, 33, P0, 100"
1780462769911042232,2026/06/03 04:59:29.930,98.4,98.4,,98.4,400.0,1410.0,1593.0,34.0,P0,100.0,average_instant,"2026/06/03 04:59:29.930, 98.40, [N/A], 98.40, 400.00, 1410, 1593, 34, P0, 100"
1780462770040101172,2026/06/03 04:59:30.059,98.3,98.3,,98.3,400.0,1410.0,1593.0,34.0,P0,100.0,average_instant,"2026/06/03 04:59:30.059, 98.30, [N/A], 98.30, 400.00, 1410, 1593, 34, P0, 100"
1780462770170869695,2026/06/03 04:59:30.191,98.4,98.4,,98.4,400.0,1410.0,1593.0,34.0,P0,100.0,average_instant,"2026/06/03 04:59:30.191, 98.40, [N/A], 98.40, 400.00, 1410, 1593, 34, P0, 100"
1780462770301279425,2026/06/03 04:59:30.320,98.4,98.4,,98.4,400.0,1410.0,1593.0,33.0,P0,100.0,average_instant,"2026/06/03 04:59:30.320, 98.40, [N/A], 98.40, 400.00, 1410, 1593, 33, P0, 100"
1780462770432496286,2026/06/03 04:59:30.452,98.4,98.4,,98.4,400.0,1410.0,1593.0,34.0,P0,100.0,average_instant,"2026/06/03 04:59:30.452, 98.40, [N/A], 98.40, 400.00, 1410, 1593, 34, P0, 100"
1780462770561746469,2026/06/03 04:59:30.581,98.4,98.4,,98.4,400.0,1410.0,1593.0,34.0,P0,100.0,average_instant,"2026/06/03 04:59:30.581, 98.40, [N/A], 98.40, 400.00, 1410, 1593, 34, P0, 100"
1780462770692926871,2026/06/03 04:59:30.712,98.3,98.3,,98.3,400.0,1410.0,1593.0,34.0,P0,100.0,average_instant,"2026/06/03 04:59:30.712, 98.30, [N/A], 98.30, 400.00, 1410, 1593, 34, P0, 100"
1780462770821040238,2026/06/03 04:59:30.841,98.4,98.4,,98.4,400.0,1410.0,1593.0,34.0,P0,100.0,average_instant,"2026/06/03 04:59:30.841, 98.40, [N/A], 98.40, 400.00, 1410, 1593, 34, P0, 100"
1780462770951118388,2026/06/03 04:59:30.970,98.3,98.3,,98.3,400.0,1410.0,1593.0,34.0,P0,100.0,average_instant,"2026/06/03 04:59:30.970, 98.30, [N/A], 98.30, 400.00, 1410, 1593, 34, P0, 100"
1780462771080154018,2026/06/03 04:59:31.100,98.3,98.3,,98.3,400.0,1410.0,1593.0,33.0,P0,100.0,average_instant,"2026/06/03 04:59:31.100, 98.30, [N/A], 98.30, 400.00, 1410, 1593, 33, P0, 100"
1780462771209582257,2026/06/03 04:59:31.229,98.4,98.4,,98.4,400.0,1410.0,1593.0,34.0,P0,100.0,average_instant,"2026/06/03 04:59:31.229, 98.40, [N/A], 98.40, 400.00, 1410, 1593, 34, P0, 100"
1780462771339417212,2026/06/03 04:59:31.359,98.4,98.4,,98.4,400.0,1410.0,1593.0,34.0,P0,100.0,average_instant,"2026/06/03 04:59:31.359, 98.40, [N/A], 98.40, 400.00, 1410, 1593, 34, P0, 100"
1780462771468419840,2026/06/03 04:59:31.487,98.3,98.3,,98.3,400.0,1410.0,1593.0,34.0,P0,100.0,average_instant,"2026/06/03 04:59:31.487, 98.30, [N/A], 98.30, 400.00, 1410, 1593, 34, P0, 100"
1780462771597937956,2026/06/03 04:59:31.617,98.4,98.4,,98.4,400.0,1410.0,1593.0,33.0,P0,100.0,average_instant,"2026/06/03 04:59:31.617, 98.40, [N/A], 98.40, 400.00, 1410, 1593, 33, P0, 100"
1780462771726477309,2026/06/03 04:59:31.746,98.4,98.4,,98.4,400.0,1410.0,1593.0,34.0,P0,100.0,average_instant,"2026/06/03 04:59:31.746, 98.40, [N/A], 98.40, 400.00, 1410, 1593, 34, P0, 100"
1780462771855970175,2026/06/03 04:59:31.875,98.4,98.4,,98.4,400.0,1410.0,1593.0,34.0,P0,100.0,average_instant,"2026/06/03 04:59:31.875, 98.40, [N/A], 98.40, 400.00, 1410, 1593, 34, P0, 100"
1780462771985008234,2026/06/03 04:59:32.004,98.4,98.4,,98.4,400.0,1410.0,1593.0,34.0,P0,100.0,average_instant,"2026/06/03 04:59:32.004, 98.40, [N/A], 98.40, 400.00, 1410, 1593, 34, P0, 100"
1780462772114088486,2026/06/03 04:59:32.133,98.3,98.3,,98.3,400.0,1410.0,1593.0,34.0,P0,100.0,average_instant,"2026/06/03 04:59:32.133, 98.30, [N/A], 98.30, 400.00, 1410, 1593, 34, P0, 100"
1780462772243380462,2026/06/03 04:59:32.262,98.4,98.4,,98.4,400.0,1410.0,1593.0,34.0,P0,100.0,average_instant,"2026/06/03 04:59:32.262, 98.40, [N/A], 98.40, 400.00, 1410, 1593, 34, P0, 100"
1780462772371633503,2026/06/03 04:59:32.391,98.4,98.4,,98.4,400.0,1410.0,1593.0,34.0,P0,100.0,average_instant,"2026/06/03 04:59:32.391, 98.40, [N/A], 98.40, 400.00, 1410, 1593, 34, P0, 100"
1780462772501843503,2026/06/03 04:59:32.522,98.4,98.4,,98.4,400.0,1410.0,1593.0,34.0,P0,100.0,average_instant,"2026/06/03 04:59:32.522, 98.40, [N/A], 98.40, 400.00, 1410, 1593, 34, P0, 100"
1780462772630776537,2026/06/03 04:59:32.649,90.45,90.45,,90.45,400.0,1410.0,1593.0,33.0,P0,100.0,average_instant,"2026/06/03 04:59:32.649, 90.45, [N/A], 90.45, 400.00, 1410, 1593, 33, P0, 100"
