architecture_chip,architecture_generation,architecture_measurement_note,bench_build_git_commit,bench_json,benchmark_uses_wgmma,blocks,blocks_per_sm_requested,cache_policy,compute_capability,condition,cuda_device_index,cuda_elapsed_ms,cuda_visible_devices,device_index,device_name,driver_version,estimated_memory_gbps,estimated_tflops,fp16_ops_estimate,fp16_path,fp16_tensor_instruction_path,gpu_product_class,gpu_uuid,host_end_unix_ns,host_start_unix_ns,iters,kernel,l2_cache_bytes,mem_mib,mem_stride,memory_bytes_estimate,nvidia_smi_dmon_id,nvidia_smi_id,nvidia_smi_index,nvidia_smi_name,nvidia_smi_power_limit_w,nvml_energy_delta_j,nvml_energy_end_mj,nvml_energy_note,nvml_energy_start_mj,nvml_energy_supported,pci_bus_id,power_csv,power_logger_errors,recommended_cuda_arch,regs_per_block,repeat_index,repeats,role,run_id,runner_wall_end_unix_ns,runner_wall_start_unix_ns,schema_features,schema_version,shared_mem_per_block,sm_count,sm_util_csv,sm_util_logger_errors,suppress_output_store,threads,timed_kernel_global_input_loads,timed_kernel_global_output_stores,timed_kernel_has_intended_global_memory,timed_kernel_memory_provenance_note,unroll,validity_note,warmup,wgmma_supported,benchmark_schema_version,benchmark_schema_features,power_energy_j,avg_power_w,energy_source,power_trace_energy_j,power_trace_avg_power_w,power_trace_query_modes,avg_power_draw_w,avg_power_draw_average_w,avg_power_draw_instant_w,avg_power_limit_w,nvml_energy_counter_supported,energy_counter_vs_trace_delta_j,energy_counter_vs_trace_ratio,power_sample_count,sm_util_sample_count,avg_sm_clock_mhz,min_sm_clock_mhz,max_sm_clock_mhz,avg_temp_c,max_temp_c,avg_gpu_util_pct,max_gpu_util_pct,avg_sm_util_pct,max_sm_util_pct,mma_accumulator_bits_per_logical_mma,mma_arithmetic_read_bits_per_logical_mma,mma_flops_per_logical_mma,mma_input_bits_per_logical_mma,mma_instructions_per_logical_mma,mma_k,mma_logical_count_estimate,mma_logical_shape,mma_m,mma_n,mma_output_bits_per_logical_mma,mma_register_read_write_bits_per_logical_mma
ga100,ampere,"A100/GA100 path uses warp-level HMMA m16n8k16 pairs; compare against H100/RTX3090 only with the same logical m16n16k16 workload, clock policy, and baseline subtraction",ce960f9677a1,results/fp16_matmul_pjbit_a100_20260603_031033/raw/matmul_tensor_mma_f16acc_vs_tensor_baseline_rep000_baseline_aec58e0a/bench.json,False,864,8,none,8.0,matmul_tensor_mma_f16acc_vs_tensor_baseline,0,428.254211426,,0,NVIDIA A100-SXM4-80GB,580.159.03,0,0,0,baseline_or_memory,benchmark uses warp-level HMMA mma.sync m16n8k16 pairs,datacenter,GPU-736f9b27-a462-1683-4dae-8866344ef6f4,1780456252152544472,1780456251724257542,1000000,tensor_baseline_mov,41943040,256,1,0,0,0,0,NVIDIA A100-SXM4-80GB,400.0,67.918,142868406411,nvmlDeviceGetTotalEnergyConsumption available via CUDA PCI bus id 0000:00:06.0,142868338493,True,00000000:00:06.0,results/fp16_matmul_pjbit_a100_20260603_031033/raw/matmul_tensor_mma_f16acc_vs_tensor_baseline_rep000_baseline_aec58e0a/power.csv,[],80,65536,0,3,baseline,matmul_tensor_mma_f16acc_vs_tensor_baseline_rep000_baseline_aec58e0a,1780456252293283707,1780456251144973666,"['nvml_timed_energy_counter', 'explicit_m16n16k16_denominator', 'strict_denominator_provenance', 'tensor_no_memory_warpsync_baseline', 'timed_kernel_memory_provenance']",fp16-energy-bench-v2,49152,108,results/fp16_matmul_pjbit_a100_20260603_031033/raw/matmul_tensor_mma_f16acc_vs_tensor_baseline_rep000_baseline_aec58e0a/sm_util.csv,"[""Unexpected nvidia-smi dmon output: '0'""]",True,256,False,False,False,Tensor HMMA/register baseline uses register operands and consumes registers; no intended global memory operation in the timed kernel,8,unchecked; run Nsight Compute validation separately,2,False,fp16-energy-bench-v2,"nvml_timed_energy_counter,explicit_m16n16k16_denominator,strict_denominator_provenance,tensor_no_memory_warpsync_baseline,timed_kernel_memory_provenance",67.918,158.58060389561737,nvml_total_energy_counter,56.4191052318017,131.7320265453856,average_instant,129.225,nan,129.225,400.0,True,11.498894768198305,1.2038120725409296,4,1,1410.0,1410.0,1410.0,33.25,34.0,0.0,0.0,0.0,0.0,,,,,,,,,,,,
ga100,ampere,"A100/GA100 path uses warp-level HMMA m16n8k16 pairs; compare against H100/RTX3090 only with the same logical m16n16k16 workload, clock policy, and baseline subtraction",ce960f9677a1,results/fp16_matmul_pjbit_a100_20260603_031033/raw/matmul_tensor_mma_f16acc_vs_tensor_baseline_rep000_test_29d4ecc0/bench.json,False,864,8,none,8.0,matmul_tensor_mma_f16acc_vs_tensor_baseline,0,1474.66650391,,0,NVIDIA A100-SXM4-80GB,580.159.03,0,307.177813289,452984832000000,tensor_core_mma_m16n16k16_f16acc,benchmark uses warp-level HMMA mma.sync m16n8k16 pairs,datacenter,GPU-736f9b27-a462-1683-4dae-8866344ef6f4,1780456257860558474,1780456256385867698,1000000,tensor_mma_f16acc,41943040,256,1,0,0,0,0,NVIDIA A100-SXM4-80GB,400.0,256.603,142869267708,nvmlDeviceGetTotalEnergyConsumption available via CUDA PCI bus id 0000:00:06.0,142869011105,True,00000000:00:06.0,results/fp16_matmul_pjbit_a100_20260603_031033/raw/matmul_tensor_mma_f16acc_vs_tensor_baseline_rep000_test_29d4ecc0/power.csv,[],80,65536,0,1,test,matmul_tensor_mma_f16acc_vs_tensor_baseline_rep000_test_29d4ecc0,1780456257958088834,1780456253225941397,"['nvml_timed_energy_counter', 'explicit_m16n16k16_denominator', 'strict_denominator_provenance', 'tensor_no_memory_warpsync_baseline', 'timed_kernel_memory_provenance']",fp16-energy-bench-v2,49152,108,results/fp16_matmul_pjbit_a100_20260603_031033/raw/matmul_tensor_mma_f16acc_vs_tensor_baseline_rep000_test_29d4ecc0/sm_util.csv,[],True,256,False,False,False,Tensor HMMA/register baseline uses register operands and consumes registers; no intended global memory operation in the timed kernel,8,unchecked; run Nsight Compute validation separately,2,False,fp16-energy-bench-v2,"nvml_timed_energy_counter,explicit_m16n16k16_denominator,strict_denominator_provenance,tensor_no_memory_warpsync_baseline,timed_kernel_memory_provenance",256.603,174.00461451045246,nvml_total_energy_counter,251.8990379142668,170.81481895311373,average_instant,170.6916666666667,nan,170.6916666666667,400.0,True,4.703962085733195,1.0186739978234223,12,1,1410.0,1410.0,1410.0,37.083333333333336,38.0,100.0,100.0,100.0,100.0,4096,12288,8192,8192,2,16,55296000000,m16n16k16,16,16,4096,16384
ga100,ampere,"A100/GA100 path uses warp-level HMMA m16n8k16 pairs; compare against H100/RTX3090 only with the same logical m16n16k16 workload, clock policy, and baseline subtraction",ce960f9677a1,results/fp16_matmul_pjbit_a100_20260603_031033/raw/matmul_tensor_mma_f32acc_vs_tensor_baseline_rep000_baseline_2a978a3f/bench.json,False,864,8,none,8.0,matmul_tensor_mma_f32acc_vs_tensor_baseline,0,738.002929688,,0,NVIDIA A100-SXM4-80GB,580.159.03,0,0,0,baseline_or_memory,benchmark uses warp-level HMMA mma.sync m16n8k16 pairs,datacenter,GPU-736f9b27-a462-1683-4dae-8866344ef6f4,1780456259438385393,1780456258700354864,1000000,tensor_baseline_f32,41943040,256,1,0,0,0,0,NVIDIA A100-SXM4-80GB,400.0,124.503,142869471061,nvmlDeviceGetTotalEnergyConsumption available via CUDA PCI bus id 0000:00:06.0,142869346558,True,00000000:00:06.0,results/fp16_matmul_pjbit_a100_20260603_031033/raw/matmul_tensor_mma_f32acc_vs_tensor_baseline_rep000_baseline_2a978a3f/power.csv,[],80,65536,0,10,baseline,matmul_tensor_mma_f32acc_vs_tensor_baseline_rep000_baseline_2a978a3f,1780456259544574428,1780456258342357817,"['nvml_timed_energy_counter', 'explicit_m16n16k16_denominator', 'strict_denominator_provenance', 'tensor_no_memory_warpsync_baseline', 'timed_kernel_memory_provenance']",fp16-energy-bench-v2,49152,108,results/fp16_matmul_pjbit_a100_20260603_031033/raw/matmul_tensor_mma_f32acc_vs_tensor_baseline_rep000_baseline_2a978a3f/sm_util.csv,[],True,256,False,False,False,Tensor HMMA/register baseline uses register operands and consumes registers; no intended global memory operation in the timed kernel,8,unchecked; run Nsight Compute validation separately,2,False,fp16-energy-bench-v2,"nvml_timed_energy_counter,explicit_m16n16k16_denominator,strict_denominator_provenance,tensor_no_memory_warpsync_baseline,timed_kernel_memory_provenance",124.503,168.69627353857067,nvml_total_energy_counter,132.5539378233784,179.60495211896364,average_instant,178.47833333333332,nan,178.47833333333332,400.0,True,-8.05093782337839,0.9392629298263031,6,1,1410.0,1410.0,1410.0,37.333333333333336,38.0,99.33333333333333,100.0,99.0,99.0,,,,,,,,,,,,
ga100,ampere,"A100/GA100 path uses warp-level HMMA m16n8k16 pairs; compare against H100/RTX3090 only with the same logical m16n16k16 workload, clock policy, and baseline subtraction",ce960f9677a1,results/fp16_matmul_pjbit_a100_20260603_031033/raw/matmul_tensor_mma_f32acc_vs_tensor_baseline_rep000_test_907c2d4d/bench.json,False,864,8,none,8.0,matmul_tensor_mma_f32acc_vs_tensor_baseline,0,1544.43371582,,0,NVIDIA A100-SXM4-80GB,580.159.03,0,293.301568957,452984832000000,tensor_core_mma_m16n16k16_f32acc,benchmark uses warp-level HMMA mma.sync m16n8k16 pairs,datacenter,GPU-736f9b27-a462-1683-4dae-8866344ef6f4,1780456265263353191,1780456263718892011,1000000,tensor_mma_f32acc,41943040,256,1,0,0,0,0,NVIDIA A100-SXM4-80GB,400.0,271.119,142870404438,nvmlDeviceGetTotalEnergyConsumption available via CUDA PCI bus id 0000:00:06.0,142870133319,True,00000000:00:06.0,results/fp16_matmul_pjbit_a100_20260603_031033/raw/matmul_tensor_mma_f32acc_vs_tensor_baseline_rep000_test_907c2d4d/power.csv,[],80,65536,0,1,test,matmul_tensor_mma_f32acc_vs_tensor_baseline_rep000_test_907c2d4d,1780456265369554264,1780456260417319058,"['nvml_timed_energy_counter', 'explicit_m16n16k16_denominator', 'strict_denominator_provenance', 'tensor_no_memory_warpsync_baseline', 'timed_kernel_memory_provenance']",fp16-energy-bench-v2,49152,108,results/fp16_matmul_pjbit_a100_20260603_031033/raw/matmul_tensor_mma_f32acc_vs_tensor_baseline_rep000_test_907c2d4d/sm_util.csv,[],True,256,False,False,False,Tensor HMMA/register baseline uses register operands and consumes registers; no intended global memory operation in the timed kernel,8,unchecked; run Nsight Compute validation separately,2,False,fp16-energy-bench-v2,"nvml_timed_energy_counter,explicit_m16n16k16_denominator,strict_denominator_provenance,tensor_no_memory_warpsync_baseline,timed_kernel_memory_provenance",271.119,175.54277408254444,nvml_total_energy_counter,276.36366446495714,178.93856319843346,average_instant,178.74166666666667,nan,178.74166666666667,400.0,True,-5.244664464957111,0.9810225976156784,12,1,1410.0,1410.0,1410.0,39.0,39.0,99.41666666666667,100.0,99.0,99.0,8192,16384,8192,8192,2,16,55296000000,m16n16k16,16,16,8192,24576
ga100,ampere,"A100/GA100 path uses warp-level HMMA m16n8k16 pairs; compare against H100/RTX3090 only with the same logical m16n16k16 workload, clock policy, and baseline subtraction",ce960f9677a1,results/fp16_matmul_pjbit_a100_20260603_031033/raw/matmul_tensor_mma_f16acc_vs_tensor_baseline_rep001_baseline_a660156f/bench.json,False,864,8,none,8.0,matmul_tensor_mma_f16acc_vs_tensor_baseline,0,428.67098999,,0,NVIDIA A100-SXM4-80GB,580.159.03,0,0,0,baseline_or_memory,benchmark uses warp-level HMMA mma.sync m16n8k16 pairs,datacenter,GPU-736f9b27-a462-1683-4dae-8866344ef6f4,1780456266430736848,1780456266002037738,1000000,tensor_baseline_mov,41943040,256,1,0,0,0,0,NVIDIA A100-SXM4-80GB,400.0,69.036,142870549484,nvmlDeviceGetTotalEnergyConsumption available via CUDA PCI bus id 0000:00:06.0,142870480448,True,00000000:00:06.0,results/fp16_matmul_pjbit_a100_20260603_031033/raw/matmul_tensor_mma_f16acc_vs_tensor_baseline_rep001_baseline_a660156f/power.csv,[],80,65536,1,3,baseline,matmul_tensor_mma_f16acc_vs_tensor_baseline_rep001_baseline_a660156f,1780456266532513149,1780456265506223855,"['nvml_timed_energy_counter', 'explicit_m16n16k16_denominator', 'strict_denominator_provenance', 'tensor_no_memory_warpsync_baseline', 'timed_kernel_memory_provenance']",fp16-energy-bench-v2,49152,108,results/fp16_matmul_pjbit_a100_20260603_031033/raw/matmul_tensor_mma_f16acc_vs_tensor_baseline_rep001_baseline_a660156f/sm_util.csv,[],True,256,False,False,False,Tensor HMMA/register baseline uses register operands and consumes registers; no intended global memory operation in the timed kernel,8,unchecked; run Nsight Compute validation separately,2,False,fp16-energy-bench-v2,"nvml_timed_energy_counter,explicit_m16n16k16_denominator,strict_denominator_provenance,tensor_no_memory_warpsync_baseline,timed_kernel_memory_provenance",69.036,161.03602361105905,nvml_total_energy_counter,58.15239268801546,135.64850341773618,average_instant,133.34666666666666,nan,133.34666666666666,400.0,True,10.883607311984541,1.1871566552794228,3,0,1410.0,1410.0,1410.0,36.0,36.0,49.0,49.0,nan,nan,,,,,,,,,,,,
ga100,ampere,"A100/GA100 path uses warp-level HMMA m16n8k16 pairs; compare against H100/RTX3090 only with the same logical m16n16k16 workload, clock policy, and baseline subtraction",ce960f9677a1,results/fp16_matmul_pjbit_a100_20260603_031033/raw/matmul_tensor_mma_f16acc_vs_tensor_baseline_rep001_test_0cdd9854/bench.json,False,864,8,none,8.0,matmul_tensor_mma_f16acc_vs_tensor_baseline,0,1474.34399414,,0,NVIDIA A100-SXM4-80GB,580.159.03,0,307.245007814,452984832000000,tensor_core_mma_m16n16k16_f16acc,benchmark uses warp-level HMMA mma.sync m16n8k16 pairs,datacenter,GPU-736f9b27-a462-1683-4dae-8866344ef6f4,1780456272207410078,1780456270733011972,1000000,tensor_mma_f16acc,41943040,256,1,0,0,0,0,NVIDIA A100-SXM4-80GB,400.0,258.299,142871411625,nvmlDeviceGetTotalEnergyConsumption available via CUDA PCI bus id 0000:00:06.0,142871153326,True,00000000:00:06.0,results/fp16_matmul_pjbit_a100_20260603_031033/raw/matmul_tensor_mma_f16acc_vs_tensor_baseline_rep001_test_0cdd9854/power.csv,[],80,65536,1,1,test,matmul_tensor_mma_f16acc_vs_tensor_baseline_rep001_test_0cdd9854,1780456272303410025,1780456267567896924,"['nvml_timed_energy_counter', 'explicit_m16n16k16_denominator', 'strict_denominator_provenance', 'tensor_no_memory_warpsync_baseline', 'timed_kernel_memory_provenance']",fp16-energy-bench-v2,49152,108,results/fp16_matmul_pjbit_a100_20260603_031033/raw/matmul_tensor_mma_f16acc_vs_tensor_baseline_rep001_test_0cdd9854/sm_util.csv,[],True,256,False,False,False,Tensor HMMA/register baseline uses register operands and consumes registers; no intended global memory operation in the timed kernel,8,unchecked; run Nsight Compute validation separately,2,False,fp16-energy-bench-v2,"nvml_timed_energy_counter,explicit_m16n16k16_denominator,strict_denominator_provenance,tensor_no_memory_warpsync_baseline,timed_kernel_memory_provenance",258.299,175.189454563773,nvml_total_energy_counter,253.64249633817525,172.0312141652841,average_instant,171.9518181818182,nan,171.9518181818182,400.0,True,4.656503661824729,1.0183585311178152,11,1,1410.0,1410.0,1410.0,39.0,39.0,100.0,100.0,100.0,100.0,4096,12288,8192,8192,2,16,55296000000,m16n16k16,16,16,4096,16384
ga100,ampere,"A100/GA100 path uses warp-level HMMA m16n8k16 pairs; compare against H100/RTX3090 only with the same logical m16n16k16 workload, clock policy, and baseline subtraction",ce960f9677a1,results/fp16_matmul_pjbit_a100_20260603_031033/raw/matmul_tensor_mma_f32acc_vs_tensor_baseline_rep001_baseline_fdee5278/bench.json,False,864,8,none,8.0,matmul_tensor_mma_f32acc_vs_tensor_baseline,0,737.993713379,,0,NVIDIA A100-SXM4-80GB,580.159.03,0,0,0,baseline_or_memory,benchmark uses warp-level HMMA mma.sync m16n8k16 pairs,datacenter,GPU-736f9b27-a462-1683-4dae-8866344ef6f4,1780456273783276939,1780456273045254806,1000000,tensor_baseline_f32,41943040,256,1,0,0,0,0,NVIDIA A100-SXM4-80GB,400.0,143.474,142871634045,nvmlDeviceGetTotalEnergyConsumption available via CUDA PCI bus id 0000:00:06.0,142871490571,True,00000000:00:06.0,results/fp16_matmul_pjbit_a100_20260603_031033/raw/matmul_tensor_mma_f32acc_vs_tensor_baseline_rep001_baseline_fdee5278/power.csv,[],80,65536,1,10,baseline,matmul_tensor_mma_f32acc_vs_tensor_baseline_rep001_baseline_fdee5278,1780456273889298520,1780456272687305612,"['nvml_timed_energy_counter', 'explicit_m16n16k16_denominator', 'strict_denominator_provenance', 'tensor_no_memory_warpsync_baseline', 'timed_kernel_memory_provenance']",fp16-energy-bench-v2,49152,108,results/fp16_matmul_pjbit_a100_20260603_031033/raw/matmul_tensor_mma_f32acc_vs_tensor_baseline_rep001_baseline_fdee5278/sm_util.csv,"[""Unexpected nvidia-smi dmon output: '0'""]",True,256,False,False,False,Tensor HMMA/register baseline uses register operands and consumes registers; no intended global memory operation in the timed kernel,8,unchecked; run Nsight Compute validation separately,2,False,fp16-energy-bench-v2,"nvml_timed_energy_counter,explicit_m16n16k16_denominator,strict_denominator_provenance,tensor_no_memory_warpsync_baseline,timed_kernel_memory_provenance",143.474,194.4033838345604,nvml_total_energy_counter,131.63980493837332,178.36837006942898,average_instant,177.14499999999998,nan,177.14499999999998,400.0,True,11.834195061626673,1.0898983029271945,6,1,1410.0,1410.0,1410.0,38.833333333333336,39.0,76.0,76.0,76.0,76.0,,,,,,,,,,,,
ga100,ampere,"A100/GA100 path uses warp-level HMMA m16n8k16 pairs; compare against H100/RTX3090 only with the same logical m16n16k16 workload, clock policy, and baseline subtraction",ce960f9677a1,results/fp16_matmul_pjbit_a100_20260603_031033/raw/matmul_tensor_mma_f32acc_vs_tensor_baseline_rep001_test_b53827ad/bench.json,False,864,8,none,8.0,matmul_tensor_mma_f32acc_vs_tensor_baseline,0,1543.76708984,,0,NVIDIA A100-SXM4-80GB,580.159.03,0,293.42822177,452984832000000,tensor_core_mma_m16n16k16_f32acc,benchmark uses warp-level HMMA mma.sync m16n8k16 pairs,datacenter,GPU-736f9b27-a462-1683-4dae-8866344ef6f4,1780456279606529639,1780456278062735935,1000000,tensor_mma_f32acc,41943040,256,1,0,0,0,0,NVIDIA A100-SXM4-80GB,400.0,289.717,142872571179,nvmlDeviceGetTotalEnergyConsumption available via CUDA PCI bus id 0000:00:06.0,142872281462,True,00000000:00:06.0,results/fp16_matmul_pjbit_a100_20260603_031033/raw/matmul_tensor_mma_f32acc_vs_tensor_baseline_rep001_test_b53827ad/power.csv,[],80,65536,1,1,test,matmul_tensor_mma_f32acc_vs_tensor_baseline_rep001_test_b53827ad,1780456279713946339,1780456274763116025,"['nvml_timed_energy_counter', 'explicit_m16n16k16_denominator', 'strict_denominator_provenance', 'tensor_no_memory_warpsync_baseline', 'timed_kernel_memory_provenance']",fp16-energy-bench-v2,49152,108,results/fp16_matmul_pjbit_a100_20260603_031033/raw/matmul_tensor_mma_f32acc_vs_tensor_baseline_rep001_test_b53827ad/sm_util.csv,[],True,256,False,False,False,Tensor HMMA/register baseline uses register operands and consumes registers; no intended global memory operation in the timed kernel,8,unchecked; run Nsight Compute validation separately,2,False,fp16-energy-bench-v2,"nvml_timed_energy_counter,explicit_m16n16k16_denominator,strict_denominator_provenance,tensor_no_memory_warpsync_baseline,timed_kernel_memory_provenance",289.717,187.66561830725018,nvml_total_energy_counter,280.4748345822258,181.67895999025646,average_instant,181.25083333333336,nan,181.25083333333336,400.0,True,9.242165417774174,1.0329518526378334,12,1,1410.0,1410.0,1410.0,40.0,40.0,100.0,100.0,100.0,100.0,8192,16384,8192,8192,2,16,55296000000,m16n16k16,16,16,8192,24576
ga100,ampere,"A100/GA100 path uses warp-level HMMA m16n8k16 pairs; compare against H100/RTX3090 only with the same logical m16n16k16 workload, clock policy, and baseline subtraction",ce960f9677a1,results/fp16_matmul_pjbit_a100_20260603_031033/raw/matmul_tensor_mma_f16acc_vs_tensor_baseline_rep002_baseline_bbb183c5/bench.json,False,864,8,none,8.0,matmul_tensor_mma_f16acc_vs_tensor_baseline,0,427.933685303,,0,NVIDIA A100-SXM4-80GB,580.159.03,0,0,0,baseline_or_memory,benchmark uses warp-level HMMA mma.sync m16n8k16 pairs,datacenter,GPU-736f9b27-a462-1683-4dae-8866344ef6f4,1780456281842084803,1780456281414111540,1000000,tensor_baseline_mov,41943040,256,1,0,0,0,0,NVIDIA A100-SXM4-80GB,400.0,55.159,142872795705,nvmlDeviceGetTotalEnergyConsumption available via CUDA PCI bus id 0000:00:06.0,142872740546,True,00000000:00:06.0,results/fp16_matmul_pjbit_a100_20260603_031033/raw/matmul_tensor_mma_f16acc_vs_tensor_baseline_rep002_baseline_bbb183c5/power.csv,[],80,65536,2,3,baseline,matmul_tensor_mma_f16acc_vs_tensor_baseline_rep002_baseline_bbb183c5,1780456281944340213,1780456280884232383,"['nvml_timed_energy_counter', 'explicit_m16n16k16_denominator', 'strict_denominator_provenance', 'tensor_no_memory_warpsync_baseline', 'timed_kernel_memory_provenance']",fp16-energy-bench-v2,49152,108,results/fp16_matmul_pjbit_a100_20260603_031033/raw/matmul_tensor_mma_f16acc_vs_tensor_baseline_rep002_baseline_bbb183c5/sm_util.csv,[],True,256,False,False,False,Tensor HMMA/register baseline uses register operands and consumes registers; no intended global memory operation in the timed kernel,8,unchecked; run Nsight Compute validation separately,2,False,fp16-energy-bench-v2,"nvml_timed_energy_counter,explicit_m16n16k16_denominator,strict_denominator_provenance,tensor_no_memory_warpsync_baseline,timed_kernel_memory_provenance",55.159,128.8842195733148,nvml_total_energy_counter,58.47234642243566,136.62616681368635,average_instant,134.9333333333333,nan,134.9333333333333,400.0,True,-3.3133464224356644,0.9433348133748855,3,1,1410.0,1410.0,1410.0,37.0,37.0,2.0,2.0,2.0,2.0,,,,,,,,,,,,
ga100,ampere,"A100/GA100 path uses warp-level HMMA m16n8k16 pairs; compare against H100/RTX3090 only with the same logical m16n16k16 workload, clock policy, and baseline subtraction",ce960f9677a1,results/fp16_matmul_pjbit_a100_20260603_031033/raw/matmul_tensor_mma_f16acc_vs_tensor_baseline_rep002_test_988dc362/bench.json,False,864,8,none,8.0,matmul_tensor_mma_f16acc_vs_tensor_baseline,0,1474.4954834,,0,NVIDIA A100-SXM4-80GB,580.159.03,0,307.213441547,452984832000000,tensor_core_mma_m16n16k16_f16acc,benchmark uses warp-level HMMA mma.sync m16n8k16 pairs,datacenter,GPU-736f9b27-a462-1683-4dae-8866344ef6f4,1780456287605288337,1780456286130765792,1000000,tensor_mma_f16acc,41943040,256,1,0,0,0,0,NVIDIA A100-SXM4-80GB,400.0,242.324,142873660907,nvmlDeviceGetTotalEnergyConsumption available via CUDA PCI bus id 0000:00:06.0,142873418583,True,00000000:00:06.0,results/fp16_matmul_pjbit_a100_20260603_031033/raw/matmul_tensor_mma_f16acc_vs_tensor_baseline_rep002_test_988dc362/power.csv,[],80,65536,2,1,test,matmul_tensor_mma_f16acc_vs_tensor_baseline_rep002_test_988dc362,1780456287699747751,1780456282964540703,"['nvml_timed_energy_counter', 'explicit_m16n16k16_denominator', 'strict_denominator_provenance', 'tensor_no_memory_warpsync_baseline', 'timed_kernel_memory_provenance']",fp16-energy-bench-v2,49152,108,results/fp16_matmul_pjbit_a100_20260603_031033/raw/matmul_tensor_mma_f16acc_vs_tensor_baseline_rep002_test_988dc362/sm_util.csv,[],True,256,False,False,False,Tensor HMMA/register baseline uses register operands and consumes registers; no intended global memory operation in the timed kernel,8,unchecked; run Nsight Compute validation separately,2,False,fp16-energy-bench-v2,"nvml_timed_energy_counter,explicit_m16n16k16_denominator,strict_denominator_provenance,tensor_no_memory_warpsync_baseline,timed_kernel_memory_provenance",242.324,164.34065441841042,nvml_total_energy_counter,254.2607174324334,172.4359646413093,average_instant,172.3590909090909,nan,172.3590909090909,400.0,True,-11.936717432433397,0.9530532378222939,11,1,1410.0,1410.0,1410.0,39.90909090909091,40.0,100.0,100.0,100.0,100.0,4096,12288,8192,8192,2,16,55296000000,m16n16k16,16,16,4096,16384
ga100,ampere,"A100/GA100 path uses warp-level HMMA m16n8k16 pairs; compare against H100/RTX3090 only with the same logical m16n16k16 workload, clock policy, and baseline subtraction",ce960f9677a1,results/fp16_matmul_pjbit_a100_20260603_031033/raw/matmul_tensor_mma_f32acc_vs_tensor_baseline_rep002_baseline_f119fadd/bench.json,False,864,8,none,8.0,matmul_tensor_mma_f32acc_vs_tensor_baseline,0,738.100219727,,0,NVIDIA A100-SXM4-80GB,580.159.03,0,0,0,baseline_or_memory,benchmark uses warp-level HMMA mma.sync m16n8k16 pairs,datacenter,GPU-736f9b27-a462-1683-4dae-8866344ef6f4,1780456289179856431,1780456288441732426,1000000,tensor_baseline_f32,41943040,256,1,0,0,0,0,NVIDIA A100-SXM4-80GB,400.0,143.618,142873883913,nvmlDeviceGetTotalEnergyConsumption available via CUDA PCI bus id 0000:00:06.0,142873740295,True,00000000:00:06.0,results/fp16_matmul_pjbit_a100_20260603_031033/raw/matmul_tensor_mma_f32acc_vs_tensor_baseline_rep002_baseline_f119fadd/power.csv,[],80,65536,2,10,baseline,matmul_tensor_mma_f32acc_vs_tensor_baseline_rep002_baseline_f119fadd,1780456289275483296,1780456288083068769,"['nvml_timed_energy_counter', 'explicit_m16n16k16_denominator', 'strict_denominator_provenance', 'tensor_no_memory_warpsync_baseline', 'timed_kernel_memory_provenance']",fp16-energy-bench-v2,49152,108,results/fp16_matmul_pjbit_a100_20260603_031033/raw/matmul_tensor_mma_f32acc_vs_tensor_baseline_rep002_baseline_f119fadd/sm_util.csv,"[""Unexpected nvidia-smi dmon output: '0'""]",True,256,False,False,False,Tensor HMMA/register baseline uses register operands and consumes registers; no intended global memory operation in the timed kernel,8,unchecked; run Nsight Compute validation separately,2,False,fp16-energy-bench-v2,"nvml_timed_energy_counter,explicit_m16n16k16_denominator,strict_denominator_provenance,tensor_no_memory_warpsync_baseline,timed_kernel_memory_provenance",143.618,194.5716424708339,nvml_total_energy_counter,129.5801462305939,175.55335601176375,average_instant,174.04999999999998,nan,174.04999999999998,400.0,True,14.037853769406098,1.1083333687895758,6,1,1410.0,1410.0,1410.0,39.5,40.0,25.0,25.0,25.0,25.0,,,,,,,,,,,,
ga100,ampere,"A100/GA100 path uses warp-level HMMA m16n8k16 pairs; compare against H100/RTX3090 only with the same logical m16n16k16 workload, clock policy, and baseline subtraction",ce960f9677a1,results/fp16_matmul_pjbit_a100_20260603_031033/raw/matmul_tensor_mma_f32acc_vs_tensor_baseline_rep002_test_07975e67/bench.json,False,864,8,none,8.0,matmul_tensor_mma_f32acc_vs_tensor_baseline,0,1544.25964355,,0,NVIDIA A100-SXM4-80GB,580.159.03,0,293.33463054,452984832000000,tensor_core_mma_m16n16k16_f32acc,benchmark uses warp-level HMMA mma.sync m16n8k16 pairs,datacenter,GPU-736f9b27-a462-1683-4dae-8866344ef6f4,1780456295007166016,1780456293462881250,1000000,tensor_mma_f32acc,41943040,256,1,0,0,0,0,NVIDIA A100-SXM4-80GB,400.0,290.201,142874822481,nvmlDeviceGetTotalEnergyConsumption available via CUDA PCI bus id 0000:00:06.0,142874532280,True,00000000:00:06.0,results/fp16_matmul_pjbit_a100_20260603_031033/raw/matmul_tensor_mma_f32acc_vs_tensor_baseline_rep002_test_07975e67/power.csv,[],80,65536,2,1,test,matmul_tensor_mma_f32acc_vs_tensor_baseline_rep002_test_07975e67,1780456295112319760,1780456290159233251,"['nvml_timed_energy_counter', 'explicit_m16n16k16_denominator', 'strict_denominator_provenance', 'tensor_no_memory_warpsync_baseline', 'timed_kernel_memory_provenance']",fp16-energy-bench-v2,49152,108,results/fp16_matmul_pjbit_a100_20260603_031033/raw/matmul_tensor_mma_f32acc_vs_tensor_baseline_rep002_test_07975e67/sm_util.csv,[],True,256,False,False,False,Tensor HMMA/register baseline uses register operands and consumes registers; no intended global memory operation in the timed kernel,8,unchecked; run Nsight Compute validation separately,2,False,fp16-energy-bench-v2,"nvml_timed_energy_counter,explicit_m16n16k16_denominator,strict_denominator_provenance,tensor_no_memory_warpsync_baseline,timed_kernel_memory_provenance",290.201,187.91935683706666,nvml_total_energy_counter,282.1653766307049,182.71589725097687,average_instant,182.22166666666666,nan,182.22166666666666,400.0,True,8.035623369295138,1.0284784173921242,12,1,1410.0,1410.0,1410.0,40.75,41.0,100.0,100.0,100.0,100.0,8192,16384,8192,8192,2,16,55296000000,m16n16k16,16,16,8192,24576
ga100,ampere,"A100/GA100 path uses warp-level HMMA m16n8k16 pairs; compare against H100/RTX3090 only with the same logical m16n16k16 workload, clock policy, and baseline subtraction",ce960f9677a1,results/fp16_matmul_pjbit_a100_20260603_031033/raw/matmul_tensor_mma_f16acc_vs_tensor_baseline_rep003_baseline_6e8b3f59/bench.json,False,864,8,none,8.0,matmul_tensor_mma_f16acc_vs_tensor_baseline,0,428.001281738,,0,NVIDIA A100-SXM4-80GB,580.159.03,0,0,0,baseline_or_memory,benchmark uses warp-level HMMA mma.sync m16n8k16 pairs,datacenter,GPU-736f9b27-a462-1683-4dae-8866344ef6f4,1780456296174795122,1780456295746766294,1000000,tensor_baseline_mov,41943040,256,1,0,0,0,0,NVIDIA A100-SXM4-80GB,400.0,55.333,142874953209,nvmlDeviceGetTotalEnergyConsumption available via CUDA PCI bus id 0000:00:06.0,142874897876,True,00000000:00:06.0,results/fp16_matmul_pjbit_a100_20260603_031033/raw/matmul_tensor_mma_f16acc_vs_tensor_baseline_rep003_baseline_6e8b3f59/power.csv,[],80,65536,3,3,baseline,matmul_tensor_mma_f16acc_vs_tensor_baseline_rep003_baseline_6e8b3f59,1780456296298630905,1780456295253756610,"['nvml_timed_energy_counter', 'explicit_m16n16k16_denominator', 'strict_denominator_provenance', 'tensor_no_memory_warpsync_baseline', 'timed_kernel_memory_provenance']",fp16-energy-bench-v2,49152,108,results/fp16_matmul_pjbit_a100_20260603_031033/raw/matmul_tensor_mma_f16acc_vs_tensor_baseline_rep003_baseline_6e8b3f59/sm_util.csv,"[""Unexpected nvidia-smi dmon output: '0'""]",True,256,False,False,False,Tensor HMMA/register baseline uses register operands and consumes registers; no intended global memory operation in the timed kernel,8,unchecked; run Nsight Compute validation separately,2,False,fp16-energy-bench-v2,"nvml_timed_energy_counter,explicit_m16n16k16_denominator,strict_denominator_provenance,tensor_no_memory_warpsync_baseline,timed_kernel_memory_provenance",55.333,129.27400301177846,nvml_total_energy_counter,56.51555380856322,132.03679311189578,average_instant,135.34,nan,135.34,400.0,True,-1.1825538085632203,0.9790756043447982,3,0,1410.0,1410.0,1410.0,38.0,38.0,62.0,62.0,nan,nan,,,,,,,,,,,,
ga100,ampere,"A100/GA100 path uses warp-level HMMA m16n8k16 pairs; compare against H100/RTX3090 only with the same logical m16n16k16 workload, clock policy, and baseline subtraction",ce960f9677a1,results/fp16_matmul_pjbit_a100_20260603_031033/raw/matmul_tensor_mma_f16acc_vs_tensor_baseline_rep003_test_bdcba4a8/bench.json,False,864,8,none,8.0,matmul_tensor_mma_f16acc_vs_tensor_baseline,0,1474.55383301,,0,NVIDIA A100-SXM4-80GB,580.159.03,0,307.201284795,452984832000000,tensor_core_mma_m16n16k16_f16acc,benchmark uses warp-level HMMA mma.sync m16n8k16 pairs,datacenter,GPU-736f9b27-a462-1683-4dae-8866344ef6f4,1780456301952349667,1780456300477760425,1000000,tensor_mma_f16acc,41943040,256,1,0,0,0,0,NVIDIA A100-SXM4-80GB,400.0,259.677,142875835025,nvmlDeviceGetTotalEnergyConsumption available via CUDA PCI bus id 0000:00:06.0,142875575348,True,00000000:00:06.0,results/fp16_matmul_pjbit_a100_20260603_031033/raw/matmul_tensor_mma_f16acc_vs_tensor_baseline_rep003_test_bdcba4a8/power.csv,[],80,65536,3,1,test,matmul_tensor_mma_f16acc_vs_tensor_baseline_rep003_test_bdcba4a8,1780456302085745807,1780456297318963422,"['nvml_timed_energy_counter', 'explicit_m16n16k16_denominator', 'strict_denominator_provenance', 'tensor_no_memory_warpsync_baseline', 'timed_kernel_memory_provenance']",fp16-energy-bench-v2,49152,108,results/fp16_matmul_pjbit_a100_20260603_031033/raw/matmul_tensor_mma_f16acc_vs_tensor_baseline_rep003_test_bdcba4a8/sm_util.csv,[],True,256,False,False,False,Tensor HMMA/register baseline uses register operands and consumes registers; no intended global memory operation in the timed kernel,8,unchecked; run Nsight Compute validation separately,2,False,fp16-energy-bench-v2,"nvml_timed_energy_counter,explicit_m16n16k16_denominator,strict_denominator_provenance,tensor_no_memory_warpsync_baseline,timed_kernel_memory_provenance",259.677,176.10124406427755,nvml_total_energy_counter,254.52541019579814,172.60766791610578,average_instant,172.4309090909091,nan,172.4309090909091,400.0,True,5.151589804201876,1.0202399823272612,11,1,1410.0,1410.0,1410.0,40.0,40.0,100.0,100.0,100.0,100.0,4096,12288,8192,8192,2,16,55296000000,m16n16k16,16,16,4096,16384
ga100,ampere,"A100/GA100 path uses warp-level HMMA m16n8k16 pairs; compare against H100/RTX3090 only with the same logical m16n16k16 workload, clock policy, and baseline subtraction",ce960f9677a1,results/fp16_matmul_pjbit_a100_20260603_031033/raw/matmul_tensor_mma_f32acc_vs_tensor_baseline_rep003_baseline_b1cf4058/bench.json,False,864,8,none,8.0,matmul_tensor_mma_f32acc_vs_tensor_baseline,0,737.872924805,,0,NVIDIA A100-SXM4-80GB,580.159.03,0,0,0,baseline_or_memory,benchmark uses warp-level HMMA mma.sync m16n8k16 pairs,datacenter,GPU-736f9b27-a462-1683-4dae-8866344ef6f4,1780456303505078373,1780456302767179009,1000000,tensor_baseline_f32,41943040,256,1,0,0,0,0,NVIDIA A100-SXM4-80GB,400.0,125.962,142876042776,nvmlDeviceGetTotalEnergyConsumption available via CUDA PCI bus id 0000:00:06.0,142875916814,True,00000000:00:06.0,results/fp16_matmul_pjbit_a100_20260603_031033/raw/matmul_tensor_mma_f32acc_vs_tensor_baseline_rep003_baseline_b1cf4058/power.csv,[],80,65536,3,10,baseline,matmul_tensor_mma_f32acc_vs_tensor_baseline_rep003_baseline_b1cf4058,1780456303612397513,1780456302404449144,"['nvml_timed_energy_counter', 'explicit_m16n16k16_denominator', 'strict_denominator_provenance', 'tensor_no_memory_warpsync_baseline', 'timed_kernel_memory_provenance']",fp16-energy-bench-v2,49152,108,results/fp16_matmul_pjbit_a100_20260603_031033/raw/matmul_tensor_mma_f32acc_vs_tensor_baseline_rep003_baseline_b1cf4058/sm_util.csv,"[""Unexpected nvidia-smi dmon output: '0'""]",True,256,False,False,False,Tensor HMMA/register baseline uses register operands and consumes registers; no intended global memory operation in the timed kernel,8,unchecked; run Nsight Compute validation separately,2,False,fp16-energy-bench-v2,"nvml_timed_energy_counter,explicit_m16n16k16_denominator,strict_denominator_provenance,tensor_no_memory_warpsync_baseline,timed_kernel_memory_provenance",125.962,170.70349446730245,nvml_total_energy_counter,132.91918862730347,180.13186501039385,average_instant,179.095,nan,179.095,400.0,True,-6.957188627303466,0.9476585081570806,6,1,1410.0,1410.0,1410.0,39.833333333333336,40.0,98.0,98.0,98.0,98.0,,,,,,,,,,,,
ga100,ampere,"A100/GA100 path uses warp-level HMMA m16n8k16 pairs; compare against H100/RTX3090 only with the same logical m16n16k16 workload, clock policy, and baseline subtraction",ce960f9677a1,results/fp16_matmul_pjbit_a100_20260603_031033/raw/matmul_tensor_mma_f32acc_vs_tensor_baseline_rep003_test_b8b53ef9/bench.json,False,864,8,none,8.0,matmul_tensor_mma_f32acc_vs_tensor_baseline,0,1543.62988281,,0,NVIDIA A100-SXM4-80GB,580.159.03,0,293.454303421,452984832000000,tensor_core_mma_m16n16k16_f32acc,benchmark uses warp-level HMMA mma.sync m16n8k16 pairs,datacenter,GPU-736f9b27-a462-1683-4dae-8866344ef6f4,1780456309326842994,1780456307783189128,1000000,tensor_mma_f32acc,41943040,256,1,0,0,0,0,NVIDIA A100-SXM4-80GB,400.0,273.225,142876983807,nvmlDeviceGetTotalEnergyConsumption available via CUDA PCI bus id 0000:00:06.0,142876710582,True,00000000:00:06.0,results/fp16_matmul_pjbit_a100_20260603_031033/raw/matmul_tensor_mma_f32acc_vs_tensor_baseline_rep003_test_b8b53ef9/power.csv,[],80,65536,3,1,test,matmul_tensor_mma_f32acc_vs_tensor_baseline_rep003_test_b8b53ef9,1780456309431763184,1780456304482083787,"['nvml_timed_energy_counter', 'explicit_m16n16k16_denominator', 'strict_denominator_provenance', 'tensor_no_memory_warpsync_baseline', 'timed_kernel_memory_provenance']",fp16-energy-bench-v2,49152,108,results/fp16_matmul_pjbit_a100_20260603_031033/raw/matmul_tensor_mma_f32acc_vs_tensor_baseline_rep003_test_b8b53ef9/sm_util.csv,[],True,256,False,False,False,Tensor HMMA/register baseline uses register operands and consumes registers; no intended global memory operation in the timed kernel,8,unchecked; run Nsight Compute validation separately,2,False,fp16-energy-bench-v2,"nvml_timed_energy_counter,explicit_m16n16k16_denominator,strict_denominator_provenance,tensor_no_memory_warpsync_baseline,timed_kernel_memory_provenance",273.225,176.9988765084983,nvml_total_energy_counter,278.073277190802,180.13965650950016,average_instant,179.99333333333334,nan,179.99333333333334,400.0,True,-4.84827719080198,0.9825647496955441,12,1,1410.0,1410.0,1410.0,41.0,41.0,100.0,100.0,100.0,100.0,8192,16384,8192,8192,2,16,55296000000,m16n16k16,16,16,8192,24576
ga100,ampere,"A100/GA100 path uses warp-level HMMA m16n8k16 pairs; compare against H100/RTX3090 only with the same logical m16n16k16 workload, clock policy, and baseline subtraction",ce960f9677a1,results/fp16_matmul_pjbit_a100_20260603_031033/raw/matmul_tensor_mma_f16acc_vs_tensor_baseline_rep004_baseline_86285bbc/bench.json,False,864,8,none,8.0,matmul_tensor_mma_f16acc_vs_tensor_baseline,0,427.756530762,,0,NVIDIA A100-SXM4-80GB,580.159.03,0,0,0,baseline_or_memory,benchmark uses warp-level HMMA mma.sync m16n8k16 pairs,datacenter,GPU-736f9b27-a462-1683-4dae-8866344ef6f4,1780456310500318147,1780456310072532953,1000000,tensor_baseline_mov,41943040,256,1,0,0,0,0,NVIDIA A100-SXM4-80GB,400.0,55.858,142877129907,nvmlDeviceGetTotalEnergyConsumption available via CUDA PCI bus id 0000:00:06.0,142877074049,True,00000000:00:06.0,results/fp16_matmul_pjbit_a100_20260603_031033/raw/matmul_tensor_mma_f16acc_vs_tensor_baseline_rep004_baseline_86285bbc/power.csv,[],80,65536,4,3,baseline,matmul_tensor_mma_f16acc_vs_tensor_baseline_rep004_baseline_86285bbc,1780456310608863189,1780456309574453106,"['nvml_timed_energy_counter', 'explicit_m16n16k16_denominator', 'strict_denominator_provenance', 'tensor_no_memory_warpsync_baseline', 'timed_kernel_memory_provenance']",fp16-energy-bench-v2,49152,108,results/fp16_matmul_pjbit_a100_20260603_031033/raw/matmul_tensor_mma_f16acc_vs_tensor_baseline_rep004_baseline_86285bbc/sm_util.csv,"[""Unexpected nvidia-smi dmon output: '0'""]",True,256,False,False,False,Tensor HMMA/register baseline uses register operands and consumes registers; no intended global memory operation in the timed kernel,8,unchecked; run Nsight Compute validation separately,2,False,fp16-energy-bench-v2,"nvml_timed_energy_counter,explicit_m16n16k16_denominator,strict_denominator_provenance,tensor_no_memory_warpsync_baseline,timed_kernel_memory_provenance",55.858,130.57487912964095,nvml_total_energy_counter,57.47048887139615,134.34426828572322,average_instant,131.35,nan,131.35,400.0,True,-1.6124888713961525,0.9719423150374712,3,0,1410.0,1410.0,1410.0,38.0,38.0,41.0,41.0,nan,nan,,,,,,,,,,,,
ga100,ampere,"A100/GA100 path uses warp-level HMMA m16n8k16 pairs; compare against H100/RTX3090 only with the same logical m16n16k16 workload, clock policy, and baseline subtraction",ce960f9677a1,results/fp16_matmul_pjbit_a100_20260603_031033/raw/matmul_tensor_mma_f16acc_vs_tensor_baseline_rep004_test_7fd0406c/bench.json,False,864,8,none,8.0,matmul_tensor_mma_f16acc_vs_tensor_baseline,0,1473.8605957,,0,NVIDIA A100-SXM4-80GB,580.159.03,0,307.345778373,452984832000000,tensor_core_mma_m16n16k16_f16acc,benchmark uses warp-level HMMA mma.sync m16n8k16 pairs,datacenter,GPU-736f9b27-a462-1683-4dae-8866344ef6f4,1780456316317853602,1780456314843967296,1000000,tensor_mma_f16acc,41943040,256,1,0,0,0,0,NVIDIA A100-SXM4-80GB,400.0,259.926,142878010531,nvmlDeviceGetTotalEnergyConsumption available via CUDA PCI bus id 0000:00:06.0,142877750605,True,00000000:00:06.0,results/fp16_matmul_pjbit_a100_20260603_031033/raw/matmul_tensor_mma_f16acc_vs_tensor_baseline_rep004_test_7fd0406c/power.csv,[],80,65536,4,1,test,matmul_tensor_mma_f16acc_vs_tensor_baseline_rep004_test_7fd0406c,1780456316412268124,1780456311679618581,"['nvml_timed_energy_counter', 'explicit_m16n16k16_denominator', 'strict_denominator_provenance', 'tensor_no_memory_warpsync_baseline', 'timed_kernel_memory_provenance']",fp16-energy-bench-v2,49152,108,results/fp16_matmul_pjbit_a100_20260603_031033/raw/matmul_tensor_mma_f16acc_vs_tensor_baseline_rep004_test_7fd0406c/sm_util.csv,[],True,256,False,False,False,Tensor HMMA/register baseline uses register operands and consumes registers; no intended global memory operation in the timed kernel,8,unchecked; run Nsight Compute validation separately,2,False,fp16-energy-bench-v2,"nvml_timed_energy_counter,explicit_m16n16k16_denominator,strict_denominator_provenance,tensor_no_memory_warpsync_baseline,timed_kernel_memory_provenance",259.926,176.3541725992534,nvml_total_energy_counter,254.70395773411434,172.81112979830775,average_instant,172.72363636363636,nan,172.72363636363636,400.0,True,5.222042265885648,1.0205023993829612,11,1,1410.0,1410.0,1410.0,40.0,40.0,100.0,100.0,100.0,100.0,4096,12288,8192,8192,2,16,55296000000,m16n16k16,16,16,4096,16384
ga100,ampere,"A100/GA100 path uses warp-level HMMA m16n8k16 pairs; compare against H100/RTX3090 only with the same logical m16n16k16 workload, clock policy, and baseline subtraction",ce960f9677a1,results/fp16_matmul_pjbit_a100_20260603_031033/raw/matmul_tensor_mma_f32acc_vs_tensor_baseline_rep004_baseline_7b589bdd/bench.json,False,864,8,none,8.0,matmul_tensor_mma_f32acc_vs_tensor_baseline,0,737.837036133,,0,NVIDIA A100-SXM4-80GB,580.159.03,0,0,0,baseline_or_memory,benchmark uses warp-level HMMA mma.sync m16n8k16 pairs,datacenter,GPU-736f9b27-a462-1683-4dae-8866344ef6f4,1780456317888145867,1780456317150270755,1000000,tensor_baseline_f32,41943040,256,1,0,0,0,0,NVIDIA A100-SXM4-80GB,400.0,125.989,142878216756,nvmlDeviceGetTotalEnergyConsumption available via CUDA PCI bus id 0000:00:06.0,142878090767,True,00000000:00:06.0,results/fp16_matmul_pjbit_a100_20260603_031033/raw/matmul_tensor_mma_f32acc_vs_tensor_baseline_rep004_baseline_7b589bdd/power.csv,[],80,65536,4,10,baseline,matmul_tensor_mma_f32acc_vs_tensor_baseline_rep004_baseline_7b589bdd,1780456317983749941,1780456316794073293,"['nvml_timed_energy_counter', 'explicit_m16n16k16_denominator', 'strict_denominator_provenance', 'tensor_no_memory_warpsync_baseline', 'timed_kernel_memory_provenance']",fp16-energy-bench-v2,49152,108,results/fp16_matmul_pjbit_a100_20260603_031033/raw/matmul_tensor_mma_f32acc_vs_tensor_baseline_rep004_baseline_7b589bdd/sm_util.csv,"[""Unexpected nvidia-smi dmon output: '0'""]",True,256,False,False,False,Tensor HMMA/register baseline uses register operands and consumes registers; no intended global memory operation in the timed kernel,8,unchecked; run Nsight Compute validation separately,2,False,fp16-energy-bench-v2,"nvml_timed_energy_counter,explicit_m16n16k16_denominator,strict_denominator_provenance,tensor_no_memory_warpsync_baseline,timed_kernel_memory_provenance",125.989,170.74569659696016,nvml_total_energy_counter,132.94802778355606,180.1768695290485,average_instant,179.56166666666664,nan,179.56166666666664,400.0,True,-6.959027783556053,0.9476560284528207,6,1,1410.0,1410.0,1410.0,40.0,41.0,52.0,52.0,52.0,52.0,,,,,,,,,,,,
ga100,ampere,"A100/GA100 path uses warp-level HMMA m16n8k16 pairs; compare against H100/RTX3090 only with the same logical m16n16k16 workload, clock policy, and baseline subtraction",ce960f9677a1,results/fp16_matmul_pjbit_a100_20260603_031033/raw/matmul_tensor_mma_f32acc_vs_tensor_baseline_rep004_test_6a6781ff/bench.json,False,864,8,none,8.0,matmul_tensor_mma_f32acc_vs_tensor_baseline,0,1543.37792969,,0,NVIDIA A100-SXM4-80GB,580.159.03,0,293.502209204,452984832000000,tensor_core_mma_m16n16k16_f32acc,benchmark uses warp-level HMMA mma.sync m16n8k16 pairs,datacenter,GPU-736f9b27-a462-1683-4dae-8866344ef6f4,1780456323708069394,1780456322164656538,1000000,tensor_mma_f32acc,41943040,256,1,0,0,0,0,NVIDIA A100-SXM4-80GB,400.0,273.442,142879158690,nvmlDeviceGetTotalEnergyConsumption available via CUDA PCI bus id 0000:00:06.0,142878885248,True,00000000:00:06.0,results/fp16_matmul_pjbit_a100_20260603_031033/raw/matmul_tensor_mma_f32acc_vs_tensor_baseline_rep004_test_6a6781ff/power.csv,[],80,65536,4,1,test,matmul_tensor_mma_f32acc_vs_tensor_baseline_rep004_test_6a6781ff,1780456323849792956,1780456318868272553,"['nvml_timed_energy_counter', 'explicit_m16n16k16_denominator', 'strict_denominator_provenance', 'tensor_no_memory_warpsync_baseline', 'timed_kernel_memory_provenance']",fp16-energy-bench-v2,49152,108,results/fp16_matmul_pjbit_a100_20260603_031033/raw/matmul_tensor_mma_f32acc_vs_tensor_baseline_rep004_test_6a6781ff/sm_util.csv,"[""Unexpected nvidia-smi dmon output: '0'""]",True,256,False,False,False,Tensor HMMA/register baseline uses register operands and consumes registers; no intended global memory operation in the timed kernel,8,unchecked; run Nsight Compute validation separately,2,False,fp16-energy-bench-v2,"nvml_timed_energy_counter,explicit_m16n16k16_denominator,strict_denominator_provenance,tensor_no_memory_warpsync_baseline,timed_kernel_memory_provenance",273.442,177.1671130877246,nvml_total_energy_counter,277.1009794346404,179.5378199406682,average_instant,179.48727272727274,nan,179.48727272727274,400.0,True,-3.6589794346404005,0.9867955016178374,11,1,1410.0,1410.0,1410.0,41.0,41.0,100.0,100.0,100.0,100.0,8192,16384,8192,8192,2,16,55296000000,m16n16k16,16,16,8192,24576
ga100,ampere,"A100/GA100 path uses warp-level HMMA m16n8k16 pairs; compare against H100/RTX3090 only with the same logical m16n16k16 workload, clock policy, and baseline subtraction",ce960f9677a1,results/fp16_matmul_pjbit_a100_20260603_031033/raw/matmul_tensor_mma_f16acc_vs_tensor_baseline_rep005_baseline_1e06df6b/bench.json,False,864,8,none,8.0,matmul_tensor_mma_f16acc_vs_tensor_baseline,0,427.859954834,,0,NVIDIA A100-SXM4-80GB,580.159.03,0,0,0,baseline_or_memory,benchmark uses warp-level HMMA mma.sync m16n8k16 pairs,datacenter,GPU-736f9b27-a462-1683-4dae-8866344ef6f4,1780456325917604148,1780456325489711729,1000000,tensor_baseline_mov,41943040,256,1,0,0,0,0,NVIDIA A100-SXM4-80GB,400.0,55.276,142879386769,nvmlDeviceGetTotalEnergyConsumption available via CUDA PCI bus id 0000:00:06.0,142879331493,True,00000000:00:06.0,results/fp16_matmul_pjbit_a100_20260603_031033/raw/matmul_tensor_mma_f16acc_vs_tensor_baseline_rep005_baseline_1e06df6b/power.csv,[],80,65536,5,3,baseline,matmul_tensor_mma_f16acc_vs_tensor_baseline_rep005_baseline_1e06df6b,1780456326025759394,1780456324984052749,"['nvml_timed_energy_counter', 'explicit_m16n16k16_denominator', 'strict_denominator_provenance', 'tensor_no_memory_warpsync_baseline', 'timed_kernel_memory_provenance']",fp16-energy-bench-v2,49152,108,results/fp16_matmul_pjbit_a100_20260603_031033/raw/matmul_tensor_mma_f16acc_vs_tensor_baseline_rep005_baseline_1e06df6b/sm_util.csv,"[""Unexpected nvidia-smi dmon output: '0'""]",True,256,False,False,False,Tensor HMMA/register baseline uses register operands and consumes registers; no intended global memory operation in the timed kernel,8,unchecked; run Nsight Compute validation separately,2,False,fp16-energy-bench-v2,"nvml_timed_energy_counter,explicit_m16n16k16_denominator,strict_denominator_provenance,tensor_no_memory_warpsync_baseline,timed_kernel_memory_provenance",55.276,129.18200357272514,nvml_total_energy_counter,59.24783200952752,138.46431808254943,average_instant,138.35333333333332,nan,138.35333333333332,400.0,True,-3.9718320095275175,0.9329624076558816,3,0,1410.0,1410.0,1410.0,38.0,38.0,74.0,74.0,nan,nan,,,,,,,,,,,,
ga100,ampere,"A100/GA100 path uses warp-level HMMA m16n8k16 pairs; compare against H100/RTX3090 only with the same logical m16n16k16 workload, clock policy, and baseline subtraction",ce960f9677a1,results/fp16_matmul_pjbit_a100_20260603_031033/raw/matmul_tensor_mma_f16acc_vs_tensor_baseline_rep005_test_cf2bad35/bench.json,False,864,8,none,8.0,matmul_tensor_mma_f16acc_vs_tensor_baseline,0,1474.21289062,,0,NVIDIA A100-SXM4-80GB,580.159.03,0,307.27233148,452984832000000,tensor_core_mma_m16n16k16_f16acc,benchmark uses warp-level HMMA mma.sync m16n8k16 pairs,datacenter,GPU-736f9b27-a462-1683-4dae-8866344ef6f4,1780456331694838112,1780456330220573576,1000000,tensor_mma_f16acc,41943040,256,1,0,0,0,0,NVIDIA A100-SXM4-80GB,400.0,259.87,142880269981,nvmlDeviceGetTotalEnergyConsumption available via CUDA PCI bus id 0000:00:06.0,142880010111,True,00000000:00:06.0,results/fp16_matmul_pjbit_a100_20260603_031033/raw/matmul_tensor_mma_f16acc_vs_tensor_baseline_rep005_test_cf2bad35/power.csv,[],80,65536,5,1,test,matmul_tensor_mma_f16acc_vs_tensor_baseline_rep005_test_cf2bad35,1780456331801861336,1780456327059311037,"['nvml_timed_energy_counter', 'explicit_m16n16k16_denominator', 'strict_denominator_provenance', 'tensor_no_memory_warpsync_baseline', 'timed_kernel_memory_provenance']",fp16-energy-bench-v2,49152,108,results/fp16_matmul_pjbit_a100_20260603_031033/raw/matmul_tensor_mma_f16acc_vs_tensor_baseline_rep005_test_cf2bad35/sm_util.csv,[],True,256,False,False,False,Tensor HMMA/register baseline uses register operands and consumes registers; no intended global memory operation in the timed kernel,8,unchecked; run Nsight Compute validation separately,2,False,fp16-energy-bench-v2,"nvml_timed_energy_counter,explicit_m16n16k16_denominator,strict_denominator_provenance,tensor_no_memory_warpsync_baseline,timed_kernel_memory_provenance",259.87,176.27094300530607,nvml_total_energy_counter,255.02471958790792,172.98436838197668,average_instant,172.90272727272728,nan,172.90272727272728,400.0,True,4.84528041209208,1.0189992578755562,11,1,1410.0,1410.0,1410.0,40.0,40.0,100.0,100.0,100.0,100.0,4096,12288,8192,8192,2,16,55296000000,m16n16k16,16,16,4096,16384
ga100,ampere,"A100/GA100 path uses warp-level HMMA m16n8k16 pairs; compare against H100/RTX3090 only with the same logical m16n16k16 workload, clock policy, and baseline subtraction",ce960f9677a1,results/fp16_matmul_pjbit_a100_20260603_031033/raw/matmul_tensor_mma_f32acc_vs_tensor_baseline_rep005_baseline_21fedadd/bench.json,False,864,8,none,8.0,matmul_tensor_mma_f32acc_vs_tensor_baseline,0,737.808410645,,0,NVIDIA A100-SXM4-80GB,580.159.03,0,0,0,baseline_or_memory,benchmark uses warp-level HMMA mma.sync m16n8k16 pairs,datacenter,GPU-736f9b27-a462-1683-4dae-8866344ef6f4,1780456333287951401,1780456332550107864,1000000,tensor_baseline_f32,41943040,256,1,0,0,0,0,NVIDIA A100-SXM4-80GB,400.0,125.923,142880474300,nvmlDeviceGetTotalEnergyConsumption available via CUDA PCI bus id 0000:00:06.0,142880348377,True,00000000:00:06.0,results/fp16_matmul_pjbit_a100_20260603_031033/raw/matmul_tensor_mma_f32acc_vs_tensor_baseline_rep005_baseline_21fedadd/power.csv,[],80,65536,5,10,baseline,matmul_tensor_mma_f32acc_vs_tensor_baseline_rep005_baseline_21fedadd,1780456333398060377,1780456332183884783,"['nvml_timed_energy_counter', 'explicit_m16n16k16_denominator', 'strict_denominator_provenance', 'tensor_no_memory_warpsync_baseline', 'timed_kernel_memory_provenance']",fp16-energy-bench-v2,49152,108,results/fp16_matmul_pjbit_a100_20260603_031033/raw/matmul_tensor_mma_f32acc_vs_tensor_baseline_rep005_baseline_21fedadd/sm_util.csv,"[""Unexpected nvidia-smi dmon output: '0'""]",True,256,False,False,False,Tensor HMMA/register baseline uses register operands and consumes registers; no intended global memory operation in the timed kernel,8,unchecked; run Nsight Compute validation separately,2,False,fp16-energy-bench-v2,"nvml_timed_energy_counter,explicit_m16n16k16_denominator,strict_denominator_provenance,tensor_no_memory_warpsync_baseline,timed_kernel_memory_provenance",125.923,170.66355356582866,nvml_total_energy_counter,130.73784966506076,177.18912358659145,average_instant,178.60833333333332,nan,178.60833333333332,400.0,True,-4.814849665060763,0.9631717235873467,6,1,1410.0,1410.0,1410.0,39.833333333333336,40.0,92.0,92.0,92.0,92.0,,,,,,,,,,,,
ga100,ampere,"A100/GA100 path uses warp-level HMMA m16n8k16 pairs; compare against H100/RTX3090 only with the same logical m16n16k16 workload, clock policy, and baseline subtraction",ce960f9677a1,results/fp16_matmul_pjbit_a100_20260603_031033/raw/matmul_tensor_mma_f32acc_vs_tensor_baseline_rep005_test_1f82b89d/bench.json,False,864,8,none,8.0,matmul_tensor_mma_f32acc_vs_tensor_baseline,0,1543.69641113,,0,NVIDIA A100-SXM4-80GB,580.159.03,0,293.44165649,452984832000000,tensor_core_mma_m16n16k16_f32acc,benchmark uses warp-level HMMA mma.sync m16n8k16 pairs,datacenter,GPU-736f9b27-a462-1683-4dae-8866344ef6f4,1780456339107368390,1780456337563644520,1000000,tensor_mma_f32acc,41943040,256,1,0,0,0,0,NVIDIA A100-SXM4-80GB,400.0,273.354,142881416885,nvmlDeviceGetTotalEnergyConsumption available via CUDA PCI bus id 0000:00:06.0,142881143531,True,00000000:00:06.0,results/fp16_matmul_pjbit_a100_20260603_031033/raw/matmul_tensor_mma_f32acc_vs_tensor_baseline_rep005_test_1f82b89d/power.csv,[],80,65536,5,1,test,matmul_tensor_mma_f32acc_vs_tensor_baseline_rep005_test_1f82b89d,1780456339235380025,1780456334267277236,"['nvml_timed_energy_counter', 'explicit_m16n16k16_denominator', 'strict_denominator_provenance', 'tensor_no_memory_warpsync_baseline', 'timed_kernel_memory_provenance']",fp16-energy-bench-v2,49152,108,results/fp16_matmul_pjbit_a100_20260603_031033/raw/matmul_tensor_mma_f32acc_vs_tensor_baseline_rep005_test_1f82b89d/sm_util.csv,[],True,256,False,False,False,Tensor HMMA/register baseline uses register operands and consumes registers; no intended global memory operation in the timed kernel,8,unchecked; run Nsight Compute validation separately,2,False,fp16-energy-bench-v2,"nvml_timed_energy_counter,explicit_m16n16k16_denominator,strict_denominator_provenance,tensor_no_memory_warpsync_baseline,timed_kernel_memory_provenance",273.354,177.0744142215019,nvml_total_energy_counter,277.956903987201,180.0561029008387,average_instant,180.03083333333333,nan,180.03083333333333,400.0,True,-4.602903987200989,0.9834402242895434,12,1,1410.0,1410.0,1410.0,41.0,41.0,100.0,100.0,100.0,100.0,8192,16384,8192,8192,2,16,55296000000,m16n16k16,16,16,8192,24576
ga100,ampere,"A100/GA100 path uses warp-level HMMA m16n8k16 pairs; compare against H100/RTX3090 only with the same logical m16n16k16 workload, clock policy, and baseline subtraction",ce960f9677a1,results/fp16_matmul_pjbit_a100_20260603_031033/raw/matmul_tensor_mma_f16acc_vs_tensor_baseline_rep006_baseline_809f459c/bench.json,False,864,8,none,8.0,matmul_tensor_mma_f16acc_vs_tensor_baseline,0,427.863037109,,0,NVIDIA A100-SXM4-80GB,580.159.03,0,0,0,baseline_or_memory,benchmark uses warp-level HMMA mma.sync m16n8k16 pairs,datacenter,GPU-736f9b27-a462-1683-4dae-8866344ef6f4,1780456341293109450,1780456340865218989,1000000,tensor_baseline_mov,41943040,256,1,0,0,0,0,NVIDIA A100-SXM4-80GB,400.0,55.539,142881647233,nvmlDeviceGetTotalEnergyConsumption available via CUDA PCI bus id 0000:00:06.0,142881591694,True,00000000:00:06.0,results/fp16_matmul_pjbit_a100_20260603_031033/raw/matmul_tensor_mma_f16acc_vs_tensor_baseline_rep006_baseline_809f459c/power.csv,[],80,65536,6,3,baseline,matmul_tensor_mma_f16acc_vs_tensor_baseline_rep006_baseline_809f459c,1780456341396902868,1780456340370017007,"['nvml_timed_energy_counter', 'explicit_m16n16k16_denominator', 'strict_denominator_provenance', 'tensor_no_memory_warpsync_baseline', 'timed_kernel_memory_provenance']",fp16-energy-bench-v2,49152,108,results/fp16_matmul_pjbit_a100_20260603_031033/raw/matmul_tensor_mma_f16acc_vs_tensor_baseline_rep006_baseline_809f459c/sm_util.csv,"[""Unexpected nvidia-smi dmon output: '0'""]",True,256,False,False,False,Tensor HMMA/register baseline uses register operands and consumes registers; no intended global memory operation in the timed kernel,8,unchecked; run Nsight Compute validation separately,2,False,fp16-energy-bench-v2,"nvml_timed_energy_counter,explicit_m16n16k16_denominator,strict_denominator_provenance,tensor_no_memory_warpsync_baseline,timed_kernel_memory_provenance",55.539,129.79723798984153,nvml_total_energy_counter,58.48603663719833,136.68460030755006,average_instant,134.96666666666667,nan,134.96666666666667,400.0,True,-2.9470366371983303,0.9496112780648919,3,0,1410.0,1410.0,1410.0,38.0,38.0,32.0,32.0,nan,nan,,,,,,,,,,,,
ga100,ampere,"A100/GA100 path uses warp-level HMMA m16n8k16 pairs; compare against H100/RTX3090 only with the same logical m16n16k16 workload, clock policy, and baseline subtraction",ce960f9677a1,results/fp16_matmul_pjbit_a100_20260603_031033/raw/matmul_tensor_mma_f16acc_vs_tensor_baseline_rep006_test_931e2fe0/bench.json,False,864,8,none,8.0,matmul_tensor_mma_f16acc_vs_tensor_baseline,0,1474.08483887,,0,NVIDIA A100-SXM4-80GB,580.159.03,0,307.299023812,452984832000000,tensor_core_mma_m16n16k16_f16acc,benchmark uses warp-level HMMA mma.sync m16n8k16 pairs,datacenter,GPU-736f9b27-a462-1683-4dae-8866344ef6f4,1780456347099639162,1780456345625523305,1000000,tensor_mma_f16acc,41943040,256,1,0,0,0,0,NVIDIA A100-SXM4-80GB,400.0,260.25,142882529045,nvmlDeviceGetTotalEnergyConsumption available via CUDA PCI bus id 0000:00:06.0,142882268795,True,00000000:00:06.0,results/fp16_matmul_pjbit_a100_20260603_031033/raw/matmul_tensor_mma_f16acc_vs_tensor_baseline_rep006_test_931e2fe0/power.csv,[],80,65536,6,1,test,matmul_tensor_mma_f16acc_vs_tensor_baseline_rep006_test_931e2fe0,1780456347208591124,1780456342467147388,"['nvml_timed_energy_counter', 'explicit_m16n16k16_denominator', 'strict_denominator_provenance', 'tensor_no_memory_warpsync_baseline', 'timed_kernel_memory_provenance']",fp16-energy-bench-v2,49152,108,results/fp16_matmul_pjbit_a100_20260603_031033/raw/matmul_tensor_mma_f16acc_vs_tensor_baseline_rep006_test_931e2fe0/sm_util.csv,[],True,256,False,False,False,Tensor HMMA/register baseline uses register operands and consumes registers; no intended global memory operation in the timed kernel,8,unchecked; run Nsight Compute validation separately,2,False,fp16-energy-bench-v2,"nvml_timed_energy_counter,explicit_m16n16k16_denominator,strict_denominator_provenance,tensor_no_memory_warpsync_baseline,timed_kernel_memory_provenance",260.25,176.54650329156593,nvml_total_energy_counter,255.0534809568028,173.021326475564,average_instant,172.922,nan,172.922,400.0,True,5.196519043197213,1.0203742329793073,10,1,1410.0,1410.0,1410.0,40.0,40.0,100.0,100.0,100.0,100.0,4096,12288,8192,8192,2,16,55296000000,m16n16k16,16,16,4096,16384
ga100,ampere,"A100/GA100 path uses warp-level HMMA m16n8k16 pairs; compare against H100/RTX3090 only with the same logical m16n16k16 workload, clock policy, and baseline subtraction",ce960f9677a1,results/fp16_matmul_pjbit_a100_20260603_031033/raw/matmul_tensor_mma_f32acc_vs_tensor_baseline_rep006_baseline_428e72a1/bench.json,False,864,8,none,8.0,matmul_tensor_mma_f32acc_vs_tensor_baseline,0,737.806335449,,0,NVIDIA A100-SXM4-80GB,580.159.03,0,0,0,baseline_or_memory,benchmark uses warp-level HMMA mma.sync m16n8k16 pairs,datacenter,GPU-736f9b27-a462-1683-4dae-8866344ef6f4,1780456348695965248,1780456347958136318,1000000,tensor_baseline_f32,41943040,256,1,0,0,0,0,NVIDIA A100-SXM4-80GB,400.0,126.712,142882734134,nvmlDeviceGetTotalEnergyConsumption available via CUDA PCI bus id 0000:00:06.0,142882607422,True,00000000:00:06.0,results/fp16_matmul_pjbit_a100_20260603_031033/raw/matmul_tensor_mma_f32acc_vs_tensor_baseline_rep006_baseline_428e72a1/power.csv,[],80,65536,6,10,baseline,matmul_tensor_mma_f32acc_vs_tensor_baseline_rep006_baseline_428e72a1,1780456348851843022,1780456347562770599,"['nvml_timed_energy_counter', 'explicit_m16n16k16_denominator', 'strict_denominator_provenance', 'tensor_no_memory_warpsync_baseline', 'timed_kernel_memory_provenance']",fp16-energy-bench-v2,49152,108,results/fp16_matmul_pjbit_a100_20260603_031033/raw/matmul_tensor_mma_f32acc_vs_tensor_baseline_rep006_baseline_428e72a1/sm_util.csv,"[""Unexpected nvidia-smi dmon output: '0'""]",True,256,False,False,False,Tensor HMMA/register baseline uses register operands and consumes registers; no intended global memory operation in the timed kernel,8,unchecked; run Nsight Compute validation separately,2,False,fp16-energy-bench-v2,"nvml_timed_energy_counter,explicit_m16n16k16_denominator,strict_denominator_provenance,tensor_no_memory_warpsync_baseline,timed_kernel_memory_provenance",126.712,171.73628580814795,nvml_total_energy_counter,133.02191809395796,180.28829269944453,average_instant,181.0,nan,181.0,400.0,True,-6.309918093957961,0.952564824020196,6,1,1410.0,1410.0,1410.0,39.833333333333336,40.0,38.0,38.0,38.0,38.0,,,,,,,,,,,,
ga100,ampere,"A100/GA100 path uses warp-level HMMA m16n8k16 pairs; compare against H100/RTX3090 only with the same logical m16n16k16 workload, clock policy, and baseline subtraction",ce960f9677a1,results/fp16_matmul_pjbit_a100_20260603_031033/raw/matmul_tensor_mma_f32acc_vs_tensor_baseline_rep006_test_800099be/bench.json,False,864,8,none,8.0,matmul_tensor_mma_f32acc_vs_tensor_baseline,0,1543.45373535,,0,NVIDIA A100-SXM4-80GB,580.159.03,0,293.487794046,452984832000000,tensor_core_mma_m16n16k16_f32acc,benchmark uses warp-level HMMA mma.sync m16n8k16 pairs,datacenter,GPU-736f9b27-a462-1683-4dae-8866344ef6f4,1780456354512812323,1780456352969333956,1000000,tensor_mma_f32acc,41943040,256,1,0,0,0,0,NVIDIA A100-SXM4-80GB,400.0,273.739,142883676963,nvmlDeviceGetTotalEnergyConsumption available via CUDA PCI bus id 0000:00:06.0,142883403224,True,00000000:00:06.0,results/fp16_matmul_pjbit_a100_20260603_031033/raw/matmul_tensor_mma_f32acc_vs_tensor_baseline_rep006_test_800099be/power.csv,[],80,65536,6,1,test,matmul_tensor_mma_f32acc_vs_tensor_baseline_rep006_test_800099be,1780456354622480100,1780456349672094457,"['nvml_timed_energy_counter', 'explicit_m16n16k16_denominator', 'strict_denominator_provenance', 'tensor_no_memory_warpsync_baseline', 'timed_kernel_memory_provenance']",fp16-energy-bench-v2,49152,108,results/fp16_matmul_pjbit_a100_20260603_031033/raw/matmul_tensor_mma_f32acc_vs_tensor_baseline_rep006_test_800099be/sm_util.csv,[],True,256,False,False,False,Tensor HMMA/register baseline uses register operands and consumes registers; no intended global memory operation in the timed kernel,8,unchecked; run Nsight Compute validation separately,2,False,fp16-energy-bench-v2,"nvml_timed_energy_counter,explicit_m16n16k16_denominator,strict_denominator_provenance,tensor_no_memory_warpsync_baseline,timed_kernel_memory_provenance",273.739,177.35201597418953,nvml_total_energy_counter,277.0617356853643,179.50477415752744,average_instant,179.16916666666668,nan,179.16916666666668,400.0,True,-3.3227356853643073,0.9880072371699221,12,1,1410.0,1410.0,1410.0,41.0,41.0,99.41666666666667,100.0,99.0,99.0,8192,16384,8192,8192,2,16,55296000000,m16n16k16,16,16,8192,24576
ga100,ampere,"A100/GA100 path uses warp-level HMMA m16n8k16 pairs; compare against H100/RTX3090 only with the same logical m16n16k16 workload, clock policy, and baseline subtraction",ce960f9677a1,results/fp16_matmul_pjbit_a100_20260603_031033/raw/matmul_tensor_mma_f16acc_vs_tensor_baseline_rep000_baseline_c115c087/bench.json,False,864,8,none,8.0,matmul_tensor_mma_f16acc_vs_tensor_baseline,0,428.538879395,,0,NVIDIA A100-SXM4-80GB,580.159.03,0,0,0,baseline_or_memory,benchmark uses warp-level HMMA mma.sync m16n8k16 pairs,datacenter,GPU-736f9b27-a462-1683-4dae-8866344ef6f4,1780456478416222860,1780456477987653979,1000000,tensor_baseline_mov,41943040,256,1,0,0,0,0,NVIDIA A100-SXM4-80GB,400.0,55.724,142891378543,nvmlDeviceGetTotalEnergyConsumption available via CUDA PCI bus id 0000:00:06.0,142891322819,True,00000000:00:06.0,results/fp16_matmul_pjbit_a100_20260603_031033/raw/matmul_tensor_mma_f16acc_vs_tensor_baseline_rep000_baseline_c115c087/power.csv,[],80,65536,0,3,baseline,matmul_tensor_mma_f16acc_vs_tensor_baseline_rep000_baseline_c115c087,1780456478516193689,1780456477381969680,"['nvml_timed_energy_counter', 'explicit_m16n16k16_denominator', 'strict_denominator_provenance', 'tensor_no_memory_warpsync_baseline', 'timed_kernel_memory_provenance']",fp16-energy-bench-v2,49152,108,results/fp16_matmul_pjbit_a100_20260603_031033/raw/matmul_tensor_mma_f16acc_vs_tensor_baseline_rep000_baseline_c115c087/sm_util.csv,[],True,256,False,False,False,Tensor HMMA/register baseline uses register operands and consumes registers; no intended global memory operation in the timed kernel,8,unchecked; run Nsight Compute validation separately,2,False,fp16-energy-bench-v2,"nvml_timed_energy_counter,explicit_m16n16k16_denominator,strict_denominator_provenance,tensor_no_memory_warpsync_baseline,timed_kernel_memory_provenance",55.724,130.0234395693326,nvml_total_energy_counter,61.740850053871675,144.06283981657472,average_instant,144.56333333333333,nan,144.56333333333333,400.0,True,-6.0168500538716785,0.9025466923662097,3,1,1410.0,1410.0,1410.0,33.666666666666664,34.0,31.0,31.0,31.0,31.0,,,,,,,,,,,,
ga100,ampere,"A100/GA100 path uses warp-level HMMA m16n8k16 pairs; compare against H100/RTX3090 only with the same logical m16n16k16 workload, clock policy, and baseline subtraction",ce960f9677a1,results/fp16_matmul_pjbit_a100_20260603_031033/raw/matmul_tensor_mma_f16acc_vs_tensor_baseline_rep000_test_35bdc354/bench.json,False,864,8,none,8.0,matmul_tensor_mma_f16acc_vs_tensor_baseline,0,1474.67163086,,0,NVIDIA A100-SXM4-80GB,580.159.03,0,307.176745331,452984832000000,tensor_core_mma_m16n16k16_f16acc,benchmark uses warp-level HMMA mma.sync m16n8k16 pairs,datacenter,GPU-736f9b27-a462-1683-4dae-8866344ef6f4,1780456484084883618,1780456482610184704,1000000,tensor_mma_f16acc,41943040,256,1,0,0,0,0,NVIDIA A100-SXM4-80GB,400.0,266.717,142892273422,nvmlDeviceGetTotalEnergyConsumption available via CUDA PCI bus id 0000:00:06.0,142892006705,True,00000000:00:06.0,results/fp16_matmul_pjbit_a100_20260603_031033/raw/matmul_tensor_mma_f16acc_vs_tensor_baseline_rep000_test_35bdc354/power.csv,[],80,65536,0,1,test,matmul_tensor_mma_f16acc_vs_tensor_baseline_rep000_test_35bdc354,1780456484190753588,1780456479449118116,"['nvml_timed_energy_counter', 'explicit_m16n16k16_denominator', 'strict_denominator_provenance', 'tensor_no_memory_warpsync_baseline', 'timed_kernel_memory_provenance']",fp16-energy-bench-v2,49152,108,results/fp16_matmul_pjbit_a100_20260603_031033/raw/matmul_tensor_mma_f16acc_vs_tensor_baseline_rep000_test_35bdc354/sm_util.csv,[],True,256,False,False,False,Tensor HMMA/register baseline uses register operands and consumes registers; no intended global memory operation in the timed kernel,8,unchecked; run Nsight Compute validation separately,2,False,fp16-energy-bench-v2,"nvml_timed_energy_counter,explicit_m16n16k16_denominator,strict_denominator_provenance,tensor_no_memory_warpsync_baseline,timed_kernel_memory_provenance",266.717,180.86200340146178,nvml_total_energy_counter,261.79806228988116,177.52644950403834,average_instant,177.42545454545456,nan,177.42545454545456,400.0,True,4.918937710118826,1.0187890531621744,11,1,1410.0,1410.0,1410.0,37.90909090909091,38.0,100.0,100.0,100.0,100.0,4096,12288,8192,8192,2,16,55296000000,m16n16k16,16,16,4096,16384
ga100,ampere,"A100/GA100 path uses warp-level HMMA m16n8k16 pairs; compare against H100/RTX3090 only with the same logical m16n16k16 workload, clock policy, and baseline subtraction",ce960f9677a1,results/fp16_matmul_pjbit_a100_20260603_031033/raw/matmul_tensor_mma_f32acc_vs_tensor_baseline_rep000_baseline_7078b935/bench.json,False,864,8,none,8.0,matmul_tensor_mma_f32acc_vs_tensor_baseline,0,738.245605469,,0,NVIDIA A100-SXM4-80GB,580.159.03,0,0,0,baseline_or_memory,benchmark uses warp-level HMMA mma.sync m16n8k16 pairs,datacenter,GPU-736f9b27-a462-1683-4dae-8866344ef6f4,1780456485669370369,1780456484931102127,1000000,tensor_baseline_f32,41943040,256,1,0,0,0,0,NVIDIA A100-SXM4-80GB,400.0,129.675,142892482883,nvmlDeviceGetTotalEnergyConsumption available via CUDA PCI bus id 0000:00:06.0,142892353208,True,00000000:00:06.0,results/fp16_matmul_pjbit_a100_20260603_031033/raw/matmul_tensor_mma_f32acc_vs_tensor_baseline_rep000_baseline_7078b935/power.csv,[],80,65536,0,10,baseline,matmul_tensor_mma_f32acc_vs_tensor_baseline_rep000_baseline_7078b935,1780456485772244972,1780456484571851424,"['nvml_timed_energy_counter', 'explicit_m16n16k16_denominator', 'strict_denominator_provenance', 'tensor_no_memory_warpsync_baseline', 'timed_kernel_memory_provenance']",fp16-energy-bench-v2,49152,108,results/fp16_matmul_pjbit_a100_20260603_031033/raw/matmul_tensor_mma_f32acc_vs_tensor_baseline_rep000_baseline_7078b935/sm_util.csv,[],True,256,False,False,False,Tensor HMMA/register baseline uses register operands and consumes registers; no intended global memory operation in the timed kernel,8,unchecked; run Nsight Compute validation separately,2,False,fp16-energy-bench-v2,"nvml_timed_energy_counter,explicit_m16n16k16_denominator,strict_denominator_provenance,tensor_no_memory_warpsync_baseline,timed_kernel_memory_provenance",129.675,175.64753923141126,nvml_total_energy_counter,134.11770681175742,181.66527988313146,average_instant,183.09666666666666,nan,183.09666666666666,400.0,True,-4.442706811757404,0.966874569231988,6,1,1410.0,1410.0,1410.0,37.666666666666664,38.0,83.0,83.0,83.0,83.0,,,,,,,,,,,,
ga100,ampere,"A100/GA100 path uses warp-level HMMA m16n8k16 pairs; compare against H100/RTX3090 only with the same logical m16n16k16 workload, clock policy, and baseline subtraction",ce960f9677a1,results/fp16_matmul_pjbit_a100_20260603_031033/raw/matmul_tensor_mma_f32acc_vs_tensor_baseline_rep000_test_5e77298b/bench.json,False,864,8,none,8.0,matmul_tensor_mma_f32acc_vs_tensor_baseline,0,1543.92370605,,0,NVIDIA A100-SXM4-80GB,580.159.03,0,293.398456299,452984832000000,tensor_core_mma_m16n16k16_f32acc,benchmark uses warp-level HMMA mma.sync m16n8k16 pairs,datacenter,GPU-736f9b27-a462-1683-4dae-8866344ef6f4,1780456491492613971,1780456489948666662,1000000,tensor_mma_f32acc,41943040,256,1,0,0,0,0,NVIDIA A100-SXM4-80GB,400.0,278.323,142893447462,nvmlDeviceGetTotalEnergyConsumption available via CUDA PCI bus id 0000:00:06.0,142893169139,True,00000000:00:06.0,results/fp16_matmul_pjbit_a100_20260603_031033/raw/matmul_tensor_mma_f32acc_vs_tensor_baseline_rep000_test_5e77298b/power.csv,[],80,65536,0,1,test,matmul_tensor_mma_f32acc_vs_tensor_baseline_rep000_test_5e77298b,1780456491589766601,1780456486643844237,"['nvml_timed_energy_counter', 'explicit_m16n16k16_denominator', 'strict_denominator_provenance', 'tensor_no_memory_warpsync_baseline', 'timed_kernel_memory_provenance']",fp16-energy-bench-v2,49152,108,results/fp16_matmul_pjbit_a100_20260603_031033/raw/matmul_tensor_mma_f32acc_vs_tensor_baseline_rep000_test_5e77298b/sm_util.csv,[],True,256,False,False,False,Tensor HMMA/register baseline uses register operands and consumes registers; no intended global memory operation in the timed kernel,8,unchecked; run Nsight Compute validation separately,2,False,fp16-energy-bench-v2,"nvml_timed_energy_counter,explicit_m16n16k16_denominator,strict_denominator_provenance,tensor_no_memory_warpsync_baseline,timed_kernel_memory_provenance",278.323,180.2671622131115,nvml_total_energy_counter,282.18017115360567,182.7654153148342,average_instant,182.89,nan,182.89,400.0,True,-3.857171153605691,0.9863308214115937,12,1,1410.0,1410.0,1410.0,39.083333333333336,40.0,100.0,100.0,100.0,100.0,8192,16384,8192,8192,2,16,55296000000,m16n16k16,16,16,8192,24576
ga100,ampere,"A100/GA100 path uses warp-level HMMA m16n8k16 pairs; compare against H100/RTX3090 only with the same logical m16n16k16 workload, clock policy, and baseline subtraction",ce960f9677a1,results/fp16_matmul_pjbit_a100_20260603_031033/raw/matmul_tensor_mma_f16acc_vs_tensor_baseline_rep001_baseline_dbbfff2b/bench.json,False,864,8,none,8.0,matmul_tensor_mma_f16acc_vs_tensor_baseline,0,427.922424316,,0,NVIDIA A100-SXM4-80GB,580.159.03,0,0,0,baseline_or_memory,benchmark uses warp-level HMMA mma.sync m16n8k16 pairs,datacenter,GPU-736f9b27-a462-1683-4dae-8866344ef6f4,1780456493694540290,1780456493266587910,1000000,tensor_baseline_mov,41943040,256,1,0,0,0,0,NVIDIA A100-SXM4-80GB,400.0,56.757,142893679299,nvmlDeviceGetTotalEnergyConsumption available via CUDA PCI bus id 0000:00:06.0,142893622542,True,00000000:00:06.0,results/fp16_matmul_pjbit_a100_20260603_031033/raw/matmul_tensor_mma_f16acc_vs_tensor_baseline_rep001_baseline_dbbfff2b/power.csv,[],80,65536,1,3,baseline,matmul_tensor_mma_f16acc_vs_tensor_baseline_rep001_baseline_dbbfff2b,1780456493800824155,1780456492771390093,"['nvml_timed_energy_counter', 'explicit_m16n16k16_denominator', 'strict_denominator_provenance', 'tensor_no_memory_warpsync_baseline', 'timed_kernel_memory_provenance']",fp16-energy-bench-v2,49152,108,results/fp16_matmul_pjbit_a100_20260603_031033/raw/matmul_tensor_mma_f16acc_vs_tensor_baseline_rep001_baseline_dbbfff2b/sm_util.csv,"[""Unexpected nvidia-smi dmon output: '0'""]",True,256,False,False,False,Tensor HMMA/register baseline uses register operands and consumes registers; no intended global memory operation in the timed kernel,8,unchecked; run Nsight Compute validation separately,2,False,fp16-energy-bench-v2,"nvml_timed_energy_counter,explicit_m16n16k16_denominator,strict_denominator_provenance,tensor_no_memory_warpsync_baseline,timed_kernel_memory_provenance",56.757,132.62456911677882,nvml_total_energy_counter,60.710763887831845,141.8633631336081,average_instant,142.36333333333332,nan,142.36333333333332,400.0,True,-3.9537638878318475,0.9348754053706728,3,0,1410.0,1410.0,1410.0,36.0,36.0,100.0,100.0,nan,nan,,,,,,,,,,,,
ga100,ampere,"A100/GA100 path uses warp-level HMMA m16n8k16 pairs; compare against H100/RTX3090 only with the same logical m16n16k16 workload, clock policy, and baseline subtraction",ce960f9677a1,results/fp16_matmul_pjbit_a100_20260603_031033/raw/matmul_tensor_mma_f16acc_vs_tensor_baseline_rep001_test_ebacfcf7/bench.json,False,864,8,none,8.0,matmul_tensor_mma_f16acc_vs_tensor_baseline,0,1475.54199219,,0,NVIDIA A100-SXM4-80GB,580.159.03,0,306.995554446,452984832000000,tensor_core_mma_m16n16k16_f16acc,benchmark uses warp-level HMMA mma.sync m16n8k16 pairs,datacenter,GPU-736f9b27-a462-1683-4dae-8866344ef6f4,1780456499508325107,1780456498032739668,1000000,tensor_mma_f16acc,41943040,256,1,0,0,0,0,NVIDIA A100-SXM4-80GB,400.0,267.954,142894585068,nvmlDeviceGetTotalEnergyConsumption available via CUDA PCI bus id 0000:00:06.0,142894317114,True,00000000:00:06.0,results/fp16_matmul_pjbit_a100_20260603_031033/raw/matmul_tensor_mma_f16acc_vs_tensor_baseline_rep001_test_ebacfcf7/power.csv,[],80,65536,1,1,test,matmul_tensor_mma_f16acc_vs_tensor_baseline_rep001_test_ebacfcf7,1780456499650557543,1780456494871419560,"['nvml_timed_energy_counter', 'explicit_m16n16k16_denominator', 'strict_denominator_provenance', 'tensor_no_memory_warpsync_baseline', 'timed_kernel_memory_provenance']",fp16-energy-bench-v2,49152,108,results/fp16_matmul_pjbit_a100_20260603_031033/raw/matmul_tensor_mma_f16acc_vs_tensor_baseline_rep001_test_ebacfcf7/sm_util.csv,[],True,256,False,False,False,Tensor HMMA/register baseline uses register operands and consumes registers; no intended global memory operation in the timed kernel,8,unchecked; run Nsight Compute validation separately,2,False,fp16-energy-bench-v2,"nvml_timed_energy_counter,explicit_m16n16k16_denominator,strict_denominator_provenance,tensor_no_memory_warpsync_baseline,timed_kernel_memory_provenance",267.954,181.5916536704182,nvml_total_energy_counter,262.6514967080575,177.99816246903038,average_instant,177.57916666666665,nan,177.57916666666665,400.0,True,5.302503291942514,1.0201883612254317,12,1,1410.0,1410.0,1410.0,39.0,39.0,99.33333333333333,100.0,100.0,100.0,4096,12288,8192,8192,2,16,55296000000,m16n16k16,16,16,4096,16384
ga100,ampere,"A100/GA100 path uses warp-level HMMA m16n8k16 pairs; compare against H100/RTX3090 only with the same logical m16n16k16 workload, clock policy, and baseline subtraction",ce960f9677a1,results/fp16_matmul_pjbit_a100_20260603_031033/raw/matmul_tensor_mma_f32acc_vs_tensor_baseline_rep001_baseline_769dac0a/bench.json,False,864,8,none,8.0,matmul_tensor_mma_f32acc_vs_tensor_baseline,0,738.681884766,,0,NVIDIA A100-SXM4-80GB,580.159.03,0,0,0,baseline_or_memory,benchmark uses warp-level HMMA mma.sync m16n8k16 pairs,datacenter,GPU-736f9b27-a462-1683-4dae-8866344ef6f4,1780456501085668118,1780456500346956347,1000000,tensor_baseline_f32,41943040,256,1,0,0,0,0,NVIDIA A100-SXM4-80GB,400.0,148.707,142894815123,nvmlDeviceGetTotalEnergyConsumption available via CUDA PCI bus id 0000:00:06.0,142894666416,True,00000000:00:06.0,results/fp16_matmul_pjbit_a100_20260603_031033/raw/matmul_tensor_mma_f32acc_vs_tensor_baseline_rep001_baseline_769dac0a/power.csv,[],80,65536,1,10,baseline,matmul_tensor_mma_f32acc_vs_tensor_baseline_rep001_baseline_769dac0a,1780456501185206424,1780456499983440099,"['nvml_timed_energy_counter', 'explicit_m16n16k16_denominator', 'strict_denominator_provenance', 'tensor_no_memory_warpsync_baseline', 'timed_kernel_memory_provenance']",fp16-energy-bench-v2,49152,108,results/fp16_matmul_pjbit_a100_20260603_031033/raw/matmul_tensor_mma_f32acc_vs_tensor_baseline_rep001_baseline_769dac0a/sm_util.csv,[],True,256,False,False,False,Tensor HMMA/register baseline uses register operands and consumes registers; no intended global memory operation in the timed kernel,8,unchecked; run Nsight Compute validation separately,2,False,fp16-energy-bench-v2,"nvml_timed_energy_counter,explicit_m16n16k16_denominator,strict_denominator_provenance,tensor_no_memory_warpsync_baseline,timed_kernel_memory_provenance",148.707,201.30584869210105,nvml_total_energy_counter,134.28923292532147,181.78840272645593,average_instant,182.61,nan,182.61,400.0,True,14.417767074678522,1.1073635373484951,6,1,1410.0,1410.0,1410.0,39.0,40.0,19.0,19.0,19.0,19.0,,,,,,,,,,,,
ga100,ampere,"A100/GA100 path uses warp-level HMMA m16n8k16 pairs; compare against H100/RTX3090 only with the same logical m16n16k16 workload, clock policy, and baseline subtraction",ce960f9677a1,results/fp16_matmul_pjbit_a100_20260603_031033/raw/matmul_tensor_mma_f32acc_vs_tensor_baseline_rep001_test_78703aa7/bench.json,False,864,8,none,8.0,matmul_tensor_mma_f32acc_vs_tensor_baseline,0,1544.11621094,,0,NVIDIA A100-SXM4-80GB,580.159.03,0,293.36187833,452984832000000,tensor_core_mma_m16n16k16_f32acc,benchmark uses warp-level HMMA mma.sync m16n8k16 pairs,datacenter,GPU-736f9b27-a462-1683-4dae-8866344ef6f4,1780456506916612460,1780456505372472640,1000000,tensor_mma_f32acc,41943040,256,1,0,0,0,0,NVIDIA A100-SXM4-80GB,400.0,289.688,142895761397,nvmlDeviceGetTotalEnergyConsumption available via CUDA PCI bus id 0000:00:06.0,142895471709,True,00000000:00:06.0,results/fp16_matmul_pjbit_a100_20260603_031033/raw/matmul_tensor_mma_f32acc_vs_tensor_baseline_rep001_test_78703aa7/power.csv,[],80,65536,1,1,test,matmul_tensor_mma_f32acc_vs_tensor_baseline_rep001_test_78703aa7,1780456507022625171,1780456502072451664,"['nvml_timed_energy_counter', 'explicit_m16n16k16_denominator', 'strict_denominator_provenance', 'tensor_no_memory_warpsync_baseline', 'timed_kernel_memory_provenance']",fp16-energy-bench-v2,49152,108,results/fp16_matmul_pjbit_a100_20260603_031033/raw/matmul_tensor_mma_f32acc_vs_tensor_baseline_rep001_test_78703aa7/sm_util.csv,[],True,256,False,False,False,Tensor HMMA/register baseline uses register operands and consumes registers; no intended global memory operation in the timed kernel,8,unchecked; run Nsight Compute validation separately,2,False,fp16-energy-bench-v2,"nvml_timed_energy_counter,explicit_m16n16k16_denominator,strict_denominator_provenance,tensor_no_memory_warpsync_baseline,timed_kernel_memory_provenance",289.688,187.60477273359868,nvml_total_energy_counter,280.8733659218348,181.89632977785317,average_instant,181.43,nan,181.43,400.0,True,8.81463407816517,1.0313829474333933,11,1,1410.0,1410.0,1410.0,40.0,40.0,99.36363636363636,100.0,99.0,99.0,8192,16384,8192,8192,2,16,55296000000,m16n16k16,16,16,8192,24576
ga100,ampere,"A100/GA100 path uses warp-level HMMA m16n8k16 pairs; compare against H100/RTX3090 only with the same logical m16n16k16 workload, clock policy, and baseline subtraction",ce960f9677a1,results/fp16_matmul_pjbit_a100_20260603_031033/raw/matmul_tensor_mma_f16acc_vs_tensor_baseline_rep002_baseline_16e2a6cd/bench.json,False,864,8,none,8.0,matmul_tensor_mma_f16acc_vs_tensor_baseline,0,427.902984619,,0,NVIDIA A100-SXM4-80GB,580.159.03,0,0,0,baseline_or_memory,benchmark uses warp-level HMMA mma.sync m16n8k16 pairs,datacenter,GPU-736f9b27-a462-1683-4dae-8866344ef6f4,1780456509103382769,1780456508675451406,1000000,tensor_baseline_mov,41943040,256,1,0,0,0,0,NVIDIA A100-SXM4-80GB,400.0,55.029,142895973524,nvmlDeviceGetTotalEnergyConsumption available via CUDA PCI bus id 0000:00:06.0,142895918495,True,00000000:00:06.0,results/fp16_matmul_pjbit_a100_20260603_031033/raw/matmul_tensor_mma_f16acc_vs_tensor_baseline_rep002_baseline_16e2a6cd/power.csv,[],80,65536,2,3,baseline,matmul_tensor_mma_f16acc_vs_tensor_baseline_rep002_baseline_16e2a6cd,1780456509222113699,1780456508178878087,"['nvml_timed_energy_counter', 'explicit_m16n16k16_denominator', 'strict_denominator_provenance', 'tensor_no_memory_warpsync_baseline', 'timed_kernel_memory_provenance']",fp16-energy-bench-v2,49152,108,results/fp16_matmul_pjbit_a100_20260603_031033/raw/matmul_tensor_mma_f16acc_vs_tensor_baseline_rep002_baseline_16e2a6cd/sm_util.csv,"[""Unexpected nvidia-smi dmon output: '0'""]",True,256,False,False,False,Tensor HMMA/register baseline uses register operands and consumes registers; no intended global memory operation in the timed kernel,8,unchecked; run Nsight Compute validation separately,2,False,fp16-energy-bench-v2,"nvml_timed_energy_counter,explicit_m16n16k16_denominator,strict_denominator_provenance,tensor_no_memory_warpsync_baseline,timed_kernel_memory_provenance",55.029,128.59305196567237,nvml_total_energy_counter,60.878109430552136,142.2613874425281,average_instant,141.95666666666668,nan,141.95666666666668,400.0,True,-5.849109430552133,0.9039209744641525,3,0,1410.0,1410.0,1410.0,37.0,37.0,47.0,47.0,nan,nan,,,,,,,,,,,,
ga100,ampere,"A100/GA100 path uses warp-level HMMA m16n8k16 pairs; compare against H100/RTX3090 only with the same logical m16n16k16 workload, clock policy, and baseline subtraction",ce960f9677a1,results/fp16_matmul_pjbit_a100_20260603_031033/raw/matmul_tensor_mma_f16acc_vs_tensor_baseline_rep002_test_547a74eb/bench.json,False,864,8,none,8.0,matmul_tensor_mma_f16acc_vs_tensor_baseline,0,1474.47094727,,0,NVIDIA A100-SXM4-80GB,580.159.03,0,307.218553774,452984832000000,tensor_core_mma_m16n16k16_f16acc,benchmark uses warp-level HMMA mma.sync m16n8k16 pairs,datacenter,GPU-736f9b27-a462-1683-4dae-8866344ef6f4,1780456514875857418,1780456513401359093,1000000,tensor_mma_f16acc,41943040,256,1,0,0,0,0,NVIDIA A100-SXM4-80GB,400.0,259.117,142896866946,nvmlDeviceGetTotalEnergyConsumption available via CUDA PCI bus id 0000:00:06.0,142896607829,True,00000000:00:06.0,results/fp16_matmul_pjbit_a100_20260603_031033/raw/matmul_tensor_mma_f16acc_vs_tensor_baseline_rep002_test_547a74eb/power.csv,[],80,65536,2,1,test,matmul_tensor_mma_f16acc_vs_tensor_baseline_rep002_test_547a74eb,1780456514984853077,1780456510242176301,"['nvml_timed_energy_counter', 'explicit_m16n16k16_denominator', 'strict_denominator_provenance', 'tensor_no_memory_warpsync_baseline', 'timed_kernel_memory_provenance']",fp16-energy-bench-v2,49152,108,results/fp16_matmul_pjbit_a100_20260603_031033/raw/matmul_tensor_mma_f16acc_vs_tensor_baseline_rep002_test_547a74eb/sm_util.csv,[],True,256,False,False,False,Tensor HMMA/register baseline uses register operands and consumes registers; no intended global memory operation in the timed kernel,8,unchecked; run Nsight Compute validation separately,2,False,fp16-energy-bench-v2,"nvml_timed_energy_counter,explicit_m16n16k16_denominator,strict_denominator_provenance,tensor_no_memory_warpsync_baseline,timed_kernel_memory_provenance",259.117,175.73231220862866,nvml_total_energy_counter,254.11463601245995,172.3397251146148,average_instant,172.2275,nan,172.2275,400.0,True,5.002363987540065,1.0196854619082028,12,1,1410.0,1410.0,1410.0,39.833333333333336,40.0,100.0,100.0,100.0,100.0,4096,12288,8192,8192,2,16,55296000000,m16n16k16,16,16,4096,16384
ga100,ampere,"A100/GA100 path uses warp-level HMMA m16n8k16 pairs; compare against H100/RTX3090 only with the same logical m16n16k16 workload, clock policy, and baseline subtraction",ce960f9677a1,results/fp16_matmul_pjbit_a100_20260603_031033/raw/matmul_tensor_mma_f32acc_vs_tensor_baseline_rep002_baseline_ae096fb6/bench.json,False,864,8,none,8.0,matmul_tensor_mma_f32acc_vs_tensor_baseline,0,738.198547363,,0,NVIDIA A100-SXM4-80GB,580.159.03,0,0,0,baseline_or_memory,benchmark uses warp-level HMMA mma.sync m16n8k16 pairs,datacenter,GPU-736f9b27-a462-1683-4dae-8866344ef6f4,1780456516453212018,1780456515714975399,1000000,tensor_baseline_f32,41943040,256,1,0,0,0,0,NVIDIA A100-SXM4-80GB,400.0,125.884,142897071778,nvmlDeviceGetTotalEnergyConsumption available via CUDA PCI bus id 0000:00:06.0,142896945894,True,00000000:00:06.0,results/fp16_matmul_pjbit_a100_20260603_031033/raw/matmul_tensor_mma_f32acc_vs_tensor_baseline_rep002_baseline_ae096fb6/power.csv,[],80,65536,2,10,baseline,matmul_tensor_mma_f32acc_vs_tensor_baseline_rep002_baseline_ae096fb6,1780456516559828040,1780456515355783646,"['nvml_timed_energy_counter', 'explicit_m16n16k16_denominator', 'strict_denominator_provenance', 'tensor_no_memory_warpsync_baseline', 'timed_kernel_memory_provenance']",fp16-energy-bench-v2,49152,108,results/fp16_matmul_pjbit_a100_20260603_031033/raw/matmul_tensor_mma_f32acc_vs_tensor_baseline_rep002_baseline_ae096fb6/sm_util.csv,"[""Unexpected nvidia-smi dmon output: '0'""]",True,256,False,False,False,Tensor HMMA/register baseline uses register operands and consumes registers; no intended global memory operation in the timed kernel,8,unchecked; run Nsight Compute validation separately,2,False,fp16-energy-bench-v2,"nvml_timed_energy_counter,explicit_m16n16k16_denominator,strict_denominator_provenance,tensor_no_memory_warpsync_baseline,timed_kernel_memory_provenance",125.884,170.51985333715882,nvml_total_energy_counter,130.83264721768506,177.22318813567964,average_instant,178.48666666666668,nan,178.48666666666668,400.0,True,-4.948647217685064,0.9621757464751799,6,1,1410.0,1410.0,1410.0,39.5,40.0,84.66666666666667,100.0,77.0,77.0,,,,,,,,,,,,
ga100,ampere,"A100/GA100 path uses warp-level HMMA m16n8k16 pairs; compare against H100/RTX3090 only with the same logical m16n16k16 workload, clock policy, and baseline subtraction",ce960f9677a1,results/fp16_matmul_pjbit_a100_20260603_031033/raw/matmul_tensor_mma_f32acc_vs_tensor_baseline_rep002_test_f5c5f1d4/bench.json,False,864,8,none,8.0,matmul_tensor_mma_f32acc_vs_tensor_baseline,0,1544.02307129,,0,NVIDIA A100-SXM4-80GB,580.159.03,0,293.379574712,452984832000000,tensor_core_mma_m16n16k16_f32acc,benchmark uses warp-level HMMA mma.sync m16n8k16 pairs,datacenter,GPU-736f9b27-a462-1683-4dae-8866344ef6f4,1780456522282242758,1780456520738194724,1000000,tensor_mma_f32acc,41943040,256,1,0,0,0,0,NVIDIA A100-SXM4-80GB,400.0,272.928,142898010630,nvmlDeviceGetTotalEnergyConsumption available via CUDA PCI bus id 0000:00:06.0,142897737702,True,00000000:00:06.0,results/fp16_matmul_pjbit_a100_20260603_031033/raw/matmul_tensor_mma_f32acc_vs_tensor_baseline_rep002_test_f5c5f1d4/power.csv,[],80,65536,2,1,test,matmul_tensor_mma_f32acc_vs_tensor_baseline_rep002_test_f5c5f1d4,1780456522383453466,1780456517432312812,"['nvml_timed_energy_counter', 'explicit_m16n16k16_denominator', 'strict_denominator_provenance', 'tensor_no_memory_warpsync_baseline', 'timed_kernel_memory_provenance']",fp16-energy-bench-v2,49152,108,results/fp16_matmul_pjbit_a100_20260603_031033/raw/matmul_tensor_mma_f32acc_vs_tensor_baseline_rep002_test_f5c5f1d4/sm_util.csv,[],True,256,False,False,False,Tensor HMMA/register baseline uses register operands and consumes registers; no intended global memory operation in the timed kernel,8,unchecked; run Nsight Compute validation separately,2,False,fp16-energy-bench-v2,"nvml_timed_energy_counter,explicit_m16n16k16_denominator,strict_denominator_provenance,tensor_no_memory_warpsync_baseline,timed_kernel_memory_provenance",272.928,176.7613403146239,nvml_total_energy_counter,278.91928874348116,180.64158795689457,average_instant,180.82083333333333,nan,180.82083333333333,400.0,True,-5.991288743481164,0.9785196327924409,12,1,1410.0,1410.0,1410.0,40.583333333333336,41.0,100.0,100.0,100.0,100.0,8192,16384,8192,8192,2,16,55296000000,m16n16k16,16,16,8192,24576
ga100,ampere,"A100/GA100 path uses warp-level HMMA m16n8k16 pairs; compare against H100/RTX3090 only with the same logical m16n16k16 workload, clock policy, and baseline subtraction",ce960f9677a1,results/fp16_matmul_pjbit_a100_20260603_031033/raw/matmul_tensor_mma_f16acc_vs_tensor_baseline_rep003_baseline_9c5fd7dc/bench.json,False,864,8,none,8.0,matmul_tensor_mma_f16acc_vs_tensor_baseline,0,428.076019287,,0,NVIDIA A100-SXM4-80GB,580.159.03,0,0,0,baseline_or_memory,benchmark uses warp-level HMMA mma.sync m16n8k16 pairs,datacenter,GPU-736f9b27-a462-1683-4dae-8866344ef6f4,1780456523497785137,1780456523069681515,1000000,tensor_baseline_mov,41943040,256,1,0,0,0,0,NVIDIA A100-SXM4-80GB,400.0,55.097,142898155110,nvmlDeviceGetTotalEnergyConsumption available via CUDA PCI bus id 0000:00:06.0,142898100013,True,00000000:00:06.0,results/fp16_matmul_pjbit_a100_20260603_031033/raw/matmul_tensor_mma_f16acc_vs_tensor_baseline_rep003_baseline_9c5fd7dc/power.csv,[],80,65536,3,3,baseline,matmul_tensor_mma_f16acc_vs_tensor_baseline_rep003_baseline_9c5fd7dc,1780456523603304401,1780456522527571076,"['nvml_timed_energy_counter', 'explicit_m16n16k16_denominator', 'strict_denominator_provenance', 'tensor_no_memory_warpsync_baseline', 'timed_kernel_memory_provenance']",fp16-energy-bench-v2,49152,108,results/fp16_matmul_pjbit_a100_20260603_031033/raw/matmul_tensor_mma_f16acc_vs_tensor_baseline_rep003_baseline_9c5fd7dc/sm_util.csv,"[""Unexpected nvidia-smi dmon output: '0'""]",True,256,False,False,False,Tensor HMMA/register baseline uses register operands and consumes registers; no intended global memory operation in the timed kernel,8,unchecked; run Nsight Compute validation separately,2,False,fp16-energy-bench-v2,"nvml_timed_energy_counter,explicit_m16n16k16_denominator,strict_denominator_provenance,tensor_no_memory_warpsync_baseline,timed_kernel_memory_provenance",55.097,128.70014914286335,nvml_total_energy_counter,56.98408948343215,133.1081695062887,average_instant,135.85666666666665,nan,135.85666666666665,400.0,True,-1.887089483432149,0.9668839232049007,3,1,1410.0,1410.0,1410.0,38.0,38.0,2.0,2.0,2.0,2.0,,,,,,,,,,,,
ga100,ampere,"A100/GA100 path uses warp-level HMMA m16n8k16 pairs; compare against H100/RTX3090 only with the same logical m16n16k16 workload, clock policy, and baseline subtraction",ce960f9677a1,results/fp16_matmul_pjbit_a100_20260603_031033/raw/matmul_tensor_mma_f16acc_vs_tensor_baseline_rep003_test_1def9c06/bench.json,False,864,8,none,8.0,matmul_tensor_mma_f16acc_vs_tensor_baseline,0,1474.34289551,,0,NVIDIA A100-SXM4-80GB,580.159.03,0,307.245236763,452984832000000,tensor_core_mma_m16n16k16_f16acc,benchmark uses warp-level HMMA mma.sync m16n8k16 pairs,datacenter,GPU-736f9b27-a462-1683-4dae-8866344ef6f4,1780456529256979067,1780456527782610488,1000000,tensor_mma_f16acc,41943040,256,1,0,0,0,0,NVIDIA A100-SXM4-80GB,400.0,259.508,142899037357,nvmlDeviceGetTotalEnergyConsumption available via CUDA PCI bus id 0000:00:06.0,142898777849,True,00000000:00:06.0,results/fp16_matmul_pjbit_a100_20260603_031033/raw/matmul_tensor_mma_f16acc_vs_tensor_baseline_rep003_test_1def9c06/power.csv,[],80,65536,3,1,test,matmul_tensor_mma_f16acc_vs_tensor_baseline_rep003_test_1def9c06,1780456529351490871,1780456524623663460,"['nvml_timed_energy_counter', 'explicit_m16n16k16_denominator', 'strict_denominator_provenance', 'tensor_no_memory_warpsync_baseline', 'timed_kernel_memory_provenance']",fp16-energy-bench-v2,49152,108,results/fp16_matmul_pjbit_a100_20260603_031033/raw/matmul_tensor_mma_f16acc_vs_tensor_baseline_rep003_test_1def9c06/sm_util.csv,[],True,256,False,False,False,Tensor HMMA/register baseline uses register operands and consumes registers; no intended global memory operation in the timed kernel,8,unchecked; run Nsight Compute validation separately,2,False,fp16-energy-bench-v2,"nvml_timed_energy_counter,explicit_m16n16k16_denominator,strict_denominator_provenance,tensor_no_memory_warpsync_baseline,timed_kernel_memory_provenance",259.508,176.01297511102206,nvml_total_energy_counter,254.3779525702854,172.53348734738967,average_instant,172.40818181818182,nan,172.40818181818182,400.0,True,5.13004742971458,1.020167028541112,11,1,1410.0,1410.0,1410.0,40.0,40.0,100.0,100.0,100.0,100.0,4096,12288,8192,8192,2,16,55296000000,m16n16k16,16,16,4096,16384
ga100,ampere,"A100/GA100 path uses warp-level HMMA m16n8k16 pairs; compare against H100/RTX3090 only with the same logical m16n16k16 workload, clock policy, and baseline subtraction",ce960f9677a1,results/fp16_matmul_pjbit_a100_20260603_031033/raw/matmul_tensor_mma_f32acc_vs_tensor_baseline_rep003_baseline_807f047c/bench.json,False,864,8,none,8.0,matmul_tensor_mma_f32acc_vs_tensor_baseline,0,738.026489258,,0,NVIDIA A100-SXM4-80GB,580.159.03,0,0,0,baseline_or_memory,benchmark uses warp-level HMMA mma.sync m16n8k16 pairs,datacenter,GPU-736f9b27-a462-1683-4dae-8866344ef6f4,1780456530829749348,1780456530091698052,1000000,tensor_baseline_f32,41943040,256,1,0,0,0,0,NVIDIA A100-SXM4-80GB,400.0,125.619,142899242537,nvmlDeviceGetTotalEnergyConsumption available via CUDA PCI bus id 0000:00:06.0,142899116918,True,00000000:00:06.0,results/fp16_matmul_pjbit_a100_20260603_031033/raw/matmul_tensor_mma_f32acc_vs_tensor_baseline_rep003_baseline_807f047c/power.csv,[],80,65536,3,10,baseline,matmul_tensor_mma_f32acc_vs_tensor_baseline_rep003_baseline_807f047c,1780456530926379052,1780456529733233124,"['nvml_timed_energy_counter', 'explicit_m16n16k16_denominator', 'strict_denominator_provenance', 'tensor_no_memory_warpsync_baseline', 'timed_kernel_memory_provenance']",fp16-energy-bench-v2,49152,108,results/fp16_matmul_pjbit_a100_20260603_031033/raw/matmul_tensor_mma_f32acc_vs_tensor_baseline_rep003_baseline_807f047c/sm_util.csv,[],True,256,False,False,False,Tensor HMMA/register baseline uses register operands and consumes registers; no intended global memory operation in the timed kernel,8,unchecked; run Nsight Compute validation separately,2,False,fp16-energy-bench-v2,"nvml_timed_energy_counter,explicit_m16n16k16_denominator,strict_denominator_provenance,tensor_no_memory_warpsync_baseline,timed_kernel_memory_provenance",125.619,170.20361684995945,nvml_total_energy_counter,130.52584256770646,176.85199291040396,average_instant,178.135,nan,178.135,400.0,True,-4.906842567706462,0.9624071182290114,6,1,1410.0,1410.0,1410.0,39.833333333333336,40.0,32.0,32.0,32.0,32.0,,,,,,,,,,,,
ga100,ampere,"A100/GA100 path uses warp-level HMMA m16n8k16 pairs; compare against H100/RTX3090 only with the same logical m16n16k16 workload, clock policy, and baseline subtraction",ce960f9677a1,results/fp16_matmul_pjbit_a100_20260603_031033/raw/matmul_tensor_mma_f32acc_vs_tensor_baseline_rep003_test_59a11343/bench.json,False,864,8,none,8.0,matmul_tensor_mma_f32acc_vs_tensor_baseline,0,1543.71179199,,0,NVIDIA A100-SXM4-80GB,580.159.03,0,293.438732767,452984832000000,tensor_core_mma_m16n16k16_f32acc,benchmark uses warp-level HMMA mma.sync m16n8k16 pairs,datacenter,GPU-736f9b27-a462-1683-4dae-8866344ef6f4,1780456536649814687,1780456535106077464,1000000,tensor_mma_f32acc,41943040,256,1,0,0,0,0,NVIDIA A100-SXM4-80GB,400.0,273.118,142900183143,nvmlDeviceGetTotalEnergyConsumption available via CUDA PCI bus id 0000:00:06.0,142899910025,True,00000000:00:06.0,results/fp16_matmul_pjbit_a100_20260603_031033/raw/matmul_tensor_mma_f32acc_vs_tensor_baseline_rep003_test_59a11343/power.csv,[],80,65536,3,1,test,matmul_tensor_mma_f32acc_vs_tensor_baseline_rep003_test_59a11343,1780456536756117428,1780456531805927966,"['nvml_timed_energy_counter', 'explicit_m16n16k16_denominator', 'strict_denominator_provenance', 'tensor_no_memory_warpsync_baseline', 'timed_kernel_memory_provenance']",fp16-energy-bench-v2,49152,108,results/fp16_matmul_pjbit_a100_20260603_031033/raw/matmul_tensor_mma_f32acc_vs_tensor_baseline_rep003_test_59a11343/sm_util.csv,[],True,256,False,False,False,Tensor HMMA/register baseline uses register operands and consumes registers; no intended global memory operation in the timed kernel,8,unchecked; run Nsight Compute validation separately,2,False,fp16-energy-bench-v2,"nvml_timed_energy_counter,explicit_m16n16k16_denominator,strict_denominator_provenance,tensor_no_memory_warpsync_baseline,timed_kernel_memory_provenance",273.118,176.92000680610653,nvml_total_energy_counter,277.4912269574709,179.75288982033626,average_instant,179.73666666666668,nan,179.73666666666668,400.0,True,-4.373226957470877,0.9842401253350574,12,1,1410.0,1410.0,1410.0,41.0,41.0,100.0,100.0,100.0,100.0,8192,16384,8192,8192,2,16,55296000000,m16n16k16,16,16,8192,24576
ga100,ampere,"A100/GA100 path uses warp-level HMMA m16n8k16 pairs; compare against H100/RTX3090 only with the same logical m16n16k16 workload, clock policy, and baseline subtraction",ce960f9677a1,results/fp16_matmul_pjbit_a100_20260603_031033/raw/matmul_tensor_mma_f16acc_vs_tensor_baseline_rep004_baseline_8fa1af3e/bench.json,False,864,8,none,8.0,matmul_tensor_mma_f16acc_vs_tensor_baseline,0,427.831298828,,0,NVIDIA A100-SXM4-80GB,580.159.03,0,0,0,baseline_or_memory,benchmark uses warp-level HMMA mma.sync m16n8k16 pairs,datacenter,GPU-736f9b27-a462-1683-4dae-8866344ef6f4,1780456538821237949,1780456538393378901,1000000,tensor_baseline_mov,41943040,256,1,0,0,0,0,NVIDIA A100-SXM4-80GB,400.0,55.437,142900413778,nvmlDeviceGetTotalEnergyConsumption available via CUDA PCI bus id 0000:00:06.0,142900358341,True,00000000:00:06.0,results/fp16_matmul_pjbit_a100_20260603_031033/raw/matmul_tensor_mma_f16acc_vs_tensor_baseline_rep004_baseline_8fa1af3e/power.csv,[],80,65536,4,3,baseline,matmul_tensor_mma_f16acc_vs_tensor_baseline_rep004_baseline_8fa1af3e,1780456538925884256,1780456537896451760,"['nvml_timed_energy_counter', 'explicit_m16n16k16_denominator', 'strict_denominator_provenance', 'tensor_no_memory_warpsync_baseline', 'timed_kernel_memory_provenance']",fp16-energy-bench-v2,49152,108,results/fp16_matmul_pjbit_a100_20260603_031033/raw/matmul_tensor_mma_f16acc_vs_tensor_baseline_rep004_baseline_8fa1af3e/sm_util.csv,"[""Unexpected nvidia-smi dmon output: '0'""]",True,256,False,False,False,Tensor HMMA/register baseline uses register operands and consumes registers; no intended global memory operation in the timed kernel,8,unchecked; run Nsight Compute validation separately,2,False,fp16-energy-bench-v2,"nvml_timed_energy_counter,explicit_m16n16k16_denominator,strict_denominator_provenance,tensor_no_memory_warpsync_baseline,timed_kernel_memory_provenance",55.437,129.56837131091825,nvml_total_energy_counter,57.41106216691992,134.18218554751684,average_instant,131.4,nan,131.4,400.0,True,-1.9740621669199214,0.9656152996929332,3,0,1410.0,1410.0,1410.0,37.666666666666664,38.0,73.0,73.0,nan,nan,,,,,,,,,,,,
ga100,ampere,"A100/GA100 path uses warp-level HMMA m16n8k16 pairs; compare against H100/RTX3090 only with the same logical m16n16k16 workload, clock policy, and baseline subtraction",ce960f9677a1,results/fp16_matmul_pjbit_a100_20260603_031033/raw/matmul_tensor_mma_f16acc_vs_tensor_baseline_rep004_test_19d54065/bench.json,False,864,8,none,8.0,matmul_tensor_mma_f16acc_vs_tensor_baseline,0,1474.04797363,,0,NVIDIA A100-SXM4-80GB,580.159.03,0,307.306709214,452984832000000,tensor_core_mma_m16n16k16_f16acc,benchmark uses warp-level HMMA mma.sync m16n8k16 pairs,datacenter,GPU-736f9b27-a462-1683-4dae-8866344ef6f4,1780456544591482883,1780456543117401053,1000000,tensor_mma_f16acc,41943040,256,1,0,0,0,0,NVIDIA A100-SXM4-80GB,400.0,242.715,142901280000,nvmlDeviceGetTotalEnergyConsumption available via CUDA PCI bus id 0000:00:06.0,142901037285,True,00000000:00:06.0,results/fp16_matmul_pjbit_a100_20260603_031033/raw/matmul_tensor_mma_f16acc_vs_tensor_baseline_rep004_test_19d54065/power.csv,[],80,65536,4,1,test,matmul_tensor_mma_f16acc_vs_tensor_baseline_rep004_test_19d54065,1780456544699574058,1780456539961281169,"['nvml_timed_energy_counter', 'explicit_m16n16k16_denominator', 'strict_denominator_provenance', 'tensor_no_memory_warpsync_baseline', 'timed_kernel_memory_provenance']",fp16-energy-bench-v2,49152,108,results/fp16_matmul_pjbit_a100_20260603_031033/raw/matmul_tensor_mma_f16acc_vs_tensor_baseline_rep004_test_19d54065/sm_util.csv,[],True,256,False,False,False,Tensor HMMA/register baseline uses register operands and consumes registers; no intended global memory operation in the timed kernel,8,unchecked; run Nsight Compute validation separately,2,False,fp16-energy-bench-v2,"nvml_timed_energy_counter,explicit_m16n16k16_denominator,strict_denominator_provenance,tensor_no_memory_warpsync_baseline,timed_kernel_memory_provenance",242.715,164.65503818061444,nvml_total_energy_counter,253.24575634294172,171.79898102600023,average_instant,170.97833333333332,nan,170.97833333333332,400.0,True,-10.530756342941714,0.9584168497233133,12,1,1410.0,1410.0,1410.0,40.0,40.0,100.0,100.0,100.0,100.0,4096,12288,8192,8192,2,16,55296000000,m16n16k16,16,16,4096,16384
ga100,ampere,"A100/GA100 path uses warp-level HMMA m16n8k16 pairs; compare against H100/RTX3090 only with the same logical m16n16k16 workload, clock policy, and baseline subtraction",ce960f9677a1,results/fp16_matmul_pjbit_a100_20260603_031033/raw/matmul_tensor_mma_f32acc_vs_tensor_baseline_rep004_baseline_3c54064e/bench.json,False,864,8,none,8.0,matmul_tensor_mma_f32acc_vs_tensor_baseline,0,737.725463867,,0,NVIDIA A100-SXM4-80GB,580.159.03,0,0,0,baseline_or_memory,benchmark uses warp-level HMMA mma.sync m16n8k16 pairs,datacenter,GPU-736f9b27-a462-1683-4dae-8866344ef6f4,1780456546182691848,1780456545444938767,1000000,tensor_baseline_f32,41943040,256,1,0,0,0,0,NVIDIA A100-SXM4-80GB,400.0,126.08,142901502114,nvmlDeviceGetTotalEnergyConsumption available via CUDA PCI bus id 0000:00:06.0,142901376034,True,00000000:00:06.0,results/fp16_matmul_pjbit_a100_20260603_031033/raw/matmul_tensor_mma_f32acc_vs_tensor_baseline_rep004_baseline_3c54064e/power.csv,[],80,65536,4,10,baseline,matmul_tensor_mma_f32acc_vs_tensor_baseline_rep004_baseline_3c54064e,1780456546281462027,1780456545084327795,"['nvml_timed_energy_counter', 'explicit_m16n16k16_denominator', 'strict_denominator_provenance', 'tensor_no_memory_warpsync_baseline', 'timed_kernel_memory_provenance']",fp16-energy-bench-v2,49152,108,results/fp16_matmul_pjbit_a100_20260603_031033/raw/matmul_tensor_mma_f32acc_vs_tensor_baseline_rep004_baseline_3c54064e/sm_util.csv,[],True,256,False,False,False,Tensor HMMA/register baseline uses register operands and consumes registers; no intended global memory operation in the timed kernel,8,unchecked; run Nsight Compute validation separately,2,False,fp16-energy-bench-v2,"nvml_timed_energy_counter,explicit_m16n16k16_denominator,strict_denominator_provenance,tensor_no_memory_warpsync_baseline,timed_kernel_memory_provenance",126.08,170.89728697452907,nvml_total_energy_counter,132.20155077156394,179.19484740391607,average_instant,178.71,nan,178.71,400.0,True,-6.121550771563946,0.9536953179759472,6,1,1410.0,1410.0,1410.0,39.833333333333336,40.0,96.0,100.0,94.0,94.0,,,,,,,,,,,,
ga100,ampere,"A100/GA100 path uses warp-level HMMA m16n8k16 pairs; compare against H100/RTX3090 only with the same logical m16n16k16 workload, clock policy, and baseline subtraction",ce960f9677a1,results/fp16_matmul_pjbit_a100_20260603_031033/raw/matmul_tensor_mma_f32acc_vs_tensor_baseline_rep004_test_965e1a13/bench.json,False,864,8,none,8.0,matmul_tensor_mma_f32acc_vs_tensor_baseline,0,1543.48754883,,0,NVIDIA A100-SXM4-80GB,580.159.03,0,293.481364553,452984832000000,tensor_core_mma_m16n16k16_f32acc,benchmark uses warp-level HMMA mma.sync m16n8k16 pairs,datacenter,GPU-736f9b27-a462-1683-4dae-8866344ef6f4,1780456551998128200,1780456550454609398,1000000,tensor_mma_f32acc,41943040,256,1,0,0,0,0,NVIDIA A100-SXM4-80GB,400.0,290.556,142902443375,nvmlDeviceGetTotalEnergyConsumption available via CUDA PCI bus id 0000:00:06.0,142902152819,True,00000000:00:06.0,results/fp16_matmul_pjbit_a100_20260603_031033/raw/matmul_tensor_mma_f32acc_vs_tensor_baseline_rep004_test_965e1a13/power.csv,[],80,65536,4,1,test,matmul_tensor_mma_f32acc_vs_tensor_baseline_rep004_test_965e1a13,1780456552108061068,1780456547151550279,"['nvml_timed_energy_counter', 'explicit_m16n16k16_denominator', 'strict_denominator_provenance', 'tensor_no_memory_warpsync_baseline', 'timed_kernel_memory_provenance']",fp16-energy-bench-v2,49152,108,results/fp16_matmul_pjbit_a100_20260603_031033/raw/matmul_tensor_mma_f32acc_vs_tensor_baseline_rep004_test_965e1a13/sm_util.csv,"[""Unexpected nvidia-smi dmon output: '0'""]",True,256,False,False,False,Tensor HMMA/register baseline uses register operands and consumes registers; no intended global memory operation in the timed kernel,8,unchecked; run Nsight Compute validation separately,2,False,fp16-energy-bench-v2,"nvml_timed_energy_counter,explicit_m16n16k16_denominator,strict_denominator_provenance,tensor_no_memory_warpsync_baseline,timed_kernel_memory_provenance",290.556,188.24260489960653,nvml_total_energy_counter,280.8603037985628,181.9610512257063,average_instant,181.7509090909091,nan,181.7509090909091,400.0,True,9.695696201437158,1.0345214189057883,11,1,1410.0,1410.0,1410.0,41.0,41.0,99.45454545454545,100.0,99.0,99.0,8192,16384,8192,8192,2,16,55296000000,m16n16k16,16,16,8192,24576
