condition,pair_index,repeat_index,gpu,fp16_path,test_kernel,baseline_kernel,blocks,threads,threads_per_sm,iters,unroll,elapsed_s,baseline_elapsed_s,fp16_ops,memory_bytes,memory_bits,matmul_input_bits,matmul_accumulator_read_bits,matmul_output_bits,matmul_arithmetic_read_bits,matmul_register_read_write_bits,suppress_output_store,expected_l2_touch,tflops,memory_gbps,test_avg_power_w,baseline_avg_power_w,test_energy_j,baseline_energy_j,baseline_scaled_energy_j,incremental_power_w,incremental_energy_j,pj_per_flop,w_per_tflops,incremental_pj_per_bit,total_pj_per_bit,matmul_input_pj_per_bit,matmul_arithmetic_read_pj_per_bit,matmul_register_read_write_pj_per_bit,test_power_samples,baseline_power_samples,test_sm_util_samples,baseline_sm_util_samples,avg_sm_clock_mhz,clock_span_mhz,max_temp_c,avg_gpu_util_pct,max_gpu_util_pct,avg_sm_util_pct,max_sm_util_pct,valid_basic,test_run_id,baseline_run_id,test_power_csv,baseline_power_csv,test_sm_util_csv,baseline_sm_util_csv
thread_sweep_tensor_mma_f16acc_t032,0,0,NVIDIA GeForce RTX 3090,tensor_core_mma_m16n16k16_f16acc,tensor_mma_f16acc,baseline_nop,656,32,256.0,1000000,8,2.6433884277299997,1.4508984375,429916160000000.0,0.0,0.0,429916160000000.0,214958080000000.0,214958080000000.0,644874240000000.0,859832320000000.0,True,False,162.63828482036178,nan,212.86646899204356,129.8832284373128,586.0721843962591,196.28685555275476,343.33182300740464,82.98324055473077,242.74036138885447,0.5646225566139558,0.5102318967910164,nan,nan,0.5646225566139558,0.3764150377426372,0.2823112783069779,20,10,3,1,1965.0,0.0,56.0,99.9,100.0,100.0,100.0,True,thread_sweep_tensor_mma_f16acc_t032_rep000_test_17709015,thread_sweep_tensor_mma_f16acc_t032_rep000_baseline_de6bdcba,results/fp16_matmul_thread_sweep_fine_m16n16_smutil_rtx3090_20260528/raw/thread_sweep_tensor_mma_f16acc_t032_rep000_test_17709015/power.csv,results/fp16_matmul_thread_sweep_fine_m16n16_smutil_rtx3090_20260528/raw/thread_sweep_tensor_mma_f16acc_t032_rep000_baseline_de6bdcba/power.csv,results/fp16_matmul_thread_sweep_fine_m16n16_smutil_rtx3090_20260528/raw/thread_sweep_tensor_mma_f16acc_t032_rep000_test_17709015/sm_util.csv,results/fp16_matmul_thread_sweep_fine_m16n16_smutil_rtx3090_20260528/raw/thread_sweep_tensor_mma_f16acc_t032_rep000_baseline_de6bdcba/sm_util.csv
thread_sweep_tensor_mma_f16acc_t032,1,1,NVIDIA GeForce RTX 3090,tensor_core_mma_m16n16k16_f16acc,tensor_mma_f16acc,baseline_nop,656,32,256.0,1000000,8,2.7148881835900003,1.45848608398,429916160000000.0,0.0,0.0,429916160000000.0,214958080000000.0,214958080000000.0,644874240000000.0,859832320000000.0,True,False,158.3550153551832,nan,224.4550974115745,201.01821544612642,634.7432636701067,305.4144115971985,545.7419778010375,23.436881965448094,89.00128586906919,0.2070200986840532,0.14800214513496915,nan,nan,0.2070200986840532,0.1380133991227021,0.1035100493420266,21,12,3,1,1935.0,0.0,68.0,99.95238095238095,100.0,99.66666666666667,100.0,True,thread_sweep_tensor_mma_f16acc_t032_rep001_test_85876efd,thread_sweep_tensor_mma_f16acc_t032_rep001_baseline_3eabc30e,results/fp16_matmul_thread_sweep_fine_m16n16_smutil_rtx3090_20260528/raw/thread_sweep_tensor_mma_f16acc_t032_rep001_test_85876efd/power.csv,results/fp16_matmul_thread_sweep_fine_m16n16_smutil_rtx3090_20260528/raw/thread_sweep_tensor_mma_f16acc_t032_rep001_baseline_3eabc30e/power.csv,results/fp16_matmul_thread_sweep_fine_m16n16_smutil_rtx3090_20260528/raw/thread_sweep_tensor_mma_f16acc_t032_rep001_test_85876efd/sm_util.csv,results/fp16_matmul_thread_sweep_fine_m16n16_smutil_rtx3090_20260528/raw/thread_sweep_tensor_mma_f16acc_t032_rep001_baseline_3eabc30e/sm_util.csv
thread_sweep_tensor_mma_f16acc_t032,2,2,NVIDIA GeForce RTX 3090,tensor_core_mma_m16n16k16_f16acc,tensor_mma_f16acc,baseline_nop,656,32,256.0,1000000,8,2.6922177734400004,1.45858349609,429916160000000.0,0.0,0.0,429916160000000.0,214958080000000.0,214958080000000.0,644874240000000.0,859832320000000.0,True,False,159.6884784883771,nan,228.66139978495642,296.4331273200473,640.9450076496014,450.25118680537753,798.0625340074338,-67.77172753509086,-157.1175263578324,-0.36546085254816285,-0.42439960713899355,nan,nan,-0.36546085254816285,-0.24364056836544187,-0.18273042627408143,21,13,3,2,1935.0,0.0,70.0,99.95238095238095,100.0,99.66666666666667,100.0,False,thread_sweep_tensor_mma_f16acc_t032_rep002_test_f0376e2a,thread_sweep_tensor_mma_f16acc_t032_rep002_baseline_c82d08d6,results/fp16_matmul_thread_sweep_fine_m16n16_smutil_rtx3090_20260528/raw/thread_sweep_tensor_mma_f16acc_t032_rep002_test_f0376e2a/power.csv,results/fp16_matmul_thread_sweep_fine_m16n16_smutil_rtx3090_20260528/raw/thread_sweep_tensor_mma_f16acc_t032_rep002_baseline_c82d08d6/power.csv,results/fp16_matmul_thread_sweep_fine_m16n16_smutil_rtx3090_20260528/raw/thread_sweep_tensor_mma_f16acc_t032_rep002_test_f0376e2a/sm_util.csv,results/fp16_matmul_thread_sweep_fine_m16n16_smutil_rtx3090_20260528/raw/thread_sweep_tensor_mma_f16acc_t032_rep002_baseline_c82d08d6/sm_util.csv
thread_sweep_tensor_mma_f16acc_t032,3,3,NVIDIA GeForce RTX 3090,tensor_core_mma_m16n16k16_f16acc,tensor_mma_f16acc,baseline_nop,656,32,256.0,1000000,8,2.69208276367,1.46155993652,429916160000000.0,0.0,0.0,429916160000000.0,214958080000000.0,214958080000000.0,644874240000000.0,859832320000000.0,True,False,159.69648697349626,nan,230.12907932456318,205.99006808297437,651.8353847419486,316.7818185797696,554.5423117733851,24.139011241588804,97.29307296856348,0.22630708501062968,0.1511555557611921,nan,nan,0.22630708501062968,0.15087139000708646,0.11315354250531484,21,12,3,1,1935.0,0.0,71.0,99.9047619047619,100.0,99.66666666666667,100.0,True,thread_sweep_tensor_mma_f16acc_t032_rep003_test_e7f8c23d,thread_sweep_tensor_mma_f16acc_t032_rep003_baseline_a5312e14,results/fp16_matmul_thread_sweep_fine_m16n16_smutil_rtx3090_20260528/raw/thread_sweep_tensor_mma_f16acc_t032_rep003_test_e7f8c23d/power.csv,results/fp16_matmul_thread_sweep_fine_m16n16_smutil_rtx3090_20260528/raw/thread_sweep_tensor_mma_f16acc_t032_rep003_baseline_a5312e14/power.csv,results/fp16_matmul_thread_sweep_fine_m16n16_smutil_rtx3090_20260528/raw/thread_sweep_tensor_mma_f16acc_t032_rep003_test_e7f8c23d/sm_util.csv,results/fp16_matmul_thread_sweep_fine_m16n16_smutil_rtx3090_20260528/raw/thread_sweep_tensor_mma_f16acc_t032_rep003_baseline_a5312e14/sm_util.csv
thread_sweep_tensor_mma_f16acc_t032,4,4,NVIDIA GeForce RTX 3090,tensor_core_mma_m16n16k16_f16acc,tensor_mma_f16acc,baseline_nop,656,32,256.0,1000000,8,2.69231713867,1.45928979492,429916160000000.0,0.0,0.0,429916160000000.0,214958080000000.0,214958080000000.0,644874240000000.0,859832320000000.0,True,False,159.68258487273823,nan,232.0333067005218,204.9374634564145,650.575208542964,311.4640778741622,551.7566452192616,27.0958432441073,98.81856332370239,0.22985542884385268,0.16968565022730434,nan,nan,0.22985542884385268,0.15323695256256847,0.11492771442192634,21,11,3,1,1920.0,0.0,72.0,99.9047619047619,100.0,99.66666666666667,100.0,True,thread_sweep_tensor_mma_f16acc_t032_rep004_test_938d66c0,thread_sweep_tensor_mma_f16acc_t032_rep004_baseline_39c19b53,results/fp16_matmul_thread_sweep_fine_m16n16_smutil_rtx3090_20260528/raw/thread_sweep_tensor_mma_f16acc_t032_rep004_test_938d66c0/power.csv,results/fp16_matmul_thread_sweep_fine_m16n16_smutil_rtx3090_20260528/raw/thread_sweep_tensor_mma_f16acc_t032_rep004_baseline_39c19b53/power.csv,results/fp16_matmul_thread_sweep_fine_m16n16_smutil_rtx3090_20260528/raw/thread_sweep_tensor_mma_f16acc_t032_rep004_test_938d66c0/sm_util.csv,results/fp16_matmul_thread_sweep_fine_m16n16_smutil_rtx3090_20260528/raw/thread_sweep_tensor_mma_f16acc_t032_rep004_baseline_39c19b53/sm_util.csv
thread_sweep_tensor_mma_f16acc_t032,5,5,NVIDIA GeForce RTX 3090,tensor_core_mma_m16n16k16_f16acc,tensor_mma_f16acc,baseline_nop,656,32,256.0,1000000,8,2.6941672363299998,1.4597547607399999,429916160000000.0,0.0,0.0,429916160000000.0,214958080000000.0,214958080000000.0,644874240000000.0,859832320000000.0,True,False,159.57293007008454,nan,227.42922692738983,206.22851481988445,344.2161890953821,314.3065366727841,555.6141078247285,21.20071210750538,-211.39791872934643,-0.4917189405705206,0.1328590763997002,nan,nan,-0.4917189405705206,-0.3278126270470137,-0.2458594702852603,17,12,3,1,1920.0,0.0,72.0,99.94117647058823,100.0,99.66666666666667,100.0,False,thread_sweep_tensor_mma_f16acc_t032_rep005_test_fbeedf17,thread_sweep_tensor_mma_f16acc_t032_rep005_baseline_8e5f9bb0,results/fp16_matmul_thread_sweep_fine_m16n16_smutil_rtx3090_20260528/raw/thread_sweep_tensor_mma_f16acc_t032_rep005_test_fbeedf17/power.csv,results/fp16_matmul_thread_sweep_fine_m16n16_smutil_rtx3090_20260528/raw/thread_sweep_tensor_mma_f16acc_t032_rep005_baseline_8e5f9bb0/power.csv,results/fp16_matmul_thread_sweep_fine_m16n16_smutil_rtx3090_20260528/raw/thread_sweep_tensor_mma_f16acc_t032_rep005_test_fbeedf17/sm_util.csv,results/fp16_matmul_thread_sweep_fine_m16n16_smutil_rtx3090_20260528/raw/thread_sweep_tensor_mma_f16acc_t032_rep005_baseline_8e5f9bb0/sm_util.csv
thread_sweep_tensor_mma_f16acc_t032,6,6,NVIDIA GeForce RTX 3090,tensor_core_mma_m16n16k16_f16acc,tensor_mma_f16acc,baseline_nop,656,32,256.0,1000000,8,2.7257917480500002,1.47681079102,429916160000000.0,0.0,0.0,429916160000000.0,214958080000000.0,214958080000000.0,644874240000000.0,859832320000000.0,True,False,157.7215722028497,nan,232.14286068007988,207.34497735445643,658.9550670049599,318.946988406913,565.1792282723915,24.797883325623445,93.77583873256845,0.218125875362695,0.15722569195373134,nan,nan,0.218125875362695,0.14541725024179666,0.1090629376813475,21,11,3,1,1920.0,0.0,72.0,99.9047619047619,100.0,99.66666666666667,100.0,True,thread_sweep_tensor_mma_f16acc_t032_rep006_test_2691138e,thread_sweep_tensor_mma_f16acc_t032_rep006_baseline_e89c5ab9,results/fp16_matmul_thread_sweep_fine_m16n16_smutil_rtx3090_20260528/raw/thread_sweep_tensor_mma_f16acc_t032_rep006_test_2691138e/power.csv,results/fp16_matmul_thread_sweep_fine_m16n16_smutil_rtx3090_20260528/raw/thread_sweep_tensor_mma_f16acc_t032_rep006_baseline_e89c5ab9/power.csv,results/fp16_matmul_thread_sweep_fine_m16n16_smutil_rtx3090_20260528/raw/thread_sweep_tensor_mma_f16acc_t032_rep006_test_2691138e/sm_util.csv,results/fp16_matmul_thread_sweep_fine_m16n16_smutil_rtx3090_20260528/raw/thread_sweep_tensor_mma_f16acc_t032_rep006_baseline_e89c5ab9/sm_util.csv
thread_sweep_tensor_mma_f16acc_t032,7,7,NVIDIA GeForce RTX 3090,tensor_core_mma_m16n16k16_f16acc,tensor_mma_f16acc,baseline_nop,656,32,256.0,1000000,8,2.7213076171900004,1.4694851074200002,429916160000000.0,0.0,0.0,429916160000000.0,214958080000000.0,214958080000000.0,644874240000000.0,859832320000000.0,True,False,157.98146350096496,nan,229.9085176981112,207.71438812093018,651.9556520976631,318.1836622809749,565.2547465934474,22.19412957718103,86.70090550421571,0.20166933363057513,0.14048565626210613,nan,nan,0.20166933363057513,0.1344462224203834,0.10083466681528756,21,12,3,1,1920.0,0.0,72.0,99.9047619047619,100.0,100.0,100.0,True,thread_sweep_tensor_mma_f16acc_t032_rep007_test_10ce8bd4,thread_sweep_tensor_mma_f16acc_t032_rep007_baseline_c90fcaaa,results/fp16_matmul_thread_sweep_fine_m16n16_smutil_rtx3090_20260528/raw/thread_sweep_tensor_mma_f16acc_t032_rep007_test_10ce8bd4/power.csv,results/fp16_matmul_thread_sweep_fine_m16n16_smutil_rtx3090_20260528/raw/thread_sweep_tensor_mma_f16acc_t032_rep007_baseline_c90fcaaa/power.csv,results/fp16_matmul_thread_sweep_fine_m16n16_smutil_rtx3090_20260528/raw/thread_sweep_tensor_mma_f16acc_t032_rep007_test_10ce8bd4/sm_util.csv,results/fp16_matmul_thread_sweep_fine_m16n16_smutil_rtx3090_20260528/raw/thread_sweep_tensor_mma_f16acc_t032_rep007_baseline_c90fcaaa/sm_util.csv
thread_sweep_tensor_mma_f16acc_t032,8,8,NVIDIA GeForce RTX 3090,tensor_core_mma_m16n16k16_f16acc,tensor_mma_f16acc,baseline_nop,656,32,256.0,1000000,8,2.7251630859400002,1.4784040527300002,429916160000000.0,0.0,0.0,429916160000000.0,214958080000000.0,214958080000000.0,644874240000000.0,859832320000000.0,True,False,157.7579566588425,nan,230.8214913107628,206.2252561933134,358.1780360119401,317.6364847001584,561.9974555665372,24.596235117449396,-203.81941955459706,-0.4740910868635342,0.15591121765502883,nan,nan,-0.4740910868635342,-0.31606072457568946,-0.2370455434317671,14,12,3,1,1920.0,0.0,73.0,99.85714285714286,100.0,99.66666666666667,100.0,False,thread_sweep_tensor_mma_f16acc_t032_rep008_test_7513489b,thread_sweep_tensor_mma_f16acc_t032_rep008_baseline_fa370a61,results/fp16_matmul_thread_sweep_fine_m16n16_smutil_rtx3090_20260528/raw/thread_sweep_tensor_mma_f16acc_t032_rep008_test_7513489b/power.csv,results/fp16_matmul_thread_sweep_fine_m16n16_smutil_rtx3090_20260528/raw/thread_sweep_tensor_mma_f16acc_t032_rep008_baseline_fa370a61/power.csv,results/fp16_matmul_thread_sweep_fine_m16n16_smutil_rtx3090_20260528/raw/thread_sweep_tensor_mma_f16acc_t032_rep008_test_7513489b/sm_util.csv,results/fp16_matmul_thread_sweep_fine_m16n16_smutil_rtx3090_20260528/raw/thread_sweep_tensor_mma_f16acc_t032_rep008_baseline_fa370a61/sm_util.csv
thread_sweep_tensor_mma_f16acc_t032,9,9,NVIDIA GeForce RTX 3090,tensor_core_mma_m16n16k16_f16acc,tensor_mma_f16acc,baseline_nop,656,32,256.0,1000000,8,2.7121018066400002,1.47110192871,429916160000000.0,0.0,0.0,429916160000000.0,214958080000000.0,214958080000000.0,644874240000000.0,859832320000000.0,True,False,158.51770716993084,nan,232.03782169008264,211.5334834832808,655.446980980563,324.23608704051003,573.7003427198586,20.504338206801833,81.74663826070446,0.19014553502874712,0.12935045915609417,nan,nan,0.19014553502874712,0.12676369001916477,0.09507276751437356,20,12,3,1,1920.0,0.0,73.0,100.0,100.0,100.0,100.0,True,thread_sweep_tensor_mma_f16acc_t032_rep009_test_d17d6439,thread_sweep_tensor_mma_f16acc_t032_rep009_baseline_62730c38,results/fp16_matmul_thread_sweep_fine_m16n16_smutil_rtx3090_20260528/raw/thread_sweep_tensor_mma_f16acc_t032_rep009_test_d17d6439/power.csv,results/fp16_matmul_thread_sweep_fine_m16n16_smutil_rtx3090_20260528/raw/thread_sweep_tensor_mma_f16acc_t032_rep009_baseline_62730c38/power.csv,results/fp16_matmul_thread_sweep_fine_m16n16_smutil_rtx3090_20260528/raw/thread_sweep_tensor_mma_f16acc_t032_rep009_test_d17d6439/sm_util.csv,results/fp16_matmul_thread_sweep_fine_m16n16_smutil_rtx3090_20260528/raw/thread_sweep_tensor_mma_f16acc_t032_rep009_baseline_62730c38/sm_util.csv
thread_sweep_tensor_mma_f16acc_t064,0,0,NVIDIA GeForce RTX 3090,tensor_core_mma_m16n16k16_f16acc,tensor_mma_f16acc,baseline_nop,656,64,512.0,1000000,8,2.65208837891,0.722516967773,429916160000000.0,0.0,0.0,429916160000000.0,214958080000000.0,214958080000000.0,644874240000000.0,859832320000000.0,True,False,162.1047637095315,nan,219.39052238079864,187.59620044228424,605.000099225161,141.05424007444748,497.521703120653,31.7943219385144,107.47839610450796,0.24999850227660192,0.19613440845874996,nan,nan,0.24999850227660192,0.16666566818440132,0.12499925113830096,20,6,2,0,1950.0,0.0,57.0,99.95,100.0,100.0,100.0,True,thread_sweep_tensor_mma_f16acc_t064_rep000_test_ff1e1e1d,thread_sweep_tensor_mma_f16acc_t064_rep000_baseline_79a437ed,results/fp16_matmul_thread_sweep_fine_m16n16_smutil_rtx3090_20260528/raw/thread_sweep_tensor_mma_f16acc_t064_rep000_test_ff1e1e1d/power.csv,results/fp16_matmul_thread_sweep_fine_m16n16_smutil_rtx3090_20260528/raw/thread_sweep_tensor_mma_f16acc_t064_rep000_baseline_79a437ed/power.csv,results/fp16_matmul_thread_sweep_fine_m16n16_smutil_rtx3090_20260528/raw/thread_sweep_tensor_mma_f16acc_t064_rep000_test_ff1e1e1d/sm_util.csv,results/fp16_matmul_thread_sweep_fine_m16n16_smutil_rtx3090_20260528/raw/thread_sweep_tensor_mma_f16acc_t064_rep000_baseline_79a437ed/sm_util.csv
thread_sweep_tensor_mma_f16acc_t064,1,1,NVIDIA GeForce RTX 3090,tensor_core_mma_m16n16k16_f16acc,tensor_mma_f16acc,baseline_nop,656,64,512.0,1000000,8,2.72685986328,0.735420410156,429916160000000.0,0.0,0.0,429916160000000.0,214958080000000.0,214958080000000.0,644874240000000.0,859832320000000.0,True,False,157.6597924188432,nan,229.39990969746867,207.6229006997983,651.4986433850695,159.0842683582668,566.1585546160491,21.77700899767038,85.34008876902044,0.198504026387425,0.13812658676992923,nan,nan,0.198504026387425,0.13233601759161667,0.0992520131937125,20,5,2,0,1935.0,0.0,68.0,99.95,100.0,100.0,100.0,True,thread_sweep_tensor_mma_f16acc_t064_rep001_test_81bb31a0,thread_sweep_tensor_mma_f16acc_t064_rep001_baseline_40b74e34,results/fp16_matmul_thread_sweep_fine_m16n16_smutil_rtx3090_20260528/raw/thread_sweep_tensor_mma_f16acc_t064_rep001_test_81bb31a0/power.csv,results/fp16_matmul_thread_sweep_fine_m16n16_smutil_rtx3090_20260528/raw/thread_sweep_tensor_mma_f16acc_t064_rep001_baseline_40b74e34/power.csv,results/fp16_matmul_thread_sweep_fine_m16n16_smutil_rtx3090_20260528/raw/thread_sweep_tensor_mma_f16acc_t064_rep001_test_81bb31a0/sm_util.csv,results/fp16_matmul_thread_sweep_fine_m16n16_smutil_rtx3090_20260528/raw/thread_sweep_tensor_mma_f16acc_t064_rep001_baseline_40b74e34/sm_util.csv
thread_sweep_tensor_mma_f16acc_t064,2,2,NVIDIA GeForce RTX 3090,tensor_core_mma_m16n16k16_f16acc,tensor_mma_f16acc,baseline_nop,656,64,512.0,1000000,8,2.6849199218799997,0.733385620117,429916160000000.0,0.0,0.0,429916160000000.0,214958080000000.0,214958080000000.0,644874240000000.0,859832320000000.0,True,False,160.12252600031724,nan,233.90323592250405,200.035010647537,654.1849793040565,152.84472088035494,537.0779851610499,33.868225274967045,117.10699414300655,0.27239495752615245,0.21151443285937135,nan,nan,0.27239495752615245,0.18159663835076828,0.13619747876307622,21,6,2,0,1935.0,0.0,70.0,99.9047619047619,100.0,100.0,100.0,True,thread_sweep_tensor_mma_f16acc_t064_rep002_test_1fb1aece,thread_sweep_tensor_mma_f16acc_t064_rep002_baseline_1ce79806,results/fp16_matmul_thread_sweep_fine_m16n16_smutil_rtx3090_20260528/raw/thread_sweep_tensor_mma_f16acc_t064_rep002_test_1fb1aece/power.csv,results/fp16_matmul_thread_sweep_fine_m16n16_smutil_rtx3090_20260528/raw/thread_sweep_tensor_mma_f16acc_t064_rep002_baseline_1ce79806/power.csv,results/fp16_matmul_thread_sweep_fine_m16n16_smutil_rtx3090_20260528/raw/thread_sweep_tensor_mma_f16acc_t064_rep002_test_1fb1aece/sm_util.csv,results/fp16_matmul_thread_sweep_fine_m16n16_smutil_rtx3090_20260528/raw/thread_sweep_tensor_mma_f16acc_t064_rep002_baseline_1ce79806/sm_util.csv
thread_sweep_tensor_mma_f16acc_t064,3,3,NVIDIA GeForce RTX 3090,tensor_core_mma_m16n16k16_f16acc,tensor_mma_f16acc,baseline_nop,656,64,512.0,1000000,8,2.68490356445,0.7340390625,429916160000000.0,0.0,0.0,429916160000000.0,214958080000000.0,214958080000000.0,644874240000000.0,859832320000000.0,True,False,160.12350152623375,nan,234.48050045011334,201.80103550843623,368.4179239829517,153.86865581980527,541.8163195463014,32.67946494167711,-173.3983955633497,-0.4033307228166294,0.20408912264714052,nan,nan,-0.4033307228166294,-0.2688871485444196,-0.2016653614083147,17,6,1,0,1935.0,0.0,71.0,99.88235294117646,100.0,100.0,100.0,False,thread_sweep_tensor_mma_f16acc_t064_rep003_test_5d1832e2,thread_sweep_tensor_mma_f16acc_t064_rep003_baseline_02b7bdbb,results/fp16_matmul_thread_sweep_fine_m16n16_smutil_rtx3090_20260528/raw/thread_sweep_tensor_mma_f16acc_t064_rep003_test_5d1832e2/power.csv,results/fp16_matmul_thread_sweep_fine_m16n16_smutil_rtx3090_20260528/raw/thread_sweep_tensor_mma_f16acc_t064_rep003_baseline_02b7bdbb/power.csv,results/fp16_matmul_thread_sweep_fine_m16n16_smutil_rtx3090_20260528/raw/thread_sweep_tensor_mma_f16acc_t064_rep003_test_5d1832e2/sm_util.csv,results/fp16_matmul_thread_sweep_fine_m16n16_smutil_rtx3090_20260528/raw/thread_sweep_tensor_mma_f16acc_t064_rep003_baseline_02b7bdbb/sm_util.csv
thread_sweep_tensor_mma_f16acc_t064,4,4,NVIDIA GeForce RTX 3090,tensor_core_mma_m16n16k16_f16acc,tensor_mma_f16acc,baseline_nop,656,64,512.0,1000000,8,2.6852514648400003,0.7353262329100001,429916160000000.0,0.0,0.0,429916160000000.0,214958080000000.0,214958080000000.0,644874240000000.0,859832320000000.0,True,False,160.10275597247144,nan,237.4984179867524,205.1235910265761,664.1390318434406,157.18932916934992,550.8084232773546,32.37482696017631,113.33060856608608,0.26361095281016206,0.2022128024188599,nan,nan,0.26361095281016206,0.17574063520677471,0.13180547640508103,21,6,2,0,1920.0,0.0,72.0,99.9047619047619,100.0,100.0,100.0,True,thread_sweep_tensor_mma_f16acc_t064_rep004_test_e7f8da78,thread_sweep_tensor_mma_f16acc_t064_rep004_baseline_64e5a4fd,results/fp16_matmul_thread_sweep_fine_m16n16_smutil_rtx3090_20260528/raw/thread_sweep_tensor_mma_f16acc_t064_rep004_test_e7f8da78/power.csv,results/fp16_matmul_thread_sweep_fine_m16n16_smutil_rtx3090_20260528/raw/thread_sweep_tensor_mma_f16acc_t064_rep004_baseline_64e5a4fd/power.csv,results/fp16_matmul_thread_sweep_fine_m16n16_smutil_rtx3090_20260528/raw/thread_sweep_tensor_mma_f16acc_t064_rep004_test_e7f8da78/sm_util.csv,results/fp16_matmul_thread_sweep_fine_m16n16_smutil_rtx3090_20260528/raw/thread_sweep_tensor_mma_f16acc_t064_rep004_baseline_64e5a4fd/sm_util.csv
thread_sweep_tensor_mma_f16acc_t064,5,5,NVIDIA GeForce RTX 3090,tensor_core_mma_m16n16k16_f16acc,tensor_mma_f16acc,baseline_nop,656,64,512.0,1000000,8,2.7089704589799997,0.742801147461,429916160000000.0,0.0,0.0,429916160000000.0,214958080000000.0,214958080000000.0,644874240000000.0,859832320000000.0,True,False,158.70094063774877,nan,237.01311569481913,204.84908357201158,667.4082916133254,158.249253231554,554.9301159457045,32.164032122807555,112.47817566762092,0.2616281641230256,0.20267070877812418,nan,nan,0.2616281641230256,0.17441877608201706,0.1308140820615128,21,6,2,0,1920.0,0.0,72.0,99.9047619047619,100.0,100.0,100.0,True,thread_sweep_tensor_mma_f16acc_t064_rep005_test_28f7b318,thread_sweep_tensor_mma_f16acc_t064_rep005_baseline_6a8ef401,results/fp16_matmul_thread_sweep_fine_m16n16_smutil_rtx3090_20260528/raw/thread_sweep_tensor_mma_f16acc_t064_rep005_test_28f7b318/power.csv,results/fp16_matmul_thread_sweep_fine_m16n16_smutil_rtx3090_20260528/raw/thread_sweep_tensor_mma_f16acc_t064_rep005_baseline_6a8ef401/power.csv,results/fp16_matmul_thread_sweep_fine_m16n16_smutil_rtx3090_20260528/raw/thread_sweep_tensor_mma_f16acc_t064_rep005_test_28f7b318/sm_util.csv,results/fp16_matmul_thread_sweep_fine_m16n16_smutil_rtx3090_20260528/raw/thread_sweep_tensor_mma_f16acc_t064_rep005_baseline_6a8ef401/sm_util.csv
thread_sweep_tensor_mma_f16acc_t064,6,6,NVIDIA GeForce RTX 3090,tensor_core_mma_m16n16k16_f16acc,tensor_mma_f16acc,baseline_nop,656,64,512.0,1000000,8,2.7144140625,0.746379272461,429916160000000.0,0.0,0.0,429916160000000.0,214958080000000.0,214958080000000.0,644874240000000.0,859832320000000.0,True,False,158.38267489818531,nan,237.50665788193302,205.85299776191843,671.3263700151732,160.1135611200812,558.7702719327324,31.653660120014592,112.55609808244083,0.2618094143807966,0.19985557221055159,nan,nan,0.2618094143807966,0.1745396095871977,0.1309047071903983,20,6,2,0,1920.0,0.0,72.0,99.95,100.0,100.0,100.0,True,thread_sweep_tensor_mma_f16acc_t064_rep006_test_6aa1585e,thread_sweep_tensor_mma_f16acc_t064_rep006_baseline_01e864f3,results/fp16_matmul_thread_sweep_fine_m16n16_smutil_rtx3090_20260528/raw/thread_sweep_tensor_mma_f16acc_t064_rep006_test_6aa1585e/power.csv,results/fp16_matmul_thread_sweep_fine_m16n16_smutil_rtx3090_20260528/raw/thread_sweep_tensor_mma_f16acc_t064_rep006_baseline_01e864f3/power.csv,results/fp16_matmul_thread_sweep_fine_m16n16_smutil_rtx3090_20260528/raw/thread_sweep_tensor_mma_f16acc_t064_rep006_test_6aa1585e/sm_util.csv,results/fp16_matmul_thread_sweep_fine_m16n16_smutil_rtx3090_20260528/raw/thread_sweep_tensor_mma_f16acc_t064_rep006_baseline_01e864f3/sm_util.csv
thread_sweep_tensor_mma_f16acc_t064,7,7,NVIDIA GeForce RTX 3090,tensor_core_mma_m16n16k16_f16acc,tensor_mma_f16acc,baseline_nop,656,64,512.0,1000000,8,2.70808789062,0.739983337402,429916160000000.0,0.0,0.0,429916160000000.0,214958080000000.0,214958080000000.0,644874240000000.0,859832320000000.0,True,False,158.7526614217729,nan,235.52821118671213,203.88275333365564,664.6989731552422,157.35432767235648,552.1324154091373,31.645457853056485,112.56655774610499,0.2618337439237106,0.19933812491483885,nan,nan,0.2618337439237106,0.17455582928247373,0.1309168719618553,21,6,2,0,1920.0,0.0,72.0,99.9047619047619,100.0,100.0,100.0,True,thread_sweep_tensor_mma_f16acc_t064_rep007_test_a653bc97,thread_sweep_tensor_mma_f16acc_t064_rep007_baseline_737bfd6b,results/fp16_matmul_thread_sweep_fine_m16n16_smutil_rtx3090_20260528/raw/thread_sweep_tensor_mma_f16acc_t064_rep007_test_a653bc97/power.csv,results/fp16_matmul_thread_sweep_fine_m16n16_smutil_rtx3090_20260528/raw/thread_sweep_tensor_mma_f16acc_t064_rep007_baseline_737bfd6b/power.csv,results/fp16_matmul_thread_sweep_fine_m16n16_smutil_rtx3090_20260528/raw/thread_sweep_tensor_mma_f16acc_t064_rep007_test_a653bc97/sm_util.csv,results/fp16_matmul_thread_sweep_fine_m16n16_smutil_rtx3090_20260528/raw/thread_sweep_tensor_mma_f16acc_t064_rep007_baseline_737bfd6b/sm_util.csv
thread_sweep_tensor_mma_f16acc_t064,8,8,NVIDIA GeForce RTX 3090,tensor_core_mma_m16n16k16_f16acc,tensor_mma_f16acc,baseline_nop,656,64,512.0,1000000,8,2.7205222168,0.74344317627,429916160000000.0,0.0,0.0,429916160000000.0,214958080000000.0,214958080000000.0,644874240000000.0,859832320000000.0,True,False,158.02707191477623,nan,236.05003763159442,206.1978812951124,668.9042016009674,159.7729957780872,560.9659171204424,29.85215633648201,107.938284480525,0.2510682186976293,0.1889053310598657,nan,nan,0.2510682186976293,0.1673788124650862,0.12553410934881465,21,6,2,0,1920.0,0.0,73.0,99.95238095238095,100.0,100.0,100.0,True,thread_sweep_tensor_mma_f16acc_t064_rep008_test_548fcc50,thread_sweep_tensor_mma_f16acc_t064_rep008_baseline_d431472f,results/fp16_matmul_thread_sweep_fine_m16n16_smutil_rtx3090_20260528/raw/thread_sweep_tensor_mma_f16acc_t064_rep008_test_548fcc50/power.csv,results/fp16_matmul_thread_sweep_fine_m16n16_smutil_rtx3090_20260528/raw/thread_sweep_tensor_mma_f16acc_t064_rep008_baseline_d431472f/power.csv,results/fp16_matmul_thread_sweep_fine_m16n16_smutil_rtx3090_20260528/raw/thread_sweep_tensor_mma_f16acc_t064_rep008_test_548fcc50/sm_util.csv,results/fp16_matmul_thread_sweep_fine_m16n16_smutil_rtx3090_20260528/raw/thread_sweep_tensor_mma_f16acc_t064_rep008_baseline_d431472f/sm_util.csv
thread_sweep_tensor_mma_f16acc_t064,9,9,NVIDIA GeForce RTX 3090,tensor_core_mma_m16n16k16_f16acc,tensor_mma_f16acc,baseline_nop,656,64,512.0,1000000,8,2.7184921875,0.7394979858399999,429916160000000.0,0.0,0.0,429916160000000.0,214958080000000.0,214958080000000.0,644874240000000.0,859832320000000.0,True,False,158.14507835513137,nan,235.61159483919545,207.20908188087557,667.2222079210833,159.70096766639426,563.2962702722081,28.402512958319875,103.92593764887522,0.24173535986382838,0.17959783038292884,nan,nan,0.24173535986382838,0.16115690657588558,0.12086767993191419,21,6,2,0,1920.0,0.0,73.0,99.95238095238095,100.0,100.0,100.0,True,thread_sweep_tensor_mma_f16acc_t064_rep009_test_f0a6afdf,thread_sweep_tensor_mma_f16acc_t064_rep009_baseline_6b132f0b,results/fp16_matmul_thread_sweep_fine_m16n16_smutil_rtx3090_20260528/raw/thread_sweep_tensor_mma_f16acc_t064_rep009_test_f0a6afdf/power.csv,results/fp16_matmul_thread_sweep_fine_m16n16_smutil_rtx3090_20260528/raw/thread_sweep_tensor_mma_f16acc_t064_rep009_baseline_6b132f0b/power.csv,results/fp16_matmul_thread_sweep_fine_m16n16_smutil_rtx3090_20260528/raw/thread_sweep_tensor_mma_f16acc_t064_rep009_test_f0a6afdf/sm_util.csv,results/fp16_matmul_thread_sweep_fine_m16n16_smutil_rtx3090_20260528/raw/thread_sweep_tensor_mma_f16acc_t064_rep009_baseline_6b132f0b/sm_util.csv
thread_sweep_tensor_mma_f16acc_t096,0,0,NVIDIA GeForce RTX 3090,tensor_core_mma_m16n16k16_f16acc,tensor_mma_f16acc,baseline_nop,656,96,768.0,1000000,8,3.17983837891,0.99786138916,515899392000000.0,0.0,0.0,515899392000000.0,257949696000000.0,257949696000000.0,773849088000000.0,1031798784000000.0,True,False,162.24075897116583,nan,220.89919895620318,195.66808950457474,733.798993061072,203.11079117460235,622.1929005346437,25.23110945162844,111.60609252642826,0.21633305690429705,0.15551646584760262,nan,nan,0.21633305690429705,0.14422203793619803,0.10816652845214852,25,7,3,1,1950.0,0.0,59.0,99.92,100.0,99.66666666666667,100.0,True,thread_sweep_tensor_mma_f16acc_t096_rep000_test_b9f15e93,thread_sweep_tensor_mma_f16acc_t096_rep000_baseline_c6032e88,results/fp16_matmul_thread_sweep_fine_m16n16_smutil_rtx3090_20260528/raw/thread_sweep_tensor_mma_f16acc_t096_rep000_test_b9f15e93/power.csv,results/fp16_matmul_thread_sweep_fine_m16n16_smutil_rtx3090_20260528/raw/thread_sweep_tensor_mma_f16acc_t096_rep000_baseline_c6032e88/power.csv,results/fp16_matmul_thread_sweep_fine_m16n16_smutil_rtx3090_20260528/raw/thread_sweep_tensor_mma_f16acc_t096_rep000_test_b9f15e93/sm_util.csv,results/fp16_matmul_thread_sweep_fine_m16n16_smutil_rtx3090_20260528/raw/thread_sweep_tensor_mma_f16acc_t096_rep000_baseline_c6032e88/sm_util.csv
thread_sweep_tensor_mma_f16acc_t096,1,1,NVIDIA GeForce RTX 3090,tensor_core_mma_m16n16k16_f16acc,tensor_mma_f16acc,baseline_nop,656,96,768.0,1000000,8,3.27677856445,1.01480718994,515899392000000.0,0.0,0.0,515899392000000.0,257949696000000.0,257949696000000.0,773849088000000.0,1031798784000000.0,True,False,157.44102991792874,nan,230.15770216157227,204.01245477515496,486.8673943479847,215.6806368230762,668.5036386880528,26.14524738641731,-181.63624434006806,-0.3520768722675061,0.16606374716963151,nan,nan,-0.3520768722675061,-0.23471791484500407,-0.17603843613375306,25,7,4,1,1935.0,0.0,68.0,99.96,100.0,99.75,100.0,False,thread_sweep_tensor_mma_f16acc_t096_rep001_test_69c6b217,thread_sweep_tensor_mma_f16acc_t096_rep001_baseline_bb27b86d,results/fp16_matmul_thread_sweep_fine_m16n16_smutil_rtx3090_20260528/raw/thread_sweep_tensor_mma_f16acc_t096_rep001_test_69c6b217/power.csv,results/fp16_matmul_thread_sweep_fine_m16n16_smutil_rtx3090_20260528/raw/thread_sweep_tensor_mma_f16acc_t096_rep001_baseline_bb27b86d/power.csv,results/fp16_matmul_thread_sweep_fine_m16n16_smutil_rtx3090_20260528/raw/thread_sweep_tensor_mma_f16acc_t096_rep001_test_69c6b217/sm_util.csv,results/fp16_matmul_thread_sweep_fine_m16n16_smutil_rtx3090_20260528/raw/thread_sweep_tensor_mma_f16acc_t096_rep001_baseline_bb27b86d/sm_util.csv
thread_sweep_tensor_mma_f16acc_t096,2,2,NVIDIA GeForce RTX 3090,tensor_core_mma_m16n16k16_f16acc,tensor_mma_f16acc,baseline_nop,656,96,768.0,1000000,8,3.21899389648,1.01472131348,515899392000000.0,0.0,0.0,515899392000000.0,257949696000000.0,257949696000000.0,773849088000000.0,1031798784000000.0,True,False,160.26727871840356,nan,234.27888604846137,210.49833498425622,785.6692810852585,222.5197627022527,677.5928555335232,23.780551064205156,108.07642555173527,0.2094912830440693,0.1483805755882871,nan,nan,0.2094912830440693,0.1396608553627129,0.10474564152203465,24,7,3,1,1935.0,0.0,70.0,99.95833333333333,100.0,99.66666666666667,100.0,True,thread_sweep_tensor_mma_f16acc_t096_rep002_test_233db9a3,thread_sweep_tensor_mma_f16acc_t096_rep002_baseline_7fdaf5bd,results/fp16_matmul_thread_sweep_fine_m16n16_smutil_rtx3090_20260528/raw/thread_sweep_tensor_mma_f16acc_t096_rep002_test_233db9a3/power.csv,results/fp16_matmul_thread_sweep_fine_m16n16_smutil_rtx3090_20260528/raw/thread_sweep_tensor_mma_f16acc_t096_rep002_baseline_7fdaf5bd/power.csv,results/fp16_matmul_thread_sweep_fine_m16n16_smutil_rtx3090_20260528/raw/thread_sweep_tensor_mma_f16acc_t096_rep002_test_233db9a3/sm_util.csv,results/fp16_matmul_thread_sweep_fine_m16n16_smutil_rtx3090_20260528/raw/thread_sweep_tensor_mma_f16acc_t096_rep002_baseline_7fdaf5bd/sm_util.csv
thread_sweep_tensor_mma_f16acc_t096,3,3,NVIDIA GeForce RTX 3090,tensor_core_mma_m16n16k16_f16acc,tensor_mma_f16acc,baseline_nop,656,96,768.0,1000000,8,3.21898901367,1.01773724365,515899392000000.0,0.0,0.0,515899392000000.0,257949696000000.0,257949696000000.0,773849088000000.0,1031798784000000.0,True,False,160.26752182413264,nan,234.91217615022688,210.82835162523017,787.4241237028907,222.7696464809929,678.6541476517716,24.083824524996714,108.7699760511191,0.2108356352765756,0.150272645704379,nan,nan,0.2108356352765756,0.14055709018438373,0.1054178176382878,25,7,3,1,1935.0,0.0,71.0,99.96,100.0,99.66666666666667,100.0,True,thread_sweep_tensor_mma_f16acc_t096_rep003_test_ef1cbf2f,thread_sweep_tensor_mma_f16acc_t096_rep003_baseline_c109e0ca,results/fp16_matmul_thread_sweep_fine_m16n16_smutil_rtx3090_20260528/raw/thread_sweep_tensor_mma_f16acc_t096_rep003_test_ef1cbf2f/power.csv,results/fp16_matmul_thread_sweep_fine_m16n16_smutil_rtx3090_20260528/raw/thread_sweep_tensor_mma_f16acc_t096_rep003_baseline_c109e0ca/power.csv,results/fp16_matmul_thread_sweep_fine_m16n16_smutil_rtx3090_20260528/raw/thread_sweep_tensor_mma_f16acc_t096_rep003_test_ef1cbf2f/sm_util.csv,results/fp16_matmul_thread_sweep_fine_m16n16_smutil_rtx3090_20260528/raw/thread_sweep_tensor_mma_f16acc_t096_rep003_baseline_c109e0ca/sm_util.csv
thread_sweep_tensor_mma_f16acc_t096,4,4,NVIDIA GeForce RTX 3090,tensor_core_mma_m16n16k16_f16acc,tensor_mma_f16acc,baseline_nop,656,96,768.0,1000000,8,3.2194597168,1.01448193359,515899392000000.0,0.0,0.0,515899392000000.0,257949696000000.0,257949696000000.0,773849088000000.0,1031798784000000.0,True,False,160.24408981044218,nan,236.84123099980053,209.06994632684683,793.9494942036484,220.90216920285803,673.0922701928215,27.771284672953698,120.85722401082694,0.23426510262455771,0.17330614006298287,nan,nan,0.23426510262455771,0.15617673508303848,0.11713255131227886,25,7,3,1,1920.0,0.0,72.0,100.0,100.0,100.0,100.0,True,thread_sweep_tensor_mma_f16acc_t096_rep004_test_92c11593,thread_sweep_tensor_mma_f16acc_t096_rep004_baseline_64841515,results/fp16_matmul_thread_sweep_fine_m16n16_smutil_rtx3090_20260528/raw/thread_sweep_tensor_mma_f16acc_t096_rep004_test_92c11593/power.csv,results/fp16_matmul_thread_sweep_fine_m16n16_smutil_rtx3090_20260528/raw/thread_sweep_tensor_mma_f16acc_t096_rep004_baseline_64841515/power.csv,results/fp16_matmul_thread_sweep_fine_m16n16_smutil_rtx3090_20260528/raw/thread_sweep_tensor_mma_f16acc_t096_rep004_test_92c11593/sm_util.csv,results/fp16_matmul_thread_sweep_fine_m16n16_smutil_rtx3090_20260528/raw/thread_sweep_tensor_mma_f16acc_t096_rep004_baseline_64841515/sm_util.csv
thread_sweep_tensor_mma_f16acc_t096,5,5,NVIDIA GeForce RTX 3090,tensor_core_mma_m16n16k16_f16acc,tensor_mma_f16acc,baseline_nop,656,96,768.0,1000000,8,3.22735205078,1.02238415527,515899392000000.0,0.0,0.0,515899392000000.0,257949696000000.0,257949696000000.0,773849088000000.0,1031798784000000.0,True,False,159.85222060770076,nan,237.74611102753084,210.40491025439815,800.1453262949119,224.3948135326986,679.0507186037137,27.341200773132698,121.09460769119823,0.2347252382324929,0.17104048144712203,nan,nan,0.2347252382324929,0.15648349215499524,0.11736261911624644,24,7,4,1,1920.0,0.0,72.0,100.0,100.0,100.0,100.0,True,thread_sweep_tensor_mma_f16acc_t096_rep005_test_c98d995b,thread_sweep_tensor_mma_f16acc_t096_rep005_baseline_8cd59436,results/fp16_matmul_thread_sweep_fine_m16n16_smutil_rtx3090_20260528/raw/thread_sweep_tensor_mma_f16acc_t096_rep005_test_c98d995b/power.csv,results/fp16_matmul_thread_sweep_fine_m16n16_smutil_rtx3090_20260528/raw/thread_sweep_tensor_mma_f16acc_t096_rep005_baseline_8cd59436/power.csv,results/fp16_matmul_thread_sweep_fine_m16n16_smutil_rtx3090_20260528/raw/thread_sweep_tensor_mma_f16acc_t096_rep005_test_c98d995b/sm_util.csv,results/fp16_matmul_thread_sweep_fine_m16n16_smutil_rtx3090_20260528/raw/thread_sweep_tensor_mma_f16acc_t096_rep005_baseline_8cd59436/sm_util.csv
thread_sweep_tensor_mma_f16acc_t096,6,6,NVIDIA GeForce RTX 3090,tensor_core_mma_m16n16k16_f16acc,tensor_mma_f16acc,baseline_nop,656,96,768.0,1000000,8,3.24239038086,1.01575140381,515899392000000.0,0.0,0.0,515899392000000.0,257949696000000.0,257949696000000.0,773849088000000.0,1031798784000000.0,True,False,159.1108199201987,nan,237.66988176639188,nan,802.4686147020626,nan,nan,nan,nan,nan,nan,nan,nan,nan,nan,nan,24,0,4,0,1920.0,0.0,72.0,99.95833333333333,100.0,99.75,100.0,False,thread_sweep_tensor_mma_f16acc_t096_rep006_test_3387226e,thread_sweep_tensor_mma_f16acc_t096_rep006_baseline_3e371335,results/fp16_matmul_thread_sweep_fine_m16n16_smutil_rtx3090_20260528/raw/thread_sweep_tensor_mma_f16acc_t096_rep006_test_3387226e/power.csv,results/fp16_matmul_thread_sweep_fine_m16n16_smutil_rtx3090_20260528/raw/thread_sweep_tensor_mma_f16acc_t096_rep006_baseline_3e371335/power.csv,results/fp16_matmul_thread_sweep_fine_m16n16_smutil_rtx3090_20260528/raw/thread_sweep_tensor_mma_f16acc_t096_rep006_test_3387226e/sm_util.csv,results/fp16_matmul_thread_sweep_fine_m16n16_smutil_rtx3090_20260528/raw/thread_sweep_tensor_mma_f16acc_t096_rep006_baseline_3e371335/sm_util.csv
thread_sweep_tensor_mma_f16acc_t096,7,7,NVIDIA GeForce RTX 3090,tensor_core_mma_m16n16k16_f16acc,tensor_mma_f16acc,baseline_nop,656,96,768.0,1000000,8,3.25117553711,1.01719451904,515899392000000.0,0.0,0.0,515899392000000.0,257949696000000.0,257949696000000.0,773849088000000.0,1031798784000000.0,True,False,158.68087899633613,nan,235.50653816022464,210.20801301112593,797.9697484930554,222.85784565362542,683.4231496062732,25.298525149098708,114.54659888678214,0.2220328239634408,0.1594302055112944,nan,nan,0.2220328239634408,0.14802188264229388,0.1110164119817204,25,7,4,1,1920.0,0.0,72.0,100.0,100.0,100.0,100.0,True,thread_sweep_tensor_mma_f16acc_t096_rep007_test_b8421b1c,thread_sweep_tensor_mma_f16acc_t096_rep007_baseline_72a91460,results/fp16_matmul_thread_sweep_fine_m16n16_smutil_rtx3090_20260528/raw/thread_sweep_tensor_mma_f16acc_t096_rep007_test_b8421b1c/power.csv,results/fp16_matmul_thread_sweep_fine_m16n16_smutil_rtx3090_20260528/raw/thread_sweep_tensor_mma_f16acc_t096_rep007_baseline_72a91460/power.csv,results/fp16_matmul_thread_sweep_fine_m16n16_smutil_rtx3090_20260528/raw/thread_sweep_tensor_mma_f16acc_t096_rep007_test_b8421b1c/sm_util.csv,results/fp16_matmul_thread_sweep_fine_m16n16_smutil_rtx3090_20260528/raw/thread_sweep_tensor_mma_f16acc_t096_rep007_baseline_72a91460/sm_util.csv
thread_sweep_tensor_mma_f16acc_t096,8,8,NVIDIA GeForce RTX 3090,tensor_core_mma_m16n16k16_f16acc,tensor_mma_f16acc,baseline_nop,656,96,768.0,1000000,8,3.2376474609400003,1.01406903076,515899392000000.0,0.0,0.0,515899392000000.0,257949696000000.0,257949696000000.0,773849088000000.0,1031798784000000.0,True,False,159.3439057908475,nan,236.1458300141147,212.81205785397904,796.322976562564,224.8682197325365,689.0104187683517,23.333772160135652,107.31255779421235,0.20801063048008467,0.14643655208730244,nan,nan,0.20801063048008467,0.1386737536533898,0.10400531524004233,25,8,4,1,1920.0,0.0,72.0,99.92,100.0,99.75,100.0,True,thread_sweep_tensor_mma_f16acc_t096_rep008_test_ec937053,thread_sweep_tensor_mma_f16acc_t096_rep008_baseline_f8e1a8ff,results/fp16_matmul_thread_sweep_fine_m16n16_smutil_rtx3090_20260528/raw/thread_sweep_tensor_mma_f16acc_t096_rep008_test_ec937053/power.csv,results/fp16_matmul_thread_sweep_fine_m16n16_smutil_rtx3090_20260528/raw/thread_sweep_tensor_mma_f16acc_t096_rep008_baseline_f8e1a8ff/power.csv,results/fp16_matmul_thread_sweep_fine_m16n16_smutil_rtx3090_20260528/raw/thread_sweep_tensor_mma_f16acc_t096_rep008_test_ec937053/sm_util.csv,results/fp16_matmul_thread_sweep_fine_m16n16_smutil_rtx3090_20260528/raw/thread_sweep_tensor_mma_f16acc_t096_rep008_baseline_f8e1a8ff/sm_util.csv
thread_sweep_tensor_mma_f16acc_t096,9,9,NVIDIA GeForce RTX 3090,tensor_core_mma_m16n16k16_f16acc,tensor_mma_f16acc,baseline_nop,656,96,768.0,1000000,8,3.23635888672,1.02321868896,515899392000000.0,0.0,0.0,515899392000000.0,257949696000000.0,257949696000000.0,773849088000000.0,1031798784000000.0,True,False,159.40734944969472,nan,236.05344367966873,nan,795.220516892293,nan,nan,nan,nan,nan,nan,nan,nan,nan,nan,nan,24,0,4,0,1920.0,0.0,72.0,100.0,100.0,100.0,100.0,False,thread_sweep_tensor_mma_f16acc_t096_rep009_test_ae12a941,thread_sweep_tensor_mma_f16acc_t096_rep009_baseline_85cbbf4b,results/fp16_matmul_thread_sweep_fine_m16n16_smutil_rtx3090_20260528/raw/thread_sweep_tensor_mma_f16acc_t096_rep009_test_ae12a941/power.csv,results/fp16_matmul_thread_sweep_fine_m16n16_smutil_rtx3090_20260528/raw/thread_sweep_tensor_mma_f16acc_t096_rep009_baseline_85cbbf4b/power.csv,results/fp16_matmul_thread_sweep_fine_m16n16_smutil_rtx3090_20260528/raw/thread_sweep_tensor_mma_f16acc_t096_rep009_test_ae12a941/sm_util.csv,results/fp16_matmul_thread_sweep_fine_m16n16_smutil_rtx3090_20260528/raw/thread_sweep_tensor_mma_f16acc_t096_rep009_baseline_85cbbf4b/sm_util.csv
thread_sweep_tensor_mma_f16acc_t128,0,0,NVIDIA GeForce RTX 3090,tensor_core_mma_m16n16k16_f16acc,tensor_mma_f16acc,baseline_nop,656,128,1024.0,1000000,8,3.16832519531,0.7513240356449999,515899392000000.0,0.0,0.0,515899392000000.0,257949696000000.0,257949696000000.0,773849088000000.0,1031798784000000.0,True,False,162.83031576546315,nan,222.94740477256173,195.6045874499993,738.4585690225061,153.60957488399373,619.738942736051,27.34281732256244,118.7196262864552,0.2301216635015053,0.16792215377108505,nan,nan,0.2301216635015053,0.1534144423343369,0.11506083175075266,25,5,3,1,1950.0,0.0,60.0,99.92,100.0,100.0,100.0,True,thread_sweep_tensor_mma_f16acc_t128_rep000_test_ef643bd5,thread_sweep_tensor_mma_f16acc_t128_rep000_baseline_22f32d61,results/fp16_matmul_thread_sweep_fine_m16n16_smutil_rtx3090_20260528/raw/thread_sweep_tensor_mma_f16acc_t128_rep000_test_ef643bd5/power.csv,results/fp16_matmul_thread_sweep_fine_m16n16_smutil_rtx3090_20260528/raw/thread_sweep_tensor_mma_f16acc_t128_rep000_baseline_22f32d61/power.csv,results/fp16_matmul_thread_sweep_fine_m16n16_smutil_rtx3090_20260528/raw/thread_sweep_tensor_mma_f16acc_t128_rep000_test_ef643bd5/sm_util.csv,results/fp16_matmul_thread_sweep_fine_m16n16_smutil_rtx3090_20260528/raw/thread_sweep_tensor_mma_f16acc_t128_rep000_baseline_22f32d61/sm_util.csv
thread_sweep_tensor_mma_f16acc_t128,1,1,NVIDIA GeForce RTX 3090,tensor_core_mma_m16n16k16_f16acc,tensor_mma_f16acc,baseline_nop,656,128,1024.0,1000000,8,3.28736865234,0.777775085449,515899392000000.0,0.0,0.0,515899392000000.0,257949696000000.0,257949696000000.0,773849088000000.0,1031798784000000.0,True,False,156.93384179251535,nan,230.5891986627503,201.22171633911296,789.4815130982901,163.03019375871298,661.4899624632516,29.367482323637347,127.9915506350385,0.24809401332854933,0.18713288343800663,nan,nan,0.24809401332854933,0.16539600888569955,0.12404700666427466,25,5,3,1,1935.0,0.0,68.0,99.96,100.0,100.0,100.0,True,thread_sweep_tensor_mma_f16acc_t128_rep001_test_0f84d4dd,thread_sweep_tensor_mma_f16acc_t128_rep001_baseline_4aa90c82,results/fp16_matmul_thread_sweep_fine_m16n16_smutil_rtx3090_20260528/raw/thread_sweep_tensor_mma_f16acc_t128_rep001_test_0f84d4dd/power.csv,results/fp16_matmul_thread_sweep_fine_m16n16_smutil_rtx3090_20260528/raw/thread_sweep_tensor_mma_f16acc_t128_rep001_baseline_4aa90c82/power.csv,results/fp16_matmul_thread_sweep_fine_m16n16_smutil_rtx3090_20260528/raw/thread_sweep_tensor_mma_f16acc_t128_rep001_test_0f84d4dd/sm_util.csv,results/fp16_matmul_thread_sweep_fine_m16n16_smutil_rtx3090_20260528/raw/thread_sweep_tensor_mma_f16acc_t128_rep001_baseline_4aa90c82/sm_util.csv
thread_sweep_tensor_mma_f16acc_t128,2,2,NVIDIA GeForce RTX 3090,tensor_core_mma_m16n16k16_f16acc,tensor_mma_f16acc,baseline_nop,656,128,1024.0,1000000,8,3.3129042968799998,0.762239624023,515899392000000.0,0.0,0.0,515899392000000.0,257949696000000.0,257949696000000.0,773849088000000.0,1031798784000000.0,True,False,155.7242062458187,nan,233.0752815320579,211.1617832935678,804.2006896356805,167.7531412633843,699.5587792101041,21.913498238490092,104.64191042557638,0.2028339479523488,0.14071992252699947,nan,nan,0.2028339479523488,0.1352226319682325,0.1014169739761744,25,5,3,1,1935.0,0.0,70.0,99.96,100.0,100.0,100.0,True,thread_sweep_tensor_mma_f16acc_t128_rep002_test_940d5e02,thread_sweep_tensor_mma_f16acc_t128_rep002_baseline_7a06041e,results/fp16_matmul_thread_sweep_fine_m16n16_smutil_rtx3090_20260528/raw/thread_sweep_tensor_mma_f16acc_t128_rep002_test_940d5e02/power.csv,results/fp16_matmul_thread_sweep_fine_m16n16_smutil_rtx3090_20260528/raw/thread_sweep_tensor_mma_f16acc_t128_rep002_baseline_7a06041e/power.csv,results/fp16_matmul_thread_sweep_fine_m16n16_smutil_rtx3090_20260528/raw/thread_sweep_tensor_mma_f16acc_t128_rep002_test_940d5e02/sm_util.csv,results/fp16_matmul_thread_sweep_fine_m16n16_smutil_rtx3090_20260528/raw/thread_sweep_tensor_mma_f16acc_t128_rep002_baseline_7a06041e/sm_util.csv
thread_sweep_tensor_mma_f16acc_t128,3,3,NVIDIA GeForce RTX 3090,tensor_core_mma_m16n16k16_f16acc,tensor_mma_f16acc,baseline_nop,656,128,1024.0,1000000,8,3.21849951172,0.7633715209959999,515899392000000.0,0.0,0.0,515899392000000.0,257949696000000.0,257949696000000.0,773849088000000.0,1031798784000000.0,True,False,160.29189692941662,nan,235.56342306538923,209.0349355770007,789.0871306634328,166.3235560953725,672.7788380869985,26.52848748838852,116.30829257643438,0.22544762482766093,0.16550111388394229,nan,nan,0.22544762482766093,0.15029841655177395,0.11272381241383046,24,5,3,1,1935.0,0.0,71.0,100.0,100.0,100.0,100.0,True,thread_sweep_tensor_mma_f16acc_t128_rep003_test_282d9b0c,thread_sweep_tensor_mma_f16acc_t128_rep003_baseline_4775c89f,results/fp16_matmul_thread_sweep_fine_m16n16_smutil_rtx3090_20260528/raw/thread_sweep_tensor_mma_f16acc_t128_rep003_test_282d9b0c/power.csv,results/fp16_matmul_thread_sweep_fine_m16n16_smutil_rtx3090_20260528/raw/thread_sweep_tensor_mma_f16acc_t128_rep003_baseline_4775c89f/power.csv,results/fp16_matmul_thread_sweep_fine_m16n16_smutil_rtx3090_20260528/raw/thread_sweep_tensor_mma_f16acc_t128_rep003_test_282d9b0c/sm_util.csv,results/fp16_matmul_thread_sweep_fine_m16n16_smutil_rtx3090_20260528/raw/thread_sweep_tensor_mma_f16acc_t128_rep003_baseline_4775c89f/sm_util.csv
thread_sweep_tensor_mma_f16acc_t128,4,4,NVIDIA GeForce RTX 3090,tensor_core_mma_m16n16k16_f16acc,tensor_mma_f16acc,baseline_nop,656,128,1024.0,1000000,8,3.21810205078,0.7628236694339999,515899392000000.0,0.0,0.0,515899392000000.0,257949696000000.0,257949696000000.0,773849088000000.0,1031798784000000.0,True,False,160.31169424069597,nan,237.25065871548315,207.79635824643356,794.9612446171357,165.12931112016454,668.7098866174633,29.4543004690496,126.25135799967234,0.24472088930019972,0.1837314527087848,nan,nan,0.24472088930019972,0.16314725953346648,0.12236044465009986,25,5,3,1,1920.0,0.0,71.0,100.0,100.0,100.0,100.0,True,thread_sweep_tensor_mma_f16acc_t128_rep004_test_46fc3c7c,thread_sweep_tensor_mma_f16acc_t128_rep004_baseline_06a2fe79,results/fp16_matmul_thread_sweep_fine_m16n16_smutil_rtx3090_20260528/raw/thread_sweep_tensor_mma_f16acc_t128_rep004_test_46fc3c7c/power.csv,results/fp16_matmul_thread_sweep_fine_m16n16_smutil_rtx3090_20260528/raw/thread_sweep_tensor_mma_f16acc_t128_rep004_baseline_06a2fe79/power.csv,results/fp16_matmul_thread_sweep_fine_m16n16_smutil_rtx3090_20260528/raw/thread_sweep_tensor_mma_f16acc_t128_rep004_test_46fc3c7c/sm_util.csv,results/fp16_matmul_thread_sweep_fine_m16n16_smutil_rtx3090_20260528/raw/thread_sweep_tensor_mma_f16acc_t128_rep004_baseline_06a2fe79/sm_util.csv
thread_sweep_tensor_mma_f16acc_t128,5,5,NVIDIA GeForce RTX 3090,tensor_core_mma_m16n16k16_f16acc,tensor_mma_f16acc,baseline_nop,656,128,1024.0,1000000,8,3.22209179688,0.767039489746,515899392000000.0,0.0,0.0,515899392000000.0,257949696000000.0,257949696000000.0,773849088000000.0,1031798784000000.0,True,False,160.1131887364454,nan,237.9475923375732,213.7769013428126,800.4691608429997,171.4066410171268,688.8088001791016,24.170690994760605,111.66036066389813,0.21643824822320806,0.1509600251266422,nan,nan,0.21643824822320806,0.14429216548213872,0.10821912411160403,24,5,3,1,1920.0,0.0,72.0,100.0,100.0,100.0,100.0,True,thread_sweep_tensor_mma_f16acc_t128_rep005_test_e7e125e8,thread_sweep_tensor_mma_f16acc_t128_rep005_baseline_d862765a,results/fp16_matmul_thread_sweep_fine_m16n16_smutil_rtx3090_20260528/raw/thread_sweep_tensor_mma_f16acc_t128_rep005_test_e7e125e8/power.csv,results/fp16_matmul_thread_sweep_fine_m16n16_smutil_rtx3090_20260528/raw/thread_sweep_tensor_mma_f16acc_t128_rep005_baseline_d862765a/power.csv,results/fp16_matmul_thread_sweep_fine_m16n16_smutil_rtx3090_20260528/raw/thread_sweep_tensor_mma_f16acc_t128_rep005_test_e7e125e8/sm_util.csv,results/fp16_matmul_thread_sweep_fine_m16n16_smutil_rtx3090_20260528/raw/thread_sweep_tensor_mma_f16acc_t128_rep005_baseline_d862765a/sm_util.csv
thread_sweep_tensor_mma_f16acc_t128,6,6,NVIDIA GeForce RTX 3090,tensor_core_mma_m16n16k16_f16acc,tensor_mma_f16acc,baseline_nop,656,128,1024.0,1000000,8,3.25328393555,0.774292480469,515899392000000.0,0.0,0.0,515899392000000.0,257949696000000.0,257949696000000.0,773849088000000.0,1031798784000000.0,True,False,158.57804059539674,nan,237.9040103076319,208.7927589801588,805.9866736873295,168.40383047382093,679.2621286493136,29.1112513274731,126.72454503801589,0.24563809727850175,0.18357681314620902,nan,nan,0.24563809727850175,0.16375873151900114,0.12281904863925087,25,5,3,1,1920.0,0.0,72.0,99.92,100.0,100.0,100.0,True,thread_sweep_tensor_mma_f16acc_t128_rep006_test_5f71e17b,thread_sweep_tensor_mma_f16acc_t128_rep006_baseline_3454eec6,results/fp16_matmul_thread_sweep_fine_m16n16_smutil_rtx3090_20260528/raw/thread_sweep_tensor_mma_f16acc_t128_rep006_test_5f71e17b/power.csv,results/fp16_matmul_thread_sweep_fine_m16n16_smutil_rtx3090_20260528/raw/thread_sweep_tensor_mma_f16acc_t128_rep006_baseline_3454eec6/power.csv,results/fp16_matmul_thread_sweep_fine_m16n16_smutil_rtx3090_20260528/raw/thread_sweep_tensor_mma_f16acc_t128_rep006_test_5f71e17b/sm_util.csv,results/fp16_matmul_thread_sweep_fine_m16n16_smutil_rtx3090_20260528/raw/thread_sweep_tensor_mma_f16acc_t128_rep006_baseline_3454eec6/sm_util.csv
thread_sweep_tensor_mma_f16acc_t128,7,7,NVIDIA GeForce RTX 3090,tensor_core_mma_m16n16k16_f16acc,tensor_mma_f16acc,baseline_nop,656,128,1024.0,1000000,8,3.25190454102,0.768839538574,515899392000000.0,0.0,0.0,515899392000000.0,257949696000000.0,257949696000000.0,773849088000000.0,1031798784000000.0,True,False,158.64530630969315,nan,237.95424221327454,207.5057482702591,804.8525513978029,166.3381593339195,674.7888850878086,30.44849394301545,130.06366630999435,0.2521105245070619,0.19192811089901787,nan,nan,0.2521105245070619,0.16807368300470796,0.12605526225353095,25,5,3,1,1920.0,0.0,72.0,99.92,100.0,100.0,100.0,True,thread_sweep_tensor_mma_f16acc_t128_rep007_test_2c14e604,thread_sweep_tensor_mma_f16acc_t128_rep007_baseline_fa669261,results/fp16_matmul_thread_sweep_fine_m16n16_smutil_rtx3090_20260528/raw/thread_sweep_tensor_mma_f16acc_t128_rep007_test_2c14e604/power.csv,results/fp16_matmul_thread_sweep_fine_m16n16_smutil_rtx3090_20260528/raw/thread_sweep_tensor_mma_f16acc_t128_rep007_baseline_fa669261/power.csv,results/fp16_matmul_thread_sweep_fine_m16n16_smutil_rtx3090_20260528/raw/thread_sweep_tensor_mma_f16acc_t128_rep007_test_2c14e604/sm_util.csv,results/fp16_matmul_thread_sweep_fine_m16n16_smutil_rtx3090_20260528/raw/thread_sweep_tensor_mma_f16acc_t128_rep007_baseline_fa669261/sm_util.csv
thread_sweep_tensor_mma_f16acc_t128,8,8,NVIDIA GeForce RTX 3090,tensor_core_mma_m16n16k16_f16acc,tensor_mma_f16acc,baseline_nop,656,128,1024.0,1000000,8,3.23518676758,0.765005493164,515899392000000.0,0.0,0.0,515899392000000.0,257949696000000.0,257949696000000.0,773849088000000.0,1031798784000000.0,True,False,159.4651032731274,nan,238.22464536396203,210.10949755550206,802.7345555378406,167.4690829582352,679.7434662344426,28.115147808459966,122.99108930339798,0.23840130694202868,0.1763090935344338,nan,nan,0.23840130694202868,0.15893420462801913,0.11920065347101434,25,5,3,1,1920.0,0.0,72.0,99.96,100.0,100.0,100.0,True,thread_sweep_tensor_mma_f16acc_t128_rep008_test_42129972,thread_sweep_tensor_mma_f16acc_t128_rep008_baseline_e2997658,results/fp16_matmul_thread_sweep_fine_m16n16_smutil_rtx3090_20260528/raw/thread_sweep_tensor_mma_f16acc_t128_rep008_test_42129972/power.csv,results/fp16_matmul_thread_sweep_fine_m16n16_smutil_rtx3090_20260528/raw/thread_sweep_tensor_mma_f16acc_t128_rep008_baseline_e2997658/power.csv,results/fp16_matmul_thread_sweep_fine_m16n16_smutil_rtx3090_20260528/raw/thread_sweep_tensor_mma_f16acc_t128_rep008_test_42129972/sm_util.csv,results/fp16_matmul_thread_sweep_fine_m16n16_smutil_rtx3090_20260528/raw/thread_sweep_tensor_mma_f16acc_t128_rep008_baseline_e2997658/sm_util.csv
thread_sweep_tensor_mma_f16acc_t128,9,9,NVIDIA GeForce RTX 3090,tensor_core_mma_m16n16k16_f16acc,tensor_mma_f16acc,baseline_nop,656,128,1024.0,1000000,8,3.25446972656,0.764680175781,515899392000000.0,0.0,0.0,515899392000000.0,257949696000000.0,257949696000000.0,773849088000000.0,1031798784000000.0,True,False,158.52026146984926,nan,235.61755292421964,213.62982623317544,799.2565583359514,170.2920591313509,695.2518021661427,21.9877266910442,104.00475616980862,0.20159891207975802,0.13870609654038638,nan,nan,0.20159891207975802,0.13439927471983867,0.10079945603987901,25,5,3,1,1920.0,0.0,72.0,99.92,100.0,100.0,100.0,True,thread_sweep_tensor_mma_f16acc_t128_rep009_test_bc944629,thread_sweep_tensor_mma_f16acc_t128_rep009_baseline_8ceed524,results/fp16_matmul_thread_sweep_fine_m16n16_smutil_rtx3090_20260528/raw/thread_sweep_tensor_mma_f16acc_t128_rep009_test_bc944629/power.csv,results/fp16_matmul_thread_sweep_fine_m16n16_smutil_rtx3090_20260528/raw/thread_sweep_tensor_mma_f16acc_t128_rep009_baseline_8ceed524/power.csv,results/fp16_matmul_thread_sweep_fine_m16n16_smutil_rtx3090_20260528/raw/thread_sweep_tensor_mma_f16acc_t128_rep009_test_bc944629/sm_util.csv,results/fp16_matmul_thread_sweep_fine_m16n16_smutil_rtx3090_20260528/raw/thread_sweep_tensor_mma_f16acc_t128_rep009_baseline_8ceed524/sm_util.csv
thread_sweep_tensor_mma_f16acc_t160,0,0,NVIDIA GeForce RTX 3090,tensor_core_mma_m16n16k16_f16acc,tensor_mma_f16acc,baseline_nop,656,160,1280.0,1000000,8,2.65974169922,0.6387711791990001,429916160000000.0,0.0,0.0,429916160000000.0,214958080000000.0,214958080000000.0,644874240000000.0,859832320000000.0,True,False,161.6383125196247,nan,226.02685368693344,194.76271708259074,327.48721806785426,129.74811734253325,518.018520077954,31.264136604342696,-190.53130201009975,-0.44318246145969425,0.1934203352967254,nan,nan,-0.44318246145969425,-0.29545497430646284,-0.22159123072984713,13,4,2,0,1950.0,0.0,61.0,100.0,100.0,100.0,100.0,False,thread_sweep_tensor_mma_f16acc_t160_rep000_test_45482d68,thread_sweep_tensor_mma_f16acc_t160_rep000_baseline_5c2c8f3c,results/fp16_matmul_thread_sweep_fine_m16n16_smutil_rtx3090_20260528/raw/thread_sweep_tensor_mma_f16acc_t160_rep000_test_45482d68/power.csv,results/fp16_matmul_thread_sweep_fine_m16n16_smutil_rtx3090_20260528/raw/thread_sweep_tensor_mma_f16acc_t160_rep000_baseline_5c2c8f3c/power.csv,results/fp16_matmul_thread_sweep_fine_m16n16_smutil_rtx3090_20260528/raw/thread_sweep_tensor_mma_f16acc_t160_rep000_test_45482d68/sm_util.csv,results/fp16_matmul_thread_sweep_fine_m16n16_smutil_rtx3090_20260528/raw/thread_sweep_tensor_mma_f16acc_t160_rep000_baseline_5c2c8f3c/sm_util.csv
thread_sweep_tensor_mma_f16acc_t160,1,1,NVIDIA GeForce RTX 3090,tensor_core_mma_m16n16k16_f16acc,tensor_mma_f16acc,baseline_nop,656,160,1280.0,1000000,8,2.68039160156,0.6439761962889999,429916160000000.0,0.0,0.0,429916160000000.0,214958080000000.0,214958080000000.0,644874240000000.0,859832320000000.0,True,False,160.39304098318578,nan,233.38449130740153,205.1748404599895,651.5631255316888,137.7126128510954,549.9489192203687,28.209650847412036,101.61420631132012,0.2363581920514924,0.175878271741037,nan,nan,0.2363581920514924,0.15757212803432824,0.1181790960257462,21,5,3,0,1935.0,0.0,69.0,99.95238095238095,100.0,99.66666666666667,100.0,True,thread_sweep_tensor_mma_f16acc_t160_rep001_test_6c57d737,thread_sweep_tensor_mma_f16acc_t160_rep001_baseline_9b811d99,results/fp16_matmul_thread_sweep_fine_m16n16_smutil_rtx3090_20260528/raw/thread_sweep_tensor_mma_f16acc_t160_rep001_test_6c57d737/power.csv,results/fp16_matmul_thread_sweep_fine_m16n16_smutil_rtx3090_20260528/raw/thread_sweep_tensor_mma_f16acc_t160_rep001_baseline_9b811d99/power.csv,results/fp16_matmul_thread_sweep_fine_m16n16_smutil_rtx3090_20260528/raw/thread_sweep_tensor_mma_f16acc_t160_rep001_test_6c57d737/sm_util.csv,results/fp16_matmul_thread_sweep_fine_m16n16_smutil_rtx3090_20260528/raw/thread_sweep_tensor_mma_f16acc_t160_rep001_baseline_9b811d99/sm_util.csv
thread_sweep_tensor_mma_f16acc_t160,2,2,NVIDIA GeForce RTX 3090,tensor_core_mma_m16n16k16_f16acc,tensor_mma_f16acc,baseline_nop,656,160,1280.0,1000000,8,2.68684692383,0.6478458862300001,429916160000000.0,0.0,0.0,429916160000000.0,214958080000000.0,214958080000000.0,644874240000000.0,859832320000000.0,True,False,160.00768640260702,nan,235.60723465428808,222.17653062418978,658.5123081555515,149.99333986492124,596.9543278548261,13.430704030098298,61.557980300725376,0.1431860116649846,0.08393786781157701,nan,nan,0.1431860116649846,0.09545734110998971,0.0715930058324923,20,5,3,0,1935.0,0.0,70.0,99.95,100.0,99.66666666666667,100.0,True,thread_sweep_tensor_mma_f16acc_t160_rep002_test_fb13d7ec,thread_sweep_tensor_mma_f16acc_t160_rep002_baseline_2c1f1ea7,results/fp16_matmul_thread_sweep_fine_m16n16_smutil_rtx3090_20260528/raw/thread_sweep_tensor_mma_f16acc_t160_rep002_test_fb13d7ec/power.csv,results/fp16_matmul_thread_sweep_fine_m16n16_smutil_rtx3090_20260528/raw/thread_sweep_tensor_mma_f16acc_t160_rep002_baseline_2c1f1ea7/power.csv,results/fp16_matmul_thread_sweep_fine_m16n16_smutil_rtx3090_20260528/raw/thread_sweep_tensor_mma_f16acc_t160_rep002_test_fb13d7ec/sm_util.csv,results/fp16_matmul_thread_sweep_fine_m16n16_smutil_rtx3090_20260528/raw/thread_sweep_tensor_mma_f16acc_t160_rep002_baseline_2c1f1ea7/sm_util.csv
thread_sweep_tensor_mma_f16acc_t160,3,3,NVIDIA GeForce RTX 3090,tensor_core_mma_m16n16k16_f16acc,tensor_mma_f16acc,baseline_nop,656,160,1280.0,1000000,8,2.68058837891,0.648604675293,429916160000000.0,0.0,0.0,429916160000000.0,214958080000000.0,214958080000000.0,644874240000000.0,859832320000000.0,True,False,160.3812668078549,nan,238.14749919264614,207.89496035191985,664.6760923702861,140.4423496408825,557.2808147533116,30.252538840726288,107.39527761697457,0.24980516577226258,0.18862888068449044,nan,nan,0.24980516577226258,0.1665367771815084,0.12490258288613129,20,4,3,0,1935.0,0.0,71.0,99.95,100.0,100.0,100.0,True,thread_sweep_tensor_mma_f16acc_t160_rep003_test_538e2e7e,thread_sweep_tensor_mma_f16acc_t160_rep003_baseline_bb999778,results/fp16_matmul_thread_sweep_fine_m16n16_smutil_rtx3090_20260528/raw/thread_sweep_tensor_mma_f16acc_t160_rep003_test_538e2e7e/power.csv,results/fp16_matmul_thread_sweep_fine_m16n16_smutil_rtx3090_20260528/raw/thread_sweep_tensor_mma_f16acc_t160_rep003_baseline_bb999778/power.csv,results/fp16_matmul_thread_sweep_fine_m16n16_smutil_rtx3090_20260528/raw/thread_sweep_tensor_mma_f16acc_t160_rep003_test_538e2e7e/sm_util.csv,results/fp16_matmul_thread_sweep_fine_m16n16_smutil_rtx3090_20260528/raw/thread_sweep_tensor_mma_f16acc_t160_rep003_baseline_bb999778/sm_util.csv
thread_sweep_tensor_mma_f16acc_t160,4,4,NVIDIA GeForce RTX 3090,tensor_core_mma_m16n16k16_f16acc,tensor_mma_f16acc,baseline_nop,656,160,1280.0,1000000,8,2.68057275391,0.647884765625,429916160000000.0,0.0,0.0,429916160000000.0,214958080000000.0,214958080000000.0,644874240000000.0,859832320000000.0,True,False,160.3822016667541,nan,238.7785915284219,212.29729693489674,666.510574165734,143.29395240025596,569.0783498924251,26.481294593525178,97.43222427330898,0.2266307558043619,0.16511367420026216,nan,nan,0.2266307558043619,0.15108717053624127,0.11331537790218095,20,4,3,0,1920.0,0.0,71.0,100.0,100.0,100.0,100.0,True,thread_sweep_tensor_mma_f16acc_t160_rep004_test_6b2c92d8,thread_sweep_tensor_mma_f16acc_t160_rep004_baseline_c673241f,results/fp16_matmul_thread_sweep_fine_m16n16_smutil_rtx3090_20260528/raw/thread_sweep_tensor_mma_f16acc_t160_rep004_test_6b2c92d8/power.csv,results/fp16_matmul_thread_sweep_fine_m16n16_smutil_rtx3090_20260528/raw/thread_sweep_tensor_mma_f16acc_t160_rep004_baseline_c673241f/power.csv,results/fp16_matmul_thread_sweep_fine_m16n16_smutil_rtx3090_20260528/raw/thread_sweep_tensor_mma_f16acc_t160_rep004_test_6b2c92d8/sm_util.csv,results/fp16_matmul_thread_sweep_fine_m16n16_smutil_rtx3090_20260528/raw/thread_sweep_tensor_mma_f16acc_t160_rep004_baseline_c673241f/sm_util.csv
thread_sweep_tensor_mma_f16acc_t160,5,5,NVIDIA GeForce RTX 3090,tensor_core_mma_m16n16k16_f16acc,tensor_mma_f16acc,baseline_nop,656,160,1280.0,1000000,8,2.6830590820299998,0.649311096191,429916160000000.0,0.0,0.0,429916160000000.0,214958080000000.0,214958080000000.0,644874240000000.0,859832320000000.0,True,False,160.23357923028885,nan,239.33499673480463,211.1373094500099,667.6269514954855,142.59343086648303,566.4938756752275,28.19768728479474,101.133075820258,0.23523906572913658,0.1759786395601188,nan,nan,0.23523906572913658,0.1568260438194244,0.11761953286456829,30,4,4,0,1920.0,0.0,72.0,100.0,100.0,100.0,100.0,True,thread_sweep_tensor_mma_f16acc_t160_rep005_test_ed288e45,thread_sweep_tensor_mma_f16acc_t160_rep005_baseline_bf5e7f42,results/fp16_matmul_thread_sweep_fine_m16n16_smutil_rtx3090_20260528/raw/thread_sweep_tensor_mma_f16acc_t160_rep005_test_ed288e45/power.csv,results/fp16_matmul_thread_sweep_fine_m16n16_smutil_rtx3090_20260528/raw/thread_sweep_tensor_mma_f16acc_t160_rep005_baseline_bf5e7f42/power.csv,results/fp16_matmul_thread_sweep_fine_m16n16_smutil_rtx3090_20260528/raw/thread_sweep_tensor_mma_f16acc_t160_rep005_test_ed288e45/sm_util.csv,results/fp16_matmul_thread_sweep_fine_m16n16_smutil_rtx3090_20260528/raw/thread_sweep_tensor_mma_f16acc_t160_rep005_baseline_bf5e7f42/sm_util.csv
thread_sweep_tensor_mma_f16acc_t160,6,6,NVIDIA GeForce RTX 3090,tensor_core_mma_m16n16k16_f16acc,tensor_mma_f16acc,baseline_nop,656,160,1280.0,1000000,8,2.71184594727,0.651628112793,429916160000000.0,0.0,0.0,429916160000000.0,214958080000000.0,214958080000000.0,644874240000000.0,859832320000000.0,True,False,158.5326631229898,nan,239.3372023845003,211.50904560568475,675.9051940769207,143.5957728212834,573.5799481367218,27.828156778815554,102.3252459401989,0.23801209505639168,0.17553579325937674,nan,nan,0.23801209505639168,0.15867473003759444,0.11900604752819584,21,4,3,0,1920.0,0.0,72.0,99.9047619047619,100.0,100.0,100.0,True,thread_sweep_tensor_mma_f16acc_t160_rep006_test_6480e20e,thread_sweep_tensor_mma_f16acc_t160_rep006_baseline_61603863,results/fp16_matmul_thread_sweep_fine_m16n16_smutil_rtx3090_20260528/raw/thread_sweep_tensor_mma_f16acc_t160_rep006_test_6480e20e/power.csv,results/fp16_matmul_thread_sweep_fine_m16n16_smutil_rtx3090_20260528/raw/thread_sweep_tensor_mma_f16acc_t160_rep006_baseline_61603863/power.csv,results/fp16_matmul_thread_sweep_fine_m16n16_smutil_rtx3090_20260528/raw/thread_sweep_tensor_mma_f16acc_t160_rep006_test_6480e20e/sm_util.csv,results/fp16_matmul_thread_sweep_fine_m16n16_smutil_rtx3090_20260528/raw/thread_sweep_tensor_mma_f16acc_t160_rep006_baseline_61603863/sm_util.csv
thread_sweep_tensor_mma_f16acc_t160,7,7,NVIDIA GeForce RTX 3090,tensor_core_mma_m16n16k16_f16acc,tensor_mma_f16acc,baseline_nop,656,160,1280.0,1000000,8,2.6847761230500002,0.653346557617,429916160000000.0,0.0,0.0,429916160000000.0,214958080000000.0,214958080000000.0,644874240000000.0,859832320000000.0,True,False,160.1311022952633,nan,240.03254019951788,206.9988064114456,674.2582631501193,140.77650960590591,555.7454529532985,33.03373378807228,118.51281019682085,0.2756649347556995,0.20629180287013751,nan,nan,0.2756649347556995,0.1837766231704663,0.13783246737784974,21,5,3,0,1920.0,0.0,72.0,99.95238095238095,100.0,99.66666666666667,100.0,True,thread_sweep_tensor_mma_f16acc_t160_rep007_test_f7eca3d5,thread_sweep_tensor_mma_f16acc_t160_rep007_baseline_50fe17c8,results/fp16_matmul_thread_sweep_fine_m16n16_smutil_rtx3090_20260528/raw/thread_sweep_tensor_mma_f16acc_t160_rep007_test_f7eca3d5/power.csv,results/fp16_matmul_thread_sweep_fine_m16n16_smutil_rtx3090_20260528/raw/thread_sweep_tensor_mma_f16acc_t160_rep007_baseline_50fe17c8/power.csv,results/fp16_matmul_thread_sweep_fine_m16n16_smutil_rtx3090_20260528/raw/thread_sweep_tensor_mma_f16acc_t160_rep007_test_f7eca3d5/sm_util.csv,results/fp16_matmul_thread_sweep_fine_m16n16_smutil_rtx3090_20260528/raw/thread_sweep_tensor_mma_f16acc_t160_rep007_baseline_50fe17c8/sm_util.csv
thread_sweep_tensor_mma_f16acc_t160,8,8,NVIDIA GeForce RTX 3090,tensor_core_mma_m16n16k16_f16acc,tensor_mma_f16acc,baseline_nop,656,160,1280.0,1000000,8,2.69870996094,0.649680847168,429916160000000.0,0.0,0.0,429916160000000.0,214958080000000.0,214958080000000.0,644874240000000.0,859832320000000.0,True,False,159.30432177685887,nan,239.7208132691693,207.5632903578993,673.7436400331394,140.5679584398401,560.1531192143443,32.15752291127001,113.59052081879508,0.26421551778559593,0.20186221285517772,nan,nan,0.26421551778559593,0.17614367852373058,0.13210775889279797,28,5,4,0,1920.0,0.0,72.0,98.92857142857143,100.0,100.0,100.0,True,thread_sweep_tensor_mma_f16acc_t160_rep008_test_7e237b3b,thread_sweep_tensor_mma_f16acc_t160_rep008_baseline_2828a634,results/fp16_matmul_thread_sweep_fine_m16n16_smutil_rtx3090_20260528/raw/thread_sweep_tensor_mma_f16acc_t160_rep008_test_7e237b3b/power.csv,results/fp16_matmul_thread_sweep_fine_m16n16_smutil_rtx3090_20260528/raw/thread_sweep_tensor_mma_f16acc_t160_rep008_baseline_2828a634/power.csv,results/fp16_matmul_thread_sweep_fine_m16n16_smutil_rtx3090_20260528/raw/thread_sweep_tensor_mma_f16acc_t160_rep008_test_7e237b3b/sm_util.csv,results/fp16_matmul_thread_sweep_fine_m16n16_smutil_rtx3090_20260528/raw/thread_sweep_tensor_mma_f16acc_t160_rep008_baseline_2828a634/sm_util.csv
thread_sweep_tensor_mma_f16acc_t160,9,9,NVIDIA GeForce RTX 3090,tensor_core_mma_m16n16k16_f16acc,tensor_mma_f16acc,baseline_nop,656,160,1280.0,1000000,8,2.7197734375,0.6539035644529999,429916160000000.0,0.0,0.0,429916160000000.0,214958080000000.0,214958080000000.0,644874240000000.0,859832320000000.0,True,False,158.07057825933344,nan,239.41442159573546,200.5472876324378,679.11187514205,136.8756590361102,545.4431858653766,38.867133963297675,133.6686892766735,0.3109180387093928,0.24588468259748852,nan,nan,0.3109180387093928,0.20727869247292852,0.1554590193546964,21,5,3,0,1920.0,0.0,72.0,99.95238095238095,100.0,99.66666666666667,100.0,True,thread_sweep_tensor_mma_f16acc_t160_rep009_test_12cac0e6,thread_sweep_tensor_mma_f16acc_t160_rep009_baseline_0fdc1e94,results/fp16_matmul_thread_sweep_fine_m16n16_smutil_rtx3090_20260528/raw/thread_sweep_tensor_mma_f16acc_t160_rep009_test_12cac0e6/power.csv,results/fp16_matmul_thread_sweep_fine_m16n16_smutil_rtx3090_20260528/raw/thread_sweep_tensor_mma_f16acc_t160_rep009_baseline_0fdc1e94/power.csv,results/fp16_matmul_thread_sweep_fine_m16n16_smutil_rtx3090_20260528/raw/thread_sweep_tensor_mma_f16acc_t160_rep009_test_12cac0e6/sm_util.csv,results/fp16_matmul_thread_sweep_fine_m16n16_smutil_rtx3090_20260528/raw/thread_sweep_tensor_mma_f16acc_t160_rep009_baseline_0fdc1e94/sm_util.csv
thread_sweep_tensor_mma_f16acc_t192,0,0,NVIDIA GeForce RTX 3090,tensor_core_mma_m16n16k16_f16acc,tensor_mma_f16acc,baseline_nop,656,192,1536.0,1000000,8,3.1909516601599996,0.9148579711910001,515899392000000.0,0.0,0.0,515899392000000.0,257949696000000.0,257949696000000.0,773849088000000.0,1031798784000000.0,True,False,161.67571525484405,nan,227.81013547132045,210.63410654360052,748.8586475819905,200.53418533727688,672.1232519616203,17.176028927719926,76.73539562037013,0.14874100805369844,0.10623753171987471,nan,nan,0.14874100805369844,0.09916067203579895,0.07437050402684922,25,6,3,1,1950.0,0.0,63.0,99.96,100.0,100.0,100.0,True,thread_sweep_tensor_mma_f16acc_t192_rep000_test_20758955,thread_sweep_tensor_mma_f16acc_t192_rep000_baseline_025e21eb,results/fp16_matmul_thread_sweep_fine_m16n16_smutil_rtx3090_20260528/raw/thread_sweep_tensor_mma_f16acc_t192_rep000_test_20758955/power.csv,results/fp16_matmul_thread_sweep_fine_m16n16_smutil_rtx3090_20260528/raw/thread_sweep_tensor_mma_f16acc_t192_rep000_baseline_025e21eb/power.csv,results/fp16_matmul_thread_sweep_fine_m16n16_smutil_rtx3090_20260528/raw/thread_sweep_tensor_mma_f16acc_t192_rep000_test_20758955/sm_util.csv,results/fp16_matmul_thread_sweep_fine_m16n16_smutil_rtx3090_20260528/raw/thread_sweep_tensor_mma_f16acc_t192_rep000_baseline_025e21eb/sm_util.csv
thread_sweep_tensor_mma_f16acc_t192,1,1,NVIDIA GeForce RTX 3090,tensor_core_mma_m16n16k16_f16acc,tensor_mma_f16acc,baseline_nop,656,192,1536.0,1000000,8,3.21564160156,0.922359802246,515899392000000.0,0.0,0.0,515899392000000.0,257949696000000.0,257949696000000.0,773849088000000.0,1031798784000000.0,True,False,160.43435678581918,nan,234.53093750521822,219.09587382326856,785.3733484376974,210.5088851722365,704.5338065962429,15.435063681949657,80.83954184145443,0.15669633090293394,0.09620796936005147,nan,nan,0.15669633090293394,0.10446422060195597,0.07834816545146697,25,6,3,1,1935.0,0.0,69.0,100.0,100.0,100.0,100.0,True,thread_sweep_tensor_mma_f16acc_t192_rep001_test_01d8c42a,thread_sweep_tensor_mma_f16acc_t192_rep001_baseline_78c66259,results/fp16_matmul_thread_sweep_fine_m16n16_smutil_rtx3090_20260528/raw/thread_sweep_tensor_mma_f16acc_t192_rep001_test_01d8c42a/power.csv,results/fp16_matmul_thread_sweep_fine_m16n16_smutil_rtx3090_20260528/raw/thread_sweep_tensor_mma_f16acc_t192_rep001_baseline_78c66259/power.csv,results/fp16_matmul_thread_sweep_fine_m16n16_smutil_rtx3090_20260528/raw/thread_sweep_tensor_mma_f16acc_t192_rep001_test_01d8c42a/sm_util.csv,results/fp16_matmul_thread_sweep_fine_m16n16_smutil_rtx3090_20260528/raw/thread_sweep_tensor_mma_f16acc_t192_rep001_baseline_78c66259/sm_util.csv
thread_sweep_tensor_mma_f16acc_t192,2,2,NVIDIA GeForce RTX 3090,tensor_core_mma_m16n16k16_f16acc,tensor_mma_f16acc,baseline_nop,656,192,1536.0,1000000,8,3.22749536133,0.92837890625,515899392000000.0,0.0,0.0,515899392000000.0,257949696000000.0,257949696000000.0,773849088000000.0,1031798784000000.0,True,False,159.8451226859102,nan,236.5186477940538,226.80141368394496,796.1983574702765,219.14539720615682,732.0005106080188,9.717234110108848,64.19784686225773,0.12443869455511537,0.06079155839620365,nan,nan,0.12443869455511537,0.08295912970341025,0.062219347277557686,25,7,3,1,1935.0,0.0,70.0,100.0,100.0,100.0,100.0,True,thread_sweep_tensor_mma_f16acc_t192_rep002_test_110e28f7,thread_sweep_tensor_mma_f16acc_t192_rep002_baseline_fd7defbe,results/fp16_matmul_thread_sweep_fine_m16n16_smutil_rtx3090_20260528/raw/thread_sweep_tensor_mma_f16acc_t192_rep002_test_110e28f7/power.csv,results/fp16_matmul_thread_sweep_fine_m16n16_smutil_rtx3090_20260528/raw/thread_sweep_tensor_mma_f16acc_t192_rep002_baseline_fd7defbe/power.csv,results/fp16_matmul_thread_sweep_fine_m16n16_smutil_rtx3090_20260528/raw/thread_sweep_tensor_mma_f16acc_t192_rep002_test_110e28f7/sm_util.csv,results/fp16_matmul_thread_sweep_fine_m16n16_smutil_rtx3090_20260528/raw/thread_sweep_tensor_mma_f16acc_t192_rep002_baseline_fd7defbe/sm_util.csv
thread_sweep_tensor_mma_f16acc_t192,3,3,NVIDIA GeForce RTX 3090,tensor_core_mma_m16n16k16_f16acc,tensor_mma_f16acc,baseline_nop,656,192,1536.0,1000000,8,3.21610644531,0.927655822754,515899392000000.0,0.0,0.0,515899392000000.0,257949696000000.0,257949696000000.0,773849088000000.0,1031798784000000.0,True,False,160.41116821625366,nan,238.88045241430214,219.56860494766698,799.9304494173946,212.14758681313987,706.1560055599169,19.311847466635157,93.77444385747765,0.1817688590287729,0.12038966913201736,nan,nan,0.1817688590287729,0.12117923935251526,0.09088442951438645,28,7,3,1,1920.0,0.0,71.0,99.96428571428571,100.0,100.0,100.0,True,thread_sweep_tensor_mma_f16acc_t192_rep003_test_f6fd5bb8,thread_sweep_tensor_mma_f16acc_t192_rep003_baseline_d30137a3,results/fp16_matmul_thread_sweep_fine_m16n16_smutil_rtx3090_20260528/raw/thread_sweep_tensor_mma_f16acc_t192_rep003_test_f6fd5bb8/power.csv,results/fp16_matmul_thread_sweep_fine_m16n16_smutil_rtx3090_20260528/raw/thread_sweep_tensor_mma_f16acc_t192_rep003_baseline_d30137a3/power.csv,results/fp16_matmul_thread_sweep_fine_m16n16_smutil_rtx3090_20260528/raw/thread_sweep_tensor_mma_f16acc_t192_rep003_test_f6fd5bb8/sm_util.csv,results/fp16_matmul_thread_sweep_fine_m16n16_smutil_rtx3090_20260528/raw/thread_sweep_tensor_mma_f16acc_t192_rep003_baseline_d30137a3/sm_util.csv
thread_sweep_tensor_mma_f16acc_t192,4,4,NVIDIA GeForce RTX 3090,tensor_core_mma_m16n16k16_f16acc,tensor_mma_f16acc,baseline_nop,656,192,1536.0,1000000,8,3.21606762695,0.9281525878910001,515899392000000.0,0.0,0.0,515899392000000.0,257949696000000.0,257949696000000.0,773849088000000.0,1031798784000000.0,True,False,160.41310440018947,nan,239.44974994648987,227.74500873334995,801.8245697019901,220.24264632035647,732.4433497867718,11.704741213139926,69.38121991521825,0.13448595015056397,0.07296624086234005,nan,nan,0.13448595015056397,0.08965730010037598,0.06724297507528199,24,7,3,1,1920.0,0.0,72.0,99.91666666666667,100.0,100.0,100.0,True,thread_sweep_tensor_mma_f16acc_t192_rep004_test_0ab1bfcd,thread_sweep_tensor_mma_f16acc_t192_rep004_baseline_f59b00ff,results/fp16_matmul_thread_sweep_fine_m16n16_smutil_rtx3090_20260528/raw/thread_sweep_tensor_mma_f16acc_t192_rep004_test_0ab1bfcd/power.csv,results/fp16_matmul_thread_sweep_fine_m16n16_smutil_rtx3090_20260528/raw/thread_sweep_tensor_mma_f16acc_t192_rep004_baseline_f59b00ff/power.csv,results/fp16_matmul_thread_sweep_fine_m16n16_smutil_rtx3090_20260528/raw/thread_sweep_tensor_mma_f16acc_t192_rep004_test_0ab1bfcd/sm_util.csv,results/fp16_matmul_thread_sweep_fine_m16n16_smutil_rtx3090_20260528/raw/thread_sweep_tensor_mma_f16acc_t192_rep004_baseline_f59b00ff/sm_util.csv
thread_sweep_tensor_mma_f16acc_t192,5,5,NVIDIA GeForce RTX 3090,tensor_core_mma_m16n16k16_f16acc,tensor_mma_f16acc,baseline_nop,656,192,1536.0,1000000,8,3.2196801757799998,0.927971191406,515899392000000.0,0.0,0.0,515899392000000.0,257949696000000.0,257949696000000.0,773849088000000.0,1031798784000000.0,True,False,160.2331175254133,nan,240.246858939957,226.7137497948216,805.2105692779105,219.09197518434064,729.9457657911341,13.533109145135398,75.26480348677637,0.1458904675095573,0.08445887687973755,nan,nan,0.1458904675095573,0.09726031167303821,0.07294523375477865,25,7,3,1,1920.0,0.0,72.0,99.96,100.0,100.0,100.0,True,thread_sweep_tensor_mma_f16acc_t192_rep005_test_369b20a3,thread_sweep_tensor_mma_f16acc_t192_rep005_baseline_cba8fe98,results/fp16_matmul_thread_sweep_fine_m16n16_smutil_rtx3090_20260528/raw/thread_sweep_tensor_mma_f16acc_t192_rep005_test_369b20a3/power.csv,results/fp16_matmul_thread_sweep_fine_m16n16_smutil_rtx3090_20260528/raw/thread_sweep_tensor_mma_f16acc_t192_rep005_baseline_cba8fe98/power.csv,results/fp16_matmul_thread_sweep_fine_m16n16_smutil_rtx3090_20260528/raw/thread_sweep_tensor_mma_f16acc_t192_rep005_test_369b20a3/sm_util.csv,results/fp16_matmul_thread_sweep_fine_m16n16_smutil_rtx3090_20260528/raw/thread_sweep_tensor_mma_f16acc_t192_rep005_baseline_cba8fe98/sm_util.csv
thread_sweep_tensor_mma_f16acc_t192,6,6,NVIDIA GeForce RTX 3090,tensor_core_mma_m16n16k16_f16acc,tensor_mma_f16acc,baseline_nop,656,192,1536.0,1000000,8,3.2187287597700003,0.930960388184,515899392000000.0,0.0,0.0,515899392000000.0,257949696000000.0,257949696000000.0,773849088000000.0,1031798784000000.0,True,False,160.2804804331709,nan,240.92009789679182,229.62498865817284,502.47448106827204,222.72579978719327,739.1005549559211,11.295109238618977,-236.62607388764906,-0.4586670919892246,0.07047089706802123,nan,nan,-0.4586670919892246,-0.30577806132614976,-0.2293335459946123,24,7,3,1,1920.0,0.0,72.0,100.0,100.0,100.0,100.0,False,thread_sweep_tensor_mma_f16acc_t192_rep006_test_cb5a7066,thread_sweep_tensor_mma_f16acc_t192_rep006_baseline_c0fee3e9,results/fp16_matmul_thread_sweep_fine_m16n16_smutil_rtx3090_20260528/raw/thread_sweep_tensor_mma_f16acc_t192_rep006_test_cb5a7066/power.csv,results/fp16_matmul_thread_sweep_fine_m16n16_smutil_rtx3090_20260528/raw/thread_sweep_tensor_mma_f16acc_t192_rep006_baseline_c0fee3e9/power.csv,results/fp16_matmul_thread_sweep_fine_m16n16_smutil_rtx3090_20260528/raw/thread_sweep_tensor_mma_f16acc_t192_rep006_test_cb5a7066/sm_util.csv,results/fp16_matmul_thread_sweep_fine_m16n16_smutil_rtx3090_20260528/raw/thread_sweep_tensor_mma_f16acc_t192_rep006_baseline_c0fee3e9/sm_util.csv
thread_sweep_tensor_mma_f16acc_t192,7,7,NVIDIA GeForce RTX 3090,tensor_core_mma_m16n16k16_f16acc,tensor_mma_f16acc,baseline_nop,656,192,1536.0,1000000,8,3.26472485352,0.929395690918,515899392000000.0,0.0,0.0,515899392000000.0,257949696000000.0,257949696000000.0,773849088000000.0,1031798784000000.0,True,False,158.0223189233731,nan,240.5197892377472,226.5986112342272,818.2341989432326,220.3882831447627,739.7821178694979,13.921178003519998,78.45208107373469,0.15206856664358057,0.0880962771484865,nan,nan,0.15206856664358057,0.1013790444290537,0.07603428332179028,25,6,3,1,1920.0,0.0,73.0,99.96,100.0,100.0,100.0,True,thread_sweep_tensor_mma_f16acc_t192_rep007_test_a850dc7c,thread_sweep_tensor_mma_f16acc_t192_rep007_baseline_51e7b2cf,results/fp16_matmul_thread_sweep_fine_m16n16_smutil_rtx3090_20260528/raw/thread_sweep_tensor_mma_f16acc_t192_rep007_test_a850dc7c/power.csv,results/fp16_matmul_thread_sweep_fine_m16n16_smutil_rtx3090_20260528/raw/thread_sweep_tensor_mma_f16acc_t192_rep007_baseline_51e7b2cf/power.csv,results/fp16_matmul_thread_sweep_fine_m16n16_smutil_rtx3090_20260528/raw/thread_sweep_tensor_mma_f16acc_t192_rep007_test_a850dc7c/sm_util.csv,results/fp16_matmul_thread_sweep_fine_m16n16_smutil_rtx3090_20260528/raw/thread_sweep_tensor_mma_f16acc_t192_rep007_baseline_51e7b2cf/sm_util.csv
thread_sweep_tensor_mma_f16acc_t192,8,8,NVIDIA GeForce RTX 3090,tensor_core_mma_m16n16k16_f16acc,tensor_mma_f16acc,baseline_nop,656,192,1536.0,1000000,8,3.24161425781,0.929079284668,515899392000000.0,0.0,0.0,515899392000000.0,257949696000000.0,257949696000000.0,773849088000000.0,1031798784000000.0,True,False,159.14891500648082,nan,240.53981991886806,227.9421658034171,812.0210365863295,220.60565640944137,738.9005746244479,12.59765411545095,73.12046196188157,0.14173395645692402,0.07915639333725871,nan,nan,0.14173395645692402,0.09448930430461601,0.07086697822846201,24,6,3,1,1920.0,0.0,73.0,100.0,100.0,100.0,100.0,True,thread_sweep_tensor_mma_f16acc_t192_rep008_test_3c5a90c9,thread_sweep_tensor_mma_f16acc_t192_rep008_baseline_ea3e8c61,results/fp16_matmul_thread_sweep_fine_m16n16_smutil_rtx3090_20260528/raw/thread_sweep_tensor_mma_f16acc_t192_rep008_test_3c5a90c9/power.csv,results/fp16_matmul_thread_sweep_fine_m16n16_smutil_rtx3090_20260528/raw/thread_sweep_tensor_mma_f16acc_t192_rep008_baseline_ea3e8c61/power.csv,results/fp16_matmul_thread_sweep_fine_m16n16_smutil_rtx3090_20260528/raw/thread_sweep_tensor_mma_f16acc_t192_rep008_test_3c5a90c9/sm_util.csv,results/fp16_matmul_thread_sweep_fine_m16n16_smutil_rtx3090_20260528/raw/thread_sweep_tensor_mma_f16acc_t192_rep008_baseline_ea3e8c61/sm_util.csv
thread_sweep_tensor_mma_f16acc_t192,9,9,NVIDIA GeForce RTX 3090,tensor_core_mma_m16n16k16_f16acc,tensor_mma_f16acc,baseline_nop,656,192,1536.0,1000000,8,3.2377375488299998,0.935686218262,515899392000000.0,0.0,0.0,515899392000000.0,257949696000000.0,257949696000000.0,773849088000000.0,1031798784000000.0,True,False,159.3394721528393,nan,239.878016733678,232.2202454254677,494.2882431179801,226.49367048681063,751.8682082125548,7.6577713082103,-257.57996509457473,-0.4992833275030778,0.048059474559228633,nan,nan,-0.4992833275030778,-0.33285555166871855,-0.2496416637515389,25,7,3,1,1920.0,0.0,73.0,99.2,100.0,100.0,100.0,False,thread_sweep_tensor_mma_f16acc_t192_rep009_test_702bc7ed,thread_sweep_tensor_mma_f16acc_t192_rep009_baseline_053aff75,results/fp16_matmul_thread_sweep_fine_m16n16_smutil_rtx3090_20260528/raw/thread_sweep_tensor_mma_f16acc_t192_rep009_test_702bc7ed/power.csv,results/fp16_matmul_thread_sweep_fine_m16n16_smutil_rtx3090_20260528/raw/thread_sweep_tensor_mma_f16acc_t192_rep009_baseline_053aff75/power.csv,results/fp16_matmul_thread_sweep_fine_m16n16_smutil_rtx3090_20260528/raw/thread_sweep_tensor_mma_f16acc_t192_rep009_test_702bc7ed/sm_util.csv,results/fp16_matmul_thread_sweep_fine_m16n16_smutil_rtx3090_20260528/raw/thread_sweep_tensor_mma_f16acc_t192_rep009_baseline_053aff75/sm_util.csv
thread_sweep_tensor_mma_f16acc_t224,0,0,NVIDIA GeForce RTX 3090,tensor_core_mma_m16n16k16_f16acc,tensor_mma_f16acc,baseline_nop,656,224,1792.0,1000000,8,3.72261279297,1.0958253173799999,601882624000000.0,0.0,0.0,601882624000000.0,300941312000000.0,300941312000000.0,902823936000000.0,1203765248000000.0,True,False,161.68284414017765,nan,229.576043613649,222.63991772975038,890.099676882222,260.3516628631675,828.8022059665572,6.936125883898626,61.2974709156648,0.10184289838489306,0.042899578621248546,nan,nan,0.10184289838489306,0.06789526558992871,0.05092144919244653,28,8,4,1,1950.0,0.0,64.0,100.0,100.0,100.0,100.0,True,thread_sweep_tensor_mma_f16acc_t224_rep000_test_08d6e937,thread_sweep_tensor_mma_f16acc_t224_rep000_baseline_0476e371,results/fp16_matmul_thread_sweep_fine_m16n16_smutil_rtx3090_20260528/raw/thread_sweep_tensor_mma_f16acc_t224_rep000_test_08d6e937/power.csv,results/fp16_matmul_thread_sweep_fine_m16n16_smutil_rtx3090_20260528/raw/thread_sweep_tensor_mma_f16acc_t224_rep000_baseline_0476e371/power.csv,results/fp16_matmul_thread_sweep_fine_m16n16_smutil_rtx3090_20260528/raw/thread_sweep_tensor_mma_f16acc_t224_rep000_test_08d6e937/sm_util.csv,results/fp16_matmul_thread_sweep_fine_m16n16_smutil_rtx3090_20260528/raw/thread_sweep_tensor_mma_f16acc_t224_rep000_baseline_0476e371/sm_util.csv
thread_sweep_tensor_mma_f16acc_t224,1,1,NVIDIA GeForce RTX 3090,tensor_core_mma_m16n16k16_f16acc,tensor_mma_f16acc,baseline_nop,656,224,1792.0,1000000,8,3.7538312988299998,1.10323205566,601882624000000.0,0.0,0.0,601882624000000.0,300941312000000.0,300941312000000.0,902823936000000.0,1203765248000000.0,True,False,160.33821876534404,nan,236.0171493312145,232.54545311519573,922.6882564478358,267.30926054374635,872.936400304426,3.4716962160187848,49.75185614340978,0.08266039616290664,0.021652331195593694,nan,nan,0.08266039616290664,0.055106930775271096,0.04133019808145332,28,8,4,1,1935.0,0.0,70.0,99.92857142857143,100.0,100.0,100.0,True,thread_sweep_tensor_mma_f16acc_t224_rep001_test_0bae4736,thread_sweep_tensor_mma_f16acc_t224_rep001_baseline_a90b0c85,results/fp16_matmul_thread_sweep_fine_m16n16_smutil_rtx3090_20260528/raw/thread_sweep_tensor_mma_f16acc_t224_rep001_test_0bae4736/power.csv,results/fp16_matmul_thread_sweep_fine_m16n16_smutil_rtx3090_20260528/raw/thread_sweep_tensor_mma_f16acc_t224_rep001_baseline_a90b0c85/power.csv,results/fp16_matmul_thread_sweep_fine_m16n16_smutil_rtx3090_20260528/raw/thread_sweep_tensor_mma_f16acc_t224_rep001_test_0bae4736/sm_util.csv,results/fp16_matmul_thread_sweep_fine_m16n16_smutil_rtx3090_20260528/raw/thread_sweep_tensor_mma_f16acc_t224_rep001_baseline_a90b0c85/sm_util.csv
thread_sweep_tensor_mma_f16acc_t224,2,2,NVIDIA GeForce RTX 3090,tensor_core_mma_m16n16k16_f16acc,tensor_mma_f16acc,baseline_nop,656,224,1792.0,1000000,8,3.7626879882799997,1.1058769531200001,601882624000000.0,0.0,0.0,601882624000000.0,300941312000000.0,300941312000000.0,902823936000000.0,1203765248000000.0,True,False,159.9608114929382,nan,237.61997071375708,237.0917462020892,932.4057451224339,273.88263265561534,892.1022655549314,0.5282245116678723,40.30347956750256,0.06696235770963636,0.0033022120026641143,nan,nan,0.06696235770963636,0.044641571806424245,0.03348117885481818,29,8,4,1,1935.0,0.0,71.0,99.93103448275862,100.0,100.0,100.0,True,thread_sweep_tensor_mma_f16acc_t224_rep002_test_8e559a75,thread_sweep_tensor_mma_f16acc_t224_rep002_baseline_433f3b4a,results/fp16_matmul_thread_sweep_fine_m16n16_smutil_rtx3090_20260528/raw/thread_sweep_tensor_mma_f16acc_t224_rep002_test_8e559a75/power.csv,results/fp16_matmul_thread_sweep_fine_m16n16_smutil_rtx3090_20260528/raw/thread_sweep_tensor_mma_f16acc_t224_rep002_baseline_433f3b4a/power.csv,results/fp16_matmul_thread_sweep_fine_m16n16_smutil_rtx3090_20260528/raw/thread_sweep_tensor_mma_f16acc_t224_rep002_test_8e559a75/sm_util.csv,results/fp16_matmul_thread_sweep_fine_m16n16_smutil_rtx3090_20260528/raw/thread_sweep_tensor_mma_f16acc_t224_rep002_baseline_433f3b4a/sm_util.csv
thread_sweep_tensor_mma_f16acc_t224,3,3,NVIDIA GeForce RTX 3090,tensor_core_mma_m16n16k16_f16acc,tensor_mma_f16acc,baseline_nop,656,224,1792.0,1000000,8,3.75131738281,1.1043369140600001,601882624000000.0,0.0,0.0,601882624000000.0,300941312000000.0,300941312000000.0,902823936000000.0,1203765248000000.0,True,False,160.44566816928398,nan,239.99451837439074,240.18000797194446,937.4027786514833,276.24283561862524,900.9914389085997,-0.18548959755372607,36.41133974288368,0.060495748325314146,-0.0011560897821062928,nan,nan,0.060495748325314146,0.040330498883542766,0.030247874162657073,29,8,4,1,1920.0,0.0,72.0,99.93103448275862,100.0,99.75,100.0,False,thread_sweep_tensor_mma_f16acc_t224_rep003_test_272a5a07,thread_sweep_tensor_mma_f16acc_t224_rep003_baseline_b89b2711,results/fp16_matmul_thread_sweep_fine_m16n16_smutil_rtx3090_20260528/raw/thread_sweep_tensor_mma_f16acc_t224_rep003_test_272a5a07/power.csv,results/fp16_matmul_thread_sweep_fine_m16n16_smutil_rtx3090_20260528/raw/thread_sweep_tensor_mma_f16acc_t224_rep003_baseline_b89b2711/power.csv,results/fp16_matmul_thread_sweep_fine_m16n16_smutil_rtx3090_20260528/raw/thread_sweep_tensor_mma_f16acc_t224_rep003_test_272a5a07/sm_util.csv,results/fp16_matmul_thread_sweep_fine_m16n16_smutil_rtx3090_20260528/raw/thread_sweep_tensor_mma_f16acc_t224_rep003_baseline_b89b2711/sm_util.csv
thread_sweep_tensor_mma_f16acc_t224,4,4,NVIDIA GeForce RTX 3090,tensor_core_mma_m16n16k16_f16acc,tensor_mma_f16acc,baseline_nop,656,224,1792.0,1000000,8,3.7511904296900003,1.1057479248,601882624000000.0,0.0,0.0,601882624000000.0,300941312000000.0,300941312000000.0,902823936000000.0,1203765248000000.0,True,False,160.45109819970932,nan,240.38980343824295,233.8698475667754,631.9731155832693,269.4380735994735,877.2903339855471,6.519955871467545,-245.31721840227783,-0.40758315429002623,0.040635158902760045,nan,nan,-0.40758315429002623,-0.27172210286001747,-0.20379157714501311,29,8,4,1,1920.0,0.0,72.0,99.96551724137932,100.0,100.0,100.0,False,thread_sweep_tensor_mma_f16acc_t224_rep004_test_44241e19,thread_sweep_tensor_mma_f16acc_t224_rep004_baseline_48fb74f7,results/fp16_matmul_thread_sweep_fine_m16n16_smutil_rtx3090_20260528/raw/thread_sweep_tensor_mma_f16acc_t224_rep004_test_44241e19/power.csv,results/fp16_matmul_thread_sweep_fine_m16n16_smutil_rtx3090_20260528/raw/thread_sweep_tensor_mma_f16acc_t224_rep004_baseline_48fb74f7/power.csv,results/fp16_matmul_thread_sweep_fine_m16n16_smutil_rtx3090_20260528/raw/thread_sweep_tensor_mma_f16acc_t224_rep004_test_44241e19/sm_util.csv,results/fp16_matmul_thread_sweep_fine_m16n16_smutil_rtx3090_20260528/raw/thread_sweep_tensor_mma_f16acc_t224_rep004_baseline_48fb74f7/sm_util.csv
thread_sweep_tensor_mma_f16acc_t224,5,5,NVIDIA GeForce RTX 3090,tensor_core_mma_m16n16k16_f16acc,tensor_mma_f16acc,baseline_nop,656,224,1792.0,1000000,8,3.75488208008,1.1073996582,601882624000000.0,0.0,0.0,601882624000000.0,300941312000000.0,300941312000000.0,902823936000000.0,1203765248000000.0,True,False,160.29334907560576,nan,241.33318785248775,239.85000133941497,943.4947192703873,276.63163920446783,900.6084719365332,1.4831865130727806,42.88624733385416,0.07125350628805353,0.009252951052717753,nan,nan,0.07125350628805353,0.04750233752536902,0.03562675314402677,29,8,4,1,1920.0,0.0,72.0,99.96551724137932,100.0,100.0,100.0,True,thread_sweep_tensor_mma_f16acc_t224_rep005_test_0971fc73,thread_sweep_tensor_mma_f16acc_t224_rep005_baseline_f90663b8,results/fp16_matmul_thread_sweep_fine_m16n16_smutil_rtx3090_20260528/raw/thread_sweep_tensor_mma_f16acc_t224_rep005_test_0971fc73/power.csv,results/fp16_matmul_thread_sweep_fine_m16n16_smutil_rtx3090_20260528/raw/thread_sweep_tensor_mma_f16acc_t224_rep005_baseline_f90663b8/power.csv,results/fp16_matmul_thread_sweep_fine_m16n16_smutil_rtx3090_20260528/raw/thread_sweep_tensor_mma_f16acc_t224_rep005_test_0971fc73/sm_util.csv,results/fp16_matmul_thread_sweep_fine_m16n16_smutil_rtx3090_20260528/raw/thread_sweep_tensor_mma_f16acc_t224_rep005_baseline_f90663b8/sm_util.csv
thread_sweep_tensor_mma_f16acc_t224,6,6,NVIDIA GeForce RTX 3090,tensor_core_mma_m16n16k16_f16acc,tensor_mma_f16acc,baseline_nop,656,224,1792.0,1000000,8,3.82024902344,1.11481750488,601882624000000.0,0.0,0.0,601882624000000.0,300941312000000.0,300941312000000.0,902823936000000.0,1203765248000000.0,True,False,157.55062570712363,nan,240.7311524593289,236.99413070665378,957.6166889360998,275.22768259417194,905.3765963931058,3.7370217526751333,52.24009254299392,0.0867944852699285,0.02371949800835456,nan,nan,0.0867944852699285,0.05786299017995235,0.04339724263496425,29,8,4,1,1920.0,0.0,73.0,99.93103448275862,100.0,100.0,100.0,True,thread_sweep_tensor_mma_f16acc_t224_rep006_test_952e79af,thread_sweep_tensor_mma_f16acc_t224_rep006_baseline_772b5f4e,results/fp16_matmul_thread_sweep_fine_m16n16_smutil_rtx3090_20260528/raw/thread_sweep_tensor_mma_f16acc_t224_rep006_test_952e79af/power.csv,results/fp16_matmul_thread_sweep_fine_m16n16_smutil_rtx3090_20260528/raw/thread_sweep_tensor_mma_f16acc_t224_rep006_baseline_772b5f4e/power.csv,results/fp16_matmul_thread_sweep_fine_m16n16_smutil_rtx3090_20260528/raw/thread_sweep_tensor_mma_f16acc_t224_rep006_test_952e79af/sm_util.csv,results/fp16_matmul_thread_sweep_fine_m16n16_smutil_rtx3090_20260528/raw/thread_sweep_tensor_mma_f16acc_t224_rep006_baseline_772b5f4e/sm_util.csv
thread_sweep_tensor_mma_f16acc_t224,7,7,NVIDIA GeForce RTX 3090,tensor_core_mma_m16n16k16_f16acc,tensor_mma_f16acc,baseline_nop,656,224,1792.0,1000000,8,3.8010480957,1.11516674805,601882624000000.0,0.0,0.0,601882624000000.0,300941312000000.0,300941312000000.0,902823936000000.0,1203765248000000.0,True,False,158.3464899275781,nan,241.40230368924816,243.4173579321178,640.6104071303871,282.6693552526983,925.2410848282017,-2.0150542428696383,-284.6306776978146,-0.47290063934095994,-0.012725600951377265,nan,nan,-0.47290063934095994,-0.31526709289397326,-0.23645031967047997,26,8,3,1,1920.0,0.0,73.0,99.92307692307692,100.0,100.0,100.0,False,thread_sweep_tensor_mma_f16acc_t224_rep007_test_5d0b38a2,thread_sweep_tensor_mma_f16acc_t224_rep007_baseline_80962d34,results/fp16_matmul_thread_sweep_fine_m16n16_smutil_rtx3090_20260528/raw/thread_sweep_tensor_mma_f16acc_t224_rep007_test_5d0b38a2/power.csv,results/fp16_matmul_thread_sweep_fine_m16n16_smutil_rtx3090_20260528/raw/thread_sweep_tensor_mma_f16acc_t224_rep007_baseline_80962d34/power.csv,results/fp16_matmul_thread_sweep_fine_m16n16_smutil_rtx3090_20260528/raw/thread_sweep_tensor_mma_f16acc_t224_rep007_test_5d0b38a2/sm_util.csv,results/fp16_matmul_thread_sweep_fine_m16n16_smutil_rtx3090_20260528/raw/thread_sweep_tensor_mma_f16acc_t224_rep007_baseline_80962d34/sm_util.csv
thread_sweep_tensor_mma_f16acc_t224,8,8,NVIDIA GeForce RTX 3090,tensor_core_mma_m16n16k16_f16acc,tensor_mma_f16acc,baseline_nop,656,224,1792.0,1000000,8,3.80298852539,1.11139733887,601882624000000.0,0.0,0.0,601882624000000.0,300941312000000.0,300941312000000.0,902823936000000.0,1203765248000000.0,True,False,158.2656955133138,nan,238.79972527259127,241.2000056074076,945.7362551758765,279.31506653790495,917.2808536489748,-2.4002803348163297,28.45540152690171,0.04727732682793267,-0.015166144040446281,nan,nan,0.04727732682793267,0.03151821788528844,0.023638663413966334,28,9,4,1,1920.0,0.0,73.0,100.0,100.0,100.0,100.0,False,thread_sweep_tensor_mma_f16acc_t224_rep008_test_16a94f31,thread_sweep_tensor_mma_f16acc_t224_rep008_baseline_051e19f4,results/fp16_matmul_thread_sweep_fine_m16n16_smutil_rtx3090_20260528/raw/thread_sweep_tensor_mma_f16acc_t224_rep008_test_16a94f31/power.csv,results/fp16_matmul_thread_sweep_fine_m16n16_smutil_rtx3090_20260528/raw/thread_sweep_tensor_mma_f16acc_t224_rep008_baseline_051e19f4/power.csv,results/fp16_matmul_thread_sweep_fine_m16n16_smutil_rtx3090_20260528/raw/thread_sweep_tensor_mma_f16acc_t224_rep008_test_16a94f31/sm_util.csv,results/fp16_matmul_thread_sweep_fine_m16n16_smutil_rtx3090_20260528/raw/thread_sweep_tensor_mma_f16acc_t224_rep008_baseline_051e19f4/sm_util.csv
thread_sweep_tensor_mma_f16acc_t224,9,9,NVIDIA GeForce RTX 3090,tensor_core_mma_m16n16k16_f16acc,tensor_mma_f16acc,baseline_nop,656,224,1792.0,1000000,8,3.78616308594,1.1426027832,601882624000000.0,0.0,0.0,601882624000000.0,300941312000000.0,300941312000000.0,902823936000000.0,1203765248000000.0,True,False,158.96901700698112,nan,241.73541561663512,242.29721138310626,957.3298632364518,287.34303776689046,917.3767575649181,-0.5617957664711355,39.95310567153376,0.06638022776934953,-0.0035339953473227065,nan,nan,0.06638022776934953,0.04425348517956636,0.033190113884674764,29,9,4,1,1920.0,0.0,73.0,99.93103448275862,100.0,100.0,100.0,False,thread_sweep_tensor_mma_f16acc_t224_rep009_test_c1994cc8,thread_sweep_tensor_mma_f16acc_t224_rep009_baseline_6c01a530,results/fp16_matmul_thread_sweep_fine_m16n16_smutil_rtx3090_20260528/raw/thread_sweep_tensor_mma_f16acc_t224_rep009_test_c1994cc8/power.csv,results/fp16_matmul_thread_sweep_fine_m16n16_smutil_rtx3090_20260528/raw/thread_sweep_tensor_mma_f16acc_t224_rep009_baseline_6c01a530/power.csv,results/fp16_matmul_thread_sweep_fine_m16n16_smutil_rtx3090_20260528/raw/thread_sweep_tensor_mma_f16acc_t224_rep009_test_c1994cc8/sm_util.csv,results/fp16_matmul_thread_sweep_fine_m16n16_smutil_rtx3090_20260528/raw/thread_sweep_tensor_mma_f16acc_t224_rep009_baseline_6c01a530/sm_util.csv
thread_sweep_tensor_mma_f16acc_t256,0,0,NVIDIA GeForce RTX 3090,tensor_core_mma_m16n16k16_f16acc,tensor_mma_f16acc,baseline_nop,656,256,2048.0,1000000,8,4.25007617188,1.09322717285,687865856000000.0,0.0,0.0,687865856000000.0,343932928000000.0,343932928000000.0,1031798784000000.0,1375731712000000.0,True,False,161.84788888047763,nan,230.88308636659818,237.8230989995412,1014.0475223021814,270.83315347371223,1010.7662861806083,-6.940012632943024,3.2812361215731016,0.004770168620745004,-0.04287984650864445,nan,nan,0.004770168620745004,0.003180112413830003,0.002385084310372502,32,8,4,1,1950.0,0.0,65.0,99.96875,100.0,100.0,100.0,False,thread_sweep_tensor_mma_f16acc_t256_rep000_test_0a2b0ba7,thread_sweep_tensor_mma_f16acc_t256_rep000_baseline_ba568b49,results/fp16_matmul_thread_sweep_fine_m16n16_smutil_rtx3090_20260528/raw/thread_sweep_tensor_mma_f16acc_t256_rep000_test_0a2b0ba7/power.csv,results/fp16_matmul_thread_sweep_fine_m16n16_smutil_rtx3090_20260528/raw/thread_sweep_tensor_mma_f16acc_t256_rep000_baseline_ba568b49/power.csv,results/fp16_matmul_thread_sweep_fine_m16n16_smutil_rtx3090_20260528/raw/thread_sweep_tensor_mma_f16acc_t256_rep000_test_0a2b0ba7/sm_util.csv,results/fp16_matmul_thread_sweep_fine_m16n16_smutil_rtx3090_20260528/raw/thread_sweep_tensor_mma_f16acc_t256_rep000_baseline_ba568b49/sm_util.csv
thread_sweep_tensor_mma_f16acc_t256,1,1,NVIDIA GeForce RTX 3090,tensor_core_mma_m16n16k16_f16acc,tensor_mma_f16acc,baseline_nop,656,256,2048.0,1000000,8,4.28327734375,1.09765600586,687865856000000.0,0.0,0.0,687865856000000.0,343932928000000.0,343932928000000.0,1031798784000000.0,1375731712000000.0,True,False,160.5933496236727,nan,236.63289303619052,245.3383970817028,1055.6195275070893,280.6324820264161,1050.8523977719988,-8.70550404551227,4.767129735090521,0.006930318889226158,-0.05420837205221985,nan,nan,0.006930318889226158,0.0046202125928174395,0.003465159444613079,33,8,4,1,1935.0,0.0,70.0,99.93939393939394,100.0,100.0,100.0,False,thread_sweep_tensor_mma_f16acc_t256_rep001_test_2201e303,thread_sweep_tensor_mma_f16acc_t256_rep001_baseline_a9c52bfa,results/fp16_matmul_thread_sweep_fine_m16n16_smutil_rtx3090_20260528/raw/thread_sweep_tensor_mma_f16acc_t256_rep001_test_2201e303/power.csv,results/fp16_matmul_thread_sweep_fine_m16n16_smutil_rtx3090_20260528/raw/thread_sweep_tensor_mma_f16acc_t256_rep001_baseline_a9c52bfa/power.csv,results/fp16_matmul_thread_sweep_fine_m16n16_smutil_rtx3090_20260528/raw/thread_sweep_tensor_mma_f16acc_t256_rep001_test_2201e303/sm_util.csv,results/fp16_matmul_thread_sweep_fine_m16n16_smutil_rtx3090_20260528/raw/thread_sweep_tensor_mma_f16acc_t256_rep001_baseline_a9c52bfa/sm_util.csv
thread_sweep_tensor_mma_f16acc_t256,2,2,NVIDIA GeForce RTX 3090,tensor_core_mma_m16n16k16_f16acc,tensor_mma_f16acc,baseline_nop,656,256,2048.0,1000000,8,4.2853232421900005,1.1002755127000001,687865856000000.0,0.0,0.0,687865856000000.0,343932928000000.0,343932928000000.0,1031798784000000.0,1375731712000000.0,True,False,160.51667916851667,nan,238.38785358116817,246.54847069065934,1054.0016555866841,282.68919419411975,1056.5398917770826,-8.16061710949117,-2.538236190398493,-0.0036900162557254373,-0.050839683151704354,nan,nan,-0.0036900162557254373,-0.0024600108371502917,-0.0018450081278627187,32,8,4,1,1935.0,0.0,71.0,100.0,100.0,100.0,100.0,False,thread_sweep_tensor_mma_f16acc_t256_rep002_test_c1a37809,thread_sweep_tensor_mma_f16acc_t256_rep002_baseline_41e1eb57,results/fp16_matmul_thread_sweep_fine_m16n16_smutil_rtx3090_20260528/raw/thread_sweep_tensor_mma_f16acc_t256_rep002_test_c1a37809/power.csv,results/fp16_matmul_thread_sweep_fine_m16n16_smutil_rtx3090_20260528/raw/thread_sweep_tensor_mma_f16acc_t256_rep002_baseline_41e1eb57/power.csv,results/fp16_matmul_thread_sweep_fine_m16n16_smutil_rtx3090_20260528/raw/thread_sweep_tensor_mma_f16acc_t256_rep002_test_c1a37809/sm_util.csv,results/fp16_matmul_thread_sweep_fine_m16n16_smutil_rtx3090_20260528/raw/thread_sweep_tensor_mma_f16acc_t256_rep002_baseline_41e1eb57/sm_util.csv
thread_sweep_tensor_mma_f16acc_t256,3,3,NVIDIA GeForce RTX 3090,tensor_core_mma_m16n16k16_f16acc,tensor_mma_f16acc,baseline_nop,656,256,2048.0,1000000,8,4.28408203125,1.10478637695,687865856000000.0,0.0,0.0,687865856000000.0,343932928000000.0,343932928000000.0,1031798784000000.0,1375731712000000.0,True,False,160.563185060977,nan,240.06259826113373,246.008130211362,1070.9221757656148,283.1031217369492,1053.919010179906,-5.945531950228258,17.003165585708757,0.024718723043739444,-0.03702923523826664,nan,nan,0.024718723043739444,0.016479148695826295,0.012359361521869722,33,8,4,1,1920.0,0.0,72.0,99.96969696969697,100.0,100.0,100.0,False,thread_sweep_tensor_mma_f16acc_t256_rep003_test_f178f48e,thread_sweep_tensor_mma_f16acc_t256_rep003_baseline_9315cea1,results/fp16_matmul_thread_sweep_fine_m16n16_smutil_rtx3090_20260528/raw/thread_sweep_tensor_mma_f16acc_t256_rep003_test_f178f48e/power.csv,results/fp16_matmul_thread_sweep_fine_m16n16_smutil_rtx3090_20260528/raw/thread_sweep_tensor_mma_f16acc_t256_rep003_baseline_9315cea1/power.csv,results/fp16_matmul_thread_sweep_fine_m16n16_smutil_rtx3090_20260528/raw/thread_sweep_tensor_mma_f16acc_t256_rep003_test_f178f48e/sm_util.csv,results/fp16_matmul_thread_sweep_fine_m16n16_smutil_rtx3090_20260528/raw/thread_sweep_tensor_mma_f16acc_t256_rep003_baseline_9315cea1/sm_util.csv
thread_sweep_tensor_mma_f16acc_t256,4,4,NVIDIA GeForce RTX 3090,tensor_core_mma_m16n16k16_f16acc,tensor_mma_f16acc,baseline_nop,656,256,2048.0,1000000,8,4.3818046875,1.10357397461,687865856000000.0,0.0,0.0,687865856000000.0,343932928000000.0,343932928000000.0,1031798784000000.0,1375731712000000.0,True,False,156.98231780213274,nan,240.1102081838117,248.82623225430137,1095.5926719175513,286.1049558636984,1090.3079508648614,-8.71602407048968,5.284721052689974,0.007682778562990594,-0.055522330110297724,nan,nan,0.007682778562990594,0.0051218523753270625,0.003841389281495297,34,8,4,1,1920.0,0.0,72.0,99.91176470588235,100.0,100.0,100.0,False,thread_sweep_tensor_mma_f16acc_t256_rep004_test_f31fc00c,thread_sweep_tensor_mma_f16acc_t256_rep004_baseline_274505bf,results/fp16_matmul_thread_sweep_fine_m16n16_smutil_rtx3090_20260528/raw/thread_sweep_tensor_mma_f16acc_t256_rep004_test_f31fc00c/power.csv,results/fp16_matmul_thread_sweep_fine_m16n16_smutil_rtx3090_20260528/raw/thread_sweep_tensor_mma_f16acc_t256_rep004_baseline_274505bf/power.csv,results/fp16_matmul_thread_sweep_fine_m16n16_smutil_rtx3090_20260528/raw/thread_sweep_tensor_mma_f16acc_t256_rep004_test_f31fc00c/sm_util.csv,results/fp16_matmul_thread_sweep_fine_m16n16_smutil_rtx3090_20260528/raw/thread_sweep_tensor_mma_f16acc_t256_rep004_baseline_274505bf/sm_util.csv
thread_sweep_tensor_mma_f16acc_t256,5,5,NVIDIA GeForce RTX 3090,tensor_core_mma_m16n16k16_f16acc,tensor_mma_f16acc,baseline_nop,656,256,2048.0,1000000,8,4.34189990234,1.10580737305,687865856000000.0,0.0,0.0,687865856000000.0,343932928000000.0,343932928000000.0,1031798784000000.0,1375731712000000.0,True,False,158.4250838277698,nan,241.0877968033943,245.6312110185406,783.2018242979531,282.93208362341835,1066.5061311330574,-4.543414215146299,-283.3043068351043,-0.41185981883523565,-0.028678629074204088,nan,nan,-0.41185981883523565,-0.27457321255682376,-0.20592990941761782,33,8,4,1,1920.0,0.0,73.0,99.96969696969697,100.0,100.0,100.0,False,thread_sweep_tensor_mma_f16acc_t256_rep005_test_f579e3cc,thread_sweep_tensor_mma_f16acc_t256_rep005_baseline_f8c08fe6,results/fp16_matmul_thread_sweep_fine_m16n16_smutil_rtx3090_20260528/raw/thread_sweep_tensor_mma_f16acc_t256_rep005_test_f579e3cc/power.csv,results/fp16_matmul_thread_sweep_fine_m16n16_smutil_rtx3090_20260528/raw/thread_sweep_tensor_mma_f16acc_t256_rep005_baseline_f8c08fe6/power.csv,results/fp16_matmul_thread_sweep_fine_m16n16_smutil_rtx3090_20260528/raw/thread_sweep_tensor_mma_f16acc_t256_rep005_test_f579e3cc/sm_util.csv,results/fp16_matmul_thread_sweep_fine_m16n16_smutil_rtx3090_20260528/raw/thread_sweep_tensor_mma_f16acc_t256_rep005_baseline_f8c08fe6/sm_util.csv
thread_sweep_tensor_mma_f16acc_t256,6,6,NVIDIA GeForce RTX 3090,tensor_core_mma_m16n16k16_f16acc,tensor_mma_f16acc,baseline_nop,656,256,2048.0,1000000,8,4.31449707031,1.1205222168,687865856000000.0,0.0,0.0,687865856000000.0,343932928000000.0,343932928000000.0,1031798784000000.0,1375731712000000.0,True,False,159.43129518699067,nan,241.59252837875874,247.15753205614627,1085.3475307182603,288.5070163337283,1066.360447961293,-5.565003677387523,18.98708275696731,0.02760288592804832,-0.03490534070403524,nan,nan,0.02760288592804832,0.01840192395203221,0.01380144296402416,33,8,4,1,1920.0,0.0,73.0,99.93939393939394,100.0,100.0,100.0,False,thread_sweep_tensor_mma_f16acc_t256_rep006_test_9c7a7758,thread_sweep_tensor_mma_f16acc_t256_rep006_baseline_582e8947,results/fp16_matmul_thread_sweep_fine_m16n16_smutil_rtx3090_20260528/raw/thread_sweep_tensor_mma_f16acc_t256_rep006_test_9c7a7758/power.csv,results/fp16_matmul_thread_sweep_fine_m16n16_smutil_rtx3090_20260528/raw/thread_sweep_tensor_mma_f16acc_t256_rep006_baseline_582e8947/power.csv,results/fp16_matmul_thread_sweep_fine_m16n16_smutil_rtx3090_20260528/raw/thread_sweep_tensor_mma_f16acc_t256_rep006_test_9c7a7758/sm_util.csv,results/fp16_matmul_thread_sweep_fine_m16n16_smutil_rtx3090_20260528/raw/thread_sweep_tensor_mma_f16acc_t256_rep006_baseline_582e8947/sm_util.csv
thread_sweep_tensor_mma_f16acc_t256,7,7,NVIDIA GeForce RTX 3090,tensor_core_mma_m16n16k16_f16acc,tensor_mma_f16acc,baseline_nop,656,256,2048.0,1000000,8,4.31609912109,1.11393457031,687865856000000.0,0.0,0.0,687865856000000.0,343932928000000.0,343932928000000.0,1031798784000000.0,1375731712000000.0,True,False,159.3721174379064,nan,242.17229828159833,251.84129462129206,1088.5052812731249,292.4312055741045,1086.9719903691264,-9.668996339693734,1.533290903998477,0.0022290551139065072,-0.06066930963291562,nan,nan,0.0022290551139065072,0.001486036742604338,0.0011145275569532536,33,8,4,1,1920.0,0.0,73.0,99.96969696969697,100.0,100.0,100.0,False,thread_sweep_tensor_mma_f16acc_t256_rep007_test_4762e827,thread_sweep_tensor_mma_f16acc_t256_rep007_baseline_14e87b58,results/fp16_matmul_thread_sweep_fine_m16n16_smutil_rtx3090_20260528/raw/thread_sweep_tensor_mma_f16acc_t256_rep007_test_4762e827/power.csv,results/fp16_matmul_thread_sweep_fine_m16n16_smutil_rtx3090_20260528/raw/thread_sweep_tensor_mma_f16acc_t256_rep007_baseline_14e87b58/power.csv,results/fp16_matmul_thread_sweep_fine_m16n16_smutil_rtx3090_20260528/raw/thread_sweep_tensor_mma_f16acc_t256_rep007_test_4762e827/sm_util.csv,results/fp16_matmul_thread_sweep_fine_m16n16_smutil_rtx3090_20260528/raw/thread_sweep_tensor_mma_f16acc_t256_rep007_baseline_14e87b58/sm_util.csv
thread_sweep_tensor_mma_f16acc_t256,8,8,NVIDIA GeForce RTX 3090,tensor_core_mma_m16n16k16_f16acc,tensor_mma_f16acc,baseline_nop,656,256,2048.0,1000000,8,4.35636621094,1.12178588867,687865856000000.0,0.0,0.0,687865856000000.0,343932928000000.0,343932928000000.0,1031798784000000.0,1375731712000000.0,True,False,157.89899716708504,nan,239.081163861612,250.73909777185426,775.075512345502,293.0545879020377,1092.311333294887,-11.657933910242264,-317.2358209493849,-0.46118849799311,-0.07383158930329436,nan,nan,-0.46118849799311,-0.3074589986620733,-0.230594248996555,33,8,4,1,1920.0,0.0,73.0,100.0,100.0,100.0,100.0,False,thread_sweep_tensor_mma_f16acc_t256_rep008_test_e0000578,thread_sweep_tensor_mma_f16acc_t256_rep008_baseline_2f4b5d39,results/fp16_matmul_thread_sweep_fine_m16n16_smutil_rtx3090_20260528/raw/thread_sweep_tensor_mma_f16acc_t256_rep008_test_e0000578/power.csv,results/fp16_matmul_thread_sweep_fine_m16n16_smutil_rtx3090_20260528/raw/thread_sweep_tensor_mma_f16acc_t256_rep008_baseline_2f4b5d39/power.csv,results/fp16_matmul_thread_sweep_fine_m16n16_smutil_rtx3090_20260528/raw/thread_sweep_tensor_mma_f16acc_t256_rep008_test_e0000578/sm_util.csv,results/fp16_matmul_thread_sweep_fine_m16n16_smutil_rtx3090_20260528/raw/thread_sweep_tensor_mma_f16acc_t256_rep008_baseline_2f4b5d39/sm_util.csv
thread_sweep_tensor_mma_f16acc_t256,9,9,NVIDIA GeForce RTX 3090,tensor_core_mma_m16n16k16_f16acc,tensor_mma_f16acc,baseline_nop,656,256,2048.0,1000000,8,4.3177421875,1.10502172852,687865856000000.0,0.0,0.0,687865856000000.0,343932928000000.0,343932928000000.0,1031798784000000.0,1375731712000000.0,True,False,159.3114702381706,nan,241.96238086015373,247.91208976212675,1089.8418410275353,287.1886662873153,1070.4204887572216,-5.949708901973025,19.42135227031372,0.02823421471048233,-0.03734639378494349,nan,nan,0.02823421471048233,0.01882280980698822,0.014117107355241165,33,8,4,1,1920.0,0.0,73.0,99.96969696969697,100.0,100.0,100.0,False,thread_sweep_tensor_mma_f16acc_t256_rep009_test_f8bc3377,thread_sweep_tensor_mma_f16acc_t256_rep009_baseline_3134b749,results/fp16_matmul_thread_sweep_fine_m16n16_smutil_rtx3090_20260528/raw/thread_sweep_tensor_mma_f16acc_t256_rep009_test_f8bc3377/power.csv,results/fp16_matmul_thread_sweep_fine_m16n16_smutil_rtx3090_20260528/raw/thread_sweep_tensor_mma_f16acc_t256_rep009_baseline_3134b749/power.csv,results/fp16_matmul_thread_sweep_fine_m16n16_smutil_rtx3090_20260528/raw/thread_sweep_tensor_mma_f16acc_t256_rep009_test_f8bc3377/sm_util.csv,results/fp16_matmul_thread_sweep_fine_m16n16_smutil_rtx3090_20260528/raw/thread_sweep_tensor_mma_f16acc_t256_rep009_baseline_3134b749/sm_util.csv
thread_sweep_tensor_mma_f16acc_t288,0,0,NVIDIA GeForce RTX 3090,tensor_core_mma_m16n16k16_f16acc,tensor_mma_f16acc,baseline_nop,656,288,2304.0,1000000,8,4.819027832030001,1.39612365723,773849088000000.0,0.0,0.0,773849088000000.0,386924544000000.0,386924544000000.0,1160773632000000.0,1547698176000000.0,True,False,160.5819918400468,nan,232.0998642810262,243.3359351481254,1164.7931305978525,351.2377939144972,1172.6426440118635,-11.236070867099187,-7.849513414010971,-0.01014346793933415,-0.06997092724003112,nan,nan,-0.01014346793933415,-0.0067623119595560995,-0.005071733969667075,37,11,5,1,1935.0,0.0,66.0,100.0,100.0,100.0,100.0,False,thread_sweep_tensor_mma_f16acc_t288_rep000_test_69eaf5bd,thread_sweep_tensor_mma_f16acc_t288_rep000_baseline_b21356ff,results/fp16_matmul_thread_sweep_fine_m16n16_smutil_rtx3090_20260528/raw/thread_sweep_tensor_mma_f16acc_t288_rep000_test_69eaf5bd/power.csv,results/fp16_matmul_thread_sweep_fine_m16n16_smutil_rtx3090_20260528/raw/thread_sweep_tensor_mma_f16acc_t288_rep000_baseline_b21356ff/power.csv,results/fp16_matmul_thread_sweep_fine_m16n16_smutil_rtx3090_20260528/raw/thread_sweep_tensor_mma_f16acc_t288_rep000_test_69eaf5bd/sm_util.csv,results/fp16_matmul_thread_sweep_fine_m16n16_smutil_rtx3090_20260528/raw/thread_sweep_tensor_mma_f16acc_t288_rep000_baseline_b21356ff/sm_util.csv
thread_sweep_tensor_mma_f16acc_t288,1,1,NVIDIA GeForce RTX 3090,tensor_core_mma_m16n16k16_f16acc,tensor_mma_f16acc,baseline_nop,656,288,2304.0,1000000,8,4.85916064453,1.3992393798799998,773849088000000.0,0.0,0.0,773849088000000.0,386924544000000.0,386924544000000.0,1160773632000000.0,1547698176000000.0,True,False,159.2557119656311,nan,236.74107188808972,252.26351429173718,1197.6528008374762,367.7263741268886,1225.7889406972406,-15.52244240364746,-28.1361398597644,-0.03635869098519167,-0.09746866980191801,nan,nan,-0.03635869098519167,-0.024239127323461118,-0.018179345492595835,38,11,4,1,1920.0,0.0,71.0,100.0,100.0,100.0,100.0,False,thread_sweep_tensor_mma_f16acc_t288_rep001_test_8b4fcc3c,thread_sweep_tensor_mma_f16acc_t288_rep001_baseline_e9431c52,results/fp16_matmul_thread_sweep_fine_m16n16_smutil_rtx3090_20260528/raw/thread_sweep_tensor_mma_f16acc_t288_rep001_test_8b4fcc3c/power.csv,results/fp16_matmul_thread_sweep_fine_m16n16_smutil_rtx3090_20260528/raw/thread_sweep_tensor_mma_f16acc_t288_rep001_baseline_e9431c52/power.csv,results/fp16_matmul_thread_sweep_fine_m16n16_smutil_rtx3090_20260528/raw/thread_sweep_tensor_mma_f16acc_t288_rep001_test_8b4fcc3c/sm_util.csv,results/fp16_matmul_thread_sweep_fine_m16n16_smutil_rtx3090_20260528/raw/thread_sweep_tensor_mma_f16acc_t288_rep001_baseline_e9431c52/sm_util.csv
thread_sweep_tensor_mma_f16acc_t288,2,2,NVIDIA GeForce RTX 3090,tensor_core_mma_m16n16k16_f16acc,tensor_mma_f16acc,baseline_nop,656,288,2304.0,1000000,8,4.85678076172,1.4041323242200001,773849088000000.0,0.0,0.0,773849088000000.0,386924544000000.0,386924544000000.0,1160773632000000.0,1547698176000000.0,True,False,159.3337492396807,nan,238.82880984430795,251.85538799632897,1221.335273813621,364.9492844698106,1223.2064031560967,-13.026578152021017,-1.8711293424757969,-0.0024179512148960456,-0.08175655323609782,nan,nan,-0.0024179512148960456,-0.0016119674765973637,-0.0012089756074480228,37,11,5,1,1920.0,0.0,71.0,99.97297297297297,100.0,100.0,100.0,False,thread_sweep_tensor_mma_f16acc_t288_rep002_test_4bc71243,thread_sweep_tensor_mma_f16acc_t288_rep002_baseline_b8723ca6,results/fp16_matmul_thread_sweep_fine_m16n16_smutil_rtx3090_20260528/raw/thread_sweep_tensor_mma_f16acc_t288_rep002_test_4bc71243/power.csv,results/fp16_matmul_thread_sweep_fine_m16n16_smutil_rtx3090_20260528/raw/thread_sweep_tensor_mma_f16acc_t288_rep002_baseline_b8723ca6/power.csv,results/fp16_matmul_thread_sweep_fine_m16n16_smutil_rtx3090_20260528/raw/thread_sweep_tensor_mma_f16acc_t288_rep002_test_4bc71243/sm_util.csv,results/fp16_matmul_thread_sweep_fine_m16n16_smutil_rtx3090_20260528/raw/thread_sweep_tensor_mma_f16acc_t288_rep002_baseline_b8723ca6/sm_util.csv
thread_sweep_tensor_mma_f16acc_t288,3,3,NVIDIA GeForce RTX 3090,tensor_core_mma_m16n16k16_f16acc,tensor_mma_f16acc,baseline_nop,656,288,2304.0,1000000,8,4.81976416016,1.40140344238,773849088000000.0,0.0,0.0,773849088000000.0,386924544000000.0,386924544000000.0,1160773632000000.0,1547698176000000.0,True,False,160.55745930404834,nan,241.78832969465165,258.95707162675916,1213.351807643383,378.0834351850875,1248.1120128466398,-17.16874193210751,-34.760205203256874,-0.044918583923247934,-0.10693207283253647,nan,nan,-0.044918583923247934,-0.02994572261549862,-0.022459291961623967,37,11,4,1,1920.0,0.0,72.0,100.0,100.0,100.0,100.0,False,thread_sweep_tensor_mma_f16acc_t288_rep003_test_0ba22390,thread_sweep_tensor_mma_f16acc_t288_rep003_baseline_a01a9b09,results/fp16_matmul_thread_sweep_fine_m16n16_smutil_rtx3090_20260528/raw/thread_sweep_tensor_mma_f16acc_t288_rep003_test_0ba22390/power.csv,results/fp16_matmul_thread_sweep_fine_m16n16_smutil_rtx3090_20260528/raw/thread_sweep_tensor_mma_f16acc_t288_rep003_baseline_a01a9b09/power.csv,results/fp16_matmul_thread_sweep_fine_m16n16_smutil_rtx3090_20260528/raw/thread_sweep_tensor_mma_f16acc_t288_rep003_test_0ba22390/sm_util.csv,results/fp16_matmul_thread_sweep_fine_m16n16_smutil_rtx3090_20260528/raw/thread_sweep_tensor_mma_f16acc_t288_rep003_baseline_a01a9b09/sm_util.csv
thread_sweep_tensor_mma_f16acc_t288,4,4,NVIDIA GeForce RTX 3090,tensor_core_mma_m16n16k16_f16acc,tensor_mma_f16acc,baseline_nop,656,288,2304.0,1000000,8,5.228277832030001,1.4131260986299998,773849088000000.0,0.0,0.0,773849088000000.0,386924544000000.0,386924544000000.0,1160773632000000.0,1547698176000000.0,True,False,148.01223516836995,nan,235.22568979106896,251.00146343215113,1280.6175617014208,369.5075253186927,1312.3053870694046,-15.775773641082168,-31.687825367983805,-0.040948326824136294,-0.10658425381615635,nan,nan,-0.040948326824136294,-0.027298884549424193,-0.020474163412068147,40,11,5,1,1920.0,0.0,72.0,100.0,100.0,100.0,100.0,False,thread_sweep_tensor_mma_f16acc_t288_rep004_test_e3a392fe,thread_sweep_tensor_mma_f16acc_t288_rep004_baseline_675a2d6b,results/fp16_matmul_thread_sweep_fine_m16n16_smutil_rtx3090_20260528/raw/thread_sweep_tensor_mma_f16acc_t288_rep004_test_e3a392fe/power.csv,results/fp16_matmul_thread_sweep_fine_m16n16_smutil_rtx3090_20260528/raw/thread_sweep_tensor_mma_f16acc_t288_rep004_baseline_675a2d6b/power.csv,results/fp16_matmul_thread_sweep_fine_m16n16_smutil_rtx3090_20260528/raw/thread_sweep_tensor_mma_f16acc_t288_rep004_test_e3a392fe/sm_util.csv,results/fp16_matmul_thread_sweep_fine_m16n16_smutil_rtx3090_20260528/raw/thread_sweep_tensor_mma_f16acc_t288_rep004_baseline_675a2d6b/sm_util.csv
thread_sweep_tensor_mma_f16acc_t288,5,5,NVIDIA GeForce RTX 3090,tensor_core_mma_m16n16k16_f16acc,tensor_mma_f16acc,baseline_nop,656,288,2304.0,1000000,8,5.23577246094,1.4242641601600001,773849088000000.0,0.0,0.0,773849088000000.0,386924544000000.0,386924544000000.0,1160773632000000.0,1547698176000000.0,True,False,147.80036637823403,nan,236.74012319380648,245.8532184326434,1290.606926064298,364.7347805524774,1287.2315105031007,-9.113095238836905,3.3754155611973147,0.004361852476845349,-0.06165813700025411,nan,nan,0.004361852476845349,0.002907901651230233,0.0021809262384226745,40,11,5,1,1920.0,0.0,73.0,99.975,100.0,100.0,100.0,False,thread_sweep_tensor_mma_f16acc_t288_rep005_test_8dc3e2df,thread_sweep_tensor_mma_f16acc_t288_rep005_baseline_01a0149f,results/fp16_matmul_thread_sweep_fine_m16n16_smutil_rtx3090_20260528/raw/thread_sweep_tensor_mma_f16acc_t288_rep005_test_8dc3e2df/power.csv,results/fp16_matmul_thread_sweep_fine_m16n16_smutil_rtx3090_20260528/raw/thread_sweep_tensor_mma_f16acc_t288_rep005_baseline_01a0149f/power.csv,results/fp16_matmul_thread_sweep_fine_m16n16_smutil_rtx3090_20260528/raw/thread_sweep_tensor_mma_f16acc_t288_rep005_test_8dc3e2df/sm_util.csv,results/fp16_matmul_thread_sweep_fine_m16n16_smutil_rtx3090_20260528/raw/thread_sweep_tensor_mma_f16acc_t288_rep005_baseline_01a0149f/sm_util.csv
thread_sweep_tensor_mma_f16acc_t288,6,6,NVIDIA GeForce RTX 3090,tensor_core_mma_m16n16k16_f16acc,tensor_mma_f16acc,baseline_nop,656,288,2304.0,1000000,8,5.6390092773400005,1.42451574707,773849088000000.0,0.0,0.0,773849088000000.0,386924544000000.0,386924544000000.0,1160773632000000.0,1547698176000000.0,True,False,137.2313911788837,nan,235.58955480597024,249.95218066362827,1383.2366203839176,370.87032283749085,1409.4826656535636,-14.362625857658031,-26.246045269645947,-0.03391623208793644,-0.10465991588568885,nan,nan,-0.03391623208793644,-0.022610821391957626,-0.01695811604396822,47,10,5,1,1920.0,0.0,73.0,99.97872340425532,100.0,100.0,100.0,False,thread_sweep_tensor_mma_f16acc_t288_rep006_test_1cec734e,thread_sweep_tensor_mma_f16acc_t288_rep006_baseline_528a39a4,results/fp16_matmul_thread_sweep_fine_m16n16_smutil_rtx3090_20260528/raw/thread_sweep_tensor_mma_f16acc_t288_rep006_test_1cec734e/power.csv,results/fp16_matmul_thread_sweep_fine_m16n16_smutil_rtx3090_20260528/raw/thread_sweep_tensor_mma_f16acc_t288_rep006_baseline_528a39a4/power.csv,results/fp16_matmul_thread_sweep_fine_m16n16_smutil_rtx3090_20260528/raw/thread_sweep_tensor_mma_f16acc_t288_rep006_test_1cec734e/sm_util.csv,results/fp16_matmul_thread_sweep_fine_m16n16_smutil_rtx3090_20260528/raw/thread_sweep_tensor_mma_f16acc_t288_rep006_baseline_528a39a4/sm_util.csv
thread_sweep_tensor_mma_f16acc_t288,7,7,NVIDIA GeForce RTX 3090,tensor_core_mma_m16n16k16_f16acc,tensor_mma_f16acc,baseline_nop,656,288,2304.0,1000000,8,5.63566308594,1.41325610352,773849088000000.0,0.0,0.0,773849088000000.0,386924544000000.0,386924544000000.0,1160773632000000.0,1547698176000000.0,True,False,137.31287271778524,nan,236.25364296509397,260.5687236796877,1386.4802740517748,383.58811551802984,1468.477537392116,-24.315080714593734,-81.99726334034108,-0.10596027650851361,-0.17707794056983822,nan,nan,-0.10596027650851361,-0.07064018433900907,-0.052980138254256806,43,11,5,1,1920.0,0.0,73.0,99.95348837209302,100.0,100.0,100.0,False,thread_sweep_tensor_mma_f16acc_t288_rep007_test_01c55910,thread_sweep_tensor_mma_f16acc_t288_rep007_baseline_f478dd22,results/fp16_matmul_thread_sweep_fine_m16n16_smutil_rtx3090_20260528/raw/thread_sweep_tensor_mma_f16acc_t288_rep007_test_01c55910/power.csv,results/fp16_matmul_thread_sweep_fine_m16n16_smutil_rtx3090_20260528/raw/thread_sweep_tensor_mma_f16acc_t288_rep007_baseline_f478dd22/power.csv,results/fp16_matmul_thread_sweep_fine_m16n16_smutil_rtx3090_20260528/raw/thread_sweep_tensor_mma_f16acc_t288_rep007_test_01c55910/sm_util.csv,results/fp16_matmul_thread_sweep_fine_m16n16_smutil_rtx3090_20260528/raw/thread_sweep_tensor_mma_f16acc_t288_rep007_baseline_f478dd22/sm_util.csv
thread_sweep_tensor_mma_f16acc_t288,8,8,NVIDIA GeForce RTX 3090,tensor_core_mma_m16n16k16_f16acc,tensor_mma_f16acc,baseline_nop,656,288,2304.0,1000000,8,5.27095996094,1.4214266357399998,773849088000000.0,0.0,0.0,773849088000000.0,386924544000000.0,386924544000000.0,1160773632000000.0,1547698176000000.0,True,False,146.81369119373753,nan,234.33864529111906,258.93471951650235,1286.2570194883501,383.37758957261076,1364.8345390687132,-24.59607422538329,-78.57751958036306,-0.10154114128821337,-0.16753256474510914,nan,nan,-0.10154114128821337,-0.06769409419214224,-0.050770570644106686,40,11,5,1,1920.0,0.0,73.0,99.95,100.0,100.0,100.0,False,thread_sweep_tensor_mma_f16acc_t288_rep008_test_fcce797c,thread_sweep_tensor_mma_f16acc_t288_rep008_baseline_f3aaca7a,results/fp16_matmul_thread_sweep_fine_m16n16_smutil_rtx3090_20260528/raw/thread_sweep_tensor_mma_f16acc_t288_rep008_test_fcce797c/power.csv,results/fp16_matmul_thread_sweep_fine_m16n16_smutil_rtx3090_20260528/raw/thread_sweep_tensor_mma_f16acc_t288_rep008_baseline_f3aaca7a/power.csv,results/fp16_matmul_thread_sweep_fine_m16n16_smutil_rtx3090_20260528/raw/thread_sweep_tensor_mma_f16acc_t288_rep008_test_fcce797c/sm_util.csv,results/fp16_matmul_thread_sweep_fine_m16n16_smutil_rtx3090_20260528/raw/thread_sweep_tensor_mma_f16acc_t288_rep008_baseline_f3aaca7a/sm_util.csv
thread_sweep_tensor_mma_f16acc_t288,9,9,NVIDIA GeForce RTX 3090,tensor_core_mma_m16n16k16_f16acc,tensor_mma_f16acc,baseline_nop,656,288,2304.0,1000000,8,4.88062744141,1.39429370117,773849088000000.0,0.0,0.0,773849088000000.0,386924544000000.0,386924544000000.0,1160773632000000.0,1547698176000000.0,True,False,158.55524669517433,nan,237.20583395602392,250.6313866121541,1191.480141342374,364.1224108996725,1223.238423177918,-13.42555265613018,-31.75828183554404,-0.0410393736039966,-0.0846742882116104,nan,nan,-0.0410393736039966,-0.0273595824026644,-0.0205196868019983,38,11,5,1,1920.0,0.0,73.0,99.97368421052632,100.0,100.0,100.0,False,thread_sweep_tensor_mma_f16acc_t288_rep009_test_281a9345,thread_sweep_tensor_mma_f16acc_t288_rep009_baseline_1d572e05,results/fp16_matmul_thread_sweep_fine_m16n16_smutil_rtx3090_20260528/raw/thread_sweep_tensor_mma_f16acc_t288_rep009_test_281a9345/power.csv,results/fp16_matmul_thread_sweep_fine_m16n16_smutil_rtx3090_20260528/raw/thread_sweep_tensor_mma_f16acc_t288_rep009_baseline_1d572e05/power.csv,results/fp16_matmul_thread_sweep_fine_m16n16_smutil_rtx3090_20260528/raw/thread_sweep_tensor_mma_f16acc_t288_rep009_test_281a9345/sm_util.csv,results/fp16_matmul_thread_sweep_fine_m16n16_smutil_rtx3090_20260528/raw/thread_sweep_tensor_mma_f16acc_t288_rep009_baseline_1d572e05/sm_util.csv
thread_sweep_tensor_mma_f16acc_t320,0,0,NVIDIA GeForce RTX 3090,tensor_core_mma_m16n16k16_f16acc,tensor_mma_f16acc,baseline_nop,656,320,2560.0,1000000,8,5.35484912109,1.27010095215,859832320000000.0,0.0,0.0,859832320000000.0,429916160000000.0,429916160000000.0,1289748480000000.0,1719664640000000.0,True,False,160.57078370584938,nan,233.94916649165614,260.3620749157737,1304.6562672850475,344.54258285390927,1394.1996280278995,-26.412908424117546,-89.54336074285197,-0.10414049188433853,-0.16449386254789364,nan,nan,-0.10414049188433853,-0.06942699458955902,-0.05207024594216927,41,9,5,1,1935.0,0.0,68.0,99.95121951219512,100.0,100.0,100.0,False,thread_sweep_tensor_mma_f16acc_t320_rep000_test_6088ffa0,thread_sweep_tensor_mma_f16acc_t320_rep000_baseline_5caf28cd,results/fp16_matmul_thread_sweep_fine_m16n16_smutil_rtx3090_20260528/raw/thread_sweep_tensor_mma_f16acc_t320_rep000_test_6088ffa0/power.csv,results/fp16_matmul_thread_sweep_fine_m16n16_smutil_rtx3090_20260528/raw/thread_sweep_tensor_mma_f16acc_t320_rep000_baseline_5caf28cd/power.csv,results/fp16_matmul_thread_sweep_fine_m16n16_smutil_rtx3090_20260528/raw/thread_sweep_tensor_mma_f16acc_t320_rep000_test_6088ffa0/sm_util.csv,results/fp16_matmul_thread_sweep_fine_m16n16_smutil_rtx3090_20260528/raw/thread_sweep_tensor_mma_f16acc_t320_rep000_baseline_5caf28cd/sm_util.csv
thread_sweep_tensor_mma_f16acc_t320,1,1,NVIDIA GeForce RTX 3090,tensor_core_mma_m16n16k16_f16acc,tensor_mma_f16acc,baseline_nop,656,320,2560.0,1000000,8,5.362046875,1.27831030273,859832320000000.0,0.0,0.0,859832320000000.0,429916160000000.0,429916160000000.0,1289748480000000.0,1719664640000000.0,True,False,160.3552412062791,nan,239.18544801921715,250.47933385855546,1336.1206893445,333.5561271176312,1343.081929368349,-11.293885839338316,-6.961240023848859,-0.008096043684248645,-0.07043041284076268,nan,nan,-0.008096043684248645,-0.005397362456165763,-0.004048021842124322,41,10,5,1,1932.439024390244,15.0,71.0,99.95121951219512,100.0,100.0,100.0,False,thread_sweep_tensor_mma_f16acc_t320_rep001_test_0d4b5c15,thread_sweep_tensor_mma_f16acc_t320_rep001_baseline_693a1a1d,results/fp16_matmul_thread_sweep_fine_m16n16_smutil_rtx3090_20260528/raw/thread_sweep_tensor_mma_f16acc_t320_rep001_test_0d4b5c15/power.csv,results/fp16_matmul_thread_sweep_fine_m16n16_smutil_rtx3090_20260528/raw/thread_sweep_tensor_mma_f16acc_t320_rep001_baseline_693a1a1d/power.csv,results/fp16_matmul_thread_sweep_fine_m16n16_smutil_rtx3090_20260528/raw/thread_sweep_tensor_mma_f16acc_t320_rep001_test_0d4b5c15/sm_util.csv,results/fp16_matmul_thread_sweep_fine_m16n16_smutil_rtx3090_20260528/raw/thread_sweep_tensor_mma_f16acc_t320_rep001_baseline_693a1a1d/sm_util.csv
thread_sweep_tensor_mma_f16acc_t320,2,2,NVIDIA GeForce RTX 3090,tensor_core_mma_m16n16k16_f16acc,tensor_mma_f16acc,baseline_nop,656,320,2560.0,1000000,8,5.39653515625,1.27976855469,859832320000000.0,0.0,0.0,859832320000000.0,429916160000000.0,429916160000000.0,1289748480000000.0,1719664640000000.0,True,False,159.33043982937548,nan,238.6469912495218,252.1978114136474,1024.3926406963915,336.7526788160997,1360.9943556230555,-13.55082016412561,-336.60171492666404,-0.39147367119982657,-0.08504853296480556,nan,nan,-0.39147367119982657,-0.260982447466551,-0.19573683559991328,42,10,5,1,1920.0,0.0,72.0,99.97619047619048,100.0,100.0,100.0,False,thread_sweep_tensor_mma_f16acc_t320_rep002_test_29ae1fa5,thread_sweep_tensor_mma_f16acc_t320_rep002_baseline_80e44903,results/fp16_matmul_thread_sweep_fine_m16n16_smutil_rtx3090_20260528/raw/thread_sweep_tensor_mma_f16acc_t320_rep002_test_29ae1fa5/power.csv,results/fp16_matmul_thread_sweep_fine_m16n16_smutil_rtx3090_20260528/raw/thread_sweep_tensor_mma_f16acc_t320_rep002_baseline_80e44903/power.csv,results/fp16_matmul_thread_sweep_fine_m16n16_smutil_rtx3090_20260528/raw/thread_sweep_tensor_mma_f16acc_t320_rep002_test_29ae1fa5/sm_util.csv,results/fp16_matmul_thread_sweep_fine_m16n16_smutil_rtx3090_20260528/raw/thread_sweep_tensor_mma_f16acc_t320_rep002_baseline_80e44903/sm_util.csv
thread_sweep_tensor_mma_f16acc_t320,3,3,NVIDIA GeForce RTX 3090,tensor_core_mma_m16n16k16_f16acc,tensor_mma_f16acc,baseline_nop,656,320,2560.0,1000000,8,5.35761083984,1.2791190185499999,859832320000000.0,0.0,0.0,859832320000000.0,429916160000000.0,429916160000000.0,1289748480000000.0,1719664640000000.0,True,False,160.4880133521751,nan,242.39686178439317,254.71641926805376,1352.2248831567183,339.3858730572714,1364.671448955755,-12.319557483660589,-12.446565799036762,-0.014475573329270483,-0.07676310041066142,nan,nan,-0.014475573329270483,-0.009650382219513655,-0.007237786664635241,41,10,5,1,1920.0,0.0,73.0,99.95121951219512,100.0,100.0,100.0,False,thread_sweep_tensor_mma_f16acc_t320_rep003_test_cec05bc8,thread_sweep_tensor_mma_f16acc_t320_rep003_baseline_c20f1b69,results/fp16_matmul_thread_sweep_fine_m16n16_smutil_rtx3090_20260528/raw/thread_sweep_tensor_mma_f16acc_t320_rep003_test_cec05bc8/power.csv,results/fp16_matmul_thread_sweep_fine_m16n16_smutil_rtx3090_20260528/raw/thread_sweep_tensor_mma_f16acc_t320_rep003_baseline_c20f1b69/power.csv,results/fp16_matmul_thread_sweep_fine_m16n16_smutil_rtx3090_20260528/raw/thread_sweep_tensor_mma_f16acc_t320_rep003_test_cec05bc8/sm_util.csv,results/fp16_matmul_thread_sweep_fine_m16n16_smutil_rtx3090_20260528/raw/thread_sweep_tensor_mma_f16acc_t320_rep003_baseline_c20f1b69/sm_util.csv
thread_sweep_tensor_mma_f16acc_t320,4,4,NVIDIA GeForce RTX 3090,tensor_core_mma_m16n16k16_f16acc,tensor_mma_f16acc,baseline_nop,656,320,2560.0,1000000,8,6.1834809570300004,1.30241809082,859832320000000.0,0.0,0.0,859832320000000.0,429916160000000.0,429916160000000.0,1289748480000000.0,1719664640000000.0,True,False,139.0531200751021,nan,236.01276914204524,260.27109377707745,1519.7628375668887,353.1867457200315,1609.3813520359279,-24.25832463503221,-89.61851446903916,-0.10422789698000554,-0.17445365211460465,nan,nan,-0.10422789698000554,-0.06948526465333703,-0.05211394849000277,48,10,6,1,1920.0,0.0,73.0,99.95833333333333,100.0,100.0,100.0,False,thread_sweep_tensor_mma_f16acc_t320_rep004_test_14cca3ef,thread_sweep_tensor_mma_f16acc_t320_rep004_baseline_0adb088a,results/fp16_matmul_thread_sweep_fine_m16n16_smutil_rtx3090_20260528/raw/thread_sweep_tensor_mma_f16acc_t320_rep004_test_14cca3ef/power.csv,results/fp16_matmul_thread_sweep_fine_m16n16_smutil_rtx3090_20260528/raw/thread_sweep_tensor_mma_f16acc_t320_rep004_baseline_0adb088a/power.csv,results/fp16_matmul_thread_sweep_fine_m16n16_smutil_rtx3090_20260528/raw/thread_sweep_tensor_mma_f16acc_t320_rep004_test_14cca3ef/sm_util.csv,results/fp16_matmul_thread_sweep_fine_m16n16_smutil_rtx3090_20260528/raw/thread_sweep_tensor_mma_f16acc_t320_rep004_baseline_0adb088a/sm_util.csv
thread_sweep_tensor_mma_f16acc_t320,5,5,NVIDIA GeForce RTX 3090,tensor_core_mma_m16n16k16_f16acc,tensor_mma_f16acc,baseline_nop,656,320,2560.0,1000000,8,5.41942089844,1.28840197754,859832320000000.0,0.0,0.0,859832320000000.0,429916160000000.0,429916160000000.0,1289748480000000.0,1719664640000000.0,True,False,158.6576012664943,nan,242.5520374724711,259.5263431348074,1368.6471237284945,348.330269444697,1406.4824876804857,-16.974305662336292,-37.83536395199121,-0.04400318884499621,-0.10698703073056585,nan,nan,-0.04400318884499621,-0.029335459229997474,-0.022001594422498105,42,10,6,1,1920.0,0.0,73.0,99.97619047619048,100.0,100.0,100.0,False,thread_sweep_tensor_mma_f16acc_t320_rep005_test_3dfa452f,thread_sweep_tensor_mma_f16acc_t320_rep005_baseline_ec1f1bdd,results/fp16_matmul_thread_sweep_fine_m16n16_smutil_rtx3090_20260528/raw/thread_sweep_tensor_mma_f16acc_t320_rep005_test_3dfa452f/power.csv,results/fp16_matmul_thread_sweep_fine_m16n16_smutil_rtx3090_20260528/raw/thread_sweep_tensor_mma_f16acc_t320_rep005_baseline_ec1f1bdd/power.csv,results/fp16_matmul_thread_sweep_fine_m16n16_smutil_rtx3090_20260528/raw/thread_sweep_tensor_mma_f16acc_t320_rep005_test_3dfa452f/sm_util.csv,results/fp16_matmul_thread_sweep_fine_m16n16_smutil_rtx3090_20260528/raw/thread_sweep_tensor_mma_f16acc_t320_rep005_baseline_ec1f1bdd/sm_util.csv
thread_sweep_tensor_mma_f16acc_t320,6,6,NVIDIA GeForce RTX 3090,tensor_core_mma_m16n16k16_f16acc,tensor_mma_f16acc,baseline_nop,656,320,2560.0,1000000,8,5.82679003906,1.286765625,859832320000000.0,0.0,0.0,859832320000000.0,429916160000000.0,429916160000000.0,1289748480000000.0,1719664640000000.0,True,False,147.5653514604263,nan,232.25136194634422,251.04596108548148,1409.193764889529,336.5610133369027,1462.7921053991279,-18.79459913913726,-53.598340509598984,-0.06233580578780638,-0.12736458086624453,nan,nan,-0.06233580578780638,-0.04155720385853758,-0.03116790289390319,45,10,6,1,1920.0,0.0,73.0,99.95555555555555,100.0,100.0,100.0,False,thread_sweep_tensor_mma_f16acc_t320_rep006_test_082aa9ec,thread_sweep_tensor_mma_f16acc_t320_rep006_baseline_8a3da633,results/fp16_matmul_thread_sweep_fine_m16n16_smutil_rtx3090_20260528/raw/thread_sweep_tensor_mma_f16acc_t320_rep006_test_082aa9ec/power.csv,results/fp16_matmul_thread_sweep_fine_m16n16_smutil_rtx3090_20260528/raw/thread_sweep_tensor_mma_f16acc_t320_rep006_baseline_8a3da633/power.csv,results/fp16_matmul_thread_sweep_fine_m16n16_smutil_rtx3090_20260528/raw/thread_sweep_tensor_mma_f16acc_t320_rep006_test_082aa9ec/sm_util.csv,results/fp16_matmul_thread_sweep_fine_m16n16_smutil_rtx3090_20260528/raw/thread_sweep_tensor_mma_f16acc_t320_rep006_baseline_8a3da633/sm_util.csv
thread_sweep_tensor_mma_f16acc_t320,7,7,NVIDIA GeForce RTX 3090,tensor_core_mma_m16n16k16_f16acc,tensor_mma_f16acc,baseline_nop,656,320,2560.0,1000000,8,5.41034277344,1.28351135254,859832320000000.0,0.0,0.0,859832320000000.0,429916160000000.0,429916160000000.0,1289748480000000.0,1719664640000000.0,True,False,158.92381610662758,nan,241.2672597177832,260.53274956805336,1359.4433283231372,348.40365547177305,1409.5714788699709,-19.26548985027017,-50.128150546833695,-0.0582999142749527,-0.12122468691126996,nan,nan,-0.0582999142749527,-0.03886660951663513,-0.02914995713747635,42,10,6,1,1920.0,0.0,73.0,99.95238095238095,100.0,100.0,100.0,False,thread_sweep_tensor_mma_f16acc_t320_rep007_test_f2c2d597,thread_sweep_tensor_mma_f16acc_t320_rep007_baseline_718bf518,results/fp16_matmul_thread_sweep_fine_m16n16_smutil_rtx3090_20260528/raw/thread_sweep_tensor_mma_f16acc_t320_rep007_test_f2c2d597/power.csv,results/fp16_matmul_thread_sweep_fine_m16n16_smutil_rtx3090_20260528/raw/thread_sweep_tensor_mma_f16acc_t320_rep007_baseline_718bf518/power.csv,results/fp16_matmul_thread_sweep_fine_m16n16_smutil_rtx3090_20260528/raw/thread_sweep_tensor_mma_f16acc_t320_rep007_test_f2c2d597/sm_util.csv,results/fp16_matmul_thread_sweep_fine_m16n16_smutil_rtx3090_20260528/raw/thread_sweep_tensor_mma_f16acc_t320_rep007_baseline_718bf518/sm_util.csv
thread_sweep_tensor_mma_f16acc_t320,8,8,NVIDIA GeForce RTX 3090,tensor_core_mma_m16n16k16_f16acc,tensor_mma_f16acc,baseline_nop,656,320,2560.0,1000000,8,5.77864404297,1.29155578613,859832320000000.0,0.0,0.0,859832320000000.0,429916160000000.0,429916160000000.0,1289748480000000.0,1719664640000000.0,True,False,148.7948234233302,nan,230.81436557732678,257.59621065709916,1388.8408818640762,346.6074599333548,1488.5568082052912,-26.78184507977238,-99.71592634121498,-0.11597136327838313,-0.17999177971115585,nan,nan,-0.11597136327838313,-0.07731424218558876,-0.057985681639191565,44,10,6,1,1920.0,0.0,73.0,99.97727272727273,100.0,100.0,100.0,False,thread_sweep_tensor_mma_f16acc_t320_rep008_test_8499cc90,thread_sweep_tensor_mma_f16acc_t320_rep008_baseline_6391f48b,results/fp16_matmul_thread_sweep_fine_m16n16_smutil_rtx3090_20260528/raw/thread_sweep_tensor_mma_f16acc_t320_rep008_test_8499cc90/power.csv,results/fp16_matmul_thread_sweep_fine_m16n16_smutil_rtx3090_20260528/raw/thread_sweep_tensor_mma_f16acc_t320_rep008_baseline_6391f48b/power.csv,results/fp16_matmul_thread_sweep_fine_m16n16_smutil_rtx3090_20260528/raw/thread_sweep_tensor_mma_f16acc_t320_rep008_test_8499cc90/sm_util.csv,results/fp16_matmul_thread_sweep_fine_m16n16_smutil_rtx3090_20260528/raw/thread_sweep_tensor_mma_f16acc_t320_rep008_baseline_6391f48b/sm_util.csv
thread_sweep_tensor_mma_f16acc_t320,9,9,NVIDIA GeForce RTX 3090,tensor_core_mma_m16n16k16_f16acc,tensor_mma_f16acc,baseline_nop,656,320,2560.0,1000000,8,5.82242724609,1.33131115723,859832320000000.0,0.0,0.0,859832320000000.0,429916160000000.0,429916160000000.0,1289748480000000.0,1719664640000000.0,True,False,147.67592340074543,nan,235.22933507107862,256.6996920955136,1429.7988706204605,350.48994616198627,1494.6152813198323,-21.470357024435003,-64.81641069937177,-0.07538261727515869,-0.14538833771955698,nan,nan,-0.07538261727515869,-0.05025507818343912,-0.03769130863757934,44,10,6,1,1920.0,0.0,74.0,100.0,100.0,100.0,100.0,False,thread_sweep_tensor_mma_f16acc_t320_rep009_test_0ef50b31,thread_sweep_tensor_mma_f16acc_t320_rep009_baseline_98ddc3e3,results/fp16_matmul_thread_sweep_fine_m16n16_smutil_rtx3090_20260528/raw/thread_sweep_tensor_mma_f16acc_t320_rep009_test_0ef50b31/power.csv,results/fp16_matmul_thread_sweep_fine_m16n16_smutil_rtx3090_20260528/raw/thread_sweep_tensor_mma_f16acc_t320_rep009_baseline_98ddc3e3/power.csv,results/fp16_matmul_thread_sweep_fine_m16n16_smutil_rtx3090_20260528/raw/thread_sweep_tensor_mma_f16acc_t320_rep009_test_0ef50b31/sm_util.csv,results/fp16_matmul_thread_sweep_fine_m16n16_smutil_rtx3090_20260528/raw/thread_sweep_tensor_mma_f16acc_t320_rep009_baseline_98ddc3e3/sm_util.csv
thread_sweep_tensor_mma_f16acc_t384,0,0,NVIDIA GeForce RTX 3090,tensor_core_mma_m16n16k16_f16acc,tensor_mma_f16acc,baseline_nop,656,384,3072.0,1000000,8,6.4254267578099995,1.59212731934,1031798784000000.0,0.0,0.0,1031798784000000.0,515899392000000.0,515899392000000.0,1547698176000000.0,2063597568000000.0,True,False,160.5805844329119,nan,235.06264624961983,267.77295970724634,1572.9156045555403,444.1142941912049,1720.5555403209196,-32.71031345762651,-147.63993576537928,-0.14308985245458408,-0.20370030146012064,nan,nan,-0.14308985245458408,-0.09539323496972273,-0.07154492622729204,50,12,6,1,1935.0,0.0,69.0,99.96,100.0,100.0,100.0,False,thread_sweep_tensor_mma_f16acc_t384_rep000_test_0b296818,thread_sweep_tensor_mma_f16acc_t384_rep000_baseline_05988e2a,results/fp16_matmul_thread_sweep_fine_m16n16_smutil_rtx3090_20260528/raw/thread_sweep_tensor_mma_f16acc_t384_rep000_test_0b296818/power.csv,results/fp16_matmul_thread_sweep_fine_m16n16_smutil_rtx3090_20260528/raw/thread_sweep_tensor_mma_f16acc_t384_rep000_baseline_05988e2a/power.csv,results/fp16_matmul_thread_sweep_fine_m16n16_smutil_rtx3090_20260528/raw/thread_sweep_tensor_mma_f16acc_t384_rep000_test_0b296818/sm_util.csv,results/fp16_matmul_thread_sweep_fine_m16n16_smutil_rtx3090_20260528/raw/thread_sweep_tensor_mma_f16acc_t384_rep000_baseline_05988e2a/sm_util.csv
thread_sweep_tensor_mma_f16acc_t384,1,1,NVIDIA GeForce RTX 3090,tensor_core_mma_m16n16k16_f16acc,tensor_mma_f16acc,baseline_nop,656,384,3072.0,1000000,8,6.47611474609,1.5993671875,1031798784000000.0,0.0,0.0,1031798784000000.0,515899392000000.0,515899392000000.0,1547698176000000.0,2063597568000000.0,True,False,159.3237341297814,nan,238.71910030212882,277.066591059533,1609.6825877768063,461.52322881140526,1794.3150360095294,-38.34749075740416,-184.63244823272316,-0.17894230066540104,-0.24068912875320375,nan,nan,-0.17894230066540104,-0.11929486711026736,-0.08947115033270052,50,12,7,1,1920.0,0.0,71.0,99.96,100.0,100.0,100.0,False,thread_sweep_tensor_mma_f16acc_t384_rep001_test_bd005ef3,thread_sweep_tensor_mma_f16acc_t384_rep001_baseline_8ed6df95,results/fp16_matmul_thread_sweep_fine_m16n16_smutil_rtx3090_20260528/raw/thread_sweep_tensor_mma_f16acc_t384_rep001_test_bd005ef3/power.csv,results/fp16_matmul_thread_sweep_fine_m16n16_smutil_rtx3090_20260528/raw/thread_sweep_tensor_mma_f16acc_t384_rep001_baseline_8ed6df95/power.csv,results/fp16_matmul_thread_sweep_fine_m16n16_smutil_rtx3090_20260528/raw/thread_sweep_tensor_mma_f16acc_t384_rep001_test_bd005ef3/sm_util.csv,results/fp16_matmul_thread_sweep_fine_m16n16_smutil_rtx3090_20260528/raw/thread_sweep_tensor_mma_f16acc_t384_rep001_baseline_8ed6df95/sm_util.csv
thread_sweep_tensor_mma_f16acc_t384,2,2,NVIDIA GeForce RTX 3090,tensor_core_mma_m16n16k16_f16acc,tensor_mma_f16acc,baseline_nop,656,384,3072.0,1000000,8,6.4646889648400006,1.59974194336,1031798784000000.0,0.0,0.0,1031798784000000.0,515899392000000.0,515899392000000.0,1547698176000000.0,2063597568000000.0,True,False,159.60532511490084,nan,239.74694629169423,267.92527818670277,1617.8005249037767,436.47737586084935,1732.0535892952646,-28.17833189500854,-114.2530643914879,-0.11073192386267426,-0.1765500735938653,nan,nan,-0.11073192386267426,-0.07382128257511618,-0.05536596193133713,50,12,6,1,1923.3,15.0,72.0,99.98,100.0,100.0,100.0,False,thread_sweep_tensor_mma_f16acc_t384_rep002_test_680e76af,thread_sweep_tensor_mma_f16acc_t384_rep002_baseline_cb21804c,results/fp16_matmul_thread_sweep_fine_m16n16_smutil_rtx3090_20260528/raw/thread_sweep_tensor_mma_f16acc_t384_rep002_test_680e76af/power.csv,results/fp16_matmul_thread_sweep_fine_m16n16_smutil_rtx3090_20260528/raw/thread_sweep_tensor_mma_f16acc_t384_rep002_baseline_cb21804c/power.csv,results/fp16_matmul_thread_sweep_fine_m16n16_smutil_rtx3090_20260528/raw/thread_sweep_tensor_mma_f16acc_t384_rep002_test_680e76af/sm_util.csv,results/fp16_matmul_thread_sweep_fine_m16n16_smutil_rtx3090_20260528/raw/thread_sweep_tensor_mma_f16acc_t384_rep002_baseline_cb21804c/sm_util.csv
thread_sweep_tensor_mma_f16acc_t384,3,3,NVIDIA GeForce RTX 3090,tensor_core_mma_m16n16k16_f16acc,tensor_mma_f16acc,baseline_nop,656,384,3072.0,1000000,8,6.4264355468800005,1.60527258301,1031798784000000.0,0.0,0.0,1031798784000000.0,515899392000000.0,515899392000000.0,1547698176000000.0,2063597568000000.0,True,False,160.55537731191168,nan,243.03921619892594,279.98322565387275,1316.342815727296,468.1634329272684,1799.2941538721723,-36.94400945494681,-482.9513381448762,-0.46806736510447006,-0.23010135240238955,nan,nan,-0.46806736510447006,-0.3120449100696467,-0.23403368255223503,44,12,5,1,1920.0,0.0,73.0,99.97727272727273,100.0,100.0,100.0,False,thread_sweep_tensor_mma_f16acc_t384_rep003_test_bc44e5f3,thread_sweep_tensor_mma_f16acc_t384_rep003_baseline_4b0b6f72,results/fp16_matmul_thread_sweep_fine_m16n16_smutil_rtx3090_20260528/raw/thread_sweep_tensor_mma_f16acc_t384_rep003_test_bc44e5f3/power.csv,results/fp16_matmul_thread_sweep_fine_m16n16_smutil_rtx3090_20260528/raw/thread_sweep_tensor_mma_f16acc_t384_rep003_baseline_4b0b6f72/power.csv,results/fp16_matmul_thread_sweep_fine_m16n16_smutil_rtx3090_20260528/raw/thread_sweep_tensor_mma_f16acc_t384_rep003_test_bc44e5f3/sm_util.csv,results/fp16_matmul_thread_sweep_fine_m16n16_smutil_rtx3090_20260528/raw/thread_sweep_tensor_mma_f16acc_t384_rep003_baseline_4b0b6f72/sm_util.csv
thread_sweep_tensor_mma_f16acc_t384,4,4,NVIDIA GeForce RTX 3090,tensor_core_mma_m16n16k16_f16acc,tensor_mma_f16acc,baseline_nop,656,384,3072.0,1000000,8,6.43770068359,1.6106813964800002,1031798784000000.0,0.0,0.0,1031798784000000.0,515899392000000.0,515899392000000.0,1547698176000000.0,2063597568000000.0,True,False,160.2744263382893,nan,242.67322881552096,272.8399388339332,1627.3679289988622,457.86659764098806,1756.4618607418656,-30.16671001841226,-129.0939317430034,-0.1251154137268332,-0.1882191108563992,nan,nan,-0.1251154137268332,-0.08341027581788879,-0.0625577068634166,49,13,7,1,1920.0,0.0,73.0,100.0,100.0,100.0,100.0,False,thread_sweep_tensor_mma_f16acc_t384_rep004_test_142245f9,thread_sweep_tensor_mma_f16acc_t384_rep004_baseline_51727389,results/fp16_matmul_thread_sweep_fine_m16n16_smutil_rtx3090_20260528/raw/thread_sweep_tensor_mma_f16acc_t384_rep004_test_142245f9/power.csv,results/fp16_matmul_thread_sweep_fine_m16n16_smutil_rtx3090_20260528/raw/thread_sweep_tensor_mma_f16acc_t384_rep004_baseline_51727389/power.csv,results/fp16_matmul_thread_sweep_fine_m16n16_smutil_rtx3090_20260528/raw/thread_sweep_tensor_mma_f16acc_t384_rep004_test_142245f9/sm_util.csv,results/fp16_matmul_thread_sweep_fine_m16n16_smutil_rtx3090_20260528/raw/thread_sweep_tensor_mma_f16acc_t384_rep004_baseline_51727389/sm_util.csv
thread_sweep_tensor_mma_f16acc_t384,5,5,NVIDIA GeForce RTX 3090,tensor_core_mma_m16n16k16_f16acc,tensor_mma_f16acc,baseline_nop,656,384,3072.0,1000000,8,6.49679980469,1.61327685547,1031798784000000.0,0.0,0.0,1031798784000000.0,515899392000000.0,515899392000000.0,1547698176000000.0,2063597568000000.0,True,False,158.8164658013859,nan,242.82491478813222,353.5641414830369,1642.6067319061208,594.0376431169162,2297.0354453323816,-110.73922669490469,-654.4287134262609,-0.6342600161721657,-0.6972779940424687,nan,nan,-0.6342600161721657,-0.4228400107814438,-0.3171300080860828,50,14,7,2,1920.0,0.0,73.0,99.98,100.0,100.0,100.0,False,thread_sweep_tensor_mma_f16acc_t384_rep005_test_6935ef69,thread_sweep_tensor_mma_f16acc_t384_rep005_baseline_2d5a9bb9,results/fp16_matmul_thread_sweep_fine_m16n16_smutil_rtx3090_20260528/raw/thread_sweep_tensor_mma_f16acc_t384_rep005_test_6935ef69/power.csv,results/fp16_matmul_thread_sweep_fine_m16n16_smutil_rtx3090_20260528/raw/thread_sweep_tensor_mma_f16acc_t384_rep005_baseline_2d5a9bb9/power.csv,results/fp16_matmul_thread_sweep_fine_m16n16_smutil_rtx3090_20260528/raw/thread_sweep_tensor_mma_f16acc_t384_rep005_test_6935ef69/sm_util.csv,results/fp16_matmul_thread_sweep_fine_m16n16_smutil_rtx3090_20260528/raw/thread_sweep_tensor_mma_f16acc_t384_rep005_baseline_2d5a9bb9/sm_util.csv
thread_sweep_tensor_mma_f16acc_t384,6,6,NVIDIA GeForce RTX 3090,tensor_core_mma_m16n16k16_f16acc,tensor_mma_f16acc,baseline_nop,656,384,3072.0,1000000,8,6.549357421880001,1.62024755859,1031798784000000.0,0.0,0.0,1031798784000000.0,515899392000000.0,515899392000000.0,1547698176000000.0,2063597568000000.0,True,False,157.54198733344145,nan,241.0338501267038,271.2413583668376,1643.607649888665,457.8057242187826,1776.4566035406608,-30.207508240133762,-132.84895365199577,-0.1287547104261714,-0.1917425871758164,nan,nan,-0.1287547104261714,-0.0858364736174476,-0.0643773552130857,53,12,7,1,1920.0,0.0,73.0,99.9622641509434,100.0,100.0,100.0,False,thread_sweep_tensor_mma_f16acc_t384_rep006_test_5ed55ccb,thread_sweep_tensor_mma_f16acc_t384_rep006_baseline_5e0bd31c,results/fp16_matmul_thread_sweep_fine_m16n16_smutil_rtx3090_20260528/raw/thread_sweep_tensor_mma_f16acc_t384_rep006_test_5ed55ccb/power.csv,results/fp16_matmul_thread_sweep_fine_m16n16_smutil_rtx3090_20260528/raw/thread_sweep_tensor_mma_f16acc_t384_rep006_baseline_5e0bd31c/power.csv,results/fp16_matmul_thread_sweep_fine_m16n16_smutil_rtx3090_20260528/raw/thread_sweep_tensor_mma_f16acc_t384_rep006_test_5ed55ccb/sm_util.csv,results/fp16_matmul_thread_sweep_fine_m16n16_smutil_rtx3090_20260528/raw/thread_sweep_tensor_mma_f16acc_t384_rep006_baseline_5e0bd31c/sm_util.csv
thread_sweep_tensor_mma_f16acc_t384,7,7,NVIDIA GeForce RTX 3090,tensor_core_mma_m16n16k16_f16acc,tensor_mma_f16acc,baseline_nop,656,384,3072.0,1000000,8,6.48114404297,1.60808447266,1031798784000000.0,0.0,0.0,1031798784000000.0,515899392000000.0,515899392000000.0,1547698176000000.0,2063597568000000.0,True,False,159.20010065494176,nan,242.01621691774443,268.9276586507735,1633.4601745552395,450.5371094884489,1742.95889285433,-26.91144173302905,-109.49871829909057,-0.10612410093622535,-0.1690416125512273,nan,nan,-0.10612410093622535,-0.07074940062415022,-0.05306205046811267,49,12,7,1,1920.0,0.0,74.0,99.95918367346938,100.0,100.0,100.0,False,thread_sweep_tensor_mma_f16acc_t384_rep007_test_baad3fad,thread_sweep_tensor_mma_f16acc_t384_rep007_baseline_033dbe00,results/fp16_matmul_thread_sweep_fine_m16n16_smutil_rtx3090_20260528/raw/thread_sweep_tensor_mma_f16acc_t384_rep007_test_baad3fad/power.csv,results/fp16_matmul_thread_sweep_fine_m16n16_smutil_rtx3090_20260528/raw/thread_sweep_tensor_mma_f16acc_t384_rep007_baseline_033dbe00/power.csv,results/fp16_matmul_thread_sweep_fine_m16n16_smutil_rtx3090_20260528/raw/thread_sweep_tensor_mma_f16acc_t384_rep007_test_baad3fad/sm_util.csv,results/fp16_matmul_thread_sweep_fine_m16n16_smutil_rtx3090_20260528/raw/thread_sweep_tensor_mma_f16acc_t384_rep007_baseline_033dbe00/sm_util.csv
thread_sweep_tensor_mma_f16acc_t384,8,8,NVIDIA GeForce RTX 3090,tensor_core_mma_m16n16k16_f16acc,tensor_mma_f16acc,baseline_nop,656,384,3072.0,1000000,8,6.554280761719999,1.6045629882799999,1031798784000000.0,0.0,0.0,1031798784000000.0,515899392000000.0,515899392000000.0,1547698176000000.0,2063597568000000.0,True,False,157.42364746200334,nan,237.4948042756194,274.86455127451234,1621.1319244143542,459.320964940755,1801.5394404973365,-37.369746998892936,-180.40751608298228,-0.1748475757875891,-0.23738331312589303,nan,nan,-0.1748475757875891,-0.1165650505250594,-0.08742378789379456,50,12,7,1,1920.0,0.0,73.0,99.98,100.0,100.0,100.0,False,thread_sweep_tensor_mma_f16acc_t384_rep008_test_f46d991e,thread_sweep_tensor_mma_f16acc_t384_rep008_baseline_0c6c31c3,results/fp16_matmul_thread_sweep_fine_m16n16_smutil_rtx3090_20260528/raw/thread_sweep_tensor_mma_f16acc_t384_rep008_test_f46d991e/power.csv,results/fp16_matmul_thread_sweep_fine_m16n16_smutil_rtx3090_20260528/raw/thread_sweep_tensor_mma_f16acc_t384_rep008_baseline_0c6c31c3/power.csv,results/fp16_matmul_thread_sweep_fine_m16n16_smutil_rtx3090_20260528/raw/thread_sweep_tensor_mma_f16acc_t384_rep008_test_f46d991e/sm_util.csv,results/fp16_matmul_thread_sweep_fine_m16n16_smutil_rtx3090_20260528/raw/thread_sweep_tensor_mma_f16acc_t384_rep008_baseline_0c6c31c3/sm_util.csv
thread_sweep_tensor_mma_f16acc_t384,9,9,NVIDIA GeForce RTX 3090,tensor_core_mma_m16n16k16_f16acc,tensor_mma_f16acc,baseline_nop,656,384,3072.0,1000000,8,6.52250097656,1.6055131835899998,1031798784000000.0,0.0,0.0,1031798784000000.0,515899392000000.0,515899392000000.0,1547698176000000.0,2063597568000000.0,True,False,158.1906676147676,nan,243.4125182204503,270.0779768274682,1357.7485976222404,454.93763087792047,1761.5838676045105,-26.66545860701791,-403.8352699822701,-0.39138955796857205,-0.16856530798614955,nan,nan,-0.39138955796857205,-0.260926371979048,-0.19569477898428603,44,12,7,1,1920.0,0.0,74.0,99.95454545454545,100.0,99.85714285714286,100.0,False,thread_sweep_tensor_mma_f16acc_t384_rep009_test_829cb83a,thread_sweep_tensor_mma_f16acc_t384_rep009_baseline_60bf4f2f,results/fp16_matmul_thread_sweep_fine_m16n16_smutil_rtx3090_20260528/raw/thread_sweep_tensor_mma_f16acc_t384_rep009_test_829cb83a/power.csv,results/fp16_matmul_thread_sweep_fine_m16n16_smutil_rtx3090_20260528/raw/thread_sweep_tensor_mma_f16acc_t384_rep009_baseline_60bf4f2f/power.csv,results/fp16_matmul_thread_sweep_fine_m16n16_smutil_rtx3090_20260528/raw/thread_sweep_tensor_mma_f16acc_t384_rep009_test_829cb83a/sm_util.csv,results/fp16_matmul_thread_sweep_fine_m16n16_smutil_rtx3090_20260528/raw/thread_sweep_tensor_mma_f16acc_t384_rep009_baseline_60bf4f2f/sm_util.csv
