scope,condition,repeat_index,gpu,architecture_generation,architecture_chip,sm_count,test_kernel,baseline_kernel,threads,threads_per_sm,blocks_per_sm_requested,unroll,measurement_grade,baseline_match_grade,quality_pass,target_pass,positive_increment,no_intended_l2,pure_fp16_candidate,energy_source_reliable,energy_trace_crosscheck_pass,baseline_structural_match,benchmark_schema_current,test_benchmark_schema_version,baseline_benchmark_schema_version,matmul_denominator_valid,matmul_denominator_note,matmul_denominator_metadata_complete,matmul_denominator_source,energy_signal_reliable,measurement_resolution_reliable,ncu_validation_pass,ncu_validation_context_match,ncu_required,ncu_tensor_activity_required,test_ncu_note,baseline_ncu_note,test_ncu_tensor_activity_note,test_ncu_validation_blocks_per_sm,baseline_ncu_validation_blocks_per_sm,test_ncu_validation_unroll,baseline_ncu_validation_unroll,test_ncu_validation_suppress_output_store,baseline_ncu_validation_suppress_output_store,test_ncu_tensor_activity_pct,baseline_ncu_tensor_activity_pct,test_ncu_sm_activity_pct,baseline_ncu_sm_activity_pct,test_ncu_tensor_activity_observed,baseline_ncu_tensor_activity_observed,clock_stable,sm_util_available,common_hmma_path,tflops,elapsed_s,baseline_elapsed_s,tensor_peak_tflops_model,achieved_flops_per_sm_cycle,tensor_model_utilization_pct,avg_sm_util_pct,matmul_logical_mma_count,matmul_flops_per_logical_mma,matmul_input_bits_per_logical_mma,matmul_input_pj_per_bit,incremental_power_w,test_energy_j,incremental_energy_j,incremental_energy_fraction,baseline_energy_fraction,baseline_power_fraction,clock_span_mhz,test_energy_source,baseline_energy_source,test_energy_counter_vs_trace_ratio,baseline_energy_counter_vs_trace_ratio,test_energy_counter_vs_trace_delta_j,baseline_energy_counter_vs_trace_delta_j,test_power_samples,baseline_power_samples,fail_reasons,warnings,fp16_path,run_count,required_valid_count,valid_no_l2_count,pure_fp16_candidate_count,selected_optimal,quality_gate_selected_target,util_saturated,util_reference_scope,util_reference_max_pct,util_metric_source,target_selection_note,test_benchmark_schema_versions,baseline_benchmark_schema_versions,target_util_available,target_util_value_pct,avg_sm_util_pct_mean,avg_gpu_util_pct_mean,tflops_mean,elapsed_s_mean,baseline_elapsed_s_mean,tensor_peak_tflops_model_mean,achieved_flops_per_sm_cycle_mean,tensor_model_utilization_pct_mean,matmul_logical_mma_count_mean,matmul_input_pj_per_bit_mean,matmul_input_pj_per_bit_ci95,incremental_power_w_mean,test_energy_j_mean,incremental_energy_j_mean,incremental_energy_fraction_mean,baseline_energy_fraction_mean,baseline_power_fraction_mean,clock_span_mhz_mean,stats_scope,test_energy_source_counts,baseline_energy_source_counts,test_energy_counter_vs_trace_ratio_mean,baseline_energy_counter_vs_trace_ratio_mean,test_energy_counter_vs_trace_delta_j_mean,baseline_energy_counter_vs_trace_delta_j_mean
pair,launch_shape_tensor_mma_f16acc_t032_b01,0,NVIDIA GeForce RTX 3090,ampere,ga102,82,tensor_mma_f16acc,tensor_baseline_mov,32,32.0,1,8,mixed_or_unavailable,structural_baseline,False,False,False,False,False,False,True,True,True,fp16-energy-bench-v2,fp16-energy-bench-v2,True,logical_m16n16k16_input_bits_8192,True,bench_json_metadata,False,False,False,False,False,False,missing NCU validation row,missing NCU validation row,missing NCU validation row for tensor activity,,,,,,,,,,,,,True,False,True,37.38144663681253,0.28751974487299997,0.0712761611938,164.99712,231.99557274754872,22.65581765112781,nan,1312000000.0,8192.0,8192.0,nan,nan,44.994,nan,nan,nan,nan,0.0,nvml_total_energy_counter,unavailable,1.0256252717952035,nan,1.1241761595199975,nan,2,0,nonpositive incremental power/energy; expected or invalid L2/global traffic; not a pure FP16 candidate; test/baseline energy source mismatch; test/baseline energy sources differ; incremental energy fraction is missing or nonpositive; baseline energy fraction is missing or invalid; baseline elapsed_s is below 0.25s; incremental energy is below 0.1 J or missing,test elapsed_s 0.2875s < warning threshold 1s; SM utilization samples missing or sparse,,,,,,,,,,,,,,,,,,,,,,,,,,,,,,,,,,,,,,,,,
pair,launch_shape_tensor_mma_f16acc_t032_b01,1,NVIDIA GeForce RTX 3090,ampere,ga102,82,tensor_mma_f16acc,tensor_baseline_mov,32,32.0,1,8,strict_nvml_counter,structural_baseline,False,False,False,False,False,True,False,True,True,fp16-energy-bench-v2,fp16-energy-bench-v2,True,logical_m16n16k16_input_bits_8192,True,bench_json_metadata,False,False,False,False,False,False,missing NCU validation row,missing NCU validation row,missing NCU validation row for tensor activity,,,,,,,,,,,,,True,False,True,38.82360444089691,0.27683941650399996,0.0643471069336,162.47808,244.6814422442611,23.894672094166122,nan,1312000000.0,8192.0,8192.0,-0.7938800292910431,-36.02885998056789,46.928,-8.53254634233732,-0.18182207514356716,1.181822075143567,1.2192792179751808,0.0,nvml_total_energy_counter,nvml_total_energy_counter,1.0773094953210367,nan,3.3676302048600064,nan,2,0,nonpositive incremental power/energy; expected or invalid L2/global traffic; not a pure FP16 candidate; incremental energy fraction is missing or nonpositive; baseline energy fraction 1.182 > 0.99; baseline elapsed_s is below 0.25s; incremental energy is below 0.1 J or missing,test elapsed_s 0.2768s < warning threshold 1s; baseline NVML-counter/power-trace ratio is missing; SM utilization samples missing or sparse,,,,,,,,,,,,,,,,,,,,,,,,,,,,,,,,,,,,,,,,,
pair,launch_shape_tensor_mma_f16acc_t032_b01,2,NVIDIA GeForce RTX 3090,ampere,ga102,82,tensor_mma_f16acc,tensor_baseline_mov,32,32.0,1,8,strict_nvml_counter,structural_baseline,False,False,True,True,True,True,False,True,True,fp16-energy-bench-v2,fp16-energy-bench-v2,True,logical_m16n16k16_input_bits_8192,True,bench_json_metadata,True,False,False,False,False,False,missing NCU validation row,missing NCU validation row,missing NCU validation row for tensor activity,,,,,,,,,,,,,True,False,True,38.608546792069646,0.278381469727,0.06458982086180001,162.47808,243.32606536881357,23.762311071173198,nan,1312000000.0,8192.0,8192.0,1.004957419506588,33.503275318078806,48.718,10.801185868944536,0.2217083186695787,0.7782916813304213,0.8025825773688744,0.0,nvml_total_energy_counter,nvml_total_energy_counter,1.092434628261355,nan,4.122196516970291,nan,3,0,baseline elapsed_s is below 0.25s,test elapsed_s 0.2784s < warning threshold 1s; baseline NVML-counter/power-trace ratio is missing; SM utilization samples missing or sparse,,,,,,,,,,,,,,,,,,,,,,,,,,,,,,,,,,,,,,,,,
pair,launch_shape_tensor_mma_f16acc_t032_b01,3,NVIDIA GeForce RTX 3090,ampere,ga102,82,tensor_mma_f16acc,tensor_baseline_mov,32,32.0,1,8,strict_nvml_counter,structural_baseline,False,False,True,True,True,True,False,True,True,fp16-energy-bench-v2,fp16-energy-bench-v2,True,logical_m16n16k16_input_bits_8192,True,bench_json_metadata,True,False,False,False,False,False,missing NCU validation row,missing NCU validation row,missing NCU validation row for tensor activity,,,,,,,,,,,,,True,False,True,38.51573665884339,0.279052276611,0.06459391784669999,162.47808,242.74113984271375,23.70518943776501,nan,1312000000.0,8192.0,8192.0,0.4206241494839689,10.915002133713244,49.41,4.520827978735348,0.09149621491065266,0.9085037850893474,0.9364586543913445,0.0,nvml_total_energy_counter,nvml_total_energy_counter,1.0889038937456417,nan,4.034094666391432,nan,3,0,baseline elapsed_s is below 0.25s,test elapsed_s 0.2791s < warning threshold 1s; baseline NVML-counter/power-trace ratio is missing; SM utilization samples missing or sparse,,,,,,,,,,,,,,,,,,,,,,,,,,,,,,,,,,,,,,,,,
pair,launch_shape_tensor_mma_f16acc_t032_b01,4,NVIDIA GeForce RTX 3090,ampere,ga102,82,tensor_mma_f16acc,tensor_baseline_mov,32,32.0,1,8,strict_nvml_counter,structural_baseline,False,False,True,True,True,True,False,True,True,fp16-energy-bench-v2,fp16-energy-bench-v2,True,logical_m16n16k16_input_bits_8192,True,bench_json_metadata,True,False,False,False,False,False,missing NCU validation row,missing NCU validation row,missing NCU validation row for tensor activity,,,,,,,,,,,,,True,False,True,38.479079636477906,0.279318115234,0.06459391784669999,162.47808,242.51011304265398,23.682628226821674,nan,1312000000.0,8192.0,8192.0,0.42855922866317847,11.513465705766407,48.02,4.606113447985891,0.09592072986226344,0.9040792701377366,0.9310329634579955,0.0,nvml_total_energy_counter,nvml_total_energy_counter,1.055248464757387,nan,2.5141294834858456,nan,3,0,baseline elapsed_s is below 0.25s,test elapsed_s 0.2793s < warning threshold 1s; baseline NVML-counter/power-trace ratio is missing; SM utilization samples missing or sparse,,,,,,,,,,,,,,,,,,,,,,,,,,,,,,,,,,,,,,,,,
pair,launch_shape_tensor_mma_f16acc_t032_b01,5,NVIDIA GeForce RTX 3090,ampere,ga102,82,tensor_mma_f16acc,tensor_baseline_mov,32,32.0,1,8,strict_nvml_counter,structural_baseline,False,False,False,False,False,True,False,True,True,fp16-energy-bench-v2,fp16-energy-bench-v2,True,logical_m16n16k16_input_bits_8192,True,bench_json_metadata,False,False,False,False,False,False,missing NCU validation row,missing NCU validation row,missing NCU validation row for tensor activity,,,,,,,,,,,,,True,False,True,38.26285991513325,0.280896514893,0.0645897903442,162.47808,241.1474123346143,23.549551985802175,nan,1312000000.0,8192.0,8192.0,-0.22912400687629153,-11.002908280614776,50.057,-2.462602830001721,-0.04919597319059714,1.049195973190597,1.0625277332496101,0.0,nvml_total_energy_counter,nvml_total_energy_counter,1.1133764361086722,nan,5.097363369865555,nan,3,0,nonpositive incremental power/energy; expected or invalid L2/global traffic; not a pure FP16 candidate; incremental energy fraction is missing or nonpositive; baseline energy fraction 1.049 > 0.99; baseline elapsed_s is below 0.25s; incremental energy is below 0.1 J or missing,test elapsed_s 0.2809s < warning threshold 1s; baseline NVML-counter/power-trace ratio is missing; SM utilization samples missing or sparse,,,,,,,,,,,,,,,,,,,,,,,,,,,,,,,,,,,,,,,,,
pair,launch_shape_tensor_mma_f16acc_t032_b01,6,NVIDIA GeForce RTX 3090,ampere,ga102,82,tensor_mma_f16acc,tensor_baseline_mov,32,32.0,1,8,strict_nvml_counter,structural_baseline,False,False,True,True,True,True,True,True,True,fp16-energy-bench-v2,fp16-energy-bench-v2,True,logical_m16n16k16_input_bits_8192,True,bench_json_metadata,True,False,False,False,False,False,missing NCU validation row,missing NCU validation row,missing NCU validation row for tensor activity,,,,,,,,,,,,,True,False,True,38.3937447853668,0.279938934326,0.06458982086180001,162.47808,241.97229964937793,23.630107387634563,nan,1312000000.0,8192.0,8192.0,0.22167164242890894,5.746647651599659,48.374,2.3825055323482403,0.04925177848323976,0.9507482215167602,0.9662037080859533,0.0,nvml_total_energy_counter,nvml_total_energy_counter,1.068436810453893,1.096005122904633,3.09851011918078,0.9660908315000007,3,1,baseline elapsed_s is below 0.25s,incremental energy fraction 0.04925 < warning threshold 0.05; test elapsed_s 0.2799s < warning threshold 1s; SM utilization samples missing or sparse,,,,,,,,,,,,,,,,,,,,,,,,,,,,,,,,,,,,,,,,,
pair,launch_shape_tensor_mma_f16acc_t032_b01,7,NVIDIA GeForce RTX 3090,ampere,ga102,82,tensor_mma_f16acc,tensor_baseline_mov,32,32.0,1,8,mixed_or_unavailable,structural_baseline,False,False,False,False,False,False,True,True,True,fp16-energy-bench-v2,fp16-energy-bench-v2,True,logical_m16n16k16_input_bits_8192,True,bench_json_metadata,False,False,False,False,False,False,missing NCU validation row,missing NCU validation row,missing NCU validation row for tensor activity,,,,,,,,,,,,,True,False,True,38.643118854759,0.278132415771,0.0655390701294,162.47808,243.54395194276802,23.78358905691094,nan,1312000000.0,8192.0,8192.0,nan,nan,48.061,nan,nan,nan,nan,0.0,nvml_total_energy_counter,unavailable,1.1965336061133893,nan,7.894138196500009,nan,2,0,nonpositive incremental power/energy; expected or invalid L2/global traffic; not a pure FP16 candidate; test/baseline energy source mismatch; test/baseline energy sources differ; incremental energy fraction is missing or nonpositive; baseline energy fraction is missing or invalid; baseline elapsed_s is below 0.25s; incremental energy is below 0.1 J or missing,test elapsed_s 0.2781s < warning threshold 1s; SM utilization samples missing or sparse,,,,,,,,,,,,,,,,,,,,,,,,,,,,,,,,,,,,,,,,,
pair,launch_shape_tensor_mma_f16acc_t032_b01,8,NVIDIA GeForce RTX 3090,ampere,ga102,82,tensor_mma_f16acc,tensor_baseline_mov,32,32.0,1,8,strict_nvml_counter,structural_baseline,False,False,True,True,True,True,False,True,True,fp16-energy-bench-v2,fp16-energy-bench-v2,True,logical_m16n16k16_input_bits_8192,True,bench_json_metadata,True,False,False,False,False,False,missing NCU validation row,missing NCU validation row,missing NCU validation row for tensor activity,,,,,,,,,,,,,True,False,True,38.404303516604024,0.279861968994,0.0646502380371,162.47808,242.03884487681367,23.636605945001335,nan,1312000000.0,8192.0,8192.0,0.5945549270307581,17.497752513626125,48.518,6.390219278453593,0.13170821712464637,0.8682917828753536,0.8958642648980091,0.0,nvml_total_energy_counter,nvml_total_energy_counter,1.055616848646916,nan,2.556247814829675,nan,3,0,baseline elapsed_s is below 0.25s,test elapsed_s 0.2799s < warning threshold 1s; baseline NVML-counter/power-trace ratio is missing; SM utilization samples missing or sparse,,,,,,,,,,,,,,,,,,,,,,,,,,,,,,,,,,,,,,,,,
pair,launch_shape_tensor_mma_f16acc_t032_b01,9,NVIDIA GeForce RTX 3090,ampere,ga102,82,tensor_mma_f16acc,tensor_baseline_mov,32,32.0,1,8,mixed_or_unavailable,structural_baseline,False,False,False,False,False,False,True,True,True,fp16-energy-bench-v2,fp16-energy-bench-v2,True,logical_m16n16k16_input_bits_8192,True,bench_json_metadata,False,False,False,False,False,False,missing NCU validation row,missing NCU validation row,missing NCU validation row for tensor activity,,,,,,,,,,,,,True,False,True,38.48523125479025,0.279273468018,0.0648476791382,162.47808,242.54888293180974,23.686414348809542,nan,1312000000.0,8192.0,8192.0,nan,nan,47.263,nan,nan,nan,nan,0.0,nvml_total_energy_counter,unavailable,1.0409415071217212,nan,1.8589118003799996,nan,2,0,nonpositive incremental power/energy; expected or invalid L2/global traffic; not a pure FP16 candidate; test/baseline energy source mismatch; test/baseline energy sources differ; incremental energy fraction is missing or nonpositive; baseline energy fraction is missing or invalid; baseline elapsed_s is below 0.25s; incremental energy is below 0.1 J or missing,test elapsed_s 0.2793s < warning threshold 1s; SM utilization samples missing or sparse,,,,,,,,,,,,,,,,,,,,,,,,,,,,,,,,,,,,,,,,,
pair,launch_shape_tensor_mma_f16acc_t032_b02,0,NVIDIA GeForce RTX 3090,ampere,ga102,82,tensor_mma_f16acc,tensor_baseline_mov,32,64.0,2,8,strict_nvml_counter,structural_baseline,False,False,True,True,True,True,False,True,True,fp16-energy-bench-v2,fp16-energy-bench-v2,True,logical_m16n16k16_input_bits_8192,True,bench_json_metadata,True,False,False,False,False,False,missing NCU validation row,missing NCU validation row,missing NCU validation row for tensor activity,,,,,,,,,,,,,True,False,True,78.69335684665643,0.27315911865200004,0.0650833892822,164.99712,488.3842664100814,47.69377601660952,nan,2624000000.0,8192.0,8192.0,0.246300268744789,13.737074147595251,49.676,5.294423287286385,0.10657909830272938,0.8934209016972706,0.9220424578986405,0.0,nvml_total_energy_counter,nvml_total_energy_counter,1.1619284111948442,nan,6.9229357652450005,nan,2,0,baseline elapsed_s is below 0.25s,test elapsed_s 0.2732s < warning threshold 1s; baseline NVML-counter/power-trace ratio is missing; SM utilization samples missing or sparse,,,,,,,,,,,,,,,,,,,,,,,,,,,,,,,,,,,,,,,,,
pair,launch_shape_tensor_mma_f16acc_t032_b02,1,NVIDIA GeForce RTX 3090,ampere,ga102,82,tensor_mma_f16acc,tensor_baseline_mov,32,64.0,2,8,strict_nvml_counter,structural_baseline,False,False,False,False,False,True,False,True,True,fp16-energy-bench-v2,fp16-energy-bench-v2,True,logical_m16n16k16_input_bits_8192,True,bench_json_metadata,False,False,False,False,False,False,missing NCU validation row,missing NCU validation row,missing NCU validation row for tensor activity,,,,,,,,,,,,,True,False,True,77.56744795703358,0.27712408447299997,0.0661616668701,162.47808,488.8602001451666,47.740253920426426,nan,2624000000.0,8192.0,8192.0,-0.038083443754136095,-8.439566970275905,49.882,-0.8186343949177086,-0.016411418846832698,1.0164114188468327,1.0483606060611508,0.0,nvml_total_energy_counter,nvml_total_energy_counter,1.1087125595666603,nan,4.891078259656084,nan,3,0,nonpositive incremental power/energy; expected or invalid L2/global traffic; not a pure FP16 candidate; incremental energy fraction is missing or nonpositive; baseline energy fraction 1.016 > 0.99; baseline elapsed_s is below 0.25s; incremental energy is below 0.1 J or missing,test elapsed_s 0.2771s < warning threshold 1s; baseline NVML-counter/power-trace ratio is missing; SM utilization samples missing or sparse,,,,,,,,,,,,,,,,,,,,,,,,,,,,,,,,,,,,,,,,,
pair,launch_shape_tensor_mma_f16acc_t032_b02,2,NVIDIA GeForce RTX 3090,ampere,ga102,82,tensor_mma_f16acc,tensor_baseline_mov,32,64.0,2,8,mixed_or_unavailable,structural_baseline,False,False,False,False,False,False,True,True,True,fp16-energy-bench-v2,fp16-energy-bench-v2,True,logical_m16n16k16_input_bits_8192,True,bench_json_metadata,False,False,False,False,False,False,missing NCU validation row,missing NCU validation row,missing NCU validation row for tensor activity,,,,,,,,,,,,,True,False,True,76.95616656922815,0.2793253479,0.0653956451416,162.47808,485.007667292041,47.36403000898838,nan,2624000000.0,8192.0,8192.0,nan,nan,52.919,nan,nan,nan,nan,0.0,nvml_total_energy_counter,unavailable,1.1303565427010818,nan,6.102798208001161,nan,3,0,nonpositive incremental power/energy; expected or invalid L2/global traffic; not a pure FP16 candidate; test/baseline energy source mismatch; test/baseline energy sources differ; incremental energy fraction is missing or nonpositive; baseline energy fraction is missing or invalid; baseline elapsed_s is below 0.25s; incremental energy is below 0.1 J or missing,test elapsed_s 0.2793s < warning threshold 1s; SM utilization samples missing or sparse,,,,,,,,,,,,,,,,,,,,,,,,,,,,,,,,,,,,,,,,,
pair,launch_shape_tensor_mma_f16acc_t032_b02,3,NVIDIA GeForce RTX 3090,ampere,ga102,82,tensor_mma_f16acc,tensor_baseline_mov,32,64.0,2,8,strict_nvml_counter,structural_baseline,False,False,False,False,False,True,False,True,True,fp16-energy-bench-v2,fp16-energy-bench-v2,True,logical_m16n16k16_input_bits_8192,True,bench_json_metadata,False,False,False,False,False,False,missing NCU validation row,missing NCU validation row,missing NCU validation row for tensor activity,,,,,,,,,,,,,True,False,True,76.74876812847229,0.280080169678,0.0648448028564,162.47808,483.7005617222682,47.23638298069025,nan,2624000000.0,8192.0,8192.0,-1.0710591951137283,-85.5279703700852,30.404,-23.02328281479924,-0.7572451919089344,1.7572451919089345,1.812778412371389,0.0,nvml_total_energy_counter,nvml_total_energy_counter,0.6608002533238134,nan,-15.60687824508,nan,2,0,nonpositive incremental power/energy; expected or invalid L2/global traffic; not a pure FP16 candidate; incremental energy fraction is missing or nonpositive; baseline energy fraction 1.757 > 0.99; baseline elapsed_s is below 0.25s; incremental energy is below 0.1 J or missing,test elapsed_s 0.2801s < warning threshold 1s; baseline NVML-counter/power-trace ratio is missing; SM utilization samples missing or sparse,,,,,,,,,,,,,,,,,,,,,,,,,,,,,,,,,,,,,,,,,
pair,launch_shape_tensor_mma_f16acc_t032_b02,4,NVIDIA GeForce RTX 3090,ampere,ga102,82,tensor_mma_f16acc,tensor_baseline_mov,32,64.0,2,8,strict_nvml_counter,structural_baseline,False,False,False,False,False,True,False,True,True,fp16-energy-bench-v2,fp16-energy-bench-v2,True,logical_m16n16k16_input_bits_8192,True,bench_json_metadata,False,False,False,False,False,False,missing NCU validation row,missing NCU validation row,missing NCU validation row for tensor activity,,,,,,,,,,,,,True,False,True,76.95896647331739,0.279315185547,0.0645946578979,162.47808,485.02531337566893,47.36575325934267,nan,2624000000.0,8192.0,8192.0,-0.025397163063809652,-7.592546551454404,53.271,-0.5459325409643441,-0.01024821274172334,1.0102482127417234,1.041022604556726,0.0,nvml_total_energy_counter,nvml_total_energy_counter,1.1338159497815368,nan,6.287183966838498,nan,3,0,nonpositive incremental power/energy; expected or invalid L2/global traffic; not a pure FP16 candidate; incremental energy fraction is missing or nonpositive; baseline energy fraction 1.01 > 0.99; baseline elapsed_s is below 0.25s; incremental energy is below 0.1 J or missing,test elapsed_s 0.2793s < warning threshold 1s; baseline NVML-counter/power-trace ratio is missing; SM utilization samples missing or sparse,,,,,,,,,,,,,,,,,,,,,,,,,,,,,,,,,,,,,,,,,
pair,launch_shape_tensor_mma_f16acc_t032_b02,5,NVIDIA GeForce RTX 3090,ampere,ga102,82,tensor_mma_f16acc,tensor_baseline_mov,32,64.0,2,8,mixed_or_unavailable,structural_baseline,False,False,False,False,False,False,True,True,True,fp16-energy-bench-v2,fp16-energy-bench-v2,True,logical_m16n16k16_input_bits_8192,True,bench_json_metadata,False,False,False,False,False,False,missing NCU validation row,missing NCU validation row,missing NCU validation row for tensor activity,,,,,,,,,,,,,True,False,True,76.7616151669295,0.280033294678,0.0645928955078,162.47808,483.7815287510525,47.244289917094974,nan,2624000000.0,8192.0,8192.0,nan,nan,33.484,nan,nan,nan,nan,0.0,nvml_total_energy_counter,unavailable,0.7238509822265156,nan,-12.774139896426654,nan,3,0,nonpositive incremental power/energy; expected or invalid L2/global traffic; not a pure FP16 candidate; test/baseline energy source mismatch; test/baseline energy sources differ; incremental energy fraction is missing or nonpositive; baseline energy fraction is missing or invalid; baseline elapsed_s is below 0.25s; incremental energy is below 0.1 J or missing,test elapsed_s 0.28s < warning threshold 1s; SM utilization samples missing or sparse,,,,,,,,,,,,,,,,,,,,,,,,,,,,,,,,,,,,,,,,,
pair,launch_shape_tensor_mma_f16acc_t032_b02,6,NVIDIA GeForce RTX 3090,ampere,ga102,82,tensor_mma_f16acc,tensor_baseline_mov,32,64.0,2,8,mixed_or_unavailable,structural_baseline,False,False,False,False,False,False,True,True,True,fp16-energy-bench-v2,fp16-energy-bench-v2,True,logical_m16n16k16_input_bits_8192,True,bench_json_metadata,False,False,False,False,False,False,missing NCU validation row,missing NCU validation row,missing NCU validation row for tensor activity,,,,,,,,,,,,,True,False,True,77.21479119284766,0.278389770508,0.0645936965942,162.47808,486.6376201729858,47.52320509501814,nan,2624000000.0,8192.0,8192.0,nan,nan,52.708,nan,nan,nan,nan,0.0,nvml_total_energy_counter,unavailable,1.160174795407012,nan,7.276914780199995,nan,2,0,nonpositive incremental power/energy; expected or invalid L2/global traffic; not a pure FP16 candidate; test/baseline energy source mismatch; test/baseline energy sources differ; incremental energy fraction is missing or nonpositive; baseline energy fraction is missing or invalid; baseline elapsed_s is below 0.25s; incremental energy is below 0.1 J or missing,test elapsed_s 0.2784s < warning threshold 1s; SM utilization samples missing or sparse,,,,,,,,,,,,,,,,,,,,,,,,,,,,,,,,,,,,,,,,,
pair,launch_shape_tensor_mma_f16acc_t032_b02,7,NVIDIA GeForce RTX 3090,ampere,ga102,82,tensor_mma_f16acc,tensor_baseline_mov,32,64.0,2,8,strict_nvml_counter,structural_baseline,False,False,True,True,True,True,False,True,True,fp16-energy-bench-v2,fp16-energy-bench-v2,True,logical_m16n16k16_input_bits_8192,True,bench_json_metadata,True,False,False,False,False,False,missing NCU validation row,missing NCU validation row,missing NCU validation row for tensor activity,,,,,,,,,,,,,True,False,True,76.987683553968,0.279210998535,0.06459391784669999,162.47808,485.2062995775383,47.38342769311897,nan,2624000000.0,8192.0,8192.0,0.27318239672975225,15.602889177763217,48.48,5.872276349082583,0.12112781248107639,0.8788721875189236,0.9072379336990719,0.0,nvml_total_energy_counter,nvml_total_energy_counter,1.0208087180852878,nan,0.9882425912926749,nan,3,0,baseline elapsed_s is below 0.25s,test elapsed_s 0.2792s < warning threshold 1s; baseline NVML-counter/power-trace ratio is missing; SM utilization samples missing or sparse,,,,,,,,,,,,,,,,,,,,,,,,,,,,,,,,,,,,,,,,,
pair,launch_shape_tensor_mma_f16acc_t032_b02,8,NVIDIA GeForce RTX 3090,ampere,ga102,82,tensor_mma_f16acc,tensor_baseline_mov,32,64.0,2,8,strict_nvml_counter,structural_baseline,False,False,False,False,False,True,False,True,True,fp16-energy-bench-v2,fp16-energy-bench-v2,True,logical_m16n16k16_input_bits_8192,True,bench_json_metadata,False,False,False,False,False,False,missing NCU validation row,missing NCU validation row,missing NCU validation row for tensor activity,,,,,,,,,,,,,True,False,True,76.68787016858273,0.280302581787,0.0645936660767,162.47808,483.31675911377533,47.19890225720462,nan,2624000000.0,8192.0,8192.0,-0.660704425340703,-54.47201102770727,33.805,-14.202375471874085,-0.42012647454146085,1.4201264745414608,1.4663786670483328,0.0,nvml_total_energy_counter,nvml_total_energy_counter,0.7090727609520185,nan,-13.86993811863902,nan,3,0,nonpositive incremental power/energy; expected or invalid L2/global traffic; not a pure FP16 candidate; incremental energy fraction is missing or nonpositive; baseline energy fraction 1.42 > 0.99; baseline elapsed_s is below 0.25s; incremental energy is below 0.1 J or missing,test elapsed_s 0.2803s < warning threshold 1s; baseline NVML-counter/power-trace ratio is missing; SM utilization samples missing or sparse,,,,,,,,,,,,,,,,,,,,,,,,,,,,,,,,,,,,,,,,,
pair,launch_shape_tensor_mma_f16acc_t032_b02,9,NVIDIA GeForce RTX 3090,ampere,ga102,82,tensor_mma_f16acc,tensor_baseline_mov,32,64.0,2,8,strict_nvml_counter,structural_baseline,False,False,False,False,False,True,False,True,True,fp16-energy-bench-v2,fp16-energy-bench-v2,True,logical_m16n16k16_input_bits_8192,True,bench_json_metadata,False,False,False,False,False,False,missing NCU validation row,missing NCU validation row,missing NCU validation row for tensor activity,,,,,,,,,,,,,True,False,True,76.99474413730437,0.279185394287,0.06459391784669999,162.47808,485.250798117504,47.3877732536625,nan,2624000000.0,8192.0,8192.0,-0.22463974292435626,-22.787674755930794,50.811,-4.828812783071321,-0.09503479134579758,1.0950347913457976,1.1291044344278753,0.0,nvml_total_energy_counter,nvml_total_energy_counter,1.0679541619052269,nan,3.233115281283858,nan,3,0,nonpositive incremental power/energy; expected or invalid L2/global traffic; not a pure FP16 candidate; incremental energy fraction is missing or nonpositive; baseline energy fraction 1.095 > 0.99; baseline elapsed_s is below 0.25s; incremental energy is below 0.1 J or missing,test elapsed_s 0.2792s < warning threshold 1s; baseline NVML-counter/power-trace ratio is missing; SM utilization samples missing or sparse,,,,,,,,,,,,,,,,,,,,,,,,,,,,,,,,,,,,,,,,,
pair,launch_shape_tensor_mma_f16acc_t032_b04,0,NVIDIA GeForce RTX 3090,ampere,ga102,82,tensor_mma_f16acc,tensor_baseline_mov,32,128.0,4,8,strict_nvml_counter,structural_baseline,False,False,False,False,False,True,False,True,True,fp16-energy-bench-v2,fp16-energy-bench-v2,True,logical_m16n16k16_input_bits_8192,True,bench_json_metadata,False,False,False,False,False,False,missing NCU validation row,missing NCU validation row,missing NCU validation row for tensor activity,,,,,,,,,,,,,True,False,True,156.34461746264896,0.274979827881,0.0632074241638,163.7376,977.764962242958,95.48485959403887,nan,5248000000.0,8192.0,8192.0,-0.04162606764745092,-12.789978610902807,57.175,-1.7895719158892334,-0.03129990233299927,1.0312999023329992,1.0634290215950202,0.0,nvml_total_energy_counter,nvml_total_energy_counter,1.2291894043011957,nan,10.66060620524999,nan,2,0,nonpositive incremental power/energy; expected or invalid L2/global traffic; not a pure FP16 candidate; incremental energy fraction is missing or nonpositive; baseline energy fraction 1.031 > 0.99; baseline elapsed_s is below 0.25s; incremental energy is below 0.1 J or missing,test elapsed_s 0.275s < warning threshold 1s; baseline NVML-counter/power-trace ratio is missing; SM utilization samples missing or sparse,,,,,,,,,,,,,,,,,,,,,,,,,,,,,,,,,,,,,,,,,
pair,launch_shape_tensor_mma_f16acc_t032_b04,1,NVIDIA GeForce RTX 3090,ampere,ga102,82,tensor_mma_f16acc,tensor_baseline_mov,32,128.0,4,8,strict_nvml_counter,structural_baseline,False,False,True,True,True,True,False,True,True,fp16-energy-bench-v2,fp16-energy-bench-v2,True,logical_m16n16k16_input_bits_8192,True,bench_json_metadata,True,False,False,False,False,False,missing NCU validation row,missing NCU validation row,missing NCU validation row for tensor activity,,,,,,,,,,,,,True,False,True,154.56051941229742,0.27815393066399996,0.0641218566895,162.47808,974.1004563704382,95.12699769242559,nan,5248000000.0,8192.0,8192.0,0.2849240421641433,35.89802387218819,60.825,12.249345009888657,0.20138668326985049,0.7986133167301495,0.8294905280758511,0.0,nvml_total_energy_counter,nvml_total_energy_counter,1.2276940699372383,nan,11.280898183894081,nan,3,0,baseline elapsed_s is below 0.25s,test elapsed_s 0.2782s < warning threshold 1s; baseline NVML-counter/power-trace ratio is missing; SM utilization samples missing or sparse,,,,,,,,,,,,,,,,,,,,,,,,,,,,,,,,,,,,,,,,,
pair,launch_shape_tensor_mma_f16acc_t032_b04,2,NVIDIA GeForce RTX 3090,ampere,ga102,82,tensor_mma_f16acc,tensor_baseline_mov,32,128.0,4,8,strict_nvml_counter,structural_baseline,False,False,False,False,False,True,False,True,True,fp16-energy-bench-v2,fp16-energy-bench-v2,True,logical_m16n16k16_input_bits_8192,True,bench_json_metadata,False,False,False,False,False,False,missing NCU validation row,missing NCU validation row,missing NCU validation row for tensor activity,,,,,,,,,,,,,True,False,True,153.33385503182552,0.280379150391,0.0646010894775,162.47808,966.3695407564476,94.37202546449683,nan,5248000000.0,8192.0,8192.0,-0.4110247996744704,-67.12833357572998,37.055,-17.670620354081755,-0.47687546495970196,1.476875464959702,1.5242107238978433,0.0,nvml_total_energy_counter,nvml_total_energy_counter,0.7400734889675094,nan,-13.014351966243431,nan,3,0,nonpositive incremental power/energy; expected or invalid L2/global traffic; not a pure FP16 candidate; incremental energy fraction is missing or nonpositive; baseline energy fraction 1.477 > 0.99; baseline elapsed_s is below 0.25s; incremental energy is below 0.1 J or missing,test elapsed_s 0.2804s < warning threshold 1s; baseline NVML-counter/power-trace ratio is missing; SM utilization samples missing or sparse,,,,,,,,,,,,,,,,,,,,,,,,,,,,,,,,,,,,,,,,,
pair,launch_shape_tensor_mma_f16acc_t032_b04,3,NVIDIA GeForce RTX 3090,ampere,ga102,82,tensor_mma_f16acc,tensor_baseline_mov,32,128.0,4,8,strict_nvml_counter,structural_baseline,False,False,True,True,True,True,False,True,True,fp16-energy-bench-v2,fp16-energy-bench-v2,True,logical_m16n16k16_input_bits_8192,True,bench_json_metadata,True,False,False,False,False,False,missing NCU validation row,missing NCU validation row,missing NCU validation row for tensor activity,,,,,,,,,,,,,True,False,True,154.08102725783644,0.27901953125,0.0645904922485,162.47808,971.0785104798414,94.831885789047,nan,5248000000.0,8192.0,8192.0,0.46642817019043914,65.17590438172851,61.114,20.052500784410007,0.3281163200643062,0.6718836799356939,0.6930579357159276,0.0,nvml_total_energy_counter,nvml_total_energy_counter,1.20432486251716,nan,10.36855589095321,nan,3,0,baseline elapsed_s is below 0.25s,test elapsed_s 0.279s < warning threshold 1s; baseline NVML-counter/power-trace ratio is missing; SM utilization samples missing or sparse,,,,,,,,,,,,,,,,,,,,,,,,,,,,,,,,,,,,,,,,,
pair,launch_shape_tensor_mma_f16acc_t032_b04,4,NVIDIA GeForce RTX 3090,ampere,ga102,82,tensor_mma_f16acc,tensor_baseline_mov,32,128.0,4,8,strict_nvml_counter,structural_baseline,False,False,False,False,False,True,False,True,True,fp16-energy-bench-v2,fp16-energy-bench-v2,True,logical_m16n16k16_input_bits_8192,True,bench_json_metadata,True,False,False,False,False,False,missing NCU validation row,missing NCU validation row,missing NCU validation row for tensor activity,,,,,,,,,,,,,True,False,True,153.46880788721293,0.28013259887700004,0.06459391784669999,162.47808,967.2200660944914,94.45508457954016,nan,5248000000.0,8192.0,8192.0,0.02117373404647654,-3.710432301997969,61.156,0.9102930434122456,0.014884770806008333,0.9851152291939916,1.017555786302812,0.0,nvml_total_energy_counter,nvml_total_energy_counter,1.1990576031881164,nan,10.152612141572462,nan,3,0,nonpositive incremental power/energy; expected or invalid L2/global traffic; not a pure FP16 candidate; baseline elapsed_s is below 0.25s,incremental energy fraction 0.01488 < warning threshold 0.05; test elapsed_s 0.2801s < warning threshold 1s; baseline NVML-counter/power-trace ratio is missing; SM utilization samples missing or sparse,,,,,,,,,,,,,,,,,,,,,,,,,,,,,,,,,,,,,,,,,
pair,launch_shape_tensor_mma_f16acc_t032_b04,5,NVIDIA GeForce RTX 3090,ampere,ga102,82,tensor_mma_f16acc,tensor_baseline_mov,32,128.0,4,8,strict_nvml_counter,structural_baseline,False,False,True,True,True,True,False,True,True,fp16-energy-bench-v2,fp16-energy-bench-v2,True,logical_m16n16k16_input_bits_8192,True,bench_json_metadata,True,False,False,False,False,False,missing NCU validation row,missing NCU validation row,missing NCU validation row for tensor activity,,,,,,,,,,,,,True,False,True,153.52155728051318,0.28003634643599995,0.0645908508301,162.47808,967.5525132697624,94.48755012400022,nan,5248000000.0,8192.0,8192.0,0.41431540936504174,56.84033832282262,63.338,17.81208898230468,0.28122278856775834,0.7187772114322416,0.7409421693240914,0.0,nvml_total_energy_counter,nvml_total_energy_counter,1.2754644643798818,nan,13.679227240075,nan,2,0,baseline elapsed_s is below 0.25s,test elapsed_s 0.28s < warning threshold 1s; baseline NVML-counter/power-trace ratio is missing; SM utilization samples missing or sparse,,,,,,,,,,,,,,,,,,,,,,,,,,,,,,,,,,,,,,,,,
pair,launch_shape_tensor_mma_f16acc_t032_b04,6,NVIDIA GeForce RTX 3090,ampere,ga102,82,tensor_mma_f16acc,tensor_baseline_mov,32,128.0,4,8,strict_nvml_counter,structural_baseline,False,False,False,False,False,True,False,True,True,fp16-energy-bench-v2,fp16-energy-bench-v2,True,logical_m16n16k16_input_bits_8192,True,bench_json_metadata,False,False,False,False,False,False,missing NCU validation row,missing NCU validation row,missing NCU validation row for tensor activity,,,,,,,,,,,,,True,False,True,154.40573332923884,0.278432769775,0.0645946273804,162.47808,973.1249343243136,95.03173186760876,nan,5248000000.0,8192.0,8192.0,-0.5270706942663671,-82.91354267029857,40.675,-22.659620892753054,-0.5570896347327119,1.557089634732712,1.5735789018734925,0.0,nvml_total_energy_counter,nvml_total_energy_counter,0.8273744607651371,nan,-8.486536799655,nan,2,0,nonpositive incremental power/energy; expected or invalid L2/global traffic; not a pure FP16 candidate; incremental energy fraction is missing or nonpositive; baseline energy fraction 1.557 > 0.99; baseline elapsed_s is below 0.25s; incremental energy is below 0.1 J or missing,test elapsed_s 0.2784s < warning threshold 1s; baseline NVML-counter/power-trace ratio is missing; SM utilization samples missing or sparse,,,,,,,,,,,,,,,,,,,,,,,,,,,,,,,,,,,,,,,,,
pair,launch_shape_tensor_mma_f16acc_t032_b04,7,NVIDIA GeForce RTX 3090,ampere,ga102,82,tensor_mma_f16acc,tensor_baseline_mov,32,128.0,4,8,strict_nvml_counter,structural_baseline,False,False,True,True,True,True,False,True,True,fp16-energy-bench-v2,fp16-energy-bench-v2,True,logical_m16n16k16_input_bits_8192,True,bench_json_metadata,True,False,False,False,False,False,missing NCU validation row,missing NCU validation row,missing NCU validation row for tensor activity,,,,,,,,,,,,,True,False,True,153.93596272541924,0.279282470703,0.0656066589355,162.47808,970.1642574237048,94.74260326403368,nan,5248000000.0,8192.0,8192.0,0.540504516765347,76.07547042369748,63.736,23.237162631041365,0.36458457749217654,0.6354154225078235,0.6559006615922813,0.0,nvml_total_energy_counter,nvml_total_energy_counter,1.2385701983750097,nan,12.276663998196533,nan,3,0,baseline elapsed_s is below 0.25s,test elapsed_s 0.2793s < warning threshold 1s; baseline NVML-counter/power-trace ratio is missing; SM utilization samples missing or sparse,,,,,,,,,,,,,,,,,,,,,,,,,,,,,,,,,,,,,,,,,
pair,launch_shape_tensor_mma_f16acc_t032_b04,8,NVIDIA GeForce RTX 3090,ampere,ga102,82,tensor_mma_f16acc,tensor_baseline_mov,32,128.0,4,8,strict_nvml_counter,structural_baseline,False,False,True,True,True,True,False,True,True,fp16-energy-bench-v2,fp16-energy-bench-v2,True,logical_m16n16k16_input_bits_8192,True,bench_json_metadata,True,False,False,False,False,False,missing NCU validation row,missing NCU validation row,missing NCU validation row for tensor activity,,,,,,,,,,,,,True,False,True,153.52155728051318,0.28003634643599995,0.0654704666138,162.47808,967.5525132697624,94.48755012400022,nan,5248000000.0,8192.0,8192.0,0.5046110507019173,70.1789686329389,64.59,21.694044521133357,0.33587311536047926,0.6641268846395207,0.6858018166770948,0.0,nvml_total_energy_counter,nvml_total_energy_counter,1.251515181794646,nan,12.980558149379121,nan,3,0,baseline elapsed_s is below 0.25s,test elapsed_s 0.28s < warning threshold 1s; baseline NVML-counter/power-trace ratio is missing; SM utilization samples missing or sparse,,,,,,,,,,,,,,,,,,,,,,,,,,,,,,,,,,,,,,,,,
pair,launch_shape_tensor_mma_f16acc_t032_b04,9,NVIDIA GeForce RTX 3090,ampere,ga102,82,tensor_mma_f16acc,tensor_baseline_mov,32,128.0,4,8,mixed_or_unavailable,structural_baseline,False,False,False,False,False,False,True,True,True,fp16-energy-bench-v2,fp16-energy-bench-v2,True,logical_m16n16k16_input_bits_8192,True,bench_json_metadata,False,False,False,False,False,False,missing NCU validation row,missing NCU validation row,missing NCU validation row for tensor activity,,,,,,,,,,,,,True,False,True,153.89691475014735,0.27935333252,0.06459484863279999,162.47808,969.9181619092919,94.71857049895428,nan,5248000000.0,8192.0,8192.0,nan,nan,60.885,nan,nan,nan,nan,0.0,nvml_total_energy_counter,unavailable,1.1937154229984264,nan,9.880381288560045,nan,3,0,nonpositive incremental power/energy; expected or invalid L2/global traffic; not a pure FP16 candidate; test/baseline energy source mismatch; test/baseline energy sources differ; incremental energy fraction is missing or nonpositive; baseline energy fraction is missing or invalid; baseline elapsed_s is below 0.25s; incremental energy is below 0.1 J or missing,test elapsed_s 0.2794s < warning threshold 1s; SM utilization samples missing or sparse,,,,,,,,,,,,,,,,,,,,,,,,,,,,,,,,,,,,,,,,,
pair,launch_shape_tensor_mma_f16acc_t032_b08,0,NVIDIA GeForce RTX 3090,ampere,ga102,82,tensor_mma_f16acc,tensor_baseline_mov,32,256.0,8,8,strict_nvml_counter,structural_baseline,False,False,True,True,True,True,False,True,True,fp16-energy-bench-v2,fp16-energy-bench-v2,True,logical_m16n16k16_input_bits_8192,True,bench_json_metadata,True,False,False,False,False,False,missing NCU validation row,missing NCU validation row,missing NCU validation row for tensor activity,,,,,,,,,,,,,True,True,True,161.33203967068636,0.532958190918,0.06667427062989999,163.7376,1008.9558453451303,98.5308442719854,100.0,10496000000.0,8192.0,8192.0,0.3879107915954174,55.71555591827732,122.712,33.353823589052425,0.27180572062269726,0.7281942793773027,0.7505795580795106,0.0,nvml_total_energy_counter,nvml_total_energy_counter,1.1633251115593908,nan,17.228159944738522,nan,4,0,baseline elapsed_s is below 0.25s,test elapsed_s 0.533s < warning threshold 1s; baseline NVML-counter/power-trace ratio is missing,,,,,,,,,,,,,,,,,,,,,,,,,,,,,,,,,,,,,,,,,
pair,launch_shape_tensor_mma_f16acc_t032_b08,1,NVIDIA GeForce RTX 3090,ampere,ga102,82,tensor_mma_f16acc,tensor_baseline_mov,32,256.0,8,8,mixed_or_unavailable,structural_baseline,False,False,False,False,False,False,True,True,True,fp16-energy-bench-v2,fp16-energy-bench-v2,True,logical_m16n16k16_input_bits_8192,True,bench_json_metadata,False,False,False,False,False,False,missing NCU validation row,missing NCU validation row,missing NCU validation row for tensor activity,,,,,,,,,,,,,True,True,True,157.27436579880077,0.546708496094,0.06727369689939999,162.47808,991.204170913221,96.79728231574424,99.0,10496000000.0,8192.0,8192.0,nan,nan,127.809,nan,nan,nan,nan,0.0,nvml_total_energy_counter,unavailable,1.1370594375756533,nan,15.405904984576637,nan,4,0,nonpositive incremental power/energy; expected or invalid L2/global traffic; not a pure FP16 candidate; test/baseline energy source mismatch; test/baseline energy sources differ; incremental energy fraction is missing or nonpositive; baseline energy fraction is missing or invalid; baseline elapsed_s is below 0.25s; incremental energy is below 0.1 J or missing,test elapsed_s 0.5467s < warning threshold 1s,,,,,,,,,,,,,,,,,,,,,,,,,,,,,,,,,,,,,,,,,
pair,launch_shape_tensor_mma_f16acc_t032_b08,2,NVIDIA GeForce RTX 3090,ampere,ga102,82,tensor_mma_f16acc,tensor_baseline_mov,32,256.0,8,8,strict_nvml_counter,structural_baseline,False,False,True,True,True,True,False,True,True,fp16-energy-bench-v2,fp16-energy-bench-v2,True,logical_m16n16k16_input_bits_8192,True,bench_json_metadata,True,False,False,False,False,False,missing NCU validation row,missing NCU validation row,missing NCU validation row for tensor activity,,,,,,,,,,,,,True,True,True,159.5027963346559,0.5390703735350001,0.0677199707031,162.47808,1005.2486061300555,98.16880919238822,100.0,10496000000.0,8192.0,8192.0,0.3273140561230519,45.3331136148708,125.898,28.143520424489395,0.22354223597268738,0.7764577640273126,0.8000057706064665,0.0,nvml_total_energy_counter,nvml_total_energy_counter,1.1003384557252025,nan,11.480477514135302,nan,5,0,baseline elapsed_s is below 0.25s,test elapsed_s 0.5391s < warning threshold 1s; baseline NVML-counter/power-trace ratio is missing,,,,,,,,,,,,,,,,,,,,,,,,,,,,,,,,,,,,,,,,,
pair,launch_shape_tensor_mma_f16acc_t032_b08,3,NVIDIA GeForce RTX 3090,ampere,ga102,82,tensor_mma_f16acc,tensor_baseline_mov,32,256.0,8,8,mixed_or_unavailable,structural_baseline,False,False,False,False,False,False,True,True,True,fp16-energy-bench-v2,fp16-energy-bench-v2,True,logical_m16n16k16_input_bits_8192,True,bench_json_metadata,False,False,False,False,False,False,missing NCU validation row,missing NCU validation row,missing NCU validation row for tensor activity,,,,,,,,,,,,,True,True,True,159.4643571749331,0.539200317383,0.0677190093994,162.47808,1005.0063476078219,98.14515113357636,100.0,10496000000.0,8192.0,8192.0,nan,nan,131.726,nan,nan,nan,nan,0.0,nvml_total_energy_counter,unavailable,1.1635270753723201,nan,18.513335861652678,nan,4,0,nonpositive incremental power/energy; expected or invalid L2/global traffic; not a pure FP16 candidate; test/baseline energy source mismatch; test/baseline energy sources differ; incremental energy fraction is missing or nonpositive; baseline energy fraction is missing or invalid; baseline elapsed_s is below 0.25s; incremental energy is below 0.1 J or missing,test elapsed_s 0.5392s < warning threshold 1s,,,,,,,,,,,,,,,,,,,,,,,,,,,,,,,,,,,,,,,,,
pair,launch_shape_tensor_mma_f16acc_t032_b08,4,NVIDIA GeForce RTX 3090,ampere,ga102,82,tensor_mma_f16acc,tensor_baseline_mov,32,256.0,8,8,mixed_or_unavailable,structural_baseline,False,False,False,False,False,False,True,True,True,fp16-energy-bench-v2,fp16-energy-bench-v2,True,logical_m16n16k16_input_bits_8192,True,bench_json_metadata,False,False,False,False,False,False,missing NCU validation row,missing NCU validation row,missing NCU validation row for tensor activity,,,,,,,,,,,,,True,True,True,159.51973783456143,0.5390131225589999,0.06799667358400001,162.47808,1005.3553780460165,98.17923613730629,99.0,10496000000.0,8192.0,8192.0,nan,nan,103.546,nan,nan,nan,nan,0.0,nvml_total_energy_counter,unavailable,0.8901778335448989,nan,-12.774577864374933,nan,5,0,nonpositive incremental power/energy; expected or invalid L2/global traffic; not a pure FP16 candidate; test/baseline energy source mismatch; test/baseline energy sources differ; incremental energy fraction is missing or nonpositive; baseline energy fraction is missing or invalid; baseline elapsed_s is below 0.25s; incremental energy is below 0.1 J or missing,test elapsed_s 0.539s < warning threshold 1s,,,,,,,,,,,,,,,,,,,,,,,,,,,,,,,,,,,,,,,,,
pair,launch_shape_tensor_mma_f16acc_t032_b08,5,NVIDIA GeForce RTX 3090,ampere,ga102,82,tensor_mma_f16acc,tensor_baseline_mov,32,256.0,8,8,mixed_or_unavailable,structural_baseline,False,False,False,False,False,False,True,True,True,fp16-energy-bench-v2,fp16-energy-bench-v2,True,logical_m16n16k16_input_bits_8192,True,bench_json_metadata,False,False,False,False,False,False,missing NCU validation row,missing NCU validation row,missing NCU validation row for tensor activity,,,,,,,,,,,,,True,True,True,159.70602434540774,0.538384399414,0.0685916137695,162.47808,1006.5294280292919,98.29388945598552,100.0,10496000000.0,8192.0,8192.0,nan,nan,104.074,nan,nan,nan,nan,0.0,nvml_total_energy_counter,unavailable,0.8937522215391558,nan,-12.372144123447598,nan,5,0,nonpositive incremental power/energy; expected or invalid L2/global traffic; not a pure FP16 candidate; test/baseline energy source mismatch; test/baseline energy sources differ; incremental energy fraction is missing or nonpositive; baseline energy fraction is missing or invalid; baseline elapsed_s is below 0.25s; incremental energy is below 0.1 J or missing,test elapsed_s 0.5384s < warning threshold 1s,,,,,,,,,,,,,,,,,,,,,,,,,,,,,,,,,,,,,,,,,
pair,launch_shape_tensor_mma_f16acc_t032_b08,6,NVIDIA GeForce RTX 3090,ampere,ga102,82,tensor_mma_f16acc,tensor_baseline_mov,32,256.0,8,8,mixed_or_unavailable,structural_baseline,False,False,False,False,False,False,True,True,True,fp16-energy-bench-v2,fp16-energy-bench-v2,True,logical_m16n16k16_input_bits_8192,True,bench_json_metadata,False,False,False,False,False,False,missing NCU validation row,missing NCU validation row,missing NCU validation row for tensor activity,,,,,,,,,,,,,True,True,True,159.20578598337238,0.540076049805,0.0677242889404,162.47808,1003.3767314764756,97.98600893324956,99.0,10496000000.0,8192.0,8192.0,nan,nan,106.816,nan,nan,nan,nan,0.0,nvml_total_energy_counter,unavailable,0.932484344139303,nan,-7.733912469139369,nan,4,0,nonpositive incremental power/energy; expected or invalid L2/global traffic; not a pure FP16 candidate; test/baseline energy source mismatch; test/baseline energy sources differ; incremental energy fraction is missing or nonpositive; baseline energy fraction is missing or invalid; baseline elapsed_s is below 0.25s; incremental energy is below 0.1 J or missing,test elapsed_s 0.5401s < warning threshold 1s,,,,,,,,,,,,,,,,,,,,,,,,,,,,,,,,,,,,,,,,,
pair,launch_shape_tensor_mma_f16acc_t032_b08,7,NVIDIA GeForce RTX 3090,ampere,ga102,82,tensor_mma_f16acc,tensor_baseline_mov,32,256.0,8,8,mixed_or_unavailable,structural_baseline,False,False,False,False,False,False,True,True,True,fp16-energy-bench-v2,fp16-energy-bench-v2,True,logical_m16n16k16_input_bits_8192,True,bench_json_metadata,False,False,False,False,False,False,missing NCU validation row,missing NCU validation row,missing NCU validation row for tensor activity,,,,,,,,,,,,,True,True,True,159.80693532252323,0.538044433594,0.0688084487915,162.47808,1007.1654082216123,98.35599689664183,98.0,10496000000.0,8192.0,8192.0,nan,nan,105.117,nan,nan,nan,nan,0.0,nvml_total_energy_counter,unavailable,0.9241069682329819,nan,-8.632818596215103,nan,4,0,nonpositive incremental power/energy; expected or invalid L2/global traffic; not a pure FP16 candidate; test/baseline energy source mismatch; test/baseline energy sources differ; incremental energy fraction is missing or nonpositive; baseline energy fraction is missing or invalid; baseline elapsed_s is below 0.25s; incremental energy is below 0.1 J or missing,test elapsed_s 0.538s < warning threshold 1s,,,,,,,,,,,,,,,,,,,,,,,,,,,,,,,,,,,,,,,,,
pair,launch_shape_tensor_mma_f16acc_t032_b08,8,NVIDIA GeForce RTX 3090,ampere,ga102,82,tensor_mma_f16acc,tensor_baseline_mov,32,256.0,8,8,strict_nvml_counter,structural_baseline,False,False,False,False,False,True,False,True,True,fp16-energy-bench-v2,fp16-energy-bench-v2,True,logical_m16n16k16_input_bits_8192,True,bench_json_metadata,False,False,False,False,False,False,missing NCU validation row,missing NCU validation row,missing NCU validation row for tensor activity,,,,,,,,,,,,,True,True,True,159.47428566663888,0.539166748047,0.0677189102173,162.47808,1005.068920820816,98.15126179890781,99.0,10496000000.0,8192.0,8192.0,-0.19510540108244084,-36.89896463566964,103.442,-16.775792965724563,-0.16217583733613583,1.162175837336136,1.1983062238557143,0.0,nvml_total_energy_counter,nvml_total_energy_counter,0.9047286612743838,nan,-10.89283256106151,nan,4,0,nonpositive incremental power/energy; expected or invalid L2/global traffic; not a pure FP16 candidate; incremental energy fraction is missing or nonpositive; baseline energy fraction 1.162 > 0.99; baseline elapsed_s is below 0.25s; incremental energy is below 0.1 J or missing,test elapsed_s 0.5392s < warning threshold 1s; baseline NVML-counter/power-trace ratio is missing,,,,,,,,,,,,,,,,,,,,,,,,,,,,,,,,,,,,,,,,,
pair,launch_shape_tensor_mma_f16acc_t032_b08,9,NVIDIA GeForce RTX 3090,ampere,ga102,82,tensor_mma_f16acc,tensor_baseline_mov,32,256.0,8,8,strict_nvml_counter,structural_baseline,False,False,False,False,False,True,False,True,True,fp16-energy-bench-v2,fp16-energy-bench-v2,True,logical_m16n16k16_input_bits_8192,True,bench_json_metadata,False,False,False,False,False,False,missing NCU validation row,missing NCU validation row,missing NCU validation row for tensor activity,,,,,,,,,,,,,True,True,True,159.37390240832647,0.539506347656,0.067719039917,162.47808,1004.4362665174668,98.08947915209637,99.0,10496000000.0,8192.0,8192.0,-0.17263960962296404,-34.41685640629103,125.296,-14.844111606600748,-0.1184723503272311,1.1184723503272311,1.1527334635741637,0.0,nvml_total_energy_counter,nvml_total_energy_counter,1.047673963450541,nan,5.701541827789228,nan,4,0,nonpositive incremental power/energy; expected or invalid L2/global traffic; not a pure FP16 candidate; incremental energy fraction is missing or nonpositive; baseline energy fraction 1.118 > 0.99; baseline elapsed_s is below 0.25s; incremental energy is below 0.1 J or missing,test elapsed_s 0.5395s < warning threshold 1s; baseline NVML-counter/power-trace ratio is missing,,,,,,,,,,,,,,,,,,,,,,,,,,,,,,,,,,,,,,,,,
pair,launch_shape_tensor_mma_f16acc_t064_b01,0,NVIDIA GeForce RTX 3090,ampere,ga102,82,tensor_mma_f16acc,tensor_baseline_mov,64,64.0,1,8,strict_nvml_counter,structural_baseline,False,False,True,True,True,True,False,True,True,fp16-energy-bench-v2,fp16-energy-bench-v2,True,logical_m16n16k16_input_bits_8192,True,bench_json_metadata,True,False,False,False,False,False,missing NCU validation row,missing NCU validation row,missing NCU validation row for tensor activity,,,,,,,,,,,,,True,False,True,77.94271585539148,0.27578982543900005,0.0636076469421,163.7376,487.4466282388461,47.602209788949814,nan,2624000000.0,8192.0,8192.0,0.4303230982439019,27.752294407480832,50.243,9.250142697816052,0.1841080886455039,0.8158919113544961,0.8426654412255676,0.0,nvml_total_energy_counter,nvml_total_energy_counter,1.1813698203057619,nan,7.713557367889997,nan,2,0,baseline elapsed_s is below 0.25s,test elapsed_s 0.2758s < warning threshold 1s; baseline NVML-counter/power-trace ratio is missing; SM utilization samples missing or sparse,,,,,,,,,,,,,,,,,,,,,,,,,,,,,,,,,,,,,,,,,
pair,launch_shape_tensor_mma_f16acc_t064_b01,1,NVIDIA GeForce RTX 3090,ampere,ga102,82,tensor_mma_f16acc,tensor_baseline_mov,64,64.0,1,8,strict_nvml_counter,structural_baseline,False,False,False,False,False,True,False,True,True,fp16-energy-bench-v2,fp16-energy-bench-v2,True,logical_m16n16k16_input_bits_8192,True,bench_json_metadata,False,False,False,False,False,False,missing NCU validation row,missing NCU validation row,missing NCU validation row for tensor activity,,,,,,,,,,,,,True,False,True,77.87191913597057,0.276040557861,0.06533507537840001,162.47808,490.7790958339357,47.92764607753278,nan,2624000000.0,8192.0,8192.0,-0.36804422757700017,-34.093953377811545,48.464,-7.9114080515035,-0.1632429855460445,1.1632429855460444,1.2003938132344518,0.0,nvml_total_energy_counter,nvml_total_energy_counter,1.0948535042173138,nan,4.198717189725002,nan,2,0,nonpositive incremental power/energy; expected or invalid L2/global traffic; not a pure FP16 candidate; incremental energy fraction is missing or nonpositive; baseline energy fraction 1.163 > 0.99; baseline elapsed_s is below 0.25s; incremental energy is below 0.1 J or missing,test elapsed_s 0.276s < warning threshold 1s; baseline NVML-counter/power-trace ratio is missing; SM utilization samples missing or sparse,,,,,,,,,,,,,,,,,,,,,,,,,,,,,,,,,,,,,,,,,
pair,launch_shape_tensor_mma_f16acc_t064_b01,2,NVIDIA GeForce RTX 3090,ampere,ga102,82,tensor_mma_f16acc,tensor_baseline_mov,64,64.0,1,8,strict_nvml_counter,structural_baseline,False,False,False,False,False,True,False,True,True,fp16-energy-bench-v2,fp16-energy-bench-v2,True,logical_m16n16k16_input_bits_8192,True,bench_json_metadata,False,False,False,False,False,False,missing NCU validation row,missing NCU validation row,missing NCU validation row for tensor activity,,,,,,,,,,,,,True,False,True,76.76610762689668,0.280016906738,0.0645895996094,162.47808,483.8098419795594,47.24705488081634,nan,2624000000.0,8192.0,8192.0,-0.3022875370150221,-29.36078493162711,50.131,-6.497914856467808,-0.12961869614545507,1.129618696145455,1.169840074039414,0.0,nvml_total_energy_counter,nvml_total_energy_counter,1.0861935121607493,nan,3.978082091040008,nan,2,0,nonpositive incremental power/energy; expected or invalid L2/global traffic; not a pure FP16 candidate; incremental energy fraction is missing or nonpositive; baseline energy fraction 1.13 > 0.99; baseline elapsed_s is below 0.25s; incremental energy is below 0.1 J or missing,test elapsed_s 0.28s < warning threshold 1s; baseline NVML-counter/power-trace ratio is missing; SM utilization samples missing or sparse,,,,,,,,,,,,,,,,,,,,,,,,,,,,,,,,,,,,,,,,,
pair,launch_shape_tensor_mma_f16acc_t064_b01,3,NVIDIA GeForce RTX 3090,ampere,ga102,82,tensor_mma_f16acc,tensor_baseline_mov,64,64.0,1,8,strict_nvml_counter,structural_baseline,False,False,False,False,False,True,False,True,True,fp16-energy-bench-v2,fp16-energy-bench-v2,True,logical_m16n16k16_input_bits_8192,True,bench_json_metadata,False,False,False,False,False,False,missing NCU validation row,missing NCU validation row,missing NCU validation row for tensor activity,,,,,,,,,,,,,True,False,True,77.00942486993752,0.279132171631,0.066568862915,162.47808,485.3433217995684,47.3968087694891,nan,2624000000.0,8192.0,8192.0,-1.1215595640156035,-89.88950237993144,31.936,-24.108829048643123,-0.7549107292285547,1.7549107292285546,1.8105974263395208,0.0,nvml_total_energy_counter,nvml_total_energy_counter,0.6964322285440393,nan,-13.920579708790008,nan,2,0,nonpositive incremental power/energy; expected or invalid L2/global traffic; not a pure FP16 candidate; incremental energy fraction is missing or nonpositive; baseline energy fraction 1.755 > 0.99; baseline elapsed_s is below 0.25s; incremental energy is below 0.1 J or missing,test elapsed_s 0.2791s < warning threshold 1s; baseline NVML-counter/power-trace ratio is missing; SM utilization samples missing or sparse,,,,,,,,,,,,,,,,,,,,,,,,,,,,,,,,,,,,,,,,,
pair,launch_shape_tensor_mma_f16acc_t064_b01,4,NVIDIA GeForce RTX 3090,ampere,ga102,82,tensor_mma_f16acc,tensor_baseline_mov,64,64.0,1,8,strict_nvml_counter,structural_baseline,False,False,False,False,False,True,False,True,True,fp16-energy-bench-v2,fp16-energy-bench-v2,True,logical_m16n16k16_input_bits_8192,True,bench_json_metadata,False,False,False,False,False,False,missing NCU validation row,missing NCU validation row,missing NCU validation row for tensor activity,,,,,,,,,,,,,True,False,True,76.6634979845273,0.280391693115,0.06458953857420001,162.47808,483.1631561386985,47.18390196666978,nan,2624000000.0,8192.0,8192.0,-0.3131840974379698,-29.641060067605707,50.205,-6.732145227179892,-0.13409312274036236,1.1340931227403623,1.1709188600218705,0.0,nvml_total_energy_counter,nvml_total_energy_counter,1.0682160856778655,nan,3.20608220319388,nan,3,0,nonpositive incremental power/energy; expected or invalid L2/global traffic; not a pure FP16 candidate; incremental energy fraction is missing or nonpositive; baseline energy fraction 1.134 > 0.99; baseline elapsed_s is below 0.25s; incremental energy is below 0.1 J or missing,test elapsed_s 0.2804s < warning threshold 1s; baseline NVML-counter/power-trace ratio is missing; SM utilization samples missing or sparse,,,,,,,,,,,,,,,,,,,,,,,,,,,,,,,,,,,,,,,,,
pair,launch_shape_tensor_mma_f16acc_t064_b01,5,NVIDIA GeForce RTX 3090,ampere,ga102,82,tensor_mma_f16acc,tensor_baseline_mov,64,64.0,1,8,strict_nvml_counter,structural_baseline,False,False,False,False,False,True,False,True,True,fp16-energy-bench-v2,fp16-energy-bench-v2,True,logical_m16n16k16_input_bits_8192,True,bench_json_metadata,False,False,False,False,False,False,missing NCU validation row,missing NCU validation row,missing NCU validation row for tensor activity,,,,,,,,,,,,,True,False,True,76.95550235749256,0.27932775878899996,0.06551039886469999,162.47808,485.00348117156716,47.36362120816086,nan,2624000000.0,8192.0,8192.0,-0.1470676542970905,-17.184576097286026,51.673,-3.1613380597806326,-0.06117968880809383,1.0611796888080938,1.0959369445301346,0.0,nvml_total_energy_counter,nvml_total_energy_counter,1.084783501649715,nan,4.038610353202429,nan,3,0,nonpositive incremental power/energy; expected or invalid L2/global traffic; not a pure FP16 candidate; incremental energy fraction is missing or nonpositive; baseline energy fraction 1.061 > 0.99; baseline elapsed_s is below 0.25s; incremental energy is below 0.1 J or missing,test elapsed_s 0.2793s < warning threshold 1s; baseline NVML-counter/power-trace ratio is missing; SM utilization samples missing or sparse,,,,,,,,,,,,,,,,,,,,,,,,,,,,,,,,,,,,,,,,,
pair,launch_shape_tensor_mma_f16acc_t064_b01,6,NVIDIA GeForce RTX 3090,ampere,ga102,82,tensor_mma_f16acc,tensor_baseline_mov,64,64.0,1,8,strict_nvml_counter,structural_baseline,False,False,False,False,False,True,False,True,True,fp16-energy-bench-v2,fp16-energy-bench-v2,True,logical_m16n16k16_input_bits_8192,True,bench_json_metadata,False,False,False,False,False,False,missing NCU validation row,missing NCU validation row,missing NCU validation row for tensor activity,,,,,,,,,,,,,True,False,True,76.70950093395449,0.28022354126,0.06458982086180001,162.47808,483.45308460297775,47.212215293259554,nan,2624000000.0,8192.0,8192.0,-0.3293130798948263,-32.124826696529595,52.759,-7.078850737307846,-0.13417333037600876,1.1341733303760086,1.1770828277182714,0.0,nvml_total_energy_counter,nvml_total_energy_counter,1.1083150216918836,nan,5.156108252253539,nan,3,0,nonpositive incremental power/energy; expected or invalid L2/global traffic; not a pure FP16 candidate; incremental energy fraction is missing or nonpositive; baseline energy fraction 1.134 > 0.99; baseline elapsed_s is below 0.25s; incremental energy is below 0.1 J or missing,test elapsed_s 0.2802s < warning threshold 1s; baseline NVML-counter/power-trace ratio is missing; SM utilization samples missing or sparse,,,,,,,,,,,,,,,,,,,,,,,,,,,,,,,,,,,,,,,,,
pair,launch_shape_tensor_mma_f16acc_t064_b01,7,NVIDIA GeForce RTX 3090,ampere,ga102,82,tensor_mma_f16acc,tensor_baseline_mov,64,64.0,1,8,strict_nvml_counter,structural_baseline,False,False,False,False,False,True,False,True,True,fp16-energy-bench-v2,fp16-energy-bench-v2,True,logical_m16n16k16_input_bits_8192,True,bench_json_metadata,False,False,False,False,False,False,missing NCU validation row,missing NCU validation row,missing NCU validation row for tensor activity,,,,,,,,,,,,,True,False,True,77.02524827899624,0.27907482910200004,0.06636544036870001,162.47808,485.44304707251683,47.406547565675474,nan,2624000000.0,8192.0,8192.0,-0.08262924323902643,-12.284849442072925,52.332,-1.7761823478514103,-0.0339406548163917,1.0339406548163916,1.0676481148116825,0.0,nvml_total_energy_counter,nvml_total_energy_counter,1.1064230137693518,nan,5.033634592979212,nan,3,0,nonpositive incremental power/energy; expected or invalid L2/global traffic; not a pure FP16 candidate; incremental energy fraction is missing or nonpositive; baseline energy fraction 1.034 > 0.99; baseline elapsed_s is below 0.25s; incremental energy is below 0.1 J or missing,test elapsed_s 0.2791s < warning threshold 1s; baseline NVML-counter/power-trace ratio is missing; SM utilization samples missing or sparse,,,,,,,,,,,,,,,,,,,,,,,,,,,,,,,,,,,,,,,,,
pair,launch_shape_tensor_mma_f16acc_t064_b01,8,NVIDIA GeForce RTX 3090,ampere,ga102,82,tensor_mma_f16acc,tensor_baseline_mov,64,64.0,1,8,strict_nvml_counter,structural_baseline,False,False,False,False,False,True,False,True,True,fp16-energy-bench-v2,fp16-energy-bench-v2,True,logical_m16n16k16_input_bits_8192,True,bench_json_metadata,False,False,False,False,False,False,missing NCU validation row,missing NCU validation row,missing NCU validation row for tensor activity,,,,,,,,,,,,,True,False,True,77.2864497123027,0.278131652832,0.06549600219730001,162.47808,487.08924000947064,47.56730859467486,nan,2624000000.0,8192.0,8192.0,-0.031160890752575967,-7.873640479648884,50.563,-0.6698285247263485,-0.013247404717408944,1.013247404717409,1.0446529008789704,0.0,nvml_total_energy_counter,nvml_total_energy_counter,1.1453710692007693,nan,6.417481259700004,nan,2,0,nonpositive incremental power/energy; expected or invalid L2/global traffic; not a pure FP16 candidate; incremental energy fraction is missing or nonpositive; baseline energy fraction 1.013 > 0.99; baseline elapsed_s is below 0.25s; incremental energy is below 0.1 J or missing,test elapsed_s 0.2781s < warning threshold 1s; baseline NVML-counter/power-trace ratio is missing; SM utilization samples missing or sparse,,,,,,,,,,,,,,,,,,,,,,,,,,,,,,,,,,,,,,,,,
pair,launch_shape_tensor_mma_f16acc_t064_b01,9,NVIDIA GeForce RTX 3090,ampere,ga102,82,tensor_mma_f16acc,tensor_baseline_mov,64,64.0,1,8,mixed_or_unavailable,structural_baseline,False,False,False,False,False,False,True,True,True,fp16-energy-bench-v2,fp16-energy-bench-v2,True,logical_m16n16k16_input_bits_8192,True,bench_json_metadata,False,False,False,False,False,False,missing NCU validation row,missing NCU validation row,missing NCU validation row for tensor activity,,,,,,,,,,,,,True,False,True,77.03120374159037,0.27905325317400004,0.0645928955078,162.47808,485.48058071210926,47.410212960166916,nan,2624000000.0,8192.0,8192.0,nan,nan,50.436,nan,nan,nan,nan,0.0,nvml_total_energy_counter,unavailable,1.0595828212504945,nan,2.836134290138233,nan,3,0,nonpositive incremental power/energy; expected or invalid L2/global traffic; not a pure FP16 candidate; test/baseline energy source mismatch; test/baseline energy sources differ; incremental energy fraction is missing or nonpositive; baseline energy fraction is missing or invalid; baseline elapsed_s is below 0.25s; incremental energy is below 0.1 J or missing,test elapsed_s 0.2791s < warning threshold 1s; SM utilization samples missing or sparse,,,,,,,,,,,,,,,,,,,,,,,,,,,,,,,,,,,,,,,,,
pair,launch_shape_tensor_mma_f16acc_t064_b02,0,NVIDIA GeForce RTX 3090,ampere,ga102,82,tensor_mma_f16acc,tensor_baseline_mov,64,128.0,2,8,strict_nvml_counter,structural_baseline,False,False,False,False,False,True,False,True,True,fp16-energy-bench-v2,fp16-energy-bench-v2,True,logical_m16n16k16_input_bits_8192,True,bench_json_metadata,True,False,False,False,False,False,missing NCU validation row,missing NCU validation row,missing NCU validation row for tensor activity,,,,,,,,,,,,,True,False,True,155.21919916104443,0.276973571777,0.0636651535034,163.7376,970.7266989433673,94.79752919368822,nan,5248000000.0,8192.0,8192.0,0.028273191920716135,-2.3124018865634355,59.333,1.2155102101497306,0.020486242228603485,0.9795137577713965,1.0111431361465613,0.0,nvml_total_energy_counter,nvml_total_energy_counter,1.2629747409383694,nan,12.354229897348098,nan,3,0,nonpositive incremental power/energy; expected or invalid L2/global traffic; not a pure FP16 candidate; baseline elapsed_s is below 0.25s,incremental energy fraction 0.02049 < warning threshold 0.05; test elapsed_s 0.277s < warning threshold 1s; baseline NVML-counter/power-trace ratio is missing; SM utilization samples missing or sparse,,,,,,,,,,,,,,,,,,,,,,,,,,,,,,,,,,,,,,,,,
pair,launch_shape_tensor_mma_f16acc_t064_b02,1,NVIDIA GeForce RTX 3090,ampere,ga102,82,tensor_mma_f16acc,tensor_baseline_mov,64,128.0,2,8,mixed_or_unavailable,structural_baseline,False,False,False,False,False,False,True,True,True,fp16-energy-bench-v2,fp16-energy-bench-v2,True,logical_m16n16k16_input_bits_8192,True,bench_json_metadata,False,False,False,False,False,False,missing NCU validation row,missing NCU validation row,missing NCU validation row for tensor activity,,,,,,,,,,,,,True,False,True,154.60930475656937,0.278066162109,0.06413404846189999,162.47808,974.4079205682824,95.15702349299633,nan,5248000000.0,8192.0,8192.0,nan,nan,37.438,nan,nan,nan,nan,0.0,nvml_total_energy_counter,unavailable,0.7651085002434318,nan,-11.493622100771965,nan,3,0,nonpositive incremental power/energy; expected or invalid L2/global traffic; not a pure FP16 candidate; test/baseline energy source mismatch; test/baseline energy sources differ; incremental energy fraction is missing or nonpositive; baseline energy fraction is missing or invalid; baseline elapsed_s is below 0.25s; incremental energy is below 0.1 J or missing,test elapsed_s 0.2781s < warning threshold 1s; SM utilization samples missing or sparse,,,,,,,,,,,,,,,,,,,,,,,,,,,,,,,,,,,,,,,,,
pair,launch_shape_tensor_mma_f16acc_t064_b02,2,NVIDIA GeForce RTX 3090,ampere,ga102,82,tensor_mma_f16acc,tensor_baseline_mov,64,128.0,2,8,strict_nvml_counter,structural_baseline,False,False,False,False,False,True,False,True,True,fp16-energy-bench-v2,fp16-energy-bench-v2,True,logical_m16n16k16_input_bits_8192,True,bench_json_metadata,False,False,False,False,False,False,missing NCU validation row,missing NCU validation row,missing NCU validation row for tensor activity,,,,,,,,,,,,,True,False,True,153.8613818366285,0.27941784668,0.06547119903559999,162.47808,969.6942196800183,94.6967011406268,nan,5248000000.0,8192.0,8192.0,0.012813508808414358,-4.682454772227715,62.098,0.5508734503039676,0.008871033693580593,0.9911289663064194,1.0217195924754536,0.0,nvml_total_energy_counter,nvml_total_energy_counter,1.2236380918586314,nan,11.349334677169999,nan,2,0,nonpositive incremental power/energy; expected or invalid L2/global traffic; not a pure FP16 candidate; incremental energy fraction 0.008871 < 0.01; baseline energy fraction 0.9911 > 0.99; baseline elapsed_s is below 0.25s,test elapsed_s 0.2794s < warning threshold 1s; baseline NVML-counter/power-trace ratio is missing; SM utilization samples missing or sparse,,,,,,,,,,,,,,,,,,,,,,,,,,,,,,,,,,,,,,,,,
pair,launch_shape_tensor_mma_f16acc_t064_b02,3,NVIDIA GeForce RTX 3090,ampere,ga102,82,tensor_mma_f16acc,tensor_baseline_mov,64,128.0,2,8,strict_nvml_counter,structural_baseline,False,False,False,False,False,True,False,True,True,fp16-energy-bench-v2,fp16-energy-bench-v2,True,logical_m16n16k16_input_bits_8192,True,bench_json_metadata,False,False,False,False,False,False,missing NCU validation row,missing NCU validation row,missing NCU validation row for tensor activity,,,,,,,,,,,,,True,False,True,153.5530000472249,0.279979003906,0.0650557403564,162.47808,967.7506778044047,94.5069021293364,nan,5248000000.0,8192.0,8192.0,0.005103263091026269,-5.781103792633587,59.718,0.2193975271563744,0.003673892748524304,0.9963261072514757,1.0279645346873048,0.0,nvml_total_energy_counter,nvml_total_energy_counter,1.1913073918025525,nan,9.589879910321521,nan,3,0,nonpositive incremental power/energy; expected or invalid L2/global traffic; not a pure FP16 candidate; incremental energy fraction 0.003674 < 0.01; baseline energy fraction 0.9963 > 0.99; baseline elapsed_s is below 0.25s,test elapsed_s 0.28s < warning threshold 1s; baseline NVML-counter/power-trace ratio is missing; SM utilization samples missing or sparse,,,,,,,,,,,,,,,,,,,,,,,,,,,,,,,,,,,,,,,,,
pair,launch_shape_tensor_mma_f16acc_t064_b02,4,NVIDIA GeForce RTX 3090,ampere,ga102,82,tensor_mma_f16acc,tensor_baseline_mov,64,128.0,2,8,strict_nvml_counter,structural_baseline,False,False,True,True,True,True,False,True,True,fp16-energy-bench-v2,fp16-energy-bench-v2,True,logical_m16n16k16_input_bits_8192,True,bench_json_metadata,True,False,False,False,False,False,missing NCU validation row,missing NCU validation row,missing NCU validation row for tensor activity,,,,,,,,,,,,,True,False,True,153.4089610142409,0.280241882324,0.0655032348633,162.47808,966.8428878442106,94.4182507660362,nan,5248000000.0,8192.0,8192.0,0.11976191793019848,11.003187408376505,60.258,5.148758387078608,0.08544522531578559,0.9145547746842144,0.9470114140245068,0.0,nvml_total_energy_counter,nvml_total_energy_counter,1.1885027180174634,nan,9.557232482601194,nan,3,0,baseline elapsed_s is below 0.25s,test elapsed_s 0.2802s < warning threshold 1s; baseline NVML-counter/power-trace ratio is missing; SM utilization samples missing or sparse,,,,,,,,,,,,,,,,,,,,,,,,,,,,,,,,,,,,,,,,,
pair,launch_shape_tensor_mma_f16acc_t064_b02,5,NVIDIA GeForce RTX 3090,ampere,ga102,82,tensor_mma_f16acc,tensor_baseline_mov,64,128.0,2,8,strict_nvml_counter,structural_baseline,False,False,True,True,True,True,False,True,True,fp16-energy-bench-v2,fp16-energy-bench-v2,True,logical_m16n16k16_input_bits_8192,True,bench_json_metadata,True,False,False,False,False,False,missing NCU validation row,missing NCU validation row,missing NCU validation row for tensor activity,,,,,,,,,,,,,True,False,True,153.88185243868443,0.27938067626999996,0.064608253479,162.47808,969.8232333691589,94.70930013370692,nan,5248000000.0,8192.0,8192.0,0.16522850563073682,18.31584056556099,60.476,7.1034404663304755,0.11745883435297433,0.8825411656470257,0.9125128668719619,0.0,nvml_total_energy_counter,nvml_total_energy_counter,1.1837627300918518,nan,9.388059433305962,nan,3,0,baseline elapsed_s is below 0.25s,test elapsed_s 0.2794s < warning threshold 1s; baseline NVML-counter/power-trace ratio is missing; SM utilization samples missing or sparse,,,,,,,,,,,,,,,,,,,,,,,,,,,,,,,,,,,,,,,,,
pair,launch_shape_tensor_mma_f16acc_t064_b02,6,NVIDIA GeForce RTX 3090,ampere,ga102,82,tensor_mma_f16acc,tensor_baseline_mov,64,128.0,2,8,strict_nvml_counter,structural_baseline,False,False,True,True,True,True,False,True,True,fp16-energy-bench-v2,fp16-energy-bench-v2,True,logical_m16n16k16_input_bits_8192,True,bench_json_metadata,True,False,False,False,False,False,missing NCU validation row,missing NCU validation row,missing NCU validation row for tensor activity,,,,,,,,,,,,,True,False,True,153.3601454457367,0.280331085205,0.06458982086180001,162.47808,966.5352331615094,94.38820636342865,nan,5248000000.0,8192.0,8192.0,0.1921028263456304,21.611288279801244,61.559,8.258810942766026,0.13416090161903257,0.8658390983809674,0.8979368516624185,0.0,nvml_total_energy_counter,nvml_total_energy_counter,1.1989618905623183,nan,10.215416451127929,nan,3,0,baseline elapsed_s is below 0.25s,test elapsed_s 0.2803s < warning threshold 1s; baseline NVML-counter/power-trace ratio is missing; SM utilization samples missing or sparse,,,,,,,,,,,,,,,,,,,,,,,,,,,,,,,,,,,,,,,,,
pair,launch_shape_tensor_mma_f16acc_t064_b02,7,NVIDIA GeForce RTX 3090,ampere,ga102,82,tensor_mma_f16acc,tensor_baseline_mov,64,128.0,2,8,strict_nvml_counter,structural_baseline,False,False,True,True,True,True,False,True,True,fp16-energy-bench-v2,fp16-energy-bench-v2,True,logical_m16n16k16_input_bits_8192,True,bench_json_metadata,True,False,False,False,False,False,missing NCU validation row,missing NCU validation row,missing NCU validation row for tensor activity,,,,,,,,,,,,,True,False,True,154.4224218172515,0.278402679443,0.0655861740112,162.47808,973.230111661004,95.04200309189491,nan,5248000000.0,8192.0,8192.0,0.2190673489741555,26.936281978677016,61.617,9.418059345234887,0.15284839160028707,0.8471516083997129,0.8743823274637156,0.0,nvml_total_energy_counter,nvml_total_energy_counter,1.2363392085535438,nan,11.7787358944,nan,2,0,baseline elapsed_s is below 0.25s,test elapsed_s 0.2784s < warning threshold 1s; baseline NVML-counter/power-trace ratio is missing; SM utilization samples missing or sparse,,,,,,,,,,,,,,,,,,,,,,,,,,,,,,,,,,,,,,,,,
pair,launch_shape_tensor_mma_f16acc_t064_b02,8,NVIDIA GeForce RTX 3090,ampere,ga102,82,tensor_mma_f16acc,tensor_baseline_mov,64,128.0,2,8,mixed_or_unavailable,structural_baseline,False,False,False,False,False,False,True,True,True,fp16-energy-bench-v2,fp16-energy-bench-v2,True,logical_m16n16k16_input_bits_8192,True,bench_json_metadata,False,False,False,False,False,False,missing NCU validation row,missing NCU validation row,missing NCU validation row for tensor activity,,,,,,,,,,,,,True,False,True,153.87208704725973,0.27939840698199997,0.06459391784669999,162.47808,969.7616880775176,94.70328985132008,nan,5248000000.0,8192.0,8192.0,nan,nan,64.665,nan,nan,nan,nan,0.0,nvml_total_energy_counter,unavailable,1.2959971900734168,nan,14.769058484620018,nan,2,0,nonpositive incremental power/energy; expected or invalid L2/global traffic; not a pure FP16 candidate; test/baseline energy source mismatch; test/baseline energy sources differ; incremental energy fraction is missing or nonpositive; baseline energy fraction is missing or invalid; baseline elapsed_s is below 0.25s; incremental energy is below 0.1 J or missing,test elapsed_s 0.2794s < warning threshold 1s; SM utilization samples missing or sparse,,,,,,,,,,,,,,,,,,,,,,,,,,,,,,,,,,,,,,,,,
pair,launch_shape_tensor_mma_f16acc_t064_b02,9,NVIDIA GeForce RTX 3090,ampere,ga102,82,tensor_mma_f16acc,tensor_baseline_mov,64,128.0,2,8,mixed_or_unavailable,structural_baseline,False,False,False,False,False,False,True,True,True,fp16-energy-bench-v2,fp16-energy-bench-v2,True,logical_m16n16k16_input_bits_8192,True,bench_json_metadata,False,False,False,False,False,False,missing NCU validation row,missing NCU validation row,missing NCU validation row for tensor activity,,,,,,,,,,,,,True,False,True,153.4946261424283,0.280085479736,0.0648560638428,162.47808,967.3827827719689,94.47097488007509,nan,5248000000.0,8192.0,8192.0,nan,nan,60.369,nan,nan,nan,nan,0.0,nvml_total_energy_counter,unavailable,1.2103897766878797,nan,10.493330886869998,nan,2,0,nonpositive incremental power/energy; expected or invalid L2/global traffic; not a pure FP16 candidate; test/baseline energy source mismatch; test/baseline energy sources differ; incremental energy fraction is missing or nonpositive; baseline energy fraction is missing or invalid; baseline elapsed_s is below 0.25s; incremental energy is below 0.1 J or missing,test elapsed_s 0.2801s < warning threshold 1s; SM utilization samples missing or sparse,,,,,,,,,,,,,,,,,,,,,,,,,,,,,,,,,,,,,,,,,
pair,launch_shape_tensor_mma_f16acc_t064_b04,0,NVIDIA GeForce RTX 3090,ampere,ga102,82,tensor_mma_f16acc,tensor_baseline_mov,64,256.0,4,8,mixed_or_unavailable,structural_baseline,False,False,False,False,False,False,True,True,True,fp16-energy-bench-v2,fp16-energy-bench-v2,True,logical_m16n16k16_input_bits_8192,True,bench_json_metadata,False,False,False,False,False,False,missing NCU validation row,missing NCU validation row,missing NCU validation row for tensor activity,,,,,,,,,,,,,True,True,True,161.62207880768437,0.5320017700199999,0.0667760620117,163.7376,1010.7697236252932,98.70798082278253,99.0,10496000000.0,8192.0,8192.0,nan,nan,119.328,nan,nan,nan,nan,0.0,nvml_total_energy_counter,unavailable,1.1262729518268908,nan,13.378549818814406,nan,4,0,nonpositive incremental power/energy; expected or invalid L2/global traffic; not a pure FP16 candidate; test/baseline energy source mismatch; test/baseline energy sources differ; incremental energy fraction is missing or nonpositive; baseline energy fraction is missing or invalid; baseline elapsed_s is below 0.25s; incremental energy is below 0.1 J or missing,test elapsed_s 0.532s < warning threshold 1s,,,,,,,,,,,,,,,,,,,,,,,,,,,,,,,,,,,,,,,,,
pair,launch_shape_tensor_mma_f16acc_t064_b04,1,NVIDIA GeForce RTX 3090,ampere,ga102,82,tensor_mma_f16acc,tensor_baseline_mov,64,256.0,4,8,strict_nvml_counter,structural_baseline,False,False,True,True,True,True,False,True,True,fp16-energy-bench-v2,fp16-energy-bench-v2,True,logical_m16n16k16_input_bits_8192,True,bench_json_metadata,True,False,False,False,False,False,missing NCU validation row,missing NCU validation row,missing NCU validation row for tensor activity,,,,,,,,,,,,,True,True,True,159.8221464300734,0.5379932250980001,0.06739529418950001,162.47808,1007.2612745325101,98.36535884106544,99.0,10496000000.0,8192.0,8192.0,0.25477077664407366,35.074567980615484,101.789,21.906014795007565,0.21521004032859703,0.784789959671403,0.8089181522196484,0.0,nvml_total_energy_counter,nvml_total_energy_counter,0.9283038379426684,nan,-7.8615215637021265,nan,4,0,baseline elapsed_s is below 0.25s,test elapsed_s 0.538s < warning threshold 1s; baseline NVML-counter/power-trace ratio is missing,,,,,,,,,,,,,,,,,,,,,,,,,,,,,,,,,,,,,,,,,
pair,launch_shape_tensor_mma_f16acc_t064_b04,2,NVIDIA GeForce RTX 3090,ampere,ga102,82,tensor_mma_f16acc,tensor_baseline_mov,64,256.0,4,8,strict_nvml_counter,structural_baseline,False,False,False,False,False,True,False,True,True,fp16-energy-bench-v2,fp16-energy-bench-v2,True,logical_m16n16k16_input_bits_8192,True,bench_json_metadata,False,False,False,False,False,False,missing NCU validation row,missing NCU validation row,missing NCU validation row for tensor activity,,,,,,,,,,,,,True,True,True,159.7376245757455,0.538277893066,0.0677314529419,162.47808,1006.7285849608968,98.31333837508758,100.0,10496000000.0,8192.0,8192.0,-0.36955531413724146,-64.74426042662935,103.061,-31.775560312295312,-0.30831798946541666,1.3083179894654167,1.3485522937123111,0.0,nvml_total_energy_counter,nvml_total_energy_counter,0.9226520469272823,nan,-8.639830603720128,nan,4,0,nonpositive incremental power/energy; expected or invalid L2/global traffic; not a pure FP16 candidate; incremental energy fraction is missing or nonpositive; baseline energy fraction 1.308 > 0.99; baseline elapsed_s is below 0.25s; incremental energy is below 0.1 J or missing,test elapsed_s 0.5383s < warning threshold 1s; baseline NVML-counter/power-trace ratio is missing,,,,,,,,,,,,,,,,,,,,,,,,,,,,,,,,,,,,,,,,,
pair,launch_shape_tensor_mma_f16acc_t064_b04,3,NVIDIA GeForce RTX 3090,ampere,ga102,82,tensor_mma_f16acc,tensor_baseline_mov,64,256.0,4,8,mixed_or_unavailable,structural_baseline,False,False,False,False,False,False,True,True,True,fp16-energy-bench-v2,fp16-energy-bench-v2,True,logical_m16n16k16_input_bits_8192,True,bench_json_metadata,False,False,False,False,False,False,missing NCU validation row,missing NCU validation row,missing NCU validation row for tensor activity,,,,,,,,,,,,,True,True,True,159.5103455137506,0.5390448608399999,0.0677191009521,162.47808,1005.2961839903611,98.17345546780871,98.0,10496000000.0,8192.0,8192.0,nan,nan,104.65,nan,nan,nan,nan,0.0,nvml_total_energy_counter,unavailable,0.9056630524162731,nan,-10.900700363449687,nan,5,0,nonpositive incremental power/energy; expected or invalid L2/global traffic; not a pure FP16 candidate; test/baseline energy source mismatch; test/baseline energy sources differ; incremental energy fraction is missing or nonpositive; baseline energy fraction is missing or invalid; baseline elapsed_s is below 0.25s; incremental energy is below 0.1 J or missing,test elapsed_s 0.539s < warning threshold 1s,,,,,,,,,,,,,,,,,,,,,,,,,,,,,,,,,,,,,,,,,
pair,launch_shape_tensor_mma_f16acc_t064_b04,4,NVIDIA GeForce RTX 3090,ampere,ga102,82,tensor_mma_f16acc,tensor_baseline_mov,64,256.0,4,8,strict_nvml_counter,structural_baseline,False,False,True,True,True,True,False,True,True,fp16-energy-bench-v2,fp16-energy-bench-v2,True,logical_m16n16k16_input_bits_8192,True,bench_json_metadata,True,False,False,False,False,False,missing NCU validation row,missing NCU validation row,missing NCU validation row for tensor activity,,,,,,,,,,,,,True,True,True,159.45309434679677,0.53923840332,0.0677150726318,162.47808,1004.9353648881123,98.13821922735471,99.0,10496000000.0,8192.0,8192.0,0.37180448879244,51.18040467780037,129.114,31.968951618481768,0.24760251884754378,0.7523974811524562,0.7787584736948083,0.0,nvml_total_energy_counter,nvml_total_energy_counter,1.1076272594162895,nan,12.545904639073242,nan,5,0,baseline elapsed_s is below 0.25s,test elapsed_s 0.5392s < warning threshold 1s; baseline NVML-counter/power-trace ratio is missing,,,,,,,,,,,,,,,,,,,,,,,,,,,,,,,,,,,,,,,,,
pair,launch_shape_tensor_mma_f16acc_t064_b04,5,NVIDIA GeForce RTX 3090,ampere,ga102,82,tensor_mma_f16acc,tensor_baseline_mov,64,256.0,4,8,mixed_or_unavailable,structural_baseline,False,False,False,False,False,False,True,True,True,fp16-energy-bench-v2,fp16-energy-bench-v2,True,logical_m16n16k16_input_bits_8192,True,bench_json_metadata,False,False,False,False,False,False,missing NCU validation row,missing NCU validation row,missing NCU validation row for tensor activity,,,,,,,,,,,,,True,True,True,159.21404482632562,0.540048034668,0.0677150726318,162.47808,1003.428781914197,97.99109198380829,100.0,10496000000.0,8192.0,8192.0,nan,nan,106.737,nan,nan,nan,nan,0.0,nvml_total_energy_counter,unavailable,0.921472144415312,nan,-9.096127074857193,nan,4,0,nonpositive incremental power/energy; expected or invalid L2/global traffic; not a pure FP16 candidate; test/baseline energy source mismatch; test/baseline energy sources differ; incremental energy fraction is missing or nonpositive; baseline energy fraction is missing or invalid; baseline elapsed_s is below 0.25s; incremental energy is below 0.1 J or missing,test elapsed_s 0.54s < warning threshold 1s,,,,,,,,,,,,,,,,,,,,,,,,,,,,,,,,,,,,,,,,,
pair,launch_shape_tensor_mma_f16acc_t064_b04,6,NVIDIA GeForce RTX 3090,ampere,ga102,82,tensor_mma_f16acc,tensor_baseline_mov,64,256.0,4,8,mixed_or_unavailable,structural_baseline,False,False,False,False,False,False,True,True,True,fp16-energy-bench-v2,fp16-energy-bench-v2,True,logical_m16n16k16_input_bits_8192,True,bench_json_metadata,False,False,False,False,False,False,missing NCU validation row,missing NCU validation row,missing NCU validation row for tensor activity,,,,,,,,,,,,,True,True,True,159.79781729838496,0.5380751342769999,0.0677150726318,162.47808,1007.1079428901807,98.3503850478692,99.0,10496000000.0,8192.0,8192.0,nan,nan,104.703,nan,nan,nan,nan,0.0,nvml_total_energy_counter,unavailable,0.9083276133960153,nan,-10.567083674480656,nan,4,0,nonpositive incremental power/energy; expected or invalid L2/global traffic; not a pure FP16 candidate; test/baseline energy source mismatch; test/baseline energy sources differ; incremental energy fraction is missing or nonpositive; baseline energy fraction is missing or invalid; baseline elapsed_s is below 0.25s; incremental energy is below 0.1 J or missing,test elapsed_s 0.5381s < warning threshold 1s,,,,,,,,,,,,,,,,,,,,,,,,,,,,,,,,,,,,,,,,,
pair,launch_shape_tensor_mma_f16acc_t064_b04,7,NVIDIA GeForce RTX 3090,ampere,ga102,82,tensor_mma_f16acc,tensor_baseline_mov,64,256.0,4,8,strict_nvml_counter,structural_baseline,False,False,True,True,True,True,False,True,True,fp16-energy-bench-v2,fp16-energy-bench-v2,True,logical_m16n16k16_input_bits_8192,True,bench_json_metadata,True,False,False,False,False,False,missing NCU validation row,missing NCU validation row,missing NCU validation row for tensor activity,,,,,,,,,,,,,True,True,True,159.21121980966018,0.540057617188,0.0687728652954,162.47808,1003.4109775613549,97.98935327747606,99.0,10496000000.0,8192.0,8192.0,0.18416014955037266,22.450033712303338,125.555,15.83468486394439,0.12611751713547362,0.8738824828645264,0.9004936694702936,0.0,nvml_total_energy_counter,nvml_total_energy_counter,1.0909346118911663,nan,10.465609094758818,nan,4,0,baseline elapsed_s is below 0.25s,test elapsed_s 0.5401s < warning threshold 1s; baseline NVML-counter/power-trace ratio is missing,,,,,,,,,,,,,,,,,,,,,,,,,,,,,,,,,,,,,,,,,
pair,launch_shape_tensor_mma_f16acc_t064_b04,8,NVIDIA GeForce RTX 3090,ampere,ga102,82,tensor_mma_f16acc,tensor_baseline_mov,64,256.0,4,8,mixed_or_unavailable,structural_baseline,False,False,False,False,False,False,True,True,True,fp16-energy-bench-v2,fp16-energy-bench-v2,True,logical_m16n16k16_input_bits_8192,True,bench_json_metadata,False,False,False,False,False,False,missing NCU validation row,missing NCU validation row,missing NCU validation row for tensor activity,,,,,,,,,,,,,True,True,True,159.49216006765866,0.539106323242,0.0677683181763,162.47808,1005.1815722421293,98.16226291427044,98.0,10496000000.0,8192.0,8192.0,nan,nan,102.066,nan,nan,nan,nan,0.0,nvml_total_energy_counter,unavailable,0.8931677994543699,nan,-12.208159975708284,nan,4,0,nonpositive incremental power/energy; expected or invalid L2/global traffic; not a pure FP16 candidate; test/baseline energy source mismatch; test/baseline energy sources differ; incremental energy fraction is missing or nonpositive; baseline energy fraction is missing or invalid; baseline elapsed_s is below 0.25s; incremental energy is below 0.1 J or missing,test elapsed_s 0.5391s < warning threshold 1s,,,,,,,,,,,,,,,,,,,,,,,,,,,,,,,,,,,,,,,,,
pair,launch_shape_tensor_mma_f16acc_t064_b04,9,NVIDIA GeForce RTX 3090,ampere,ga102,82,tensor_mma_f16acc,tensor_baseline_mov,64,256.0,4,8,strict_nvml_counter,structural_baseline,False,False,False,False,False,True,False,True,True,fp16-energy-bench-v2,fp16-energy-bench-v2,True,logical_m16n16k16_input_bits_8192,True,bench_json_metadata,False,False,False,False,False,False,missing NCU validation row,missing NCU validation row,missing NCU validation row for tensor activity,,,,,,,,,,,,,True,True,True,159.43281082967084,0.5393070068360001,0.0677191390991,162.47808,1004.8075302809028,98.1257353789944,98.0,10496000000.0,8192.0,8192.0,-0.09487512801049433,-20.88795742654301,103.434,-8.157670142756032,-0.07886836188058116,1.0788683618805812,1.1122834459692772,0.0,nvml_total_energy_counter,nvml_total_energy_counter,0.904638493663431,nan,-10.903385292032937,nan,4,0,nonpositive incremental power/energy; expected or invalid L2/global traffic; not a pure FP16 candidate; incremental energy fraction is missing or nonpositive; baseline energy fraction 1.079 > 0.99; baseline elapsed_s is below 0.25s; incremental energy is below 0.1 J or missing,test elapsed_s 0.5393s < warning threshold 1s; baseline NVML-counter/power-trace ratio is missing,,,,,,,,,,,,,,,,,,,,,,,,,,,,,,,,,,,,,,,,,
pair,launch_shape_tensor_mma_f16acc_t064_b08,0,NVIDIA GeForce RTX 3090,ampere,ga102,82,tensor_mma_f16acc,tensor_baseline_mov,64,512.0,8,8,strict_nvml_counter,structural_baseline,False,False,True,True,True,True,False,True,True,fp16-energy-bench-v2,fp16-energy-bench-v2,True,logical_m16n16k16_input_bits_8192,True,bench_json_metadata,True,False,False,False,False,False,missing NCU validation row,missing NCU validation row,missing NCU validation row for tensor activity,,,,,,,,,,,,,True,False,True,161.50908585457148,1.0647479248,0.0704744644165,163.7376,1010.0630760135801,98.63897226695121,nan,20992000000.0,8192.0,8192.0,0.1988359978031246,1440.2964922717401,224.825,34.19312345811511,0.1520877280467702,0.8479122719532298,0.11056349708613546,0.0,nvml_total_energy_counter,nvml_total_energy_counter,7.380410812415467,nan,194.36260356783998,nan,2,0,baseline elapsed_s is below 0.25s,"baseline NVML-counter/power-trace ratio is missing; test NVML-counter/power-trace ratio 7.38 outside [0.5, 1.5]; SM utilization samples missing or sparse",,,,,,,,,,,,,,,,,,,,,,,,,,,,,,,,,,,,,,,,,
pair,launch_shape_tensor_mma_f16acc_t064_b08,1,NVIDIA GeForce RTX 3090,ampere,ga102,82,tensor_mma_f16acc,tensor_baseline_mov,64,512.0,8,8,strict_nvml_counter,structural_baseline,False,False,False,False,False,True,False,True,True,fp16-energy-bench-v2,fp16-energy-bench-v2,True,logical_m16n16k16_input_bits_8192,True,bench_json_metadata,False,False,False,False,False,False,missing NCU validation row,missing NCU validation row,missing NCU validation row for tensor activity,,,,,,,,,,,,,True,True,True,159.98922385696503,1.07486279297,0.0703692779541,162.47808,1008.3142614039518,98.46818959022966,100.0,20992000000.0,8192.0,8192.0,-0.20808101074520977,-39.07428052361769,213.079,-35.78295564339973,-0.16793281197771592,1.167932811977716,1.203030985957557,0.0,nvml_total_energy_counter,nvml_total_energy_counter,0.8384849840261406,nan,-41.044811468706115,nan,9,0,nonpositive incremental power/energy; expected or invalid L2/global traffic; not a pure FP16 candidate; incremental energy fraction is missing or nonpositive; baseline energy fraction 1.168 > 0.99; baseline elapsed_s is below 0.25s; incremental energy is below 0.1 J or missing,baseline NVML-counter/power-trace ratio is missing,,,,,,,,,,,,,,,,,,,,,,,,,,,,,,,,,,,,,,,,,
pair,launch_shape_tensor_mma_f16acc_t064_b08,2,NVIDIA GeForce RTX 3090,ampere,ga102,82,tensor_mma_f16acc,tensor_baseline_mov,64,512.0,8,8,strict_nvml_counter,structural_baseline,False,False,False,False,False,True,False,True,True,fp16-energy-bench-v2,fp16-energy-bench-v2,True,logical_m16n16k16_input_bits_8192,True,bench_json_metadata,False,False,False,False,False,False,missing NCU validation row,missing NCU validation row,missing NCU validation row for tensor activity,,,,,,,,,,,,,True,True,True,159.50610127055614,1.0781184082,0.0721090545654,162.47808,1005.2694351204144,98.17084327347796,100.0,20992000000.0,8192.0,8192.0,-0.08425628567149122,-19.695597424022452,230.775,-14.489255516700212,-0.06278520427559403,1.062785204275594,1.094782750381363,0.0,nvml_total_energy_counter,nvml_total_energy_counter,0.890093369904764,nan,-28.495552733913627,nan,8,0,nonpositive incremental power/energy; expected or invalid L2/global traffic; not a pure FP16 candidate; incremental energy fraction is missing or nonpositive; baseline energy fraction 1.063 > 0.99; baseline elapsed_s is below 0.25s; incremental energy is below 0.1 J or missing,baseline NVML-counter/power-trace ratio is missing,,,,,,,,,,,,,,,,,,,,,,,,,,,,,,,,,,,,,,,,,
pair,launch_shape_tensor_mma_f16acc_t064_b08,3,NVIDIA GeForce RTX 3090,ampere,ga102,82,tensor_mma_f16acc,tensor_baseline_mov,64,512.0,8,8,mixed_or_unavailable,structural_baseline,False,False,False,False,False,False,True,True,True,fp16-energy-bench-v2,fp16-energy-bench-v2,True,logical_m16n16k16_input_bits_8192,True,bench_json_metadata,False,False,False,False,False,False,missing NCU validation row,missing NCU validation row,missing NCU validation row for tensor activity,,,,,,,,,,,,,True,True,True,159.5400434767585,1.07788903809,0.0708433914185,162.47808,1005.4833520940222,98.19173360293186,100.0,20992000000.0,8192.0,8192.0,nan,nan,235.109,nan,nan,nan,nan,0.0,nvml_total_energy_counter,unavailable,0.9042774922699163,nan,-24.88751877857723,nan,9,0,nonpositive incremental power/energy; expected or invalid L2/global traffic; not a pure FP16 candidate; test/baseline energy source mismatch; test/baseline energy sources differ; incremental energy fraction is missing or nonpositive; baseline energy fraction is missing or invalid; baseline elapsed_s is below 0.25s; incremental energy is below 0.1 J or missing,,,,,,,,,,,,,,,,,,,,,,,,,,,,,,,,,,,,,,,,,,
pair,launch_shape_tensor_mma_f16acc_t064_b08,4,NVIDIA GeForce RTX 3090,ampere,ga102,82,tensor_mma_f16acc,tensor_baseline_mov,64,512.0,8,8,mixed_or_unavailable,structural_baseline,False,False,False,False,False,False,True,True,True,fp16-energy-bench-v2,fp16-energy-bench-v2,True,logical_m16n16k16_input_bits_8192,True,bench_json_metadata,False,False,False,False,False,False,missing NCU validation row,missing NCU validation row,missing NCU validation row for tensor activity,,,,,,,,,,,,,True,True,True,159.51265736704187,1.07807409668,0.0716836776733,162.47808,1005.3107541882011,98.17487833869151,100.0,20992000000.0,8192.0,8192.0,nan,nan,234.883,nan,nan,nan,nan,0.0,nvml_total_energy_counter,unavailable,0.9007177847641237,nan,-25.89013446354366,nan,9,0,nonpositive incremental power/energy; expected or invalid L2/global traffic; not a pure FP16 candidate; test/baseline energy source mismatch; test/baseline energy sources differ; incremental energy fraction is missing or nonpositive; baseline energy fraction is missing or invalid; baseline elapsed_s is below 0.25s; incremental energy is below 0.1 J or missing,,,,,,,,,,,,,,,,,,,,,,,,,,,,,,,,,,,,,,,,,,
pair,launch_shape_tensor_mma_f16acc_t064_b08,5,NVIDIA GeForce RTX 3090,ampere,ga102,82,tensor_mma_f16acc,tensor_baseline_mov,64,512.0,8,8,strict_nvml_counter,structural_baseline,False,False,True,True,True,True,False,True,True,fp16-energy-bench-v2,fp16-energy-bench-v2,True,logical_m16n16k16_input_bits_8192,True,bench_json_metadata,True,False,False,False,False,False,missing NCU validation row,missing NCU validation row,missing NCU validation row for tensor activity,,,,,,,,,,,,,True,True,True,159.33826466016373,1.07925402832,0.0708392944336,162.47808,1004.211663579528,98.06754527143829,100.0,20992000000.0,8192.0,8192.0,0.08347930804819828,4.389713697402328,232.525,14.355641422215399,0.06173805578847607,0.938261944211524,0.9787462182553723,0.0,nvml_total_energy_counter,nvml_total_energy_counter,0.8765337741565168,nan,-32.75285563512077,nan,9,0,baseline elapsed_s is below 0.25s,baseline NVML-counter/power-trace ratio is missing,,,,,,,,,,,,,,,,,,,,,,,,,,,,,,,,,,,,,,,,,
pair,launch_shape_tensor_mma_f16acc_t064_b08,6,NVIDIA GeForce RTX 3090,ampere,ga102,82,tensor_mma_f16acc,tensor_baseline_mov,64,512.0,8,8,mixed_or_unavailable,structural_baseline,False,False,False,False,False,False,True,True,True,fp16-energy-bench-v2,fp16-energy-bench-v2,True,logical_m16n16k16_input_bits_8192,True,bench_json_metadata,False,False,False,False,False,False,missing NCU validation row,missing NCU validation row,missing NCU validation row for tensor activity,,,,,,,,,,,,,True,True,True,159.52716216306672,1.0779760742200002,0.0726712341309,162.47808,1005.4021690493901,98.1838055712295,100.0,20992000000.0,8192.0,8192.0,nan,nan,238.696,nan,nan,nan,nan,0.0,nvml_total_energy_counter,unavailable,0.9072544850505733,nan,-24.40107356993039,nan,8,0,nonpositive incremental power/energy; expected or invalid L2/global traffic; not a pure FP16 candidate; test/baseline energy source mismatch; test/baseline energy sources differ; incremental energy fraction is missing or nonpositive; baseline energy fraction is missing or invalid; baseline elapsed_s is below 0.25s; incremental energy is below 0.1 J or missing,,,,,,,,,,,,,,,,,,,,,,,,,,,,,,,,,,,,,,,,,,
pair,launch_shape_tensor_mma_f16acc_t064_b08,7,NVIDIA GeForce RTX 3090,ampere,ga102,82,tensor_mma_f16acc,tensor_baseline_mov,64,512.0,8,8,mixed_or_unavailable,structural_baseline,False,False,False,False,False,False,True,True,True,fp16-energy-bench-v2,fp16-energy-bench-v2,True,logical_m16n16k16_input_bits_8192,True,bench_json_metadata,False,False,False,False,False,False,missing NCU validation row,missing NCU validation row,missing NCU validation row for tensor activity,,,,,,,,,,,,,True,True,True,159.50079176759994,1.07815429688,0.0715694046021,162.47808,1005.2359725694835,98.16757544623862,100.0,20992000000.0,8192.0,8192.0,nan,nan,234.623,nan,nan,nan,nan,0.0,nvml_total_energy_counter,unavailable,0.8938522192562991,nan,-27.862224006279803,nan,9,0,nonpositive incremental power/energy; expected or invalid L2/global traffic; not a pure FP16 candidate; test/baseline energy source mismatch; test/baseline energy sources differ; incremental energy fraction is missing or nonpositive; baseline energy fraction is missing or invalid; baseline elapsed_s is below 0.25s; incremental energy is below 0.1 J or missing,,,,,,,,,,,,,,,,,,,,,,,,,,,,,,,,,,,,,,,,,,
pair,launch_shape_tensor_mma_f16acc_t064_b08,8,NVIDIA GeForce RTX 3090,ampere,ga102,82,tensor_mma_f16acc,tensor_baseline_mov,64,512.0,8,8,strict_nvml_counter,structural_baseline,False,False,False,False,False,True,False,True,True,fp16-energy-bench-v2,fp16-energy-bench-v2,True,logical_m16n16k16_input_bits_8192,True,bench_json_metadata,False,False,False,False,False,False,missing NCU validation row,missing NCU validation row,missing NCU validation row for tensor activity,,,,,,,,,,,,,True,True,True,159.53411745295176,1.07792907715,0.0708419876099,162.47808,1005.4460039891079,98.18808632706131,100.0,20992000000.0,8192.0,8192.0,-0.13203317935562647,-27.446000082647373,235.699,-22.705278984464883,-0.09633167295773373,1.0963316729577337,1.1292933933892655,0.0,nvml_total_energy_counter,nvml_total_energy_counter,0.8946836155506994,nan,-27.74496600458764,nan,8,0,nonpositive incremental power/energy; expected or invalid L2/global traffic; not a pure FP16 candidate; incremental energy fraction is missing or nonpositive; baseline energy fraction 1.096 > 0.99; baseline elapsed_s is below 0.25s; incremental energy is below 0.1 J or missing,baseline NVML-counter/power-trace ratio is missing,,,,,,,,,,,,,,,,,,,,,,,,,,,,,,,,,,,,,,,,,
pair,launch_shape_tensor_mma_f16acc_t064_b08,9,NVIDIA GeForce RTX 3090,ampere,ga102,82,tensor_mma_f16acc,tensor_baseline_mov,64,512.0,8,8,strict_nvml_counter,structural_baseline,False,False,False,False,False,True,False,True,True,fp16-energy-bench-v2,fp16-energy-bench-v2,True,logical_m16n16k16_input_bits_8192,True,bench_json_metadata,False,False,False,False,False,False,missing NCU validation row,missing NCU validation row,missing NCU validation row for tensor activity,,,,,,,,,,,,,True,True,True,159.04657056294474,1.08123339844,0.0708433914185,162.47808,1002.3732940249874,97.88801699462766,100.0,20992000000.0,8192.0,8192.0,-0.3186317588200654,-56.98883729675609,232.328,-54.793976882387454,-0.23584749527559076,1.2358474952755907,1.2732470578846584,0.0,nvml_total_energy_counter,nvml_total_energy_counter,0.8800074748558614,nan,-31.67884839416118,nan,9,0,nonpositive incremental power/energy; expected or invalid L2/global traffic; not a pure FP16 candidate; incremental energy fraction is missing or nonpositive; baseline energy fraction 1.236 > 0.99; baseline elapsed_s is below 0.25s; incremental energy is below 0.1 J or missing,baseline NVML-counter/power-trace ratio is missing,,,,,,,,,,,,,,,,,,,,,,,,,,,,,,,,,,,,,,,,,
pair,launch_shape_tensor_mma_f16acc_t128_b01,0,NVIDIA GeForce RTX 3090,ampere,ga102,82,tensor_mma_f16acc,tensor_baseline_mov,128,128.0,1,8,strict_nvml_counter,structural_baseline,False,False,False,False,False,True,False,True,True,fp16-energy-bench-v2,fp16-energy-bench-v2,True,logical_m16n16k16_input_bits_8192,True,bench_json_metadata,False,False,False,False,False,False,missing NCU validation row,missing NCU validation row,missing NCU validation row for tensor activity,,,,,,,,,,,,,True,False,True,155.75609860336152,0.276018829346,0.0636313591003,163.7376,974.0844190329051,95.12543154618214,nan,5248000000.0,8192.0,8192.0,-0.03761795368113932,-12.171325963090084,58.001,-1.6172566193653282,-0.027883254070883746,1.0278832540708838,1.059715433651978,0.0,nvml_total_energy_counter,nvml_total_energy_counter,1.273450467849271,nan,12.454666267869989,nan,2,0,nonpositive incremental power/energy; expected or invalid L2/global traffic; not a pure FP16 candidate; incremental energy fraction is missing or nonpositive; baseline energy fraction 1.028 > 0.99; baseline elapsed_s is below 0.25s; incremental energy is below 0.1 J or missing,test elapsed_s 0.276s < warning threshold 1s; baseline NVML-counter/power-trace ratio is missing; SM utilization samples missing or sparse,,,,,,,,,,,,,,,,,,,,,,,,,,,,,,,,,,,,,,,,,
pair,launch_shape_tensor_mma_f16acc_t128_b01,1,NVIDIA GeForce RTX 3090,ampere,ga102,82,tensor_mma_f16acc,tensor_baseline_mov,128,128.0,1,8,strict_nvml_counter,structural_baseline,False,False,True,True,True,True,False,True,True,fp16-energy-bench-v2,fp16-energy-bench-v2,True,logical_m16n16k16_input_bits_8192,True,bench_json_metadata,True,False,False,False,False,False,missing NCU validation row,missing NCU validation row,missing NCU validation row for tensor activity,,,,,,,,,,,,,True,False,True,154.5723058172373,0.278132720947,0.0641429443359,162.47808,974.1747388746284,95.13425184322543,nan,5248000000.0,8192.0,8192.0,0.26400500278305217,34.10605278214166,60.589,11.350001701727912,0.18732776084318792,0.8126722391568121,0.8384672960412114,0.0,nvml_total_energy_counter,nvml_total_energy_counter,1.2434823437804174,nan,11.863740407010383,nan,3,0,baseline elapsed_s is below 0.25s,test elapsed_s 0.2781s < warning threshold 1s; baseline NVML-counter/power-trace ratio is missing; SM utilization samples missing or sparse,,,,,,,,,,,,,,,,,,,,,,,,,,,,,,,,,,,,,,,,,
pair,launch_shape_tensor_mma_f16acc_t128_b01,2,NVIDIA GeForce RTX 3090,ampere,ga102,82,tensor_mma_f16acc,tensor_baseline_mov,128,128.0,1,8,mixed_or_unavailable,structural_baseline,False,False,False,False,False,False,True,True,True,fp16-energy-bench-v2,fp16-energy-bench-v2,True,logical_m16n16k16_input_bits_8192,True,bench_json_metadata,False,False,False,False,False,False,missing NCU validation row,missing NCU validation row,missing NCU validation row for tensor activity,,,,,,,,,,,,,True,False,True,153.46394285473073,0.28014147949199997,0.06459391784669999,162.47808,967.189404769211,94.45209030949327,nan,5248000000.0,8192.0,8192.0,nan,nan,38.509,nan,nan,nan,nan,0.0,nvml_total_energy_counter,unavailable,0.7918932329261834,nan,-10.120030276849995,nan,2,0,nonpositive incremental power/energy; expected or invalid L2/global traffic; not a pure FP16 candidate; test/baseline energy source mismatch; test/baseline energy sources differ; incremental energy fraction is missing or nonpositive; baseline energy fraction is missing or invalid; baseline elapsed_s is below 0.25s; incremental energy is below 0.1 J or missing,test elapsed_s 0.2801s < warning threshold 1s; SM utilization samples missing or sparse,,,,,,,,,,,,,,,,,,,,,,,,,,,,,,,,,,,,,,,,,
pair,launch_shape_tensor_mma_f16acc_t128_b01,3,NVIDIA GeForce RTX 3090,ampere,ga102,82,tensor_mma_f16acc,tensor_baseline_mov,128,128.0,1,8,strict_nvml_counter,structural_baseline,False,False,False,False,False,True,False,True,True,fp16-energy-bench-v2,fp16-energy-bench-v2,True,logical_m16n16k16_input_bits_8192,True,bench_json_metadata,False,False,False,False,False,False,missing NCU validation row,missing NCU validation row,missing NCU validation row for tensor activity,,,,,,,,,,,,,True,False,True,153.52942094798843,0.280022003174,0.0654691162109,162.47808,967.602073158054,94.49238995684121,nan,5248000000.0,8192.0,8192.0,-0.01066003993555968,-8.340445576950458,62.004,-0.4582923434542465,-0.007391335130866501,1.0073913351308665,1.038843059945997,0.0,nvml_total_energy_counter,nvml_total_energy_counter,1.2176030155486952,nan,11.080998653737076,nan,3,0,nonpositive incremental power/energy; expected or invalid L2/global traffic; not a pure FP16 candidate; incremental energy fraction is missing or nonpositive; baseline energy fraction 1.007 > 0.99; baseline elapsed_s is below 0.25s; incremental energy is below 0.1 J or missing,test elapsed_s 0.28s < warning threshold 1s; baseline NVML-counter/power-trace ratio is missing; SM utilization samples missing or sparse,,,,,,,,,,,,,,,,,,,,,,,,,,,,,,,,,,,,,,,,,
pair,launch_shape_tensor_mma_f16acc_t128_b01,4,NVIDIA GeForce RTX 3090,ampere,ga102,82,tensor_mma_f16acc,tensor_baseline_mov,128,128.0,1,8,strict_nvml_counter,structural_baseline,False,False,True,True,True,True,False,True,True,fp16-energy-bench-v2,fp16-energy-bench-v2,True,logical_m16n16k16_input_bits_8192,True,bench_json_metadata,True,False,False,False,False,False,missing NCU validation row,missing NCU validation row,missing NCU validation row for tensor activity,,,,,,,,,,,,,True,False,True,154.01038023242165,0.27914752197299997,0.0645945587158,162.47808,970.6332654718702,94.78840483123733,nan,5248000000.0,8192.0,8192.0,0.32680815798921536,43.26092673636751,62.832,14.05001083393968,0.22361234456868603,0.7763876554313139,0.8015684572239191,0.0,nvml_total_energy_counter,nvml_total_energy_counter,1.2754599234075938,nan,13.569770080509997,nan,2,0,baseline elapsed_s is below 0.25s,test elapsed_s 0.2791s < warning threshold 1s; baseline NVML-counter/power-trace ratio is missing; SM utilization samples missing or sparse,,,,,,,,,,,,,,,,,,,,,,,,,,,,,,,,,,,,,,,,,
pair,launch_shape_tensor_mma_f16acc_t128_b01,5,NVIDIA GeForce RTX 3090,ampere,ga102,82,tensor_mma_f16acc,tensor_baseline_mov,128,128.0,1,8,strict_nvml_counter,structural_baseline,False,False,False,False,False,True,False,True,True,fp16-energy-bench-v2,fp16-energy-bench-v2,True,logical_m16n16k16_input_bits_8192,True,bench_json_metadata,False,False,False,False,False,False,missing NCU validation row,missing NCU validation row,missing NCU validation row for tensor activity,,,,,,,,,,,,,True,False,True,154.0861168845714,0.279010314941,0.0650424346924,162.47808,971.110587285381,94.83501828958798,nan,5248000000.0,8192.0,8192.0,-0.356862883320095,-59.3709047171225,38.906,-15.34211204435033,-0.3943379438737041,1.394337943873704,1.4395904586502086,0.0,nvml_total_energy_counter,nvml_total_energy_counter,0.7925334304449442,nan,-10.184673661750004,nan,2,0,nonpositive incremental power/energy; expected or invalid L2/global traffic; not a pure FP16 candidate; incremental energy fraction is missing or nonpositive; baseline energy fraction 1.394 > 0.99; baseline elapsed_s is below 0.25s; incremental energy is below 0.1 J or missing,test elapsed_s 0.279s < warning threshold 1s; baseline NVML-counter/power-trace ratio is missing; SM utilization samples missing or sparse,,,,,,,,,,,,,,,,,,,,,,,,,,,,,,,,,,,,,,,,,
pair,launch_shape_tensor_mma_f16acc_t128_b01,6,NVIDIA GeForce RTX 3090,ampere,ga102,82,tensor_mma_f16acc,tensor_baseline_mov,128,128.0,1,8,strict_nvml_counter,structural_baseline,False,False,True,True,True,True,False,True,True,fp16-energy-bench-v2,fp16-energy-bench-v2,True,logical_m16n16k16_input_bits_8192,True,bench_json_metadata,True,False,False,False,False,False,missing NCU validation row,missing NCU validation row,missing NCU validation row for tensor activity,,,,,,,,,,,,,True,False,True,154.3134532686244,0.278599273682,0.06459391784669999,162.47808,972.5433495218023,94.97493647673852,nan,5248000000.0,8192.0,8192.0,0.07650303502368576,3.3147962838971523,62.353,3.288989104572849,0.0527478887074054,0.9472521112925946,0.9846051315378749,0.0,nvml_total_energy_counter,nvml_total_energy_counter,1.2190652438867084,nan,11.204794181907907,nan,3,0,baseline elapsed_s is below 0.25s,test elapsed_s 0.2786s < warning threshold 1s; baseline NVML-counter/power-trace ratio is missing; SM utilization samples missing or sparse,,,,,,,,,,,,,,,,,,,,,,,,,,,,,,,,,,,,,,,,,
pair,launch_shape_tensor_mma_f16acc_t128_b01,7,NVIDIA GeForce RTX 3090,ampere,ga102,82,tensor_mma_f16acc,tensor_baseline_mov,128,128.0,1,8,strict_nvml_counter,structural_baseline,False,False,True,True,True,True,False,True,True,fp16-energy-bench-v2,fp16-energy-bench-v2,True,logical_m16n16k16_input_bits_8192,True,bench_json_metadata,True,False,False,False,False,False,missing NCU validation row,missing NCU validation row,missing NCU validation row for tensor activity,,,,,,,,,,,,,True,False,True,153.77346055782283,0.279577606201,0.0645935974121,162.47808,969.1401056143118,94.64258843889762,nan,5248000000.0,8192.0,8192.0,0.36406615750786175,48.74588637777032,64.588,15.651792442173509,0.24233282408765577,0.7576671759123442,0.7821725470683429,0.0,nvml_total_energy_counter,nvml_total_energy_counter,1.2474167527728617,nan,12.810596933680408,nan,3,0,baseline elapsed_s is below 0.25s,test elapsed_s 0.2796s < warning threshold 1s; baseline NVML-counter/power-trace ratio is missing; SM utilization samples missing or sparse,,,,,,,,,,,,,,,,,,,,,,,,,,,,,,,,,,,,,,,,,
pair,launch_shape_tensor_mma_f16acc_t128_b01,8,NVIDIA GeForce RTX 3090,ampere,ga102,82,tensor_mma_f16acc,tensor_baseline_mov,128,128.0,1,8,strict_nvml_counter,structural_baseline,False,False,False,False,False,True,False,True,True,fp16-energy-bench-v2,fp16-energy-bench-v2,True,logical_m16n16k16_input_bits_8192,True,bench_json_metadata,False,False,False,False,False,False,missing NCU validation row,missing NCU validation row,missing NCU validation row for tensor activity,,,,,,,,,,,,,True,False,True,153.22403362064762,0.28058010864300004,0.06459391784669999,162.47808,965.6774035460239,94.3044339400414,nan,5248000000.0,8192.0,8192.0,-0.23940306005721865,-41.274406944172085,40.903,-10.292324427204882,-0.2516276172213501,1.25162761722135,1.2923364901932393,0.0,nvml_total_energy_counter,nvml_total_energy_counter,0.7956268758371792,nan,-10.506776670704852,nan,3,0,nonpositive incremental power/energy; expected or invalid L2/global traffic; not a pure FP16 candidate; incremental energy fraction is missing or nonpositive; baseline energy fraction 1.252 > 0.99; baseline elapsed_s is below 0.25s; incremental energy is below 0.1 J or missing,test elapsed_s 0.2806s < warning threshold 1s; baseline NVML-counter/power-trace ratio is missing; SM utilization samples missing or sparse,,,,,,,,,,,,,,,,,,,,,,,,,,,,,,,,,,,,,,,,,
pair,launch_shape_tensor_mma_f16acc_t128_b01,9,NVIDIA GeForce RTX 3090,ampere,ga102,82,tensor_mma_f16acc,tensor_baseline_mov,128,128.0,1,8,mixed_or_unavailable,structural_baseline,False,False,False,False,False,False,True,True,True,fp16-energy-bench-v2,fp16-energy-bench-v2,True,logical_m16n16k16_input_bits_8192,True,bench_json_metadata,False,False,False,False,False,False,missing NCU validation row,missing NCU validation row,missing NCU validation row for tensor activity,,,,,,,,,,,,,True,False,True,154.57059286082188,0.27813580322299997,0.0646031341553,162.47808,974.1639431576345,95.13319757398774,nan,5248000000.0,8192.0,8192.0,nan,nan,62.95,nan,nan,nan,nan,0.0,nvml_total_energy_counter,unavailable,1.2281995147261848,nan,11.696112300790077,nan,3,0,nonpositive incremental power/energy; expected or invalid L2/global traffic; not a pure FP16 candidate; test/baseline energy source mismatch; test/baseline energy sources differ; incremental energy fraction is missing or nonpositive; baseline energy fraction is missing or invalid; baseline elapsed_s is below 0.25s; incremental energy is below 0.1 J or missing,test elapsed_s 0.2781s < warning threshold 1s; SM utilization samples missing or sparse,,,,,,,,,,,,,,,,,,,,,,,,,,,,,,,,,,,,,,,,,
pair,launch_shape_tensor_mma_f16acc_t128_b02,0,NVIDIA GeForce RTX 3090,ampere,ga102,82,tensor_mma_f16acc,tensor_baseline_mov,128,256.0,2,8,mixed_or_unavailable,structural_baseline,False,False,False,False,False,False,True,True,True,fp16-energy-bench-v2,fp16-energy-bench-v2,True,logical_m16n16k16_input_bits_8192,True,bench_json_metadata,False,False,False,False,False,False,missing NCU validation row,missing NCU validation row,missing NCU validation row for tensor activity,,,,,,,,,,,,,True,True,True,161.34451192291357,0.532916992188,0.0667913589478,163.7376,1009.0338456717546,98.53846149138231,98.0,10496000000.0,8192.0,8192.0,nan,nan,94.941,nan,nan,nan,nan,0.0,nvml_total_energy_counter,unavailable,0.8895463292995501,nan,-11.788685540671949,nan,4,0,nonpositive incremental power/energy; expected or invalid L2/global traffic; not a pure FP16 candidate; test/baseline energy source mismatch; test/baseline energy sources differ; incremental energy fraction is missing or nonpositive; baseline energy fraction is missing or invalid; baseline elapsed_s is below 0.25s; incremental energy is below 0.1 J or missing,test elapsed_s 0.5329s < warning threshold 1s,,,,,,,,,,,,,,,,,,,,,,,,,,,,,,,,,,,,,,,,,
pair,launch_shape_tensor_mma_f16acc_t128_b02,1,NVIDIA GeForce RTX 3090,ampere,ga102,82,tensor_mma_f16acc,tensor_baseline_mov,128,256.0,2,8,strict_nvml_counter,structural_baseline,False,False,True,True,True,True,False,True,True,fp16-energy-bench-v2,fp16-energy-bench-v2,True,logical_m16n16k16_input_bits_8192,True,bench_json_metadata,True,False,False,False,False,False,missing NCU validation row,missing NCU validation row,missing NCU validation row for tensor activity,,,,,,,,,,,,,True,True,True,160.14525373418613,0.5369077758790001,0.06735974121089999,162.47808,1009.2976223242334,98.56422093010092,96.0,10496000000.0,8192.0,8192.0,0.4651506952029258,67.398734984225,126.624,39.99516014059445,0.3158576584264788,0.6841423415735212,0.7053561416813224,0.0,nvml_total_energy_counter,nvml_total_energy_counter,1.148056171045824,nan,16.329745072863787,nan,4,0,baseline elapsed_s is below 0.25s,test elapsed_s 0.5369s < warning threshold 1s; baseline NVML-counter/power-trace ratio is missing,,,,,,,,,,,,,,,,,,,,,,,,,,,,,,,,,,,,,,,,,
pair,launch_shape_tensor_mma_f16acc_t128_b02,2,NVIDIA GeForce RTX 3090,ampere,ga102,82,tensor_mma_f16acc,tensor_baseline_mov,128,256.0,2,8,strict_nvml_counter,structural_baseline,False,False,True,True,True,True,False,True,True,fp16-energy-bench-v2,fp16-energy-bench-v2,True,logical_m16n16k16_input_bits_8192,True,bench_json_metadata,True,False,False,False,False,False,missing NCU validation row,missing NCU validation row,missing NCU validation row for tensor activity,,,,,,,,,,,,,True,True,True,159.4498457497121,0.5392493896480001,0.06778880310060001,162.47808,1004.9148909668627,98.13621982098267,99.0,10496000000.0,8192.0,8192.0,0.14305849010191557,17.09776995946521,103.521,12.30063134400271,0.11882257072480666,0.8811774292751934,0.9082045832247807,0.0,nvml_total_energy_counter,nvml_total_energy_counter,0.9277034536667239,nan,-8.067460289584915,nan,4,0,baseline elapsed_s is below 0.25s,test elapsed_s 0.5392s < warning threshold 1s; baseline NVML-counter/power-trace ratio is missing,,,,,,,,,,,,,,,,,,,,,,,,,,,,,,,,,,,,,,,,,
pair,launch_shape_tensor_mma_f16acc_t128_b02,3,NVIDIA GeForce RTX 3090,ampere,ga102,82,tensor_mma_f16acc,tensor_baseline_mov,128,256.0,2,8,mixed_or_unavailable,structural_baseline,False,False,False,False,False,False,True,True,True,fp16-energy-bench-v2,fp16-energy-bench-v2,True,logical_m16n16k16_input_bits_8192,True,bench_json_metadata,False,False,False,False,False,False,missing NCU validation row,missing NCU validation row,missing NCU validation row for tensor activity,,,,,,,,,,,,,True,True,True,155.61905464071896,0.5525238037110001,0.0677181472778,162.47808,980.771756732331,95.7784918683917,98.0,10496000000.0,8192.0,8192.0,nan,nan,124.466,nan,nan,nan,nan,0.0,nvml_total_energy_counter,unavailable,1.0512291890738812,nan,6.065558598964643,nan,5,0,nonpositive incremental power/energy; expected or invalid L2/global traffic; not a pure FP16 candidate; test/baseline energy source mismatch; test/baseline energy sources differ; incremental energy fraction is missing or nonpositive; baseline energy fraction is missing or invalid; baseline elapsed_s is below 0.25s; incremental energy is below 0.1 J or missing,test elapsed_s 0.5525s < warning threshold 1s,,,,,,,,,,,,,,,,,,,,,,,,,,,,,,,,,,,,,,,,,
pair,launch_shape_tensor_mma_f16acc_t128_b02,4,NVIDIA GeForce RTX 3090,ampere,ga102,82,tensor_mma_f16acc,tensor_baseline_mov,128,256.0,2,8,mixed_or_unavailable,structural_baseline,False,False,False,False,False,False,True,True,True,fp16-energy-bench-v2,fp16-energy-bench-v2,True,logical_m16n16k16_input_bits_8192,True,bench_json_metadata,False,False,False,False,False,False,missing NCU validation row,missing NCU validation row,missing NCU validation row for tensor activity,,,,,,,,,,,,,True,True,True,159.5152582822458,0.5390282592769999,0.0679925765991,162.47808,1005.3271461665457,98.17647911782673,100.0,10496000000.0,8192.0,8192.0,nan,nan,128.537,nan,nan,nan,nan,0.0,nvml_total_energy_counter,unavailable,1.114295689416646,nan,13.184314693201912,nan,5,0,nonpositive incremental power/energy; expected or invalid L2/global traffic; not a pure FP16 candidate; test/baseline energy source mismatch; test/baseline energy sources differ; incremental energy fraction is missing or nonpositive; baseline energy fraction is missing or invalid; baseline elapsed_s is below 0.25s; incremental energy is below 0.1 J or missing,test elapsed_s 0.539s < warning threshold 1s,,,,,,,,,,,,,,,,,,,,,,,,,,,,,,,,,,,,,,,,,
pair,launch_shape_tensor_mma_f16acc_t128_b02,5,NVIDIA GeForce RTX 3090,ampere,ga102,82,tensor_mma_f16acc,tensor_baseline_mov,128,256.0,2,8,mixed_or_unavailable,structural_baseline,False,False,False,False,False,False,True,True,True,fp16-energy-bench-v2,fp16-energy-bench-v2,True,logical_m16n16k16_input_bits_8192,True,bench_json_metadata,False,False,False,False,False,False,missing NCU validation row,missing NCU validation row,missing NCU validation row for tensor activity,,,,,,,,,,,,,True,True,True,159.05862009959537,0.540575744629,0.0687278060913,162.47808,1002.4492348874733,97.8954330944798,99.0,10496000000.0,8192.0,8192.0,nan,nan,126.822,nan,nan,nan,nan,0.0,nvml_total_energy_counter,unavailable,1.0921660294197897,nan,10.702292387986247,nan,5,0,nonpositive incremental power/energy; expected or invalid L2/global traffic; not a pure FP16 candidate; test/baseline energy source mismatch; test/baseline energy sources differ; incremental energy fraction is missing or nonpositive; baseline energy fraction is missing or invalid; baseline elapsed_s is below 0.25s; incremental energy is below 0.1 J or missing,test elapsed_s 0.5406s < warning threshold 1s,,,,,,,,,,,,,,,,,,,,,,,,,,,,,,,,,,,,,,,,,
pair,launch_shape_tensor_mma_f16acc_t128_b02,6,NVIDIA GeForce RTX 3090,ampere,ga102,82,tensor_mma_f16acc,tensor_baseline_mov,128,256.0,2,8,strict_nvml_counter,structural_baseline,False,False,True,True,True,True,False,True,True,fp16-energy-bench-v2,fp16-energy-bench-v2,True,logical_m16n16k16_input_bits_8192,True,bench_json_metadata,True,False,False,False,False,False,missing NCU validation row,missing NCU validation row,missing NCU validation row for tensor activity,,,,,,,,,,,,,True,True,True,159.25742231416783,0.5399009399410001,0.0687257614136,162.47808,1003.7021636992993,98.0177894237597,98.0,10496000000.0,8192.0,8192.0,0.16000585748788268,20.511474212799413,104.909,13.757820765739552,0.13114051955256034,0.8688594804474397,0.891669092670526,0.0,nvml_total_energy_counter,nvml_total_energy_counter,0.923335423277118,nan,-8.710598420317467,nan,4,0,baseline elapsed_s is below 0.25s,test elapsed_s 0.5399s < warning threshold 1s; baseline NVML-counter/power-trace ratio is missing,,,,,,,,,,,,,,,,,,,,,,,,,,,,,,,,,,,,,,,,,
pair,launch_shape_tensor_mma_f16acc_t128_b02,7,NVIDIA GeForce RTX 3090,ampere,ga102,82,tensor_mma_f16acc,tensor_baseline_mov,128,256.0,2,8,strict_nvml_counter,structural_baseline,False,False,True,True,True,True,False,True,True,fp16-energy-bench-v2,fp16-energy-bench-v2,True,logical_m16n16k16_input_bits_8192,True,bench_json_metadata,True,False,False,False,False,False,missing NCU validation row,missing NCU validation row,missing NCU validation row for tensor activity,,,,,,,,,,,,,True,True,True,159.5701682169694,0.538842773438,0.0677191696167,162.47808,1005.6732099134645,98.21027440561176,98.0,10496000000.0,8192.0,8192.0,0.2722256818138697,37.605088784242696,104.606,23.406843955760138,0.22376196351796399,0.776238036482036,0.8002882540139707,0.0,nvml_total_energy_counter,nvml_total_energy_counter,0.9018901039715124,nan,-11.379306346486032,nan,5,0,baseline elapsed_s is below 0.25s,test elapsed_s 0.5388s < warning threshold 1s; baseline NVML-counter/power-trace ratio is missing,,,,,,,,,,,,,,,,,,,,,,,,,,,,,,,,,,,,,,,,,
pair,launch_shape_tensor_mma_f16acc_t128_b02,8,NVIDIA GeForce RTX 3090,ampere,ga102,82,tensor_mma_f16acc,tensor_baseline_mov,128,256.0,2,8,mixed_or_unavailable,structural_baseline,False,False,False,False,False,False,True,True,True,fp16-energy-bench-v2,fp16-energy-bench-v2,True,logical_m16n16k16_input_bits_8192,True,bench_json_metadata,False,False,False,False,False,False,missing NCU validation row,missing NCU validation row,missing NCU validation row for tensor activity,,,,,,,,,,,,,True,True,True,159.50216425861427,0.5390725097660001,0.0677148513794,162.47808,1005.2446225412131,98.16842017004032,99.0,10496000000.0,8192.0,8192.0,nan,nan,109.172,nan,nan,nan,nan,0.0,nvml_total_energy_counter,unavailable,0.951277699646492,nan,-5.591543853251082,nan,4,0,nonpositive incremental power/energy; expected or invalid L2/global traffic; not a pure FP16 candidate; test/baseline energy source mismatch; test/baseline energy sources differ; incremental energy fraction is missing or nonpositive; baseline energy fraction is missing or invalid; baseline elapsed_s is below 0.25s; incremental energy is below 0.1 J or missing,test elapsed_s 0.5391s < warning threshold 1s,,,,,,,,,,,,,,,,,,,,,,,,,,,,,,,,,,,,,,,,,
pair,launch_shape_tensor_mma_f16acc_t128_b02,9,NVIDIA GeForce RTX 3090,ampere,ga102,82,tensor_mma_f16acc,tensor_baseline_mov,128,256.0,2,8,strict_nvml_counter,structural_baseline,False,False,True,True,True,True,False,True,True,fp16-energy-bench-v2,fp16-energy-bench-v2,True,logical_m16n16k16_input_bits_8192,True,bench_json_metadata,True,False,False,False,False,False,missing NCU validation row,missing NCU validation row,missing NCU validation row for tensor activity,,,,,,,,,,,,,True,True,True,159.50196560744078,0.539073181152,0.06774886322019999,162.47808,1005.2433705643208,98.16829790667195,99.0,10496000000.0,8192.0,8192.0,0.05875093358777847,2.350784471652247,125.897,5.051595152894549,0.04012482547554389,0.9598751745244561,0.9896223293299978,0.0,nvml_total_energy_counter,nvml_total_energy_counter,1.1019964550640413,nan,11.652530862679924,nan,4,0,baseline elapsed_s is below 0.25s,incremental energy fraction 0.04012 < warning threshold 0.05; test elapsed_s 0.5391s < warning threshold 1s; baseline NVML-counter/power-trace ratio is missing,,,,,,,,,,,,,,,,,,,,,,,,,,,,,,,,,,,,,,,,,
pair,launch_shape_tensor_mma_f16acc_t128_b04,0,NVIDIA GeForce RTX 3090,ampere,ga102,82,tensor_mma_f16acc,tensor_baseline_mov,128,512.0,4,8,strict_nvml_counter,structural_baseline,False,False,False,False,False,True,False,True,True,fp16-energy-bench-v2,fp16-energy-bench-v2,True,logical_m16n16k16_input_bits_8192,True,bench_json_metadata,False,False,False,False,False,False,missing NCU validation row,missing NCU validation row,missing NCU validation row for tensor activity,,,,,,,,,,,,,True,True,True,160.85301675816777,1.06909069824,0.0697640991211,162.63552,1012.7768470280281,98.90398896758086,100.0,20992000000.0,8192.0,8192.0,-0.3540025992829228,-62.607840928500764,207.22,-60.87657524549317,-0.2937775081820923,1.2937775081820924,1.332732272594597,15.0,nvml_total_energy_counter,nvml_total_energy_counter,0.8394766160555991,nan,-39.62427896711739,nan,8,0,nonpositive incremental power/energy; expected or invalid L2/global traffic; not a pure FP16 candidate; incremental energy fraction is missing or nonpositive; baseline energy fraction 1.294 > 0.99; baseline elapsed_s is below 0.25s; incremental energy is below 0.1 J or missing,baseline NVML-counter/power-trace ratio is missing,,,,,,,,,,,,,,,,,,,,,,,,,,,,,,,,,,,,,,,,,
pair,launch_shape_tensor_mma_f16acc_t128_b04,1,NVIDIA GeForce RTX 3090,ampere,ga102,82,tensor_mma_f16acc,tensor_baseline_mov,128,512.0,4,8,mixed_or_unavailable,structural_baseline,False,False,False,False,False,False,True,True,True,fp16-energy-bench-v2,fp16-energy-bench-v2,True,logical_m16n16k16_input_bits_8192,True,bench_json_metadata,False,False,False,False,False,False,missing NCU validation row,missing NCU validation row,missing NCU validation row for tensor activity,,,,,,,,,,,,,True,True,True,160.07335744950578,1.0742978515600001,0.07115273284910001,162.47808,1008.844503998902,98.51997109364277,100.0,20992000000.0,8192.0,8192.0,nan,nan,231.293,nan,nan,nan,nan,0.0,nvml_total_energy_counter,unavailable,0.908668358214843,nan,-23.247611994451916,nan,9,0,nonpositive incremental power/energy; expected or invalid L2/global traffic; not a pure FP16 candidate; test/baseline energy source mismatch; test/baseline energy sources differ; incremental energy fraction is missing or nonpositive; baseline energy fraction is missing or invalid; baseline elapsed_s is below 0.25s; incremental energy is below 0.1 J or missing,,,,,,,,,,,,,,,,,,,,,,,,,,,,,,,,,,,,,,,,,,
pair,launch_shape_tensor_mma_f16acc_t128_b04,2,NVIDIA GeForce RTX 3090,ampere,ga102,82,tensor_mma_f16acc,tensor_baseline_mov,128,512.0,4,8,strict_nvml_counter,structural_baseline,False,False,False,False,False,True,False,True,True,fp16-energy-bench-v2,fp16-energy-bench-v2,True,logical_m16n16k16_input_bits_8192,True,bench_json_metadata,False,False,False,False,False,False,missing NCU validation row,missing NCU validation row,missing NCU validation row for tensor activity,,,,,,,,,,,,,True,True,True,159.54291631159677,1.07786962891,0.0697967987061,162.47808,1005.5014578155718,98.19350173980193,100.0,20992000000.0,8192.0,8192.0,-0.41957787157047083,-72.5703995419853,208.293,-72.15332294662,-0.3464030137672413,1.3464030137672414,1.3868041581777233,0.0,nvml_total_energy_counter,nvml_total_energy_counter,0.8088881034646871,nan,-49.2123324530607,nan,9,0,nonpositive incremental power/energy; expected or invalid L2/global traffic; not a pure FP16 candidate; incremental energy fraction is missing or nonpositive; baseline energy fraction 1.346 > 0.99; baseline elapsed_s is below 0.25s; incremental energy is below 0.1 J or missing,baseline NVML-counter/power-trace ratio is missing,,,,,,,,,,,,,,,,,,,,,,,,,,,,,,,,,,,,,,,,,
pair,launch_shape_tensor_mma_f16acc_t128_b04,3,NVIDIA GeForce RTX 3090,ampere,ga102,82,tensor_mma_f16acc,tensor_baseline_mov,128,512.0,4,8,mixed_or_unavailable,structural_baseline,False,False,False,False,False,False,True,True,True,fp16-energy-bench-v2,fp16-energy-bench-v2,True,logical_m16n16k16_input_bits_8192,True,bench_json_metadata,False,False,False,False,False,False,missing NCU validation row,missing NCU validation row,missing NCU validation row for tensor activity,,,,,,,,,,,,,True,True,True,159.54746969584463,1.0778388671899999,0.07084236907960001,162.47808,1005.530155012571,98.19630420044638,100.0,20992000000.0,8192.0,8192.0,nan,nan,231.839,nan,nan,nan,nan,0.0,nvml_total_energy_counter,unavailable,0.8940493163733203,nan,-27.47443579618937,nan,9,0,nonpositive incremental power/energy; expected or invalid L2/global traffic; not a pure FP16 candidate; test/baseline energy source mismatch; test/baseline energy sources differ; incremental energy fraction is missing or nonpositive; baseline energy fraction is missing or invalid; baseline elapsed_s is below 0.25s; incremental energy is below 0.1 J or missing,,,,,,,,,,,,,,,,,,,,,,,,,,,,,,,,,,,,,,,,,,
pair,launch_shape_tensor_mma_f16acc_t128_b04,4,NVIDIA GeForce RTX 3090,ampere,ga102,82,tensor_mma_f16acc,tensor_baseline_mov,128,512.0,4,8,strict_nvml_counter,structural_baseline,False,False,True,True,True,True,False,True,True,fp16-energy-bench-v2,fp16-energy-bench-v2,True,logical_m16n16k16_input_bits_8192,True,bench_json_metadata,True,False,False,False,False,False,missing NCU validation row,missing NCU validation row,missing NCU validation row for tensor activity,,,,,,,,,,,,,True,True,True,159.37774293425306,1.07898669434,0.0708290557861,162.47808,1004.460471004305,98.09184287151415,100.0,20992000000.0,8192.0,8192.0,0.040081324942381445,1.618845833798332,237.97,6.8926437227763415,0.028964338877910414,0.9710356611220896,0.9924977124598117,0.0,nvml_total_energy_counter,nvml_total_energy_counter,0.9215880701194873,nan,-20.24731825277027,nan,9,0,baseline elapsed_s is below 0.25s,incremental energy fraction 0.02896 < warning threshold 0.05; baseline NVML-counter/power-trace ratio is missing,,,,,,,,,,,,,,,,,,,,,,,,,,,,,,,,,,,,,,,,,
pair,launch_shape_tensor_mma_f16acc_t128_b04,5,NVIDIA GeForce RTX 3090,ampere,ga102,82,tensor_mma_f16acc,tensor_baseline_mov,128,512.0,4,8,mixed_or_unavailable,structural_baseline,False,False,False,False,False,False,False,True,True,fp16-energy-bench-v2,fp16-energy-bench-v2,True,logical_m16n16k16_input_bits_8192,True,bench_json_metadata,False,False,False,False,False,False,missing NCU validation row,missing NCU validation row,missing NCU validation row for tensor activity,,,,,,,,,,,,,True,False,True,159.4311508415611,1.07862524414,0.0708321304321,162.47808,1004.7970683907549,98.12471371003467,nan,20992000000.0,8192.0,8192.0,nan,nan,231.524,nan,nan,nan,nan,0.0,nvml_total_energy_counter,unavailable,5.105834069922015,nan,186.17900898983655,nan,4,0,nonpositive incremental power/energy; expected or invalid L2/global traffic; not a pure FP16 candidate; test/baseline energy source mismatch; test/baseline energy sources differ; incremental energy fraction is missing or nonpositive; baseline energy fraction is missing or invalid; baseline elapsed_s is below 0.25s; incremental energy is below 0.1 J or missing,"test NVML-counter/power-trace ratio 5.106 outside [0.5, 1.5]; SM utilization samples missing or sparse",,,,,,,,,,,,,,,,,,,,,,,,,,,,,,,,,,,,,,,,,
pair,launch_shape_tensor_mma_f16acc_t128_b04,6,NVIDIA GeForce RTX 3090,ampere,ga102,82,tensor_mma_f16acc,tensor_baseline_mov,128,512.0,4,8,strict_nvml_counter,structural_baseline,False,False,False,False,False,True,False,True,True,fp16-energy-bench-v2,fp16-energy-bench-v2,True,logical_m16n16k16_input_bits_8192,True,bench_json_metadata,False,False,False,False,False,False,missing NCU validation row,missing NCU validation row,missing NCU validation row for tensor activity,,,,,,,,,,,,,True,True,True,159.39346758475335,1.07888024902,0.07149977874760001,162.47808,1004.55957386244,98.10152088500391,100.0,20992000000.0,8192.0,8192.0,-0.10722493560877894,-22.63527390910494,235.424,-18.4390930292694,-0.0783229111274526,1.0783229111274526,1.1064352360777363,0.0,nvml_total_energy_counter,nvml_total_energy_counter,0.9008904366510448,nan,-25.899675357417806,nan,9,0,nonpositive incremental power/energy; expected or invalid L2/global traffic; not a pure FP16 candidate; incremental energy fraction is missing or nonpositive; baseline energy fraction 1.078 > 0.99; baseline elapsed_s is below 0.25s; incremental energy is below 0.1 J or missing,baseline NVML-counter/power-trace ratio is missing,,,,,,,,,,,,,,,,,,,,,,,,,,,,,,,,,,,,,,,,,
pair,launch_shape_tensor_mma_f16acc_t128_b04,7,NVIDIA GeForce RTX 3090,ampere,ga102,82,tensor_mma_f16acc,tensor_baseline_mov,128,512.0,4,8,strict_nvml_counter,structural_baseline,False,False,False,False,False,True,False,True,True,fp16-energy-bench-v2,fp16-energy-bench-v2,True,logical_m16n16k16_input_bits_8192,True,bench_json_metadata,False,False,False,False,False,False,missing NCU validation row,missing NCU validation row,missing NCU validation row for tensor activity,,,,,,,,,,,,,True,True,True,159.40391032180477,1.07880957031,0.0726538238525,162.47808,1004.6253880494409,98.1079480517032,100.0,20992000000.0,8192.0,8192.0,-0.04518422349124952,-13.667986230007756,234.885,-7.770171142375915,-0.03308074650307987,1.0330807465030798,1.0646972632420395,0.0,nvml_total_energy_counter,nvml_total_energy_counter,0.895843694104316,nan,-27.309176892480252,nan,9,0,nonpositive incremental power/energy; expected or invalid L2/global traffic; not a pure FP16 candidate; incremental energy fraction is missing or nonpositive; baseline energy fraction 1.033 > 0.99; baseline elapsed_s is below 0.25s; incremental energy is below 0.1 J or missing,baseline NVML-counter/power-trace ratio is missing,,,,,,,,,,,,,,,,,,,,,,,,,,,,,,,,,,,,,,,,,
pair,launch_shape_tensor_mma_f16acc_t128_b04,8,NVIDIA GeForce RTX 3090,ampere,ga102,82,tensor_mma_f16acc,tensor_baseline_mov,128,512.0,4,8,mixed_or_unavailable,structural_baseline,False,False,False,False,False,False,True,True,True,fp16-energy-bench-v2,fp16-energy-bench-v2,True,logical_m16n16k16_input_bits_8192,True,bench_json_metadata,False,False,False,False,False,False,missing NCU validation row,missing NCU validation row,missing NCU validation row for tensor activity,,,,,,,,,,,,,True,True,True,159.36110199022028,1.07909936523,0.07079936218260001,162.47808,1004.3555933082516,98.08160090900894,100.0,20992000000.0,8192.0,8192.0,nan,nan,237.386,nan,nan,nan,nan,0.0,nvml_total_energy_counter,unavailable,0.90200245311302,nan,-25.79066784688419,nan,8,0,nonpositive incremental power/energy; expected or invalid L2/global traffic; not a pure FP16 candidate; test/baseline energy source mismatch; test/baseline energy sources differ; incremental energy fraction is missing or nonpositive; baseline energy fraction is missing or invalid; baseline elapsed_s is below 0.25s; incremental energy is below 0.1 J or missing,,,,,,,,,,,,,,,,,,,,,,,,,,,,,,,,,,,,,,,,,,
pair,launch_shape_tensor_mma_f16acc_t128_b04,9,NVIDIA GeForce RTX 3090,ampere,ga102,82,tensor_mma_f16acc,tensor_baseline_mov,128,512.0,4,8,strict_nvml_counter,structural_baseline,False,False,True,True,True,True,False,True,True,fp16-energy-bench-v2,fp16-energy-bench-v2,True,logical_m16n16k16_input_bits_8192,True,bench_json_metadata,True,False,False,False,False,False,missing NCU validation row,missing NCU validation row,missing NCU validation row for tensor activity,,,,,,,,,,,,,True,True,True,159.51928625474295,1.07802929688,0.0708198394775,162.47808,1005.352532014514,98.17895820454238,100.0,20992000000.0,8192.0,8192.0,0.1885573490379448,23.65429622344422,234.981,32.42554057526917,0.13799218053914644,0.8620078194608536,0.8881849982005767,0.0,nvml_total_energy_counter,nvml_total_energy_counter,0.8953818814108603,nan,-27.455626068129277,nan,8,0,baseline elapsed_s is below 0.25s,baseline NVML-counter/power-trace ratio is missing,,,,,,,,,,,,,,,,,,,,,,,,,,,,,,,,,,,,,,,,,
pair,launch_shape_tensor_mma_f16acc_t128_b08,0,NVIDIA GeForce RTX 3090,ampere,ga102,82,tensor_mma_f16acc,tensor_baseline_mov,128,1024.0,8,8,strict_nvml_counter,structural_baseline,False,False,True,True,True,True,True,True,True,fp16-energy-bench-v2,fp16-energy-bench-v2,True,logical_m16n16k16_input_bits_8192,True,bench_json_metadata,True,False,False,False,False,False,missing NCU validation row,missing NCU validation row,missing NCU validation row for tensor activity,,,,,,,,,,,,,True,True,True,157.75349424469172,2.1801921386700003,0.128252929688,162.47808,994.2238245710703,97.09217036826858,99.5,41984000000.0,8192.0,8192.0,0.5898497023313227,87.66678691338142,455.629,202.86873520274025,0.44524983089913117,0.5547501691008688,0.5694200447640028,0.0,nvml_total_energy_counter,nvml_total_energy_counter,0.9011286438630294,0.7549316757440315,-49.99137185586915,-4.991081453460001,17,1,baseline elapsed_s is below 0.25s,,,,,,,,,,,,,,,,,,,,,,,,,,,,,,,,,,,,,,,,,,
pair,launch_shape_tensor_mma_f16acc_t128_b08,1,NVIDIA GeForce RTX 3090,ampere,ga102,82,tensor_mma_f16acc,tensor_baseline_mov,128,1024.0,8,8,strict_nvml_counter,structural_baseline,False,False,False,False,False,True,False,True,True,fp16-energy-bench-v2,fp16-energy-bench-v2,True,logical_m16n16k16_input_bits_8192,True,bench_json_metadata,False,False,False,False,False,False,missing NCU validation row,missing NCU validation row,missing NCU validation row for tensor activity,,,,,,,,,,,,,True,True,True,159.54376553493222,2.1557277832,0.12970803833,162.47808,1005.5068099510444,98.19402440928168,100.0,41984000000.0,8192.0,8192.0,-0.3318348752503588,-58.8923169680977,445.109,-114.12894025737063,-0.2564067234258814,1.2564067234258813,1.2936873704207523,0.0,nvml_total_energy_counter,nvml_total_energy_counter,0.8641224799826157,1.6544614419011088,-69.99043359991589,13.782183446399998,17,1,nonpositive incremental power/energy; expected or invalid L2/global traffic; not a pure FP16 candidate; incremental energy fraction is missing or nonpositive; baseline energy fraction 1.256 > 0.99; baseline elapsed_s is below 0.25s; incremental energy is below 0.1 J or missing,"baseline NVML-counter/power-trace ratio 1.654 outside [0.5, 1.5]",,,,,,,,,,,,,,,,,,,,,,,,,,,,,,,,,,,,,,,,,
pair,launch_shape_tensor_mma_f16acc_t128_b08,2,NVIDIA GeForce RTX 3090,ampere,ga102,82,tensor_mma_f16acc,tensor_baseline_mov,128,1024.0,8,8,strict_nvml_counter,structural_baseline,False,False,True,True,True,True,True,True,True,fp16-energy-bench-v2,fp16-energy-bench-v2,True,logical_m16n16k16_input_bits_8192,True,bench_json_metadata,True,False,False,False,False,False,missing NCU validation row,missing NCU validation row,missing NCU validation row for tensor activity,,,,,,,,,,,,,True,True,True,159.46285898292143,2.1568215332,0.127564796448,162.47808,1004.9969054195591,98.14422904487881,100.0,41984000000.0,8192.0,8192.0,0.36568826511021874,52.07783262873289,471.638,125.77223575459777,0.26667112436783674,0.7333288756321633,0.7548549857820476,0.0,nvml_total_energy_counter,nvml_total_energy_counter,0.9050656430234325,1.0061426105802969,-49.4711633358898,0.12939168589999994,16,1,baseline elapsed_s is below 0.25s,,,,,,,,,,,,,,,,,,,,,,,,,,,,,,,,,,,,,,,,,,
pair,launch_shape_tensor_mma_f16acc_t128_b08,3,NVIDIA GeForce RTX 3090,ampere,ga102,82,tensor_mma_f16acc,tensor_baseline_mov,128,1024.0,8,8,strict_nvml_counter,structural_baseline,False,False,True,True,True,True,True,True,True,fp16-energy-bench-v2,fp16-energy-bench-v2,True,logical_m16n16k16_input_bits_8192,True,bench_json_metadata,True,False,False,False,False,False,missing NCU validation row,missing NCU validation row,missing NCU validation row for tensor activity,,,,,,,,,,,,,True,True,True,159.5056497682369,2.15624291992,0.127963996887,162.47808,1005.2665895773423,98.17056538841233,100.0,41984000000.0,8192.0,8192.0,0.33625810244492393,47.634110105790626,448.281,115.65023373760664,0.25798602603636256,0.7420139739636374,0.7640686274232377,0.0,nvml_total_energy_counter,nvml_total_energy_counter,0.8555752780370155,0.9606080721230627,-75.67172690500257,-0.8374097433900012,16,1,baseline elapsed_s is below 0.25s,,,,,,,,,,,,,,,,,,,,,,,,,,,,,,,,,,,,,,,,,,
pair,launch_shape_tensor_mma_f16acc_t128_b08,4,NVIDIA GeForce RTX 3090,ampere,ga102,82,tensor_mma_f16acc,tensor_baseline_mov,128,1024.0,8,8,strict_nvml_counter,structural_baseline,False,False,False,False,False,True,False,True,True,fp16-energy-bench-v2,fp16-energy-bench-v2,True,logical_m16n16k16_input_bits_8192,True,bench_json_metadata,False,False,False,False,False,False,missing NCU validation row,missing NCU validation row,missing NCU validation row for tensor activity,,,,,,,,,,,,,True,True,True,157.92046780224524,2.17788696289,0.129058822632,162.47808,995.2761568175789,97.19493718921667,99.5,41984000000.0,8192.0,8192.0,-0.49719639494506485,-83.62602087664277,474.312,-171.00221190450054,-0.3605268513225483,1.3605268513225484,1.393206930722044,0.0,nvml_total_energy_counter,nvml_total_energy_counter,0.9017289440899589,1.8301599438923644,-51.690856078535035,17.7792926074,16,1,nonpositive incremental power/energy; expected or invalid L2/global traffic; not a pure FP16 candidate; incremental energy fraction is missing or nonpositive; baseline energy fraction 1.361 > 0.99; baseline elapsed_s is below 0.25s; incremental energy is below 0.1 J or missing,"baseline NVML-counter/power-trace ratio 1.83 outside [0.5, 1.5]",,,,,,,,,,,,,,,,,,,,,,,,,,,,,,,,,,,,,,,,,
pair,launch_shape_tensor_mma_f16acc_t128_b08,5,NVIDIA GeForce RTX 3090,ampere,ga102,82,tensor_mma_f16acc,tensor_baseline_mov,128,1024.0,8,8,strict_nvml_counter,structural_baseline,False,False,True,True,True,True,True,True,True,fp16-energy-bench-v2,fp16-energy-bench-v2,True,logical_m16n16k16_input_bits_8192,True,bench_json_metadata,True,False,False,False,False,False,missing NCU validation row,missing NCU validation row,missing NCU validation row for tensor activity,,,,,,,,,,,,,True,True,True,159.39795833471746,2.15769970703,0.130836486816,162.47808,1004.587876313843,98.10428479627372,100.0,41984000000.0,8192.0,8192.0,0.6189270412967885,95.43523554063576,479.1,212.86938953158142,0.44431097794110086,0.5556890220588991,0.5638672865274991,0.0,nvml_total_energy_counter,nvml_total_energy_counter,0.9226306324144785,0.7456267377500058,-40.17606039506745,-5.604471702359998,16,1,baseline elapsed_s is below 0.25s,,,,,,,,,,,,,,,,,,,,,,,,,,,,,,,,,,,,,,,,,,
pair,launch_shape_tensor_mma_f16acc_t128_b08,6,NVIDIA GeForce RTX 3090,ampere,ga102,82,tensor_mma_f16acc,tensor_baseline_mov,128,1024.0,8,8,strict_nvml_counter,structural_baseline,False,False,False,False,False,True,False,True,True,fp16-energy-bench-v2,fp16-energy-bench-v2,True,logical_m16n16k16_input_bits_8192,True,bench_json_metadata,False,False,False,False,False,False,missing NCU validation row,missing NCU validation row,missing NCU validation row for tensor activity,,,,,,,,,,,,,True,True,True,159.24541464414588,2.15976660156,0.12928102111800002,162.47808,1003.626486696577,98.0103990914626,100.0,41984000000.0,8192.0,8192.0,nan,nan,454.5,nan,nan,nan,nan,0.0,nvml_total_energy_counter,nvml_total_energy_counter,0.8605293939018477,nan,-73.66324836875992,nan,16,0,nonpositive incremental power/energy; expected or invalid L2/global traffic; not a pure FP16 candidate; incremental energy fraction is missing or nonpositive; baseline energy fraction is missing or invalid; baseline elapsed_s is below 0.25s; incremental energy is below 0.1 J or missing,baseline NVML-counter/power-trace ratio is missing,,,,,,,,,,,,,,,,,,,,,,,,,,,,,,,,,,,,,,,,,
pair,launch_shape_tensor_mma_f16acc_t128_b08,7,NVIDIA GeForce RTX 3090,ampere,ga102,82,tensor_mma_f16acc,tensor_baseline_mov,128,1024.0,8,8,strict_nvml_counter,structural_baseline,False,False,True,True,True,True,True,True,True,fp16-energy-bench-v2,fp16-energy-bench-v2,True,logical_m16n16k16_input_bits_8192,True,bench_json_metadata,True,False,False,False,False,False,missing NCU validation row,missing NCU validation row,missing NCU validation row for tensor activity,,,,,,,,,,,,,True,True,True,159.4485463477049,2.15701513672,0.12811776733400002,162.47808,1004.9067016304589,98.13542008109948,100.0,41984000000.0,8192.0,8192.0,0.47701278143044523,69.56495864292978,477.643,164.06040261079704,0.3434791310891127,0.6565208689108873,0.6763562228159891,0.0,nvml_total_energy_counter,nvml_total_energy_counter,0.9036547741444033,0.8851560129752506,-50.925003696147144,-2.4996545485600024,16,1,baseline elapsed_s is below 0.25s,,,,,,,,,,,,,,,,,,,,,,,,,,,,,,,,,,,,,,,,,,
pair,launch_shape_tensor_mma_f16acc_t128_b08,8,NVIDIA GeForce RTX 3090,ampere,ga102,82,tensor_mma_f16acc,tensor_baseline_mov,128,1024.0,8,8,strict_nvml_counter,structural_baseline,False,False,True,True,True,True,False,True,True,fp16-energy-bench-v2,fp16-energy-bench-v2,True,logical_m16n16k16_input_bits_8192,True,bench_json_metadata,True,False,False,False,False,False,missing NCU validation row,missing NCU validation row,missing NCU validation row for tensor activity,,,,,,,,,,,,,True,True,True,159.5392846324745,2.15578833008,0.127836158752,162.47808,1005.4785695624536,98.19126655883336,100.0,41984000000.0,8192.0,8192.0,0.5244814623524343,231.68750807888676,480.772,180.3864450285945,0.37520164449800425,0.6247983555019958,0.3755501149262978,0.0,nvml_total_energy_counter,nvml_total_energy_counter,1.558246173248818,0.8473551232478175,172.23795175162275,-3.3148066259999993,11,1,baseline elapsed_s is below 0.25s,"test NVML-counter/power-trace ratio 1.558 outside [0.5, 1.5]",,,,,,,,,,,,,,,,,,,,,,,,,,,,,,,,,,,,,,,,,
pair,launch_shape_tensor_mma_f16acc_t128_b08,9,NVIDIA GeForce RTX 3090,ampere,ga102,82,tensor_mma_f16acc,tensor_baseline_mov,128,1024.0,8,8,strict_nvml_counter,structural_baseline,False,False,True,True,True,True,False,True,True,fp16-energy-bench-v2,fp16-energy-bench-v2,True,logical_m16n16k16_input_bits_8192,True,bench_json_metadata,True,False,False,False,False,False,missing NCU validation row,missing NCU validation row,missing NCU validation row for tensor activity,,,,,,,,,,,,,True,True,True,159.13649225440784,2.1612448730500002,0.129839172363,162.0905353846154,1005.3379593191247,98.17753508975827,100.0,41984000000.0,8192.0,8192.0,0.35136504049513745,202.54354156751032,476.716,120.84600717433119,0.25349685593588467,0.7465031440641153,0.4484157457675025,15.0,nvml_total_energy_counter,nvml_total_energy_counter,1.5444541309638762,1.0122939133660016,168.05289991655047,0.2683108378000014,13,1,baseline elapsed_s is below 0.25s,"test NVML-counter/power-trace ratio 1.544 outside [0.5, 1.5]",,,,,,,,,,,,,,,,,,,,,,,,,,,,,,,,,,,,,,,,,
pair,launch_shape_tensor_mma_f16acc_t256_b01,0,NVIDIA GeForce RTX 3090,ampere,ga102,82,tensor_mma_f16acc,tensor_baseline_mov,256,256.0,1,8,strict_nvml_counter,structural_baseline,False,False,False,False,False,True,False,True,True,fp16-energy-bench-v2,fp16-energy-bench-v2,True,logical_m16n16k16_input_bits_8192,True,bench_json_metadata,False,False,False,False,False,False,missing NCU validation row,missing NCU validation row,missing NCU validation row for tensor activity,,,,,,,,,,,,,True,True,True,160.52002625380754,0.5356542358399999,0.0671897583008,162.47808,1011.659584381468,98.79488128725275,99.0,10496000000.0,8192.0,8192.0,-0.10888798202531098,-22.49898706064272,100.533,-9.362540620494144,-0.09312902848312637,1.0931290284831263,1.1231725461773698,0.0,nvml_total_energy_counter,nvml_total_energy_counter,0.9330095467778058,nan,-7.218309027003684,nan,4,0,nonpositive incremental power/energy; expected or invalid L2/global traffic; not a pure FP16 candidate; incremental energy fraction is missing or nonpositive; baseline energy fraction 1.093 > 0.99; baseline elapsed_s is below 0.25s; incremental energy is below 0.1 J or missing,test elapsed_s 0.5357s < warning threshold 1s; baseline NVML-counter/power-trace ratio is missing,,,,,,,,,,,,,,,,,,,,,,,,,,,,,,,,,,,,,,,,,
pair,launch_shape_tensor_mma_f16acc_t256_b01,1,NVIDIA GeForce RTX 3090,ampere,ga102,82,tensor_mma_f16acc,tensor_baseline_mov,256,256.0,1,8,mixed_or_unavailable,structural_baseline,False,False,False,False,False,False,True,True,True,fp16-energy-bench-v2,fp16-energy-bench-v2,True,logical_m16n16k16_input_bits_8192,True,bench_json_metadata,False,False,False,False,False,False,missing NCU validation row,missing NCU validation row,missing NCU validation row for tensor activity,,,,,,,,,,,,,True,True,True,160.53348916486294,0.535609313965,0.0677191696167,162.47808,1011.7444328786976,98.80316727331031,97.0,10496000000.0,8192.0,8192.0,nan,nan,107.783,nan,nan,nan,nan,0.0,nvml_total_energy_counter,unavailable,1.0037156595105055,nan,0.39900237206234124,nan,3,0,nonpositive incremental power/energy; expected or invalid L2/global traffic; not a pure FP16 candidate; test/baseline energy source mismatch; test/baseline energy sources differ; incremental energy fraction is missing or nonpositive; baseline energy fraction is missing or invalid; baseline elapsed_s is below 0.25s; incremental energy is below 0.1 J or missing,test elapsed_s 0.5356s < warning threshold 1s,,,,,,,,,,,,,,,,,,,,,,,,,,,,,,,,,,,,,,,,,
pair,launch_shape_tensor_mma_f16acc_t256_b01,2,NVIDIA GeForce RTX 3090,ampere,ga102,82,tensor_mma_f16acc,tensor_baseline_mov,256,256.0,1,8,strict_nvml_counter,structural_baseline,False,False,True,True,True,True,False,True,True,fp16-energy-bench-v2,fp16-energy-bench-v2,True,logical_m16n16k16_input_bits_8192,True,bench_json_metadata,True,False,False,False,False,False,missing NCU validation row,missing NCU validation row,missing NCU validation row for tensor activity,,,,,,,,,,,,,True,True,True,159.93600434509494,0.537610229492,0.0686653442383,162.47808,1007.9788513587631,98.4354347030042,98.0,10496000000.0,8192.0,8192.0,0.21119844792066833,26.918477503727956,123.165,18.159525145602743,0.14744062960745943,0.8525593703925406,0.8788751485017661,0.0,nvml_total_energy_counter,nvml_total_energy_counter,1.092543564450702,nan,10.43265320161521,nan,4,0,baseline elapsed_s is below 0.25s,test elapsed_s 0.5376s < warning threshold 1s; baseline NVML-counter/power-trace ratio is missing,,,,,,,,,,,,,,,,,,,,,,,,,,,,,,,,,,,,,,,,,
pair,launch_shape_tensor_mma_f16acc_t256_b01,3,NVIDIA GeForce RTX 3090,ampere,ga102,82,tensor_mma_f16acc,tensor_baseline_mov,256,256.0,1,8,mixed_or_unavailable,structural_baseline,False,False,False,False,False,False,True,True,True,fp16-energy-bench-v2,fp16-energy-bench-v2,True,logical_m16n16k16_input_bits_8192,True,bench_json_metadata,False,False,False,False,False,False,missing NCU validation row,missing NCU validation row,missing NCU validation row for tensor activity,,,,,,,,,,,,,True,True,True,159.88461665599317,0.53778302002,0.06771894073490001,162.47808,1007.6549861725163,98.4038072434098,98.0,10496000000.0,8192.0,8192.0,nan,nan,106.767,nan,nan,nan,nan,0.0,nvml_total_energy_counter,unavailable,0.9470621465721544,nan,-5.967946050201661,nan,4,0,nonpositive incremental power/energy; expected or invalid L2/global traffic; not a pure FP16 candidate; test/baseline energy source mismatch; test/baseline energy sources differ; incremental energy fraction is missing or nonpositive; baseline energy fraction is missing or invalid; baseline elapsed_s is below 0.25s; incremental energy is below 0.1 J or missing,test elapsed_s 0.5378s < warning threshold 1s,,,,,,,,,,,,,,,,,,,,,,,,,,,,,,,,,,,,,,,,,
pair,launch_shape_tensor_mma_f16acc_t256_b01,4,NVIDIA GeForce RTX 3090,ampere,ga102,82,tensor_mma_f16acc,tensor_baseline_mov,256,256.0,1,8,strict_nvml_counter,structural_baseline,False,False,True,True,True,True,False,True,True,fp16-energy-bench-v2,fp16-energy-bench-v2,True,logical_m16n16k16_input_bits_8192,True,bench_json_metadata,True,False,False,False,False,False,missing NCU validation row,missing NCU validation row,missing NCU validation row for tensor activity,,,,,,,,,,,,,True,True,True,159.89525088873634,0.537747253418,0.067716003418,162.47808,1007.7220072397829,98.41035226951004,100.0,10496000000.0,8192.0,8192.0,0.3790882501060182,50.78331344566368,130.012,32.59523295733979,0.2507094188024166,0.7492905811975834,0.7810502326223091,0.0,nvml_total_energy_counter,nvml_total_energy_counter,1.0814886424599843,nan,9.796220660633978,nan,4,0,baseline elapsed_s is below 0.25s,test elapsed_s 0.5377s < warning threshold 1s; baseline NVML-counter/power-trace ratio is missing,,,,,,,,,,,,,,,,,,,,,,,,,,,,,,,,,,,,,,,,,
pair,launch_shape_tensor_mma_f16acc_t256_b01,5,NVIDIA GeForce RTX 3090,ampere,ga102,82,tensor_mma_f16acc,tensor_baseline_mov,256,256.0,1,8,strict_nvml_counter,structural_baseline,False,False,True,True,True,True,False,True,True,fp16-energy-bench-v2,fp16-energy-bench-v2,True,logical_m16n16k16_input_bits_8192,True,bench_json_metadata,True,False,False,False,False,False,missing NCU validation row,missing NCU validation row,missing NCU validation row for tensor activity,,,,,,,,,,,,,True,True,True,159.54459669731907,0.5389291381839999,0.067984161377,162.47808,1005.5120482594004,98.19453596283208,100.0,10496000000.0,8192.0,8192.0,0.14350119226002472,15.396731030989969,128.122,12.33869630637031,0.09630427488152157,0.9036957251184784,0.9331263964966907,0.0,nvml_total_energy_counter,nvml_total_energy_counter,1.111825135955315,nan,12.886253067625105,nan,4,0,baseline elapsed_s is below 0.25s,test elapsed_s 0.5389s < warning threshold 1s; baseline NVML-counter/power-trace ratio is missing,,,,,,,,,,,,,,,,,,,,,,,,,,,,,,,,,,,,,,,,,
pair,launch_shape_tensor_mma_f16acc_t256_b01,6,NVIDIA GeForce RTX 3090,ampere,ga102,82,tensor_mma_f16acc,tensor_baseline_mov,256,256.0,1,8,strict_nvml_counter,structural_baseline,False,False,False,False,False,True,False,True,True,fp16-energy-bench-v2,fp16-energy-bench-v2,True,logical_m16n16k16_input_bits_8192,True,bench_json_metadata,True,False,False,False,False,False,missing NCU validation row,missing NCU validation row,missing NCU validation row for tensor activity,,,,,,,,,,,,,True,True,True,160.00152568980542,0.537390075684,0.067714050293,162.47808,1008.391792335069,98.47576097022159,98.0,10496000000.0,8192.0,8192.0,0.0347368114744053,-0.48060365178196207,107.625,2.9867833199440526,0.027751761393208386,0.9722482386067917,1.002474341528808,0.0,nvml_total_energy_counter,nvml_total_energy_counter,0.9363172359313693,nan,-7.320016357563617,nan,4,0,nonpositive incremental power/energy; expected or invalid L2/global traffic; not a pure FP16 candidate; baseline elapsed_s is below 0.25s,incremental energy fraction 0.02775 < warning threshold 0.05; test elapsed_s 0.5374s < warning threshold 1s; baseline NVML-counter/power-trace ratio is missing,,,,,,,,,,,,,,,,,,,,,,,,,,,,,,,,,,,,,,,,,
pair,launch_shape_tensor_mma_f16acc_t256_b01,7,NVIDIA GeForce RTX 3090,ampere,ga102,82,tensor_mma_f16acc,tensor_baseline_mov,256,256.0,1,8,mixed_or_unavailable,structural_baseline,False,False,False,False,False,False,True,True,True,fp16-energy-bench-v2,fp16-energy-bench-v2,True,logical_m16n16k16_input_bits_8192,True,bench_json_metadata,False,False,False,False,False,False,missing NCU validation row,missing NCU validation row,missing NCU validation row for tensor activity,,,,,,,,,,,,,True,True,True,159.97530707759103,0.537478149414,0.06771875,162.47808,1008.2265524522029,98.45962426291042,99.0,10496000000.0,8192.0,8192.0,nan,nan,127.77,nan,nan,nan,nan,0.0,nvml_total_energy_counter,unavailable,1.115806132189303,nan,13.260860541064773,nan,4,0,nonpositive incremental power/energy; expected or invalid L2/global traffic; not a pure FP16 candidate; test/baseline energy source mismatch; test/baseline energy sources differ; incremental energy fraction is missing or nonpositive; baseline energy fraction is missing or invalid; baseline elapsed_s is below 0.25s; incremental energy is below 0.1 J or missing,test elapsed_s 0.5375s < warning threshold 1s,,,,,,,,,,,,,,,,,,,,,,,,,,,,,,,,,,,,,,,,,
pair,launch_shape_tensor_mma_f16acc_t256_b01,8,NVIDIA GeForce RTX 3090,ampere,ga102,82,tensor_mma_f16acc,tensor_baseline_mov,256,256.0,1,8,strict_nvml_counter,structural_baseline,False,False,True,True,True,True,False,True,True,fp16-energy-bench-v2,fp16-energy-bench-v2,True,logical_m16n16k16_input_bits_8192,True,bench_json_metadata,True,False,False,False,False,False,missing NCU validation row,missing NCU validation row,missing NCU validation row for tensor activity,,,,,,,,,,,,,True,True,True,159.88879033293273,0.5377689819339999,0.06880973052980001,162.47808,1007.6812903065023,98.40637600649437,100.0,10496000000.0,8192.0,8192.0,0.13327202487466028,14.122194018736735,129.293,11.459159433907686,0.08862938777743332,0.9113706122225667,0.9394516486149368,0.0,nvml_total_energy_counter,nvml_total_energy_counter,1.132534830436231,nan,15.130506692665008,nan,4,0,baseline elapsed_s is below 0.25s,test elapsed_s 0.5378s < warning threshold 1s; baseline NVML-counter/power-trace ratio is missing,,,,,,,,,,,,,,,,,,,,,,,,,,,,,,,,,,,,,,,,,
pair,launch_shape_tensor_mma_f16acc_t256_b01,9,NVIDIA GeForce RTX 3090,ampere,ga102,82,tensor_mma_f16acc,tensor_baseline_mov,256,256.0,1,8,strict_nvml_counter,structural_baseline,False,False,True,True,True,True,False,True,True,fp16-energy-bench-v2,fp16-energy-bench-v2,True,logical_m16n16k16_input_bits_8192,True,bench_json_metadata,True,False,False,False,False,False,missing NCU validation row,missing NCU validation row,missing NCU validation row for tensor activity,,,,,,,,,,,,,True,True,True,159.86019594105147,0.53786517334,0.0687339553833,162.47808,1007.5010773369349,98.38877708368506,99.0,10496000000.0,8192.0,8192.0,0.04931144478869232,0.6185661713283537,131.318,4.239957397521323,0.03228770920605951,0.9677122907939405,0.9973887195020859,0.0,nvml_total_energy_counter,nvml_total_energy_counter,1.1212076820451302,nan,14.19607682474097,nan,5,0,baseline elapsed_s is below 0.25s,incremental energy fraction 0.03229 < warning threshold 0.05; test elapsed_s 0.5379s < warning threshold 1s; baseline NVML-counter/power-trace ratio is missing,,,,,,,,,,,,,,,,,,,,,,,,,,,,,,,,,,,,,,,,,
pair,launch_shape_tensor_mma_f16acc_t256_b02,0,NVIDIA GeForce RTX 3090,ampere,ga102,82,tensor_mma_f16acc,tensor_baseline_mov,256,512.0,2,8,strict_nvml_counter,structural_baseline,False,False,True,True,True,True,False,True,True,fp16-energy-bench-v2,fp16-energy-bench-v2,True,logical_m16n16k16_input_bits_8192,True,bench_json_metadata,True,False,False,False,False,False,missing NCU validation row,missing NCU validation row,missing NCU validation row for tensor activity,,,,,,,,,,,,,True,True,True,160.44008188604872,1.07184228516,0.06901657867430001,162.47808,1011.1557439090485,98.745678116118,100.0,20992000000.0,8192.0,8192.0,0.04157560935736545,1.1046864829673098,206.245,7.149610529831449,0.03466561870509079,0.9653343812949092,0.9940880117834967,0.0,nvml_total_energy_counter,nvml_total_energy_counter,0.8256920740175087,nan,-43.5394008559862,nan,8,0,baseline elapsed_s is below 0.25s,incremental energy fraction 0.03467 < warning threshold 0.05; baseline NVML-counter/power-trace ratio is missing,,,,,,,,,,,,,,,,,,,,,,,,,,,,,,,,,,,,,,,,,
pair,launch_shape_tensor_mma_f16acc_t256_b02,1,NVIDIA GeForce RTX 3090,ampere,ga102,82,tensor_mma_f16acc,tensor_baseline_mov,256,512.0,2,8,strict_nvml_counter,structural_baseline,False,False,True,True,True,True,False,True,True,fp16-energy-bench-v2,fp16-energy-bench-v2,True,logical_m16n16k16_input_bits_8192,True,bench_json_metadata,True,False,False,False,False,False,missing NCU validation row,missing NCU validation row,missing NCU validation row for tensor activity,,,,,,,,,,,,,True,True,True,157.69052445834788,1.09053137207,0.06768025970460001,162.47808,993.8269645071398,97.05341450265037,100.0,20992000000.0,8192.0,8192.0,0.3507692477100749,49.17921937866663,229.709,60.32054720864167,0.2625954891129284,0.7374045108870716,0.7595215793781087,0.0,nvml_total_energy_counter,nvml_total_energy_counter,0.8834162826168743,nan,-30.3145070600591,nan,9,0,baseline elapsed_s is below 0.25s,baseline NVML-counter/power-trace ratio is missing,,,,,,,,,,,,,,,,,,,,,,,,,,,,,,,,,,,,,,,,,
pair,launch_shape_tensor_mma_f16acc_t256_b02,2,NVIDIA GeForce RTX 3090,ampere,ga102,82,tensor_mma_f16acc,tensor_baseline_mov,256,512.0,2,8,strict_nvml_counter,structural_baseline,False,False,False,False,False,True,False,True,True,fp16-energy-bench-v2,fp16-energy-bench-v2,True,logical_m16n16k16_input_bits_8192,True,bench_json_metadata,False,False,False,False,False,False,missing NCU validation row,missing NCU validation row,missing NCU validation row for tensor activity,,,,,,,,,,,,,True,True,True,159.84345410060024,1.07584301758,0.0718088302612,162.47808,1007.3955637524438,98.37847302269958,100.0,20992000000.0,8192.0,8192.0,-0.20805090277364702,-38.75155469196281,204.403,-35.77777808199187,-0.17503548422475146,1.1750354842247515,1.210038540650579,0.0,nvml_total_energy_counter,nvml_total_energy_counter,0.7901178245265209,nan,-54.29639097056665,nan,9,0,nonpositive incremental power/energy; expected or invalid L2/global traffic; not a pure FP16 candidate; incremental energy fraction is missing or nonpositive; baseline energy fraction 1.175 > 0.99; baseline elapsed_s is below 0.25s; incremental energy is below 0.1 J or missing,baseline NVML-counter/power-trace ratio is missing,,,,,,,,,,,,,,,,,,,,,,,,,,,,,,,,,,,,,,,,,
pair,launch_shape_tensor_mma_f16acc_t256_b02,3,NVIDIA GeForce RTX 3090,ampere,ga102,82,tensor_mma_f16acc,tensor_baseline_mov,256,512.0,2,8,mixed_or_unavailable,structural_baseline,False,False,False,False,False,False,True,True,True,fp16-energy-bench-v2,fp16-energy-bench-v2,True,logical_m16n16k16_input_bits_8192,True,bench_json_metadata,False,False,False,False,False,False,missing NCU validation row,missing NCU validation row,missing NCU validation row for tensor activity,,,,,,,,,,,,,True,True,True,159.829816537637,1.07593481445,0.0695039978027,162.47808,1007.3096145310203,98.37007954404494,100.0,20992000000.0,8192.0,8192.0,nan,nan,233.061,nan,nan,nan,nan,0.0,nvml_total_energy_counter,unavailable,0.8986318922390375,nan,-26.289911104772358,nan,9,0,nonpositive incremental power/energy; expected or invalid L2/global traffic; not a pure FP16 candidate; test/baseline energy source mismatch; test/baseline energy sources differ; incremental energy fraction is missing or nonpositive; baseline energy fraction is missing or invalid; baseline elapsed_s is below 0.25s; incremental energy is below 0.1 J or missing,,,,,,,,,,,,,,,,,,,,,,,,,,,,,,,,,,,,,,,,,,
pair,launch_shape_tensor_mma_f16acc_t256_b02,4,NVIDIA GeForce RTX 3090,ampere,ga102,82,tensor_mma_f16acc,tensor_baseline_mov,256,512.0,2,8,strict_nvml_counter,structural_baseline,False,False,True,True,True,True,False,True,True,fp16-energy-bench-v2,fp16-energy-bench-v2,True,logical_m16n16k16_input_bits_8192,True,bench_json_metadata,True,False,False,False,False,False,missing NCU validation row,missing NCU validation row,missing NCU validation row for tensor activity,,,,,,,,,,,,,True,True,True,159.91619684088968,1.0753536377000001,0.0677150726318,162.47808,1007.8540167699608,98.42324382519149,100.0,20992000000.0,8192.0,8192.0,0.15955627161580171,16.66750829613224,239.148,27.438327838792986,0.11473367052533572,0.8852663294746643,0.9219473903186435,0.0,nvml_total_energy_counter,nvml_total_energy_counter,0.9052685815761013,nan,-25.025533542538,nan,8,0,baseline elapsed_s is below 0.25s,baseline NVML-counter/power-trace ratio is missing,,,,,,,,,,,,,,,,,,,,,,,,,,,,,,,,,,,,,,,,,
pair,launch_shape_tensor_mma_f16acc_t256_b02,5,NVIDIA GeForce RTX 3090,ampere,ga102,82,tensor_mma_f16acc,tensor_baseline_mov,256,512.0,2,8,strict_nvml_counter,structural_baseline,False,False,True,True,True,True,False,True,True,fp16-energy-bench-v2,fp16-energy-bench-v2,True,logical_m16n16k16_input_bits_8192,True,bench_json_metadata,True,False,False,False,False,False,missing NCU validation row,missing NCU validation row,missing NCU validation row for tensor activity,,,,,,,,,,,,,True,True,True,159.72319014007724,1.0766530761700002,0.06773452758790001,162.47808,1006.6376135380176,98.30445444707202,100.0,20992000000.0,8192.0,8192.0,0.0772683283224245,5.416703583637172,236.901,13.287561200798393,0.056089088694426754,0.9439109113055733,0.9745825723122993,0.0,nvml_total_energy_counter,nvml_total_energy_counter,0.9031312279928226,nan,-25.409717044414606,nan,8,0,baseline elapsed_s is below 0.25s,baseline NVML-counter/power-trace ratio is missing,,,,,,,,,,,,,,,,,,,,,,,,,,,,,,,,,,,,,,,,,
pair,launch_shape_tensor_mma_f16acc_t256_b02,6,NVIDIA GeForce RTX 3090,ampere,ga102,82,tensor_mma_f16acc,tensor_baseline_mov,256,512.0,2,8,strict_nvml_counter,structural_baseline,False,False,False,False,False,True,False,True,True,fp16-energy-bench-v2,fp16-energy-bench-v2,True,logical_m16n16k16_input_bits_8192,True,bench_json_metadata,False,False,False,False,False,False,missing NCU validation row,missing NCU validation row,missing NCU validation row for tensor activity,,,,,,,,,,,,,True,True,True,159.88140488855794,1.07558764648,0.0688855056763,162.47808,1007.6347443660297,98.4018305044951,100.0,20992000000.0,8192.0,8192.0,-0.02549430200643289,-10.506491891260254,237.252,-4.384164968194369,-0.01847893787278661,1.0184789378727865,1.0490617047450905,0.0,nvml_total_energy_counter,nvml_total_energy_counter,0.9072636986862774,nan,-24.250802706139496,nan,8,0,nonpositive incremental power/energy; expected or invalid L2/global traffic; not a pure FP16 candidate; incremental energy fraction is missing or nonpositive; baseline energy fraction 1.018 > 0.99; baseline elapsed_s is below 0.25s; incremental energy is below 0.1 J or missing,baseline NVML-counter/power-trace ratio is missing,,,,,,,,,,,,,,,,,,,,,,,,,,,,,,,,,,,,,,,,,
pair,launch_shape_tensor_mma_f16acc_t256_b02,7,NVIDIA GeForce RTX 3090,ampere,ga102,82,tensor_mma_f16acc,tensor_baseline_mov,256,512.0,2,8,strict_nvml_counter,structural_baseline,False,False,False,False,False,True,False,True,True,fp16-energy-bench-v2,fp16-energy-bench-v2,True,logical_m16n16k16_input_bits_8192,True,bench_json_metadata,False,False,False,False,False,False,missing NCU validation row,missing NCU validation row,missing NCU validation row for tensor activity,,,,,,,,,,,,,True,True,True,159.82736855000368,1.07595129395,0.0692776947021,162.47808,1007.2941863616543,98.3685728868803,100.0,20992000000.0,8192.0,8192.0,-0.2896530463815133,-52.08739719873472,212.798,-49.81061017305683,-0.23407461617617098,1.2340746161761709,1.271311563809525,0.0,nvml_total_energy_counter,nvml_total_energy_counter,0.8121507146933513,nan,-49.219869528499316,nan,9,0,nonpositive incremental power/energy; expected or invalid L2/global traffic; not a pure FP16 candidate; incremental energy fraction is missing or nonpositive; baseline energy fraction 1.234 > 0.99; baseline elapsed_s is below 0.25s; incremental energy is below 0.1 J or missing,baseline NVML-counter/power-trace ratio is missing,,,,,,,,,,,,,,,,,,,,,,,,,,,,,,,,,,,,,,,,,
pair,launch_shape_tensor_mma_f16acc_t256_b02,8,NVIDIA GeForce RTX 3090,ampere,ga102,82,tensor_mma_f16acc,tensor_baseline_mov,256,512.0,2,8,mixed_or_unavailable,structural_baseline,False,False,False,False,False,False,True,True,True,fp16-energy-bench-v2,fp16-energy-bench-v2,True,logical_m16n16k16_input_bits_8192,True,bench_json_metadata,False,False,False,False,False,False,missing NCU validation row,missing NCU validation row,missing NCU validation row for tensor activity,,,,,,,,,,,,,True,True,True,159.87463700797912,1.07563317871,0.0703262710571,162.47808,1007.5920905525879,98.39766509302615,100.0,20992000000.0,8192.0,8192.0,nan,nan,214.803,nan,nan,nan,nan,0.0,nvml_total_energy_counter,unavailable,0.8202902795933088,nan,-47.05917896730051,nan,8,0,nonpositive incremental power/energy; expected or invalid L2/global traffic; not a pure FP16 candidate; test/baseline energy source mismatch; test/baseline energy sources differ; incremental energy fraction is missing or nonpositive; baseline energy fraction is missing or invalid; baseline elapsed_s is below 0.25s; incremental energy is below 0.1 J or missing,,,,,,,,,,,,,,,,,,,,,,,,,,,,,,,,,,,,,,,,,,
pair,launch_shape_tensor_mma_f16acc_t256_b02,9,NVIDIA GeForce RTX 3090,ampere,ga102,82,tensor_mma_f16acc,tensor_baseline_mov,256,512.0,2,8,mixed_or_unavailable,structural_baseline,False,False,False,False,False,False,True,True,True,fp16-energy-bench-v2,fp16-energy-bench-v2,True,logical_m16n16k16_input_bits_8192,True,bench_json_metadata,False,False,False,False,False,False,missing NCU validation row,missing NCU validation row,missing NCU validation row for tensor activity,,,,,,,,,,,,,True,True,True,159.86034106405103,1.0757293701200001,0.0691751708984,162.47808,1007.5019919584738,98.3888664021947,100.0,20992000000.0,8192.0,8192.0,nan,nan,238.146,nan,nan,nan,nan,0.0,nvml_total_energy_counter,unavailable,0.907959062776877,nan,-24.14115562534377,nan,9,0,nonpositive incremental power/energy; expected or invalid L2/global traffic; not a pure FP16 candidate; test/baseline energy source mismatch; test/baseline energy sources differ; incremental energy fraction is missing or nonpositive; baseline energy fraction is missing or invalid; baseline elapsed_s is below 0.25s; incremental energy is below 0.1 J or missing,,,,,,,,,,,,,,,,,,,,,,,,,,,,,,,,,,,,,,,,,,
pair,launch_shape_tensor_mma_f16acc_t256_b04,0,NVIDIA GeForce RTX 3090,ampere,ga102,82,tensor_mma_f16acc,tensor_baseline_mov,256,1024.0,4,8,strict_nvml_counter,structural_baseline,False,False,True,True,True,True,True,True,True,fp16-energy-bench-v2,fp16-energy-bench-v2,True,logical_m16n16k16_input_bits_8192,True,bench_json_metadata,True,False,False,False,False,False,missing NCU validation row,missing NCU validation row,missing NCU validation row for tensor activity,,,,,,,,,,,,,True,True,True,160.3147226392229,2.1453608398400004,0.118815742493,162.47808,1010.3656812202868,98.66852355666863,100.0,41984000000.0,8192.0,8192.0,0.338924478045519,47.5068769482192,439.88,116.56728810506706,0.2649979269461377,0.7350020730538622,0.7603205586971075,0.0,nvml_total_energy_counter,nvml_total_energy_counter,0.8700169029652578,0.9683427691723855,-65.71937226594969,-0.6050013820999993,16,1,baseline elapsed_s is below 0.25s,,,,,,,,,,,,,,,,,,,,,,,,,,,,,,,,,,,,,,,,,,
pair,launch_shape_tensor_mma_f16acc_t256_b04,1,NVIDIA GeForce RTX 3090,ampere,ga102,82,tensor_mma_f16acc,tensor_baseline_mov,256,1024.0,4,8,strict_nvml_counter,structural_baseline,False,False,True,True,True,True,True,True,True,fp16-energy-bench-v2,fp16-energy-bench-v2,True,logical_m16n16k16_input_bits_8192,True,bench_json_metadata,True,False,False,False,False,False,missing NCU validation row,missing NCU validation row,missing NCU validation row for tensor activity,,,,,,,,,,,,,True,True,True,159.75336597421492,2.1528994140599997,0.119510688782,162.47808,1006.8277933712416,98.32302669641032,100.0,41984000000.0,8192.0,8192.0,0.42818672197602226,62.48752600895463,440.897,147.26751301993528,0.33401795208390006,0.6659820479160999,0.685795681516464,0.0,nvml_total_energy_counter,nvml_total_energy_counter,0.8554252383563077,0.8592447959997777,-74.51566288469559,-2.760407690160001,16,1,baseline elapsed_s is below 0.25s,,,,,,,,,,,,,,,,,,,,,,,,,,,,,,,,,,,,,,,,,,
pair,launch_shape_tensor_mma_f16acc_t256_b04,2,NVIDIA GeForce RTX 3090,ampere,ga102,82,tensor_mma_f16acc,tensor_baseline_mov,256,1024.0,4,8,strict_nvml_counter,structural_baseline,False,False,True,True,True,True,True,True,True,fp16-energy-bench-v2,fp16-energy-bench-v2,True,logical_m16n16k16_input_bits_8192,True,bench_json_metadata,True,False,False,False,False,False,missing NCU validation row,missing NCU validation row,missing NCU validation row for tensor activity,,,,,,,,,,,,,True,True,True,159.80931016794372,2.15214575195,0.121902877808,162.47808,1007.1803754203297,98.35745853714157,100.0,41984000000.0,8192.0,8192.0,0.47801701309786226,70.0835184080832,471.107,164.40579094856213,0.34897760158215035,0.6510223984178496,0.670339506678965,0.0,nvml_total_energy_counter,nvml_total_energy_counter,0.9032428374022794,0.8858123894738464,-50.46591537998876,-2.3178806813599984,16,1,baseline elapsed_s is below 0.25s,,,,,,,,,,,,,,,,,,,,,,,,,,,,,,,,,,,,,,,,,,
pair,launch_shape_tensor_mma_f16acc_t256_b04,3,NVIDIA GeForce RTX 3090,ampere,ga102,82,tensor_mma_f16acc,tensor_baseline_mov,256,1024.0,4,8,strict_nvml_counter,structural_baseline,False,False,True,True,True,True,True,True,True,fp16-energy-bench-v2,fp16-energy-bench-v2,True,logical_m16n16k16_input_bits_8192,True,bench_json_metadata,True,False,False,False,False,False,missing NCU validation row,missing NCU validation row,missing NCU validation row for tensor activity,,,,,,,,,,,,,True,True,True,159.8778485042483,2.15122314453,0.12117708587600001,162.47808,1007.6123306500807,98.39964166504694,100.0,41984000000.0,8192.0,8192.0,0.5471828581399892,81.06482335838325,475.563,188.19420255149515,0.39572927782753314,0.6042707221724668,0.6223372840364544,0.0,nvml_total_energy_counter,nvml_total_energy_counter,0.9088079611816255,0.8188800914109992,-47.71916775486477,-3.7089676241800014,16,1,baseline elapsed_s is below 0.25s,,,,,,,,,,,,,,,,,,,,,,,,,,,,,,,,,,,,,,,,,,
pair,launch_shape_tensor_mma_f16acc_t256_b04,4,NVIDIA GeForce RTX 3090,ampere,ga102,82,tensor_mma_f16acc,tensor_baseline_mov,256,1024.0,4,8,strict_nvml_counter,structural_baseline,False,False,True,True,True,True,True,True,True,fp16-energy-bench-v2,fp16-energy-bench-v2,True,logical_m16n16k16_input_bits_8192,True,bench_json_metadata,True,False,False,False,False,False,missing NCU validation row,missing NCU validation row,missing NCU validation row for tensor activity,,,,,,,,,,,,,True,True,True,159.8839271132328,2.1511413574200002,0.12102041626,162.47808,1007.6506404060806,98.4033828521563,100.0,41984000000.0,8192.0,8192.0,0.3124847263802168,42.903594829338516,471.797,107.47378689922681,0.22779667293184738,0.7722033270681526,0.7978784854952045,0.0,nvml_total_energy_counter,nvml_total_energy_counter,0.8955480256226653,1.035224625208651,-55.02790106766122,0.7235303452000004,16,1,baseline elapsed_s is below 0.25s,,,,,,,,,,,,,,,,,,,,,,,,,,,,,,,,,,,,,,,,,,
pair,launch_shape_tensor_mma_f16acc_t256_b04,5,NVIDIA GeForce RTX 3090,ampere,ga102,82,tensor_mma_f16acc,tensor_baseline_mov,256,1024.0,4,8,strict_nvml_counter,structural_baseline,False,False,True,True,True,True,True,True,True,fp16-energy-bench-v2,fp16-energy-bench-v2,True,logical_m16n16k16_input_bits_8192,True,bench_json_metadata,True,False,False,False,False,False,missing NCU validation row,missing NCU validation row,missing NCU validation row for tensor activity,,,,,,,,,,,,,True,True,True,159.78937091200262,2.1524143066400003,0.11993395233200001,162.47808,1007.0547104808888,98.34518657039929,100.0,41984000000.0,8192.0,8192.0,0.3231088165774111,42.75804465472456,477.208,111.12776134808394,0.2328707007176827,0.7671292992823173,0.799104208650184,0.0,nvml_total_energy_counter,nvml_total_energy_counter,0.8974626566500152,1.0369399535949826,-54.522202325395995,0.7528064635400007,16,1,baseline elapsed_s is below 0.25s,,,,,,,,,,,,,,,,,,,,,,,,,,,,,,,,,,,,,,,,,,
pair,launch_shape_tensor_mma_f16acc_t256_b04,6,NVIDIA GeForce RTX 3090,ampere,ga102,82,tensor_mma_f16acc,tensor_baseline_mov,256,1024.0,4,8,strict_nvml_counter,structural_baseline,False,False,True,True,True,True,True,True,True,fp16-energy-bench-v2,fp16-energy-bench-v2,True,logical_m16n16k16_input_bits_8192,True,bench_json_metadata,True,False,False,False,False,False,missing NCU validation row,missing NCU validation row,missing NCU validation row for tensor activity,,,,,,,,,,,,,True,True,True,159.60269112483272,2.1549318847700003,0.119807998657,162.47808,1005.8781819173928,98.23029120287039,100.0,41984000000.0,8192.0,8192.0,0.33082356842560584,46.41437269202342,478.163,113.78111854002697,0.23795466930738465,0.7620453306926154,0.7846265138245294,0.0,nvml_total_energy_counter,nvml_total_energy_counter,0.907157434262436,1.0421698896530993,-48.937348782094546,0.8488847392499999,16,1,baseline elapsed_s is below 0.25s,,,,,,,,,,,,,,,,,,,,,,,,,,,,,,,,,,,,,,,,,,
pair,launch_shape_tensor_mma_f16acc_t256_b04,7,NVIDIA GeForce RTX 3090,ampere,ga102,82,tensor_mma_f16acc,tensor_baseline_mov,256,1024.0,4,8,strict_nvml_counter,structural_baseline,False,False,True,True,True,True,False,True,True,fp16-energy-bench-v2,fp16-energy-bench-v2,True,logical_m16n16k16_input_bits_8192,True,bench_json_metadata,True,False,False,False,False,False,missing NCU validation row,missing NCU validation row,missing NCU validation row for tensor activity,,,,,,,,,,,,,True,True,True,159.738330970148,2.15310205078,0.1197628479,162.47808,1006.73303693293,98.31377313798146,100.0,41984000000.0,8192.0,8192.0,0.4458692135876343,65.12740986507444,454.065,153.34910413425246,0.33772500442503267,0.6622749955749674,0.6819853729942337,0.0,nvml_total_energy_counter,nvml_total_energy_counter,0.859965545433435,nan,-73.93871178957494,nan,16,0,baseline elapsed_s is below 0.25s,baseline NVML-counter/power-trace ratio is missing,,,,,,,,,,,,,,,,,,,,,,,,,,,,,,,,,,,,,,,,,
pair,launch_shape_tensor_mma_f16acc_t256_b04,8,NVIDIA GeForce RTX 3090,ampere,ga102,82,tensor_mma_f16acc,tensor_baseline_mov,256,1024.0,4,8,strict_nvml_counter,structural_baseline,False,False,True,True,True,True,True,True,True,fp16-energy-bench-v2,fp16-energy-bench-v2,True,logical_m16n16k16_input_bits_8192,True,bench_json_metadata,True,False,False,False,False,False,missing NCU validation row,missing NCU validation row,missing NCU validation row for tensor activity,,,,,,,,,,,,,True,True,True,159.15351784923757,2.16101367188,0.122042366028,161.84832,1006.9502252332262,98.33498293293225,100.0,41984000000.0,8192.0,8192.0,0.25209842877457106,34.031655482232196,455.381,86.70495075263767,0.1904008967274385,0.8095991032725615,0.8336957802762405,15.0,nvml_total_energy_counter,nvml_total_energy_counter,0.8597690240015977,1.0365979662213363,-74.27404372387548,0.7600642124399997,16,1,baseline elapsed_s is below 0.25s,,,,,,,,,,,,,,,,,,,,,,,,,,,,,,,,,,,,,,,,,,
pair,launch_shape_tensor_mma_f16acc_t256_b04,9,NVIDIA GeForce RTX 3090,ampere,ga102,82,tensor_mma_f16acc,tensor_baseline_mov,256,1024.0,4,8,strict_nvml_counter,structural_baseline,False,False,False,False,False,True,False,True,True,fp16-energy-bench-v2,fp16-energy-bench-v2,True,logical_m16n16k16_input_bits_8192,True,bench_json_metadata,False,False,False,False,False,False,missing NCU validation row,missing NCU validation row,missing NCU validation row for tensor activity,,,,,,,,,,,,,True,True,True,158.73757092221567,2.16667626953,0.12115766143800001,161.376,1007.2580348028755,98.36504246121831,100.0,41984000000.0,8192.0,8192.0,-0.5644043113205165,-95.63486019859317,454.878,-194.11722736828875,-0.4267456930611917,1.4267456930611917,1.4690280867477128,15.0,nvml_total_energy_counter,nvml_total_energy_counter,0.8570734342943911,1.8151432021534377,-75.85598590925946,16.839125758719998,16,1,nonpositive incremental power/energy; expected or invalid L2/global traffic; not a pure FP16 candidate; incremental energy fraction is missing or nonpositive; baseline energy fraction 1.427 > 0.99; baseline elapsed_s is below 0.25s; incremental energy is below 0.1 J or missing,"baseline NVML-counter/power-trace ratio 1.815 outside [0.5, 1.5]",,,,,,,,,,,,,,,,,,,,,,,,,,,,,,,,,,,,,,,,,
pair,launch_shape_tensor_mma_f16acc_t256_b08,0,NVIDIA GeForce RTX 3090,ampere,ga102,82,tensor_mma_f16acc,tensor_baseline_mov,256,2048.0,8,8,strict_nvml_counter,structural_baseline,False,False,False,False,False,True,False,True,True,fp16-energy-bench-v2,fp16-energy-bench-v2,True,logical_m16n16k16_input_bits_8192,True,bench_json_metadata,False,False,False,False,False,False,missing NCU validation row,missing NCU validation row,missing NCU validation row for tensor activity,,,,,,,,,,,,,True,True,True,160.03609724251666,4.29819189453,0.209344512939,162.47808,1008.6096756949433,98.4970386420843,100.0,83968000000.0,8192.0,8192.0,-0.5789775444699742,-98.61878809936911,912.187,-398.2588842316169,-0.4365978513524276,1.4365978513524276,1.4781186224893044,0.0,nvml_total_energy_counter,nvml_total_energy_counter,0.8928115714766854,1.74838316874752,-109.51458759397372,28.31418806312,33,1,nonpositive incremental power/energy; expected or invalid L2/global traffic; not a pure FP16 candidate; incremental energy fraction is missing or nonpositive; baseline energy fraction 1.437 > 0.99; baseline elapsed_s is below 0.25s; incremental energy is below 0.1 J or missing,"baseline NVML-counter/power-trace ratio 1.748 outside [0.5, 1.5]",,,,,,,,,,,,,,,,,,,,,,,,,,,,,,,,,,,,,,,,,
pair,launch_shape_tensor_mma_f16acc_t256_b08,1,NVIDIA GeForce RTX 3090,ampere,ga102,82,tensor_mma_f16acc,tensor_baseline_mov,256,2048.0,8,8,strict_nvml_counter,structural_baseline,False,False,False,False,False,True,False,True,True,fp16-energy-bench-v2,fp16-energy-bench-v2,True,logical_m16n16k16_input_bits_8192,True,bench_json_metadata,False,False,False,False,False,False,missing NCU validation row,missing NCU validation row,missing NCU validation row for tensor activity,,,,,,,,,,,,,True,True,True,159.54100107736897,4.31153027344,0.20997836303700002,162.47808,1005.489387265198,98.192322975117,100.0,83968000000.0,8192.0,8192.0,-0.5748056577586103,-97.94853888503087,939.798,-395.38918580776954,-0.4207172028539852,1.4207172028539852,1.4626111966835549,0.0,nvml_total_energy_counter,nvml_total_energy_counter,0.9021463111975734,1.7982594409621886,-101.93767894152893,29.7683843007,33,1,nonpositive incremental power/energy; expected or invalid L2/global traffic; not a pure FP16 candidate; incremental energy fraction is missing or nonpositive; baseline energy fraction 1.421 > 0.99; baseline elapsed_s is below 0.25s; incremental energy is below 0.1 J or missing,"baseline NVML-counter/power-trace ratio 1.798 outside [0.5, 1.5]",,,,,,,,,,,,,,,,,,,,,,,,,,,,,,,,,,,,,,,,,
pair,launch_shape_tensor_mma_f16acc_t256_b08,2,NVIDIA GeForce RTX 3090,ampere,ga102,82,tensor_mma_f16acc,tensor_baseline_mov,256,2048.0,8,8,strict_nvml_counter,structural_baseline,False,False,False,False,False,True,True,True,True,fp16-energy-bench-v2,fp16-energy-bench-v2,True,logical_m16n16k16_input_bits_8192,True,bench_json_metadata,True,False,False,False,False,False,missing NCU validation row,missing NCU validation row,missing NCU validation row for tensor activity,,,,,,,,,,,,,True,True,True,159.577145333841,4.31055371094,0.209698791504,162.47808,1005.7171824153337,98.21456859524743,100.0,83968000000.0,8192.0,8192.0,0.021887648487001213,-2.6429719288068725,928.548,15.055766062338193,0.016214311012826686,0.9837856889871733,1.012629063289768,0.0,nvml_total_energy_counter,nvml_total_energy_counter,0.8847533102270316,1.2080027842159706,-120.95132288100785,7.892206656399999,38,1,nonpositive incremental power/energy; expected or invalid L2/global traffic; not a pure FP16 candidate; baseline elapsed_s is below 0.25s,incremental energy fraction 0.01621 < warning threshold 0.05,,,,,,,,,,,,,,,,,,,,,,,,,,,,,,,,,,,,,,,,,
pair,launch_shape_tensor_mma_f16acc_t256_b08,3,NVIDIA GeForce RTX 3090,ampere,ga102,82,tensor_mma_f16acc,tensor_baseline_mov,256,2048.0,8,8,strict_nvml_counter,structural_baseline,False,False,True,True,True,True,True,True,True,fp16-energy-bench-v2,fp16-energy-bench-v2,True,logical_m16n16k16_input_bits_8192,True,bench_json_metadata,True,False,False,False,False,False,missing NCU validation row,missing NCU validation row,missing NCU validation row for tensor activity,,,,,,,,,,,,,True,True,True,159.65789650930412,4.308373535159999,0.205833221436,162.47808,1006.2261077034356,98.26426833041363,100.0,83968000000.0,8192.0,8192.0,0.2266990031590924,85.98957098315222,933.578,155.9385038623758,0.1670331818684414,0.8329668181315586,0.6773186548556486,0.0,nvml_total_energy_counter,nvml_total_energy_counter,1.1237944103003812,1.0160713275050188,102.84064141991769,0.6067923780400051,33,1,baseline elapsed_s is below 0.25s,,,,,,,,,,,,,,,,,,,,,,,,,,,,,,,,,,,,,,,,,,
pair,launch_shape_tensor_mma_f16acc_t256_b08,4,NVIDIA GeForce RTX 3090,ampere,ga102,82,tensor_mma_f16acc,tensor_baseline_mov,256,2048.0,8,8,strict_nvml_counter,structural_baseline,False,False,True,True,True,True,True,True,True,fp16-energy-bench-v2,fp16-energy-bench-v2,True,logical_m16n16k16_input_bits_8192,True,bench_json_metadata,True,False,False,False,False,False,missing NCU validation row,missing NCU validation row,missing NCU validation row for tensor activity,,,,,,,,,,,,,True,True,True,159.49391161318653,4.3128032226599995,0.210049118042,162.43872,1005.4361761278531,98.18712657498565,100.0,83968000000.0,8192.0,8192.0,0.15756536622624995,77.8816902632658,931.072,108.3838355151729,0.11640757698134291,0.8835924230186571,0.7100852773378579,15.0,nvml_total_energy_counter,nvml_total_energy_counter,1.1306872427366028,1.0420915464320026,107.61528729620579,1.6767281928999935,32,2,baseline elapsed_s is below 0.25s,,,,,,,,,,,,,,,,,,,,,,,,,,,,,,,,,,,,,,,,,,
pair,launch_shape_tensor_mma_f16acc_t256_b08,5,NVIDIA GeForce RTX 3090,ampere,ga102,82,tensor_mma_f16acc,tensor_baseline_mov,256,2048.0,8,8,strict_nvml_counter,structural_baseline,False,False,True,True,True,True,True,True,True,fp16-energy-bench-v2,fp16-energy-bench-v2,True,logical_m16n16k16_input_bits_8192,True,bench_json_metadata,True,False,False,False,False,False,missing NCU validation row,missing NCU validation row,missing NCU validation row for tensor activity,,,,,,,,,,,,,True,True,True,158.64061371723304,4.336000976559999,0.21274111938499998,161.60023272727273,1005.2460055586964,98.16855523034145,100.0,83968000000.0,8192.0,8192.0,0.2848993361136963,38.89975355849137,960.593,195.97252570967942,0.20401202768464835,0.7959879723153517,0.8192743973860761,15.0,nvml_total_energy_counter,nvml_total_energy_counter,0.9056467196974985,0.986972186661127,-100.0777661027629,-0.5176424774699981,33,2,baseline elapsed_s is below 0.25s,,,,,,,,,,,,,,,,,,,,,,,,,,,,,,,,,,,,,,,,,,
pair,launch_shape_tensor_mma_f16acc_t256_b08,6,NVIDIA GeForce RTX 3090,ampere,ga102,82,tensor_mma_f16acc,tensor_baseline_mov,256,2048.0,8,8,strict_nvml_counter,structural_baseline,False,False,True,True,True,True,True,True,True,fp16-energy-bench-v2,fp16-energy-bench-v2,True,logical_m16n16k16_input_bits_8192,True,bench_json_metadata,True,False,False,False,False,False,missing NCU validation row,missing NCU validation row,missing NCU validation row for tensor activity,,,,,,,,,,,,,True,True,True,158.27336428818458,4.34606201172,0.209374206543,161.21856,1005.2932182938554,98.17316584900931,100.0,83968000000.0,8192.0,8192.0,0.20839210831487961,26.652635699919557,951.534,143.34581596965938,0.1506470772139087,0.8493529227860913,0.8746415307057426,0.0,nvml_total_energy_counter,nvml_total_energy_counter,0.8953674327959749,1.0275666282915543,-111.19618779411383,1.0778590516699964,34,1,baseline elapsed_s is below 0.25s,,,,,,,,,,,,,,,,,,,,,,,,,,,,,,,,,,,,,,,,,,
pair,launch_shape_tensor_mma_f16acc_t256_b08,7,NVIDIA GeForce RTX 3090,ampere,ga102,82,tensor_mma_f16acc,tensor_baseline_mov,256,2048.0,8,8,strict_nvml_counter,structural_baseline,False,False,True,True,True,True,True,True,True,fp16-energy-bench-v2,fp16-energy-bench-v2,True,logical_m16n16k16_input_bits_8192,True,bench_json_metadata,True,False,False,False,False,False,missing NCU validation row,missing NCU validation row,missing NCU validation row for tensor activity,,,,,,,,,,,,,True,True,True,158.37085218098278,4.34338671875,0.210621185303,161.21856,1005.9124249300228,98.23363524707254,100.0,83968000000.0,8192.0,8192.0,0.1440363221340165,16.44196026992975,957.997,99.07766801980699,0.10342168923264582,0.8965783107673542,0.923238472289001,0.0,nvml_total_energy_counter,nvml_total_energy_counter,0.901503888081652,1.1153601994025153,-104.66841128132239,4.445983937899996,33,1,baseline elapsed_s is below 0.25s,,,,,,,,,,,,,,,,,,,,,,,,,,,,,,,,,,,,,,,,,,
pair,launch_shape_tensor_mma_f16acc_t256_b08,8,NVIDIA GeForce RTX 3090,ampere,ga102,82,tensor_mma_f16acc,tensor_baseline_mov,256,2048.0,8,8,strict_nvml_counter,structural_baseline,False,False,True,True,True,True,True,True,True,fp16-energy-bench-v2,fp16-energy-bench-v2,True,logical_m16n16k16_input_bits_8192,True,bench_json_metadata,True,False,False,False,False,False,missing NCU validation row,missing NCU validation row,missing NCU validation row for tensor activity,,,,,,,,,,,,,True,True,True,158.41017310240537,4.34230859375,0.208096282959,161.21856,1006.1621767175138,98.2580250700697,100.0,83968000000.0,8192.0,8192.0,0.1534167449188692,17.99346426088357,948.965,105.53014056835161,0.11120551397401549,0.8887944860259845,0.915217139033389,0.0,nvml_total_energy_counter,nvml_total_energy_counter,0.8914299061213153,1.0872460584987096,-115.57747662502663,3.3487040387500002,33,1,baseline elapsed_s is below 0.25s,,,,,,,,,,,,,,,,,,,,,,,,,,,,,,,,,,,,,,,,,,
pair,launch_shape_tensor_mma_f16acc_t256_b08,9,NVIDIA GeForce RTX 3090,ampere,ga102,82,tensor_mma_f16acc,tensor_baseline_mov,256,2048.0,8,8,strict_nvml_counter,structural_baseline,False,False,True,True,True,True,True,True,True,fp16-energy-bench-v2,fp16-energy-bench-v2,True,logical_m16n16k16_input_bits_8192,True,bench_json_metadata,True,False,False,False,False,False,missing NCU validation row,missing NCU validation row,missing NCU validation row for tensor activity,,,,,,,,,,,,,True,True,True,158.33608866425473,4.344340332030001,0.21045114135700002,161.21856,1005.6916200727561,98.2120722727301,100.0,83968000000.0,8192.0,8192.0,0.06588569917803404,4.29720005978956,923.544,45.32052286325688,0.04907240246621372,0.9509275975337863,0.979185342248426,0.0,nvml_total_energy_counter,nvml_total_energy_counter,0.8682518355008653,1.1126897344596542,-140.13817404025247,4.445852073680001,33,1,baseline elapsed_s is below 0.25s,incremental energy fraction 0.04907 < warning threshold 0.05,,,,,,,,,,,,,,,,,,,,,,,,,,,,,,,,,,,,,,,,,
thread_sweep,,,NVIDIA GeForce RTX 3090,ampere,ga102,82,tensor_mma_f16acc,tensor_baseline_mov,32,32.0,1,8,mixed_or_unavailable,structural_baseline,False,False,,True,True,False,True,True,True,,,True,logical_m16n16k16_input_bits_8192,True,bench_json_metadata,True,False,False,False,False,False,missing NCU validation row,missing NCU validation row,missing NCU validation row for tensor activity,,,,,,,,,,,,,True,True,,,,,,,,,,8192.0,8192.0,,,,,,,,,,,,,,,,,energy source is unavailable or undersampled; baseline elapsed_s is below 0.25s,test elapsed_s 0.2793s < warning threshold 1s,tensor_core_mma_m16n16k16_f16acc,10,5,5,5,False,False,False,no_quality_pass,nan,tensor_model_utilization_pct_mean,not_quality_pass,fp16-energy-bench-v2,fp16-energy-bench-v2,True,23.683368413679155,nan,97.6,38.48028227787235,0.2793105529784,0.06460354309082,162.47808,242.5176925560746,23.683368413679155,1312000000.0,0.5340734734226805,0.25816578281225344,15.835228664556848,48.608000000000004,5.740170421293522,0.11801705181007618,0.8819829481899237,0.9064284336404353,0.0,valid_no_l2,nvml_total_energy_counter:10,"nvml_total_energy_counter:7,unavailable:3",1.0721281291730385,1.096005122904633,3.2650357201716047,0.9660908315000007
thread_sweep,,,NVIDIA GeForce RTX 3090,ampere,ga102,82,tensor_mma_f16acc,tensor_baseline_mov,64,64.0,1,8,mixed_or_unavailable,structural_baseline,False,False,,False,False,False,True,True,True,,,True,logical_m16n16k16_input_bits_8192,True,bench_json_metadata,True,False,False,False,False,False,missing NCU validation row,missing NCU validation row,missing NCU validation row for tensor activity,,,,,,,,,,,,,True,True,,,,,,,,,,8192.0,8192.0,,,,,,,,,,,,,,,,,valid_no_l2_count 1 < required 5; pure_fp16_candidate_count 1 < required 5; energy source is unavailable or undersampled; baseline elapsed_s is below 0.25s,test elapsed_s 0.2758s < warning threshold 1s,tensor_core_mma_m16n16k16_f16acc,10,5,1,1,False,False,False,no_quality_pass,nan,tensor_model_utilization_pct_mean,not_quality_pass,fp16-energy-bench-v2,fp16-energy-bench-v2,True,47.602209788949814,nan,97.5,77.94271585539148,0.27578982543900005,0.0636076469421,163.7376,487.4466282388461,47.602209788949814,2624000000.0,0.4303230982439019,0.0,27.752294407480832,50.243,9.250142697816052,0.1841080886455039,0.8158919113544961,0.8426654412255676,0.0,valid_no_l2,nvml_total_energy_counter:10,"nvml_total_energy_counter:9,unavailable:1",1.1813698203057619,nan,7.713557367889997,nan
thread_sweep,,,NVIDIA GeForce RTX 3090,ampere,ga102,82,tensor_mma_f16acc,tensor_baseline_mov,32,64.0,2,8,mixed_or_unavailable,structural_baseline,False,False,,False,False,False,True,True,True,,,True,logical_m16n16k16_input_bits_8192,True,bench_json_metadata,True,False,False,False,False,False,missing NCU validation row,missing NCU validation row,missing NCU validation row for tensor activity,,,,,,,,,,,,,True,True,,,,,,,,,,8192.0,8192.0,,,,,,,,,,,,,,,,,valid_no_l2_count 2 < required 5; pure_fp16_candidate_count 2 < required 5; energy source is unavailable or undersampled; baseline elapsed_s is below 0.25s,test elapsed_s 0.2762s < warning threshold 1s,tensor_core_mma_m16n16k16_f16acc,10,5,2,2,False,False,False,no_quality_pass,nan,tensor_model_utilization_pct_mean,not_quality_pass,fp16-energy-bench-v2,fp16-energy-bench-v2,True,47.53860185486424,nan,96.16666666666666,77.84052020031221,0.2761850585935,0.06483865356445,163.7376,486.79528299380985,47.53860185486424,2624000000.0,0.2597413327372706,0.026344485425263985,14.669981662679234,49.078,5.583349818184484,0.11385345539190289,0.8861465446080972,0.9146401957988561,0.0,valid_no_l2,nvml_total_energy_counter:10,"nvml_total_energy_counter:7,unavailable:3",1.091368564640066,nan,3.9555891782688377,nan
thread_sweep,,,NVIDIA GeForce RTX 3090,ampere,ga102,82,tensor_mma_f16acc,tensor_baseline_mov,128,128.0,1,8,mixed_or_unavailable,structural_baseline,False,False,,False,False,False,True,True,True,,,True,logical_m16n16k16_input_bits_8192,True,bench_json_metadata,True,False,False,False,False,False,missing NCU validation row,missing NCU validation row,missing NCU validation row for tensor activity,,,,,,,,,,,,,True,True,,,,,,,,,,8192.0,8192.0,,,,,,,,,,,,,,,,,valid_no_l2_count 4 < required 5; pure_fp16_candidate_count 4 < required 5; energy source is unavailable or undersampled; baseline elapsed_s is below 0.25s,test elapsed_s 0.2789s < warning threshold 1s,tensor_core_mma_m16n16k16_f16acc,10,5,4,4,False,False,False,no_quality_pass,nan,tensor_model_utilization_pct_mean,not_quality_pass,fp16-energy-bench-v2,fp16-energy-bench-v2,True,94.88504539752472,nan,96.91666666666667,154.16739996902655,0.27886428070075,0.06448125457762499,162.47808,971.6228648706532,94.88504539752472,5248000000.0,0.2578455883259538,0.12519694062344386,32.35691554504416,62.5905,11.085198520603488,0.17650520455173377,0.8234947954482662,0.851703357967837,0.0,valid_no_l2,nvml_total_energy_counter:10,"nvml_total_energy_counter:8,unavailable:2",1.2463560659618953,nan,12.362225400777174,nan
thread_sweep,,,NVIDIA GeForce RTX 3090,ampere,ga102,82,tensor_mma_f16acc,tensor_baseline_mov,64,128.0,2,8,mixed_or_unavailable,structural_baseline,False,False,,False,False,False,True,True,True,,,True,logical_m16n16k16_input_bits_8192,True,bench_json_metadata,True,False,False,False,False,False,missing NCU validation row,missing NCU validation row,missing NCU validation row for tensor activity,,,,,,,,,,,,,True,True,,,,,,,,,,8192.0,8192.0,,,,,,,,,,,,,,,,,valid_no_l2_count 4 < required 5; pure_fp16_candidate_count 4 < required 5; energy source is unavailable or undersampled; baseline elapsed_s is below 0.25s,test elapsed_s 0.2796s < warning threshold 1s,tensor_core_mma_m16n16k16_f16acc,10,5,4,4,False,False,False,no_quality_pass,nan,tensor_model_utilization_pct_mean,not_quality_pass,fp16-energy-bench-v2,fp16-energy-bench-v2,True,94.63944008876666,nan,98.75,153.7683451789784,0.2795890808105,0.065071870803825,162.47808,969.1078665089707,94.63944008876666,5248000000.0,0.1740401497201803,0.041491092419281866,19.46664955810394,60.9775,7.482267285352499,0.1224783382220199,0.8775216617779801,0.9079608650056508,0.0,valid_no_l2,nvml_total_energy_counter:10,"nvml_total_energy_counter:7,unavailable:3",1.2018916368062944,nan,10.234861065358771,nan
thread_sweep,,,NVIDIA GeForce RTX 3090,ampere,ga102,82,tensor_mma_f16acc,tensor_baseline_mov,32,128.0,4,8,mixed_or_unavailable,structural_baseline,False,False,,True,True,False,True,True,True,,,True,logical_m16n16k16_input_bits_8192,True,bench_json_metadata,True,False,False,False,False,False,missing NCU validation row,missing NCU validation row,missing NCU validation row for tensor activity,,,,,,,,,,,,,True,True,,,,,,,,,,8192.0,8192.0,,,,,,,,,,,,,,,,,energy source is unavailable or undersampled; baseline elapsed_s is below 0.25s,test elapsed_s 0.2793s < warning threshold 1s,tensor_core_mma_m16n16k16_f16acc,10,5,5,5,False,False,False,no_quality_pass,nan,tensor_model_utilization_pct_mean,not_quality_pass,fp16-energy-bench-v2,fp16-energy-bench-v2,True,94.73531739870134,nan,94.13333333333334,153.9241247913159,0.2793057250978,0.06487606506348001,162.47808,970.0896501627018,94.73531739870134,5248000000.0,0.4421566378373777,0.08727964883437372,60.833741126675136,62.720600000000005,19.009028385755613,0.30223669695091415,0.6977633030490858,0.7210386222770493,0.0,valid_no_l2,nvml_total_energy_counter:10,"nvml_total_energy_counter:9,unavailable:1",1.2395137554007871,nan,12.11718069249959,nan
thread_sweep,,,NVIDIA GeForce RTX 3090,ampere,ga102,82,tensor_mma_f16acc,tensor_baseline_mov,256,256.0,1,8,mixed_or_unavailable,structural_baseline,False,False,,True,True,False,True,True,True,,,True,logical_m16n16k16_input_bits_8192,True,bench_json_metadata,True,False,False,False,False,False,missing NCU validation row,missing NCU validation row,missing NCU validation row for tensor activity,,,,,,,,,,,,,True,True,,,,,,,,,,8192.0,8192.0,,,,,,,,,,,,,,,,,energy source is unavailable or undersampled; baseline elapsed_s is below 0.25s,test elapsed_s 0.538s < warning threshold 1s,tensor_core_mma_m16n16k16_f16acc,10,5,5,5,True,False,False,no_quality_pass,nan,tensor_model_utilization_pct_mean,not_quality_pass,fp16-energy-bench-v2,fp16-energy-bench-v2,True,98.36709520510514,99.4,99.57000000000001,159.82496764102692,0.5379841552736,0.06838183898928,162.47808,1007.2790549002768,98.36709520510514,10496000000.0,0.18327427199001278,0.10837846122660764,21.56785643408934,128.382,15.75851424814837,0.12307428405497808,0.876925715945022,0.9059784291475577,0.0,valid_no_l2,nvml_total_energy_counter:10,"nvml_total_energy_counter:7,unavailable:3",1.1079199710694725,nan,12.488342089456054,nan
thread_sweep,,,NVIDIA GeForce RTX 3090,ampere,ga102,82,tensor_mma_f16acc,tensor_baseline_mov,128,256.0,2,8,mixed_or_unavailable,structural_baseline,False,False,,True,True,False,True,True,True,,,True,logical_m16n16k16_input_bits_8192,True,bench_json_metadata,True,False,False,False,False,False,missing NCU validation row,missing NCU validation row,missing NCU validation row for tensor activity,,,,,,,,,,,,,True,True,,,,,,,,,,8192.0,8192.0,,,,,,,,,,,,,,,,,energy source is unavailable or undersampled; baseline elapsed_s is below 0.25s,test elapsed_s 0.5388s < warning threshold 1s,tensor_core_mma_m16n16k16_f16acc,10,5,5,5,False,False,False,no_quality_pass,nan,tensor_model_utilization_pct_mean,not_quality_pass,fp16-energy-bench-v2,fp16-energy-bench-v2,True,98.2193604974254,98.0,99.27000000000001,159.58493112449523,0.5387948120116001,0.0678684677124,162.47808,1005.7662514936361,98.2193604974254,10496000000.0,0.21983833163887442,0.1374425519110031,28.992770482476914,113.1114,18.90241027179828,0.16594150753947073,0.8340584924605293,0.8590280801841196,0.0,valid_no_l2,nvml_total_energy_counter:10,"nvml_total_energy_counter:5,unavailable:5",1.000596321405044,nan,-0.035017824168940594,nan
thread_sweep,,,NVIDIA GeForce RTX 3090,ampere,ga102,82,tensor_mma_f16acc,tensor_baseline_mov,64,256.0,4,8,mixed_or_unavailable,structural_baseline,False,False,,False,False,False,True,True,True,,,True,logical_m16n16k16_input_bits_8192,True,bench_json_metadata,True,False,False,False,False,False,missing NCU validation row,missing NCU validation row,missing NCU validation row for tensor activity,,,,,,,,,,,,,True,True,,,,,,,,,,8192.0,8192.0,,,,,,,,,,,,,,,,,valid_no_l2_count 3 < required 5; pure_fp16_candidate_count 3 < required 5; energy source is unavailable or undersampled; baseline elapsed_s is below 0.25s,test elapsed_s 0.5391s < warning threshold 1s,tensor_core_mma_m16n16k16_f16acc,10,5,3,3,False,False,False,no_quality_pass,nan,tensor_model_utilization_pct_mean,not_quality_pass,fp16-energy-bench-v2,fp16-energy-bench-v2,True,98.16431044863207,99.0,99.61666666666667,159.4954868621768,0.539096415202,0.06796107737223334,162.47808,1005.2025389939923,98.16431044863207,10496000000.0,0.2702451383289621,0.1072473566701286,36.23500212357306,118.81933333333335,23.23655042581124,0.1963100254372048,0.8036899745627952,0.8293900984615834,0.0,valid_no_l2,nvml_total_energy_counter:10,"nvml_total_energy_counter:5,unavailable:5",1.0422885697500412,nan,5.049997390043312,nan
thread_sweep,,,NVIDIA GeForce RTX 3090,ampere,ga102,82,tensor_mma_f16acc,tensor_baseline_mov,32,256.0,8,8,mixed_or_unavailable,structural_baseline,False,False,,False,False,False,True,True,True,,,True,logical_m16n16k16_input_bits_8192,True,bench_json_metadata,True,False,False,False,False,False,missing NCU validation row,missing NCU validation row,missing NCU validation row for tensor activity,,,,,,,,,,,,,True,True,,,,,,,,,,8192.0,8192.0,,,,,,,,,,,,,,,,,valid_no_l2_count 2 < required 5; pure_fp16_candidate_count 2 < required 5; energy source is unavailable or undersampled; baseline elapsed_s is below 0.25s,test elapsed_s 0.536s < warning threshold 1s,tensor_core_mma_m16n16k16_f16acc,10,5,2,2,False,False,False,no_quality_pass,nan,tensor_model_utilization_pct_mean,not_quality_pass,fp16-energy-bench-v2,fp16-energy-bench-v2,True,98.34982673218681,100.0,99.55,160.41741800267113,0.5360142822265,0.0671971206665,163.10784,1007.1022257375929,98.34982673218681,10496000000.0,0.35761242385923464,0.059384800762918175,50.52433476657406,124.305,30.74867200677091,0.24767397829769233,0.7523260217023077,0.7752926643429885,0.0,valid_no_l2,nvml_total_energy_counter:10,"nvml_total_energy_counter:4,unavailable:6",1.1318317836422966,nan,14.354318729436912,nan
thread_sweep,,,NVIDIA GeForce RTX 3090,ampere,ga102,82,tensor_mma_f16acc,tensor_baseline_mov,256,512.0,2,8,mixed_or_unavailable,structural_baseline,False,False,,False,False,False,True,True,True,,,True,logical_m16n16k16_input_bits_8192,True,bench_json_metadata,True,False,False,False,False,False,missing NCU validation row,missing NCU validation row,missing NCU validation row for tensor activity,,,,,,,,,,,,,True,True,,,,,,,,,,8192.0,8192.0,,,,,,,,,,,,,,,,,valid_no_l2_count 4 < required 5; pure_fp16_candidate_count 4 < required 5; energy source is unavailable or undersampled; baseline elapsed_s is below 0.25s,,tensor_core_mma_m16n16k16_f16acc,10,5,4,4,False,False,False,no_quality_pass,nan,tensor_model_utilization_pct_mean,not_quality_pass,fp16-energy-bench-v2,fp16-energy-bench-v2,True,98.13169772275796,100.0,99.58333333333333,159.4424983313409,1.078595092775,0.06803660964965001,162.47808,1004.8685846810417,98.13169772275796,20992000000.0,0.15729236425141663,0.13535906658514324,18.092029435350838,228.00075,27.049011694516125,0.11702096675944541,0.8829790332405546,0.912534888448137,0.0,valid_no_l2,nvml_total_energy_counter:10,"nvml_total_energy_counter:7,unavailable:3",0.8793770415508267,nan,-31.072289625749477,nan
thread_sweep,,,NVIDIA GeForce RTX 3090,ampere,ga102,82,tensor_mma_f16acc,tensor_baseline_mov,128,512.0,4,8,mixed_or_unavailable,structural_baseline,False,False,,False,False,False,True,True,True,,,True,logical_m16n16k16_input_bits_8192,True,bench_json_metadata,True,False,False,False,False,False,missing NCU validation row,missing NCU validation row,missing NCU validation row for tensor activity,,,,,,,,,,,,,True,True,,,,,,,,,,8192.0,8192.0,,,,,,,,,,,,,,,,,valid_no_l2_count 2 < required 5; pure_fp16_candidate_count 2 < required 5; energy source is unavailable or undersampled; baseline elapsed_s is below 0.25s,,tensor_core_mma_m16n16k16_f16acc,10,5,2,2,False,False,False,no_quality_pass,nan,tensor_model_utilization_pct_mean,not_quality_pass,fp16-energy-bench-v2,fp16-energy-bench-v2,True,98.13540053802826,100.0,99.76388888888889,159.44851459449802,1.0785079956099999,0.0708244476318,162.47808,1004.9065015094095,98.13540053802826,20992000000.0,0.11431933699016313,0.14550650361365208,12.636571028621276,236.4755,19.659092149022754,0.08347825970852843,0.9165217402914716,0.9403413553301943,0.0,valid_no_l2,nvml_total_energy_counter:10,"nvml_total_energy_counter:6,unavailable:4",0.9084849757651738,nan,-23.851472160449774,nan
thread_sweep,,,NVIDIA GeForce RTX 3090,ampere,ga102,82,tensor_mma_f16acc,tensor_baseline_mov,64,512.0,8,8,mixed_or_unavailable,structural_baseline,False,False,,False,False,False,True,True,True,,,True,logical_m16n16k16_input_bits_8192,True,bench_json_metadata,True,False,False,False,False,False,missing NCU validation row,missing NCU validation row,missing NCU validation row for tensor activity,,,,,,,,,,,,,True,True,,,,,,,,,,8192.0,8192.0,,,,,,,,,,,,,,,,,valid_no_l2_count 2 < required 5; pure_fp16_candidate_count 2 < required 5; energy source is unavailable or undersampled; baseline elapsed_s is below 0.25s,,tensor_core_mma_m16n16k16_f16acc,10,5,2,2,False,False,False,no_quality_pass,nan,tensor_model_utilization_pct_mean,not_quality_pass,fp16-energy-bench-v2,fp16-energy-bench-v2,True,98.35325876919475,100.0,99.77777777777777,160.42367525736762,1.07200097656,0.07065687942505,163.10784,1007.1373697965541,98.35325876919475,20992000000.0,0.14115765292566146,0.11304955595982781,722.3431029845713,228.675,24.274382440165255,0.10691289191762314,0.8930871080823769,0.544654857670754,0.0,valid_no_l2,nvml_total_energy_counter:10,"nvml_total_energy_counter:6,unavailable:4",4.128472293285991,nan,80.80487396635961,nan
thread_sweep,,,NVIDIA GeForce RTX 3090,ampere,ga102,82,tensor_mma_f16acc,tensor_baseline_mov,256,1024.0,4,8,strict_nvml_counter,structural_baseline,False,False,,True,True,True,True,True,True,,,True,logical_m16n16k16_input_bits_8192,True,bench_json_metadata,True,False,False,False,False,False,missing NCU validation row,missing NCU validation row,missing NCU validation row for tensor activity,,,,,,,,,,,,,True,True,,,,,,,,,,8192.0,8192.0,,,,,,,,,,,,,,,,,baseline elapsed_s is below 0.25s,,tensor_core_mma_m16n16k16_f16acc,10,5,9,9,False,False,False,no_quality_pass,nan,tensor_model_utilization_pct_mean,not_quality_pass,fp16-energy-bench-v2,fp16-energy-bench-v2,True,98.37514079462302,100.0,99.90277777777777,159.7692316950093,2.152692491318889,0.12044155290400001,162.40810666666667,1007.3614417369396,98.37514079462302,41984000000.0,0.3840773138894258,0.062121568273015654,54.708646916337045,462.6734444444444,132.0968351443653,0.28560785583878967,0.7143921441612103,0.7373425991299314,1.6666666666666667,valid_no_l2,nvml_total_energy_counter:10,nvml_total_energy_counter:10,0.8841550695417355,0.9604015600918847,-60.568925108233444,-0.7883714521712499
thread_sweep,,,NVIDIA GeForce RTX 3090,ampere,ga102,82,tensor_mma_f16acc,tensor_baseline_mov,128,1024.0,8,8,strict_nvml_counter,structural_baseline,False,False,,True,True,True,True,True,True,,,True,logical_m16n16k16_input_bits_8192,True,bench_json_metadata,True,False,False,False,False,False,missing NCU validation row,missing NCU validation row,missing NCU validation row for tensor activity,,,,,,,,,,,,,True,True,,,,,,,,,,8192.0,8192.0,,,,,,,,,,,,,,,,,baseline elapsed_s is below 0.25s,,tensor_core_mma_m16n16k16_f16acc,10,5,7,7,False,False,False,no_quality_pass,nan,tensor_model_utilization_pct_mean,not_quality_pass,fp16-energy-bench-v2,fp16-energy-bench-v2,True,98.00221018964636,99.92857142857143,99.81702855967562,159.17775493787926,2.1607149483814285,0.1286301868982857,162.4227164835165,1003.5426323419788,98.00221018964636,41984000000.0,0.46622605649446724,0.08676394501226888,112.37285335398109,469.96842857142855,160.35049272003556,0.340913655823919,0.659086344176081,0.5932190040009395,2.142857142857143,valid_no_l2,nvml_total_energy_counter:10,nvml_total_energy_counter:10,1.084393610813579,0.8874448779694951,10.579360782885301,-2.4071030785814287
thread_sweep,,,NVIDIA GeForce RTX 3090,ampere,ga102,82,tensor_mma_f16acc,tensor_baseline_mov,256,2048.0,8,8,strict_nvml_counter,structural_baseline,False,False,,True,True,True,True,True,True,,,True,logical_m16n16k16_input_bits_8192,True,bench_json_metadata,True,False,False,False,False,False,missing NCU validation row,missing NCU validation row,missing NCU validation row for tensor activity,,,,,,,,,,,,,True,True,,,,,,,,,,8192.0,8192.0,,,,,,,,,,,,,,,,,baseline elapsed_s is below 0.25s,,tensor_core_mma_m16n16k16_f16acc,10,5,7,7,False,False,False,no_quality_pass,nan,tensor_model_utilization_pct_mean,not_quality_pass,fp16-energy-bench-v2,fp16-energy-bench-v2,True,98.21383551066035,100.0,99.92651037687801,158.74041429650728,4.333325055804286,0.20959518214642858,161.62732467532467,1005.7096756291619,98.21383551066035,83968000000.0,0.1772706542921197,0.051913204795178754,38.308039299347406,943.8975714285714,121.938430358329,0.12882849563160234,0.8711715043683977,0.8427086876937345,4.285714285714286,valid_no_l2,nvml_total_energy_counter:10,nvml_total_energy_counter:10,0.9595259193191843,1.0554282401786546,-51.600298161050674,2.154896742209999
