condition,pair_index,repeat_index,gpu,architecture_generation,architecture_chip,gpu_product_class,recommended_cuda_arch,sm_count,fp16_tensor_instruction_path,wgmma_supported,benchmark_uses_wgmma,fp16_path,test_benchmark_schema_version,baseline_benchmark_schema_version,test_benchmark_schema_features,baseline_benchmark_schema_features,test_bench_build_git_commit,baseline_bench_build_git_commit,test_kernel,baseline_kernel,blocks,threads,threads_per_sm,blocks_per_sm_requested,iters,unroll,elapsed_s,baseline_elapsed_s,fp16_ops,memory_bytes,memory_bits,matmul_input_bits,matmul_accumulator_read_bits,matmul_output_bits,matmul_arithmetic_read_bits,matmul_register_read_write_bits,matmul_logical_mma_count,matmul_flops_per_logical_mma,matmul_input_bits_per_logical_mma,matmul_accumulator_bits_per_logical_mma,matmul_output_bits_per_logical_mma,matmul_arithmetic_read_bits_per_logical_mma,matmul_register_read_write_bits_per_logical_mma,matmul_denominator_metadata_complete,matmul_denominator_source,matmul_denominator_valid,matmul_denominator_note,tensor_model_architecture_chip,tensor_model_reference_note,tensor_model_reference_url,tensor_model_reference_dense_tflops,tensor_model_reference_sparse_tflops,tensor_model_flop_per_sm_cycle,tensor_model_clock_mhz,tensor_model_clock_source,tensor_model_common_instruction_path,tensor_model_normalization_scope,tensor_peak_tflops_model,achieved_flops_per_sm_cycle,tensor_model_utilization_pct,suppress_output_store,expected_l2_touch,tflops,memory_gbps,test_avg_power_w,baseline_avg_power_w,test_energy_j,baseline_energy_j,test_energy_source,baseline_energy_source,test_power_trace_energy_j,baseline_power_trace_energy_j,test_power_trace_avg_power_w,baseline_power_trace_avg_power_w,test_power_trace_query_modes,baseline_power_trace_query_modes,test_avg_power_draw_average_w,baseline_avg_power_draw_average_w,test_avg_power_draw_instant_w,baseline_avg_power_draw_instant_w,test_avg_power_limit_w,baseline_avg_power_limit_w,test_nvml_energy_delta_j,baseline_nvml_energy_delta_j,test_energy_counter_vs_trace_delta_j,baseline_energy_counter_vs_trace_delta_j,test_energy_counter_vs_trace_ratio,baseline_energy_counter_vs_trace_ratio,baseline_scaled_energy_j,baseline_energy_fraction,incremental_energy_fraction,baseline_power_fraction,energy_sources_match,incremental_power_w,incremental_energy_j,pj_per_flop,w_per_tflops,incremental_pj_per_bit,total_pj_per_bit,matmul_input_pj_per_bit,matmul_arithmetic_read_pj_per_bit,matmul_register_read_write_pj_per_bit,test_power_samples,baseline_power_samples,test_sm_util_samples,baseline_sm_util_samples,avg_sm_clock_mhz,clock_span_mhz,max_temp_c,avg_gpu_util_pct,max_gpu_util_pct,avg_sm_util_pct,max_sm_util_pct,valid_basic,valid_no_l2,pure_fp16_candidate,separation_quality,test_run_id,baseline_run_id,test_power_csv,baseline_power_csv,test_sm_util_csv,baseline_sm_util_csv
launch_shape_tensor_mma_f16acc_t032_b01,0,0,NVIDIA GeForce RTX 3090,ampere,ga102,consumer,86,82,benchmark uses warp-level HMMA mma.sync m16n8k16 pairs,False,False,tensor_core_mma_m16n16k16_f16acc,fp16-energy-bench-v2,fp16-energy-bench-v2,"nvml_timed_energy_counter,explicit_m16n16k16_denominator,strict_denominator_provenance,tensor_no_memory_warpsync_baseline","nvml_timed_energy_counter,explicit_m16n16k16_denominator,strict_denominator_provenance,tensor_no_memory_warpsync_baseline",d46eadcde2d6,d46eadcde2d6,tensor_mma_f16acc,tensor_baseline_mov,82,32,32.0,1,1000000,8,0.28751974487299997,0.0712761611938,10747904000000.0,0.0,0.0,10747904000000.0,5373952000000.0,5373952000000.0,16121856000000.0,21495808000000.0,1312000000.0,8192.0,8192.0,4096.0,4096.0,12288.0,16384.0,True,bench_json_metadata,True,logical_m16n16k16_input_bits_8192,ga102,"RTX 3090 FE dense FP16 Tensor Core peak, no sparsity",https://www.nvidia.com/content/dam/en-zz/Solutions/geforce/ampere/pdf/NVIDIA-ampere-GA102-GPU-Architecture-Whitepaper-V1.pdf,142.0,284.0,1024.0,1965.0,measured_avg_sm_clock_mhz,warp-level HMMA mma.sync.aligned.m16n8k16 pair -> logical m16n16k16,"dense FP16 Tensor Core HMMA normalization only; no sparsity, no WGMMA",164.99712,231.99557274754872,22.65581765112781,True,False,37.38144663681253,nan,151.85407774199783,nan,44.994,nan,nvml_total_energy_counter,unavailable,43.86982384048,nan,148.06,nan,average_instant,average_instant,148.06,nan,168.255,nan,370.0,nan,44.994,0.0,1.1241761595199975,nan,1.0256252717952035,nan,nan,nan,nan,nan,False,nan,nan,nan,nan,nan,nan,nan,nan,nan,2,0,0,0,1965.0,0.0,53.0,98.5,99.0,nan,nan,False,False,False,invalid_or_nonpositive_increment,launch_shape_tensor_mma_f16acc_t032_b01_rep000_test_a025a255,launch_shape_tensor_mma_f16acc_t032_b01_rep000_baseline_903da7d3,results/diagnostic_fp16_launch_shape_rtx3090_20260602_125100/raw/launch_shape_tensor_mma_f16acc_t032_b01_rep000_test_a025a255/power.csv,results/diagnostic_fp16_launch_shape_rtx3090_20260602_125100/raw/launch_shape_tensor_mma_f16acc_t032_b01_rep000_baseline_903da7d3/power.csv,results/diagnostic_fp16_launch_shape_rtx3090_20260602_125100/raw/launch_shape_tensor_mma_f16acc_t032_b01_rep000_test_a025a255/sm_util.csv,results/diagnostic_fp16_launch_shape_rtx3090_20260602_125100/raw/launch_shape_tensor_mma_f16acc_t032_b01_rep000_baseline_903da7d3/sm_util.csv
launch_shape_tensor_mma_f16acc_t032_b01,1,1,NVIDIA GeForce RTX 3090,ampere,ga102,consumer,86,82,benchmark uses warp-level HMMA mma.sync m16n8k16 pairs,False,False,tensor_core_mma_m16n16k16_f16acc,fp16-energy-bench-v2,fp16-energy-bench-v2,"nvml_timed_energy_counter,explicit_m16n16k16_denominator,strict_denominator_provenance,tensor_no_memory_warpsync_baseline","nvml_timed_energy_counter,explicit_m16n16k16_denominator,strict_denominator_provenance,tensor_no_memory_warpsync_baseline",d46eadcde2d6,d46eadcde2d6,tensor_mma_f16acc,tensor_baseline_mov,82,32,32.0,1,1000000,8,0.27683941650399996,0.0643471069336,10747904000000.0,0.0,0.0,10747904000000.0,5373952000000.0,5373952000000.0,16121856000000.0,21495808000000.0,1312000000.0,8192.0,8192.0,4096.0,4096.0,12288.0,16384.0,True,bench_json_metadata,True,logical_m16n16k16_input_bits_8192,ga102,"RTX 3090 FE dense FP16 Tensor Core peak, no sparsity",https://www.nvidia.com/content/dam/en-zz/Solutions/geforce/ampere/pdf/NVIDIA-ampere-GA102-GPU-Architecture-Whitepaper-V1.pdf,142.0,284.0,1024.0,1935.0,measured_avg_sm_clock_mhz,warp-level HMMA mma.sync.aligned.m16n8k16 pair -> logical m16n16k16,"dense FP16 Tensor Core HMMA normalization only; no sparsity, no WGMMA",162.47808,244.6814422442611,23.894672094166122,True,False,38.82360444089691,nan,164.3058576788879,200.33471765945578,46.928,13.332,nvml_total_energy_counter,nvml_total_energy_counter,43.56036979513999,nan,152.515,nan,average_instant,average_instant,152.515,nan,174.2,nan,370.0,nan,46.928,13.332,3.3676302048600064,nan,1.0773094953210367,nan,55.46054634233732,1.181822075143567,-0.18182207514356716,1.2192792179751808,True,-36.02885998056789,-8.53254634233732,-0.7938800292910431,-0.9280142969573163,nan,nan,-0.7938800292910431,-0.5292533528606954,-0.39694001464552153,2,0,0,0,1935.0,0.0,62.0,99.0,100.0,nan,nan,False,False,False,invalid_or_nonpositive_increment,launch_shape_tensor_mma_f16acc_t032_b01_rep001_test_9d633d97,launch_shape_tensor_mma_f16acc_t032_b01_rep001_baseline_08cfd00a,results/diagnostic_fp16_launch_shape_rtx3090_20260602_125100/raw/launch_shape_tensor_mma_f16acc_t032_b01_rep001_test_9d633d97/power.csv,results/diagnostic_fp16_launch_shape_rtx3090_20260602_125100/raw/launch_shape_tensor_mma_f16acc_t032_b01_rep001_baseline_08cfd00a/power.csv,results/diagnostic_fp16_launch_shape_rtx3090_20260602_125100/raw/launch_shape_tensor_mma_f16acc_t032_b01_rep001_test_9d633d97/sm_util.csv,results/diagnostic_fp16_launch_shape_rtx3090_20260602_125100/raw/launch_shape_tensor_mma_f16acc_t032_b01_rep001_baseline_08cfd00a/sm_util.csv
launch_shape_tensor_mma_f16acc_t032_b01,2,2,NVIDIA GeForce RTX 3090,ampere,ga102,consumer,86,82,benchmark uses warp-level HMMA mma.sync m16n8k16 pairs,False,False,tensor_core_mma_m16n16k16_f16acc,fp16-energy-bench-v2,fp16-energy-bench-v2,"nvml_timed_energy_counter,explicit_m16n16k16_denominator,strict_denominator_provenance,tensor_no_memory_warpsync_baseline","nvml_timed_energy_counter,explicit_m16n16k16_denominator,strict_denominator_provenance,tensor_no_memory_warpsync_baseline",d46eadcde2d6,d46eadcde2d6,tensor_mma_f16acc,tensor_baseline_mov,82,32,32.0,1,1000000,8,0.278381469727,0.06458982086180001,10747904000000.0,0.0,0.0,10747904000000.0,5373952000000.0,5373952000000.0,16121856000000.0,21495808000000.0,1312000000.0,8192.0,8192.0,4096.0,4096.0,12288.0,16384.0,True,bench_json_metadata,True,logical_m16n16k16_input_bits_8192,ga102,"RTX 3090 FE dense FP16 Tensor Core peak, no sparsity",https://www.nvidia.com/content/dam/en-zz/Solutions/geforce/ampere/pdf/NVIDIA-ampere-GA102-GPU-Architecture-Whitepaper-V1.pdf,142.0,284.0,1024.0,1935.0,measured_avg_sm_clock_mhz,warp-level HMMA mma.sync.aligned.m16n8k16 pair -> logical m16n16k16,"dense FP16 Tensor Core HMMA normalization only; no sparsity, no WGMMA",162.47808,243.32606536881357,23.762311071173198,True,False,38.608546792069646,nan,169.70779413263676,136.20451881455796,48.718,9.119,nvml_total_energy_counter,nvml_total_energy_counter,44.59580348302971,nan,155.3482375441835,nan,average_instant,average_instant,155.12666666666667,nan,176.39666666666668,nan,370.0,nan,48.718,9.119,4.122196516970291,nan,1.092434628261355,nan,37.91681413105547,0.7782916813304213,0.2217083186695787,0.8025825773688744,True,33.503275318078806,10.801185868944536,1.004957419506588,0.8677683596462252,nan,nan,1.004957419506588,0.6699716130043921,0.502478709753294,3,0,0,0,1935.0,0.0,65.0,99.33333333333333,100.0,nan,nan,True,True,True,pure_fp16_candidate_no_l2,launch_shape_tensor_mma_f16acc_t032_b01_rep002_test_8c8f8e88,launch_shape_tensor_mma_f16acc_t032_b01_rep002_baseline_ec6f9cec,results/diagnostic_fp16_launch_shape_rtx3090_20260602_125100/raw/launch_shape_tensor_mma_f16acc_t032_b01_rep002_test_8c8f8e88/power.csv,results/diagnostic_fp16_launch_shape_rtx3090_20260602_125100/raw/launch_shape_tensor_mma_f16acc_t032_b01_rep002_baseline_ec6f9cec/power.csv,results/diagnostic_fp16_launch_shape_rtx3090_20260602_125100/raw/launch_shape_tensor_mma_f16acc_t032_b01_rep002_test_8c8f8e88/sm_util.csv,results/diagnostic_fp16_launch_shape_rtx3090_20260602_125100/raw/launch_shape_tensor_mma_f16acc_t032_b01_rep002_baseline_ec6f9cec/sm_util.csv
launch_shape_tensor_mma_f16acc_t032_b01,3,3,NVIDIA GeForce RTX 3090,ampere,ga102,consumer,86,82,benchmark uses warp-level HMMA mma.sync m16n8k16 pairs,False,False,tensor_core_mma_m16n16k16_f16acc,fp16-energy-bench-v2,fp16-energy-bench-v2,"nvml_timed_energy_counter,explicit_m16n16k16_denominator,strict_denominator_provenance,tensor_no_memory_warpsync_baseline","nvml_timed_energy_counter,explicit_m16n16k16_denominator,strict_denominator_provenance,tensor_no_memory_warpsync_baseline",d46eadcde2d6,d46eadcde2d6,tensor_mma_f16acc,tensor_baseline_mov,82,32,32.0,1,1000000,8,0.279052276611,0.06459391784669999,10747904000000.0,0.0,0.0,10747904000000.0,5373952000000.0,5373952000000.0,16121856000000.0,21495808000000.0,1312000000.0,8192.0,8192.0,4096.0,4096.0,12288.0,16384.0,True,bench_json_metadata,True,logical_m16n16k16_input_bits_8192,ga102,"RTX 3090 FE dense FP16 Tensor Core peak, no sparsity",https://www.nvidia.com/content/dam/en-zz/Solutions/geforce/ampere/pdf/NVIDIA-ampere-GA102-GPU-Architecture-Whitepaper-V1.pdf,142.0,284.0,1024.0,1935.0,measured_avg_sm_clock_mhz,warp-level HMMA mma.sync.aligned.m16n8k16 pair -> logical m16n16k16,"dense FP16 Tensor Core HMMA normalization only; no sparsity, no WGMMA",162.47808,242.74113984271375,23.70518943776501,True,False,38.51573665884339,nan,171.77795070531846,160.86294857160522,49.41,10.784,nvml_total_energy_counter,nvml_total_energy_counter,45.375905333608564,nan,157.75308701893968,nan,average_instant,average_instant,157.51,nan,177.4466666666667,nan,370.0,nan,49.41,10.784,4.034094666391432,nan,1.0889038937456417,nan,44.88917202126465,0.9085037850893474,0.09149621491065266,0.9364586543913445,True,10.915002133713244,4.520827978735348,0.4206241494839689,0.2833907145641238,nan,nan,0.4206241494839689,0.2804160996559793,0.21031207474198446,3,0,0,0,1935.0,0.0,65.0,99.33333333333333,100.0,nan,nan,True,True,True,pure_fp16_candidate_no_l2,launch_shape_tensor_mma_f16acc_t032_b01_rep003_test_ad14f1f9,launch_shape_tensor_mma_f16acc_t032_b01_rep003_baseline_62c47a05,results/diagnostic_fp16_launch_shape_rtx3090_20260602_125100/raw/launch_shape_tensor_mma_f16acc_t032_b01_rep003_test_ad14f1f9/power.csv,results/diagnostic_fp16_launch_shape_rtx3090_20260602_125100/raw/launch_shape_tensor_mma_f16acc_t032_b01_rep003_baseline_62c47a05/power.csv,results/diagnostic_fp16_launch_shape_rtx3090_20260602_125100/raw/launch_shape_tensor_mma_f16acc_t032_b01_rep003_test_ad14f1f9/sm_util.csv,results/diagnostic_fp16_launch_shape_rtx3090_20260602_125100/raw/launch_shape_tensor_mma_f16acc_t032_b01_rep003_baseline_62c47a05/sm_util.csv
launch_shape_tensor_mma_f16acc_t032_b01,4,4,NVIDIA GeForce RTX 3090,ampere,ga102,consumer,86,82,benchmark uses warp-level HMMA mma.sync m16n8k16 pairs,False,False,tensor_core_mma_m16n16k16_f16acc,fp16-energy-bench-v2,fp16-energy-bench-v2,"nvml_timed_energy_counter,explicit_m16n16k16_denominator,strict_denominator_provenance,tensor_no_memory_warpsync_baseline","nvml_timed_energy_counter,explicit_m16n16k16_denominator,strict_denominator_provenance,tensor_no_memory_warpsync_baseline",d46eadcde2d6,d46eadcde2d6,tensor_mma_f16acc,tensor_baseline_mov,82,32,32.0,1,1000000,8,0.279318115234,0.06459391784669999,10747904000000.0,0.0,0.0,10747904000000.0,5373952000000.0,5373952000000.0,16121856000000.0,21495808000000.0,1312000000.0,8192.0,8192.0,4096.0,4096.0,12288.0,16384.0,True,bench_json_metadata,True,logical_m16n16k16_input_bits_8192,ga102,"RTX 3090 FE dense FP16 Tensor Core peak, no sparsity",https://www.nvidia.com/content/dam/en-zz/Solutions/geforce/ampere/pdf/NVIDIA-ampere-GA102-GPU-Architecture-Whitepaper-V1.pdf,142.0,284.0,1024.0,1935.0,measured_avg_sm_clock_mhz,warp-level HMMA mma.sync.aligned.m16n8k16 pair -> logical m16n16k16,"dense FP16 Tensor Core HMMA normalization only; no sparsity, no WGMMA",162.47808,242.51011304265398,23.682628226821674,True,False,38.479079636477906,nan,166.94157503424276,155.42810932847635,48.02,10.385,nvml_total_energy_counter,nvml_total_energy_counter,45.50587051651416,nan,158.20120152709669,nan,average_instant,average_instant,157.97,nan,177.8066666666667,nan,370.0,nan,48.02,10.385,2.5141294834858456,nan,1.055248464757387,nan,43.41388655201411,0.9040792701377366,0.09592072986226344,0.9310329634579955,True,11.513465705766407,4.606113447985891,0.42855922866317847,0.2992136458183818,nan,nan,0.42855922866317847,0.285706152442119,0.21427961433158924,3,0,0,0,1935.0,0.0,66.0,91.33333333333333,100.0,nan,nan,True,True,True,pure_fp16_candidate_no_l2,launch_shape_tensor_mma_f16acc_t032_b01_rep004_test_8babd80f,launch_shape_tensor_mma_f16acc_t032_b01_rep004_baseline_1d9dab02,results/diagnostic_fp16_launch_shape_rtx3090_20260602_125100/raw/launch_shape_tensor_mma_f16acc_t032_b01_rep004_test_8babd80f/power.csv,results/diagnostic_fp16_launch_shape_rtx3090_20260602_125100/raw/launch_shape_tensor_mma_f16acc_t032_b01_rep004_baseline_1d9dab02/power.csv,results/diagnostic_fp16_launch_shape_rtx3090_20260602_125100/raw/launch_shape_tensor_mma_f16acc_t032_b01_rep004_test_8babd80f/sm_util.csv,results/diagnostic_fp16_launch_shape_rtx3090_20260602_125100/raw/launch_shape_tensor_mma_f16acc_t032_b01_rep004_baseline_1d9dab02/sm_util.csv
launch_shape_tensor_mma_f16acc_t032_b01,5,5,NVIDIA GeForce RTX 3090,ampere,ga102,consumer,86,82,benchmark uses warp-level HMMA mma.sync m16n8k16 pairs,False,False,tensor_core_mma_m16n16k16_f16acc,fp16-energy-bench-v2,fp16-energy-bench-v2,"nvml_timed_energy_counter,explicit_m16n16k16_denominator,strict_denominator_provenance,tensor_no_memory_warpsync_baseline","nvml_timed_energy_counter,explicit_m16n16k16_denominator,strict_denominator_provenance,tensor_no_memory_warpsync_baseline",d46eadcde2d6,d46eadcde2d6,tensor_mma_f16acc,tensor_baseline_mov,82,32,32.0,1,1000000,8,0.280896514893,0.0645897903442,10747904000000.0,0.0,0.0,10747904000000.0,5373952000000.0,5373952000000.0,16121856000000.0,21495808000000.0,1312000000.0,8192.0,8192.0,4096.0,4096.0,12288.0,16384.0,True,bench_json_metadata,True,logical_m16n16k16_input_bits_8192,ga102,"RTX 3090 FE dense FP16 Tensor Core peak, no sparsity",https://www.nvidia.com/content/dam/en-zz/Solutions/geforce/ampere/pdf/NVIDIA-ampere-GA102-GPU-Architecture-Whitepaper-V1.pdf,142.0,284.0,1024.0,1935.0,measured_avg_sm_clock_mhz,warp-level HMMA mma.sync.aligned.m16n8k16 pair -> logical m16n16k16,"dense FP16 Tensor Core HMMA normalization only; no sparsity, no WGMMA",162.47808,241.1474123346143,23.549551985802175,True,False,38.26285991513325,nan,175.96844965883014,186.9713579394449,50.057,12.302,nvml_total_energy_counter,nvml_total_energy_counter,44.95963663013445,nan,158.04937481329503,nan,average_instant,average_instant,158.26999999999998,nan,178.36666666666667,nan,370.0,nan,50.057,12.302,5.097363369865555,nan,1.1133764361086722,nan,52.51960283000172,1.049195973190597,-0.04919597319059714,1.0625277332496101,True,-11.002908280614776,-2.462602830001721,-0.22912400687629153,-0.28756105280732147,nan,nan,-0.22912400687629153,-0.15274933791752768,-0.11456200343814577,3,0,0,0,1935.0,0.0,66.0,99.33333333333333,100.0,nan,nan,False,False,False,invalid_or_nonpositive_increment,launch_shape_tensor_mma_f16acc_t032_b01_rep005_test_381ca38f,launch_shape_tensor_mma_f16acc_t032_b01_rep005_baseline_3bc4b083,results/diagnostic_fp16_launch_shape_rtx3090_20260602_125100/raw/launch_shape_tensor_mma_f16acc_t032_b01_rep005_test_381ca38f/power.csv,results/diagnostic_fp16_launch_shape_rtx3090_20260602_125100/raw/launch_shape_tensor_mma_f16acc_t032_b01_rep005_baseline_3bc4b083/power.csv,results/diagnostic_fp16_launch_shape_rtx3090_20260602_125100/raw/launch_shape_tensor_mma_f16acc_t032_b01_rep005_test_381ca38f/sm_util.csv,results/diagnostic_fp16_launch_shape_rtx3090_20260602_125100/raw/launch_shape_tensor_mma_f16acc_t032_b01_rep005_baseline_3bc4b083/sm_util.csv
launch_shape_tensor_mma_f16acc_t032_b01,6,6,NVIDIA GeForce RTX 3090,ampere,ga102,consumer,86,82,benchmark uses warp-level HMMA mma.sync m16n8k16 pairs,False,False,tensor_core_mma_m16n16k16_f16acc,fp16-energy-bench-v2,fp16-energy-bench-v2,"nvml_timed_energy_counter,explicit_m16n16k16_denominator,strict_denominator_provenance,tensor_no_memory_warpsync_baseline","nvml_timed_energy_counter,explicit_m16n16k16_denominator,strict_denominator_provenance,tensor_no_memory_warpsync_baseline",d46eadcde2d6,d46eadcde2d6,tensor_mma_f16acc,tensor_baseline_mov,82,32,32.0,1,1000000,8,0.279938934326,0.06458982086180001,10747904000000.0,0.0,0.0,10747904000000.0,5373952000000.0,5373952000000.0,16121856000000.0,21495808000000.0,1312000000.0,8192.0,8192.0,4096.0,4096.0,12288.0,16384.0,True,bench_json_metadata,True,logical_m16n16k16_input_bits_8192,ga102,"RTX 3090 FE dense FP16 Tensor Core peak, no sparsity",https://www.nvidia.com/content/dam/en-zz/Solutions/geforce/ampere/pdf/NVIDIA-ampere-GA102-GPU-Architecture-Whitepaper-V1.pdf,142.0,284.0,1024.0,1935.0,measured_avg_sm_clock_mhz,warp-level HMMA mma.sync.aligned.m16n8k16 pair -> logical m16n16k16,"dense FP16 Tensor Core HMMA normalization only; no sparsity, no WGMMA",162.47808,241.97229964937793,23.630107387634563,True,False,38.3937447853668,nan,170.03781557500415,164.2911679234045,48.374,11.029,nvml_total_energy_counter,nvml_total_energy_counter,45.27548988081922,10.0629091685,159.1463471787056,149.9,average_instant,average_instant,158.91,149.9,178.53666666666666,165.91,370.0,370.0,48.374,11.029,3.09851011918078,0.9660908315000007,1.068436810453893,1.096005122904633,45.99149446765176,0.9507482215167602,0.04925177848323976,0.9662037080859533,True,5.746647651599659,2.3825055323482403,0.22167164242890894,0.14967666435574964,nan,nan,0.22167164242890894,0.14778109495260597,0.11083582121445447,3,1,0,0,1935.0,0.0,66.0,99.33333333333333,100.0,nan,nan,True,True,True,pure_fp16_candidate_no_l2,launch_shape_tensor_mma_f16acc_t032_b01_rep006_test_8cd07c8b,launch_shape_tensor_mma_f16acc_t032_b01_rep006_baseline_0575eaf8,results/diagnostic_fp16_launch_shape_rtx3090_20260602_125100/raw/launch_shape_tensor_mma_f16acc_t032_b01_rep006_test_8cd07c8b/power.csv,results/diagnostic_fp16_launch_shape_rtx3090_20260602_125100/raw/launch_shape_tensor_mma_f16acc_t032_b01_rep006_baseline_0575eaf8/power.csv,results/diagnostic_fp16_launch_shape_rtx3090_20260602_125100/raw/launch_shape_tensor_mma_f16acc_t032_b01_rep006_test_8cd07c8b/sm_util.csv,results/diagnostic_fp16_launch_shape_rtx3090_20260602_125100/raw/launch_shape_tensor_mma_f16acc_t032_b01_rep006_baseline_0575eaf8/sm_util.csv
launch_shape_tensor_mma_f16acc_t032_b01,7,7,NVIDIA GeForce RTX 3090,ampere,ga102,consumer,86,82,benchmark uses warp-level HMMA mma.sync m16n8k16 pairs,False,False,tensor_core_mma_m16n16k16_f16acc,fp16-energy-bench-v2,fp16-energy-bench-v2,"nvml_timed_energy_counter,explicit_m16n16k16_denominator,strict_denominator_provenance,tensor_no_memory_warpsync_baseline","nvml_timed_energy_counter,explicit_m16n16k16_denominator,strict_denominator_provenance,tensor_no_memory_warpsync_baseline",d46eadcde2d6,d46eadcde2d6,tensor_mma_f16acc,tensor_baseline_mov,82,32,32.0,1,1000000,8,0.278132415771,0.0655390701294,10747904000000.0,0.0,0.0,10747904000000.0,5373952000000.0,5373952000000.0,16121856000000.0,21495808000000.0,1312000000.0,8192.0,8192.0,4096.0,4096.0,12288.0,16384.0,True,bench_json_metadata,True,logical_m16n16k16_input_bits_8192,ga102,"RTX 3090 FE dense FP16 Tensor Core peak, no sparsity",https://www.nvidia.com/content/dam/en-zz/Solutions/geforce/ampere/pdf/NVIDIA-ampere-GA102-GPU-Architecture-Whitepaper-V1.pdf,142.0,284.0,1024.0,1935.0,measured_avg_sm_clock_mhz,warp-level HMMA mma.sync.aligned.m16n8k16 pair -> logical m16n16k16,"dense FP16 Tensor Core HMMA normalization only; no sparsity, no WGMMA",162.47808,243.54395194276802,23.78358905691094,True,False,38.643118854759,nan,167.53863552799675,nan,48.061,nan,nvml_total_energy_counter,unavailable,40.16686180349999,nan,140.01999999999998,nan,average_instant,average_instant,140.01999999999998,nan,177.785,nan,370.0,nan,48.061,0.0,7.894138196500009,nan,1.1965336061133893,nan,nan,nan,nan,nan,False,nan,nan,nan,nan,nan,nan,nan,nan,nan,2,0,0,0,1935.0,0.0,65.0,99.0,100.0,nan,nan,False,False,False,invalid_or_nonpositive_increment,launch_shape_tensor_mma_f16acc_t032_b01_rep007_test_e0bd3759,launch_shape_tensor_mma_f16acc_t032_b01_rep007_baseline_9d55c6f3,results/diagnostic_fp16_launch_shape_rtx3090_20260602_125100/raw/launch_shape_tensor_mma_f16acc_t032_b01_rep007_test_e0bd3759/power.csv,results/diagnostic_fp16_launch_shape_rtx3090_20260602_125100/raw/launch_shape_tensor_mma_f16acc_t032_b01_rep007_baseline_9d55c6f3/power.csv,results/diagnostic_fp16_launch_shape_rtx3090_20260602_125100/raw/launch_shape_tensor_mma_f16acc_t032_b01_rep007_test_e0bd3759/sm_util.csv,results/diagnostic_fp16_launch_shape_rtx3090_20260602_125100/raw/launch_shape_tensor_mma_f16acc_t032_b01_rep007_baseline_9d55c6f3/sm_util.csv
launch_shape_tensor_mma_f16acc_t032_b01,8,8,NVIDIA GeForce RTX 3090,ampere,ga102,consumer,86,82,benchmark uses warp-level HMMA mma.sync m16n8k16 pairs,False,False,tensor_core_mma_m16n16k16_f16acc,fp16-energy-bench-v2,fp16-energy-bench-v2,"nvml_timed_energy_counter,explicit_m16n16k16_denominator,strict_denominator_provenance,tensor_no_memory_warpsync_baseline","nvml_timed_energy_counter,explicit_m16n16k16_denominator,strict_denominator_provenance,tensor_no_memory_warpsync_baseline",d46eadcde2d6,d46eadcde2d6,tensor_mma_f16acc,tensor_baseline_mov,82,32,32.0,1,1000000,8,0.279861968994,0.0646502380371,10747904000000.0,0.0,0.0,10747904000000.0,5373952000000.0,5373952000000.0,16121856000000.0,21495808000000.0,1312000000.0,8192.0,8192.0,4096.0,4096.0,12288.0,16384.0,True,bench_json_metadata,True,logical_m16n16k16_input_bits_8192,ga102,"RTX 3090 FE dense FP16 Tensor Core peak, no sparsity",https://www.nvidia.com/content/dam/en-zz/Solutions/geforce/ampere/pdf/NVIDIA-ampere-GA102-GPU-Architecture-Whitepaper-V1.pdf,142.0,284.0,1024.0,1935.0,measured_avg_sm_clock_mhz,warp-level HMMA mma.sync.aligned.m16n8k16 pair -> logical m16n16k16,"dense FP16 Tensor Core HMMA normalization only; no sparsity, no WGMMA",162.47808,242.03884487681367,23.636605945001335,True,False,38.404303516604024,nan,168.02831896743962,150.5305664538135,48.518,10.074,nvml_total_energy_counter,nvml_total_energy_counter,45.961752185170326,nan,159.1754803675381,nan,average_instant,average_instant,159.17,nan,178.53,nan,370.0,nan,48.518,10.074,2.556247814829675,nan,1.055616848646916,nan,42.12778072154641,0.8682917828753536,0.13170821712464637,0.8958642648980091,True,17.497752513626125,6.390219278453593,0.5945549270307581,0.4556195767503245,nan,nan,0.5945549270307581,0.39636995135383873,0.29727746351537904,3,0,0,0,1935.0,0.0,67.0,98.66666666666667,100.0,nan,nan,True,True,True,pure_fp16_candidate_no_l2,launch_shape_tensor_mma_f16acc_t032_b01_rep008_test_1b257afd,launch_shape_tensor_mma_f16acc_t032_b01_rep008_baseline_3362f873,results/diagnostic_fp16_launch_shape_rtx3090_20260602_125100/raw/launch_shape_tensor_mma_f16acc_t032_b01_rep008_test_1b257afd/power.csv,results/diagnostic_fp16_launch_shape_rtx3090_20260602_125100/raw/launch_shape_tensor_mma_f16acc_t032_b01_rep008_baseline_3362f873/power.csv,results/diagnostic_fp16_launch_shape_rtx3090_20260602_125100/raw/launch_shape_tensor_mma_f16acc_t032_b01_rep008_test_1b257afd/sm_util.csv,results/diagnostic_fp16_launch_shape_rtx3090_20260602_125100/raw/launch_shape_tensor_mma_f16acc_t032_b01_rep008_baseline_3362f873/sm_util.csv
launch_shape_tensor_mma_f16acc_t032_b01,9,9,NVIDIA GeForce RTX 3090,ampere,ga102,consumer,86,82,benchmark uses warp-level HMMA mma.sync m16n8k16 pairs,False,False,tensor_core_mma_m16n16k16_f16acc,fp16-energy-bench-v2,fp16-energy-bench-v2,"nvml_timed_energy_counter,explicit_m16n16k16_denominator,strict_denominator_provenance,tensor_no_memory_warpsync_baseline","nvml_timed_energy_counter,explicit_m16n16k16_denominator,strict_denominator_provenance,tensor_no_memory_warpsync_baseline",d46eadcde2d6,d46eadcde2d6,tensor_mma_f16acc,tensor_baseline_mov,82,32,32.0,1,1000000,8,0.279273468018,0.0648476791382,10747904000000.0,0.0,0.0,10747904000000.0,5373952000000.0,5373952000000.0,16121856000000.0,21495808000000.0,1312000000.0,8192.0,8192.0,4096.0,4096.0,12288.0,16384.0,True,bench_json_metadata,True,logical_m16n16k16_input_bits_8192,ga102,"RTX 3090 FE dense FP16 Tensor Core peak, no sparsity",https://www.nvidia.com/content/dam/en-zz/Solutions/geforce/ampere/pdf/NVIDIA-ampere-GA102-GPU-Architecture-Whitepaper-V1.pdf,142.0,284.0,1024.0,1935.0,measured_avg_sm_clock_mhz,warp-level HMMA mma.sync.aligned.m16n8k16 pair -> logical m16n16k16,"dense FP16 Tensor Core HMMA normalization only; no sparsity, no WGMMA",162.47808,242.54888293180974,23.686414348809542,True,False,38.48523125479025,nan,163.91705912645745,nan,47.263,nan,nvml_total_energy_counter,unavailable,45.40408819962,nan,157.47,nan,average_instant,average_instant,157.47,nan,178.695,nan,370.0,nan,47.263,0.0,1.8589118003799996,nan,1.0409415071217212,nan,nan,nan,nan,nan,False,nan,nan,nan,nan,nan,nan,nan,nan,nan,2,0,0,0,1935.0,0.0,66.0,97.0,98.0,nan,nan,False,False,False,invalid_or_nonpositive_increment,launch_shape_tensor_mma_f16acc_t032_b01_rep009_test_4773774f,launch_shape_tensor_mma_f16acc_t032_b01_rep009_baseline_bce93b14,results/diagnostic_fp16_launch_shape_rtx3090_20260602_125100/raw/launch_shape_tensor_mma_f16acc_t032_b01_rep009_test_4773774f/power.csv,results/diagnostic_fp16_launch_shape_rtx3090_20260602_125100/raw/launch_shape_tensor_mma_f16acc_t032_b01_rep009_baseline_bce93b14/power.csv,results/diagnostic_fp16_launch_shape_rtx3090_20260602_125100/raw/launch_shape_tensor_mma_f16acc_t032_b01_rep009_test_4773774f/sm_util.csv,results/diagnostic_fp16_launch_shape_rtx3090_20260602_125100/raw/launch_shape_tensor_mma_f16acc_t032_b01_rep009_baseline_bce93b14/sm_util.csv
launch_shape_tensor_mma_f16acc_t032_b02,0,0,NVIDIA GeForce RTX 3090,ampere,ga102,consumer,86,82,benchmark uses warp-level HMMA mma.sync m16n8k16 pairs,False,False,tensor_core_mma_m16n16k16_f16acc,fp16-energy-bench-v2,fp16-energy-bench-v2,"nvml_timed_energy_counter,explicit_m16n16k16_denominator,strict_denominator_provenance,tensor_no_memory_warpsync_baseline","nvml_timed_energy_counter,explicit_m16n16k16_denominator,strict_denominator_provenance,tensor_no_memory_warpsync_baseline",d46eadcde2d6,d46eadcde2d6,tensor_mma_f16acc,tensor_baseline_mov,164,32,64.0,2,1000000,8,0.27315911865200004,0.0650833892822,21495808000000.0,0.0,0.0,21495808000000.0,10747904000000.0,10747904000000.0,32243712000000.0,42991616000000.0,2624000000.0,8192.0,8192.0,4096.0,4096.0,12288.0,16384.0,True,bench_json_metadata,True,logical_m16n16k16_input_bits_8192,ga102,"RTX 3090 FE dense FP16 Tensor Core peak, no sparsity",https://www.nvidia.com/content/dam/en-zz/Solutions/geforce/ampere/pdf/NVIDIA-ampere-GA102-GPU-Architecture-Whitepaper-V1.pdf,142.0,284.0,1024.0,1965.0,measured_avg_sm_clock_mhz,warp-level HMMA mma.sync.aligned.m16n8k16 pair -> logical m16n16k16,"dense FP16 Tensor Core HMMA normalization only; no sparsity, no WGMMA",164.99712,488.3842664100814,47.69377601660952,True,False,78.69335684665643,nan,176.21225319975412,162.47517905215886,49.676,10.948,nvml_total_energy_counter,nvml_total_energy_counter,42.753064234755,nan,151.655,nan,average_instant,average_instant,151.655,nan,182.94,nan,370.0,nan,49.676,10.948,6.9229357652450005,nan,1.1619284111948442,nan,44.38157671271362,0.8934209016972706,0.10657909830272938,0.9220424578986405,True,13.737074147595251,5.294423287286385,0.246300268744789,0.17456459729330914,nan,nan,0.246300268744789,0.16420017916319266,0.1231501343723945,2,0,0,0,1965.0,0.0,53.0,99.0,100.0,nan,nan,True,True,True,pure_fp16_candidate_no_l2,launch_shape_tensor_mma_f16acc_t032_b02_rep000_test_29ca6d8b,launch_shape_tensor_mma_f16acc_t032_b02_rep000_baseline_74301411,results/diagnostic_fp16_launch_shape_rtx3090_20260602_125100/raw/launch_shape_tensor_mma_f16acc_t032_b02_rep000_test_29ca6d8b/power.csv,results/diagnostic_fp16_launch_shape_rtx3090_20260602_125100/raw/launch_shape_tensor_mma_f16acc_t032_b02_rep000_baseline_74301411/power.csv,results/diagnostic_fp16_launch_shape_rtx3090_20260602_125100/raw/launch_shape_tensor_mma_f16acc_t032_b02_rep000_test_29ca6d8b/sm_util.csv,results/diagnostic_fp16_launch_shape_rtx3090_20260602_125100/raw/launch_shape_tensor_mma_f16acc_t032_b02_rep000_baseline_74301411/sm_util.csv
launch_shape_tensor_mma_f16acc_t032_b02,1,1,NVIDIA GeForce RTX 3090,ampere,ga102,consumer,86,82,benchmark uses warp-level HMMA mma.sync m16n8k16 pairs,False,False,tensor_core_mma_m16n16k16_f16acc,fp16-energy-bench-v2,fp16-energy-bench-v2,"nvml_timed_energy_counter,explicit_m16n16k16_denominator,strict_denominator_provenance,tensor_no_memory_warpsync_baseline","nvml_timed_energy_counter,explicit_m16n16k16_denominator,strict_denominator_provenance,tensor_no_memory_warpsync_baseline",d46eadcde2d6,d46eadcde2d6,tensor_mma_f16acc,tensor_baseline_mov,164,32,64.0,2,1000000,8,0.27712408447299997,0.0661616668701,21495808000000.0,0.0,0.0,21495808000000.0,10747904000000.0,10747904000000.0,32243712000000.0,42991616000000.0,2624000000.0,8192.0,8192.0,4096.0,4096.0,12288.0,16384.0,True,bench_json_metadata,True,logical_m16n16k16_input_bits_8192,ga102,"RTX 3090 FE dense FP16 Tensor Core peak, no sparsity",https://www.nvidia.com/content/dam/en-zz/Solutions/geforce/ampere/pdf/NVIDIA-ampere-GA102-GPU-Architecture-Whitepaper-V1.pdf,142.0,284.0,1024.0,1935.0,measured_avg_sm_clock_mhz,warp-level HMMA mma.sync.aligned.m16n8k16 pair -> logical m16n16k16,"dense FP16 Tensor Core HMMA normalization only; no sparsity, no WGMMA",162.47808,488.8602001451666,47.740253920426426,True,False,77.56744795703358,nan,174.51325898613223,182.95282595640813,49.882,12.55,nvml_total_energy_counter,nvml_total_energy_counter,44.990921740343914,nan,157.40171560277145,nan,average_instant,average_instant,157.77666666666667,nan,189.73333333333335,nan,370.0,nan,49.882,12.55,4.891078259656084,nan,1.1087125595666603,nan,50.70063439491771,1.0164114188468327,-0.016411418846832698,1.0483606060611508,True,-8.439566970275905,-0.8186343949177086,-0.038083443754136095,-0.10880294753220163,nan,nan,-0.038083443754136095,-0.025388962502757396,-0.019041721877068048,3,0,0,0,1935.0,0.0,60.0,99.66666666666667,100.0,nan,nan,False,False,False,invalid_or_nonpositive_increment,launch_shape_tensor_mma_f16acc_t032_b02_rep001_test_6ba85e8d,launch_shape_tensor_mma_f16acc_t032_b02_rep001_baseline_7c5d27e8,results/diagnostic_fp16_launch_shape_rtx3090_20260602_125100/raw/launch_shape_tensor_mma_f16acc_t032_b02_rep001_test_6ba85e8d/power.csv,results/diagnostic_fp16_launch_shape_rtx3090_20260602_125100/raw/launch_shape_tensor_mma_f16acc_t032_b02_rep001_baseline_7c5d27e8/power.csv,results/diagnostic_fp16_launch_shape_rtx3090_20260602_125100/raw/launch_shape_tensor_mma_f16acc_t032_b02_rep001_test_6ba85e8d/sm_util.csv,results/diagnostic_fp16_launch_shape_rtx3090_20260602_125100/raw/launch_shape_tensor_mma_f16acc_t032_b02_rep001_baseline_7c5d27e8/sm_util.csv
launch_shape_tensor_mma_f16acc_t032_b02,2,2,NVIDIA GeForce RTX 3090,ampere,ga102,consumer,86,82,benchmark uses warp-level HMMA mma.sync m16n8k16 pairs,False,False,tensor_core_mma_m16n16k16_f16acc,fp16-energy-bench-v2,fp16-energy-bench-v2,"nvml_timed_energy_counter,explicit_m16n16k16_denominator,strict_denominator_provenance,tensor_no_memory_warpsync_baseline","nvml_timed_energy_counter,explicit_m16n16k16_denominator,strict_denominator_provenance,tensor_no_memory_warpsync_baseline",d46eadcde2d6,d46eadcde2d6,tensor_mma_f16acc,tensor_baseline_mov,164,32,64.0,2,1000000,8,0.2793253479,0.0653956451416,21495808000000.0,0.0,0.0,21495808000000.0,10747904000000.0,10747904000000.0,32243712000000.0,42991616000000.0,2624000000.0,8192.0,8192.0,4096.0,4096.0,12288.0,16384.0,True,bench_json_metadata,True,logical_m16n16k16_input_bits_8192,ga102,"RTX 3090 FE dense FP16 Tensor Core peak, no sparsity",https://www.nvidia.com/content/dam/en-zz/Solutions/geforce/ampere/pdf/NVIDIA-ampere-GA102-GPU-Architecture-Whitepaper-V1.pdf,142.0,284.0,1024.0,1935.0,measured_avg_sm_clock_mhz,warp-level HMMA mma.sync.aligned.m16n8k16 pair -> logical m16n16k16,"dense FP16 Tensor Core HMMA normalization only; no sparsity, no WGMMA",162.47808,485.007667292041,47.36403000898838,True,False,76.95616656922815,nan,183.54256291823205,nan,52.919,nan,nvml_total_energy_counter,unavailable,46.816201791998836,nan,162.37581328068546,nan,average_instant,average_instant,162.0,nan,192.45000000000002,nan,370.0,nan,52.919,0.0,6.102798208001161,nan,1.1303565427010818,nan,nan,nan,nan,nan,False,nan,nan,nan,nan,nan,nan,nan,nan,nan,3,0,0,0,1935.0,0.0,64.0,90.33333333333333,100.0,nan,nan,False,False,False,invalid_or_nonpositive_increment,launch_shape_tensor_mma_f16acc_t032_b02_rep002_test_3cae1c49,launch_shape_tensor_mma_f16acc_t032_b02_rep002_baseline_ec69952d,results/diagnostic_fp16_launch_shape_rtx3090_20260602_125100/raw/launch_shape_tensor_mma_f16acc_t032_b02_rep002_test_3cae1c49/power.csv,results/diagnostic_fp16_launch_shape_rtx3090_20260602_125100/raw/launch_shape_tensor_mma_f16acc_t032_b02_rep002_baseline_ec69952d/power.csv,results/diagnostic_fp16_launch_shape_rtx3090_20260602_125100/raw/launch_shape_tensor_mma_f16acc_t032_b02_rep002_test_3cae1c49/sm_util.csv,results/diagnostic_fp16_launch_shape_rtx3090_20260602_125100/raw/launch_shape_tensor_mma_f16acc_t032_b02_rep002_baseline_ec69952d/sm_util.csv
launch_shape_tensor_mma_f16acc_t032_b02,3,3,NVIDIA GeForce RTX 3090,ampere,ga102,consumer,86,82,benchmark uses warp-level HMMA mma.sync m16n8k16 pairs,False,False,tensor_core_mma_m16n16k16_f16acc,fp16-energy-bench-v2,fp16-energy-bench-v2,"nvml_timed_energy_counter,explicit_m16n16k16_denominator,strict_denominator_provenance,tensor_no_memory_warpsync_baseline","nvml_timed_energy_counter,explicit_m16n16k16_denominator,strict_denominator_provenance,tensor_no_memory_warpsync_baseline",d46eadcde2d6,d46eadcde2d6,tensor_mma_f16acc,tensor_baseline_mov,164,32,64.0,2,1000000,8,0.280080169678,0.0648448028564,21495808000000.0,0.0,0.0,21495808000000.0,10747904000000.0,10747904000000.0,32243712000000.0,42991616000000.0,2624000000.0,8192.0,8192.0,4096.0,4096.0,12288.0,16384.0,True,bench_json_metadata,True,logical_m16n16k16_input_bits_8192,ga102,"RTX 3090 FE dense FP16 Tensor Core peak, no sparsity",https://www.nvidia.com/content/dam/en-zz/Solutions/geforce/ampere/pdf/NVIDIA-ampere-GA102-GPU-Architecture-Whitepaper-V1.pdf,142.0,284.0,1024.0,1935.0,measured_avg_sm_clock_mhz,warp-level HMMA mma.sync.aligned.m16n8k16 pair -> logical m16n16k16,"dense FP16 Tensor Core HMMA normalization only; no sparsity, no WGMMA",162.47808,483.7005617222682,47.23638298069025,True,False,76.74876812847229,nan,105.22913634055067,190.75710671063587,30.404,12.816,nvml_total_energy_counter,nvml_total_energy_counter,46.01087824508,nan,159.245,nan,average_instant,average_instant,159.245,nan,192.225,nan,370.0,nan,30.404,12.816,-15.60687824508,nan,0.6608002533238134,nan,53.42728281479924,1.7572451919089345,-0.7572451919089344,1.812778412371389,True,-85.5279703700852,-23.02328281479924,-1.0710591951137283,-1.114388835882253,nan,nan,-1.0710591951137283,-0.7140394634091523,-0.5355295975568641,2,0,0,0,1935.0,0.0,64.0,100.0,100.0,nan,nan,False,False,False,invalid_or_nonpositive_increment,launch_shape_tensor_mma_f16acc_t032_b02_rep003_test_6a0d5bd1,launch_shape_tensor_mma_f16acc_t032_b02_rep003_baseline_173ebf10,results/diagnostic_fp16_launch_shape_rtx3090_20260602_125100/raw/launch_shape_tensor_mma_f16acc_t032_b02_rep003_test_6a0d5bd1/power.csv,results/diagnostic_fp16_launch_shape_rtx3090_20260602_125100/raw/launch_shape_tensor_mma_f16acc_t032_b02_rep003_baseline_173ebf10/power.csv,results/diagnostic_fp16_launch_shape_rtx3090_20260602_125100/raw/launch_shape_tensor_mma_f16acc_t032_b02_rep003_test_6a0d5bd1/sm_util.csv,results/diagnostic_fp16_launch_shape_rtx3090_20260602_125100/raw/launch_shape_tensor_mma_f16acc_t032_b02_rep003_baseline_173ebf10/sm_util.csv
launch_shape_tensor_mma_f16acc_t032_b02,4,4,NVIDIA GeForce RTX 3090,ampere,ga102,consumer,86,82,benchmark uses warp-level HMMA mma.sync m16n8k16 pairs,False,False,tensor_core_mma_m16n16k16_f16acc,fp16-energy-bench-v2,fp16-energy-bench-v2,"nvml_timed_energy_counter,explicit_m16n16k16_denominator,strict_denominator_provenance,tensor_no_memory_warpsync_baseline","nvml_timed_energy_counter,explicit_m16n16k16_denominator,strict_denominator_provenance,tensor_no_memory_warpsync_baseline",d46eadcde2d6,d46eadcde2d6,tensor_mma_f16acc,tensor_baseline_mov,164,32,64.0,2,1000000,8,0.279315185547,0.0645946578979,21495808000000.0,0.0,0.0,21495808000000.0,10747904000000.0,10747904000000.0,32243712000000.0,42991616000000.0,2624000000.0,8192.0,8192.0,4096.0,4096.0,12288.0,16384.0,True,bench_json_metadata,True,logical_m16n16k16_input_bits_8192,ga102,"RTX 3090 FE dense FP16 Tensor Core peak, no sparsity",https://www.nvidia.com/content/dam/en-zz/Solutions/geforce/ampere/pdf/NVIDIA-ampere-GA102-GPU-Architecture-Whitepaper-V1.pdf,142.0,284.0,1024.0,1935.0,measured_avg_sm_clock_mhz,warp-level HMMA mma.sync.aligned.m16n8k16 pair -> logical m16n16k16,"dense FP16 Tensor Core HMMA normalization only; no sparsity, no WGMMA",162.47808,485.02531337566893,47.36575325934267,True,False,76.95896647331739,nan,185.0820208393996,192.674567390854,53.271,12.882,nvml_total_energy_counter,nvml_total_energy_counter,46.9838160331615,nan,163.23815243123116,nan,average_instant,average_instant,163.21333333333334,nan,193.14666666666668,nan,370.0,nan,53.271,12.882,6.287183966838498,nan,1.1338159497815368,nan,53.816932540964345,1.0102482127417234,-0.01024821274172334,1.041022604556726,True,-7.592546551454404,-0.5459325409643441,-0.025397163063809652,-0.09865707531411344,nan,nan,-0.025397163063809652,-0.016931442042539768,-0.012698581531904826,3,0,0,0,1935.0,0.0,65.0,98.0,99.0,nan,nan,False,False,False,invalid_or_nonpositive_increment,launch_shape_tensor_mma_f16acc_t032_b02_rep004_test_f720ef76,launch_shape_tensor_mma_f16acc_t032_b02_rep004_baseline_164d9200,results/diagnostic_fp16_launch_shape_rtx3090_20260602_125100/raw/launch_shape_tensor_mma_f16acc_t032_b02_rep004_test_f720ef76/power.csv,results/diagnostic_fp16_launch_shape_rtx3090_20260602_125100/raw/launch_shape_tensor_mma_f16acc_t032_b02_rep004_baseline_164d9200/power.csv,results/diagnostic_fp16_launch_shape_rtx3090_20260602_125100/raw/launch_shape_tensor_mma_f16acc_t032_b02_rep004_test_f720ef76/sm_util.csv,results/diagnostic_fp16_launch_shape_rtx3090_20260602_125100/raw/launch_shape_tensor_mma_f16acc_t032_b02_rep004_baseline_164d9200/sm_util.csv
launch_shape_tensor_mma_f16acc_t032_b02,5,5,NVIDIA GeForce RTX 3090,ampere,ga102,consumer,86,82,benchmark uses warp-level HMMA mma.sync m16n8k16 pairs,False,False,tensor_core_mma_m16n16k16_f16acc,fp16-energy-bench-v2,fp16-energy-bench-v2,"nvml_timed_energy_counter,explicit_m16n16k16_denominator,strict_denominator_provenance,tensor_no_memory_warpsync_baseline","nvml_timed_energy_counter,explicit_m16n16k16_denominator,strict_denominator_provenance,tensor_no_memory_warpsync_baseline",d46eadcde2d6,d46eadcde2d6,tensor_mma_f16acc,tensor_baseline_mov,164,32,64.0,2,1000000,8,0.280033294678,0.0645928955078,21495808000000.0,0.0,0.0,21495808000000.0,10747904000000.0,10747904000000.0,32243712000000.0,42991616000000.0,2624000000.0,8192.0,8192.0,4096.0,4096.0,12288.0,16384.0,True,bench_json_metadata,True,logical_m16n16k16_input_bits_8192,ga102,"RTX 3090 FE dense FP16 Tensor Core peak, no sparsity",https://www.nvidia.com/content/dam/en-zz/Solutions/geforce/ampere/pdf/NVIDIA-ampere-GA102-GPU-Architecture-Whitepaper-V1.pdf,142.0,284.0,1024.0,1935.0,measured_avg_sm_clock_mhz,warp-level HMMA mma.sync.aligned.m16n8k16 pair -> logical m16n16k16,"dense FP16 Tensor Core HMMA normalization only; no sparsity, no WGMMA",162.47808,483.7815287510525,47.244289917094974,True,False,76.7616151669295,nan,118.04190699922903,nan,33.484,nan,nvml_total_energy_counter,unavailable,46.258139896426655,nan,163.07487300236892,nan,average_instant,average_instant,163.12,nan,191.91666666666666,nan,370.0,nan,33.484,0.0,-12.774139896426654,nan,0.7238509822265156,nan,nan,nan,nan,nan,False,nan,nan,nan,nan,nan,nan,nan,nan,nan,3,0,0,0,1935.0,0.0,67.0,99.0,100.0,nan,nan,False,False,False,invalid_or_nonpositive_increment,launch_shape_tensor_mma_f16acc_t032_b02_rep005_test_76b5341e,launch_shape_tensor_mma_f16acc_t032_b02_rep005_baseline_af84b0ec,results/diagnostic_fp16_launch_shape_rtx3090_20260602_125100/raw/launch_shape_tensor_mma_f16acc_t032_b02_rep005_test_76b5341e/power.csv,results/diagnostic_fp16_launch_shape_rtx3090_20260602_125100/raw/launch_shape_tensor_mma_f16acc_t032_b02_rep005_baseline_af84b0ec/power.csv,results/diagnostic_fp16_launch_shape_rtx3090_20260602_125100/raw/launch_shape_tensor_mma_f16acc_t032_b02_rep005_test_76b5341e/sm_util.csv,results/diagnostic_fp16_launch_shape_rtx3090_20260602_125100/raw/launch_shape_tensor_mma_f16acc_t032_b02_rep005_baseline_af84b0ec/sm_util.csv
launch_shape_tensor_mma_f16acc_t032_b02,6,6,NVIDIA GeForce RTX 3090,ampere,ga102,consumer,86,82,benchmark uses warp-level HMMA mma.sync m16n8k16 pairs,False,False,tensor_core_mma_m16n16k16_f16acc,fp16-energy-bench-v2,fp16-energy-bench-v2,"nvml_timed_energy_counter,explicit_m16n16k16_denominator,strict_denominator_provenance,tensor_no_memory_warpsync_baseline","nvml_timed_energy_counter,explicit_m16n16k16_denominator,strict_denominator_provenance,tensor_no_memory_warpsync_baseline",d46eadcde2d6,d46eadcde2d6,tensor_mma_f16acc,tensor_baseline_mov,164,32,64.0,2,1000000,8,0.278389770508,0.0645936965942,21495808000000.0,0.0,0.0,21495808000000.0,10747904000000.0,10747904000000.0,32243712000000.0,42991616000000.0,2624000000.0,8192.0,8192.0,4096.0,4096.0,12288.0,16384.0,True,bench_json_metadata,True,logical_m16n16k16_input_bits_8192,ga102,"RTX 3090 FE dense FP16 Tensor Core peak, no sparsity",https://www.nvidia.com/content/dam/en-zz/Solutions/geforce/ampere/pdf/NVIDIA-ampere-GA102-GPU-Architecture-Whitepaper-V1.pdf,142.0,284.0,1024.0,1935.0,measured_avg_sm_clock_mhz,warp-level HMMA mma.sync.aligned.m16n8k16 pair -> logical m16n16k16,"dense FP16 Tensor Core HMMA normalization only; no sparsity, no WGMMA",162.47808,486.6376201729858,47.52320509501814,True,False,77.21479119284766,nan,187.19420323892143,nan,52.708,nan,nvml_total_energy_counter,unavailable,45.4310852198,nan,161.35000000000002,nan,average_instant,average_instant,161.35000000000002,nan,194.27499999999998,nan,370.0,nan,52.708,0.0,7.276914780199995,nan,1.160174795407012,nan,nan,nan,nan,nan,False,nan,nan,nan,nan,nan,nan,nan,nan,nan,2,0,0,0,1935.0,0.0,68.0,99.5,100.0,nan,nan,False,False,False,invalid_or_nonpositive_increment,launch_shape_tensor_mma_f16acc_t032_b02_rep006_test_98877311,launch_shape_tensor_mma_f16acc_t032_b02_rep006_baseline_b94db4fe,results/diagnostic_fp16_launch_shape_rtx3090_20260602_125100/raw/launch_shape_tensor_mma_f16acc_t032_b02_rep006_test_98877311/power.csv,results/diagnostic_fp16_launch_shape_rtx3090_20260602_125100/raw/launch_shape_tensor_mma_f16acc_t032_b02_rep006_baseline_b94db4fe/power.csv,results/diagnostic_fp16_launch_shape_rtx3090_20260602_125100/raw/launch_shape_tensor_mma_f16acc_t032_b02_rep006_test_98877311/sm_util.csv,results/diagnostic_fp16_launch_shape_rtx3090_20260602_125100/raw/launch_shape_tensor_mma_f16acc_t032_b02_rep006_baseline_b94db4fe/sm_util.csv
launch_shape_tensor_mma_f16acc_t032_b02,7,7,NVIDIA GeForce RTX 3090,ampere,ga102,consumer,86,82,benchmark uses warp-level HMMA mma.sync m16n8k16 pairs,False,False,tensor_core_mma_m16n16k16_f16acc,fp16-energy-bench-v2,fp16-energy-bench-v2,"nvml_timed_energy_counter,explicit_m16n16k16_denominator,strict_denominator_provenance,tensor_no_memory_warpsync_baseline","nvml_timed_energy_counter,explicit_m16n16k16_denominator,strict_denominator_provenance,tensor_no_memory_warpsync_baseline",d46eadcde2d6,d46eadcde2d6,tensor_mma_f16acc,tensor_baseline_mov,164,32,64.0,2,1000000,8,0.279210998535,0.06459391784669999,21495808000000.0,0.0,0.0,21495808000000.0,10747904000000.0,10747904000000.0,32243712000000.0,42991616000000.0,2624000000.0,8192.0,8192.0,4096.0,4096.0,12288.0,16384.0,True,bench_json_metadata,True,logical_m16n16k16_input_bits_8192,ga102,"RTX 3090 FE dense FP16 Tensor Core peak, no sparsity",https://www.nvidia.com/content/dam/en-zz/Solutions/geforce/ampere/pdf/NVIDIA-ampere-GA102-GPU-Architecture-Whitepaper-V1.pdf,142.0,284.0,1024.0,1935.0,measured_avg_sm_clock_mhz,warp-level HMMA mma.sync.aligned.m16n8k16 pair -> logical m16n16k16,"dense FP16 Tensor Core HMMA normalization only; no sparsity, no WGMMA",162.47808,485.2062995775383,47.38342769311897,True,False,76.987683553968,nan,168.20333785090673,152.60044867314352,48.48,10.201,nvml_total_energy_counter,nvml_total_energy_counter,47.49175740870732,nan,164.77458986283213,nan,average_instant,average_instant,165.08666666666667,nan,191.46666666666667,nan,370.0,nan,48.48,10.201,0.9882425912926749,nan,1.0208087180852878,nan,42.607723650917414,0.8788721875189236,0.12112781248107639,0.9072379336990719,True,15.602889177763217,5.872276349082583,0.27318239672975225,0.2026673418070264,nan,nan,0.27318239672975225,0.18212159781983484,0.13659119836487613,3,0,0,0,1935.0,0.0,66.0,93.33333333333333,99.0,nan,nan,True,True,True,pure_fp16_candidate_no_l2,launch_shape_tensor_mma_f16acc_t032_b02_rep007_test_1088e1b0,launch_shape_tensor_mma_f16acc_t032_b02_rep007_baseline_f9c1fb3e,results/diagnostic_fp16_launch_shape_rtx3090_20260602_125100/raw/launch_shape_tensor_mma_f16acc_t032_b02_rep007_test_1088e1b0/power.csv,results/diagnostic_fp16_launch_shape_rtx3090_20260602_125100/raw/launch_shape_tensor_mma_f16acc_t032_b02_rep007_baseline_f9c1fb3e/power.csv,results/diagnostic_fp16_launch_shape_rtx3090_20260602_125100/raw/launch_shape_tensor_mma_f16acc_t032_b02_rep007_test_1088e1b0/sm_util.csv,results/diagnostic_fp16_launch_shape_rtx3090_20260602_125100/raw/launch_shape_tensor_mma_f16acc_t032_b02_rep007_baseline_f9c1fb3e/sm_util.csv
launch_shape_tensor_mma_f16acc_t032_b02,8,8,NVIDIA GeForce RTX 3090,ampere,ga102,consumer,86,82,benchmark uses warp-level HMMA mma.sync m16n8k16 pairs,False,False,tensor_core_mma_m16n16k16_f16acc,fp16-energy-bench-v2,fp16-energy-bench-v2,"nvml_timed_energy_counter,explicit_m16n16k16_denominator,strict_denominator_provenance,tensor_no_memory_warpsync_baseline","nvml_timed_energy_counter,explicit_m16n16k16_denominator,strict_denominator_provenance,tensor_no_memory_warpsync_baseline",d46eadcde2d6,d46eadcde2d6,tensor_mma_f16acc,tensor_baseline_mov,164,32,64.0,2,1000000,8,0.280302581787,0.0645936660767,21495808000000.0,0.0,0.0,21495808000000.0,10747904000000.0,10747904000000.0,32243712000000.0,42991616000000.0,2624000000.0,8192.0,8192.0,4096.0,4096.0,12288.0,16384.0,True,bench_json_metadata,True,logical_m16n16k16_input_bits_8192,ga102,"RTX 3090 FE dense FP16 Tensor Core peak, no sparsity",https://www.nvidia.com/content/dam/en-zz/Solutions/geforce/ampere/pdf/NVIDIA-ampere-GA102-GPU-Architecture-Whitepaper-V1.pdf,142.0,284.0,1024.0,1935.0,measured_avg_sm_clock_mhz,warp-level HMMA mma.sync.aligned.m16n8k16 pair -> logical m16n16k16,"dense FP16 Tensor Core HMMA normalization only; no sparsity, no WGMMA",162.47808,483.31675911377533,47.19890225720462,True,False,76.68787016858273,nan,116.79781876056974,171.269829788277,33.805,11.46,nvml_total_energy_counter,nvml_total_energy_counter,47.67493811863902,nan,164.71908835385824,nan,average_instant,average_instant,165.09666666666666,nan,194.11666666666667,nan,370.0,nan,33.805,11.46,-13.86993811863902,nan,0.7090727609520185,nan,48.007375471874084,1.4201264745414608,-0.42012647454146085,1.4663786670483328,True,-54.47201102770727,-14.202375471874085,-0.660704425340703,-0.7103080436053524,nan,nan,-0.660704425340703,-0.44046961689380193,-0.3303522126703515,3,0,0,0,1935.0,0.0,66.0,99.33333333333333,100.0,nan,nan,False,False,False,invalid_or_nonpositive_increment,launch_shape_tensor_mma_f16acc_t032_b02_rep008_test_2b75a0c5,launch_shape_tensor_mma_f16acc_t032_b02_rep008_baseline_52acf9f2,results/diagnostic_fp16_launch_shape_rtx3090_20260602_125100/raw/launch_shape_tensor_mma_f16acc_t032_b02_rep008_test_2b75a0c5/power.csv,results/diagnostic_fp16_launch_shape_rtx3090_20260602_125100/raw/launch_shape_tensor_mma_f16acc_t032_b02_rep008_baseline_52acf9f2/power.csv,results/diagnostic_fp16_launch_shape_rtx3090_20260602_125100/raw/launch_shape_tensor_mma_f16acc_t032_b02_rep008_test_2b75a0c5/sm_util.csv,results/diagnostic_fp16_launch_shape_rtx3090_20260602_125100/raw/launch_shape_tensor_mma_f16acc_t032_b02_rep008_baseline_52acf9f2/sm_util.csv
launch_shape_tensor_mma_f16acc_t032_b02,9,9,NVIDIA GeForce RTX 3090,ampere,ga102,consumer,86,82,benchmark uses warp-level HMMA mma.sync m16n8k16 pairs,False,False,tensor_core_mma_m16n16k16_f16acc,fp16-energy-bench-v2,fp16-energy-bench-v2,"nvml_timed_energy_counter,explicit_m16n16k16_denominator,strict_denominator_provenance,tensor_no_memory_warpsync_baseline","nvml_timed_energy_counter,explicit_m16n16k16_denominator,strict_denominator_provenance,tensor_no_memory_warpsync_baseline",d46eadcde2d6,d46eadcde2d6,tensor_mma_f16acc,tensor_baseline_mov,164,32,64.0,2,1000000,8,0.279185394287,0.06459391784669999,21495808000000.0,0.0,0.0,21495808000000.0,10747904000000.0,10747904000000.0,32243712000000.0,42991616000000.0,2624000000.0,8192.0,8192.0,4096.0,4096.0,12288.0,16384.0,True,bench_json_metadata,True,logical_m16n16k16_input_bits_8192,ga102,"RTX 3090 FE dense FP16 Tensor Core peak, no sparsity",https://www.nvidia.com/content/dam/en-zz/Solutions/geforce/ampere/pdf/NVIDIA-ampere-GA102-GPU-Architecture-Whitepaper-V1.pdf,142.0,284.0,1024.0,1935.0,measured_avg_sm_clock_mhz,warp-level HMMA mma.sync.aligned.m16n8k16 pair -> logical m16n16k16,"dense FP16 Tensor Core HMMA normalization only; no sparsity, no WGMMA",162.47808,485.250798117504,47.3877732536625,True,False,76.99474413730437,nan,176.50574790024908,199.29342265617987,50.811,13.329,nvml_total_energy_counter,nvml_total_energy_counter,47.57788471871614,nan,165.27464772960235,nan,average_instant,average_instant,164.93666666666667,nan,195.86,nan,370.0,nan,50.811,13.329,3.233115281283858,nan,1.0679541619052269,nan,55.63981278307132,1.0950347913457976,-0.09503479134579758,1.1291044344278753,True,-22.787674755930794,-4.828812783071321,-0.22463974292435626,-0.2959640298991531,nan,nan,-0.22463974292435626,-0.14975982861623752,-0.11231987146217813,3,0,0,0,1935.0,0.0,68.0,99.33333333333333,100.0,nan,nan,False,False,False,invalid_or_nonpositive_increment,launch_shape_tensor_mma_f16acc_t032_b02_rep009_test_441f6792,launch_shape_tensor_mma_f16acc_t032_b02_rep009_baseline_4b811c37,results/diagnostic_fp16_launch_shape_rtx3090_20260602_125100/raw/launch_shape_tensor_mma_f16acc_t032_b02_rep009_test_441f6792/power.csv,results/diagnostic_fp16_launch_shape_rtx3090_20260602_125100/raw/launch_shape_tensor_mma_f16acc_t032_b02_rep009_baseline_4b811c37/power.csv,results/diagnostic_fp16_launch_shape_rtx3090_20260602_125100/raw/launch_shape_tensor_mma_f16acc_t032_b02_rep009_test_441f6792/sm_util.csv,results/diagnostic_fp16_launch_shape_rtx3090_20260602_125100/raw/launch_shape_tensor_mma_f16acc_t032_b02_rep009_baseline_4b811c37/sm_util.csv
launch_shape_tensor_mma_f16acc_t032_b04,0,0,NVIDIA GeForce RTX 3090,ampere,ga102,consumer,86,82,benchmark uses warp-level HMMA mma.sync m16n8k16 pairs,False,False,tensor_core_mma_m16n16k16_f16acc,fp16-energy-bench-v2,fp16-energy-bench-v2,"nvml_timed_energy_counter,explicit_m16n16k16_denominator,strict_denominator_provenance,tensor_no_memory_warpsync_baseline","nvml_timed_energy_counter,explicit_m16n16k16_denominator,strict_denominator_provenance,tensor_no_memory_warpsync_baseline",d46eadcde2d6,d46eadcde2d6,tensor_mma_f16acc,tensor_baseline_mov,328,32,128.0,4,1000000,8,0.274979827881,0.0632074241638,42991616000000.0,0.0,0.0,42991616000000.0,21495808000000.0,21495808000000.0,64487424000000.0,85983232000000.0,5248000000.0,8192.0,8192.0,4096.0,4096.0,12288.0,16384.0,True,bench_json_metadata,True,logical_m16n16k16_input_bits_8192,ga102,"RTX 3090 FE dense FP16 Tensor Core peak, no sparsity",https://www.nvidia.com/content/dam/en-zz/Solutions/geforce/ampere/pdf/NVIDIA-ampere-GA102-GPU-Architecture-Whitepaper-V1.pdf,142.0,284.0,1024.0,1950.0,measured_avg_sm_clock_mhz,warp-level HMMA mma.sync.aligned.m16n8k16 pair -> logical m16n16k16,"dense FP16 Tensor Core HMMA normalization only; no sparsity, no WGMMA",163.7376,977.764962242958,95.48485959403887,True,False,156.34461746264896,nan,201.64237582858968,214.43235443949249,57.175,14.059,nvml_total_energy_counter,nvml_total_energy_counter,46.514393794750006,nan,164.04500000000002,nan,average_instant,average_instant,164.04500000000002,nan,216.60000000000002,nan,370.0,nan,57.175,14.059,10.66060620524999,nan,1.2291894043011957,nan,58.96457191588923,1.0312999023329992,-0.03129990233299927,1.0634290215950202,True,-12.789978610902807,-1.7895719158892334,-0.04162606764745092,-0.08180632514552898,nan,nan,-0.04162606764745092,-0.02775071176496728,-0.02081303382372546,2,0,0,0,1950.0,0.0,54.0,99.0,99.0,nan,nan,False,False,False,invalid_or_nonpositive_increment,launch_shape_tensor_mma_f16acc_t032_b04_rep000_test_9af795ae,launch_shape_tensor_mma_f16acc_t032_b04_rep000_baseline_ab29d64a,results/diagnostic_fp16_launch_shape_rtx3090_20260602_125100/raw/launch_shape_tensor_mma_f16acc_t032_b04_rep000_test_9af795ae/power.csv,results/diagnostic_fp16_launch_shape_rtx3090_20260602_125100/raw/launch_shape_tensor_mma_f16acc_t032_b04_rep000_baseline_ab29d64a/power.csv,results/diagnostic_fp16_launch_shape_rtx3090_20260602_125100/raw/launch_shape_tensor_mma_f16acc_t032_b04_rep000_test_9af795ae/sm_util.csv,results/diagnostic_fp16_launch_shape_rtx3090_20260602_125100/raw/launch_shape_tensor_mma_f16acc_t032_b04_rep000_baseline_ab29d64a/sm_util.csv
launch_shape_tensor_mma_f16acc_t032_b04,1,1,NVIDIA GeForce RTX 3090,ampere,ga102,consumer,86,82,benchmark uses warp-level HMMA mma.sync m16n8k16 pairs,False,False,tensor_core_mma_m16n16k16_f16acc,fp16-energy-bench-v2,fp16-energy-bench-v2,"nvml_timed_energy_counter,explicit_m16n16k16_denominator,strict_denominator_provenance,tensor_no_memory_warpsync_baseline","nvml_timed_energy_counter,explicit_m16n16k16_denominator,strict_denominator_provenance,tensor_no_memory_warpsync_baseline",d46eadcde2d6,d46eadcde2d6,tensor_mma_f16acc,tensor_baseline_mov,328,32,128.0,4,1000000,8,0.27815393066399996,0.0641218566895,42991616000000.0,0.0,0.0,42991616000000.0,21495808000000.0,21495808000000.0,64487424000000.0,85983232000000.0,5248000000.0,8192.0,8192.0,4096.0,4096.0,12288.0,16384.0,True,bench_json_metadata,True,logical_m16n16k16_input_bits_8192,ga102,"RTX 3090 FE dense FP16 Tensor Core peak, no sparsity",https://www.nvidia.com/content/dam/en-zz/Solutions/geforce/ampere/pdf/NVIDIA-ampere-GA102-GPU-Architecture-Whitepaper-V1.pdf,142.0,284.0,1024.0,1935.0,measured_avg_sm_clock_mhz,warp-level HMMA mma.sync.aligned.m16n8k16 pair -> logical m16n16k16,"dense FP16 Tensor Core HMMA normalization only; no sparsity, no WGMMA",162.47808,974.1004563704382,95.12699769242559,True,False,154.56051941229742,nan,210.53389859865038,174.6358747264622,60.825,11.612,nvml_total_energy_counter,nvml_total_energy_counter,49.54410181610592,nan,171.4872652349076,nan,average_instant,average_instant,170.98333333333335,nan,224.91666666666666,nan,370.0,nan,60.825,11.612,11.280898183894081,nan,1.2276940699372383,nan,48.575654990111346,0.7986133167301495,0.20138668326985049,0.8294905280758511,True,35.89802387218819,12.249345009888657,0.2849240421641433,0.2322586906972571,nan,nan,0.2849240421641433,0.18994936144276217,0.14246202108207165,3,0,0,0,1935.0,0.0,60.0,89.66666666666667,100.0,nan,nan,True,True,True,pure_fp16_candidate_no_l2,launch_shape_tensor_mma_f16acc_t032_b04_rep001_test_8ce73103,launch_shape_tensor_mma_f16acc_t032_b04_rep001_baseline_c9539400,results/diagnostic_fp16_launch_shape_rtx3090_20260602_125100/raw/launch_shape_tensor_mma_f16acc_t032_b04_rep001_test_8ce73103/power.csv,results/diagnostic_fp16_launch_shape_rtx3090_20260602_125100/raw/launch_shape_tensor_mma_f16acc_t032_b04_rep001_baseline_c9539400/power.csv,results/diagnostic_fp16_launch_shape_rtx3090_20260602_125100/raw/launch_shape_tensor_mma_f16acc_t032_b04_rep001_test_8ce73103/sm_util.csv,results/diagnostic_fp16_launch_shape_rtx3090_20260602_125100/raw/launch_shape_tensor_mma_f16acc_t032_b04_rep001_baseline_c9539400/sm_util.csv
launch_shape_tensor_mma_f16acc_t032_b04,2,2,NVIDIA GeForce RTX 3090,ampere,ga102,consumer,86,82,benchmark uses warp-level HMMA mma.sync m16n8k16 pairs,False,False,tensor_core_mma_m16n16k16_f16acc,fp16-energy-bench-v2,fp16-energy-bench-v2,"nvml_timed_energy_counter,explicit_m16n16k16_denominator,strict_denominator_provenance,tensor_no_memory_warpsync_baseline","nvml_timed_energy_counter,explicit_m16n16k16_denominator,strict_denominator_provenance,tensor_no_memory_warpsync_baseline",d46eadcde2d6,d46eadcde2d6,tensor_mma_f16acc,tensor_baseline_mov,328,32,128.0,4,1000000,8,0.280379150391,0.0646010894775,42991616000000.0,0.0,0.0,42991616000000.0,21495808000000.0,21495808000000.0,64487424000000.0,85983232000000.0,5248000000.0,8192.0,8192.0,4096.0,4096.0,12288.0,16384.0,True,bench_json_metadata,True,logical_m16n16k16_input_bits_8192,ga102,"RTX 3090 FE dense FP16 Tensor Core peak, no sparsity",https://www.nvidia.com/content/dam/en-zz/Solutions/geforce/ampere/pdf/NVIDIA-ampere-GA102-GPU-Architecture-Whitepaper-V1.pdf,142.0,284.0,1024.0,1935.0,measured_avg_sm_clock_mhz,warp-level HMMA mma.sync.aligned.m16n8k16 pair -> logical m16n16k16,"dense FP16 Tensor Core HMMA normalization only; no sparsity, no WGMMA",162.47808,966.3695407564476,94.37202546449683,True,False,153.33385503182552,nan,128.05600975994489,195.18434333567487,37.055,13.053,nvml_total_energy_counter,nvml_total_energy_counter,50.06935196624343,nan,173.03147818279274,nan,average_instant,average_instant,173.76,nan,227.11666666666667,nan,370.0,nan,37.055,13.053,-13.014351966243431,nan,0.7400734889675094,nan,54.725620354081755,1.476875464959702,-0.47687546495970196,1.5242107238978433,True,-67.12833357572998,-17.670620354081755,-0.4110247996744704,-0.4377919903063614,nan,nan,-0.4110247996744704,-0.2740165331163136,-0.2055123998372352,3,0,0,0,1935.0,0.0,63.0,93.66666666666667,99.0,nan,nan,False,False,False,invalid_or_nonpositive_increment,launch_shape_tensor_mma_f16acc_t032_b04_rep002_test_e8b89512,launch_shape_tensor_mma_f16acc_t032_b04_rep002_baseline_8cea2d21,results/diagnostic_fp16_launch_shape_rtx3090_20260602_125100/raw/launch_shape_tensor_mma_f16acc_t032_b04_rep002_test_e8b89512/power.csv,results/diagnostic_fp16_launch_shape_rtx3090_20260602_125100/raw/launch_shape_tensor_mma_f16acc_t032_b04_rep002_baseline_8cea2d21/power.csv,results/diagnostic_fp16_launch_shape_rtx3090_20260602_125100/raw/launch_shape_tensor_mma_f16acc_t032_b04_rep002_test_e8b89512/sm_util.csv,results/diagnostic_fp16_launch_shape_rtx3090_20260602_125100/raw/launch_shape_tensor_mma_f16acc_t032_b04_rep002_baseline_8cea2d21/sm_util.csv
launch_shape_tensor_mma_f16acc_t032_b04,3,3,NVIDIA GeForce RTX 3090,ampere,ga102,consumer,86,82,benchmark uses warp-level HMMA mma.sync m16n8k16 pairs,False,False,tensor_core_mma_m16n16k16_f16acc,fp16-energy-bench-v2,fp16-energy-bench-v2,"nvml_timed_energy_counter,explicit_m16n16k16_denominator,strict_denominator_provenance,tensor_no_memory_warpsync_baseline","nvml_timed_energy_counter,explicit_m16n16k16_denominator,strict_denominator_provenance,tensor_no_memory_warpsync_baseline",d46eadcde2d6,d46eadcde2d6,tensor_mma_f16acc,tensor_baseline_mov,328,32,128.0,4,1000000,8,0.27901953125,0.0645904922485,42991616000000.0,0.0,0.0,42991616000000.0,21495808000000.0,21495808000000.0,64487424000000.0,85983232000000.0,5248000000.0,8192.0,8192.0,4096.0,4096.0,12288.0,16384.0,True,bench_json_metadata,True,logical_m16n16k16_input_bits_8192,ga102,"RTX 3090 FE dense FP16 Tensor Core peak, no sparsity",https://www.nvidia.com/content/dam/en-zz/Solutions/geforce/ampere/pdf/NVIDIA-ampere-GA102-GPU-Architecture-Whitepaper-V1.pdf,142.0,284.0,1024.0,1935.0,measured_avg_sm_clock_mhz,warp-level HMMA mma.sync.aligned.m16n8k16 pair -> logical m16n16k16,"dense FP16 Tensor Core HMMA normalization only; no sparsity, no WGMMA",162.47808,971.0785104798414,94.831885789047,True,False,154.08102725783644,nan,212.33943458922178,147.16353020749327,61.114,9.845,nvml_total_energy_counter,nvml_total_energy_counter,50.74544410904679,nan,176.3140836812179,nan,average_instant,average_instant,176.29666666666665,nan,229.42999999999998,nan,370.0,nan,61.114,9.845,10.36855589095321,nan,1.20432486251716,nan,41.06149921558999,0.6718836799356939,0.3281163200643062,0.6930579357159276,True,65.17590438172851,20.052500784410007,0.46642817019043914,0.42299759770334555,nan,nan,0.46642817019043914,0.3109521134602928,0.23321408509521957,3,0,0,0,1935.0,0.0,68.0,98.66666666666667,100.0,nan,nan,True,True,True,pure_fp16_candidate_no_l2,launch_shape_tensor_mma_f16acc_t032_b04_rep003_test_940bb5c9,launch_shape_tensor_mma_f16acc_t032_b04_rep003_baseline_f6ee0909,results/diagnostic_fp16_launch_shape_rtx3090_20260602_125100/raw/launch_shape_tensor_mma_f16acc_t032_b04_rep003_test_940bb5c9/power.csv,results/diagnostic_fp16_launch_shape_rtx3090_20260602_125100/raw/launch_shape_tensor_mma_f16acc_t032_b04_rep003_baseline_f6ee0909/power.csv,results/diagnostic_fp16_launch_shape_rtx3090_20260602_125100/raw/launch_shape_tensor_mma_f16acc_t032_b04_rep003_test_940bb5c9/sm_util.csv,results/diagnostic_fp16_launch_shape_rtx3090_20260602_125100/raw/launch_shape_tensor_mma_f16acc_t032_b04_rep003_baseline_f6ee0909/sm_util.csv
launch_shape_tensor_mma_f16acc_t032_b04,4,4,NVIDIA GeForce RTX 3090,ampere,ga102,consumer,86,82,benchmark uses warp-level HMMA mma.sync m16n8k16 pairs,False,False,tensor_core_mma_m16n16k16_f16acc,fp16-energy-bench-v2,fp16-energy-bench-v2,"nvml_timed_energy_counter,explicit_m16n16k16_denominator,strict_denominator_provenance,tensor_no_memory_warpsync_baseline","nvml_timed_energy_counter,explicit_m16n16k16_denominator,strict_denominator_provenance,tensor_no_memory_warpsync_baseline",d46eadcde2d6,d46eadcde2d6,tensor_mma_f16acc,tensor_baseline_mov,328,32,128.0,4,1000000,8,0.28013259887700004,0.06459391784669999,42991616000000.0,0.0,0.0,42991616000000.0,21495808000000.0,21495808000000.0,64487424000000.0,85983232000000.0,5248000000.0,8192.0,8192.0,4096.0,4096.0,12288.0,16384.0,True,bench_json_metadata,True,logical_m16n16k16_input_bits_8192,ga102,"RTX 3090 FE dense FP16 Tensor Core peak, no sparsity",https://www.nvidia.com/content/dam/en-zz/Solutions/geforce/ampere/pdf/NVIDIA-ampere-GA102-GPU-Architecture-Whitepaper-V1.pdf,142.0,284.0,1024.0,1935.0,measured_avg_sm_clock_mhz,warp-level HMMA mma.sync.aligned.m16n8k16 pair -> logical m16n16k16,"dense FP16 Tensor Core HMMA normalization only; no sparsity, no WGMMA",162.47808,967.2200660944914,94.45508457954016,True,False,153.46880788721293,nan,211.35096076007937,215.06139306207734,61.156,14.403,nvml_total_energy_counter,nvml_total_energy_counter,51.00338785842754,nan,176.26422633752415,nan,average_instant,average_instant,175.65333333333334,nan,231.11,nan,370.0,nan,61.156,14.403,10.152612141572462,nan,1.1990576031881164,nan,60.24570695658775,0.9851152291939916,0.014884770806008333,1.017555786302812,True,-3.710432301997969,0.9102930434122456,0.02117373404647654,-0.024177110339743006,nan,nan,0.02117373404647654,0.014115822697651026,0.01058686702323827,3,0,0,0,1935.0,0.0,64.0,99.33333333333333,100.0,nan,nan,False,False,False,invalid_or_nonpositive_increment,launch_shape_tensor_mma_f16acc_t032_b04_rep004_test_6333d137,launch_shape_tensor_mma_f16acc_t032_b04_rep004_baseline_7dcb1ef7,results/diagnostic_fp16_launch_shape_rtx3090_20260602_125100/raw/launch_shape_tensor_mma_f16acc_t032_b04_rep004_test_6333d137/power.csv,results/diagnostic_fp16_launch_shape_rtx3090_20260602_125100/raw/launch_shape_tensor_mma_f16acc_t032_b04_rep004_baseline_7dcb1ef7/power.csv,results/diagnostic_fp16_launch_shape_rtx3090_20260602_125100/raw/launch_shape_tensor_mma_f16acc_t032_b04_rep004_test_6333d137/sm_util.csv,results/diagnostic_fp16_launch_shape_rtx3090_20260602_125100/raw/launch_shape_tensor_mma_f16acc_t032_b04_rep004_baseline_7dcb1ef7/sm_util.csv
launch_shape_tensor_mma_f16acc_t032_b04,5,5,NVIDIA GeForce RTX 3090,ampere,ga102,consumer,86,82,benchmark uses warp-level HMMA mma.sync m16n8k16 pairs,False,False,tensor_core_mma_m16n16k16_f16acc,fp16-energy-bench-v2,fp16-energy-bench-v2,"nvml_timed_energy_counter,explicit_m16n16k16_denominator,strict_denominator_provenance,tensor_no_memory_warpsync_baseline","nvml_timed_energy_counter,explicit_m16n16k16_denominator,strict_denominator_provenance,tensor_no_memory_warpsync_baseline",d46eadcde2d6,d46eadcde2d6,tensor_mma_f16acc,tensor_baseline_mov,328,32,128.0,4,1000000,8,0.28003634643599995,0.0645908508301,42991616000000.0,0.0,0.0,42991616000000.0,21495808000000.0,21495808000000.0,64487424000000.0,85983232000000.0,5248000000.0,8192.0,8192.0,4096.0,4096.0,12288.0,16384.0,True,bench_json_metadata,True,logical_m16n16k16_input_bits_8192,ga102,"RTX 3090 FE dense FP16 Tensor Core peak, no sparsity",https://www.nvidia.com/content/dam/en-zz/Solutions/geforce/ampere/pdf/NVIDIA-ampere-GA102-GPU-Architecture-Whitepaper-V1.pdf,142.0,284.0,1024.0,1935.0,measured_avg_sm_clock_mhz,warp-level HMMA mma.sync.aligned.m16n8k16 pair -> logical m16n16k16,"dense FP16 Tensor Core HMMA normalization only; no sparsity, no WGMMA",162.47808,967.5525132697624,94.48755012400022,True,False,153.52155728051318,nan,219.41177448494918,162.57143616212656,63.338,10.678,nvml_total_energy_counter,nvml_total_energy_counter,49.658772759925,nan,172.025,nan,average_instant,average_instant,172.025,nan,232.315,nan,370.0,nan,63.338,10.678,13.679227240075,nan,1.2754644643798818,nan,45.52591101769532,0.7187772114322416,0.28122278856775834,0.7409421693240914,True,56.84033832282262,17.81208898230468,0.41431540936504174,0.3702433673139758,nan,nan,0.41431540936504174,0.27621027291002787,0.20715770468252087,2,0,0,0,1935.0,0.0,67.0,85.0,99.0,nan,nan,True,True,True,pure_fp16_candidate_no_l2,launch_shape_tensor_mma_f16acc_t032_b04_rep005_test_e6282671,launch_shape_tensor_mma_f16acc_t032_b04_rep005_baseline_8a42ee6c,results/diagnostic_fp16_launch_shape_rtx3090_20260602_125100/raw/launch_shape_tensor_mma_f16acc_t032_b04_rep005_test_e6282671/power.csv,results/diagnostic_fp16_launch_shape_rtx3090_20260602_125100/raw/launch_shape_tensor_mma_f16acc_t032_b04_rep005_baseline_8a42ee6c/power.csv,results/diagnostic_fp16_launch_shape_rtx3090_20260602_125100/raw/launch_shape_tensor_mma_f16acc_t032_b04_rep005_test_e6282671/sm_util.csv,results/diagnostic_fp16_launch_shape_rtx3090_20260602_125100/raw/launch_shape_tensor_mma_f16acc_t032_b04_rep005_baseline_8a42ee6c/sm_util.csv
launch_shape_tensor_mma_f16acc_t032_b04,6,6,NVIDIA GeForce RTX 3090,ampere,ga102,consumer,86,82,benchmark uses warp-level HMMA mma.sync m16n8k16 pairs,False,False,tensor_core_mma_m16n16k16_f16acc,fp16-energy-bench-v2,fp16-energy-bench-v2,"nvml_timed_energy_counter,explicit_m16n16k16_denominator,strict_denominator_provenance,tensor_no_memory_warpsync_baseline","nvml_timed_energy_counter,explicit_m16n16k16_denominator,strict_denominator_provenance,tensor_no_memory_warpsync_baseline",d46eadcde2d6,d46eadcde2d6,tensor_mma_f16acc,tensor_baseline_mov,328,32,128.0,4,1000000,8,0.278432769775,0.0645946273804,42991616000000.0,0.0,0.0,42991616000000.0,21495808000000.0,21495808000000.0,64487424000000.0,85983232000000.0,5248000000.0,8192.0,8192.0,4096.0,4096.0,12288.0,16384.0,True,bench_json_metadata,True,logical_m16n16k16_input_bits_8192,ga102,"RTX 3090 FE dense FP16 Tensor Core peak, no sparsity",https://www.nvidia.com/content/dam/en-zz/Solutions/geforce/ampere/pdf/NVIDIA-ampere-GA102-GPU-Architecture-Whitepaper-V1.pdf,142.0,284.0,1024.0,1935.0,measured_avg_sm_clock_mhz,warp-level HMMA mma.sync.aligned.m16n8k16 pair -> logical m16n16k16,"dense FP16 Tensor Core HMMA normalization only; no sparsity, no WGMMA",162.47808,973.1249343243136,95.03173186760876,True,False,154.40573332923884,nan,144.5547289125809,227.46827158287948,40.675,14.923,nvml_total_energy_counter,nvml_total_energy_counter,49.161536799654996,nan,174.71499999999997,nan,average_instant,average_instant,174.71499999999997,nan,232.92,nan,370.0,nan,40.675,14.923,-8.486536799655,nan,0.8273744607651371,nan,63.33462089275305,1.557089634732712,-0.5570896347327119,1.5735789018734925,True,-82.91354267029857,-22.659620892753054,-0.5270706942663671,-0.5369848702023408,nan,nan,-0.5270706942663671,-0.3513804628442447,-0.26353534713318355,2,0,0,0,1935.0,0.0,68.0,99.5,100.0,nan,nan,False,False,False,invalid_or_nonpositive_increment,launch_shape_tensor_mma_f16acc_t032_b04_rep006_test_cbfa7483,launch_shape_tensor_mma_f16acc_t032_b04_rep006_baseline_feaf5d1a,results/diagnostic_fp16_launch_shape_rtx3090_20260602_125100/raw/launch_shape_tensor_mma_f16acc_t032_b04_rep006_test_cbfa7483/power.csv,results/diagnostic_fp16_launch_shape_rtx3090_20260602_125100/raw/launch_shape_tensor_mma_f16acc_t032_b04_rep006_baseline_feaf5d1a/power.csv,results/diagnostic_fp16_launch_shape_rtx3090_20260602_125100/raw/launch_shape_tensor_mma_f16acc_t032_b04_rep006_test_cbfa7483/sm_util.csv,results/diagnostic_fp16_launch_shape_rtx3090_20260602_125100/raw/launch_shape_tensor_mma_f16acc_t032_b04_rep006_baseline_feaf5d1a/sm_util.csv
launch_shape_tensor_mma_f16acc_t032_b04,7,7,NVIDIA GeForce RTX 3090,ampere,ga102,consumer,86,82,benchmark uses warp-level HMMA mma.sync m16n8k16 pairs,False,False,tensor_core_mma_m16n16k16_f16acc,fp16-energy-bench-v2,fp16-energy-bench-v2,"nvml_timed_energy_counter,explicit_m16n16k16_denominator,strict_denominator_provenance,tensor_no_memory_warpsync_baseline","nvml_timed_energy_counter,explicit_m16n16k16_denominator,strict_denominator_provenance,tensor_no_memory_warpsync_baseline",d46eadcde2d6,d46eadcde2d6,tensor_mma_f16acc,tensor_baseline_mov,328,32,128.0,4,1000000,8,0.279282470703,0.0656066589355,42991616000000.0,0.0,0.0,42991616000000.0,21495808000000.0,21495808000000.0,64487424000000.0,85983232000000.0,5248000000.0,8192.0,8192.0,4096.0,4096.0,12288.0,16384.0,True,bench_json_metadata,True,logical_m16n16k16_input_bits_8192,ga102,"RTX 3090 FE dense FP16 Tensor Core peak, no sparsity",https://www.nvidia.com/content/dam/en-zz/Solutions/geforce/ampere/pdf/NVIDIA-ampere-GA102-GPU-Architecture-Whitepaper-V1.pdf,142.0,284.0,1024.0,1935.0,measured_avg_sm_clock_mhz,warp-level HMMA mma.sync.aligned.m16n8k16 pair -> logical m16n16k16,"dense FP16 Tensor Core HMMA normalization only; no sparsity, no WGMMA",162.47808,970.1642574237048,94.74260326403368,True,False,153.93596272541924,nan,221.08577940233258,145.0103089786351,63.736,9.896,nvml_total_energy_counter,nvml_total_energy_counter,51.459336001803464,nan,178.5008065690541,nan,average_instant,average_instant,178.48666666666668,nan,232.1933333333333,nan,370.0,nan,63.736,9.896,12.276663998196533,nan,1.2385701983750097,nan,40.49883736895863,0.6354154225078235,0.36458457749217654,0.6559006615922813,True,76.07547042369748,23.237162631041365,0.540504516765347,0.4942020634865932,nan,nan,0.540504516765347,0.3603363445102314,0.2702522583826735,3,0,0,0,1935.0,0.0,69.0,98.66666666666667,100.0,nan,nan,True,True,True,pure_fp16_candidate_no_l2,launch_shape_tensor_mma_f16acc_t032_b04_rep007_test_2bafa938,launch_shape_tensor_mma_f16acc_t032_b04_rep007_baseline_b1703ed9,results/diagnostic_fp16_launch_shape_rtx3090_20260602_125100/raw/launch_shape_tensor_mma_f16acc_t032_b04_rep007_test_2bafa938/power.csv,results/diagnostic_fp16_launch_shape_rtx3090_20260602_125100/raw/launch_shape_tensor_mma_f16acc_t032_b04_rep007_baseline_b1703ed9/power.csv,results/diagnostic_fp16_launch_shape_rtx3090_20260602_125100/raw/launch_shape_tensor_mma_f16acc_t032_b04_rep007_test_2bafa938/sm_util.csv,results/diagnostic_fp16_launch_shape_rtx3090_20260602_125100/raw/launch_shape_tensor_mma_f16acc_t032_b04_rep007_baseline_b1703ed9/sm_util.csv
launch_shape_tensor_mma_f16acc_t032_b04,8,8,NVIDIA GeForce RTX 3090,ampere,ga102,consumer,86,82,benchmark uses warp-level HMMA mma.sync m16n8k16 pairs,False,False,tensor_core_mma_m16n16k16_f16acc,fp16-energy-bench-v2,fp16-energy-bench-v2,"nvml_timed_energy_counter,explicit_m16n16k16_denominator,strict_denominator_provenance,tensor_no_memory_warpsync_baseline","nvml_timed_energy_counter,explicit_m16n16k16_denominator,strict_denominator_provenance,tensor_no_memory_warpsync_baseline",d46eadcde2d6,d46eadcde2d6,tensor_mma_f16acc,tensor_baseline_mov,328,32,128.0,4,1000000,8,0.28003634643599995,0.0654704666138,42991616000000.0,0.0,0.0,42991616000000.0,21495808000000.0,21495808000000.0,64487424000000.0,85983232000000.0,5248000000.0,8192.0,8192.0,4096.0,4096.0,12288.0,16384.0,True,bench_json_metadata,True,logical_m16n16k16_input_bits_8192,ga102,"RTX 3090 FE dense FP16 Tensor Core peak, no sparsity",https://www.nvidia.com/content/dam/en-zz/Solutions/geforce/ampere/pdf/NVIDIA-ampere-GA102-GPU-Architecture-Whitepaper-V1.pdf,142.0,284.0,1024.0,1935.0,measured_avg_sm_clock_mhz,warp-level HMMA mma.sync.aligned.m16n8k16 pair -> logical m16n16k16,"dense FP16 Tensor Core HMMA normalization only; no sparsity, no WGMMA",162.47808,967.5525132697624,94.48755012400022,True,False,153.52155728051318,nan,223.35892553781937,153.17995690488047,64.59,10.385,nvml_total_energy_counter,nvml_total_energy_counter,51.60944185062088,nan,178.47080785510525,nan,average_instant,average_instant,178.34666666666666,nan,232.5,nan,370.0,nan,64.59,10.385,12.980558149379121,nan,1.251515181794646,nan,42.89595547886665,0.6641268846395207,0.33587311536047926,0.6858018166770948,True,70.1789686329389,21.694044521133357,0.5046110507019173,0.45712777981211156,nan,nan,0.5046110507019173,0.3364073671346115,0.2523055253509586,3,0,0,0,1935.0,0.0,66.0,98.66666666666667,100.0,nan,nan,True,True,True,pure_fp16_candidate_no_l2,launch_shape_tensor_mma_f16acc_t032_b04_rep008_test_45c74cf2,launch_shape_tensor_mma_f16acc_t032_b04_rep008_baseline_45066450,results/diagnostic_fp16_launch_shape_rtx3090_20260602_125100/raw/launch_shape_tensor_mma_f16acc_t032_b04_rep008_test_45c74cf2/power.csv,results/diagnostic_fp16_launch_shape_rtx3090_20260602_125100/raw/launch_shape_tensor_mma_f16acc_t032_b04_rep008_baseline_45066450/power.csv,results/diagnostic_fp16_launch_shape_rtx3090_20260602_125100/raw/launch_shape_tensor_mma_f16acc_t032_b04_rep008_test_45c74cf2/sm_util.csv,results/diagnostic_fp16_launch_shape_rtx3090_20260602_125100/raw/launch_shape_tensor_mma_f16acc_t032_b04_rep008_baseline_45066450/sm_util.csv
launch_shape_tensor_mma_f16acc_t032_b04,9,9,NVIDIA GeForce RTX 3090,ampere,ga102,consumer,86,82,benchmark uses warp-level HMMA mma.sync m16n8k16 pairs,False,False,tensor_core_mma_m16n16k16_f16acc,fp16-energy-bench-v2,fp16-energy-bench-v2,"nvml_timed_energy_counter,explicit_m16n16k16_denominator,strict_denominator_provenance,tensor_no_memory_warpsync_baseline","nvml_timed_energy_counter,explicit_m16n16k16_denominator,strict_denominator_provenance,tensor_no_memory_warpsync_baseline",d46eadcde2d6,d46eadcde2d6,tensor_mma_f16acc,tensor_baseline_mov,328,32,128.0,4,1000000,8,0.27935333252,0.06459484863279999,42991616000000.0,0.0,0.0,42991616000000.0,21495808000000.0,21495808000000.0,64487424000000.0,85983232000000.0,5248000000.0,8192.0,8192.0,4096.0,4096.0,12288.0,16384.0,True,bench_json_metadata,True,logical_m16n16k16_input_bits_8192,ga102,"RTX 3090 FE dense FP16 Tensor Core peak, no sparsity",https://www.nvidia.com/content/dam/en-zz/Solutions/geforce/ampere/pdf/NVIDIA-ampere-GA102-GPU-Architecture-Whitepaper-V1.pdf,142.0,284.0,1024.0,1935.0,measured_avg_sm_clock_mhz,warp-level HMMA mma.sync.aligned.m16n8k16 pair -> logical m16n16k16,"dense FP16 Tensor Core HMMA normalization only; no sparsity, no WGMMA",162.47808,969.9181619092919,94.71857049895428,True,False,153.89691475014735,nan,211.33324610420686,nan,60.885,nan,nvml_total_energy_counter,unavailable,51.00461871143995,nan,177.03821365847048,nan,average_instant,average_instant,177.08666666666667,nan,233.21333333333334,nan,370.0,nan,60.885,0.0,9.880381288560045,nan,1.1937154229984264,nan,nan,nan,nan,nan,False,nan,nan,nan,nan,nan,nan,nan,nan,nan,3,0,0,0,1935.0,0.0,66.0,98.66666666666667,100.0,nan,nan,False,False,False,invalid_or_nonpositive_increment,launch_shape_tensor_mma_f16acc_t032_b04_rep009_test_05c7354e,launch_shape_tensor_mma_f16acc_t032_b04_rep009_baseline_4473cc60,results/diagnostic_fp16_launch_shape_rtx3090_20260602_125100/raw/launch_shape_tensor_mma_f16acc_t032_b04_rep009_test_05c7354e/power.csv,results/diagnostic_fp16_launch_shape_rtx3090_20260602_125100/raw/launch_shape_tensor_mma_f16acc_t032_b04_rep009_baseline_4473cc60/power.csv,results/diagnostic_fp16_launch_shape_rtx3090_20260602_125100/raw/launch_shape_tensor_mma_f16acc_t032_b04_rep009_test_05c7354e/sm_util.csv,results/diagnostic_fp16_launch_shape_rtx3090_20260602_125100/raw/launch_shape_tensor_mma_f16acc_t032_b04_rep009_baseline_4473cc60/sm_util.csv
launch_shape_tensor_mma_f16acc_t032_b08,0,0,NVIDIA GeForce RTX 3090,ampere,ga102,consumer,86,82,benchmark uses warp-level HMMA mma.sync m16n8k16 pairs,False,False,tensor_core_mma_m16n16k16_f16acc,fp16-energy-bench-v2,fp16-energy-bench-v2,"nvml_timed_energy_counter,explicit_m16n16k16_denominator,strict_denominator_provenance,tensor_no_memory_warpsync_baseline","nvml_timed_energy_counter,explicit_m16n16k16_denominator,strict_denominator_provenance,tensor_no_memory_warpsync_baseline",d46eadcde2d6,d46eadcde2d6,tensor_mma_f16acc,tensor_baseline_mov,656,32,256.0,8,1000000,8,0.532958190918,0.06667427062989999,85983232000000.0,0.0,0.0,85983232000000.0,42991616000000.0,42991616000000.0,128974848000000.0,171966464000000.0,10496000000.0,8192.0,8192.0,4096.0,4096.0,12288.0,16384.0,True,bench_json_metadata,True,logical_m16n16k16_input_bits_8192,ga102,"RTX 3090 FE dense FP16 Tensor Core peak, no sparsity",https://www.nvidia.com/content/dam/en-zz/Solutions/geforce/ampere/pdf/NVIDIA-ampere-GA102-GPU-Architecture-Whitepaper-V1.pdf,142.0,284.0,1024.0,1950.0,measured_avg_sm_clock_mhz,warp-level HMMA mma.sync.aligned.m16n8k16 pair -> logical m16n16k16,"dense FP16 Tensor Core HMMA normalization only; no sparsity, no WGMMA",163.7376,1008.9558453451303,98.5308442719854,True,False,161.33203967068636,nan,223.38007057191564,167.66451465363832,122.712,11.584,nvml_total_energy_counter,nvml_total_energy_counter,105.48384005526148,nan,192.0186097182099,nan,average_instant,average_instant,192.645,nan,221.5625,nan,370.0,nan,122.712,11.584,17.228159944738522,nan,1.1633251115593908,nan,89.35817641094758,0.7281942793773027,0.27180572062269726,0.7505795580795106,True,55.71555591827732,33.353823589052425,0.3879107915954174,0.3453471240554873,nan,nan,0.3879107915954174,0.25860719439694496,0.1939553957977087,4,0,1,0,1950.0,0.0,60.0,99.5,100.0,100.0,100.0,True,True,True,pure_fp16_candidate_no_l2,launch_shape_tensor_mma_f16acc_t032_b08_rep000_test_b19565d1,launch_shape_tensor_mma_f16acc_t032_b08_rep000_baseline_9fd5a51e,results/diagnostic_fp16_launch_shape_rtx3090_20260602_125100/raw/launch_shape_tensor_mma_f16acc_t032_b08_rep000_test_b19565d1/power.csv,results/diagnostic_fp16_launch_shape_rtx3090_20260602_125100/raw/launch_shape_tensor_mma_f16acc_t032_b08_rep000_baseline_9fd5a51e/power.csv,results/diagnostic_fp16_launch_shape_rtx3090_20260602_125100/raw/launch_shape_tensor_mma_f16acc_t032_b08_rep000_test_b19565d1/sm_util.csv,results/diagnostic_fp16_launch_shape_rtx3090_20260602_125100/raw/launch_shape_tensor_mma_f16acc_t032_b08_rep000_baseline_9fd5a51e/sm_util.csv
launch_shape_tensor_mma_f16acc_t032_b08,1,1,NVIDIA GeForce RTX 3090,ampere,ga102,consumer,86,82,benchmark uses warp-level HMMA mma.sync m16n8k16 pairs,False,False,tensor_core_mma_m16n16k16_f16acc,fp16-energy-bench-v2,fp16-energy-bench-v2,"nvml_timed_energy_counter,explicit_m16n16k16_denominator,strict_denominator_provenance,tensor_no_memory_warpsync_baseline","nvml_timed_energy_counter,explicit_m16n16k16_denominator,strict_denominator_provenance,tensor_no_memory_warpsync_baseline",d46eadcde2d6,d46eadcde2d6,tensor_mma_f16acc,tensor_baseline_mov,656,32,256.0,8,1000000,8,0.546708496094,0.06727369689939999,85983232000000.0,0.0,0.0,85983232000000.0,42991616000000.0,42991616000000.0,128974848000000.0,171966464000000.0,10496000000.0,8192.0,8192.0,4096.0,4096.0,12288.0,16384.0,True,bench_json_metadata,True,logical_m16n16k16_input_bits_8192,ga102,"RTX 3090 FE dense FP16 Tensor Core peak, no sparsity",https://www.nvidia.com/content/dam/en-zz/Solutions/geforce/ampere/pdf/NVIDIA-ampere-GA102-GPU-Architecture-Whitepaper-V1.pdf,142.0,284.0,1024.0,1935.0,measured_avg_sm_clock_mhz,warp-level HMMA mma.sync.aligned.m16n8k16 pair -> logical m16n16k16,"dense FP16 Tensor Core HMMA normalization only; no sparsity, no WGMMA",162.47808,991.204170913221,96.79728231574424,True,False,157.27436579880077,nan,226.89824645179831,nan,127.809,nan,nvml_total_energy_counter,unavailable,112.40309501542336,nan,199.5482724593294,nan,average_instant,average_instant,198.625,nan,228.3025,nan,370.0,nan,127.809,0.0,15.405904984576637,nan,1.1370594375756533,nan,nan,nan,nan,nan,False,nan,nan,nan,nan,nan,nan,nan,nan,nan,4,0,1,0,1935.0,0.0,66.0,99.75,100.0,99.0,99.0,False,False,False,invalid_or_nonpositive_increment,launch_shape_tensor_mma_f16acc_t032_b08_rep001_test_a9bf642d,launch_shape_tensor_mma_f16acc_t032_b08_rep001_baseline_3e68b304,results/diagnostic_fp16_launch_shape_rtx3090_20260602_125100/raw/launch_shape_tensor_mma_f16acc_t032_b08_rep001_test_a9bf642d/power.csv,results/diagnostic_fp16_launch_shape_rtx3090_20260602_125100/raw/launch_shape_tensor_mma_f16acc_t032_b08_rep001_baseline_3e68b304/power.csv,results/diagnostic_fp16_launch_shape_rtx3090_20260602_125100/raw/launch_shape_tensor_mma_f16acc_t032_b08_rep001_test_a9bf642d/sm_util.csv,results/diagnostic_fp16_launch_shape_rtx3090_20260602_125100/raw/launch_shape_tensor_mma_f16acc_t032_b08_rep001_baseline_3e68b304/sm_util.csv
launch_shape_tensor_mma_f16acc_t032_b08,2,2,NVIDIA GeForce RTX 3090,ampere,ga102,consumer,86,82,benchmark uses warp-level HMMA mma.sync m16n8k16 pairs,False,False,tensor_core_mma_m16n16k16_f16acc,fp16-energy-bench-v2,fp16-energy-bench-v2,"nvml_timed_energy_counter,explicit_m16n16k16_denominator,strict_denominator_provenance,tensor_no_memory_warpsync_baseline","nvml_timed_energy_counter,explicit_m16n16k16_denominator,strict_denominator_provenance,tensor_no_memory_warpsync_baseline",d46eadcde2d6,d46eadcde2d6,tensor_mma_f16acc,tensor_baseline_mov,656,32,256.0,8,1000000,8,0.5390703735350001,0.0677199707031,85983232000000.0,0.0,0.0,85983232000000.0,42991616000000.0,42991616000000.0,128974848000000.0,171966464000000.0,10496000000.0,8192.0,8192.0,4096.0,4096.0,12288.0,16384.0,True,bench_json_metadata,True,logical_m16n16k16_input_bits_8192,ga102,"RTX 3090 FE dense FP16 Tensor Core peak, no sparsity",https://www.nvidia.com/content/dam/en-zz/Solutions/geforce/ampere/pdf/NVIDIA-ampere-GA102-GPU-Architecture-Whitepaper-V1.pdf,142.0,284.0,1024.0,1935.0,measured_avg_sm_clock_mhz,warp-level HMMA mma.sync.aligned.m16n8k16 pair -> logical m16n16k16,"dense FP16 Tensor Core HMMA normalization only; no sparsity, no WGMMA",162.47808,1005.2486061300555,98.16880919238822,True,False,159.5027963346559,nan,226.67210825202224,181.33899463715144,125.898,12.709,nvml_total_energy_counter,nvml_total_energy_counter,114.4175224858647,nan,206.00216876236405,nan,average_instant,average_instant,206.60399999999998,nan,231.71599999999998,nan,370.0,nan,125.898,12.709,11.480477514135302,nan,1.1003384557252025,nan,97.7544795755106,0.7764577640273126,0.22354223597268738,0.8000057706064665,True,45.3331136148708,28.143520424489395,0.3273140561230519,0.284215165229809,nan,nan,0.3273140561230519,0.21820937074870128,0.16365702806152596,5,0,1,0,1935.0,0.0,68.0,99.6,100.0,100.0,100.0,True,True,True,pure_fp16_candidate_no_l2,launch_shape_tensor_mma_f16acc_t032_b08_rep002_test_74fa94ff,launch_shape_tensor_mma_f16acc_t032_b08_rep002_baseline_74eb42cd,results/diagnostic_fp16_launch_shape_rtx3090_20260602_125100/raw/launch_shape_tensor_mma_f16acc_t032_b08_rep002_test_74fa94ff/power.csv,results/diagnostic_fp16_launch_shape_rtx3090_20260602_125100/raw/launch_shape_tensor_mma_f16acc_t032_b08_rep002_baseline_74eb42cd/power.csv,results/diagnostic_fp16_launch_shape_rtx3090_20260602_125100/raw/launch_shape_tensor_mma_f16acc_t032_b08_rep002_test_74fa94ff/sm_util.csv,results/diagnostic_fp16_launch_shape_rtx3090_20260602_125100/raw/launch_shape_tensor_mma_f16acc_t032_b08_rep002_baseline_74eb42cd/sm_util.csv
launch_shape_tensor_mma_f16acc_t032_b08,3,3,NVIDIA GeForce RTX 3090,ampere,ga102,consumer,86,82,benchmark uses warp-level HMMA mma.sync m16n8k16 pairs,False,False,tensor_core_mma_m16n16k16_f16acc,fp16-energy-bench-v2,fp16-energy-bench-v2,"nvml_timed_energy_counter,explicit_m16n16k16_denominator,strict_denominator_provenance,tensor_no_memory_warpsync_baseline","nvml_timed_energy_counter,explicit_m16n16k16_denominator,strict_denominator_provenance,tensor_no_memory_warpsync_baseline",d46eadcde2d6,d46eadcde2d6,tensor_mma_f16acc,tensor_baseline_mov,656,32,256.0,8,1000000,8,0.539200317383,0.0677190093994,85983232000000.0,0.0,0.0,85983232000000.0,42991616000000.0,42991616000000.0,128974848000000.0,171966464000000.0,10496000000.0,8192.0,8192.0,4096.0,4096.0,12288.0,16384.0,True,bench_json_metadata,True,logical_m16n16k16_input_bits_8192,ga102,"RTX 3090 FE dense FP16 Tensor Core peak, no sparsity",https://www.nvidia.com/content/dam/en-zz/Solutions/geforce/ampere/pdf/NVIDIA-ampere-GA102-GPU-Architecture-Whitepaper-V1.pdf,142.0,284.0,1024.0,1935.0,measured_avg_sm_clock_mhz,warp-level HMMA mma.sync.aligned.m16n8k16 pair -> logical m16n16k16,"dense FP16 Tensor Core HMMA normalization only; no sparsity, no WGMMA",162.47808,1005.0063476078219,98.14515113357636,True,False,159.4643571749331,nan,237.25994636036876,nan,131.726,nan,nvml_total_energy_counter,unavailable,113.21266413834732,nan,203.9144179644013,nan,average_instant,average_instant,204.5825,nan,233.56,nan,370.0,nan,131.726,0.0,18.513335861652678,nan,1.1635270753723201,nan,nan,nan,nan,nan,False,nan,nan,nan,nan,nan,nan,nan,nan,nan,4,0,1,0,1935.0,0.0,69.0,99.5,100.0,100.0,100.0,False,False,False,invalid_or_nonpositive_increment,launch_shape_tensor_mma_f16acc_t032_b08_rep003_test_60702715,launch_shape_tensor_mma_f16acc_t032_b08_rep003_baseline_1bd1264a,results/diagnostic_fp16_launch_shape_rtx3090_20260602_125100/raw/launch_shape_tensor_mma_f16acc_t032_b08_rep003_test_60702715/power.csv,results/diagnostic_fp16_launch_shape_rtx3090_20260602_125100/raw/launch_shape_tensor_mma_f16acc_t032_b08_rep003_baseline_1bd1264a/power.csv,results/diagnostic_fp16_launch_shape_rtx3090_20260602_125100/raw/launch_shape_tensor_mma_f16acc_t032_b08_rep003_test_60702715/sm_util.csv,results/diagnostic_fp16_launch_shape_rtx3090_20260602_125100/raw/launch_shape_tensor_mma_f16acc_t032_b08_rep003_baseline_1bd1264a/sm_util.csv
launch_shape_tensor_mma_f16acc_t032_b08,4,4,NVIDIA GeForce RTX 3090,ampere,ga102,consumer,86,82,benchmark uses warp-level HMMA mma.sync m16n8k16 pairs,False,False,tensor_core_mma_m16n16k16_f16acc,fp16-energy-bench-v2,fp16-energy-bench-v2,"nvml_timed_energy_counter,explicit_m16n16k16_denominator,strict_denominator_provenance,tensor_no_memory_warpsync_baseline","nvml_timed_energy_counter,explicit_m16n16k16_denominator,strict_denominator_provenance,tensor_no_memory_warpsync_baseline",d46eadcde2d6,d46eadcde2d6,tensor_mma_f16acc,tensor_baseline_mov,656,32,256.0,8,1000000,8,0.5390131225589999,0.06799667358400001,85983232000000.0,0.0,0.0,85983232000000.0,42991616000000.0,42991616000000.0,128974848000000.0,171966464000000.0,10496000000.0,8192.0,8192.0,4096.0,4096.0,12288.0,16384.0,True,bench_json_metadata,True,logical_m16n16k16_input_bits_8192,ga102,"RTX 3090 FE dense FP16 Tensor Core peak, no sparsity",https://www.nvidia.com/content/dam/en-zz/Solutions/geforce/ampere/pdf/NVIDIA-ampere-GA102-GPU-Architecture-Whitepaper-V1.pdf,142.0,284.0,1024.0,1935.0,measured_avg_sm_clock_mhz,warp-level HMMA mma.sync.aligned.m16n8k16 pair -> logical m16n16k16,"dense FP16 Tensor Core HMMA normalization only; no sparsity, no WGMMA",162.47808,1005.3553780460165,98.17923613730629,True,False,159.51973783456143,nan,186.2134456865602,nan,103.546,nan,nvml_total_energy_counter,unavailable,116.32057786437494,nan,209.18679242440152,nan,average_instant,average_instant,209.13000000000002,nan,233.26399999999998,nan,370.0,nan,103.546,0.0,-12.774577864374933,nan,0.8901778335448989,nan,nan,nan,nan,nan,False,nan,nan,nan,nan,nan,nan,nan,nan,nan,5,0,1,0,1935.0,0.0,70.0,98.4,100.0,99.0,99.0,False,False,False,invalid_or_nonpositive_increment,launch_shape_tensor_mma_f16acc_t032_b08_rep004_test_341b6c75,launch_shape_tensor_mma_f16acc_t032_b08_rep004_baseline_0afe2607,results/diagnostic_fp16_launch_shape_rtx3090_20260602_125100/raw/launch_shape_tensor_mma_f16acc_t032_b08_rep004_test_341b6c75/power.csv,results/diagnostic_fp16_launch_shape_rtx3090_20260602_125100/raw/launch_shape_tensor_mma_f16acc_t032_b08_rep004_baseline_0afe2607/power.csv,results/diagnostic_fp16_launch_shape_rtx3090_20260602_125100/raw/launch_shape_tensor_mma_f16acc_t032_b08_rep004_test_341b6c75/sm_util.csv,results/diagnostic_fp16_launch_shape_rtx3090_20260602_125100/raw/launch_shape_tensor_mma_f16acc_t032_b08_rep004_baseline_0afe2607/sm_util.csv
launch_shape_tensor_mma_f16acc_t032_b08,5,5,NVIDIA GeForce RTX 3090,ampere,ga102,consumer,86,82,benchmark uses warp-level HMMA mma.sync m16n8k16 pairs,False,False,tensor_core_mma_m16n16k16_f16acc,fp16-energy-bench-v2,fp16-energy-bench-v2,"nvml_timed_energy_counter,explicit_m16n16k16_denominator,strict_denominator_provenance,tensor_no_memory_warpsync_baseline","nvml_timed_energy_counter,explicit_m16n16k16_denominator,strict_denominator_provenance,tensor_no_memory_warpsync_baseline",d46eadcde2d6,d46eadcde2d6,tensor_mma_f16acc,tensor_baseline_mov,656,32,256.0,8,1000000,8,0.538384399414,0.0685916137695,85983232000000.0,0.0,0.0,85983232000000.0,42991616000000.0,42991616000000.0,128974848000000.0,171966464000000.0,10496000000.0,8192.0,8192.0,4096.0,4096.0,12288.0,16384.0,True,bench_json_metadata,True,logical_m16n16k16_input_bits_8192,ga102,"RTX 3090 FE dense FP16 Tensor Core peak, no sparsity",https://www.nvidia.com/content/dam/en-zz/Solutions/geforce/ampere/pdf/NVIDIA-ampere-GA102-GPU-Architecture-Whitepaper-V1.pdf,142.0,284.0,1024.0,1935.0,measured_avg_sm_clock_mhz,warp-level HMMA mma.sync.aligned.m16n8k16 pair -> logical m16n16k16,"dense FP16 Tensor Core HMMA normalization only; no sparsity, no WGMMA",162.47808,1006.5294280292919,98.29388945598552,True,False,159.70602434540774,nan,187.26204536647873,nan,104.074,nan,nvml_total_energy_counter,unavailable,116.4461441234476,nan,209.5234460441279,nan,average_instant,average_instant,209.61399999999998,nan,235.56799999999998,nan,370.0,nan,104.074,0.0,-12.372144123447598,nan,0.8937522215391558,nan,nan,nan,nan,nan,False,nan,nan,nan,nan,nan,nan,nan,nan,nan,5,0,1,0,1935.0,0.0,70.0,99.6,100.0,100.0,100.0,False,False,False,invalid_or_nonpositive_increment,launch_shape_tensor_mma_f16acc_t032_b08_rep005_test_057f47d7,launch_shape_tensor_mma_f16acc_t032_b08_rep005_baseline_0ced562b,results/diagnostic_fp16_launch_shape_rtx3090_20260602_125100/raw/launch_shape_tensor_mma_f16acc_t032_b08_rep005_test_057f47d7/power.csv,results/diagnostic_fp16_launch_shape_rtx3090_20260602_125100/raw/launch_shape_tensor_mma_f16acc_t032_b08_rep005_baseline_0ced562b/power.csv,results/diagnostic_fp16_launch_shape_rtx3090_20260602_125100/raw/launch_shape_tensor_mma_f16acc_t032_b08_rep005_test_057f47d7/sm_util.csv,results/diagnostic_fp16_launch_shape_rtx3090_20260602_125100/raw/launch_shape_tensor_mma_f16acc_t032_b08_rep005_baseline_0ced562b/sm_util.csv
launch_shape_tensor_mma_f16acc_t032_b08,6,6,NVIDIA GeForce RTX 3090,ampere,ga102,consumer,86,82,benchmark uses warp-level HMMA mma.sync m16n8k16 pairs,False,False,tensor_core_mma_m16n16k16_f16acc,fp16-energy-bench-v2,fp16-energy-bench-v2,"nvml_timed_energy_counter,explicit_m16n16k16_denominator,strict_denominator_provenance,tensor_no_memory_warpsync_baseline","nvml_timed_energy_counter,explicit_m16n16k16_denominator,strict_denominator_provenance,tensor_no_memory_warpsync_baseline",d46eadcde2d6,d46eadcde2d6,tensor_mma_f16acc,tensor_baseline_mov,656,32,256.0,8,1000000,8,0.540076049805,0.0677242889404,85983232000000.0,0.0,0.0,85983232000000.0,42991616000000.0,42991616000000.0,128974848000000.0,171966464000000.0,10496000000.0,8192.0,8192.0,4096.0,4096.0,12288.0,16384.0,True,bench_json_metadata,True,logical_m16n16k16_input_bits_8192,ga102,"RTX 3090 FE dense FP16 Tensor Core peak, no sparsity",https://www.nvidia.com/content/dam/en-zz/Solutions/geforce/ampere/pdf/NVIDIA-ampere-GA102-GPU-Architecture-Whitepaper-V1.pdf,142.0,284.0,1024.0,1935.0,measured_avg_sm_clock_mhz,warp-level HMMA mma.sync.aligned.m16n8k16 pair -> logical m16n16k16,"dense FP16 Tensor Core HMMA normalization only; no sparsity, no WGMMA",162.47808,1003.3767314764756,97.98600893324956,True,False,159.20578598337238,nan,191.96655204242055,nan,106.816,nan,nvml_total_energy_counter,unavailable,114.54991246913937,nan,205.8657105064949,nan,average_instant,average_instant,205.715,nan,236.14249999999998,nan,370.0,nan,106.816,0.0,-7.733912469139369,nan,0.932484344139303,nan,nan,nan,nan,nan,False,nan,nan,nan,nan,nan,nan,nan,nan,nan,4,0,1,0,1935.0,0.0,70.0,99.5,100.0,99.0,99.0,False,False,False,invalid_or_nonpositive_increment,launch_shape_tensor_mma_f16acc_t032_b08_rep006_test_2c27df77,launch_shape_tensor_mma_f16acc_t032_b08_rep006_baseline_e54038e4,results/diagnostic_fp16_launch_shape_rtx3090_20260602_125100/raw/launch_shape_tensor_mma_f16acc_t032_b08_rep006_test_2c27df77/power.csv,results/diagnostic_fp16_launch_shape_rtx3090_20260602_125100/raw/launch_shape_tensor_mma_f16acc_t032_b08_rep006_baseline_e54038e4/power.csv,results/diagnostic_fp16_launch_shape_rtx3090_20260602_125100/raw/launch_shape_tensor_mma_f16acc_t032_b08_rep006_test_2c27df77/sm_util.csv,results/diagnostic_fp16_launch_shape_rtx3090_20260602_125100/raw/launch_shape_tensor_mma_f16acc_t032_b08_rep006_baseline_e54038e4/sm_util.csv
launch_shape_tensor_mma_f16acc_t032_b08,7,7,NVIDIA GeForce RTX 3090,ampere,ga102,consumer,86,82,benchmark uses warp-level HMMA mma.sync m16n8k16 pairs,False,False,tensor_core_mma_m16n16k16_f16acc,fp16-energy-bench-v2,fp16-energy-bench-v2,"nvml_timed_energy_counter,explicit_m16n16k16_denominator,strict_denominator_provenance,tensor_no_memory_warpsync_baseline","nvml_timed_energy_counter,explicit_m16n16k16_denominator,strict_denominator_provenance,tensor_no_memory_warpsync_baseline",d46eadcde2d6,d46eadcde2d6,tensor_mma_f16acc,tensor_baseline_mov,656,32,256.0,8,1000000,8,0.538044433594,0.0688084487915,85983232000000.0,0.0,0.0,85983232000000.0,42991616000000.0,42991616000000.0,128974848000000.0,171966464000000.0,10496000000.0,8192.0,8192.0,4096.0,4096.0,12288.0,16384.0,True,bench_json_metadata,True,logical_m16n16k16_input_bits_8192,ga102,"RTX 3090 FE dense FP16 Tensor Core peak, no sparsity",https://www.nvidia.com/content/dam/en-zz/Solutions/geforce/ampere/pdf/NVIDIA-ampere-GA102-GPU-Architecture-Whitepaper-V1.pdf,142.0,284.0,1024.0,1935.0,measured_avg_sm_clock_mhz,warp-level HMMA mma.sync.aligned.m16n8k16 pair -> logical m16n16k16,"dense FP16 Tensor Core HMMA normalization only; no sparsity, no WGMMA",162.47808,1007.1654082216123,98.35599689664183,True,False,159.80693532252323,nan,189.5840030599212,nan,105.117,nan,nvml_total_energy_counter,unavailable,113.7498185962151,nan,205.1537425612444,nan,average_instant,average_instant,204.48250000000002,nan,236.57999999999998,nan,370.0,nan,105.117,0.0,-8.632818596215103,nan,0.9241069682329819,nan,nan,nan,nan,nan,False,nan,nan,nan,nan,nan,nan,nan,nan,nan,4,0,1,0,1935.0,0.0,71.0,99.0,100.0,98.0,98.0,False,False,False,invalid_or_nonpositive_increment,launch_shape_tensor_mma_f16acc_t032_b08_rep007_test_21e7c652,launch_shape_tensor_mma_f16acc_t032_b08_rep007_baseline_0fabad2e,results/diagnostic_fp16_launch_shape_rtx3090_20260602_125100/raw/launch_shape_tensor_mma_f16acc_t032_b08_rep007_test_21e7c652/power.csv,results/diagnostic_fp16_launch_shape_rtx3090_20260602_125100/raw/launch_shape_tensor_mma_f16acc_t032_b08_rep007_baseline_0fabad2e/power.csv,results/diagnostic_fp16_launch_shape_rtx3090_20260602_125100/raw/launch_shape_tensor_mma_f16acc_t032_b08_rep007_test_21e7c652/sm_util.csv,results/diagnostic_fp16_launch_shape_rtx3090_20260602_125100/raw/launch_shape_tensor_mma_f16acc_t032_b08_rep007_baseline_0fabad2e/sm_util.csv
launch_shape_tensor_mma_f16acc_t032_b08,8,8,NVIDIA GeForce RTX 3090,ampere,ga102,consumer,86,82,benchmark uses warp-level HMMA mma.sync m16n8k16 pairs,False,False,tensor_core_mma_m16n16k16_f16acc,fp16-energy-bench-v2,fp16-energy-bench-v2,"nvml_timed_energy_counter,explicit_m16n16k16_denominator,strict_denominator_provenance,tensor_no_memory_warpsync_baseline","nvml_timed_energy_counter,explicit_m16n16k16_denominator,strict_denominator_provenance,tensor_no_memory_warpsync_baseline",d46eadcde2d6,d46eadcde2d6,tensor_mma_f16acc,tensor_baseline_mov,656,32,256.0,8,1000000,8,0.539166748047,0.0677189102173,85983232000000.0,0.0,0.0,85983232000000.0,42991616000000.0,42991616000000.0,128974848000000.0,171966464000000.0,10496000000.0,8192.0,8192.0,4096.0,4096.0,12288.0,16384.0,True,bench_json_metadata,True,logical_m16n16k16_input_bits_8192,ga102,"RTX 3090 FE dense FP16 Tensor Core peak, no sparsity",https://www.nvidia.com/content/dam/en-zz/Solutions/geforce/ampere/pdf/NVIDIA-ampere-GA102-GPU-Architecture-Whitepaper-V1.pdf,142.0,284.0,1024.0,1935.0,measured_avg_sm_clock_mhz,warp-level HMMA mma.sync.aligned.m16n8k16 pair -> logical m16n16k16,"dense FP16 Tensor Core HMMA normalization only; no sparsity, no WGMMA",162.47808,1005.068920820816,98.15126179890781,True,False,159.47428566663888,nan,186.0706331764806,222.96959781215025,103.442,15.629,nvml_total_energy_counter,nvml_total_energy_counter,114.3348325610615,nan,205.66457230876827,nan,average_instant,average_instant,205.585,nan,236.0025,nan,370.0,nan,103.442,15.629,-10.89283256106151,nan,0.9047286612743838,nan,120.21779296572456,1.162175837336136,-0.16217583733613583,1.1983062238557143,True,-36.89896463566964,-16.775792965724563,-0.19510540108244084,-0.23137877358361292,nan,nan,-0.19510540108244084,-0.13007026738829391,-0.09755270054122042,4,0,1,0,1935.0,0.0,71.0,99.75,100.0,99.0,99.0,False,False,False,invalid_or_nonpositive_increment,launch_shape_tensor_mma_f16acc_t032_b08_rep008_test_137e0a05,launch_shape_tensor_mma_f16acc_t032_b08_rep008_baseline_67074b1e,results/diagnostic_fp16_launch_shape_rtx3090_20260602_125100/raw/launch_shape_tensor_mma_f16acc_t032_b08_rep008_test_137e0a05/power.csv,results/diagnostic_fp16_launch_shape_rtx3090_20260602_125100/raw/launch_shape_tensor_mma_f16acc_t032_b08_rep008_baseline_67074b1e/power.csv,results/diagnostic_fp16_launch_shape_rtx3090_20260602_125100/raw/launch_shape_tensor_mma_f16acc_t032_b08_rep008_test_137e0a05/sm_util.csv,results/diagnostic_fp16_launch_shape_rtx3090_20260602_125100/raw/launch_shape_tensor_mma_f16acc_t032_b08_rep008_baseline_67074b1e/sm_util.csv
launch_shape_tensor_mma_f16acc_t032_b08,9,9,NVIDIA GeForce RTX 3090,ampere,ga102,consumer,86,82,benchmark uses warp-level HMMA mma.sync m16n8k16 pairs,False,False,tensor_core_mma_m16n16k16_f16acc,fp16-energy-bench-v2,fp16-energy-bench-v2,"nvml_timed_energy_counter,explicit_m16n16k16_denominator,strict_denominator_provenance,tensor_no_memory_warpsync_baseline","nvml_timed_energy_counter,explicit_m16n16k16_denominator,strict_denominator_provenance,tensor_no_memory_warpsync_baseline",d46eadcde2d6,d46eadcde2d6,tensor_mma_f16acc,tensor_baseline_mov,656,32,256.0,8,1000000,8,0.539506347656,0.067719039917,85983232000000.0,0.0,0.0,85983232000000.0,42991616000000.0,42991616000000.0,128974848000000.0,171966464000000.0,10496000000.0,8192.0,8192.0,4096.0,4096.0,12288.0,16384.0,True,bench_json_metadata,True,logical_m16n16k16_input_bits_8192,ga102,"RTX 3090 FE dense FP16 Tensor Core peak, no sparsity",https://www.nvidia.com/content/dam/en-zz/Solutions/geforce/ampere/pdf/NVIDIA-ampere-GA102-GPU-Architecture-Whitepaper-V1.pdf,142.0,284.0,1024.0,1935.0,measured_avg_sm_clock_mhz,warp-level HMMA mma.sync.aligned.m16n8k16 pair -> logical m16n16k16,"dense FP16 Tensor Core HMMA normalization only; no sparsity, no WGMMA",162.47808,1004.4362665174668,98.08947915209637,True,False,159.37390240832647,nan,225.33933036605973,259.75618677235076,125.296,18.262,nvml_total_energy_counter,nvml_total_energy_counter,119.59445817221078,nan,215.08535883043126,nan,average_instant,average_instant,215.11,nan,236.9525,nan,370.0,nan,125.296,18.262,5.701541827789228,nan,1.047673963450541,nan,140.14011160660075,1.1184723503272311,-0.1184723503272311,1.1527334635741637,True,-34.41685640629103,-14.844111606600748,-0.17263960962296404,-0.2159503901593171,nan,nan,-0.17263960962296404,-0.11509307308197601,-0.08631980481148202,4,0,1,0,1935.0,0.0,70.0,99.5,100.0,99.0,99.0,False,False,False,invalid_or_nonpositive_increment,launch_shape_tensor_mma_f16acc_t032_b08_rep009_test_dc2065c9,launch_shape_tensor_mma_f16acc_t032_b08_rep009_baseline_916cb73e,results/diagnostic_fp16_launch_shape_rtx3090_20260602_125100/raw/launch_shape_tensor_mma_f16acc_t032_b08_rep009_test_dc2065c9/power.csv,results/diagnostic_fp16_launch_shape_rtx3090_20260602_125100/raw/launch_shape_tensor_mma_f16acc_t032_b08_rep009_baseline_916cb73e/power.csv,results/diagnostic_fp16_launch_shape_rtx3090_20260602_125100/raw/launch_shape_tensor_mma_f16acc_t032_b08_rep009_test_dc2065c9/sm_util.csv,results/diagnostic_fp16_launch_shape_rtx3090_20260602_125100/raw/launch_shape_tensor_mma_f16acc_t032_b08_rep009_baseline_916cb73e/sm_util.csv
launch_shape_tensor_mma_f16acc_t064_b01,0,0,NVIDIA GeForce RTX 3090,ampere,ga102,consumer,86,82,benchmark uses warp-level HMMA mma.sync m16n8k16 pairs,False,False,tensor_core_mma_m16n16k16_f16acc,fp16-energy-bench-v2,fp16-energy-bench-v2,"nvml_timed_energy_counter,explicit_m16n16k16_denominator,strict_denominator_provenance,tensor_no_memory_warpsync_baseline","nvml_timed_energy_counter,explicit_m16n16k16_denominator,strict_denominator_provenance,tensor_no_memory_warpsync_baseline",d46eadcde2d6,d46eadcde2d6,tensor_mma_f16acc,tensor_baseline_mov,82,64,64.0,1,1000000,8,0.27578982543900005,0.0636076469421,21495808000000.0,0.0,0.0,21495808000000.0,10747904000000.0,10747904000000.0,32243712000000.0,42991616000000.0,2624000000.0,8192.0,8192.0,4096.0,4096.0,12288.0,16384.0,True,bench_json_metadata,True,logical_m16n16k16_input_bits_8192,ga102,"RTX 3090 FE dense FP16 Tensor Core peak, no sparsity",https://www.nvidia.com/content/dam/en-zz/Solutions/geforce/ampere/pdf/NVIDIA-ampere-GA102-GPU-Architecture-Whitepaper-V1.pdf,142.0,284.0,1024.0,1950.0,measured_avg_sm_clock_mhz,warp-level HMMA mma.sync.aligned.m16n8k16 pair -> logical m16n16k16,"dense FP16 Tensor Core HMMA normalization only; no sparsity, no WGMMA",163.7376,487.4466282388461,47.602209788949814,True,False,77.94271585539148,nan,176.3903278698533,148.63803346237248,50.243,9.796,nvml_total_energy_counter,nvml_total_energy_counter,42.529442632110005,nan,149.31,nan,average_instant,average_instant,149.31,nan,183.255,nan,370.0,nan,50.243,9.796,7.713557367889997,nan,1.1813698203057619,nan,40.99285730218395,0.8158919113544961,0.1841080886455039,0.8426654412255676,True,27.752294407480832,9.250142697816052,0.4303230982439019,0.3560601411294182,nan,nan,0.4303230982439019,0.2868820654959346,0.21516154912195096,2,0,0,0,1950.0,0.0,55.0,97.5,99.0,nan,nan,True,True,True,pure_fp16_candidate_no_l2,launch_shape_tensor_mma_f16acc_t064_b01_rep000_test_e6c534b0,launch_shape_tensor_mma_f16acc_t064_b01_rep000_baseline_6a2c799a,results/diagnostic_fp16_launch_shape_rtx3090_20260602_125100/raw/launch_shape_tensor_mma_f16acc_t064_b01_rep000_test_e6c534b0/power.csv,results/diagnostic_fp16_launch_shape_rtx3090_20260602_125100/raw/launch_shape_tensor_mma_f16acc_t064_b01_rep000_baseline_6a2c799a/power.csv,results/diagnostic_fp16_launch_shape_rtx3090_20260602_125100/raw/launch_shape_tensor_mma_f16acc_t064_b01_rep000_test_e6c534b0/sm_util.csv,results/diagnostic_fp16_launch_shape_rtx3090_20260602_125100/raw/launch_shape_tensor_mma_f16acc_t064_b01_rep000_baseline_6a2c799a/sm_util.csv
launch_shape_tensor_mma_f16acc_t064_b01,1,1,NVIDIA GeForce RTX 3090,ampere,ga102,consumer,86,82,benchmark uses warp-level HMMA mma.sync m16n8k16 pairs,False,False,tensor_core_mma_m16n16k16_f16acc,fp16-energy-bench-v2,fp16-energy-bench-v2,"nvml_timed_energy_counter,explicit_m16n16k16_denominator,strict_denominator_provenance,tensor_no_memory_warpsync_baseline","nvml_timed_energy_counter,explicit_m16n16k16_denominator,strict_denominator_provenance,tensor_no_memory_warpsync_baseline",d46eadcde2d6,d46eadcde2d6,tensor_mma_f16acc,tensor_baseline_mov,82,64,64.0,1,1000000,8,0.276040557861,0.06533507537840001,21495808000000.0,0.0,0.0,21495808000000.0,10747904000000.0,10747904000000.0,32243712000000.0,42991616000000.0,2624000000.0,8192.0,8192.0,4096.0,4096.0,12288.0,16384.0,True,bench_json_metadata,True,logical_m16n16k16_input_bits_8192,ga102,"RTX 3090 FE dense FP16 Tensor Core peak, no sparsity",https://www.nvidia.com/content/dam/en-zz/Solutions/geforce/ampere/pdf/NVIDIA-ampere-GA102-GPU-Architecture-Whitepaper-V1.pdf,142.0,284.0,1024.0,1935.0,measured_avg_sm_clock_mhz,warp-level HMMA mma.sync.aligned.m16n8k16 pair -> logical m16n16k16,"dense FP16 Tensor Core HMMA normalization only; no sparsity, no WGMMA",162.47808,490.7790958339357,47.92764607753278,True,False,77.87191913597057,nan,170.13476028784945,204.228713665661,48.464,13.837,nvml_total_energy_counter,nvml_total_energy_counter,44.265282810275,nan,155.39499999999998,nan,average_instant,average_instant,155.39499999999998,nan,190.27999999999997,nan,370.0,nan,48.464,13.837,4.198717189725002,nan,1.0948535042173138,nan,56.3754080515035,1.1632429855460444,-0.1632429855460445,1.2003938132344518,True,-34.093953377811545,-7.9114080515035,-0.36804422757700017,-0.43782089559499343,nan,nan,-0.36804422757700017,-0.24536281838466675,-0.18402211378850009,2,0,0,0,1935.0,0.0,61.0,99.0,99.0,nan,nan,False,False,False,invalid_or_nonpositive_increment,launch_shape_tensor_mma_f16acc_t064_b01_rep001_test_53e478fe,launch_shape_tensor_mma_f16acc_t064_b01_rep001_baseline_55d63053,results/diagnostic_fp16_launch_shape_rtx3090_20260602_125100/raw/launch_shape_tensor_mma_f16acc_t064_b01_rep001_test_53e478fe/power.csv,results/diagnostic_fp16_launch_shape_rtx3090_20260602_125100/raw/launch_shape_tensor_mma_f16acc_t064_b01_rep001_baseline_55d63053/power.csv,results/diagnostic_fp16_launch_shape_rtx3090_20260602_125100/raw/launch_shape_tensor_mma_f16acc_t064_b01_rep001_test_53e478fe/sm_util.csv,results/diagnostic_fp16_launch_shape_rtx3090_20260602_125100/raw/launch_shape_tensor_mma_f16acc_t064_b01_rep001_baseline_55d63053/sm_util.csv
launch_shape_tensor_mma_f16acc_t064_b01,2,2,NVIDIA GeForce RTX 3090,ampere,ga102,consumer,86,82,benchmark uses warp-level HMMA mma.sync m16n8k16 pairs,False,False,tensor_core_mma_m16n16k16_f16acc,fp16-energy-bench-v2,fp16-energy-bench-v2,"nvml_timed_energy_counter,explicit_m16n16k16_denominator,strict_denominator_provenance,tensor_no_memory_warpsync_baseline","nvml_timed_energy_counter,explicit_m16n16k16_denominator,strict_denominator_provenance,tensor_no_memory_warpsync_baseline",d46eadcde2d6,d46eadcde2d6,tensor_mma_f16acc,tensor_baseline_mov,82,64,64.0,1,1000000,8,0.280016906738,0.0645895996094,21495808000000.0,0.0,0.0,21495808000000.0,10747904000000.0,10747904000000.0,32243712000000.0,42991616000000.0,2624000000.0,8192.0,8192.0,4096.0,4096.0,12288.0,16384.0,True,bench_json_metadata,True,logical_m16n16k16_input_bits_8192,ga102,"RTX 3090 FE dense FP16 Tensor Core peak, no sparsity",https://www.nvidia.com/content/dam/en-zz/Solutions/geforce/ampere/pdf/NVIDIA-ampere-GA102-GPU-Architecture-Whitepaper-V1.pdf,142.0,284.0,1024.0,1935.0,measured_avg_sm_clock_mhz,warp-level HMMA mma.sync.aligned.m16n8k16 pair -> logical m16n16k16,"dense FP16 Tensor Core HMMA normalization only; no sparsity, no WGMMA",162.47808,483.8098419795594,47.24705488081634,True,False,76.76610762689668,nan,172.87312842794404,202.23391335957115,50.131,13.528,nvml_total_energy_counter,nvml_total_energy_counter,46.15291790895999,nan,159.15499999999997,nan,average_instant,average_instant,159.15499999999997,nan,191.60500000000002,nan,370.0,nan,50.131,13.528,3.978082091040008,nan,1.0861935121607493,nan,56.62891485646781,1.129618696145455,-0.12961869614545507,1.169840074039414,True,-29.36078493162711,-6.497914856467808,-0.3022875370150221,-0.3824706740939398,nan,nan,-0.3022875370150221,-0.2015250246766814,-0.15114376850751104,2,0,0,0,1935.0,0.0,63.0,97.0,98.0,nan,nan,False,False,False,invalid_or_nonpositive_increment,launch_shape_tensor_mma_f16acc_t064_b01_rep002_test_073b6f27,launch_shape_tensor_mma_f16acc_t064_b01_rep002_baseline_198767b2,results/diagnostic_fp16_launch_shape_rtx3090_20260602_125100/raw/launch_shape_tensor_mma_f16acc_t064_b01_rep002_test_073b6f27/power.csv,results/diagnostic_fp16_launch_shape_rtx3090_20260602_125100/raw/launch_shape_tensor_mma_f16acc_t064_b01_rep002_baseline_198767b2/power.csv,results/diagnostic_fp16_launch_shape_rtx3090_20260602_125100/raw/launch_shape_tensor_mma_f16acc_t064_b01_rep002_test_073b6f27/sm_util.csv,results/diagnostic_fp16_launch_shape_rtx3090_20260602_125100/raw/launch_shape_tensor_mma_f16acc_t064_b01_rep002_baseline_198767b2/sm_util.csv
launch_shape_tensor_mma_f16acc_t064_b01,3,3,NVIDIA GeForce RTX 3090,ampere,ga102,consumer,86,82,benchmark uses warp-level HMMA mma.sync m16n8k16 pairs,False,False,tensor_core_mma_m16n16k16_f16acc,fp16-energy-bench-v2,fp16-energy-bench-v2,"nvml_timed_energy_counter,explicit_m16n16k16_denominator,strict_denominator_provenance,tensor_no_memory_warpsync_baseline","nvml_timed_energy_counter,explicit_m16n16k16_denominator,strict_denominator_provenance,tensor_no_memory_warpsync_baseline",d46eadcde2d6,d46eadcde2d6,tensor_mma_f16acc,tensor_baseline_mov,82,64,64.0,1,1000000,8,0.279132171631,0.066568862915,21495808000000.0,0.0,0.0,21495808000000.0,10747904000000.0,10747904000000.0,32243712000000.0,42991616000000.0,2624000000.0,8192.0,8192.0,4096.0,4096.0,12288.0,16384.0,True,bench_json_metadata,True,logical_m16n16k16_input_bits_8192,ga102,"RTX 3090 FE dense FP16 Tensor Core peak, no sparsity",https://www.nvidia.com/content/dam/en-zz/Solutions/geforce/ampere/pdf/NVIDIA-ampere-GA102-GPU-Architecture-Whitepaper-V1.pdf,142.0,284.0,1024.0,1935.0,measured_avg_sm_clock_mhz,warp-level HMMA mma.sync.aligned.m16n8k16 pair -> logical m16n16k16,"dense FP16 Tensor Core HMMA normalization only; no sparsity, no WGMMA",162.47808,485.3433217995684,47.3968087694891,True,False,77.00942486993752,nan,110.89290375106741,200.78240613099885,31.936,13.847,nvml_total_energy_counter,nvml_total_energy_counter,45.85657970879001,nan,159.23000000000002,nan,average_instant,average_instant,159.23000000000002,nan,192.44,nan,370.0,nan,31.936,13.847,-13.920579708790008,nan,0.6964322285440393,nan,56.04482904864312,1.7549107292285546,-0.7549107292285547,1.8105974263395208,True,-89.88950237993144,-24.108829048643123,-1.1215595640156035,-1.1672532619448504,nan,nan,-1.1215595640156035,-0.7477063760104025,-0.5607797820078018,2,0,0,0,1935.0,0.0,64.0,100.0,100.0,nan,nan,False,False,False,invalid_or_nonpositive_increment,launch_shape_tensor_mma_f16acc_t064_b01_rep003_test_7400fdd7,launch_shape_tensor_mma_f16acc_t064_b01_rep003_baseline_01693b7e,results/diagnostic_fp16_launch_shape_rtx3090_20260602_125100/raw/launch_shape_tensor_mma_f16acc_t064_b01_rep003_test_7400fdd7/power.csv,results/diagnostic_fp16_launch_shape_rtx3090_20260602_125100/raw/launch_shape_tensor_mma_f16acc_t064_b01_rep003_baseline_01693b7e/power.csv,results/diagnostic_fp16_launch_shape_rtx3090_20260602_125100/raw/launch_shape_tensor_mma_f16acc_t064_b01_rep003_test_7400fdd7/sm_util.csv,results/diagnostic_fp16_launch_shape_rtx3090_20260602_125100/raw/launch_shape_tensor_mma_f16acc_t064_b01_rep003_baseline_01693b7e/sm_util.csv
launch_shape_tensor_mma_f16acc_t064_b01,4,4,NVIDIA GeForce RTX 3090,ampere,ga102,consumer,86,82,benchmark uses warp-level HMMA mma.sync m16n8k16 pairs,False,False,tensor_core_mma_m16n16k16_f16acc,fp16-energy-bench-v2,fp16-energy-bench-v2,"nvml_timed_energy_counter,explicit_m16n16k16_denominator,strict_denominator_provenance,tensor_no_memory_warpsync_baseline","nvml_timed_energy_counter,explicit_m16n16k16_denominator,strict_denominator_provenance,tensor_no_memory_warpsync_baseline",d46eadcde2d6,d46eadcde2d6,tensor_mma_f16acc,tensor_baseline_mov,82,64,64.0,1,1000000,8,0.280391693115,0.06458953857420001,21495808000000.0,0.0,0.0,21495808000000.0,10747904000000.0,10747904000000.0,32243712000000.0,42991616000000.0,2624000000.0,8192.0,8192.0,4096.0,4096.0,12288.0,16384.0,True,bench_json_metadata,True,logical_m16n16k16_input_bits_8192,ga102,"RTX 3090 FE dense FP16 Tensor Core peak, no sparsity",https://www.nvidia.com/content/dam/en-zz/Solutions/geforce/ampere/pdf/NVIDIA-ampere-GA102-GPU-Architecture-Whitepaper-V1.pdf,142.0,284.0,1024.0,1935.0,measured_avg_sm_clock_mhz,warp-level HMMA mma.sync.aligned.m16n8k16 pair -> logical m16n16k16,"dense FP16 Tensor Core HMMA normalization only; no sparsity, no WGMMA",162.47808,483.1631561386985,47.18390196666978,True,False,76.6634979845273,nan,173.4218216983946,203.06288176600032,50.205,13.633,nvml_total_energy_counter,nvml_total_energy_counter,46.99891779680612,nan,162.34713558759518,nan,average_instant,average_instant,162.68666666666667,nan,193.04333333333332,nan,370.0,nan,50.205,13.633,3.20608220319388,nan,1.0682160856778655,nan,56.93714522717989,1.1340931227403623,-0.13409312274036236,1.1709188600218705,True,-29.641060067605707,-6.732145227179892,-0.3131840974379698,-0.3866385026363922,nan,nan,-0.3131840974379698,-0.2087893982919799,-0.1565920487189849,3,0,0,0,1935.0,0.0,64.0,91.66666666666667,100.0,nan,nan,False,False,False,invalid_or_nonpositive_increment,launch_shape_tensor_mma_f16acc_t064_b01_rep004_test_f40eb033,launch_shape_tensor_mma_f16acc_t064_b01_rep004_baseline_3a279a00,results/diagnostic_fp16_launch_shape_rtx3090_20260602_125100/raw/launch_shape_tensor_mma_f16acc_t064_b01_rep004_test_f40eb033/power.csv,results/diagnostic_fp16_launch_shape_rtx3090_20260602_125100/raw/launch_shape_tensor_mma_f16acc_t064_b01_rep004_baseline_3a279a00/power.csv,results/diagnostic_fp16_launch_shape_rtx3090_20260602_125100/raw/launch_shape_tensor_mma_f16acc_t064_b01_rep004_test_f40eb033/sm_util.csv,results/diagnostic_fp16_launch_shape_rtx3090_20260602_125100/raw/launch_shape_tensor_mma_f16acc_t064_b01_rep004_baseline_3a279a00/sm_util.csv
launch_shape_tensor_mma_f16acc_t064_b01,5,5,NVIDIA GeForce RTX 3090,ampere,ga102,consumer,86,82,benchmark uses warp-level HMMA mma.sync m16n8k16 pairs,False,False,tensor_core_mma_m16n16k16_f16acc,fp16-energy-bench-v2,fp16-energy-bench-v2,"nvml_timed_energy_counter,explicit_m16n16k16_denominator,strict_denominator_provenance,tensor_no_memory_warpsync_baseline","nvml_timed_energy_counter,explicit_m16n16k16_denominator,strict_denominator_provenance,tensor_no_memory_warpsync_baseline",d46eadcde2d6,d46eadcde2d6,tensor_mma_f16acc,tensor_baseline_mov,82,64,64.0,1,1000000,8,0.27932775878899996,0.06551039886469999,21495808000000.0,0.0,0.0,21495808000000.0,10747904000000.0,10747904000000.0,32243712000000.0,42991616000000.0,2624000000.0,8192.0,8192.0,4096.0,4096.0,12288.0,16384.0,True,bench_json_metadata,True,logical_m16n16k16_input_bits_8192,ga102,"RTX 3090 FE dense FP16 Tensor Core peak, no sparsity",https://www.nvidia.com/content/dam/en-zz/Solutions/geforce/ampere/pdf/NVIDIA-ampere-GA102-GPU-Architecture-Whitepaper-V1.pdf,142.0,284.0,1024.0,1935.0,measured_avg_sm_clock_mhz,warp-level HMMA mma.sync.aligned.m16n8k16 pair -> logical m16n16k16,"dense FP16 Tensor Core HMMA normalization only; no sparsity, no WGMMA",162.47808,485.00348117156716,47.36362120816086,True,False,76.95550235749256,nan,179.12365441123885,196.30823050852487,51.673,13.335,nvml_total_energy_counter,nvml_total_energy_counter,47.63438964679757,nan,165.1238741544571,nan,average_instant,average_instant,164.76333333333332,nan,194.21333333333334,nan,370.0,nan,51.673,13.335,4.038610353202429,nan,1.084783501649715,nan,54.834338059780634,1.0611796888080938,-0.06117968880809383,1.0959369445301346,True,-17.184576097286026,-3.1613380597806326,-0.1470676542970905,-0.22330535921208103,nan,nan,-0.1470676542970905,-0.09804510286472701,-0.07353382714854526,3,0,0,0,1935.0,0.0,67.0,99.33333333333333,100.0,nan,nan,False,False,False,invalid_or_nonpositive_increment,launch_shape_tensor_mma_f16acc_t064_b01_rep005_test_50733f4d,launch_shape_tensor_mma_f16acc_t064_b01_rep005_baseline_38bc0243,results/diagnostic_fp16_launch_shape_rtx3090_20260602_125100/raw/launch_shape_tensor_mma_f16acc_t064_b01_rep005_test_50733f4d/power.csv,results/diagnostic_fp16_launch_shape_rtx3090_20260602_125100/raw/launch_shape_tensor_mma_f16acc_t064_b01_rep005_baseline_38bc0243/power.csv,results/diagnostic_fp16_launch_shape_rtx3090_20260602_125100/raw/launch_shape_tensor_mma_f16acc_t064_b01_rep005_test_50733f4d/sm_util.csv,results/diagnostic_fp16_launch_shape_rtx3090_20260602_125100/raw/launch_shape_tensor_mma_f16acc_t064_b01_rep005_baseline_38bc0243/sm_util.csv
launch_shape_tensor_mma_f16acc_t064_b01,6,6,NVIDIA GeForce RTX 3090,ampere,ga102,consumer,86,82,benchmark uses warp-level HMMA mma.sync m16n8k16 pairs,False,False,tensor_core_mma_m16n16k16_f16acc,fp16-energy-bench-v2,fp16-energy-bench-v2,"nvml_timed_energy_counter,explicit_m16n16k16_denominator,strict_denominator_provenance,tensor_no_memory_warpsync_baseline","nvml_timed_energy_counter,explicit_m16n16k16_denominator,strict_denominator_provenance,tensor_no_memory_warpsync_baseline",d46eadcde2d6,d46eadcde2d6,tensor_mma_f16acc,tensor_baseline_mov,82,64,64.0,1,1000000,8,0.28022354126,0.06458982086180001,21495808000000.0,0.0,0.0,21495808000000.0,10747904000000.0,10747904000000.0,32243712000000.0,42991616000000.0,2624000000.0,8192.0,8192.0,4096.0,4096.0,12288.0,16384.0,True,bench_json_metadata,True,logical_m16n16k16_input_bits_8192,ga102,"RTX 3090 FE dense FP16 Tensor Core peak, no sparsity",https://www.nvidia.com/content/dam/en-zz/Solutions/geforce/ampere/pdf/NVIDIA-ampere-GA102-GPU-Architecture-Whitepaper-V1.pdf,142.0,284.0,1024.0,1935.0,measured_avg_sm_clock_mhz,warp-level HMMA mma.sync.aligned.m16n8k16 pair -> logical m16n16k16,"dense FP16 Tensor Core HMMA normalization only; no sparsity, no WGMMA",162.47808,483.45308460297775,47.212215293259554,True,False,76.70950093395449,nan,181.4113040234389,213.5361307199685,52.759,14.388,nvml_total_energy_counter,nvml_total_energy_counter,47.60289174774646,nan,163.68207637076677,nan,average_instant,average_instant,164.03333333333333,nan,194.5,nan,370.0,nan,52.759,14.388,5.156108252253539,nan,1.1083150216918836,nan,59.837850737307846,1.1341733303760086,-0.13417333037600876,1.1770828277182714,True,-32.124826696529595,-7.078850737307846,-0.3293130798948263,-0.41878549991074115,nan,nan,-0.3293130798948263,-0.21954205326321755,-0.16465653994741314,3,0,0,0,1935.0,0.0,65.0,92.66666666666667,100.0,nan,nan,False,False,False,invalid_or_nonpositive_increment,launch_shape_tensor_mma_f16acc_t064_b01_rep006_test_9771fb10,launch_shape_tensor_mma_f16acc_t064_b01_rep006_baseline_09835f50,results/diagnostic_fp16_launch_shape_rtx3090_20260602_125100/raw/launch_shape_tensor_mma_f16acc_t064_b01_rep006_test_9771fb10/power.csv,results/diagnostic_fp16_launch_shape_rtx3090_20260602_125100/raw/launch_shape_tensor_mma_f16acc_t064_b01_rep006_baseline_09835f50/power.csv,results/diagnostic_fp16_launch_shape_rtx3090_20260602_125100/raw/launch_shape_tensor_mma_f16acc_t064_b01_rep006_test_9771fb10/sm_util.csv,results/diagnostic_fp16_launch_shape_rtx3090_20260602_125100/raw/launch_shape_tensor_mma_f16acc_t064_b01_rep006_baseline_09835f50/sm_util.csv
launch_shape_tensor_mma_f16acc_t064_b01,7,7,NVIDIA GeForce RTX 3090,ampere,ga102,consumer,86,82,benchmark uses warp-level HMMA mma.sync m16n8k16 pairs,False,False,tensor_core_mma_m16n16k16_f16acc,fp16-energy-bench-v2,fp16-energy-bench-v2,"nvml_timed_energy_counter,explicit_m16n16k16_denominator,strict_denominator_provenance,tensor_no_memory_warpsync_baseline","nvml_timed_energy_counter,explicit_m16n16k16_denominator,strict_denominator_provenance,tensor_no_memory_warpsync_baseline",d46eadcde2d6,d46eadcde2d6,tensor_mma_f16acc,tensor_baseline_mov,82,64,64.0,1,1000000,8,0.27907482910200004,0.06636544036870001,21495808000000.0,0.0,0.0,21495808000000.0,10747904000000.0,10747904000000.0,32243712000000.0,42991616000000.0,2624000000.0,8192.0,8192.0,4096.0,4096.0,12288.0,16384.0,True,bench_json_metadata,True,logical_m16n16k16_input_bits_8192,ga102,"RTX 3090 FE dense FP16 Tensor Core peak, no sparsity",https://www.nvidia.com/content/dam/en-zz/Solutions/geforce/ampere/pdf/NVIDIA-ampere-GA102-GPU-Architecture-Whitepaper-V1.pdf,142.0,284.0,1024.0,1935.0,measured_avg_sm_clock_mhz,warp-level HMMA mma.sync.aligned.m16n8k16 pair -> logical m16n16k16,"dense FP16 Tensor Core HMMA normalization only; no sparsity, no WGMMA",162.47808,485.44304707251683,47.406547565675474,True,False,77.02524827899624,nan,181.59928737513613,193.88413681720905,52.332,13.335,nvml_total_energy_counter,nvml_total_energy_counter,47.29836540702079,nan,164.13187823747927,nan,average_instant,average_instant,163.78,nan,194.92333333333332,nan,370.0,nan,52.332,13.335,5.033634592979212,nan,1.1064230137693518,nan,54.10818234785141,1.0339406548163916,-0.0339406548163917,1.0676481148116825,True,-12.284849442072925,-1.7761823478514103,-0.08262924323902643,-0.15949120212602858,nan,nan,-0.08262924323902643,-0.05508616215935096,-0.041314621619513214,3,0,0,0,1935.0,0.0,65.0,87.0,100.0,nan,nan,False,False,False,invalid_or_nonpositive_increment,launch_shape_tensor_mma_f16acc_t064_b01_rep007_test_a616b793,launch_shape_tensor_mma_f16acc_t064_b01_rep007_baseline_392399ad,results/diagnostic_fp16_launch_shape_rtx3090_20260602_125100/raw/launch_shape_tensor_mma_f16acc_t064_b01_rep007_test_a616b793/power.csv,results/diagnostic_fp16_launch_shape_rtx3090_20260602_125100/raw/launch_shape_tensor_mma_f16acc_t064_b01_rep007_baseline_392399ad/power.csv,results/diagnostic_fp16_launch_shape_rtx3090_20260602_125100/raw/launch_shape_tensor_mma_f16acc_t064_b01_rep007_test_a616b793/sm_util.csv,results/diagnostic_fp16_launch_shape_rtx3090_20260602_125100/raw/launch_shape_tensor_mma_f16acc_t064_b01_rep007_baseline_392399ad/sm_util.csv
launch_shape_tensor_mma_f16acc_t064_b01,8,8,NVIDIA GeForce RTX 3090,ampere,ga102,consumer,86,82,benchmark uses warp-level HMMA mma.sync m16n8k16 pairs,False,False,tensor_core_mma_m16n16k16_f16acc,fp16-energy-bench-v2,fp16-energy-bench-v2,"nvml_timed_energy_counter,explicit_m16n16k16_denominator,strict_denominator_provenance,tensor_no_memory_warpsync_baseline","nvml_timed_energy_counter,explicit_m16n16k16_denominator,strict_denominator_provenance,tensor_no_memory_warpsync_baseline",d46eadcde2d6,d46eadcde2d6,tensor_mma_f16acc,tensor_baseline_mov,82,64,64.0,1,1000000,8,0.278131652832,0.06549600219730001,21495808000000.0,0.0,0.0,21495808000000.0,10747904000000.0,10747904000000.0,32243712000000.0,42991616000000.0,2624000000.0,8192.0,8192.0,4096.0,4096.0,12288.0,16384.0,True,bench_json_metadata,True,logical_m16n16k16_input_bits_8192,ga102,"RTX 3090 FE dense FP16 Tensor Core peak, no sparsity",https://www.nvidia.com/content/dam/en-zz/Solutions/geforce/ampere/pdf/NVIDIA-ampere-GA102-GPU-Architecture-Whitepaper-V1.pdf,142.0,284.0,1024.0,1935.0,measured_avg_sm_clock_mhz,warp-level HMMA mma.sync.aligned.m16n8k16 pair -> logical m16n16k16,"dense FP16 Tensor Core HMMA normalization only; no sparsity, no WGMMA",162.47808,487.08924000947064,47.56730859467486,True,False,77.2864497123027,nan,176.32987610345842,184.2035165831073,50.563,12.496,nvml_total_energy_counter,nvml_total_energy_counter,44.1455187403,nan,153.95,nan,average_instant,average_instant,153.95,nan,194.775,nan,370.0,nan,50.563,12.496,6.417481259700004,nan,1.1453710692007693,nan,51.23282852472635,1.013247404717409,-0.013247404717408944,1.0446529008789704,True,-7.873640479648884,-0.6698285247263485,-0.031160890752575967,-0.10187607929926083,nan,nan,-0.031160890752575967,-0.020773927168383978,-0.015580445376287983,2,0,0,0,1935.0,0.0,65.0,99.0,99.0,nan,nan,False,False,False,invalid_or_nonpositive_increment,launch_shape_tensor_mma_f16acc_t064_b01_rep008_test_9717fe38,launch_shape_tensor_mma_f16acc_t064_b01_rep008_baseline_50680635,results/diagnostic_fp16_launch_shape_rtx3090_20260602_125100/raw/launch_shape_tensor_mma_f16acc_t064_b01_rep008_test_9717fe38/power.csv,results/diagnostic_fp16_launch_shape_rtx3090_20260602_125100/raw/launch_shape_tensor_mma_f16acc_t064_b01_rep008_baseline_50680635/power.csv,results/diagnostic_fp16_launch_shape_rtx3090_20260602_125100/raw/launch_shape_tensor_mma_f16acc_t064_b01_rep008_test_9717fe38/sm_util.csv,results/diagnostic_fp16_launch_shape_rtx3090_20260602_125100/raw/launch_shape_tensor_mma_f16acc_t064_b01_rep008_baseline_50680635/sm_util.csv
launch_shape_tensor_mma_f16acc_t064_b01,9,9,NVIDIA GeForce RTX 3090,ampere,ga102,consumer,86,82,benchmark uses warp-level HMMA mma.sync m16n8k16 pairs,False,False,tensor_core_mma_m16n16k16_f16acc,fp16-energy-bench-v2,fp16-energy-bench-v2,"nvml_timed_energy_counter,explicit_m16n16k16_denominator,strict_denominator_provenance,tensor_no_memory_warpsync_baseline","nvml_timed_energy_counter,explicit_m16n16k16_denominator,strict_denominator_provenance,tensor_no_memory_warpsync_baseline",d46eadcde2d6,d46eadcde2d6,tensor_mma_f16acc,tensor_baseline_mov,82,64,64.0,1,1000000,8,0.27905325317400004,0.0645928955078,21495808000000.0,0.0,0.0,21495808000000.0,10747904000000.0,10747904000000.0,32243712000000.0,42991616000000.0,2624000000.0,8192.0,8192.0,4096.0,4096.0,12288.0,16384.0,True,bench_json_metadata,True,logical_m16n16k16_input_bits_8192,ga102,"RTX 3090 FE dense FP16 Tensor Core peak, no sparsity",https://www.nvidia.com/content/dam/en-zz/Solutions/geforce/ampere/pdf/NVIDIA-ampere-GA102-GPU-Architecture-Whitepaper-V1.pdf,142.0,284.0,1024.0,1935.0,measured_avg_sm_clock_mhz,warp-level HMMA mma.sync.aligned.m16n8k16 pair -> logical m16n16k16,"dense FP16 Tensor Core HMMA normalization only; no sparsity, no WGMMA",162.47808,485.48058071210926,47.410212960166916,True,False,77.03120374159037,nan,175.1693829341739,nan,50.436,nan,nvml_total_energy_counter,unavailable,47.59986570986177,nan,165.3191986705137,nan,average_instant,average_instant,164.96666666666667,nan,195.51333333333332,nan,370.0,nan,50.436,0.0,2.836134290138233,nan,1.0595828212504945,nan,nan,nan,nan,nan,False,nan,nan,nan,nan,nan,nan,nan,nan,nan,3,0,0,0,1935.0,0.0,68.0,90.0,100.0,nan,nan,False,False,False,invalid_or_nonpositive_increment,launch_shape_tensor_mma_f16acc_t064_b01_rep009_test_e334b9a3,launch_shape_tensor_mma_f16acc_t064_b01_rep009_baseline_6bcce7f9,results/diagnostic_fp16_launch_shape_rtx3090_20260602_125100/raw/launch_shape_tensor_mma_f16acc_t064_b01_rep009_test_e334b9a3/power.csv,results/diagnostic_fp16_launch_shape_rtx3090_20260602_125100/raw/launch_shape_tensor_mma_f16acc_t064_b01_rep009_baseline_6bcce7f9/power.csv,results/diagnostic_fp16_launch_shape_rtx3090_20260602_125100/raw/launch_shape_tensor_mma_f16acc_t064_b01_rep009_test_e334b9a3/sm_util.csv,results/diagnostic_fp16_launch_shape_rtx3090_20260602_125100/raw/launch_shape_tensor_mma_f16acc_t064_b01_rep009_baseline_6bcce7f9/sm_util.csv
launch_shape_tensor_mma_f16acc_t064_b02,0,0,NVIDIA GeForce RTX 3090,ampere,ga102,consumer,86,82,benchmark uses warp-level HMMA mma.sync m16n8k16 pairs,False,False,tensor_core_mma_m16n16k16_f16acc,fp16-energy-bench-v2,fp16-energy-bench-v2,"nvml_timed_energy_counter,explicit_m16n16k16_denominator,strict_denominator_provenance,tensor_no_memory_warpsync_baseline","nvml_timed_energy_counter,explicit_m16n16k16_denominator,strict_denominator_provenance,tensor_no_memory_warpsync_baseline",d46eadcde2d6,d46eadcde2d6,tensor_mma_f16acc,tensor_baseline_mov,164,64,128.0,2,1000000,8,0.276973571777,0.0636651535034,42991616000000.0,0.0,0.0,42991616000000.0,21495808000000.0,21495808000000.0,64487424000000.0,85983232000000.0,5248000000.0,8192.0,8192.0,4096.0,4096.0,12288.0,16384.0,True,bench_json_metadata,True,logical_m16n16k16_input_bits_8192,ga102,"RTX 3090 FE dense FP16 Tensor Core peak, no sparsity",https://www.nvidia.com/content/dam/en-zz/Solutions/geforce/ampere/pdf/NVIDIA-ampere-GA102-GPU-Architecture-Whitepaper-V1.pdf,142.0,284.0,1024.0,1950.0,measured_avg_sm_clock_mhz,warp-level HMMA mma.sync.aligned.m16n8k16 pair -> logical m16n16k16,"dense FP16 Tensor Core HMMA normalization only; no sparsity, no WGMMA",163.7376,970.7266989433673,94.79752919368822,True,False,155.21919916104443,nan,207.51805022834975,209.8304521149132,59.333,13.846,nvml_total_energy_counter,nvml_total_energy_counter,46.9787701026519,nan,164.30894736197754,nan,average_instant,average_instant,163.66666666666666,nan,218.33666666666667,nan,370.0,nan,59.333,13.846,12.354229897348098,nan,1.2629747409383694,nan,58.11748978985027,0.9795137577713965,0.020486242228603485,1.0111431361465613,True,-2.3124018865634355,1.2155102101497306,0.028273191920716135,-0.014897653763593068,nan,nan,0.028273191920716135,0.018848794613810758,0.014136595960358067,3,0,0,0,1950.0,0.0,55.0,98.66666666666667,100.0,nan,nan,False,False,False,invalid_or_nonpositive_increment,launch_shape_tensor_mma_f16acc_t064_b02_rep000_test_e5e4040d,launch_shape_tensor_mma_f16acc_t064_b02_rep000_baseline_9277518a,results/diagnostic_fp16_launch_shape_rtx3090_20260602_125100/raw/launch_shape_tensor_mma_f16acc_t064_b02_rep000_test_e5e4040d/power.csv,results/diagnostic_fp16_launch_shape_rtx3090_20260602_125100/raw/launch_shape_tensor_mma_f16acc_t064_b02_rep000_baseline_9277518a/power.csv,results/diagnostic_fp16_launch_shape_rtx3090_20260602_125100/raw/launch_shape_tensor_mma_f16acc_t064_b02_rep000_test_e5e4040d/sm_util.csv,results/diagnostic_fp16_launch_shape_rtx3090_20260602_125100/raw/launch_shape_tensor_mma_f16acc_t064_b02_rep000_baseline_9277518a/sm_util.csv
launch_shape_tensor_mma_f16acc_t064_b02,1,1,NVIDIA GeForce RTX 3090,ampere,ga102,consumer,86,82,benchmark uses warp-level HMMA mma.sync m16n8k16 pairs,False,False,tensor_core_mma_m16n16k16_f16acc,fp16-energy-bench-v2,fp16-energy-bench-v2,"nvml_timed_energy_counter,explicit_m16n16k16_denominator,strict_denominator_provenance,tensor_no_memory_warpsync_baseline","nvml_timed_energy_counter,explicit_m16n16k16_denominator,strict_denominator_provenance,tensor_no_memory_warpsync_baseline",d46eadcde2d6,d46eadcde2d6,tensor_mma_f16acc,tensor_baseline_mov,164,64,128.0,2,1000000,8,0.278066162109,0.06413404846189999,42991616000000.0,0.0,0.0,42991616000000.0,21495808000000.0,21495808000000.0,64487424000000.0,85983232000000.0,5248000000.0,8192.0,8192.0,4096.0,4096.0,12288.0,16384.0,True,bench_json_metadata,True,logical_m16n16k16_input_bits_8192,ga102,"RTX 3090 FE dense FP16 Tensor Core peak, no sparsity",https://www.nvidia.com/content/dam/en-zz/Solutions/geforce/ampere/pdf/NVIDIA-ampere-GA102-GPU-Architecture-Whitepaper-V1.pdf,142.0,284.0,1024.0,1935.0,measured_avg_sm_clock_mhz,warp-level HMMA mma.sync.aligned.m16n8k16 pair -> logical m16n16k16,"dense FP16 Tensor Core HMMA normalization only; no sparsity, no WGMMA",162.47808,974.4079205682824,95.15702349299633,True,False,154.60930475656937,nan,130.55616833554834,nan,37.438,nan,nvml_total_energy_counter,unavailable,48.93162210077197,nan,170.6374563790753,nan,average_instant,average_instant,171.21,nan,222.35666666666665,nan,370.0,nan,37.438,0.0,-11.493622100771965,nan,0.7651085002434318,nan,nan,nan,nan,nan,False,nan,nan,nan,nan,nan,nan,nan,nan,nan,3,0,0,0,1935.0,0.0,60.0,99.66666666666667,100.0,nan,nan,False,False,False,invalid_or_nonpositive_increment,launch_shape_tensor_mma_f16acc_t064_b02_rep001_test_08b826ca,launch_shape_tensor_mma_f16acc_t064_b02_rep001_baseline_ee718ddf,results/diagnostic_fp16_launch_shape_rtx3090_20260602_125100/raw/launch_shape_tensor_mma_f16acc_t064_b02_rep001_test_08b826ca/power.csv,results/diagnostic_fp16_launch_shape_rtx3090_20260602_125100/raw/launch_shape_tensor_mma_f16acc_t064_b02_rep001_baseline_ee718ddf/power.csv,results/diagnostic_fp16_launch_shape_rtx3090_20260602_125100/raw/launch_shape_tensor_mma_f16acc_t064_b02_rep001_test_08b826ca/sm_util.csv,results/diagnostic_fp16_launch_shape_rtx3090_20260602_125100/raw/launch_shape_tensor_mma_f16acc_t064_b02_rep001_baseline_ee718ddf/sm_util.csv
launch_shape_tensor_mma_f16acc_t064_b02,2,2,NVIDIA GeForce RTX 3090,ampere,ga102,consumer,86,82,benchmark uses warp-level HMMA mma.sync m16n8k16 pairs,False,False,tensor_core_mma_m16n16k16_f16acc,fp16-energy-bench-v2,fp16-energy-bench-v2,"nvml_timed_energy_counter,explicit_m16n16k16_denominator,strict_denominator_provenance,tensor_no_memory_warpsync_baseline","nvml_timed_energy_counter,explicit_m16n16k16_denominator,strict_denominator_provenance,tensor_no_memory_warpsync_baseline",d46eadcde2d6,d46eadcde2d6,tensor_mma_f16acc,tensor_baseline_mov,164,64,128.0,2,1000000,8,0.27941784668,0.06547119903559999,42991616000000.0,0.0,0.0,42991616000000.0,21495808000000.0,21495808000000.0,64487424000000.0,85983232000000.0,5248000000.0,8192.0,8192.0,4096.0,4096.0,12288.0,16384.0,True,bench_json_metadata,True,logical_m16n16k16_input_bits_8192,ga102,"RTX 3090 FE dense FP16 Tensor Core peak, no sparsity",https://www.nvidia.com/content/dam/en-zz/Solutions/geforce/ampere/pdf/NVIDIA-ampere-GA102-GPU-Architecture-Whitepaper-V1.pdf,142.0,284.0,1024.0,1935.0,measured_avg_sm_clock_mhz,warp-level HMMA mma.sync.aligned.m16n8k16 pair -> logical m16n16k16,"dense FP16 Tensor Core HMMA normalization only; no sparsity, no WGMMA",162.47808,969.6942196800183,94.6967011406268,True,False,153.8613818366285,nan,215.58667721411297,220.26913198634068,62.098,14.974,nvml_total_energy_counter,nvml_total_energy_counter,50.74866532283,nan,176.185,nan,average_instant,average_instant,176.185,nan,227.51,nan,370.0,nan,62.098,14.974,11.349334677169999,nan,1.2236380918586314,nan,61.54712654969603,0.9911289663064194,0.008871033693580593,1.0217195924754536,True,-4.682454772227715,0.5508734503039676,0.012813508808414358,-0.030432943707730312,nan,nan,0.012813508808414358,0.008542339205609572,0.006406754404207179,2,0,0,0,1935.0,0.0,63.0,98.0,98.0,nan,nan,False,False,False,invalid_or_nonpositive_increment,launch_shape_tensor_mma_f16acc_t064_b02_rep002_test_7c80c49d,launch_shape_tensor_mma_f16acc_t064_b02_rep002_baseline_52edfa3b,results/diagnostic_fp16_launch_shape_rtx3090_20260602_125100/raw/launch_shape_tensor_mma_f16acc_t064_b02_rep002_test_7c80c49d/power.csv,results/diagnostic_fp16_launch_shape_rtx3090_20260602_125100/raw/launch_shape_tensor_mma_f16acc_t064_b02_rep002_baseline_52edfa3b/power.csv,results/diagnostic_fp16_launch_shape_rtx3090_20260602_125100/raw/launch_shape_tensor_mma_f16acc_t064_b02_rep002_test_7c80c49d/sm_util.csv,results/diagnostic_fp16_launch_shape_rtx3090_20260602_125100/raw/launch_shape_tensor_mma_f16acc_t064_b02_rep002_baseline_52edfa3b/sm_util.csv
launch_shape_tensor_mma_f16acc_t064_b02,3,3,NVIDIA GeForce RTX 3090,ampere,ga102,consumer,86,82,benchmark uses warp-level HMMA mma.sync m16n8k16 pairs,False,False,tensor_core_mma_m16n16k16_f16acc,fp16-energy-bench-v2,fp16-energy-bench-v2,"nvml_timed_energy_counter,explicit_m16n16k16_denominator,strict_denominator_provenance,tensor_no_memory_warpsync_baseline","nvml_timed_energy_counter,explicit_m16n16k16_denominator,strict_denominator_provenance,tensor_no_memory_warpsync_baseline",d46eadcde2d6,d46eadcde2d6,tensor_mma_f16acc,tensor_baseline_mov,164,64,128.0,2,1000000,8,0.279979003906,0.0650557403564,42991616000000.0,0.0,0.0,42991616000000.0,21495808000000.0,21495808000000.0,64487424000000.0,85983232000000.0,5248000000.0,8192.0,8192.0,4096.0,4096.0,12288.0,16384.0,True,bench_json_metadata,True,logical_m16n16k16_input_bits_8192,ga102,"RTX 3090 FE dense FP16 Tensor Core peak, no sparsity",https://www.nvidia.com/content/dam/en-zz/Solutions/geforce/ampere/pdf/NVIDIA-ampere-GA102-GPU-Architecture-Whitepaper-V1.pdf,142.0,284.0,1024.0,1935.0,measured_avg_sm_clock_mhz,warp-level HMMA mma.sync.aligned.m16n8k16 pair -> logical m16n16k16,"dense FP16 Tensor Core HMMA normalization only; no sparsity, no WGMMA",162.47808,967.7506778044047,94.5069021293364,True,False,153.5530000472249,nan,206.72984039523723,212.51094418787082,59.718,14.364,nvml_total_energy_counter,nvml_total_energy_counter,50.12812008967848,nan,173.53190437477002,nan,average_instant,average_instant,172.87666666666667,nan,228.83,nan,370.0,nan,59.718,14.364,9.589879910321521,nan,1.1913073918025525,nan,59.49860247284363,0.9963261072514757,0.003673892748524304,1.0279645346873048,True,-5.781103792633587,0.2193975271563744,0.005103263091026269,-0.0376489146474222,nan,nan,0.005103263091026269,0.0034021753940175125,0.0025516315455131346,3,0,0,0,1935.0,0.0,63.0,99.33333333333333,100.0,nan,nan,False,False,False,invalid_or_nonpositive_increment,launch_shape_tensor_mma_f16acc_t064_b02_rep003_test_44317fbf,launch_shape_tensor_mma_f16acc_t064_b02_rep003_baseline_71d86de3,results/diagnostic_fp16_launch_shape_rtx3090_20260602_125100/raw/launch_shape_tensor_mma_f16acc_t064_b02_rep003_test_44317fbf/power.csv,results/diagnostic_fp16_launch_shape_rtx3090_20260602_125100/raw/launch_shape_tensor_mma_f16acc_t064_b02_rep003_baseline_71d86de3/power.csv,results/diagnostic_fp16_launch_shape_rtx3090_20260602_125100/raw/launch_shape_tensor_mma_f16acc_t064_b02_rep003_test_44317fbf/sm_util.csv,results/diagnostic_fp16_launch_shape_rtx3090_20260602_125100/raw/launch_shape_tensor_mma_f16acc_t064_b02_rep003_baseline_71d86de3/sm_util.csv
launch_shape_tensor_mma_f16acc_t064_b02,4,4,NVIDIA GeForce RTX 3090,ampere,ga102,consumer,86,82,benchmark uses warp-level HMMA mma.sync m16n8k16 pairs,False,False,tensor_core_mma_m16n16k16_f16acc,fp16-energy-bench-v2,fp16-energy-bench-v2,"nvml_timed_energy_counter,explicit_m16n16k16_denominator,strict_denominator_provenance,tensor_no_memory_warpsync_baseline","nvml_timed_energy_counter,explicit_m16n16k16_denominator,strict_denominator_provenance,tensor_no_memory_warpsync_baseline",d46eadcde2d6,d46eadcde2d6,tensor_mma_f16acc,tensor_baseline_mov,164,64,128.0,2,1000000,8,0.280241882324,0.0655032348633,42991616000000.0,0.0,0.0,42991616000000.0,21495808000000.0,21495808000000.0,64487424000000.0,85983232000000.0,5248000000.0,8192.0,8192.0,4096.0,4096.0,12288.0,16384.0,True,bench_json_metadata,True,logical_m16n16k16_input_bits_8192,ga102,"RTX 3090 FE dense FP16 Tensor Core peak, no sparsity",https://www.nvidia.com/content/dam/en-zz/Solutions/geforce/ampere/pdf/NVIDIA-ampere-GA102-GPU-Architecture-Whitepaper-V1.pdf,142.0,284.0,1024.0,1935.0,measured_avg_sm_clock_mhz,warp-level HMMA mma.sync.aligned.m16n8k16 pair -> logical m16n16k16,"dense FP16 Tensor Core HMMA normalization only; no sparsity, no WGMMA",162.47808,966.8428878442106,94.4182507660362,True,False,153.4089610142409,nan,207.6520293156228,196.6488419072463,60.258,13.399,nvml_total_energy_counter,nvml_total_energy_counter,50.70076751739881,nan,174.7173365005057,nan,average_instant,average_instant,174.69333333333336,nan,229.26333333333332,nan,370.0,nan,60.258,13.399,9.557232482601194,nan,1.1885027180174634,nan,55.109241612921394,0.9145547746842144,0.08544522531578559,0.9470114140245068,True,11.003187408376505,5.148758387078608,0.11976191793019848,0.0717245416149783,nan,nan,0.11976191793019848,0.07984127862013234,0.05988095896509924,3,0,0,0,1935.0,0.0,64.0,98.0,99.0,nan,nan,True,True,True,pure_fp16_candidate_no_l2,launch_shape_tensor_mma_f16acc_t064_b02_rep004_test_4b5e9391,launch_shape_tensor_mma_f16acc_t064_b02_rep004_baseline_7ccc7629,results/diagnostic_fp16_launch_shape_rtx3090_20260602_125100/raw/launch_shape_tensor_mma_f16acc_t064_b02_rep004_test_4b5e9391/power.csv,results/diagnostic_fp16_launch_shape_rtx3090_20260602_125100/raw/launch_shape_tensor_mma_f16acc_t064_b02_rep004_baseline_7ccc7629/power.csv,results/diagnostic_fp16_launch_shape_rtx3090_20260602_125100/raw/launch_shape_tensor_mma_f16acc_t064_b02_rep004_test_4b5e9391/sm_util.csv,results/diagnostic_fp16_launch_shape_rtx3090_20260602_125100/raw/launch_shape_tensor_mma_f16acc_t064_b02_rep004_baseline_7ccc7629/sm_util.csv
launch_shape_tensor_mma_f16acc_t064_b02,5,5,NVIDIA GeForce RTX 3090,ampere,ga102,consumer,86,82,benchmark uses warp-level HMMA mma.sync m16n8k16 pairs,False,False,tensor_core_mma_m16n16k16_f16acc,fp16-energy-bench-v2,fp16-energy-bench-v2,"nvml_timed_energy_counter,explicit_m16n16k16_denominator,strict_denominator_provenance,tensor_no_memory_warpsync_baseline","nvml_timed_energy_counter,explicit_m16n16k16_denominator,strict_denominator_provenance,tensor_no_memory_warpsync_baseline",d46eadcde2d6,d46eadcde2d6,tensor_mma_f16acc,tensor_baseline_mov,164,64,128.0,2,1000000,8,0.27938067626999996,0.064608253479,42991616000000.0,0.0,0.0,42991616000000.0,21495808000000.0,21495808000000.0,64487424000000.0,85983232000000.0,5248000000.0,8192.0,8192.0,4096.0,4096.0,12288.0,16384.0,True,bench_json_metadata,True,logical_m16n16k16_input_bits_8192,ga102,"RTX 3090 FE dense FP16 Tensor Core peak, no sparsity",https://www.nvidia.com/content/dam/en-zz/Solutions/geforce/ampere/pdf/NVIDIA-ampere-GA102-GPU-Architecture-Whitepaper-V1.pdf,142.0,284.0,1024.0,1935.0,measured_avg_sm_clock_mhz,warp-level HMMA mma.sync.aligned.m16n8k16 pair -> logical m16n16k16,"dense FP16 Tensor Core HMMA normalization only; no sparsity, no WGMMA",162.47808,969.8232333691589,94.70930013370692,True,False,153.88185243868443,nan,209.35467777593786,191.03883721037687,60.476,12.817,nvml_total_energy_counter,nvml_total_energy_counter,51.08794056669404,nan,176.85527044739226,nan,average_instant,average_instant,176.87666666666667,nan,230.45333333333335,nan,370.0,nan,60.476,12.817,9.388059433305962,nan,1.1837627300918518,nan,53.37255953366952,0.8825411656470257,0.11745883435297433,0.9125128668719619,True,18.31584056556099,7.1034404663304755,0.16522850563073682,0.11902534493376402,nan,nan,0.16522850563073682,0.1101523370871579,0.08261425281536841,3,0,0,0,1935.0,0.0,68.0,99.33333333333333,100.0,nan,nan,True,True,True,pure_fp16_candidate_no_l2,launch_shape_tensor_mma_f16acc_t064_b02_rep005_test_d4d76f4e,launch_shape_tensor_mma_f16acc_t064_b02_rep005_baseline_0a190db9,results/diagnostic_fp16_launch_shape_rtx3090_20260602_125100/raw/launch_shape_tensor_mma_f16acc_t064_b02_rep005_test_d4d76f4e/power.csv,results/diagnostic_fp16_launch_shape_rtx3090_20260602_125100/raw/launch_shape_tensor_mma_f16acc_t064_b02_rep005_baseline_0a190db9/power.csv,results/diagnostic_fp16_launch_shape_rtx3090_20260602_125100/raw/launch_shape_tensor_mma_f16acc_t064_b02_rep005_test_d4d76f4e/sm_util.csv,results/diagnostic_fp16_launch_shape_rtx3090_20260602_125100/raw/launch_shape_tensor_mma_f16acc_t064_b02_rep005_baseline_0a190db9/sm_util.csv
launch_shape_tensor_mma_f16acc_t064_b02,6,6,NVIDIA GeForce RTX 3090,ampere,ga102,consumer,86,82,benchmark uses warp-level HMMA mma.sync m16n8k16 pairs,False,False,tensor_core_mma_m16n16k16_f16acc,fp16-energy-bench-v2,fp16-energy-bench-v2,"nvml_timed_energy_counter,explicit_m16n16k16_denominator,strict_denominator_provenance,tensor_no_memory_warpsync_baseline","nvml_timed_energy_counter,explicit_m16n16k16_denominator,strict_denominator_provenance,tensor_no_memory_warpsync_baseline",d46eadcde2d6,d46eadcde2d6,tensor_mma_f16acc,tensor_baseline_mov,164,64,128.0,2,1000000,8,0.280331085205,0.06458982086180001,42991616000000.0,0.0,0.0,42991616000000.0,21495808000000.0,21495808000000.0,64487424000000.0,85983232000000.0,5248000000.0,8192.0,8192.0,4096.0,4096.0,12288.0,16384.0,True,bench_json_metadata,True,logical_m16n16k16_input_bits_8192,ga102,"RTX 3090 FE dense FP16 Tensor Core peak, no sparsity",https://www.nvidia.com/content/dam/en-zz/Solutions/geforce/ampere/pdf/NVIDIA-ampere-GA102-GPU-Architecture-Whitepaper-V1.pdf,142.0,284.0,1024.0,1935.0,measured_avg_sm_clock_mhz,warp-level HMMA mma.sync.aligned.m16n8k16 pair -> logical m16n16k16,"dense FP16 Tensor Core HMMA normalization only; no sparsity, no WGMMA",162.47808,966.5352331615094,94.38820636342865,True,False,153.3601454457367,nan,211.74428412026148,190.13299584046024,61.559,12.805,nvml_total_energy_counter,nvml_total_energy_counter,51.34358354887207,nan,176.60635069973117,nan,average_instant,average_instant,175.92999999999998,nan,231.89000000000001,nan,370.0,nan,61.559,12.805,10.215416451127929,nan,1.1989618905623183,nan,53.30018905723397,0.8658390983809674,0.13416090161903257,0.8979368516624185,True,21.611288279801244,8.258810942766026,0.1921028263456304,0.1409185431911836,nan,nan,0.1921028263456304,0.12806855089708694,0.0960514131728152,3,0,0,0,1935.0,0.0,68.0,98.66666666666667,100.0,nan,nan,True,True,True,pure_fp16_candidate_no_l2,launch_shape_tensor_mma_f16acc_t064_b02_rep006_test_02b94d8c,launch_shape_tensor_mma_f16acc_t064_b02_rep006_baseline_00939810,results/diagnostic_fp16_launch_shape_rtx3090_20260602_125100/raw/launch_shape_tensor_mma_f16acc_t064_b02_rep006_test_02b94d8c/power.csv,results/diagnostic_fp16_launch_shape_rtx3090_20260602_125100/raw/launch_shape_tensor_mma_f16acc_t064_b02_rep006_baseline_00939810/power.csv,results/diagnostic_fp16_launch_shape_rtx3090_20260602_125100/raw/launch_shape_tensor_mma_f16acc_t064_b02_rep006_test_02b94d8c/sm_util.csv,results/diagnostic_fp16_launch_shape_rtx3090_20260602_125100/raw/launch_shape_tensor_mma_f16acc_t064_b02_rep006_baseline_00939810/sm_util.csv
launch_shape_tensor_mma_f16acc_t064_b02,7,7,NVIDIA GeForce RTX 3090,ampere,ga102,consumer,86,82,benchmark uses warp-level HMMA mma.sync m16n8k16 pairs,False,False,tensor_core_mma_m16n16k16_f16acc,fp16-energy-bench-v2,fp16-energy-bench-v2,"nvml_timed_energy_counter,explicit_m16n16k16_denominator,strict_denominator_provenance,tensor_no_memory_warpsync_baseline","nvml_timed_energy_counter,explicit_m16n16k16_denominator,strict_denominator_provenance,tensor_no_memory_warpsync_baseline",d46eadcde2d6,d46eadcde2d6,tensor_mma_f16acc,tensor_baseline_mov,164,64,128.0,2,1000000,8,0.278402679443,0.0655861740112,42991616000000.0,0.0,0.0,42991616000000.0,21495808000000.0,21495808000000.0,64487424000000.0,85983232000000.0,5248000000.0,8192.0,8192.0,4096.0,4096.0,12288.0,16384.0,True,bench_json_metadata,True,logical_m16n16k16_input_bits_8192,ga102,"RTX 3090 FE dense FP16 Tensor Core peak, no sparsity",https://www.nvidia.com/content/dam/en-zz/Solutions/geforce/ampere/pdf/NVIDIA-ampere-GA102-GPU-Architecture-Whitepaper-V1.pdf,142.0,284.0,1024.0,1935.0,measured_avg_sm_clock_mhz,warp-level HMMA mma.sync.aligned.m16n8k16 pair -> logical m16n16k16,"dense FP16 Tensor Core HMMA normalization only; no sparsity, no WGMMA",162.47808,973.230111661004,95.04200309189491,True,False,154.4224218172515,nan,214.43067233152664,187.49439035284962,61.617,12.749,nvml_total_energy_counter,nvml_total_energy_counter,49.8382641056,nan,173.44,nan,average_instant,average_instant,173.44,nan,230.265,nan,370.0,nan,61.617,12.749,11.7787358944,nan,1.2363392085535438,nan,52.19894065476511,0.8471516083997129,0.15284839160028707,0.8743823274637156,True,26.936281978677016,9.418059345234887,0.2190673489741555,0.1744324539253392,nan,nan,0.2190673489741555,0.14604489931610368,0.10953367448707775,2,0,0,0,1935.0,0.0,69.0,99.0,100.0,nan,nan,True,True,True,pure_fp16_candidate_no_l2,launch_shape_tensor_mma_f16acc_t064_b02_rep007_test_702d4440,launch_shape_tensor_mma_f16acc_t064_b02_rep007_baseline_8c1d4f98,results/diagnostic_fp16_launch_shape_rtx3090_20260602_125100/raw/launch_shape_tensor_mma_f16acc_t064_b02_rep007_test_702d4440/power.csv,results/diagnostic_fp16_launch_shape_rtx3090_20260602_125100/raw/launch_shape_tensor_mma_f16acc_t064_b02_rep007_baseline_8c1d4f98/power.csv,results/diagnostic_fp16_launch_shape_rtx3090_20260602_125100/raw/launch_shape_tensor_mma_f16acc_t064_b02_rep007_test_702d4440/sm_util.csv,results/diagnostic_fp16_launch_shape_rtx3090_20260602_125100/raw/launch_shape_tensor_mma_f16acc_t064_b02_rep007_baseline_8c1d4f98/sm_util.csv
launch_shape_tensor_mma_f16acc_t064_b02,8,8,NVIDIA GeForce RTX 3090,ampere,ga102,consumer,86,82,benchmark uses warp-level HMMA mma.sync m16n8k16 pairs,False,False,tensor_core_mma_m16n16k16_f16acc,fp16-energy-bench-v2,fp16-energy-bench-v2,"nvml_timed_energy_counter,explicit_m16n16k16_denominator,strict_denominator_provenance,tensor_no_memory_warpsync_baseline","nvml_timed_energy_counter,explicit_m16n16k16_denominator,strict_denominator_provenance,tensor_no_memory_warpsync_baseline",d46eadcde2d6,d46eadcde2d6,tensor_mma_f16acc,tensor_baseline_mov,164,64,128.0,2,1000000,8,0.27939840698199997,0.06459391784669999,42991616000000.0,0.0,0.0,42991616000000.0,21495808000000.0,21495808000000.0,64487424000000.0,85983232000000.0,5248000000.0,8192.0,8192.0,4096.0,4096.0,12288.0,16384.0,True,bench_json_metadata,True,logical_m16n16k16_input_bits_8192,ga102,"RTX 3090 FE dense FP16 Tensor Core peak, no sparsity",https://www.nvidia.com/content/dam/en-zz/Solutions/geforce/ampere/pdf/NVIDIA-ampere-GA102-GPU-Architecture-Whitepaper-V1.pdf,142.0,284.0,1024.0,1935.0,measured_avg_sm_clock_mhz,warp-level HMMA mma.sync.aligned.m16n8k16 pair -> logical m16n16k16,"dense FP16 Tensor Core HMMA normalization only; no sparsity, no WGMMA",162.47808,969.7616880775176,94.70328985132008,True,False,153.87208704725973,nan,224.32415362980768,nan,64.665,nan,nvml_total_energy_counter,unavailable,49.89594151537999,nan,173.08999999999997,nan,average_instant,average_instant,173.08999999999997,nan,231.885,nan,370.0,nan,64.665,0.0,14.769058484620018,nan,1.2959971900734168,nan,nan,nan,nan,nan,False,nan,nan,nan,nan,nan,nan,nan,nan,nan,2,0,0,0,1935.0,0.0,65.0,99.0,100.0,nan,nan,False,False,False,invalid_or_nonpositive_increment,launch_shape_tensor_mma_f16acc_t064_b02_rep008_test_19211657,launch_shape_tensor_mma_f16acc_t064_b02_rep008_baseline_c157ad3f,results/diagnostic_fp16_launch_shape_rtx3090_20260602_125100/raw/launch_shape_tensor_mma_f16acc_t064_b02_rep008_test_19211657/power.csv,results/diagnostic_fp16_launch_shape_rtx3090_20260602_125100/raw/launch_shape_tensor_mma_f16acc_t064_b02_rep008_baseline_c157ad3f/power.csv,results/diagnostic_fp16_launch_shape_rtx3090_20260602_125100/raw/launch_shape_tensor_mma_f16acc_t064_b02_rep008_test_19211657/sm_util.csv,results/diagnostic_fp16_launch_shape_rtx3090_20260602_125100/raw/launch_shape_tensor_mma_f16acc_t064_b02_rep008_baseline_c157ad3f/sm_util.csv
launch_shape_tensor_mma_f16acc_t064_b02,9,9,NVIDIA GeForce RTX 3090,ampere,ga102,consumer,86,82,benchmark uses warp-level HMMA mma.sync m16n8k16 pairs,False,False,tensor_core_mma_m16n16k16_f16acc,fp16-energy-bench-v2,fp16-energy-bench-v2,"nvml_timed_energy_counter,explicit_m16n16k16_denominator,strict_denominator_provenance,tensor_no_memory_warpsync_baseline","nvml_timed_energy_counter,explicit_m16n16k16_denominator,strict_denominator_provenance,tensor_no_memory_warpsync_baseline",d46eadcde2d6,d46eadcde2d6,tensor_mma_f16acc,tensor_baseline_mov,164,64,128.0,2,1000000,8,0.280085479736,0.0648560638428,42991616000000.0,0.0,0.0,42991616000000.0,21495808000000.0,21495808000000.0,64487424000000.0,85983232000000.0,5248000000.0,8192.0,8192.0,4096.0,4096.0,12288.0,16384.0,True,bench_json_metadata,True,logical_m16n16k16_input_bits_8192,ga102,"RTX 3090 FE dense FP16 Tensor Core peak, no sparsity",https://www.nvidia.com/content/dam/en-zz/Solutions/geforce/ampere/pdf/NVIDIA-ampere-GA102-GPU-Architecture-Whitepaper-V1.pdf,142.0,284.0,1024.0,1935.0,measured_avg_sm_clock_mhz,warp-level HMMA mma.sync.aligned.m16n8k16 pair -> logical m16n16k16,"dense FP16 Tensor Core HMMA normalization only; no sparsity, no WGMMA",162.47808,967.3827827719689,94.47097488007509,True,False,153.4946261424283,nan,208.77408063200895,nan,60.369,nan,nvml_total_energy_counter,unavailable,49.87566911313,nan,172.485,nan,average_instant,average_instant,172.485,nan,230.94,nan,370.0,nan,60.369,0.0,10.493330886869998,nan,1.2103897766878797,nan,nan,nan,nan,nan,False,nan,nan,nan,nan,nan,nan,nan,nan,nan,2,0,0,0,1935.0,0.0,66.0,97.0,98.0,nan,nan,False,False,False,invalid_or_nonpositive_increment,launch_shape_tensor_mma_f16acc_t064_b02_rep009_test_c7f8fb02,launch_shape_tensor_mma_f16acc_t064_b02_rep009_baseline_704eab36,results/diagnostic_fp16_launch_shape_rtx3090_20260602_125100/raw/launch_shape_tensor_mma_f16acc_t064_b02_rep009_test_c7f8fb02/power.csv,results/diagnostic_fp16_launch_shape_rtx3090_20260602_125100/raw/launch_shape_tensor_mma_f16acc_t064_b02_rep009_baseline_704eab36/power.csv,results/diagnostic_fp16_launch_shape_rtx3090_20260602_125100/raw/launch_shape_tensor_mma_f16acc_t064_b02_rep009_test_c7f8fb02/sm_util.csv,results/diagnostic_fp16_launch_shape_rtx3090_20260602_125100/raw/launch_shape_tensor_mma_f16acc_t064_b02_rep009_baseline_704eab36/sm_util.csv
launch_shape_tensor_mma_f16acc_t064_b04,0,0,NVIDIA GeForce RTX 3090,ampere,ga102,consumer,86,82,benchmark uses warp-level HMMA mma.sync m16n8k16 pairs,False,False,tensor_core_mma_m16n16k16_f16acc,fp16-energy-bench-v2,fp16-energy-bench-v2,"nvml_timed_energy_counter,explicit_m16n16k16_denominator,strict_denominator_provenance,tensor_no_memory_warpsync_baseline","nvml_timed_energy_counter,explicit_m16n16k16_denominator,strict_denominator_provenance,tensor_no_memory_warpsync_baseline",d46eadcde2d6,d46eadcde2d6,tensor_mma_f16acc,tensor_baseline_mov,328,64,256.0,4,1000000,8,0.5320017700199999,0.0667760620117,85983232000000.0,0.0,0.0,85983232000000.0,42991616000000.0,42991616000000.0,128974848000000.0,171966464000000.0,10496000000.0,8192.0,8192.0,4096.0,4096.0,12288.0,16384.0,True,bench_json_metadata,True,logical_m16n16k16_input_bits_8192,ga102,"RTX 3090 FE dense FP16 Tensor Core peak, no sparsity",https://www.nvidia.com/content/dam/en-zz/Solutions/geforce/ampere/pdf/NVIDIA-ampere-GA102-GPU-Architecture-Whitepaper-V1.pdf,142.0,284.0,1024.0,1950.0,measured_avg_sm_clock_mhz,warp-level HMMA mma.sync.aligned.m16n8k16 pair -> logical m16n16k16,"dense FP16 Tensor Core HMMA normalization only; no sparsity, no WGMMA",163.7376,1010.7697236252932,98.70798082278253,True,False,161.62207880768437,nan,217.53228274290032,nan,119.328,nan,nvml_total_energy_counter,unavailable,105.9494501811856,nan,193.14348479207308,nan,average_instant,average_instant,193.2225,nan,221.58749999999998,nan,370.0,nan,119.328,0.0,13.378549818814406,nan,1.1262729518268908,nan,nan,nan,nan,nan,False,nan,nan,nan,nan,nan,nan,nan,nan,nan,4,0,1,0,1950.0,0.0,60.0,99.75,100.0,99.0,99.0,False,False,False,invalid_or_nonpositive_increment,launch_shape_tensor_mma_f16acc_t064_b04_rep000_test_06f659e1,launch_shape_tensor_mma_f16acc_t064_b04_rep000_baseline_3f3a2296,results/diagnostic_fp16_launch_shape_rtx3090_20260602_125100/raw/launch_shape_tensor_mma_f16acc_t064_b04_rep000_test_06f659e1/power.csv,results/diagnostic_fp16_launch_shape_rtx3090_20260602_125100/raw/launch_shape_tensor_mma_f16acc_t064_b04_rep000_baseline_3f3a2296/power.csv,results/diagnostic_fp16_launch_shape_rtx3090_20260602_125100/raw/launch_shape_tensor_mma_f16acc_t064_b04_rep000_test_06f659e1/sm_util.csv,results/diagnostic_fp16_launch_shape_rtx3090_20260602_125100/raw/launch_shape_tensor_mma_f16acc_t064_b04_rep000_baseline_3f3a2296/sm_util.csv
launch_shape_tensor_mma_f16acc_t064_b04,1,1,NVIDIA GeForce RTX 3090,ampere,ga102,consumer,86,82,benchmark uses warp-level HMMA mma.sync m16n8k16 pairs,False,False,tensor_core_mma_m16n16k16_f16acc,fp16-energy-bench-v2,fp16-energy-bench-v2,"nvml_timed_energy_counter,explicit_m16n16k16_denominator,strict_denominator_provenance,tensor_no_memory_warpsync_baseline","nvml_timed_energy_counter,explicit_m16n16k16_denominator,strict_denominator_provenance,tensor_no_memory_warpsync_baseline",d46eadcde2d6,d46eadcde2d6,tensor_mma_f16acc,tensor_baseline_mov,328,64,256.0,4,1000000,8,0.5379932250980001,0.06739529418950001,85983232000000.0,0.0,0.0,85983232000000.0,42991616000000.0,42991616000000.0,128974848000000.0,171966464000000.0,10496000000.0,8192.0,8192.0,4096.0,4096.0,12288.0,16384.0,True,bench_json_metadata,True,logical_m16n16k16_input_bits_8192,ga102,"RTX 3090 FE dense FP16 Tensor Core peak, no sparsity",https://www.nvidia.com/content/dam/en-zz/Solutions/geforce/ampere/pdf/NVIDIA-ampere-GA102-GPU-Architecture-Whitepaper-V1.pdf,142.0,284.0,1024.0,1935.0,measured_avg_sm_clock_mhz,warp-level HMMA mma.sync.aligned.m16n8k16 pair -> logical m16n16k16,"dense FP16 Tensor Core HMMA normalization only; no sparsity, no WGMMA",162.47808,1007.2612745325101,98.36535884106544,True,False,159.8221464300734,nan,183.5578229332054,148.4832549525899,101.789,10.353,nvml_total_energy_counter,nvml_total_energy_counter,109.65052156370213,nan,197.73463755144124,nan,average_instant,average_instant,197.805,nan,227.045,nan,370.0,nan,101.789,10.353,-7.8615215637021265,nan,0.9283038379426684,nan,79.88298520499244,0.784789959671403,0.21521004032859703,0.8089181522196484,True,35.074567980615484,21.906014795007565,0.25477077664407366,0.2194599982797852,nan,nan,0.25477077664407366,0.16984718442938243,0.12738538832203683,4,0,1,0,1935.0,0.0,65.0,99.5,100.0,99.0,99.0,True,True,True,pure_fp16_candidate_no_l2,launch_shape_tensor_mma_f16acc_t064_b04_rep001_test_1dc5537b,launch_shape_tensor_mma_f16acc_t064_b04_rep001_baseline_f1a59b64,results/diagnostic_fp16_launch_shape_rtx3090_20260602_125100/raw/launch_shape_tensor_mma_f16acc_t064_b04_rep001_test_1dc5537b/power.csv,results/diagnostic_fp16_launch_shape_rtx3090_20260602_125100/raw/launch_shape_tensor_mma_f16acc_t064_b04_rep001_baseline_f1a59b64/power.csv,results/diagnostic_fp16_launch_shape_rtx3090_20260602_125100/raw/launch_shape_tensor_mma_f16acc_t064_b04_rep001_test_1dc5537b/sm_util.csv,results/diagnostic_fp16_launch_shape_rtx3090_20260602_125100/raw/launch_shape_tensor_mma_f16acc_t064_b04_rep001_baseline_f1a59b64/sm_util.csv
launch_shape_tensor_mma_f16acc_t064_b04,2,2,NVIDIA GeForce RTX 3090,ampere,ga102,consumer,86,82,benchmark uses warp-level HMMA mma.sync m16n8k16 pairs,False,False,tensor_core_mma_m16n16k16_f16acc,fp16-energy-bench-v2,fp16-energy-bench-v2,"nvml_timed_energy_counter,explicit_m16n16k16_denominator,strict_denominator_provenance,tensor_no_memory_warpsync_baseline","nvml_timed_energy_counter,explicit_m16n16k16_denominator,strict_denominator_provenance,tensor_no_memory_warpsync_baseline",d46eadcde2d6,d46eadcde2d6,tensor_mma_f16acc,tensor_baseline_mov,328,64,256.0,4,1000000,8,0.538277893066,0.0677314529419,85983232000000.0,0.0,0.0,85983232000000.0,42991616000000.0,42991616000000.0,128974848000000.0,171966464000000.0,10496000000.0,8192.0,8192.0,4096.0,4096.0,12288.0,16384.0,True,bench_json_metadata,True,logical_m16n16k16_input_bits_8192,ga102,"RTX 3090 FE dense FP16 Tensor Core peak, no sparsity",https://www.nvidia.com/content/dam/en-zz/Solutions/geforce/ampere/pdf/NVIDIA-ampere-GA102-GPU-Architecture-Whitepaper-V1.pdf,142.0,284.0,1024.0,1935.0,measured_avg_sm_clock_mhz,warp-level HMMA mma.sync.aligned.m16n8k16 pair -> logical m16n16k16,"dense FP16 Tensor Core HMMA normalization only; no sparsity, no WGMMA",162.47808,1006.7285849608968,98.31333837508758,True,False,159.7376245757455,nan,185.75192760047688,250.49618802710623,103.061,17.571,nvml_total_energy_counter,nvml_total_energy_counter,111.70083060372014,nan,201.32392077716452,nan,average_instant,average_instant,200.6525,nan,232.255,nan,370.0,nan,103.061,17.571,-8.639830603720128,nan,0.9226520469272823,nan,134.83656031229532,1.3083179894654167,-0.30831798946541666,1.3485522937123111,True,-64.74426042662935,-31.775560312295312,-0.36955531413724146,-0.4053162841164479,nan,nan,-0.36955531413724146,-0.24637020942482765,-0.18477765706862073,4,0,1,0,1935.0,0.0,68.0,99.75,100.0,100.0,100.0,False,False,False,invalid_or_nonpositive_increment,launch_shape_tensor_mma_f16acc_t064_b04_rep002_test_3f544632,launch_shape_tensor_mma_f16acc_t064_b04_rep002_baseline_c9a02b7a,results/diagnostic_fp16_launch_shape_rtx3090_20260602_125100/raw/launch_shape_tensor_mma_f16acc_t064_b04_rep002_test_3f544632/power.csv,results/diagnostic_fp16_launch_shape_rtx3090_20260602_125100/raw/launch_shape_tensor_mma_f16acc_t064_b04_rep002_baseline_c9a02b7a/power.csv,results/diagnostic_fp16_launch_shape_rtx3090_20260602_125100/raw/launch_shape_tensor_mma_f16acc_t064_b04_rep002_test_3f544632/sm_util.csv,results/diagnostic_fp16_launch_shape_rtx3090_20260602_125100/raw/launch_shape_tensor_mma_f16acc_t064_b04_rep002_baseline_c9a02b7a/sm_util.csv
launch_shape_tensor_mma_f16acc_t064_b04,3,3,NVIDIA GeForce RTX 3090,ampere,ga102,consumer,86,82,benchmark uses warp-level HMMA mma.sync m16n8k16 pairs,False,False,tensor_core_mma_m16n16k16_f16acc,fp16-energy-bench-v2,fp16-energy-bench-v2,"nvml_timed_energy_counter,explicit_m16n16k16_denominator,strict_denominator_provenance,tensor_no_memory_warpsync_baseline","nvml_timed_energy_counter,explicit_m16n16k16_denominator,strict_denominator_provenance,tensor_no_memory_warpsync_baseline",d46eadcde2d6,d46eadcde2d6,tensor_mma_f16acc,tensor_baseline_mov,328,64,256.0,4,1000000,8,0.5390448608399999,0.0677191009521,85983232000000.0,0.0,0.0,85983232000000.0,42991616000000.0,42991616000000.0,128974848000000.0,171966464000000.0,10496000000.0,8192.0,8192.0,4096.0,4096.0,12288.0,16384.0,True,bench_json_metadata,True,logical_m16n16k16_input_bits_8192,ga102,"RTX 3090 FE dense FP16 Tensor Core peak, no sparsity",https://www.nvidia.com/content/dam/en-zz/Solutions/geforce/ampere/pdf/NVIDIA-ampere-GA102-GPU-Architecture-Whitepaper-V1.pdf,142.0,284.0,1024.0,1935.0,measured_avg_sm_clock_mhz,warp-level HMMA mma.sync.aligned.m16n8k16 pair -> logical m16n16k16,"dense FP16 Tensor Core HMMA normalization only; no sparsity, no WGMMA",162.47808,1005.2961839903611,98.17345546780871,True,False,159.5103455137506,nan,188.36161139098135,nan,104.65,nan,nvml_total_energy_counter,unavailable,115.55070036344969,nan,207.9819982591098,nan,average_instant,average_instant,207.762,nan,232.724,nan,370.0,nan,104.65,0.0,-10.900700363449687,nan,0.9056630524162731,nan,nan,nan,nan,nan,False,nan,nan,nan,nan,nan,nan,nan,nan,nan,5,0,1,0,1935.0,0.0,69.0,99.6,100.0,98.0,98.0,False,False,False,invalid_or_nonpositive_increment,launch_shape_tensor_mma_f16acc_t064_b04_rep003_test_b58e5888,launch_shape_tensor_mma_f16acc_t064_b04_rep003_baseline_61e7d482,results/diagnostic_fp16_launch_shape_rtx3090_20260602_125100/raw/launch_shape_tensor_mma_f16acc_t064_b04_rep003_test_b58e5888/power.csv,results/diagnostic_fp16_launch_shape_rtx3090_20260602_125100/raw/launch_shape_tensor_mma_f16acc_t064_b04_rep003_baseline_61e7d482/power.csv,results/diagnostic_fp16_launch_shape_rtx3090_20260602_125100/raw/launch_shape_tensor_mma_f16acc_t064_b04_rep003_test_b58e5888/sm_util.csv,results/diagnostic_fp16_launch_shape_rtx3090_20260602_125100/raw/launch_shape_tensor_mma_f16acc_t064_b04_rep003_baseline_61e7d482/sm_util.csv
launch_shape_tensor_mma_f16acc_t064_b04,4,4,NVIDIA GeForce RTX 3090,ampere,ga102,consumer,86,82,benchmark uses warp-level HMMA mma.sync m16n8k16 pairs,False,False,tensor_core_mma_m16n16k16_f16acc,fp16-energy-bench-v2,fp16-energy-bench-v2,"nvml_timed_energy_counter,explicit_m16n16k16_denominator,strict_denominator_provenance,tensor_no_memory_warpsync_baseline","nvml_timed_energy_counter,explicit_m16n16k16_denominator,strict_denominator_provenance,tensor_no_memory_warpsync_baseline",d46eadcde2d6,d46eadcde2d6,tensor_mma_f16acc,tensor_baseline_mov,328,64,256.0,4,1000000,8,0.53923840332,0.0677150726318,85983232000000.0,0.0,0.0,85983232000000.0,42991616000000.0,42991616000000.0,128974848000000.0,171966464000000.0,10496000000.0,8192.0,8192.0,4096.0,4096.0,12288.0,16384.0,True,bench_json_metadata,True,logical_m16n16k16_input_bits_8192,ga102,"RTX 3090 FE dense FP16 Tensor Core peak, no sparsity",https://www.nvidia.com/content/dam/en-zz/Solutions/geforce/ampere/pdf/NVIDIA-ampere-GA102-GPU-Architecture-Whitepaper-V1.pdf,142.0,284.0,1024.0,1935.0,measured_avg_sm_clock_mhz,warp-level HMMA mma.sync.aligned.m16n8k16 pair -> logical m16n16k16,"dense FP16 Tensor Core HMMA normalization only; no sparsity, no WGMMA",162.47808,1004.9353648881123,98.13821922735471,True,False,159.45309434679677,nan,231.33272280539023,180.15231812758987,129.114,12.743,nvml_total_energy_counter,nvml_total_energy_counter,116.56809536092676,nan,208.85430621064768,nan,average_instant,average_instant,209.08800000000002,nan,234.192,nan,370.0,nan,129.114,12.743,12.545904639073242,nan,1.1076272594162895,nan,97.14504838151824,0.7523974811524562,0.24760251884754378,0.7787584736948083,True,51.18040467780037,31.968951618481768,0.37180448879244,0.3209746721282648,nan,nan,0.37180448879244,0.24786965919496,0.18590224439622,5,0,1,0,1935.0,0.0,69.0,99.6,100.0,99.0,99.0,True,True,True,pure_fp16_candidate_no_l2,launch_shape_tensor_mma_f16acc_t064_b04_rep004_test_c5890f35,launch_shape_tensor_mma_f16acc_t064_b04_rep004_baseline_0d39a630,results/diagnostic_fp16_launch_shape_rtx3090_20260602_125100/raw/launch_shape_tensor_mma_f16acc_t064_b04_rep004_test_c5890f35/power.csv,results/diagnostic_fp16_launch_shape_rtx3090_20260602_125100/raw/launch_shape_tensor_mma_f16acc_t064_b04_rep004_baseline_0d39a630/power.csv,results/diagnostic_fp16_launch_shape_rtx3090_20260602_125100/raw/launch_shape_tensor_mma_f16acc_t064_b04_rep004_test_c5890f35/sm_util.csv,results/diagnostic_fp16_launch_shape_rtx3090_20260602_125100/raw/launch_shape_tensor_mma_f16acc_t064_b04_rep004_baseline_0d39a630/sm_util.csv
launch_shape_tensor_mma_f16acc_t064_b04,5,5,NVIDIA GeForce RTX 3090,ampere,ga102,consumer,86,82,benchmark uses warp-level HMMA mma.sync m16n8k16 pairs,False,False,tensor_core_mma_m16n16k16_f16acc,fp16-energy-bench-v2,fp16-energy-bench-v2,"nvml_timed_energy_counter,explicit_m16n16k16_denominator,strict_denominator_provenance,tensor_no_memory_warpsync_baseline","nvml_timed_energy_counter,explicit_m16n16k16_denominator,strict_denominator_provenance,tensor_no_memory_warpsync_baseline",d46eadcde2d6,d46eadcde2d6,tensor_mma_f16acc,tensor_baseline_mov,328,64,256.0,4,1000000,8,0.540048034668,0.0677150726318,85983232000000.0,0.0,0.0,85983232000000.0,42991616000000.0,42991616000000.0,128974848000000.0,171966464000000.0,10496000000.0,8192.0,8192.0,4096.0,4096.0,12288.0,16384.0,True,bench_json_metadata,True,logical_m16n16k16_input_bits_8192,ga102,"RTX 3090 FE dense FP16 Tensor Core peak, no sparsity",https://www.nvidia.com/content/dam/en-zz/Solutions/geforce/ampere/pdf/NVIDIA-ampere-GA102-GPU-Architecture-Whitepaper-V1.pdf,142.0,284.0,1024.0,1935.0,measured_avg_sm_clock_mhz,warp-level HMMA mma.sync.aligned.m16n8k16 pair -> logical m16n16k16,"dense FP16 Tensor Core HMMA normalization only; no sparsity, no WGMMA",162.47808,1003.428781914197,97.99109198380829,True,False,159.21404482632562,nan,189.45320401316118,nan,106.737,nan,nvml_total_energy_counter,unavailable,115.83312707485719,nan,205.59840594353733,nan,average_instant,average_instant,205.645,nan,235.7425,nan,370.0,nan,106.737,0.0,-9.096127074857193,nan,0.921472144415312,nan,nan,nan,nan,nan,False,nan,nan,nan,nan,nan,nan,nan,nan,nan,4,0,1,0,1935.0,0.0,70.0,99.75,100.0,100.0,100.0,False,False,False,invalid_or_nonpositive_increment,launch_shape_tensor_mma_f16acc_t064_b04_rep005_test_ba888095,launch_shape_tensor_mma_f16acc_t064_b04_rep005_baseline_28ba4bd0,results/diagnostic_fp16_launch_shape_rtx3090_20260602_125100/raw/launch_shape_tensor_mma_f16acc_t064_b04_rep005_test_ba888095/power.csv,results/diagnostic_fp16_launch_shape_rtx3090_20260602_125100/raw/launch_shape_tensor_mma_f16acc_t064_b04_rep005_baseline_28ba4bd0/power.csv,results/diagnostic_fp16_launch_shape_rtx3090_20260602_125100/raw/launch_shape_tensor_mma_f16acc_t064_b04_rep005_test_ba888095/sm_util.csv,results/diagnostic_fp16_launch_shape_rtx3090_20260602_125100/raw/launch_shape_tensor_mma_f16acc_t064_b04_rep005_baseline_28ba4bd0/sm_util.csv
launch_shape_tensor_mma_f16acc_t064_b04,6,6,NVIDIA GeForce RTX 3090,ampere,ga102,consumer,86,82,benchmark uses warp-level HMMA mma.sync m16n8k16 pairs,False,False,tensor_core_mma_m16n16k16_f16acc,fp16-energy-bench-v2,fp16-energy-bench-v2,"nvml_timed_energy_counter,explicit_m16n16k16_denominator,strict_denominator_provenance,tensor_no_memory_warpsync_baseline","nvml_timed_energy_counter,explicit_m16n16k16_denominator,strict_denominator_provenance,tensor_no_memory_warpsync_baseline",d46eadcde2d6,d46eadcde2d6,tensor_mma_f16acc,tensor_baseline_mov,328,64,256.0,4,1000000,8,0.5380751342769999,0.0677150726318,85983232000000.0,0.0,0.0,85983232000000.0,42991616000000.0,42991616000000.0,128974848000000.0,171966464000000.0,10496000000.0,8192.0,8192.0,4096.0,4096.0,12288.0,16384.0,True,bench_json_metadata,True,logical_m16n16k16_input_bits_8192,ga102,"RTX 3090 FE dense FP16 Tensor Core peak, no sparsity",https://www.nvidia.com/content/dam/en-zz/Solutions/geforce/ampere/pdf/NVIDIA-ampere-GA102-GPU-Architecture-Whitepaper-V1.pdf,142.0,284.0,1024.0,1935.0,measured_avg_sm_clock_mhz,warp-level HMMA mma.sync.aligned.m16n8k16 pair -> logical m16n16k16,"dense FP16 Tensor Core HMMA normalization only; no sparsity, no WGMMA",162.47808,1007.1079428901807,98.3503850478692,True,False,159.79781729838496,nan,187.63758608929135,nan,104.703,nan,nvml_total_energy_counter,unavailable,115.27008367448066,nan,206.57479011098232,nan,average_instant,average_instant,205.6625,nan,236.2075,nan,370.0,nan,104.703,0.0,-10.567083674480656,nan,0.9083276133960153,nan,nan,nan,nan,nan,False,nan,nan,nan,nan,nan,nan,nan,nan,nan,4,0,1,0,1935.0,0.0,70.0,99.5,100.0,99.0,99.0,False,False,False,invalid_or_nonpositive_increment,launch_shape_tensor_mma_f16acc_t064_b04_rep006_test_90fe1181,launch_shape_tensor_mma_f16acc_t064_b04_rep006_baseline_0641f911,results/diagnostic_fp16_launch_shape_rtx3090_20260602_125100/raw/launch_shape_tensor_mma_f16acc_t064_b04_rep006_test_90fe1181/power.csv,results/diagnostic_fp16_launch_shape_rtx3090_20260602_125100/raw/launch_shape_tensor_mma_f16acc_t064_b04_rep006_baseline_0641f911/power.csv,results/diagnostic_fp16_launch_shape_rtx3090_20260602_125100/raw/launch_shape_tensor_mma_f16acc_t064_b04_rep006_test_90fe1181/sm_util.csv,results/diagnostic_fp16_launch_shape_rtx3090_20260602_125100/raw/launch_shape_tensor_mma_f16acc_t064_b04_rep006_baseline_0641f911/sm_util.csv
launch_shape_tensor_mma_f16acc_t064_b04,7,7,NVIDIA GeForce RTX 3090,ampere,ga102,consumer,86,82,benchmark uses warp-level HMMA mma.sync m16n8k16 pairs,False,False,tensor_core_mma_m16n16k16_f16acc,fp16-energy-bench-v2,fp16-energy-bench-v2,"nvml_timed_energy_counter,explicit_m16n16k16_denominator,strict_denominator_provenance,tensor_no_memory_warpsync_baseline","nvml_timed_energy_counter,explicit_m16n16k16_denominator,strict_denominator_provenance,tensor_no_memory_warpsync_baseline",d46eadcde2d6,d46eadcde2d6,tensor_mma_f16acc,tensor_baseline_mov,328,64,256.0,4,1000000,8,0.540057617188,0.0687728652954,85983232000000.0,0.0,0.0,85983232000000.0,42991616000000.0,42991616000000.0,128974848000000.0,171966464000000.0,10496000000.0,8192.0,8192.0,4096.0,4096.0,12288.0,16384.0,True,bench_json_metadata,True,logical_m16n16k16_input_bits_8192,ga102,"RTX 3090 FE dense FP16 Tensor Core peak, no sparsity",https://www.nvidia.com/content/dam/en-zz/Solutions/geforce/ampere/pdf/NVIDIA-ampere-GA102-GPU-Architecture-Whitepaper-V1.pdf,142.0,284.0,1024.0,1935.0,measured_avg_sm_clock_mhz,warp-level HMMA mma.sync.aligned.m16n8k16 pair -> logical m16n16k16,"dense FP16 Tensor Core HMMA normalization only; no sparsity, no WGMMA",162.47808,1003.4109775613549,97.98935327747606,True,False,159.21121980966018,nan,225.6141251797157,203.16409146741236,125.555,14.492,nvml_total_energy_counter,nvml_total_energy_counter,115.08939090524119,nan,206.8081099641776,nan,average_instant,average_instant,206.6825,nan,235.7175,nan,370.0,nan,125.555,14.492,10.465609094758818,nan,1.0909346118911663,nan,109.72031513605562,0.8738824828645264,0.12611751713547362,0.9004936694702936,True,22.450033712303338,15.83468486394439,0.18416014955037266,0.14100786200333587,nan,nan,0.18416014955037266,0.12277343303358179,0.09208007477518633,4,0,1,0,1935.0,0.0,70.0,99.75,100.0,99.0,99.0,True,True,True,pure_fp16_candidate_no_l2,launch_shape_tensor_mma_f16acc_t064_b04_rep007_test_5eaf80db,launch_shape_tensor_mma_f16acc_t064_b04_rep007_baseline_bf0edee4,results/diagnostic_fp16_launch_shape_rtx3090_20260602_125100/raw/launch_shape_tensor_mma_f16acc_t064_b04_rep007_test_5eaf80db/power.csv,results/diagnostic_fp16_launch_shape_rtx3090_20260602_125100/raw/launch_shape_tensor_mma_f16acc_t064_b04_rep007_baseline_bf0edee4/power.csv,results/diagnostic_fp16_launch_shape_rtx3090_20260602_125100/raw/launch_shape_tensor_mma_f16acc_t064_b04_rep007_test_5eaf80db/sm_util.csv,results/diagnostic_fp16_launch_shape_rtx3090_20260602_125100/raw/launch_shape_tensor_mma_f16acc_t064_b04_rep007_baseline_bf0edee4/sm_util.csv
launch_shape_tensor_mma_f16acc_t064_b04,8,8,NVIDIA GeForce RTX 3090,ampere,ga102,consumer,86,82,benchmark uses warp-level HMMA mma.sync m16n8k16 pairs,False,False,tensor_core_mma_m16n16k16_f16acc,fp16-energy-bench-v2,fp16-energy-bench-v2,"nvml_timed_energy_counter,explicit_m16n16k16_denominator,strict_denominator_provenance,tensor_no_memory_warpsync_baseline","nvml_timed_energy_counter,explicit_m16n16k16_denominator,strict_denominator_provenance,tensor_no_memory_warpsync_baseline",d46eadcde2d6,d46eadcde2d6,tensor_mma_f16acc,tensor_baseline_mov,328,64,256.0,4,1000000,8,0.539106323242,0.0677683181763,85983232000000.0,0.0,0.0,85983232000000.0,42991616000000.0,42991616000000.0,128974848000000.0,171966464000000.0,10496000000.0,8192.0,8192.0,4096.0,4096.0,12288.0,16384.0,True,bench_json_metadata,True,logical_m16n16k16_input_bits_8192,ga102,"RTX 3090 FE dense FP16 Tensor Core peak, no sparsity",https://www.nvidia.com/content/dam/en-zz/Solutions/geforce/ampere/pdf/NVIDIA-ampere-GA102-GPU-Architecture-Whitepaper-V1.pdf,142.0,284.0,1024.0,1935.0,measured_avg_sm_clock_mhz,warp-level HMMA mma.sync.aligned.m16n8k16 pair -> logical m16n16k16,"dense FP16 Tensor Core HMMA normalization only; no sparsity, no WGMMA",162.47808,1005.1815722421293,98.16226291427044,True,False,159.49216006765866,nan,183.61846264590315,nan,102.066,nan,nvml_total_energy_counter,unavailable,114.27415997570829,nan,205.58114920631309,nan,average_instant,average_instant,204.905,nan,236.5675,nan,370.0,nan,102.066,0.0,-12.208159975708284,nan,0.8931677994543699,nan,nan,nan,nan,nan,False,nan,nan,nan,nan,nan,nan,nan,nan,nan,4,0,1,0,1935.0,0.0,71.0,99.0,100.0,98.0,98.0,False,False,False,invalid_or_nonpositive_increment,launch_shape_tensor_mma_f16acc_t064_b04_rep008_test_0650e7f5,launch_shape_tensor_mma_f16acc_t064_b04_rep008_baseline_8cb9ee83,results/diagnostic_fp16_launch_shape_rtx3090_20260602_125100/raw/launch_shape_tensor_mma_f16acc_t064_b04_rep008_test_0650e7f5/power.csv,results/diagnostic_fp16_launch_shape_rtx3090_20260602_125100/raw/launch_shape_tensor_mma_f16acc_t064_b04_rep008_baseline_8cb9ee83/power.csv,results/diagnostic_fp16_launch_shape_rtx3090_20260602_125100/raw/launch_shape_tensor_mma_f16acc_t064_b04_rep008_test_0650e7f5/sm_util.csv,results/diagnostic_fp16_launch_shape_rtx3090_20260602_125100/raw/launch_shape_tensor_mma_f16acc_t064_b04_rep008_baseline_8cb9ee83/sm_util.csv
launch_shape_tensor_mma_f16acc_t064_b04,9,9,NVIDIA GeForce RTX 3090,ampere,ga102,consumer,86,82,benchmark uses warp-level HMMA mma.sync m16n8k16 pairs,False,False,tensor_core_mma_m16n16k16_f16acc,fp16-energy-bench-v2,fp16-energy-bench-v2,"nvml_timed_energy_counter,explicit_m16n16k16_denominator,strict_denominator_provenance,tensor_no_memory_warpsync_baseline","nvml_timed_energy_counter,explicit_m16n16k16_denominator,strict_denominator_provenance,tensor_no_memory_warpsync_baseline",d46eadcde2d6,d46eadcde2d6,tensor_mma_f16acc,tensor_baseline_mov,328,64,256.0,4,1000000,8,0.5393070068360001,0.0677191390991,85983232000000.0,0.0,0.0,85983232000000.0,42991616000000.0,42991616000000.0,128974848000000.0,171966464000000.0,10496000000.0,8192.0,8192.0,4096.0,4096.0,12288.0,16384.0,True,bench_json_metadata,True,logical_m16n16k16_input_bits_8192,ga102,"RTX 3090 FE dense FP16 Tensor Core peak, no sparsity",https://www.nvidia.com/content/dam/en-zz/Solutions/geforce/ampere/pdf/NVIDIA-ampere-GA102-GPU-Architecture-Whitepaper-V1.pdf,142.0,284.0,1024.0,1935.0,measured_avg_sm_clock_mhz,warp-level HMMA mma.sync.aligned.m16n8k16 pair -> logical m16n16k16,"dense FP16 Tensor Core HMMA normalization only; no sparsity, no WGMMA",162.47808,1004.8075302809028,98.1257353789944,True,False,159.43281082967084,nan,186.0288241621864,206.9167815887294,103.434,14.503,nvml_total_energy_counter,nvml_total_energy_counter,114.33738529203293,nan,205.63885515068307,nan,average_instant,average_instant,205.1,nan,236.885,nan,370.0,nan,103.434,14.503,-10.903385292032937,nan,0.904638493663431,nan,111.59167014275603,1.0788683618805812,-0.07886836188058116,1.1122834459692772,True,-20.88795742654301,-8.157670142756032,-0.09487512801049433,-0.13101417028179063,nan,nan,-0.09487512801049433,-0.06325008534032955,-0.047437564005247165,4,0,1,0,1935.0,0.0,71.0,99.0,100.0,98.0,98.0,False,False,False,invalid_or_nonpositive_increment,launch_shape_tensor_mma_f16acc_t064_b04_rep009_test_a59474d0,launch_shape_tensor_mma_f16acc_t064_b04_rep009_baseline_23163190,results/diagnostic_fp16_launch_shape_rtx3090_20260602_125100/raw/launch_shape_tensor_mma_f16acc_t064_b04_rep009_test_a59474d0/power.csv,results/diagnostic_fp16_launch_shape_rtx3090_20260602_125100/raw/launch_shape_tensor_mma_f16acc_t064_b04_rep009_baseline_23163190/power.csv,results/diagnostic_fp16_launch_shape_rtx3090_20260602_125100/raw/launch_shape_tensor_mma_f16acc_t064_b04_rep009_test_a59474d0/sm_util.csv,results/diagnostic_fp16_launch_shape_rtx3090_20260602_125100/raw/launch_shape_tensor_mma_f16acc_t064_b04_rep009_baseline_23163190/sm_util.csv
launch_shape_tensor_mma_f16acc_t064_b08,0,0,NVIDIA GeForce RTX 3090,ampere,ga102,consumer,86,82,benchmark uses warp-level HMMA mma.sync m16n8k16 pairs,False,False,tensor_core_mma_m16n16k16_f16acc,fp16-energy-bench-v2,fp16-energy-bench-v2,"nvml_timed_energy_counter,explicit_m16n16k16_denominator,strict_denominator_provenance,tensor_no_memory_warpsync_baseline","nvml_timed_energy_counter,explicit_m16n16k16_denominator,strict_denominator_provenance,tensor_no_memory_warpsync_baseline",d46eadcde2d6,d46eadcde2d6,tensor_mma_f16acc,tensor_baseline_mov,656,64,512.0,8,1000000,8,1.0647479248,0.0704744644165,171966464000000.0,0.0,0.0,171966464000000.0,85983232000000.0,85983232000000.0,257949696000000.0,343932928000000.0,20992000000.0,8192.0,8192.0,4096.0,4096.0,12288.0,16384.0,True,bench_json_metadata,True,logical_m16n16k16_input_bits_8192,ga102,"RTX 3090 FE dense FP16 Tensor Core peak, no sparsity",https://www.nvidia.com/content/dam/en-zz/Solutions/geforce/ampere/pdf/NVIDIA-ampere-GA102-GPU-Architecture-Whitepaper-V1.pdf,142.0,284.0,1024.0,1950.0,measured_avg_sm_clock_mhz,warp-level HMMA mma.sync.aligned.m16n8k16 pair -> logical m16n16k16,"dense FP16 Tensor Core HMMA normalization only; no sparsity, no WGMMA",163.7376,1010.0630760135801,98.63897226695121,True,False,161.50908585457148,nan,1619.3359363520776,179.03944408033738,224.825,13.088,nvml_total_energy_counter,nvml_total_energy_counter,30.46239643216,nan,219.41,nan,average_instant,average_instant,219.41,nan,223.635,nan,370.0,nan,224.825,13.088,194.36260356783998,nan,7.380410812415467,nan,190.63187654188488,0.8479122719532298,0.1520877280467702,0.11056349708613546,True,1440.2964922717401,34.19312345811511,0.1988359978031246,8.917742829456879,nan,nan,0.1988359978031246,0.13255733186874974,0.0994179989015623,2,0,0,0,1950.0,0.0,62.0,100.0,100.0,nan,nan,True,True,True,pure_fp16_candidate_no_l2,launch_shape_tensor_mma_f16acc_t064_b08_rep000_test_1109f3cd,launch_shape_tensor_mma_f16acc_t064_b08_rep000_baseline_25408799,results/diagnostic_fp16_launch_shape_rtx3090_20260602_125100/raw/launch_shape_tensor_mma_f16acc_t064_b08_rep000_test_1109f3cd/power.csv,results/diagnostic_fp16_launch_shape_rtx3090_20260602_125100/raw/launch_shape_tensor_mma_f16acc_t064_b08_rep000_baseline_25408799/power.csv,results/diagnostic_fp16_launch_shape_rtx3090_20260602_125100/raw/launch_shape_tensor_mma_f16acc_t064_b08_rep000_test_1109f3cd/sm_util.csv,results/diagnostic_fp16_launch_shape_rtx3090_20260602_125100/raw/launch_shape_tensor_mma_f16acc_t064_b08_rep000_baseline_25408799/sm_util.csv
launch_shape_tensor_mma_f16acc_t064_b08,1,1,NVIDIA GeForce RTX 3090,ampere,ga102,consumer,86,82,benchmark uses warp-level HMMA mma.sync m16n8k16 pairs,False,False,tensor_core_mma_m16n16k16_f16acc,fp16-energy-bench-v2,fp16-energy-bench-v2,"nvml_timed_energy_counter,explicit_m16n16k16_denominator,strict_denominator_provenance,tensor_no_memory_warpsync_baseline","nvml_timed_energy_counter,explicit_m16n16k16_denominator,strict_denominator_provenance,tensor_no_memory_warpsync_baseline",d46eadcde2d6,d46eadcde2d6,tensor_mma_f16acc,tensor_baseline_mov,656,64,512.0,8,1000000,8,1.07486279297,0.0703692779541,171966464000000.0,0.0,0.0,171966464000000.0,85983232000000.0,85983232000000.0,257949696000000.0,343932928000000.0,20992000000.0,8192.0,8192.0,4096.0,4096.0,12288.0,16384.0,True,bench_json_metadata,True,logical_m16n16k16_input_bits_8192,ga102,"RTX 3090 FE dense FP16 Tensor Core peak, no sparsity",https://www.nvidia.com/content/dam/en-zz/Solutions/geforce/ampere/pdf/NVIDIA-ampere-GA102-GPU-Architecture-Whitepaper-V1.pdf,142.0,284.0,1024.0,1935.0,measured_avg_sm_clock_mhz,warp-level HMMA mma.sync.aligned.m16n8k16 pair -> logical m16n16k16,"dense FP16 Tensor Core HMMA normalization only; no sparsity, no WGMMA",162.47808,1008.3142614039518,98.46818959022966,True,False,159.98922385696503,nan,192.45476417962155,231.52904470323924,213.079,16.892,nvml_total_energy_counter,nvml_total_energy_counter,254.12381146870612,nan,229.52678681914426,nan,average_instant,average_instant,229.32333333333332,nan,228.69444444444446,nan,370.0,nan,213.079,16.892,-41.044811468706115,nan,0.8384849840261406,nan,248.86195564339974,1.167932811977716,-0.16793281197771592,1.203030985957557,True,-39.07428052361769,-35.78295564339973,-0.20808101074520977,-0.2442307024287537,nan,nan,-0.20808101074520977,-0.13872067383013986,-0.10404050537260488,9,0,1,0,1935.0,0.0,67.0,98.88888888888889,100.0,100.0,100.0,False,False,False,invalid_or_nonpositive_increment,launch_shape_tensor_mma_f16acc_t064_b08_rep001_test_4430cf13,launch_shape_tensor_mma_f16acc_t064_b08_rep001_baseline_640ef9bd,results/diagnostic_fp16_launch_shape_rtx3090_20260602_125100/raw/launch_shape_tensor_mma_f16acc_t064_b08_rep001_test_4430cf13/power.csv,results/diagnostic_fp16_launch_shape_rtx3090_20260602_125100/raw/launch_shape_tensor_mma_f16acc_t064_b08_rep001_baseline_640ef9bd/power.csv,results/diagnostic_fp16_launch_shape_rtx3090_20260602_125100/raw/launch_shape_tensor_mma_f16acc_t064_b08_rep001_test_4430cf13/sm_util.csv,results/diagnostic_fp16_launch_shape_rtx3090_20260602_125100/raw/launch_shape_tensor_mma_f16acc_t064_b08_rep001_baseline_640ef9bd/sm_util.csv
launch_shape_tensor_mma_f16acc_t064_b08,2,2,NVIDIA GeForce RTX 3090,ampere,ga102,consumer,86,82,benchmark uses warp-level HMMA mma.sync m16n8k16 pairs,False,False,tensor_core_mma_m16n16k16_f16acc,fp16-energy-bench-v2,fp16-energy-bench-v2,"nvml_timed_energy_counter,explicit_m16n16k16_denominator,strict_denominator_provenance,tensor_no_memory_warpsync_baseline","nvml_timed_energy_counter,explicit_m16n16k16_denominator,strict_denominator_provenance,tensor_no_memory_warpsync_baseline",d46eadcde2d6,d46eadcde2d6,tensor_mma_f16acc,tensor_baseline_mov,656,64,512.0,8,1000000,8,1.0781184082,0.0721090545654,171966464000000.0,0.0,0.0,171966464000000.0,85983232000000.0,85983232000000.0,257949696000000.0,343932928000000.0,20992000000.0,8192.0,8192.0,4096.0,4096.0,12288.0,16384.0,True,bench_json_metadata,True,logical_m16n16k16_input_bits_8192,ga102,"RTX 3090 FE dense FP16 Tensor Core peak, no sparsity",https://www.nvidia.com/content/dam/en-zz/Solutions/geforce/ampere/pdf/NVIDIA-ampere-GA102-GPU-Architecture-Whitepaper-V1.pdf,142.0,284.0,1024.0,1935.0,measured_avg_sm_clock_mhz,warp-level HMMA mma.sync.aligned.m16n8k16 pair -> logical m16n16k16,"dense FP16 Tensor Core HMMA normalization only; no sparsity, no WGMMA",162.47808,1005.2694351204144,98.17084327347796,True,False,159.50610127055614,nan,207.7972768755523,227.49287429957477,230.775,16.978,nvml_total_energy_counter,nvml_total_energy_counter,259.27055273391363,nan,233.45559454935122,nan,average_instant,average_instant,233.435,nan,233.98625,nan,370.0,nan,230.775,16.978,-28.495552733913627,nan,0.890093369904764,nan,245.26425551670022,1.062785204275594,-0.06278520427559403,1.094782750381363,True,-19.695597424022452,-14.489255516700212,-0.08425628567149122,-0.1234786460651718,nan,nan,-0.08425628567149122,-0.05617085711432748,-0.04212814283574561,8,0,1,0,1935.0,0.0,69.0,99.75,100.0,100.0,100.0,False,False,False,invalid_or_nonpositive_increment,launch_shape_tensor_mma_f16acc_t064_b08_rep002_test_96458a1f,launch_shape_tensor_mma_f16acc_t064_b08_rep002_baseline_18429b93,results/diagnostic_fp16_launch_shape_rtx3090_20260602_125100/raw/launch_shape_tensor_mma_f16acc_t064_b08_rep002_test_96458a1f/power.csv,results/diagnostic_fp16_launch_shape_rtx3090_20260602_125100/raw/launch_shape_tensor_mma_f16acc_t064_b08_rep002_baseline_18429b93/power.csv,results/diagnostic_fp16_launch_shape_rtx3090_20260602_125100/raw/launch_shape_tensor_mma_f16acc_t064_b08_rep002_test_96458a1f/sm_util.csv,results/diagnostic_fp16_launch_shape_rtx3090_20260602_125100/raw/launch_shape_tensor_mma_f16acc_t064_b08_rep002_baseline_18429b93/sm_util.csv
launch_shape_tensor_mma_f16acc_t064_b08,3,3,NVIDIA GeForce RTX 3090,ampere,ga102,consumer,86,82,benchmark uses warp-level HMMA mma.sync m16n8k16 pairs,False,False,tensor_core_mma_m16n16k16_f16acc,fp16-energy-bench-v2,fp16-energy-bench-v2,"nvml_timed_energy_counter,explicit_m16n16k16_denominator,strict_denominator_provenance,tensor_no_memory_warpsync_baseline","nvml_timed_energy_counter,explicit_m16n16k16_denominator,strict_denominator_provenance,tensor_no_memory_warpsync_baseline",d46eadcde2d6,d46eadcde2d6,tensor_mma_f16acc,tensor_baseline_mov,656,64,512.0,8,1000000,8,1.07788903809,0.0708433914185,171966464000000.0,0.0,0.0,171966464000000.0,85983232000000.0,85983232000000.0,257949696000000.0,343932928000000.0,20992000000.0,8192.0,8192.0,4096.0,4096.0,12288.0,16384.0,True,bench_json_metadata,True,logical_m16n16k16_input_bits_8192,ga102,"RTX 3090 FE dense FP16 Tensor Core peak, no sparsity",https://www.nvidia.com/content/dam/en-zz/Solutions/geforce/ampere/pdf/NVIDIA-ampere-GA102-GPU-Architecture-Whitepaper-V1.pdf,142.0,284.0,1024.0,1935.0,measured_avg_sm_clock_mhz,warp-level HMMA mma.sync.aligned.m16n8k16 pair -> logical m16n16k16,"dense FP16 Tensor Core HMMA normalization only; no sparsity, no WGMMA",162.47808,1005.4833520940222,98.19173360293186,True,False,159.5400434767585,nan,211.7204885217781,nan,235.109,nan,nvml_total_energy_counter,unavailable,259.99651877857724,nan,234.13221088840507,nan,average_instant,average_instant,234.05555555555554,nan,234.22444444444443,nan,370.0,nan,235.109,0.0,-24.88751877857723,nan,0.9042774922699163,nan,nan,nan,nan,nan,False,nan,nan,nan,nan,nan,nan,nan,nan,nan,9,0,1,0,1935.0,0.0,70.0,99.77777777777777,100.0,100.0,100.0,False,False,False,invalid_or_nonpositive_increment,launch_shape_tensor_mma_f16acc_t064_b08_rep003_test_fb0fb446,launch_shape_tensor_mma_f16acc_t064_b08_rep003_baseline_e59a1d8a,results/diagnostic_fp16_launch_shape_rtx3090_20260602_125100/raw/launch_shape_tensor_mma_f16acc_t064_b08_rep003_test_fb0fb446/power.csv,results/diagnostic_fp16_launch_shape_rtx3090_20260602_125100/raw/launch_shape_tensor_mma_f16acc_t064_b08_rep003_baseline_e59a1d8a/power.csv,results/diagnostic_fp16_launch_shape_rtx3090_20260602_125100/raw/launch_shape_tensor_mma_f16acc_t064_b08_rep003_test_fb0fb446/sm_util.csv,results/diagnostic_fp16_launch_shape_rtx3090_20260602_125100/raw/launch_shape_tensor_mma_f16acc_t064_b08_rep003_baseline_e59a1d8a/sm_util.csv
launch_shape_tensor_mma_f16acc_t064_b08,4,4,NVIDIA GeForce RTX 3090,ampere,ga102,consumer,86,82,benchmark uses warp-level HMMA mma.sync m16n8k16 pairs,False,False,tensor_core_mma_m16n16k16_f16acc,fp16-energy-bench-v2,fp16-energy-bench-v2,"nvml_timed_energy_counter,explicit_m16n16k16_denominator,strict_denominator_provenance,tensor_no_memory_warpsync_baseline","nvml_timed_energy_counter,explicit_m16n16k16_denominator,strict_denominator_provenance,tensor_no_memory_warpsync_baseline",d46eadcde2d6,d46eadcde2d6,tensor_mma_f16acc,tensor_baseline_mov,656,64,512.0,8,1000000,8,1.07807409668,0.0716836776733,171966464000000.0,0.0,0.0,171966464000000.0,85983232000000.0,85983232000000.0,257949696000000.0,343932928000000.0,20992000000.0,8192.0,8192.0,4096.0,4096.0,12288.0,16384.0,True,bench_json_metadata,True,logical_m16n16k16_input_bits_8192,ga102,"RTX 3090 FE dense FP16 Tensor Core peak, no sparsity",https://www.nvidia.com/content/dam/en-zz/Solutions/geforce/ampere/pdf/NVIDIA-ampere-GA102-GPU-Architecture-Whitepaper-V1.pdf,142.0,284.0,1024.0,1935.0,measured_avg_sm_clock_mhz,warp-level HMMA mma.sync.aligned.m16n8k16 pair -> logical m16n16k16,"dense FP16 Tensor Core HMMA normalization only; no sparsity, no WGMMA",162.47808,1005.3107541882011,98.17487833869151,True,False,159.51265736704187,nan,211.4463343913623,nan,234.883,nan,nvml_total_energy_counter,unavailable,260.77313446354367,nan,234.75314684358653,nan,average_instant,average_instant,234.39555555555555,nan,235.5922222222222,nan,370.0,nan,234.883,0.0,-25.89013446354366,nan,0.9007177847641237,nan,nan,nan,nan,nan,False,nan,nan,nan,nan,nan,nan,nan,nan,nan,9,0,1,0,1935.0,0.0,70.0,99.77777777777777,100.0,100.0,100.0,False,False,False,invalid_or_nonpositive_increment,launch_shape_tensor_mma_f16acc_t064_b08_rep004_test_e2e588a6,launch_shape_tensor_mma_f16acc_t064_b08_rep004_baseline_50a92b41,results/diagnostic_fp16_launch_shape_rtx3090_20260602_125100/raw/launch_shape_tensor_mma_f16acc_t064_b08_rep004_test_e2e588a6/power.csv,results/diagnostic_fp16_launch_shape_rtx3090_20260602_125100/raw/launch_shape_tensor_mma_f16acc_t064_b08_rep004_baseline_50a92b41/power.csv,results/diagnostic_fp16_launch_shape_rtx3090_20260602_125100/raw/launch_shape_tensor_mma_f16acc_t064_b08_rep004_test_e2e588a6/sm_util.csv,results/diagnostic_fp16_launch_shape_rtx3090_20260602_125100/raw/launch_shape_tensor_mma_f16acc_t064_b08_rep004_baseline_50a92b41/sm_util.csv
launch_shape_tensor_mma_f16acc_t064_b08,5,5,NVIDIA GeForce RTX 3090,ampere,ga102,consumer,86,82,benchmark uses warp-level HMMA mma.sync m16n8k16 pairs,False,False,tensor_core_mma_m16n16k16_f16acc,fp16-energy-bench-v2,fp16-energy-bench-v2,"nvml_timed_energy_counter,explicit_m16n16k16_denominator,strict_denominator_provenance,tensor_no_memory_warpsync_baseline","nvml_timed_energy_counter,explicit_m16n16k16_denominator,strict_denominator_provenance,tensor_no_memory_warpsync_baseline",d46eadcde2d6,d46eadcde2d6,tensor_mma_f16acc,tensor_baseline_mov,656,64,512.0,8,1000000,8,1.07925402832,0.0708392944336,171966464000000.0,0.0,0.0,171966464000000.0,85983232000000.0,85983232000000.0,257949696000000.0,343932928000000.0,20992000000.0,8192.0,8192.0,4096.0,4096.0,12288.0,16384.0,True,bench_json_metadata,True,logical_m16n16k16_input_bits_8192,ga102,"RTX 3090 FE dense FP16 Tensor Core peak, no sparsity",https://www.nvidia.com/content/dam/en-zz/Solutions/geforce/ampere/pdf/NVIDIA-ampere-GA102-GPU-Architecture-Whitepaper-V1.pdf,142.0,284.0,1024.0,1935.0,measured_avg_sm_clock_mhz,warp-level HMMA mma.sync.aligned.m16n8k16 pair -> logical m16n16k16,"dense FP16 Tensor Core HMMA normalization only; no sparsity, no WGMMA",162.47808,1004.211663579528,98.06754527143829,True,False,159.33826466016373,nan,206.538005807457,202.14829211005468,232.525,15.058,nvml_total_energy_counter,nvml_total_energy_counter,265.2778556351208,nan,235.6304022696756,nan,average_instant,average_instant,235.34555555555556,nan,236.51555555555555,nan,370.0,nan,232.525,15.058,-32.75285563512077,nan,0.8765337741565168,nan,218.1693585777846,0.938261944211524,0.06173805578847607,0.9787462182553723,True,4.389713697402328,14.355641422215399,0.08347930804819828,0.02754965172216918,nan,nan,0.08347930804819828,0.05565287203213218,0.04173965402409914,9,0,1,0,1935.0,0.0,71.0,99.55555555555556,100.0,100.0,100.0,True,True,True,pure_fp16_candidate_no_l2,launch_shape_tensor_mma_f16acc_t064_b08_rep005_test_b6d01be4,launch_shape_tensor_mma_f16acc_t064_b08_rep005_baseline_fd4c8edb,results/diagnostic_fp16_launch_shape_rtx3090_20260602_125100/raw/launch_shape_tensor_mma_f16acc_t064_b08_rep005_test_b6d01be4/power.csv,results/diagnostic_fp16_launch_shape_rtx3090_20260602_125100/raw/launch_shape_tensor_mma_f16acc_t064_b08_rep005_baseline_fd4c8edb/power.csv,results/diagnostic_fp16_launch_shape_rtx3090_20260602_125100/raw/launch_shape_tensor_mma_f16acc_t064_b08_rep005_test_b6d01be4/sm_util.csv,results/diagnostic_fp16_launch_shape_rtx3090_20260602_125100/raw/launch_shape_tensor_mma_f16acc_t064_b08_rep005_baseline_fd4c8edb/sm_util.csv
launch_shape_tensor_mma_f16acc_t064_b08,6,6,NVIDIA GeForce RTX 3090,ampere,ga102,consumer,86,82,benchmark uses warp-level HMMA mma.sync m16n8k16 pairs,False,False,tensor_core_mma_m16n16k16_f16acc,fp16-energy-bench-v2,fp16-energy-bench-v2,"nvml_timed_energy_counter,explicit_m16n16k16_denominator,strict_denominator_provenance,tensor_no_memory_warpsync_baseline","nvml_timed_energy_counter,explicit_m16n16k16_denominator,strict_denominator_provenance,tensor_no_memory_warpsync_baseline",d46eadcde2d6,d46eadcde2d6,tensor_mma_f16acc,tensor_baseline_mov,656,64,512.0,8,1000000,8,1.0779760742200002,0.0726712341309,171966464000000.0,0.0,0.0,171966464000000.0,85983232000000.0,85983232000000.0,257949696000000.0,343932928000000.0,20992000000.0,8192.0,8192.0,4096.0,4096.0,12288.0,16384.0,True,bench_json_metadata,True,logical_m16n16k16_input_bits_8192,ga102,"RTX 3090 FE dense FP16 Tensor Core peak, no sparsity",https://www.nvidia.com/content/dam/en-zz/Solutions/geforce/ampere/pdf/NVIDIA-ampere-GA102-GPU-Architecture-Whitepaper-V1.pdf,142.0,284.0,1024.0,1935.0,measured_avg_sm_clock_mhz,warp-level HMMA mma.sync.aligned.m16n8k16 pair -> logical m16n16k16,"dense FP16 Tensor Core HMMA normalization only; no sparsity, no WGMMA",162.47808,1005.4021690493901,98.1838055712295,True,False,159.52716216306672,nan,213.41914141379988,nan,238.696,nan,nvml_total_energy_counter,unavailable,263.0970735699304,nan,235.23624840708635,nan,average_instant,average_instant,234.5325,nan,236.9025,nan,370.0,nan,238.696,0.0,-24.40107356993039,nan,0.9072544850505733,nan,nan,nan,nan,nan,False,nan,nan,nan,nan,nan,nan,nan,nan,nan,8,0,1,0,1935.0,0.0,71.0,99.75,100.0,100.0,100.0,False,False,False,invalid_or_nonpositive_increment,launch_shape_tensor_mma_f16acc_t064_b08_rep006_test_7e7f9e4f,launch_shape_tensor_mma_f16acc_t064_b08_rep006_baseline_98dc4c3d,results/diagnostic_fp16_launch_shape_rtx3090_20260602_125100/raw/launch_shape_tensor_mma_f16acc_t064_b08_rep006_test_7e7f9e4f/power.csv,results/diagnostic_fp16_launch_shape_rtx3090_20260602_125100/raw/launch_shape_tensor_mma_f16acc_t064_b08_rep006_baseline_98dc4c3d/power.csv,results/diagnostic_fp16_launch_shape_rtx3090_20260602_125100/raw/launch_shape_tensor_mma_f16acc_t064_b08_rep006_test_7e7f9e4f/sm_util.csv,results/diagnostic_fp16_launch_shape_rtx3090_20260602_125100/raw/launch_shape_tensor_mma_f16acc_t064_b08_rep006_baseline_98dc4c3d/sm_util.csv
launch_shape_tensor_mma_f16acc_t064_b08,7,7,NVIDIA GeForce RTX 3090,ampere,ga102,consumer,86,82,benchmark uses warp-level HMMA mma.sync m16n8k16 pairs,False,False,tensor_core_mma_m16n16k16_f16acc,fp16-energy-bench-v2,fp16-energy-bench-v2,"nvml_timed_energy_counter,explicit_m16n16k16_denominator,strict_denominator_provenance,tensor_no_memory_warpsync_baseline","nvml_timed_energy_counter,explicit_m16n16k16_denominator,strict_denominator_provenance,tensor_no_memory_warpsync_baseline",d46eadcde2d6,d46eadcde2d6,tensor_mma_f16acc,tensor_baseline_mov,656,64,512.0,8,1000000,8,1.07815429688,0.0715694046021,171966464000000.0,0.0,0.0,171966464000000.0,85983232000000.0,85983232000000.0,257949696000000.0,343932928000000.0,20992000000.0,8192.0,8192.0,4096.0,4096.0,12288.0,16384.0,True,bench_json_metadata,True,logical_m16n16k16_input_bits_8192,ga102,"RTX 3090 FE dense FP16 Tensor Core peak, no sparsity",https://www.nvidia.com/content/dam/en-zz/Solutions/geforce/ampere/pdf/NVIDIA-ampere-GA102-GPU-Architecture-Whitepaper-V1.pdf,142.0,284.0,1024.0,1935.0,measured_avg_sm_clock_mhz,warp-level HMMA mma.sync.aligned.m16n8k16 pair -> logical m16n16k16,"dense FP16 Tensor Core HMMA normalization only; no sparsity, no WGMMA",162.47808,1005.2359725694835,98.16757544623862,True,False,159.50079176759994,nan,211.29904997579297,nan,234.623,nan,nvml_total_energy_counter,unavailable,262.4852240062798,nan,236.39148107905078,nan,average_instant,average_instant,236.3011111111111,nan,236.70555555555555,nan,370.0,nan,234.623,0.0,-27.862224006279803,nan,0.8938522192562991,nan,nan,nan,nan,nan,False,nan,nan,nan,nan,nan,nan,nan,nan,nan,9,0,1,0,1935.0,0.0,71.0,99.77777777777777,100.0,100.0,100.0,False,False,False,invalid_or_nonpositive_increment,launch_shape_tensor_mma_f16acc_t064_b08_rep007_test_6204ee2f,launch_shape_tensor_mma_f16acc_t064_b08_rep007_baseline_bcb4eee4,results/diagnostic_fp16_launch_shape_rtx3090_20260602_125100/raw/launch_shape_tensor_mma_f16acc_t064_b08_rep007_test_6204ee2f/power.csv,results/diagnostic_fp16_launch_shape_rtx3090_20260602_125100/raw/launch_shape_tensor_mma_f16acc_t064_b08_rep007_baseline_bcb4eee4/power.csv,results/diagnostic_fp16_launch_shape_rtx3090_20260602_125100/raw/launch_shape_tensor_mma_f16acc_t064_b08_rep007_test_6204ee2f/sm_util.csv,results/diagnostic_fp16_launch_shape_rtx3090_20260602_125100/raw/launch_shape_tensor_mma_f16acc_t064_b08_rep007_baseline_bcb4eee4/sm_util.csv
launch_shape_tensor_mma_f16acc_t064_b08,8,8,NVIDIA GeForce RTX 3090,ampere,ga102,consumer,86,82,benchmark uses warp-level HMMA mma.sync m16n8k16 pairs,False,False,tensor_core_mma_m16n16k16_f16acc,fp16-energy-bench-v2,fp16-energy-bench-v2,"nvml_timed_energy_counter,explicit_m16n16k16_denominator,strict_denominator_provenance,tensor_no_memory_warpsync_baseline","nvml_timed_energy_counter,explicit_m16n16k16_denominator,strict_denominator_provenance,tensor_no_memory_warpsync_baseline",d46eadcde2d6,d46eadcde2d6,tensor_mma_f16acc,tensor_baseline_mov,656,64,512.0,8,1000000,8,1.07792907715,0.0708419876099,171966464000000.0,0.0,0.0,171966464000000.0,85983232000000.0,85983232000000.0,257949696000000.0,343932928000000.0,20992000000.0,8192.0,8192.0,4096.0,4096.0,12288.0,16384.0,True,bench_json_metadata,True,logical_m16n16k16_input_bits_8192,ga102,"RTX 3090 FE dense FP16 Tensor Core peak, no sparsity",https://www.nvidia.com/content/dam/en-zz/Solutions/geforce/ampere/pdf/NVIDIA-ampere-GA102-GPU-Architecture-Whitepaper-V1.pdf,142.0,284.0,1024.0,1935.0,measured_avg_sm_clock_mhz,warp-level HMMA mma.sync.aligned.m16n8k16 pair -> logical m16n16k16,"dense FP16 Tensor Core HMMA normalization only; no sparsity, no WGMMA",162.47808,1005.4460039891079,98.18808632706131,True,False,159.53411745295176,nan,212.2768949223516,239.72289500499897,235.699,17.581,nvml_total_energy_counter,nvml_total_energy_counter,263.44396600458765,nan,237.26476179145186,nan,average_instant,average_instant,237.23624999999998,nan,237.34875,nan,370.0,nan,235.699,17.581,-27.74496600458764,nan,0.8946836155506994,nan,258.4042789844649,1.0963316729577337,-0.09633167295773373,1.1292933933892655,True,-27.446000082647373,-22.705278984464883,-0.13203317935562647,-0.17203843617175793,nan,nan,-0.13203317935562647,-0.08802211957041765,-0.06601658967781324,8,0,1,0,1935.0,0.0,72.0,99.75,100.0,100.0,100.0,False,False,False,invalid_or_nonpositive_increment,launch_shape_tensor_mma_f16acc_t064_b08_rep008_test_daedcdb9,launch_shape_tensor_mma_f16acc_t064_b08_rep008_baseline_b0fb9940,results/diagnostic_fp16_launch_shape_rtx3090_20260602_125100/raw/launch_shape_tensor_mma_f16acc_t064_b08_rep008_test_daedcdb9/power.csv,results/diagnostic_fp16_launch_shape_rtx3090_20260602_125100/raw/launch_shape_tensor_mma_f16acc_t064_b08_rep008_baseline_b0fb9940/power.csv,results/diagnostic_fp16_launch_shape_rtx3090_20260602_125100/raw/launch_shape_tensor_mma_f16acc_t064_b08_rep008_test_daedcdb9/sm_util.csv,results/diagnostic_fp16_launch_shape_rtx3090_20260602_125100/raw/launch_shape_tensor_mma_f16acc_t064_b08_rep008_baseline_b0fb9940/sm_util.csv
launch_shape_tensor_mma_f16acc_t064_b08,9,9,NVIDIA GeForce RTX 3090,ampere,ga102,consumer,86,82,benchmark uses warp-level HMMA mma.sync m16n8k16 pairs,False,False,tensor_core_mma_m16n16k16_f16acc,fp16-energy-bench-v2,fp16-energy-bench-v2,"nvml_timed_energy_counter,explicit_m16n16k16_denominator,strict_denominator_provenance,tensor_no_memory_warpsync_baseline","nvml_timed_energy_counter,explicit_m16n16k16_denominator,strict_denominator_provenance,tensor_no_memory_warpsync_baseline",d46eadcde2d6,d46eadcde2d6,tensor_mma_f16acc,tensor_baseline_mov,656,64,512.0,8,1000000,8,1.08123339844,0.0708433914185,171966464000000.0,0.0,0.0,171966464000000.0,85983232000000.0,85983232000000.0,257949696000000.0,343932928000000.0,20992000000.0,8192.0,8192.0,4096.0,4096.0,12288.0,16384.0,True,bench_json_metadata,True,logical_m16n16k16_input_bits_8192,ga102,"RTX 3090 FE dense FP16 Tensor Core peak, no sparsity",https://www.nvidia.com/content/dam/en-zz/Solutions/geforce/ampere/pdf/NVIDIA-ampere-GA102-GPU-Architecture-Whitepaper-V1.pdf,142.0,284.0,1024.0,1935.0,measured_avg_sm_clock_mhz,warp-level HMMA mma.sync.aligned.m16n8k16 pair -> logical m16n16k16,"dense FP16 Tensor Core HMMA normalization only; no sparsity, no WGMMA",162.47808,1002.3732940249874,97.88801699462766,True,False,159.04657056294474,nan,208.56157697702244,265.55041427377853,232.328,19.479,nvml_total_energy_counter,nvml_total_energy_counter,264.0068483941612,nan,236.99977890663175,nan,average_instant,average_instant,236.84444444444443,nan,237.08333333333334,nan,370.0,nan,232.328,19.479,-31.67884839416118,nan,0.8800074748558614,nan,287.12197688238746,1.2358474952755907,-0.23584749527559076,1.2732470578846584,True,-56.98883729675609,-54.793976882387454,-0.3186317588200654,-0.3583154109833636,nan,nan,-0.3186317588200654,-0.21242117254671025,-0.1593158794100327,9,0,1,0,1935.0,0.0,72.0,99.77777777777777,100.0,100.0,100.0,False,False,False,invalid_or_nonpositive_increment,launch_shape_tensor_mma_f16acc_t064_b08_rep009_test_96a156eb,launch_shape_tensor_mma_f16acc_t064_b08_rep009_baseline_be5e6bf4,results/diagnostic_fp16_launch_shape_rtx3090_20260602_125100/raw/launch_shape_tensor_mma_f16acc_t064_b08_rep009_test_96a156eb/power.csv,results/diagnostic_fp16_launch_shape_rtx3090_20260602_125100/raw/launch_shape_tensor_mma_f16acc_t064_b08_rep009_baseline_be5e6bf4/power.csv,results/diagnostic_fp16_launch_shape_rtx3090_20260602_125100/raw/launch_shape_tensor_mma_f16acc_t064_b08_rep009_test_96a156eb/sm_util.csv,results/diagnostic_fp16_launch_shape_rtx3090_20260602_125100/raw/launch_shape_tensor_mma_f16acc_t064_b08_rep009_baseline_be5e6bf4/sm_util.csv
launch_shape_tensor_mma_f16acc_t128_b01,0,0,NVIDIA GeForce RTX 3090,ampere,ga102,consumer,86,82,benchmark uses warp-level HMMA mma.sync m16n8k16 pairs,False,False,tensor_core_mma_m16n16k16_f16acc,fp16-energy-bench-v2,fp16-energy-bench-v2,"nvml_timed_energy_counter,explicit_m16n16k16_denominator,strict_denominator_provenance,tensor_no_memory_warpsync_baseline","nvml_timed_energy_counter,explicit_m16n16k16_denominator,strict_denominator_provenance,tensor_no_memory_warpsync_baseline",d46eadcde2d6,d46eadcde2d6,tensor_mma_f16acc,tensor_baseline_mov,82,128,128.0,1,1000000,8,0.276018829346,0.0636313591003,42991616000000.0,0.0,0.0,42991616000000.0,21495808000000.0,21495808000000.0,64487424000000.0,85983232000000.0,5248000000.0,8192.0,8192.0,4096.0,4096.0,12288.0,16384.0,True,bench_json_metadata,True,logical_m16n16k16_input_bits_8192,ga102,"RTX 3090 FE dense FP16 Tensor Core peak, no sparsity",https://www.nvidia.com/content/dam/en-zz/Solutions/geforce/ampere/pdf/NVIDIA-ampere-GA102-GPU-Architecture-Whitepaper-V1.pdf,142.0,284.0,1024.0,1950.0,measured_avg_sm_clock_mhz,warp-level HMMA mma.sync.aligned.m16n8k16 pair -> logical m16n16k16,"dense FP16 Tensor Core HMMA normalization only; no sparsity, no WGMMA",163.7376,974.0844190329051,95.12543154618214,True,False,155.75609860336152,nan,203.8221146316151,215.9934405947052,58.001,14.24,nvml_total_energy_counter,nvml_total_energy_counter,45.54633373213001,nan,160.055,nan,average_instant,average_instant,160.055,nan,218.49,nan,370.0,nan,58.001,14.24,12.454666267869989,nan,1.273450467849271,nan,59.618256619365326,1.0278832540708838,-0.027883254070883746,1.059715433651978,True,-12.171325963090084,-1.6172566193653282,-0.03761795368113932,-0.07814349532524438,nan,nan,-0.03761795368113932,-0.025078635787426216,-0.01880897684056966,2,0,0,0,1950.0,0.0,56.0,83.0,99.0,nan,nan,False,False,False,invalid_or_nonpositive_increment,launch_shape_tensor_mma_f16acc_t128_b01_rep000_test_ad93fda1,launch_shape_tensor_mma_f16acc_t128_b01_rep000_baseline_b83cb752,results/diagnostic_fp16_launch_shape_rtx3090_20260602_125100/raw/launch_shape_tensor_mma_f16acc_t128_b01_rep000_test_ad93fda1/power.csv,results/diagnostic_fp16_launch_shape_rtx3090_20260602_125100/raw/launch_shape_tensor_mma_f16acc_t128_b01_rep000_baseline_b83cb752/power.csv,results/diagnostic_fp16_launch_shape_rtx3090_20260602_125100/raw/launch_shape_tensor_mma_f16acc_t128_b01_rep000_test_ad93fda1/sm_util.csv,results/diagnostic_fp16_launch_shape_rtx3090_20260602_125100/raw/launch_shape_tensor_mma_f16acc_t128_b01_rep000_baseline_b83cb752/sm_util.csv
launch_shape_tensor_mma_f16acc_t128_b01,1,1,NVIDIA GeForce RTX 3090,ampere,ga102,consumer,86,82,benchmark uses warp-level HMMA mma.sync m16n8k16 pairs,False,False,tensor_core_mma_m16n16k16_f16acc,fp16-energy-bench-v2,fp16-energy-bench-v2,"nvml_timed_energy_counter,explicit_m16n16k16_denominator,strict_denominator_provenance,tensor_no_memory_warpsync_baseline","nvml_timed_energy_counter,explicit_m16n16k16_denominator,strict_denominator_provenance,tensor_no_memory_warpsync_baseline",d46eadcde2d6,d46eadcde2d6,tensor_mma_f16acc,tensor_baseline_mov,82,128,128.0,1,1000000,8,0.278132720947,0.0641429443359,42991616000000.0,0.0,0.0,42991616000000.0,21495808000000.0,21495808000000.0,64487424000000.0,85983232000000.0,5248000000.0,8192.0,8192.0,4096.0,4096.0,12288.0,16384.0,True,bench_json_metadata,True,logical_m16n16k16_input_bits_8192,ga102,"RTX 3090 FE dense FP16 Tensor Core peak, no sparsity",https://www.nvidia.com/content/dam/en-zz/Solutions/geforce/ampere/pdf/NVIDIA-ampere-GA102-GPU-Architecture-Whitepaper-V1.pdf,142.0,284.0,1024.0,1935.0,measured_avg_sm_clock_mhz,warp-level HMMA mma.sync.aligned.m16n8k16 pair -> logical m16n16k16,"dense FP16 Tensor Core HMMA normalization only; no sparsity, no WGMMA",162.47808,974.1747388746284,95.13425184322543,True,False,154.5723058172373,nan,211.14023319292082,177.03418041077916,60.589,11.771,nvml_total_energy_counter,nvml_total_energy_counter,48.725259592989616,nan,169.7975321073038,nan,average_instant,average_instant,170.53666666666666,nan,224.79333333333332,nan,370.0,nan,60.589,11.771,11.863740407010383,nan,1.2434823437804174,nan,49.23899829827209,0.8126722391568121,0.18732776084318792,0.8384672960412114,True,34.10605278214166,11.350001701727912,0.26400500278305217,0.22064788774302083,nan,nan,0.26400500278305217,0.17600333518870148,0.13200250139152608,3,0,0,0,1935.0,0.0,63.0,99.66666666666667,100.0,nan,nan,True,True,True,pure_fp16_candidate_no_l2,launch_shape_tensor_mma_f16acc_t128_b01_rep001_test_2578df17,launch_shape_tensor_mma_f16acc_t128_b01_rep001_baseline_3eb22f20,results/diagnostic_fp16_launch_shape_rtx3090_20260602_125100/raw/launch_shape_tensor_mma_f16acc_t128_b01_rep001_test_2578df17/power.csv,results/diagnostic_fp16_launch_shape_rtx3090_20260602_125100/raw/launch_shape_tensor_mma_f16acc_t128_b01_rep001_baseline_3eb22f20/power.csv,results/diagnostic_fp16_launch_shape_rtx3090_20260602_125100/raw/launch_shape_tensor_mma_f16acc_t128_b01_rep001_test_2578df17/sm_util.csv,results/diagnostic_fp16_launch_shape_rtx3090_20260602_125100/raw/launch_shape_tensor_mma_f16acc_t128_b01_rep001_baseline_3eb22f20/sm_util.csv
launch_shape_tensor_mma_f16acc_t128_b01,2,2,NVIDIA GeForce RTX 3090,ampere,ga102,consumer,86,82,benchmark uses warp-level HMMA mma.sync m16n8k16 pairs,False,False,tensor_core_mma_m16n16k16_f16acc,fp16-energy-bench-v2,fp16-energy-bench-v2,"nvml_timed_energy_counter,explicit_m16n16k16_denominator,strict_denominator_provenance,tensor_no_memory_warpsync_baseline","nvml_timed_energy_counter,explicit_m16n16k16_denominator,strict_denominator_provenance,tensor_no_memory_warpsync_baseline",d46eadcde2d6,d46eadcde2d6,tensor_mma_f16acc,tensor_baseline_mov,82,128,128.0,1,1000000,8,0.28014147949199997,0.06459391784669999,42991616000000.0,0.0,0.0,42991616000000.0,21495808000000.0,21495808000000.0,64487424000000.0,85983232000000.0,5248000000.0,8192.0,8192.0,4096.0,4096.0,12288.0,16384.0,True,bench_json_metadata,True,logical_m16n16k16_input_bits_8192,ga102,"RTX 3090 FE dense FP16 Tensor Core peak, no sparsity",https://www.nvidia.com/content/dam/en-zz/Solutions/geforce/ampere/pdf/NVIDIA-ampere-GA102-GPU-Architecture-Whitepaper-V1.pdf,142.0,284.0,1024.0,1935.0,measured_avg_sm_clock_mhz,warp-level HMMA mma.sync.aligned.m16n8k16 pair -> logical m16n16k16,"dense FP16 Tensor Core HMMA normalization only; no sparsity, no WGMMA",162.47808,967.189404769211,94.45209030949327,True,False,153.46394285473073,nan,133.15684711653773,nan,38.509,nan,nvml_total_energy_counter,unavailable,48.629030276849996,nan,168.14999999999998,nan,average_instant,average_instant,168.14999999999998,nan,226.655,nan,370.0,nan,38.509,0.0,-10.120030276849995,nan,0.7918932329261834,nan,nan,nan,nan,nan,False,nan,nan,nan,nan,nan,nan,nan,nan,nan,2,0,0,0,1935.0,0.0,63.0,100.0,100.0,nan,nan,False,False,False,invalid_or_nonpositive_increment,launch_shape_tensor_mma_f16acc_t128_b01_rep002_test_d3ac76ee,launch_shape_tensor_mma_f16acc_t128_b01_rep002_baseline_21ef69d6,results/diagnostic_fp16_launch_shape_rtx3090_20260602_125100/raw/launch_shape_tensor_mma_f16acc_t128_b01_rep002_test_d3ac76ee/power.csv,results/diagnostic_fp16_launch_shape_rtx3090_20260602_125100/raw/launch_shape_tensor_mma_f16acc_t128_b01_rep002_baseline_21ef69d6/power.csv,results/diagnostic_fp16_launch_shape_rtx3090_20260602_125100/raw/launch_shape_tensor_mma_f16acc_t128_b01_rep002_test_d3ac76ee/sm_util.csv,results/diagnostic_fp16_launch_shape_rtx3090_20260602_125100/raw/launch_shape_tensor_mma_f16acc_t128_b01_rep002_baseline_21ef69d6/sm_util.csv
launch_shape_tensor_mma_f16acc_t128_b01,3,3,NVIDIA GeForce RTX 3090,ampere,ga102,consumer,86,82,benchmark uses warp-level HMMA mma.sync m16n8k16 pairs,False,False,tensor_core_mma_m16n16k16_f16acc,fp16-energy-bench-v2,fp16-energy-bench-v2,"nvml_timed_energy_counter,explicit_m16n16k16_denominator,strict_denominator_provenance,tensor_no_memory_warpsync_baseline","nvml_timed_energy_counter,explicit_m16n16k16_denominator,strict_denominator_provenance,tensor_no_memory_warpsync_baseline",d46eadcde2d6,d46eadcde2d6,tensor_mma_f16acc,tensor_baseline_mov,82,128,128.0,1,1000000,8,0.280022003174,0.0654691162109,42991616000000.0,0.0,0.0,42991616000000.0,21495808000000.0,21495808000000.0,64487424000000.0,85983232000000.0,5248000000.0,8192.0,8192.0,4096.0,4096.0,12288.0,16384.0,True,bench_json_metadata,True,logical_m16n16k16_input_bits_8192,ga102,"RTX 3090 FE dense FP16 Tensor Core peak, no sparsity",https://www.nvidia.com/content/dam/en-zz/Solutions/geforce/ampere/pdf/NVIDIA-ampere-GA102-GPU-Architecture-Whitepaper-V1.pdf,142.0,284.0,1024.0,1935.0,measured_avg_sm_clock_mhz,warp-level HMMA mma.sync.aligned.m16n8k16 pair -> logical m16n16k16,"dense FP16 Tensor Core HMMA normalization only; no sparsity, no WGMMA",162.47808,967.602073158054,94.49238995684121,True,False,153.52942094798843,nan,214.7216411000077,223.06208667695816,62.004,15.111,nvml_total_energy_counter,nvml_total_energy_counter,50.92300134626292,nan,176.3478230244416,nan,average_instant,average_instant,176.36,nan,229.4766666666667,nan,370.0,nan,62.004,15.111,11.080998653737076,nan,1.2176030155486952,nan,62.462292343454244,1.0073913351308665,-0.007391335130866501,1.038843059945997,True,-8.340445576950458,-0.4582923434542465,-0.01066003993555968,-0.0543247380564014,nan,nan,-0.01066003993555968,-0.0071066932903731195,-0.00533001996777984,3,0,0,0,1935.0,0.0,64.0,99.33333333333333,100.0,nan,nan,False,False,False,invalid_or_nonpositive_increment,launch_shape_tensor_mma_f16acc_t128_b01_rep003_test_ab020eea,launch_shape_tensor_mma_f16acc_t128_b01_rep003_baseline_91d68515,results/diagnostic_fp16_launch_shape_rtx3090_20260602_125100/raw/launch_shape_tensor_mma_f16acc_t128_b01_rep003_test_ab020eea/power.csv,results/diagnostic_fp16_launch_shape_rtx3090_20260602_125100/raw/launch_shape_tensor_mma_f16acc_t128_b01_rep003_baseline_91d68515/power.csv,results/diagnostic_fp16_launch_shape_rtx3090_20260602_125100/raw/launch_shape_tensor_mma_f16acc_t128_b01_rep003_test_ab020eea/sm_util.csv,results/diagnostic_fp16_launch_shape_rtx3090_20260602_125100/raw/launch_shape_tensor_mma_f16acc_t128_b01_rep003_baseline_91d68515/sm_util.csv
launch_shape_tensor_mma_f16acc_t128_b01,4,4,NVIDIA GeForce RTX 3090,ampere,ga102,consumer,86,82,benchmark uses warp-level HMMA mma.sync m16n8k16 pairs,False,False,tensor_core_mma_m16n16k16_f16acc,fp16-energy-bench-v2,fp16-energy-bench-v2,"nvml_timed_energy_counter,explicit_m16n16k16_denominator,strict_denominator_provenance,tensor_no_memory_warpsync_baseline","nvml_timed_energy_counter,explicit_m16n16k16_denominator,strict_denominator_provenance,tensor_no_memory_warpsync_baseline",d46eadcde2d6,d46eadcde2d6,tensor_mma_f16acc,tensor_baseline_mov,82,128,128.0,1,1000000,8,0.27914752197299997,0.0645945587158,42991616000000.0,0.0,0.0,42991616000000.0,21495808000000.0,21495808000000.0,64487424000000.0,85983232000000.0,5248000000.0,8192.0,8192.0,4096.0,4096.0,12288.0,16384.0,True,bench_json_metadata,True,logical_m16n16k16_input_bits_8192,ga102,"RTX 3090 FE dense FP16 Tensor Core peak, no sparsity",https://www.nvidia.com/content/dam/en-zz/Solutions/geforce/ampere/pdf/NVIDIA-ampere-GA102-GPU-Architecture-Whitepaper-V1.pdf,142.0,284.0,1024.0,1935.0,measured_avg_sm_clock_mhz,warp-level HMMA mma.sync.aligned.m16n8k16 pair -> logical m16n16k16,"dense FP16 Tensor Core HMMA normalization only; no sparsity, no WGMMA",162.47808,970.6332654718702,94.78840483123733,True,False,154.01038023242165,nan,218.01436470806001,174.7534379716925,62.832,11.71,nvml_total_energy_counter,nvml_total_energy_counter,49.262229919490004,nan,170.93,nan,average_instant,average_instant,174.7,nan,229.59,nan,370.0,nan,62.832,11.71,13.569770080509997,nan,1.2754599234075938,nan,48.78198916606032,0.7763876554313139,0.22361234456868603,0.8015684572239191,True,43.26092673636751,14.05001083393968,0.32680815798921536,0.28089617512197007,nan,nan,0.32680815798921536,0.2178721053261436,0.16340407899460768,2,0,0,0,1935.0,0.0,64.0,98.0,98.0,nan,nan,True,True,True,pure_fp16_candidate_no_l2,launch_shape_tensor_mma_f16acc_t128_b01_rep004_test_5667b5e0,launch_shape_tensor_mma_f16acc_t128_b01_rep004_baseline_6eb50212,results/diagnostic_fp16_launch_shape_rtx3090_20260602_125100/raw/launch_shape_tensor_mma_f16acc_t128_b01_rep004_test_5667b5e0/power.csv,results/diagnostic_fp16_launch_shape_rtx3090_20260602_125100/raw/launch_shape_tensor_mma_f16acc_t128_b01_rep004_baseline_6eb50212/power.csv,results/diagnostic_fp16_launch_shape_rtx3090_20260602_125100/raw/launch_shape_tensor_mma_f16acc_t128_b01_rep004_test_5667b5e0/sm_util.csv,results/diagnostic_fp16_launch_shape_rtx3090_20260602_125100/raw/launch_shape_tensor_mma_f16acc_t128_b01_rep004_baseline_6eb50212/sm_util.csv
launch_shape_tensor_mma_f16acc_t128_b01,5,5,NVIDIA GeForce RTX 3090,ampere,ga102,consumer,86,82,benchmark uses warp-level HMMA mma.sync m16n8k16 pairs,False,False,tensor_core_mma_m16n16k16_f16acc,fp16-energy-bench-v2,fp16-energy-bench-v2,"nvml_timed_energy_counter,explicit_m16n16k16_denominator,strict_denominator_provenance,tensor_no_memory_warpsync_baseline","nvml_timed_energy_counter,explicit_m16n16k16_denominator,strict_denominator_provenance,tensor_no_memory_warpsync_baseline",d46eadcde2d6,d46eadcde2d6,tensor_mma_f16acc,tensor_baseline_mov,82,128,128.0,1,1000000,8,0.279010314941,0.0650424346924,42991616000000.0,0.0,0.0,42991616000000.0,21495808000000.0,21495808000000.0,64487424000000.0,85983232000000.0,5248000000.0,8192.0,8192.0,4096.0,4096.0,12288.0,16384.0,True,bench_json_metadata,True,logical_m16n16k16_input_bits_8192,ga102,"RTX 3090 FE dense FP16 Tensor Core peak, no sparsity",https://www.nvidia.com/content/dam/en-zz/Solutions/geforce/ampere/pdf/NVIDIA-ampere-GA102-GPU-Architecture-Whitepaper-V1.pdf,142.0,284.0,1024.0,1935.0,measured_avg_sm_clock_mhz,warp-level HMMA mma.sync.aligned.m16n8k16 pair -> logical m16n16k16,"dense FP16 Tensor Core HMMA normalization only; no sparsity, no WGMMA",162.47808,971.110587285381,94.83501828958798,True,False,154.0861168845714,nan,135.05958454927517,194.43048926639767,38.906,13.095,nvml_total_energy_counter,nvml_total_energy_counter,49.09067366175,nan,170.41500000000002,nan,average_instant,average_instant,170.41500000000002,nan,230.16,nan,370.0,nan,38.906,13.095,-10.184673661750004,nan,0.7925334304449442,nan,54.24811204435033,1.394337943873704,-0.3943379438737041,1.4395904586502086,True,-59.3709047171225,-15.34211204435033,-0.356862883320095,-0.3853098898040132,nan,nan,-0.356862883320095,-0.23790858888006333,-0.1784314416600475,2,0,0,0,1935.0,0.0,68.0,100.0,100.0,nan,nan,False,False,False,invalid_or_nonpositive_increment,launch_shape_tensor_mma_f16acc_t128_b01_rep005_test_0c4fd423,launch_shape_tensor_mma_f16acc_t128_b01_rep005_baseline_10532557,results/diagnostic_fp16_launch_shape_rtx3090_20260602_125100/raw/launch_shape_tensor_mma_f16acc_t128_b01_rep005_test_0c4fd423/power.csv,results/diagnostic_fp16_launch_shape_rtx3090_20260602_125100/raw/launch_shape_tensor_mma_f16acc_t128_b01_rep005_baseline_10532557/power.csv,results/diagnostic_fp16_launch_shape_rtx3090_20260602_125100/raw/launch_shape_tensor_mma_f16acc_t128_b01_rep005_test_0c4fd423/sm_util.csv,results/diagnostic_fp16_launch_shape_rtx3090_20260602_125100/raw/launch_shape_tensor_mma_f16acc_t128_b01_rep005_baseline_10532557/sm_util.csv
launch_shape_tensor_mma_f16acc_t128_b01,6,6,NVIDIA GeForce RTX 3090,ampere,ga102,consumer,86,82,benchmark uses warp-level HMMA mma.sync m16n8k16 pairs,False,False,tensor_core_mma_m16n16k16_f16acc,fp16-energy-bench-v2,fp16-energy-bench-v2,"nvml_timed_energy_counter,explicit_m16n16k16_denominator,strict_denominator_provenance,tensor_no_memory_warpsync_baseline","nvml_timed_energy_counter,explicit_m16n16k16_denominator,strict_denominator_provenance,tensor_no_memory_warpsync_baseline",d46eadcde2d6,d46eadcde2d6,tensor_mma_f16acc,tensor_baseline_mov,82,128,128.0,1,1000000,8,0.278599273682,0.06459391784669999,42991616000000.0,0.0,0.0,42991616000000.0,21495808000000.0,21495808000000.0,64487424000000.0,85983232000000.0,5248000000.0,8192.0,8192.0,4096.0,4096.0,12288.0,16384.0,True,bench_json_metadata,True,logical_m16n16k16_input_bits_8192,ga102,"RTX 3090 FE dense FP16 Tensor Core peak, no sparsity",https://www.nvidia.com/content/dam/en-zz/Solutions/geforce/ampere/pdf/NVIDIA-ampere-GA102-GPU-Architecture-Whitepaper-V1.pdf,142.0,284.0,1024.0,1935.0,measured_avg_sm_clock_mhz,warp-level HMMA mma.sync.aligned.m16n8k16 pair -> logical m16n16k16,"dense FP16 Tensor Core HMMA normalization only; no sparsity, no WGMMA",162.47808,972.5433495218023,94.97493647673852,True,False,154.3134532686244,nan,215.31825959099916,212.003463307102,62.353,14.282,nvml_total_energy_counter,nvml_total_energy_counter,51.148205818092094,nan,176.6257061882156,nan,average_instant,average_instant,176.66333333333333,nan,232.0533333333333,nan,370.0,nan,62.353,14.282,11.204794181907907,nan,1.2190652438867084,nan,59.06401089542715,0.9472521112925946,0.0527478887074054,0.9846051315378749,True,3.3147962838971523,3.288989104572849,0.07650303502368576,0.021480928679153147,nan,nan,0.07650303502368576,0.05100202334912384,0.03825151751184288,3,0,0,0,1935.0,0.0,69.0,97.66666666666667,99.0,nan,nan,True,True,True,pure_fp16_candidate_no_l2,launch_shape_tensor_mma_f16acc_t128_b01_rep006_test_4f4dcc96,launch_shape_tensor_mma_f16acc_t128_b01_rep006_baseline_2c103fd9,results/diagnostic_fp16_launch_shape_rtx3090_20260602_125100/raw/launch_shape_tensor_mma_f16acc_t128_b01_rep006_test_4f4dcc96/power.csv,results/diagnostic_fp16_launch_shape_rtx3090_20260602_125100/raw/launch_shape_tensor_mma_f16acc_t128_b01_rep006_baseline_2c103fd9/power.csv,results/diagnostic_fp16_launch_shape_rtx3090_20260602_125100/raw/launch_shape_tensor_mma_f16acc_t128_b01_rep006_test_4f4dcc96/sm_util.csv,results/diagnostic_fp16_launch_shape_rtx3090_20260602_125100/raw/launch_shape_tensor_mma_f16acc_t128_b01_rep006_baseline_2c103fd9/sm_util.csv
launch_shape_tensor_mma_f16acc_t128_b01,7,7,NVIDIA GeForce RTX 3090,ampere,ga102,consumer,86,82,benchmark uses warp-level HMMA mma.sync m16n8k16 pairs,False,False,tensor_core_mma_m16n16k16_f16acc,fp16-energy-bench-v2,fp16-energy-bench-v2,"nvml_timed_energy_counter,explicit_m16n16k16_denominator,strict_denominator_provenance,tensor_no_memory_warpsync_baseline","nvml_timed_energy_counter,explicit_m16n16k16_denominator,strict_denominator_provenance,tensor_no_memory_warpsync_baseline",d46eadcde2d6,d46eadcde2d6,tensor_mma_f16acc,tensor_baseline_mov,82,128,128.0,1,1000000,8,0.279577606201,0.0645935974121,42991616000000.0,0.0,0.0,42991616000000.0,21495808000000.0,21495808000000.0,64487424000000.0,85983232000000.0,5248000000.0,8192.0,8192.0,4096.0,4096.0,12288.0,16384.0,True,bench_json_metadata,True,logical_m16n16k16_input_bits_8192,ga102,"RTX 3090 FE dense FP16 Tensor Core peak, no sparsity",https://www.nvidia.com/content/dam/en-zz/Solutions/geforce/ampere/pdf/NVIDIA-ampere-GA102-GPU-Architecture-Whitepaper-V1.pdf,142.0,284.0,1024.0,1935.0,measured_avg_sm_clock_mhz,warp-level HMMA mma.sync.aligned.m16n8k16 pair -> logical m16n16k16,"dense FP16 Tensor Core HMMA normalization only; no sparsity, no WGMMA",162.47808,969.1401056143118,94.64258843889762,True,False,153.77346055782283,nan,223.7821069921074,175.03622061433708,64.588,11.71,nvml_total_energy_counter,nvml_total_energy_counter,51.777403066319586,nan,179.39642584939307,nan,average_instant,average_instant,178.76333333333332,nan,232.33,nan,370.0,nan,64.588,11.71,12.810596933680408,nan,1.2474167527728617,nan,48.936207557826485,0.7576671759123442,0.24233282408765577,0.7821725470683429,True,48.74588637777032,15.651792442173509,0.36406615750786175,0.31699804505238793,nan,nan,0.36406615750786175,0.24271077167190785,0.18203307875393088,3,0,0,0,1935.0,0.0,65.0,92.33333333333333,100.0,nan,nan,True,True,True,pure_fp16_candidate_no_l2,launch_shape_tensor_mma_f16acc_t128_b01_rep007_test_a5811f22,launch_shape_tensor_mma_f16acc_t128_b01_rep007_baseline_ebf0780d,results/diagnostic_fp16_launch_shape_rtx3090_20260602_125100/raw/launch_shape_tensor_mma_f16acc_t128_b01_rep007_test_a5811f22/power.csv,results/diagnostic_fp16_launch_shape_rtx3090_20260602_125100/raw/launch_shape_tensor_mma_f16acc_t128_b01_rep007_baseline_ebf0780d/power.csv,results/diagnostic_fp16_launch_shape_rtx3090_20260602_125100/raw/launch_shape_tensor_mma_f16acc_t128_b01_rep007_test_a5811f22/sm_util.csv,results/diagnostic_fp16_launch_shape_rtx3090_20260602_125100/raw/launch_shape_tensor_mma_f16acc_t128_b01_rep007_baseline_ebf0780d/sm_util.csv
launch_shape_tensor_mma_f16acc_t128_b01,8,8,NVIDIA GeForce RTX 3090,ampere,ga102,consumer,86,82,benchmark uses warp-level HMMA mma.sync m16n8k16 pairs,False,False,tensor_core_mma_m16n16k16_f16acc,fp16-energy-bench-v2,fp16-energy-bench-v2,"nvml_timed_energy_counter,explicit_m16n16k16_denominator,strict_denominator_provenance,tensor_no_memory_warpsync_baseline","nvml_timed_energy_counter,explicit_m16n16k16_denominator,strict_denominator_provenance,tensor_no_memory_warpsync_baseline",d46eadcde2d6,d46eadcde2d6,tensor_mma_f16acc,tensor_baseline_mov,82,128,128.0,1,1000000,8,0.28058010864300004,0.06459391784669999,42991616000000.0,0.0,0.0,42991616000000.0,21495808000000.0,21495808000000.0,64487424000000.0,85983232000000.0,5248000000.0,8192.0,8192.0,4096.0,4096.0,12288.0,16384.0,True,bench_json_metadata,True,logical_m16n16k16_input_bits_8192,ga102,"RTX 3090 FE dense FP16 Tensor Core peak, no sparsity",https://www.nvidia.com/content/dam/en-zz/Solutions/geforce/ampere/pdf/NVIDIA-ampere-GA102-GPU-Architecture-Whitepaper-V1.pdf,142.0,284.0,1024.0,1935.0,measured_avg_sm_clock_mhz,warp-level HMMA mma.sync.aligned.m16n8k16 pair -> logical m16n16k16,"dense FP16 Tensor Core HMMA normalization only; no sparsity, no WGMMA",162.47808,965.6774035460239,94.3044339400414,True,False,153.22403362064762,nan,141.1880087801869,182.46241572435898,40.903,12.207,nvml_total_energy_counter,nvml_total_energy_counter,51.40977667070485,nan,177.45505219594952,nan,average_instant,average_instant,178.0,nan,231.52666666666664,nan,370.0,nan,40.903,12.207,-10.506776670704852,nan,0.7956268758371792,nan,51.19532442720488,1.25162761722135,-0.2516276172213501,1.2923364901932393,True,-41.274406944172085,-10.292324427204882,-0.23940306005721865,-0.2693729304004576,nan,nan,-0.23940306005721865,-0.15960204003814576,-0.11970153002860932,3,0,0,0,1935.0,0.0,65.0,93.33333333333333,98.0,nan,nan,False,False,False,invalid_or_nonpositive_increment,launch_shape_tensor_mma_f16acc_t128_b01_rep008_test_845b8b02,launch_shape_tensor_mma_f16acc_t128_b01_rep008_baseline_b64c97c2,results/diagnostic_fp16_launch_shape_rtx3090_20260602_125100/raw/launch_shape_tensor_mma_f16acc_t128_b01_rep008_test_845b8b02/power.csv,results/diagnostic_fp16_launch_shape_rtx3090_20260602_125100/raw/launch_shape_tensor_mma_f16acc_t128_b01_rep008_baseline_b64c97c2/power.csv,results/diagnostic_fp16_launch_shape_rtx3090_20260602_125100/raw/launch_shape_tensor_mma_f16acc_t128_b01_rep008_test_845b8b02/sm_util.csv,results/diagnostic_fp16_launch_shape_rtx3090_20260602_125100/raw/launch_shape_tensor_mma_f16acc_t128_b01_rep008_baseline_b64c97c2/sm_util.csv
launch_shape_tensor_mma_f16acc_t128_b01,9,9,NVIDIA GeForce RTX 3090,ampere,ga102,consumer,86,82,benchmark uses warp-level HMMA mma.sync m16n8k16 pairs,False,False,tensor_core_mma_m16n16k16_f16acc,fp16-energy-bench-v2,fp16-energy-bench-v2,"nvml_timed_energy_counter,explicit_m16n16k16_denominator,strict_denominator_provenance,tensor_no_memory_warpsync_baseline","nvml_timed_energy_counter,explicit_m16n16k16_denominator,strict_denominator_provenance,tensor_no_memory_warpsync_baseline",d46eadcde2d6,d46eadcde2d6,tensor_mma_f16acc,tensor_baseline_mov,82,128,128.0,1,1000000,8,0.27813580322299997,0.0646031341553,42991616000000.0,0.0,0.0,42991616000000.0,21495808000000.0,21495808000000.0,64487424000000.0,85983232000000.0,5248000000.0,8192.0,8192.0,4096.0,4096.0,12288.0,16384.0,True,bench_json_metadata,True,logical_m16n16k16_input_bits_8192,ga102,"RTX 3090 FE dense FP16 Tensor Core peak, no sparsity",https://www.nvidia.com/content/dam/en-zz/Solutions/geforce/ampere/pdf/NVIDIA-ampere-GA102-GPU-Architecture-Whitepaper-V1.pdf,142.0,284.0,1024.0,1935.0,measured_avg_sm_clock_mhz,warp-level HMMA mma.sync.aligned.m16n8k16 pair -> logical m16n16k16,"dense FP16 Tensor Core HMMA normalization only; no sparsity, no WGMMA",162.47808,974.1639431576345,95.13319757398774,True,False,154.57059286082188,nan,219.21388188639736,nan,62.95,nan,nvml_total_energy_counter,unavailable,51.253887699209926,nan,178.48393461975027,nan,average_instant,average_instant,177.98666666666668,nan,233.17666666666665,nan,370.0,nan,62.95,0.0,11.696112300790077,nan,1.2281995147261848,nan,nan,nan,nan,nan,False,nan,nan,nan,nan,nan,nan,nan,nan,nan,3,0,0,0,1935.0,0.0,66.0,98.66666666666667,100.0,nan,nan,False,False,False,invalid_or_nonpositive_increment,launch_shape_tensor_mma_f16acc_t128_b01_rep009_test_5ce316c9,launch_shape_tensor_mma_f16acc_t128_b01_rep009_baseline_caf55acb,results/diagnostic_fp16_launch_shape_rtx3090_20260602_125100/raw/launch_shape_tensor_mma_f16acc_t128_b01_rep009_test_5ce316c9/power.csv,results/diagnostic_fp16_launch_shape_rtx3090_20260602_125100/raw/launch_shape_tensor_mma_f16acc_t128_b01_rep009_baseline_caf55acb/power.csv,results/diagnostic_fp16_launch_shape_rtx3090_20260602_125100/raw/launch_shape_tensor_mma_f16acc_t128_b01_rep009_test_5ce316c9/sm_util.csv,results/diagnostic_fp16_launch_shape_rtx3090_20260602_125100/raw/launch_shape_tensor_mma_f16acc_t128_b01_rep009_baseline_caf55acb/sm_util.csv
launch_shape_tensor_mma_f16acc_t128_b02,0,0,NVIDIA GeForce RTX 3090,ampere,ga102,consumer,86,82,benchmark uses warp-level HMMA mma.sync m16n8k16 pairs,False,False,tensor_core_mma_m16n16k16_f16acc,fp16-energy-bench-v2,fp16-energy-bench-v2,"nvml_timed_energy_counter,explicit_m16n16k16_denominator,strict_denominator_provenance,tensor_no_memory_warpsync_baseline","nvml_timed_energy_counter,explicit_m16n16k16_denominator,strict_denominator_provenance,tensor_no_memory_warpsync_baseline",d46eadcde2d6,d46eadcde2d6,tensor_mma_f16acc,tensor_baseline_mov,164,128,256.0,2,1000000,8,0.532916992188,0.0667913589478,85983232000000.0,0.0,0.0,85983232000000.0,42991616000000.0,42991616000000.0,128974848000000.0,171966464000000.0,10496000000.0,8192.0,8192.0,4096.0,4096.0,12288.0,16384.0,True,bench_json_metadata,True,logical_m16n16k16_input_bits_8192,ga102,"RTX 3090 FE dense FP16 Tensor Core peak, no sparsity",https://www.nvidia.com/content/dam/en-zz/Solutions/geforce/ampere/pdf/NVIDIA-ampere-GA102-GPU-Architecture-Whitepaper-V1.pdf,142.0,284.0,1024.0,1950.0,measured_avg_sm_clock_mhz,warp-level HMMA mma.sync.aligned.m16n8k16 pair -> logical m16n16k16,"dense FP16 Tensor Core HMMA normalization only; no sparsity, no WGMMA",163.7376,1009.0338456717546,98.53846149138231,True,False,161.34451192291357,nan,172.80123613574764,nan,94.941,nan,nvml_total_energy_counter,unavailable,106.72968554067195,nan,194.25771367278355,nan,average_instant,average_instant,193.56,nan,223.72,nan,370.0,nan,94.941,0.0,-11.788685540671949,nan,0.8895463292995501,nan,nan,nan,nan,nan,False,nan,nan,nan,nan,nan,nan,nan,nan,nan,4,0,1,0,1950.0,0.0,61.0,99.5,100.0,98.0,98.0,False,False,False,invalid_or_nonpositive_increment,launch_shape_tensor_mma_f16acc_t128_b02_rep000_test_74063772,launch_shape_tensor_mma_f16acc_t128_b02_rep000_baseline_91a3f64c,results/diagnostic_fp16_launch_shape_rtx3090_20260602_125100/raw/launch_shape_tensor_mma_f16acc_t128_b02_rep000_test_74063772/power.csv,results/diagnostic_fp16_launch_shape_rtx3090_20260602_125100/raw/launch_shape_tensor_mma_f16acc_t128_b02_rep000_baseline_91a3f64c/power.csv,results/diagnostic_fp16_launch_shape_rtx3090_20260602_125100/raw/launch_shape_tensor_mma_f16acc_t128_b02_rep000_test_74063772/sm_util.csv,results/diagnostic_fp16_launch_shape_rtx3090_20260602_125100/raw/launch_shape_tensor_mma_f16acc_t128_b02_rep000_baseline_91a3f64c/sm_util.csv
launch_shape_tensor_mma_f16acc_t128_b02,1,1,NVIDIA GeForce RTX 3090,ampere,ga102,consumer,86,82,benchmark uses warp-level HMMA mma.sync m16n8k16 pairs,False,False,tensor_core_mma_m16n16k16_f16acc,fp16-energy-bench-v2,fp16-energy-bench-v2,"nvml_timed_energy_counter,explicit_m16n16k16_denominator,strict_denominator_provenance,tensor_no_memory_warpsync_baseline","nvml_timed_energy_counter,explicit_m16n16k16_denominator,strict_denominator_provenance,tensor_no_memory_warpsync_baseline",d46eadcde2d6,d46eadcde2d6,tensor_mma_f16acc,tensor_baseline_mov,164,128,256.0,2,1000000,8,0.5369077758790001,0.06735974121089999,85983232000000.0,0.0,0.0,85983232000000.0,42991616000000.0,42991616000000.0,128974848000000.0,171966464000000.0,10496000000.0,8192.0,8192.0,4096.0,4096.0,12288.0,16384.0,True,bench_json_metadata,True,logical_m16n16k16_input_bits_8192,ga102,"RTX 3090 FE dense FP16 Tensor Core peak, no sparsity",https://www.nvidia.com/content/dam/en-zz/Solutions/geforce/ampere/pdf/NVIDIA-ampere-GA102-GPU-Architecture-Whitepaper-V1.pdf,142.0,284.0,1024.0,1935.0,measured_avg_sm_clock_mhz,warp-level HMMA mma.sync.aligned.m16n8k16 pair -> logical m16n16k16,"dense FP16 Tensor Core HMMA normalization only; no sparsity, no WGMMA",162.47808,1009.2976223242334,98.56422093010092,True,False,160.14525373418613,nan,228.74644450022316,161.34770951599816,126.624,11.259,nvml_total_energy_counter,nvml_total_energy_counter,110.29425492713621,nan,199.24673571663845,nan,average_instant,average_instant,199.8675,nan,228.7925,nan,370.0,nan,126.624,11.259,16.329745072863787,nan,1.148056171045824,nan,86.62883985940555,0.6841423415735212,0.3158576584264788,0.7053561416813224,True,67.398734984225,39.99516014059445,0.4651506952029258,0.4208600218405188,nan,nan,0.4651506952029258,0.31010046346861714,0.2325753476014629,4,0,1,0,1935.0,0.0,65.0,98.0,100.0,96.0,96.0,True,True,True,pure_fp16_candidate_no_l2,launch_shape_tensor_mma_f16acc_t128_b02_rep001_test_f8186c7c,launch_shape_tensor_mma_f16acc_t128_b02_rep001_baseline_cf2cee28,results/diagnostic_fp16_launch_shape_rtx3090_20260602_125100/raw/launch_shape_tensor_mma_f16acc_t128_b02_rep001_test_f8186c7c/power.csv,results/diagnostic_fp16_launch_shape_rtx3090_20260602_125100/raw/launch_shape_tensor_mma_f16acc_t128_b02_rep001_baseline_cf2cee28/power.csv,results/diagnostic_fp16_launch_shape_rtx3090_20260602_125100/raw/launch_shape_tensor_mma_f16acc_t128_b02_rep001_test_f8186c7c/sm_util.csv,results/diagnostic_fp16_launch_shape_rtx3090_20260602_125100/raw/launch_shape_tensor_mma_f16acc_t128_b02_rep001_baseline_cf2cee28/sm_util.csv
launch_shape_tensor_mma_f16acc_t128_b02,2,2,NVIDIA GeForce RTX 3090,ampere,ga102,consumer,86,82,benchmark uses warp-level HMMA mma.sync m16n8k16 pairs,False,False,tensor_core_mma_m16n16k16_f16acc,fp16-energy-bench-v2,fp16-energy-bench-v2,"nvml_timed_energy_counter,explicit_m16n16k16_denominator,strict_denominator_provenance,tensor_no_memory_warpsync_baseline","nvml_timed_energy_counter,explicit_m16n16k16_denominator,strict_denominator_provenance,tensor_no_memory_warpsync_baseline",d46eadcde2d6,d46eadcde2d6,tensor_mma_f16acc,tensor_baseline_mov,164,128,256.0,2,1000000,8,0.5392493896480001,0.06778880310060001,85983232000000.0,0.0,0.0,85983232000000.0,42991616000000.0,42991616000000.0,128974848000000.0,171966464000000.0,10496000000.0,8192.0,8192.0,4096.0,4096.0,12288.0,16384.0,True,bench_json_metadata,True,logical_m16n16k16_input_bits_8192,ga102,"RTX 3090 FE dense FP16 Tensor Core peak, no sparsity",https://www.nvidia.com/content/dam/en-zz/Solutions/geforce/ampere/pdf/NVIDIA-ampere-GA102-GPU-Architecture-Whitepaper-V1.pdf,142.0,284.0,1024.0,1935.0,measured_avg_sm_clock_mhz,warp-level HMMA mma.sync.aligned.m16n8k16 pair -> logical m16n16k16,"dense FP16 Tensor Core HMMA normalization only; no sparsity, no WGMMA",162.47808,1004.9148909668627,98.13621982098267,True,False,159.4498457497121,nan,186.25951665247902,169.1617466930138,103.521,11.887,nvml_total_energy_counter,nvml_total_energy_counter,111.58846028958492,nan,200.77484450046305,nan,average_instant,average_instant,200.79,nan,231.055,nan,370.0,nan,103.521,11.887,-8.067460289584915,nan,0.9277034536667239,nan,91.22036865599729,0.8811774292751934,0.11882257072480666,0.9082045832247807,True,17.09776995946521,12.30063134400271,0.14305849010191557,0.1072297679503781,nan,nan,0.14305849010191557,0.09537232673461038,0.07152924505095778,4,0,1,0,1935.0,0.0,68.0,99.75,100.0,99.0,99.0,True,True,True,pure_fp16_candidate_no_l2,launch_shape_tensor_mma_f16acc_t128_b02_rep002_test_8f4c0fa5,launch_shape_tensor_mma_f16acc_t128_b02_rep002_baseline_fedab45c,results/diagnostic_fp16_launch_shape_rtx3090_20260602_125100/raw/launch_shape_tensor_mma_f16acc_t128_b02_rep002_test_8f4c0fa5/power.csv,results/diagnostic_fp16_launch_shape_rtx3090_20260602_125100/raw/launch_shape_tensor_mma_f16acc_t128_b02_rep002_baseline_fedab45c/power.csv,results/diagnostic_fp16_launch_shape_rtx3090_20260602_125100/raw/launch_shape_tensor_mma_f16acc_t128_b02_rep002_test_8f4c0fa5/sm_util.csv,results/diagnostic_fp16_launch_shape_rtx3090_20260602_125100/raw/launch_shape_tensor_mma_f16acc_t128_b02_rep002_baseline_fedab45c/sm_util.csv
launch_shape_tensor_mma_f16acc_t128_b02,3,3,NVIDIA GeForce RTX 3090,ampere,ga102,consumer,86,82,benchmark uses warp-level HMMA mma.sync m16n8k16 pairs,False,False,tensor_core_mma_m16n16k16_f16acc,fp16-energy-bench-v2,fp16-energy-bench-v2,"nvml_timed_energy_counter,explicit_m16n16k16_denominator,strict_denominator_provenance,tensor_no_memory_warpsync_baseline","nvml_timed_energy_counter,explicit_m16n16k16_denominator,strict_denominator_provenance,tensor_no_memory_warpsync_baseline",d46eadcde2d6,d46eadcde2d6,tensor_mma_f16acc,tensor_baseline_mov,164,128,256.0,2,1000000,8,0.5525238037110001,0.0677181472778,85983232000000.0,0.0,0.0,85983232000000.0,42991616000000.0,42991616000000.0,128974848000000.0,171966464000000.0,10496000000.0,8192.0,8192.0,4096.0,4096.0,12288.0,16384.0,True,bench_json_metadata,True,logical_m16n16k16_input_bits_8192,ga102,"RTX 3090 FE dense FP16 Tensor Core peak, no sparsity",https://www.nvidia.com/content/dam/en-zz/Solutions/geforce/ampere/pdf/NVIDIA-ampere-GA102-GPU-Architecture-Whitepaper-V1.pdf,142.0,284.0,1024.0,1935.0,measured_avg_sm_clock_mhz,warp-level HMMA mma.sync.aligned.m16n8k16 pair -> logical m16n16k16,"dense FP16 Tensor Core HMMA normalization only; no sparsity, no WGMMA",162.47808,980.771756732331,95.7784918683917,True,False,155.61905464071896,nan,218.71615112937758,nan,124.466,nan,nvml_total_energy_counter,unavailable,118.40044140103535,nan,208.05753246070302,nan,average_instant,average_instant,208.22600000000003,nan,231.87800000000001,nan,370.0,nan,124.466,0.0,6.065558598964643,nan,1.0512291890738812,nan,nan,nan,nan,nan,False,nan,nan,nan,nan,nan,nan,nan,nan,nan,5,0,1,0,1935.0,0.0,69.0,99.0,100.0,98.0,98.0,False,False,False,invalid_or_nonpositive_increment,launch_shape_tensor_mma_f16acc_t128_b02_rep003_test_65313c65,launch_shape_tensor_mma_f16acc_t128_b02_rep003_baseline_8e426fca,results/diagnostic_fp16_launch_shape_rtx3090_20260602_125100/raw/launch_shape_tensor_mma_f16acc_t128_b02_rep003_test_65313c65/power.csv,results/diagnostic_fp16_launch_shape_rtx3090_20260602_125100/raw/launch_shape_tensor_mma_f16acc_t128_b02_rep003_baseline_8e426fca/power.csv,results/diagnostic_fp16_launch_shape_rtx3090_20260602_125100/raw/launch_shape_tensor_mma_f16acc_t128_b02_rep003_test_65313c65/sm_util.csv,results/diagnostic_fp16_launch_shape_rtx3090_20260602_125100/raw/launch_shape_tensor_mma_f16acc_t128_b02_rep003_baseline_8e426fca/sm_util.csv
launch_shape_tensor_mma_f16acc_t128_b02,4,4,NVIDIA GeForce RTX 3090,ampere,ga102,consumer,86,82,benchmark uses warp-level HMMA mma.sync m16n8k16 pairs,False,False,tensor_core_mma_m16n16k16_f16acc,fp16-energy-bench-v2,fp16-energy-bench-v2,"nvml_timed_energy_counter,explicit_m16n16k16_denominator,strict_denominator_provenance,tensor_no_memory_warpsync_baseline","nvml_timed_energy_counter,explicit_m16n16k16_denominator,strict_denominator_provenance,tensor_no_memory_warpsync_baseline",d46eadcde2d6,d46eadcde2d6,tensor_mma_f16acc,tensor_baseline_mov,164,128,256.0,2,1000000,8,0.5390282592769999,0.0679925765991,85983232000000.0,0.0,0.0,85983232000000.0,42991616000000.0,42991616000000.0,128974848000000.0,171966464000000.0,10496000000.0,8192.0,8192.0,4096.0,4096.0,12288.0,16384.0,True,bench_json_metadata,True,logical_m16n16k16_input_bits_8192,ga102,"RTX 3090 FE dense FP16 Tensor Core peak, no sparsity",https://www.nvidia.com/content/dam/en-zz/Solutions/geforce/ampere/pdf/NVIDIA-ampere-GA102-GPU-Architecture-Whitepaper-V1.pdf,142.0,284.0,1024.0,1935.0,measured_avg_sm_clock_mhz,warp-level HMMA mma.sync.aligned.m16n8k16 pair -> logical m16n16k16,"dense FP16 Tensor Core HMMA normalization only; no sparsity, no WGMMA",162.47808,1005.3271461665457,98.17647911782673,True,False,159.5152582822458,nan,231.27287893228691,nan,128.537,nan,nvml_total_energy_counter,unavailable,115.3526853067981,nan,207.55072565466213,nan,average_instant,average_instant,208.198,nan,233.83,nan,370.0,nan,128.537,0.0,13.184314693201912,nan,1.114295689416646,nan,nan,nan,nan,nan,False,nan,nan,nan,nan,nan,nan,nan,nan,nan,5,0,1,0,1935.0,0.0,70.0,99.6,100.0,100.0,100.0,False,False,False,invalid_or_nonpositive_increment,launch_shape_tensor_mma_f16acc_t128_b02_rep004_test_7f4936d2,launch_shape_tensor_mma_f16acc_t128_b02_rep004_baseline_48e1632c,results/diagnostic_fp16_launch_shape_rtx3090_20260602_125100/raw/launch_shape_tensor_mma_f16acc_t128_b02_rep004_test_7f4936d2/power.csv,results/diagnostic_fp16_launch_shape_rtx3090_20260602_125100/raw/launch_shape_tensor_mma_f16acc_t128_b02_rep004_baseline_48e1632c/power.csv,results/diagnostic_fp16_launch_shape_rtx3090_20260602_125100/raw/launch_shape_tensor_mma_f16acc_t128_b02_rep004_test_7f4936d2/sm_util.csv,results/diagnostic_fp16_launch_shape_rtx3090_20260602_125100/raw/launch_shape_tensor_mma_f16acc_t128_b02_rep004_baseline_48e1632c/sm_util.csv
launch_shape_tensor_mma_f16acc_t128_b02,5,5,NVIDIA GeForce RTX 3090,ampere,ga102,consumer,86,82,benchmark uses warp-level HMMA mma.sync m16n8k16 pairs,False,False,tensor_core_mma_m16n16k16_f16acc,fp16-energy-bench-v2,fp16-energy-bench-v2,"nvml_timed_energy_counter,explicit_m16n16k16_denominator,strict_denominator_provenance,tensor_no_memory_warpsync_baseline","nvml_timed_energy_counter,explicit_m16n16k16_denominator,strict_denominator_provenance,tensor_no_memory_warpsync_baseline",d46eadcde2d6,d46eadcde2d6,tensor_mma_f16acc,tensor_baseline_mov,164,128,256.0,2,1000000,8,0.540575744629,0.0687278060913,85983232000000.0,0.0,0.0,85983232000000.0,42991616000000.0,42991616000000.0,128974848000000.0,171966464000000.0,10496000000.0,8192.0,8192.0,4096.0,4096.0,12288.0,16384.0,True,bench_json_metadata,True,logical_m16n16k16_input_bits_8192,ga102,"RTX 3090 FE dense FP16 Tensor Core peak, no sparsity",https://www.nvidia.com/content/dam/en-zz/Solutions/geforce/ampere/pdf/NVIDIA-ampere-GA102-GPU-Architecture-Whitepaper-V1.pdf,142.0,284.0,1024.0,1935.0,measured_avg_sm_clock_mhz,warp-level HMMA mma.sync.aligned.m16n8k16 pair -> logical m16n16k16,"dense FP16 Tensor Core HMMA normalization only; no sparsity, no WGMMA",162.47808,1002.4492348874733,97.8954330944798,True,False,159.05862009959537,nan,227.66383462133706,nan,126.822,nan,nvml_total_energy_counter,unavailable,116.11970761201376,nan,208.45167171357897,nan,average_instant,average_instant,208.67,nan,234.442,nan,370.0,nan,126.822,0.0,10.702292387986247,nan,1.0921660294197897,nan,nan,nan,nan,nan,False,nan,nan,nan,nan,nan,nan,nan,nan,nan,5,0,1,0,1935.0,0.0,69.0,99.6,100.0,99.0,99.0,False,False,False,invalid_or_nonpositive_increment,launch_shape_tensor_mma_f16acc_t128_b02_rep005_test_b0a253c7,launch_shape_tensor_mma_f16acc_t128_b02_rep005_baseline_db8acb92,results/diagnostic_fp16_launch_shape_rtx3090_20260602_125100/raw/launch_shape_tensor_mma_f16acc_t128_b02_rep005_test_b0a253c7/power.csv,results/diagnostic_fp16_launch_shape_rtx3090_20260602_125100/raw/launch_shape_tensor_mma_f16acc_t128_b02_rep005_baseline_db8acb92/power.csv,results/diagnostic_fp16_launch_shape_rtx3090_20260602_125100/raw/launch_shape_tensor_mma_f16acc_t128_b02_rep005_test_b0a253c7/sm_util.csv,results/diagnostic_fp16_launch_shape_rtx3090_20260602_125100/raw/launch_shape_tensor_mma_f16acc_t128_b02_rep005_baseline_db8acb92/sm_util.csv
launch_shape_tensor_mma_f16acc_t128_b02,6,6,NVIDIA GeForce RTX 3090,ampere,ga102,consumer,86,82,benchmark uses warp-level HMMA mma.sync m16n8k16 pairs,False,False,tensor_core_mma_m16n16k16_f16acc,fp16-energy-bench-v2,fp16-energy-bench-v2,"nvml_timed_energy_counter,explicit_m16n16k16_denominator,strict_denominator_provenance,tensor_no_memory_warpsync_baseline","nvml_timed_energy_counter,explicit_m16n16k16_denominator,strict_denominator_provenance,tensor_no_memory_warpsync_baseline",d46eadcde2d6,d46eadcde2d6,tensor_mma_f16acc,tensor_baseline_mov,164,128,256.0,2,1000000,8,0.5399009399410001,0.0687257614136,85983232000000.0,0.0,0.0,85983232000000.0,42991616000000.0,42991616000000.0,128974848000000.0,171966464000000.0,10496000000.0,8192.0,8192.0,4096.0,4096.0,12288.0,16384.0,True,bench_json_metadata,True,logical_m16n16k16_input_bits_8192,ga102,"RTX 3090 FE dense FP16 Tensor Core peak, no sparsity",https://www.nvidia.com/content/dam/en-zz/Solutions/geforce/ampere/pdf/NVIDIA-ampere-GA102-GPU-Architecture-Whitepaper-V1.pdf,142.0,284.0,1024.0,1935.0,measured_avg_sm_clock_mhz,warp-level HMMA mma.sync.aligned.m16n8k16 pair -> logical m16n16k16,"dense FP16 Tensor Core HMMA normalization only; no sparsity, no WGMMA",162.47808,1003.7021636992993,98.0177894237597,True,False,159.25742231416783,nan,189.3409251195183,168.82945090671888,104.909,12.107,nvml_total_energy_counter,nvml_total_energy_counter,113.61959842031747,nan,205.06190962273084,nan,average_instant,average_instant,204.76999999999998,nan,235.7575,nan,370.0,nan,104.909,12.107,-8.710598420317467,nan,0.923335423277118,nan,91.15117923426045,0.8688594804474397,0.13114051955256034,0.891669092670526,True,20.511474212799413,13.757820765739552,0.16000585748788268,0.12879446317005142,nan,nan,0.16000585748788268,0.10667057165858845,0.08000292874394134,4,0,1,0,1935.0,0.0,70.0,99.5,100.0,98.0,98.0,True,True,True,pure_fp16_candidate_no_l2,launch_shape_tensor_mma_f16acc_t128_b02_rep006_test_3ca2815e,launch_shape_tensor_mma_f16acc_t128_b02_rep006_baseline_269a4c49,results/diagnostic_fp16_launch_shape_rtx3090_20260602_125100/raw/launch_shape_tensor_mma_f16acc_t128_b02_rep006_test_3ca2815e/power.csv,results/diagnostic_fp16_launch_shape_rtx3090_20260602_125100/raw/launch_shape_tensor_mma_f16acc_t128_b02_rep006_baseline_269a4c49/power.csv,results/diagnostic_fp16_launch_shape_rtx3090_20260602_125100/raw/launch_shape_tensor_mma_f16acc_t128_b02_rep006_test_3ca2815e/sm_util.csv,results/diagnostic_fp16_launch_shape_rtx3090_20260602_125100/raw/launch_shape_tensor_mma_f16acc_t128_b02_rep006_baseline_269a4c49/sm_util.csv
launch_shape_tensor_mma_f16acc_t128_b02,7,7,NVIDIA GeForce RTX 3090,ampere,ga102,consumer,86,82,benchmark uses warp-level HMMA mma.sync m16n8k16 pairs,False,False,tensor_core_mma_m16n16k16_f16acc,fp16-energy-bench-v2,fp16-energy-bench-v2,"nvml_timed_energy_counter,explicit_m16n16k16_denominator,strict_denominator_provenance,tensor_no_memory_warpsync_baseline","nvml_timed_energy_counter,explicit_m16n16k16_denominator,strict_denominator_provenance,tensor_no_memory_warpsync_baseline",d46eadcde2d6,d46eadcde2d6,tensor_mma_f16acc,tensor_baseline_mov,164,128,256.0,2,1000000,8,0.538842773438,0.0677191696167,85983232000000.0,0.0,0.0,85983232000000.0,42991616000000.0,42991616000000.0,128974848000000.0,171966464000000.0,10496000000.0,8192.0,8192.0,4096.0,4096.0,12288.0,16384.0,True,bench_json_metadata,True,logical_m16n16k16_input_bits_8192,ga102,"RTX 3090 FE dense FP16 Tensor Core peak, no sparsity",https://www.nvidia.com/content/dam/en-zz/Solutions/geforce/ampere/pdf/NVIDIA-ampere-GA102-GPU-Architecture-Whitepaper-V1.pdf,142.0,284.0,1024.0,1935.0,measured_avg_sm_clock_mhz,warp-level HMMA mma.sync.aligned.m16n8k16 pair -> logical m16n16k16,"dense FP16 Tensor Core HMMA normalization only; no sparsity, no WGMMA",162.47808,1005.6732099134645,98.21027440561176,True,False,159.5701682169694,nan,188.29683050727192,150.69174172302922,104.606,10.562,nvml_total_energy_counter,nvml_total_energy_counter,115.98530634648603,nan,208.7802379448434,nan,average_instant,average_instant,208.814,nan,230.308,nan,370.0,nan,104.606,10.562,-11.379306346486032,nan,0.9018901039715124,nan,81.19915604423986,0.776238036482036,0.22376196351796399,0.8002882540139707,True,37.605088784242696,23.406843955760138,0.2722256818138697,0.2356649065701969,nan,nan,0.2722256818138697,0.1814837878759131,0.13611284090693485,5,0,1,0,1935.0,0.0,70.0,99.6,100.0,98.0,98.0,True,True,True,pure_fp16_candidate_no_l2,launch_shape_tensor_mma_f16acc_t128_b02_rep007_test_46873c0d,launch_shape_tensor_mma_f16acc_t128_b02_rep007_baseline_c1e5663c,results/diagnostic_fp16_launch_shape_rtx3090_20260602_125100/raw/launch_shape_tensor_mma_f16acc_t128_b02_rep007_test_46873c0d/power.csv,results/diagnostic_fp16_launch_shape_rtx3090_20260602_125100/raw/launch_shape_tensor_mma_f16acc_t128_b02_rep007_baseline_c1e5663c/power.csv,results/diagnostic_fp16_launch_shape_rtx3090_20260602_125100/raw/launch_shape_tensor_mma_f16acc_t128_b02_rep007_test_46873c0d/sm_util.csv,results/diagnostic_fp16_launch_shape_rtx3090_20260602_125100/raw/launch_shape_tensor_mma_f16acc_t128_b02_rep007_baseline_c1e5663c/sm_util.csv
launch_shape_tensor_mma_f16acc_t128_b02,8,8,NVIDIA GeForce RTX 3090,ampere,ga102,consumer,86,82,benchmark uses warp-level HMMA mma.sync m16n8k16 pairs,False,False,tensor_core_mma_m16n16k16_f16acc,fp16-energy-bench-v2,fp16-energy-bench-v2,"nvml_timed_energy_counter,explicit_m16n16k16_denominator,strict_denominator_provenance,tensor_no_memory_warpsync_baseline","nvml_timed_energy_counter,explicit_m16n16k16_denominator,strict_denominator_provenance,tensor_no_memory_warpsync_baseline",d46eadcde2d6,d46eadcde2d6,tensor_mma_f16acc,tensor_baseline_mov,164,128,256.0,2,1000000,8,0.5390725097660001,0.0677148513794,85983232000000.0,0.0,0.0,85983232000000.0,42991616000000.0,42991616000000.0,128974848000000.0,171966464000000.0,10496000000.0,8192.0,8192.0,4096.0,4096.0,12288.0,16384.0,True,bench_json_metadata,True,logical_m16n16k16_input_bits_8192,ga102,"RTX 3090 FE dense FP16 Tensor Core peak, no sparsity",https://www.nvidia.com/content/dam/en-zz/Solutions/geforce/ampere/pdf/NVIDIA-ampere-GA102-GPU-Architecture-Whitepaper-V1.pdf,142.0,284.0,1024.0,1935.0,measured_avg_sm_clock_mhz,warp-level HMMA mma.sync.aligned.m16n8k16 pair -> logical m16n16k16,"dense FP16 Tensor Core HMMA normalization only; no sparsity, no WGMMA",162.47808,1005.2446225412131,98.16842017004032,True,False,159.50216425861427,nan,196.40837567984892,nan,109.172,nan,nvml_total_energy_counter,unavailable,114.76354385325108,nan,206.46797013410173,nan,average_instant,average_instant,205.7375,nan,236.395,nan,370.0,nan,109.172,0.0,-5.591543853251082,nan,0.951277699646492,nan,nan,nan,nan,nan,False,nan,nan,nan,nan,nan,nan,nan,nan,nan,4,0,1,0,1935.0,0.0,69.0,99.75,100.0,99.0,99.0,False,False,False,invalid_or_nonpositive_increment,launch_shape_tensor_mma_f16acc_t128_b02_rep008_test_af35115c,launch_shape_tensor_mma_f16acc_t128_b02_rep008_baseline_33a9e206,results/diagnostic_fp16_launch_shape_rtx3090_20260602_125100/raw/launch_shape_tensor_mma_f16acc_t128_b02_rep008_test_af35115c/power.csv,results/diagnostic_fp16_launch_shape_rtx3090_20260602_125100/raw/launch_shape_tensor_mma_f16acc_t128_b02_rep008_baseline_33a9e206/power.csv,results/diagnostic_fp16_launch_shape_rtx3090_20260602_125100/raw/launch_shape_tensor_mma_f16acc_t128_b02_rep008_test_af35115c/sm_util.csv,results/diagnostic_fp16_launch_shape_rtx3090_20260602_125100/raw/launch_shape_tensor_mma_f16acc_t128_b02_rep008_baseline_33a9e206/sm_util.csv
launch_shape_tensor_mma_f16acc_t128_b02,9,9,NVIDIA GeForce RTX 3090,ampere,ga102,consumer,86,82,benchmark uses warp-level HMMA mma.sync m16n8k16 pairs,False,False,tensor_core_mma_m16n16k16_f16acc,fp16-energy-bench-v2,fp16-energy-bench-v2,"nvml_timed_energy_counter,explicit_m16n16k16_denominator,strict_denominator_provenance,tensor_no_memory_warpsync_baseline","nvml_timed_energy_counter,explicit_m16n16k16_denominator,strict_denominator_provenance,tensor_no_memory_warpsync_baseline",d46eadcde2d6,d46eadcde2d6,tensor_mma_f16acc,tensor_baseline_mov,164,128,256.0,2,1000000,8,0.539073181152,0.06774886322019999,85983232000000.0,0.0,0.0,85983232000000.0,42991616000000.0,42991616000000.0,128974848000000.0,171966464000000.0,10496000000.0,8192.0,8192.0,4096.0,4096.0,12288.0,16384.0,True,bench_json_metadata,True,logical_m16n16k16_input_bits_8192,ga102,"RTX 3090 FE dense FP16 Tensor Core peak, no sparsity",https://www.nvidia.com/content/dam/en-zz/Solutions/geforce/ampere/pdf/NVIDIA-ampere-GA102-GPU-Architecture-Whitepaper-V1.pdf,142.0,284.0,1024.0,1935.0,measured_avg_sm_clock_mhz,warp-level HMMA mma.sync.aligned.m16n8k16 pair -> logical m16n16k16,"dense FP16 Tensor Core HMMA normalization only; no sparsity, no WGMMA",162.47808,1005.2433705643208,98.16829790667195,True,False,159.50196560744078,nan,226.52332555199072,224.17254108033848,125.897,15.716,nvml_total_energy_counter,nvml_total_energy_counter,114.24446913732008,nan,205.5572180028715,nan,average_instant,average_instant,206.23000000000002,nan,235.42000000000002,nan,370.0,nan,125.897,15.716,11.652530862679924,nan,1.1019964550640413,nan,120.84540484710546,0.9598751745244561,0.04012482547554389,0.9896223293299978,True,2.350784471652247,5.051595152894549,0.05875093358777847,0.014738279009287536,nan,nan,0.05875093358777847,0.03916728905851898,0.029375466793889235,4,0,1,0,1935.0,0.0,71.0,99.5,100.0,99.0,99.0,True,True,True,pure_fp16_candidate_no_l2,launch_shape_tensor_mma_f16acc_t128_b02_rep009_test_2c801f74,launch_shape_tensor_mma_f16acc_t128_b02_rep009_baseline_ab62a289,results/diagnostic_fp16_launch_shape_rtx3090_20260602_125100/raw/launch_shape_tensor_mma_f16acc_t128_b02_rep009_test_2c801f74/power.csv,results/diagnostic_fp16_launch_shape_rtx3090_20260602_125100/raw/launch_shape_tensor_mma_f16acc_t128_b02_rep009_baseline_ab62a289/power.csv,results/diagnostic_fp16_launch_shape_rtx3090_20260602_125100/raw/launch_shape_tensor_mma_f16acc_t128_b02_rep009_test_2c801f74/sm_util.csv,results/diagnostic_fp16_launch_shape_rtx3090_20260602_125100/raw/launch_shape_tensor_mma_f16acc_t128_b02_rep009_baseline_ab62a289/sm_util.csv
launch_shape_tensor_mma_f16acc_t128_b04,0,0,NVIDIA GeForce RTX 3090,ampere,ga102,consumer,86,82,benchmark uses warp-level HMMA mma.sync m16n8k16 pairs,False,False,tensor_core_mma_m16n16k16_f16acc,fp16-energy-bench-v2,fp16-energy-bench-v2,"nvml_timed_energy_counter,explicit_m16n16k16_denominator,strict_denominator_provenance,tensor_no_memory_warpsync_baseline","nvml_timed_energy_counter,explicit_m16n16k16_denominator,strict_denominator_provenance,tensor_no_memory_warpsync_baseline",d46eadcde2d6,d46eadcde2d6,tensor_mma_f16acc,tensor_baseline_mov,328,128,512.0,4,1000000,8,1.06909069824,0.0697640991211,171966464000000.0,0.0,0.0,171966464000000.0,85983232000000.0,85983232000000.0,257949696000000.0,343932928000000.0,20992000000.0,8192.0,8192.0,4096.0,4096.0,12288.0,16384.0,True,bench_json_metadata,True,logical_m16n16k16_input_bits_8192,ga102,"RTX 3090 FE dense FP16 Tensor Core peak, no sparsity",https://www.nvidia.com/content/dam/en-zz/Solutions/geforce/ampere/pdf/NVIDIA-ampere-GA102-GPU-Architecture-Whitepaper-V1.pdf,142.0,284.0,1024.0,1936.875,measured_avg_sm_clock_mhz,warp-level HMMA mma.sync.aligned.m16n8k16 pair -> logical m16n16k16,"dense FP16 Tensor Core HMMA normalization only; no sparsity, no WGMMA",162.63552,1012.7768470280281,98.90398896758086,True,False,160.85301675816777,nan,188.16281462658878,250.77065555508955,207.22,18.124,nvml_total_energy_counter,nvml_total_energy_counter,246.8442789671174,nan,224.1430089032124,nan,average_instant,average_instant,223.9475,nan,225.36375,nan,370.0,nan,207.22,18.124,-39.62427896711739,nan,0.8394766160555991,nan,268.09657524549317,1.2937775081820924,-0.2937775081820923,1.332732272594597,True,-62.607840928500764,-60.87657524549317,-0.3540025992829228,-0.3892239150393284,nan,nan,-0.3540025992829228,-0.23600173285528186,-0.1770012996414614,8,0,1,0,1936.875,15.0,63.0,99.5,100.0,100.0,100.0,False,False,False,invalid_or_nonpositive_increment,launch_shape_tensor_mma_f16acc_t128_b04_rep000_test_3a7a874a,launch_shape_tensor_mma_f16acc_t128_b04_rep000_baseline_976562b0,results/diagnostic_fp16_launch_shape_rtx3090_20260602_125100/raw/launch_shape_tensor_mma_f16acc_t128_b04_rep000_test_3a7a874a/power.csv,results/diagnostic_fp16_launch_shape_rtx3090_20260602_125100/raw/launch_shape_tensor_mma_f16acc_t128_b04_rep000_baseline_976562b0/power.csv,results/diagnostic_fp16_launch_shape_rtx3090_20260602_125100/raw/launch_shape_tensor_mma_f16acc_t128_b04_rep000_test_3a7a874a/sm_util.csv,results/diagnostic_fp16_launch_shape_rtx3090_20260602_125100/raw/launch_shape_tensor_mma_f16acc_t128_b04_rep000_baseline_976562b0/sm_util.csv
launch_shape_tensor_mma_f16acc_t128_b04,1,1,NVIDIA GeForce RTX 3090,ampere,ga102,consumer,86,82,benchmark uses warp-level HMMA mma.sync m16n8k16 pairs,False,False,tensor_core_mma_m16n16k16_f16acc,fp16-energy-bench-v2,fp16-energy-bench-v2,"nvml_timed_energy_counter,explicit_m16n16k16_denominator,strict_denominator_provenance,tensor_no_memory_warpsync_baseline","nvml_timed_energy_counter,explicit_m16n16k16_denominator,strict_denominator_provenance,tensor_no_memory_warpsync_baseline",d46eadcde2d6,d46eadcde2d6,tensor_mma_f16acc,tensor_baseline_mov,328,128,512.0,4,1000000,8,1.0742978515600001,0.07115273284910001,171966464000000.0,0.0,0.0,171966464000000.0,85983232000000.0,85983232000000.0,257949696000000.0,343932928000000.0,20992000000.0,8192.0,8192.0,4096.0,4096.0,12288.0,16384.0,True,bench_json_metadata,True,logical_m16n16k16_input_bits_8192,ga102,"RTX 3090 FE dense FP16 Tensor Core peak, no sparsity",https://www.nvidia.com/content/dam/en-zz/Solutions/geforce/ampere/pdf/NVIDIA-ampere-GA102-GPU-Architecture-Whitepaper-V1.pdf,142.0,284.0,1024.0,1935.0,measured_avg_sm_clock_mhz,warp-level HMMA mma.sync.aligned.m16n8k16 pair -> logical m16n16k16,"dense FP16 Tensor Core HMMA normalization only; no sparsity, no WGMMA",162.47808,1008.844503998902,98.51997109364277,True,False,160.07335744950578,nan,209.0388823781203,nan,231.293,nan,nvml_total_energy_counter,unavailable,254.54061199445192,nan,230.04969908800953,nan,average_instant,average_instant,229.68444444444444,nan,231.95333333333332,nan,370.0,nan,231.293,0.0,-23.247611994451916,nan,0.908668358214843,nan,nan,nan,nan,nan,False,nan,nan,nan,nan,nan,nan,nan,nan,nan,9,0,1,0,1935.0,0.0,67.0,99.88888888888889,100.0,100.0,100.0,False,False,False,invalid_or_nonpositive_increment,launch_shape_tensor_mma_f16acc_t128_b04_rep001_test_621d377e,launch_shape_tensor_mma_f16acc_t128_b04_rep001_baseline_828bcbf4,results/diagnostic_fp16_launch_shape_rtx3090_20260602_125100/raw/launch_shape_tensor_mma_f16acc_t128_b04_rep001_test_621d377e/power.csv,results/diagnostic_fp16_launch_shape_rtx3090_20260602_125100/raw/launch_shape_tensor_mma_f16acc_t128_b04_rep001_baseline_828bcbf4/power.csv,results/diagnostic_fp16_launch_shape_rtx3090_20260602_125100/raw/launch_shape_tensor_mma_f16acc_t128_b04_rep001_test_621d377e/sm_util.csv,results/diagnostic_fp16_launch_shape_rtx3090_20260602_125100/raw/launch_shape_tensor_mma_f16acc_t128_b04_rep001_baseline_828bcbf4/sm_util.csv
launch_shape_tensor_mma_f16acc_t128_b04,2,2,NVIDIA GeForce RTX 3090,ampere,ga102,consumer,86,82,benchmark uses warp-level HMMA mma.sync m16n8k16 pairs,False,False,tensor_core_mma_m16n16k16_f16acc,fp16-energy-bench-v2,fp16-energy-bench-v2,"nvml_timed_energy_counter,explicit_m16n16k16_denominator,strict_denominator_provenance,tensor_no_memory_warpsync_baseline","nvml_timed_energy_counter,explicit_m16n16k16_denominator,strict_denominator_provenance,tensor_no_memory_warpsync_baseline",d46eadcde2d6,d46eadcde2d6,tensor_mma_f16acc,tensor_baseline_mov,328,128,512.0,4,1000000,8,1.07786962891,0.0697967987061,171966464000000.0,0.0,0.0,171966464000000.0,85983232000000.0,85983232000000.0,257949696000000.0,343932928000000.0,20992000000.0,8192.0,8192.0,4096.0,4096.0,12288.0,16384.0,True,bench_json_metadata,True,logical_m16n16k16_input_bits_8192,ga102,"RTX 3090 FE dense FP16 Tensor Core peak, no sparsity",https://www.nvidia.com/content/dam/en-zz/Solutions/geforce/ampere/pdf/NVIDIA-ampere-GA102-GPU-Architecture-Whitepaper-V1.pdf,142.0,284.0,1024.0,1935.0,measured_avg_sm_clock_mhz,warp-level HMMA mma.sync.aligned.m16n8k16 pair -> logical m16n16k16,"dense FP16 Tensor Core HMMA normalization only; no sparsity, no WGMMA",162.47808,1005.5014578155718,98.19350173980193,True,False,159.54291631159677,nan,187.61535523266446,260.18575477464975,208.293,18.828,nvml_total_energy_counter,nvml_total_energy_counter,257.5053324530607,nan,231.94228525435966,nan,average_instant,average_instant,231.8044444444444,nan,232.79888888888888,nan,370.0,nan,208.293,18.828,-49.2123324530607,nan,0.8088881034646871,nan,280.44632294662,1.3464030137672414,-0.3464030137672413,1.3868041581777233,True,-72.5703995419853,-72.15332294662,-0.41957787157047083,-0.45486444161676853,nan,nan,-0.41957787157047083,-0.27971858104698055,-0.20978893578523541,9,0,1,0,1935.0,0.0,69.0,99.77777777777777,100.0,100.0,100.0,False,False,False,invalid_or_nonpositive_increment,launch_shape_tensor_mma_f16acc_t128_b04_rep002_test_d1ee18c1,launch_shape_tensor_mma_f16acc_t128_b04_rep002_baseline_340a7fa5,results/diagnostic_fp16_launch_shape_rtx3090_20260602_125100/raw/launch_shape_tensor_mma_f16acc_t128_b04_rep002_test_d1ee18c1/power.csv,results/diagnostic_fp16_launch_shape_rtx3090_20260602_125100/raw/launch_shape_tensor_mma_f16acc_t128_b04_rep002_baseline_340a7fa5/power.csv,results/diagnostic_fp16_launch_shape_rtx3090_20260602_125100/raw/launch_shape_tensor_mma_f16acc_t128_b04_rep002_test_d1ee18c1/sm_util.csv,results/diagnostic_fp16_launch_shape_rtx3090_20260602_125100/raw/launch_shape_tensor_mma_f16acc_t128_b04_rep002_baseline_340a7fa5/sm_util.csv
launch_shape_tensor_mma_f16acc_t128_b04,3,3,NVIDIA GeForce RTX 3090,ampere,ga102,consumer,86,82,benchmark uses warp-level HMMA mma.sync m16n8k16 pairs,False,False,tensor_core_mma_m16n16k16_f16acc,fp16-energy-bench-v2,fp16-energy-bench-v2,"nvml_timed_energy_counter,explicit_m16n16k16_denominator,strict_denominator_provenance,tensor_no_memory_warpsync_baseline","nvml_timed_energy_counter,explicit_m16n16k16_denominator,strict_denominator_provenance,tensor_no_memory_warpsync_baseline",d46eadcde2d6,d46eadcde2d6,tensor_mma_f16acc,tensor_baseline_mov,328,128,512.0,4,1000000,8,1.0778388671899999,0.07084236907960001,171966464000000.0,0.0,0.0,171966464000000.0,85983232000000.0,85983232000000.0,257949696000000.0,343932928000000.0,20992000000.0,8192.0,8192.0,4096.0,4096.0,12288.0,16384.0,True,bench_json_metadata,True,logical_m16n16k16_input_bits_8192,ga102,"RTX 3090 FE dense FP16 Tensor Core peak, no sparsity",https://www.nvidia.com/content/dam/en-zz/Solutions/geforce/ampere/pdf/NVIDIA-ampere-GA102-GPU-Architecture-Whitepaper-V1.pdf,142.0,284.0,1024.0,1935.0,measured_avg_sm_clock_mhz,warp-level HMMA mma.sync.aligned.m16n8k16 pair -> logical m16n16k16,"dense FP16 Tensor Core HMMA normalization only; no sparsity, no WGMMA",162.47808,1005.530155012571,98.19630420044638,True,False,159.54746969584463,nan,208.92858105671007,nan,231.839,nan,nvml_total_energy_counter,unavailable,259.31343579618937,nan,233.68798256478908,nan,average_instant,average_instant,233.66555555555553,nan,234.19,nan,370.0,nan,231.839,0.0,-27.47443579618937,nan,0.8940493163733203,nan,nan,nan,nan,nan,False,nan,nan,nan,nan,nan,nan,nan,nan,nan,9,0,1,0,1935.0,0.0,70.0,99.55555555555556,100.0,100.0,100.0,False,False,False,invalid_or_nonpositive_increment,launch_shape_tensor_mma_f16acc_t128_b04_rep003_test_7ad70efe,launch_shape_tensor_mma_f16acc_t128_b04_rep003_baseline_cd9ea90c,results/diagnostic_fp16_launch_shape_rtx3090_20260602_125100/raw/launch_shape_tensor_mma_f16acc_t128_b04_rep003_test_7ad70efe/power.csv,results/diagnostic_fp16_launch_shape_rtx3090_20260602_125100/raw/launch_shape_tensor_mma_f16acc_t128_b04_rep003_baseline_cd9ea90c/power.csv,results/diagnostic_fp16_launch_shape_rtx3090_20260602_125100/raw/launch_shape_tensor_mma_f16acc_t128_b04_rep003_test_7ad70efe/sm_util.csv,results/diagnostic_fp16_launch_shape_rtx3090_20260602_125100/raw/launch_shape_tensor_mma_f16acc_t128_b04_rep003_baseline_cd9ea90c/sm_util.csv
launch_shape_tensor_mma_f16acc_t128_b04,4,4,NVIDIA GeForce RTX 3090,ampere,ga102,consumer,86,82,benchmark uses warp-level HMMA mma.sync m16n8k16 pairs,False,False,tensor_core_mma_m16n16k16_f16acc,fp16-energy-bench-v2,fp16-energy-bench-v2,"nvml_timed_energy_counter,explicit_m16n16k16_denominator,strict_denominator_provenance,tensor_no_memory_warpsync_baseline","nvml_timed_energy_counter,explicit_m16n16k16_denominator,strict_denominator_provenance,tensor_no_memory_warpsync_baseline",d46eadcde2d6,d46eadcde2d6,tensor_mma_f16acc,tensor_baseline_mov,328,128,512.0,4,1000000,8,1.07898669434,0.0708290557861,171966464000000.0,0.0,0.0,171966464000000.0,85983232000000.0,85983232000000.0,257949696000000.0,343932928000000.0,20992000000.0,8192.0,8192.0,4096.0,4096.0,12288.0,16384.0,True,bench_json_metadata,True,logical_m16n16k16_input_bits_8192,ga102,"RTX 3090 FE dense FP16 Tensor Core peak, no sparsity",https://www.nvidia.com/content/dam/en-zz/Solutions/geforce/ampere/pdf/NVIDIA-ampere-GA102-GPU-Architecture-Whitepaper-V1.pdf,142.0,284.0,1024.0,1935.0,measured_avg_sm_clock_mhz,warp-level HMMA mma.sync.aligned.m16n8k16 pair -> logical m16n16k16,"dense FP16 Tensor Core HMMA normalization only; no sparsity, no WGMMA",162.47808,1004.460471004305,98.09184287151415,True,False,159.37774293425306,nan,215.7802970262713,214.16145119247298,237.97,15.702,nvml_total_energy_counter,nvml_total_energy_counter,258.21731825277027,nan,234.13963789515483,nan,average_instant,average_instant,233.88222222222223,nan,235.28444444444443,nan,370.0,nan,237.97,15.702,-20.24731825277027,nan,0.9215880701194873,nan,231.07735627722366,0.9710356611220896,0.028964338877910414,0.9924977124598117,True,1.618845833798332,6.8926437227763415,0.040081324942381445,0.010157289242489416,nan,nan,0.040081324942381445,0.026720883294920967,0.020040662471190723,9,0,1,0,1935.0,0.0,70.0,99.77777777777777,100.0,100.0,100.0,True,True,True,pure_fp16_candidate_no_l2,launch_shape_tensor_mma_f16acc_t128_b04_rep004_test_6fd71ca7,launch_shape_tensor_mma_f16acc_t128_b04_rep004_baseline_f5fcc2e3,results/diagnostic_fp16_launch_shape_rtx3090_20260602_125100/raw/launch_shape_tensor_mma_f16acc_t128_b04_rep004_test_6fd71ca7/power.csv,results/diagnostic_fp16_launch_shape_rtx3090_20260602_125100/raw/launch_shape_tensor_mma_f16acc_t128_b04_rep004_baseline_f5fcc2e3/power.csv,results/diagnostic_fp16_launch_shape_rtx3090_20260602_125100/raw/launch_shape_tensor_mma_f16acc_t128_b04_rep004_test_6fd71ca7/sm_util.csv,results/diagnostic_fp16_launch_shape_rtx3090_20260602_125100/raw/launch_shape_tensor_mma_f16acc_t128_b04_rep004_baseline_f5fcc2e3/sm_util.csv
launch_shape_tensor_mma_f16acc_t128_b04,5,5,NVIDIA GeForce RTX 3090,ampere,ga102,consumer,86,82,benchmark uses warp-level HMMA mma.sync m16n8k16 pairs,False,False,tensor_core_mma_m16n16k16_f16acc,fp16-energy-bench-v2,fp16-energy-bench-v2,"nvml_timed_energy_counter,explicit_m16n16k16_denominator,strict_denominator_provenance,tensor_no_memory_warpsync_baseline","nvml_timed_energy_counter,explicit_m16n16k16_denominator,strict_denominator_provenance,tensor_no_memory_warpsync_baseline",d46eadcde2d6,d46eadcde2d6,tensor_mma_f16acc,tensor_baseline_mov,328,128,512.0,4,1000000,8,1.07862524414,0.0708321304321,171966464000000.0,0.0,0.0,171966464000000.0,85983232000000.0,85983232000000.0,257949696000000.0,343932928000000.0,20992000000.0,8192.0,8192.0,4096.0,4096.0,12288.0,16384.0,True,bench_json_metadata,True,logical_m16n16k16_input_bits_8192,ga102,"RTX 3090 FE dense FP16 Tensor Core peak, no sparsity",https://www.nvidia.com/content/dam/en-zz/Solutions/geforce/ampere/pdf/NVIDIA-ampere-GA102-GPU-Architecture-Whitepaper-V1.pdf,142.0,284.0,1024.0,1935.0,measured_avg_sm_clock_mhz,warp-level HMMA mma.sync.aligned.m16n8k16 pair -> logical m16n16k16,"dense FP16 Tensor Core HMMA normalization only; no sparsity, no WGMMA",162.47808,1004.7970683907549,98.12471371003467,True,False,159.4311508415611,nan,1192.677380006298,nan,231.524,nan,nvml_total_energy_counter,unavailable,45.34499101016345,nan,233.59109670881153,nan,average_instant,average_instant,234.1475,nan,234.845,nan,370.0,nan,231.524,0.0,186.17900898983655,nan,5.105834069922015,nan,nan,nan,nan,nan,False,nan,nan,nan,nan,nan,nan,nan,nan,nan,4,0,0,0,1935.0,0.0,71.0,100.0,100.0,nan,nan,False,False,False,invalid_or_nonpositive_increment,launch_shape_tensor_mma_f16acc_t128_b04_rep005_test_604f55c2,launch_shape_tensor_mma_f16acc_t128_b04_rep005_baseline_615df3f6,results/diagnostic_fp16_launch_shape_rtx3090_20260602_125100/raw/launch_shape_tensor_mma_f16acc_t128_b04_rep005_test_604f55c2/power.csv,results/diagnostic_fp16_launch_shape_rtx3090_20260602_125100/raw/launch_shape_tensor_mma_f16acc_t128_b04_rep005_baseline_615df3f6/power.csv,results/diagnostic_fp16_launch_shape_rtx3090_20260602_125100/raw/launch_shape_tensor_mma_f16acc_t128_b04_rep005_test_604f55c2/sm_util.csv,results/diagnostic_fp16_launch_shape_rtx3090_20260602_125100/raw/launch_shape_tensor_mma_f16acc_t128_b04_rep005_baseline_615df3f6/sm_util.csv
launch_shape_tensor_mma_f16acc_t128_b04,6,6,NVIDIA GeForce RTX 3090,ampere,ga102,consumer,86,82,benchmark uses warp-level HMMA mma.sync m16n8k16 pairs,False,False,tensor_core_mma_m16n16k16_f16acc,fp16-energy-bench-v2,fp16-energy-bench-v2,"nvml_timed_energy_counter,explicit_m16n16k16_denominator,strict_denominator_provenance,tensor_no_memory_warpsync_baseline","nvml_timed_energy_counter,explicit_m16n16k16_denominator,strict_denominator_provenance,tensor_no_memory_warpsync_baseline",d46eadcde2d6,d46eadcde2d6,tensor_mma_f16acc,tensor_baseline_mov,328,128,512.0,4,1000000,8,1.07888024902,0.07149977874760001,171966464000000.0,0.0,0.0,171966464000000.0,85983232000000.0,85983232000000.0,257949696000000.0,343932928000000.0,20992000000.0,8192.0,8192.0,4096.0,4096.0,12288.0,16384.0,True,bench_json_metadata,True,logical_m16n16k16_input_bits_8192,ga102,"RTX 3090 FE dense FP16 Tensor Core peak, no sparsity",https://www.nvidia.com/content/dam/en-zz/Solutions/geforce/ampere/pdf/NVIDIA-ampere-GA102-GPU-Architecture-Whitepaper-V1.pdf,142.0,284.0,1024.0,1935.0,measured_avg_sm_clock_mhz,warp-level HMMA mma.sync.aligned.m16n8k16 pair -> logical m16n16k16,"dense FP16 Tensor Core HMMA normalization only; no sparsity, no WGMMA",162.47808,1004.55957386244,98.10152088500391,True,False,159.39346758475335,nan,212.66710859336996,235.3023825024749,235.424,17.33,nvml_total_energy_counter,nvml_total_energy_counter,261.3236753574178,nan,236.06323248799836,nan,average_instant,average_instant,236.00444444444443,nan,236.37555555555556,nan,370.0,nan,235.424,17.33,-25.899675357417806,nan,0.9008904366510448,nan,253.8630930292694,1.0783229111274526,-0.0783229111274526,1.1064352360777363,True,-22.63527390910494,-18.4390930292694,-0.10722493560877894,-0.14200879278235928,nan,nan,-0.10722493560877894,-0.07148329040585262,-0.05361246780438947,9,0,1,0,1935.0,0.0,71.0,99.55555555555556,100.0,100.0,100.0,False,False,False,invalid_or_nonpositive_increment,launch_shape_tensor_mma_f16acc_t128_b04_rep006_test_b6e8e7ce,launch_shape_tensor_mma_f16acc_t128_b04_rep006_baseline_e60398f1,results/diagnostic_fp16_launch_shape_rtx3090_20260602_125100/raw/launch_shape_tensor_mma_f16acc_t128_b04_rep006_test_b6e8e7ce/power.csv,results/diagnostic_fp16_launch_shape_rtx3090_20260602_125100/raw/launch_shape_tensor_mma_f16acc_t128_b04_rep006_baseline_e60398f1/power.csv,results/diagnostic_fp16_launch_shape_rtx3090_20260602_125100/raw/launch_shape_tensor_mma_f16acc_t128_b04_rep006_test_b6e8e7ce/sm_util.csv,results/diagnostic_fp16_launch_shape_rtx3090_20260602_125100/raw/launch_shape_tensor_mma_f16acc_t128_b04_rep006_baseline_e60398f1/sm_util.csv
launch_shape_tensor_mma_f16acc_t128_b04,7,7,NVIDIA GeForce RTX 3090,ampere,ga102,consumer,86,82,benchmark uses warp-level HMMA mma.sync m16n8k16 pairs,False,False,tensor_core_mma_m16n16k16_f16acc,fp16-energy-bench-v2,fp16-energy-bench-v2,"nvml_timed_energy_counter,explicit_m16n16k16_denominator,strict_denominator_provenance,tensor_no_memory_warpsync_baseline","nvml_timed_energy_counter,explicit_m16n16k16_denominator,strict_denominator_provenance,tensor_no_memory_warpsync_baseline",d46eadcde2d6,d46eadcde2d6,tensor_mma_f16acc,tensor_baseline_mov,328,128,512.0,4,1000000,8,1.07880957031,0.0726538238525,171966464000000.0,0.0,0.0,171966464000000.0,85983232000000.0,85983232000000.0,257949696000000.0,343932928000000.0,20992000000.0,8192.0,8192.0,4096.0,4096.0,12288.0,16384.0,True,bench_json_metadata,True,logical_m16n16k16_input_bits_8192,ga102,"RTX 3090 FE dense FP16 Tensor Core peak, no sparsity",https://www.nvidia.com/content/dam/en-zz/Solutions/geforce/ampere/pdf/NVIDIA-ampere-GA102-GPU-Architecture-Whitepaper-V1.pdf,142.0,284.0,1024.0,1935.0,measured_avg_sm_clock_mhz,warp-level HMMA mma.sync.aligned.m16n8k16 pair -> logical m16n16k16,"dense FP16 Tensor Core HMMA normalization only; no sparsity, no WGMMA",162.47808,1004.6253880494409,98.1079480517032,True,False,159.40391032180477,nan,211.26065532129775,224.9286415513055,234.885,16.921,nvml_total_energy_counter,nvml_total_energy_counter,262.19417689248024,nan,235.82312038543816,nan,average_instant,average_instant,235.52333333333334,nan,236.95000000000002,nan,370.0,nan,234.885,16.921,-27.309176892480252,nan,0.895843694104316,nan,242.6551711423759,1.0330807465030798,-0.03308074650307987,1.0646972632420395,True,-13.667986230007756,-7.770171142375915,-0.04518422349124952,-0.08574435973631268,nan,nan,-0.04518422349124952,-0.030122815660833014,-0.02259211174562476,9,0,1,0,1935.0,0.0,71.0,99.55555555555556,100.0,100.0,100.0,False,False,False,invalid_or_nonpositive_increment,launch_shape_tensor_mma_f16acc_t128_b04_rep007_test_d0227663,launch_shape_tensor_mma_f16acc_t128_b04_rep007_baseline_c579c788,results/diagnostic_fp16_launch_shape_rtx3090_20260602_125100/raw/launch_shape_tensor_mma_f16acc_t128_b04_rep007_test_d0227663/power.csv,results/diagnostic_fp16_launch_shape_rtx3090_20260602_125100/raw/launch_shape_tensor_mma_f16acc_t128_b04_rep007_baseline_c579c788/power.csv,results/diagnostic_fp16_launch_shape_rtx3090_20260602_125100/raw/launch_shape_tensor_mma_f16acc_t128_b04_rep007_test_d0227663/sm_util.csv,results/diagnostic_fp16_launch_shape_rtx3090_20260602_125100/raw/launch_shape_tensor_mma_f16acc_t128_b04_rep007_baseline_c579c788/sm_util.csv
launch_shape_tensor_mma_f16acc_t128_b04,8,8,NVIDIA GeForce RTX 3090,ampere,ga102,consumer,86,82,benchmark uses warp-level HMMA mma.sync m16n8k16 pairs,False,False,tensor_core_mma_m16n16k16_f16acc,fp16-energy-bench-v2,fp16-energy-bench-v2,"nvml_timed_energy_counter,explicit_m16n16k16_denominator,strict_denominator_provenance,tensor_no_memory_warpsync_baseline","nvml_timed_energy_counter,explicit_m16n16k16_denominator,strict_denominator_provenance,tensor_no_memory_warpsync_baseline",d46eadcde2d6,d46eadcde2d6,tensor_mma_f16acc,tensor_baseline_mov,328,128,512.0,4,1000000,8,1.07909936523,0.07079936218260001,171966464000000.0,0.0,0.0,171966464000000.0,85983232000000.0,85983232000000.0,257949696000000.0,343932928000000.0,20992000000.0,8192.0,8192.0,4096.0,4096.0,12288.0,16384.0,True,bench_json_metadata,True,logical_m16n16k16_input_bits_8192,ga102,"RTX 3090 FE dense FP16 Tensor Core peak, no sparsity",https://www.nvidia.com/content/dam/en-zz/Solutions/geforce/ampere/pdf/NVIDIA-ampere-GA102-GPU-Architecture-Whitepaper-V1.pdf,142.0,284.0,1024.0,1935.0,measured_avg_sm_clock_mhz,warp-level HMMA mma.sync.aligned.m16n8k16 pair -> logical m16n16k16,"dense FP16 Tensor Core HMMA normalization only; no sparsity, no WGMMA",162.47808,1004.3555933082516,98.08160090900894,True,False,159.36110199022028,nan,213.57257617208808,nan,237.386,nan,nvml_total_energy_counter,unavailable,263.1766678468842,nan,236.77604804177585,nan,average_instant,average_instant,236.76,nan,236.95875,nan,370.0,nan,237.386,0.0,-25.79066784688419,nan,0.90200245311302,nan,nan,nan,nan,nan,False,nan,nan,nan,nan,nan,nan,nan,nan,nan,8,0,1,0,1935.0,0.0,71.0,99.875,100.0,100.0,100.0,False,False,False,invalid_or_nonpositive_increment,launch_shape_tensor_mma_f16acc_t128_b04_rep008_test_639ec57b,launch_shape_tensor_mma_f16acc_t128_b04_rep008_baseline_ea858b05,results/diagnostic_fp16_launch_shape_rtx3090_20260602_125100/raw/launch_shape_tensor_mma_f16acc_t128_b04_rep008_test_639ec57b/power.csv,results/diagnostic_fp16_launch_shape_rtx3090_20260602_125100/raw/launch_shape_tensor_mma_f16acc_t128_b04_rep008_baseline_ea858b05/power.csv,results/diagnostic_fp16_launch_shape_rtx3090_20260602_125100/raw/launch_shape_tensor_mma_f16acc_t128_b04_rep008_test_639ec57b/sm_util.csv,results/diagnostic_fp16_launch_shape_rtx3090_20260602_125100/raw/launch_shape_tensor_mma_f16acc_t128_b04_rep008_baseline_ea858b05/sm_util.csv
launch_shape_tensor_mma_f16acc_t128_b04,9,9,NVIDIA GeForce RTX 3090,ampere,ga102,consumer,86,82,benchmark uses warp-level HMMA mma.sync m16n8k16 pairs,False,False,tensor_core_mma_m16n16k16_f16acc,fp16-energy-bench-v2,fp16-energy-bench-v2,"nvml_timed_energy_counter,explicit_m16n16k16_denominator,strict_denominator_provenance,tensor_no_memory_warpsync_baseline","nvml_timed_energy_counter,explicit_m16n16k16_denominator,strict_denominator_provenance,tensor_no_memory_warpsync_baseline",d46eadcde2d6,d46eadcde2d6,tensor_mma_f16acc,tensor_baseline_mov,328,128,512.0,4,1000000,8,1.07802929688,0.0708198394775,171966464000000.0,0.0,0.0,171966464000000.0,85983232000000.0,85983232000000.0,257949696000000.0,343932928000000.0,20992000000.0,8192.0,8192.0,4096.0,4096.0,12288.0,16384.0,True,bench_json_metadata,True,logical_m16n16k16_input_bits_8192,ga102,"RTX 3090 FE dense FP16 Tensor Core peak, no sparsity",https://www.nvidia.com/content/dam/en-zz/Solutions/geforce/ampere/pdf/NVIDIA-ampere-GA102-GPU-Architecture-Whitepaper-V1.pdf,142.0,284.0,1024.0,1935.0,measured_avg_sm_clock_mhz,warp-level HMMA mma.sync.aligned.m16n8k16 pair -> logical m16n16k16,"dense FP16 Tensor Core HMMA normalization only; no sparsity, no WGMMA",162.47808,1005.352532014514,98.17895820454238,True,False,159.51928625474295,nan,211.5485028196478,187.8942065962036,234.981,13.811,nvml_total_energy_counter,nvml_total_energy_counter,262.43662606812927,nan,236.26623143893553,nan,average_instant,average_instant,236.01375,nan,237.0675,nan,370.0,nan,234.981,13.811,-27.455626068129277,nan,0.8953818814108603,nan,202.55545942473083,0.8620078194608536,0.13799218053914644,0.8881849982005767,True,23.65429622344422,32.42554057526917,0.1885573490379448,0.14828486748410907,nan,nan,0.1885573490379448,0.12570489935862986,0.0942786745189724,8,0,1,0,1935.0,0.0,72.0,99.75,100.0,100.0,100.0,True,True,True,pure_fp16_candidate_no_l2,launch_shape_tensor_mma_f16acc_t128_b04_rep009_test_6016890d,launch_shape_tensor_mma_f16acc_t128_b04_rep009_baseline_f3899060,results/diagnostic_fp16_launch_shape_rtx3090_20260602_125100/raw/launch_shape_tensor_mma_f16acc_t128_b04_rep009_test_6016890d/power.csv,results/diagnostic_fp16_launch_shape_rtx3090_20260602_125100/raw/launch_shape_tensor_mma_f16acc_t128_b04_rep009_baseline_f3899060/power.csv,results/diagnostic_fp16_launch_shape_rtx3090_20260602_125100/raw/launch_shape_tensor_mma_f16acc_t128_b04_rep009_test_6016890d/sm_util.csv,results/diagnostic_fp16_launch_shape_rtx3090_20260602_125100/raw/launch_shape_tensor_mma_f16acc_t128_b04_rep009_baseline_f3899060/sm_util.csv
launch_shape_tensor_mma_f16acc_t128_b08,0,0,NVIDIA GeForce RTX 3090,ampere,ga102,consumer,86,82,benchmark uses warp-level HMMA mma.sync m16n8k16 pairs,False,False,tensor_core_mma_m16n16k16_f16acc,fp16-energy-bench-v2,fp16-energy-bench-v2,"nvml_timed_energy_counter,explicit_m16n16k16_denominator,strict_denominator_provenance,tensor_no_memory_warpsync_baseline","nvml_timed_energy_counter,explicit_m16n16k16_denominator,strict_denominator_provenance,tensor_no_memory_warpsync_baseline",d46eadcde2d6,d46eadcde2d6,tensor_mma_f16acc,tensor_baseline_mov,656,128,1024.0,8,1000000,8,2.1801921386700003,0.128252929688,343932928000000.0,0.0,0.0,343932928000000.0,171966464000000.0,171966464000000.0,515899392000000.0,687865856000000.0,41984000000.0,8192.0,8192.0,4096.0,4096.0,12288.0,16384.0,True,bench_json_metadata,True,logical_m16n16k16_input_bits_8192,ga102,"RTX 3090 FE dense FP16 Tensor Core peak, no sparsity",https://www.nvidia.com/content/dam/en-zz/Solutions/geforce/ampere/pdf/NVIDIA-ampere-GA102-GPU-Architecture-Whitepaper-V1.pdf,142.0,284.0,1024.0,1935.0,measured_avg_sm_clock_mhz,warp-level HMMA mma.sync.aligned.m16n8k16 pair -> logical m16n16k16,"dense FP16 Tensor Core HMMA normalization only; no sparsity, no WGMMA",162.47808,994.2238245710703,97.09217036826858,True,False,157.75349424469172,nan,203.60164435739233,115.93485744401092,455.629,15.375,nvml_total_energy_counter,nvml_total_energy_counter,505.62037185586917,20.36608145346,225.94070862577036,153.57,average_instant,average_instant,226.00176470588235,153.57,226.26823529411763,213.26,370.0,370.0,455.629,15.375,-49.99137185586915,-4.991081453460001,0.9011286438630294,0.7549316757440315,252.76026479725977,0.5547501691008688,0.44524983089913117,0.5694200447640028,True,87.66678691338142,202.86873520274025,0.5898497023313227,0.555720095666479,nan,nan,0.5898497023313227,0.39323313488754846,0.29492485116566136,17,1,2,0,1935.0,0.0,64.0,99.3529411764706,100.0,99.5,100.0,True,True,True,pure_fp16_candidate_no_l2,launch_shape_tensor_mma_f16acc_t128_b08_rep000_test_445c8ed0,launch_shape_tensor_mma_f16acc_t128_b08_rep000_baseline_d08b2064,results/diagnostic_fp16_launch_shape_rtx3090_20260602_125100/raw/launch_shape_tensor_mma_f16acc_t128_b08_rep000_test_445c8ed0/power.csv,results/diagnostic_fp16_launch_shape_rtx3090_20260602_125100/raw/launch_shape_tensor_mma_f16acc_t128_b08_rep000_baseline_d08b2064/power.csv,results/diagnostic_fp16_launch_shape_rtx3090_20260602_125100/raw/launch_shape_tensor_mma_f16acc_t128_b08_rep000_test_445c8ed0/sm_util.csv,results/diagnostic_fp16_launch_shape_rtx3090_20260602_125100/raw/launch_shape_tensor_mma_f16acc_t128_b08_rep000_baseline_d08b2064/sm_util.csv
launch_shape_tensor_mma_f16acc_t128_b08,1,1,NVIDIA GeForce RTX 3090,ampere,ga102,consumer,86,82,benchmark uses warp-level HMMA mma.sync m16n8k16 pairs,False,False,tensor_core_mma_m16n16k16_f16acc,fp16-energy-bench-v2,fp16-energy-bench-v2,"nvml_timed_energy_counter,explicit_m16n16k16_denominator,strict_denominator_provenance,tensor_no_memory_warpsync_baseline","nvml_timed_energy_counter,explicit_m16n16k16_denominator,strict_denominator_provenance,tensor_no_memory_warpsync_baseline",d46eadcde2d6,d46eadcde2d6,tensor_mma_f16acc,tensor_baseline_mov,656,128,1024.0,8,1000000,8,2.1557277832,0.12970803833,343932928000000.0,0.0,0.0,343932928000000.0,171966464000000.0,171966464000000.0,515899392000000.0,687865856000000.0,41984000000.0,8192.0,8192.0,4096.0,4096.0,12288.0,16384.0,True,bench_json_metadata,True,logical_m16n16k16_input_bits_8192,ga102,"RTX 3090 FE dense FP16 Tensor Core peak, no sparsity",https://www.nvidia.com/content/dam/en-zz/Solutions/geforce/ampere/pdf/NVIDIA-ampere-GA102-GPU-Architecture-Whitepaper-V1.pdf,142.0,284.0,1024.0,1935.0,measured_avg_sm_clock_mhz,warp-level HMMA mma.sync.aligned.m16n8k16 pair -> logical m16n16k16,"dense FP16 Tensor Core HMMA normalization only; no sparsity, no WGMMA",162.47808,1005.5068099510444,98.19402440928168,True,False,159.54376553493222,nan,200.52723712199617,259.41955409009387,445.109,34.841,nvml_total_energy_counter,nvml_total_energy_counter,515.0994335999159,21.058816553600003,232.05881315115232,156.8,average_instant,average_instant,232.05117647058822,156.8,231.85647058823528,216.27,370.0,370.0,445.109,34.841,-69.99043359991589,13.782183446399998,0.8641224799826157,1.6544614419011088,559.2379402573706,1.2564067234258813,-0.2564067234258814,1.2936873704207523,True,-58.8923169680977,-114.12894025737063,-0.3318348752503588,-0.36912954116783203,nan,nan,-0.3318348752503588,-0.22122325016690586,-0.1659174376251794,17,1,2,0,1935.0,0.0,68.0,99.88235294117646,100.0,100.0,100.0,False,False,False,invalid_or_nonpositive_increment,launch_shape_tensor_mma_f16acc_t128_b08_rep001_test_a775e766,launch_shape_tensor_mma_f16acc_t128_b08_rep001_baseline_10014079,results/diagnostic_fp16_launch_shape_rtx3090_20260602_125100/raw/launch_shape_tensor_mma_f16acc_t128_b08_rep001_test_a775e766/power.csv,results/diagnostic_fp16_launch_shape_rtx3090_20260602_125100/raw/launch_shape_tensor_mma_f16acc_t128_b08_rep001_baseline_10014079/power.csv,results/diagnostic_fp16_launch_shape_rtx3090_20260602_125100/raw/launch_shape_tensor_mma_f16acc_t128_b08_rep001_test_a775e766/sm_util.csv,results/diagnostic_fp16_launch_shape_rtx3090_20260602_125100/raw/launch_shape_tensor_mma_f16acc_t128_b08_rep001_baseline_10014079/sm_util.csv
launch_shape_tensor_mma_f16acc_t128_b08,2,2,NVIDIA GeForce RTX 3090,ampere,ga102,consumer,86,82,benchmark uses warp-level HMMA mma.sync m16n8k16 pairs,False,False,tensor_core_mma_m16n16k16_f16acc,fp16-energy-bench-v2,fp16-energy-bench-v2,"nvml_timed_energy_counter,explicit_m16n16k16_denominator,strict_denominator_provenance,tensor_no_memory_warpsync_baseline","nvml_timed_energy_counter,explicit_m16n16k16_denominator,strict_denominator_provenance,tensor_no_memory_warpsync_baseline",d46eadcde2d6,d46eadcde2d6,tensor_mma_f16acc,tensor_baseline_mov,656,128,1024.0,8,1000000,8,2.1568215332,0.127564796448,343932928000000.0,0.0,0.0,343932928000000.0,171966464000000.0,171966464000000.0,515899392000000.0,687865856000000.0,41984000000.0,8192.0,8192.0,4096.0,4096.0,12288.0,16384.0,True,bench_json_metadata,True,logical_m16n16k16_input_bits_8192,ga102,"RTX 3090 FE dense FP16 Tensor Core peak, no sparsity",https://www.nvidia.com/content/dam/en-zz/Solutions/geforce/ampere/pdf/NVIDIA-ampere-GA102-GPU-Architecture-Whitepaper-V1.pdf,142.0,284.0,1024.0,1935.0,measured_avg_sm_clock_mhz,warp-level HMMA mma.sync.aligned.m16n8k16 pair -> logical m16n16k16,"dense FP16 Tensor Core HMMA normalization only; no sparsity, no WGMMA",162.47808,1004.9969054195591,98.14422904487881,True,False,159.46285898292143,nan,212.4368419030206,160.3590092742877,471.638,21.194,nvml_total_energy_counter,nvml_total_energy_counter,521.1091633358898,21.0646083141,234.71981677855,159.38,average_instant,average_instant,234.7,159.38,234.870625,226.53,370.0,370.0,471.638,21.194,-49.4711633358898,0.12939168589999994,0.9050656430234325,1.0061426105802969,345.8657642454022,0.7333288756321633,0.26667112436783674,0.7548549857820476,True,52.07783262873289,125.77223575459777,0.36568826511021874,0.3265828354068985,nan,nan,0.36568826511021874,0.24379217674014583,0.18284413255510937,16,1,2,0,1935.0,0.0,70.0,99.9375,100.0,100.0,100.0,True,True,True,pure_fp16_candidate_no_l2,launch_shape_tensor_mma_f16acc_t128_b08_rep002_test_c9ac98af,launch_shape_tensor_mma_f16acc_t128_b08_rep002_baseline_aad9071d,results/diagnostic_fp16_launch_shape_rtx3090_20260602_125100/raw/launch_shape_tensor_mma_f16acc_t128_b08_rep002_test_c9ac98af/power.csv,results/diagnostic_fp16_launch_shape_rtx3090_20260602_125100/raw/launch_shape_tensor_mma_f16acc_t128_b08_rep002_baseline_aad9071d/power.csv,results/diagnostic_fp16_launch_shape_rtx3090_20260602_125100/raw/launch_shape_tensor_mma_f16acc_t128_b08_rep002_test_c9ac98af/sm_util.csv,results/diagnostic_fp16_launch_shape_rtx3090_20260602_125100/raw/launch_shape_tensor_mma_f16acc_t128_b08_rep002_baseline_aad9071d/sm_util.csv
launch_shape_tensor_mma_f16acc_t128_b08,3,3,NVIDIA GeForce RTX 3090,ampere,ga102,consumer,86,82,benchmark uses warp-level HMMA mma.sync m16n8k16 pairs,False,False,tensor_core_mma_m16n16k16_f16acc,fp16-energy-bench-v2,fp16-energy-bench-v2,"nvml_timed_energy_counter,explicit_m16n16k16_denominator,strict_denominator_provenance,tensor_no_memory_warpsync_baseline","nvml_timed_energy_counter,explicit_m16n16k16_denominator,strict_denominator_provenance,tensor_no_memory_warpsync_baseline",d46eadcde2d6,d46eadcde2d6,tensor_mma_f16acc,tensor_baseline_mov,656,128,1024.0,8,1000000,8,2.15624291992,0.127963996887,343932928000000.0,0.0,0.0,343932928000000.0,171966464000000.0,171966464000000.0,515899392000000.0,687865856000000.0,41984000000.0,8192.0,8192.0,4096.0,4096.0,12288.0,16384.0,True,bench_json_metadata,True,logical_m16n16k16_input_bits_8192,ga102,"RTX 3090 FE dense FP16 Tensor Core peak, no sparsity",https://www.nvidia.com/content/dam/en-zz/Solutions/geforce/ampere/pdf/NVIDIA-ampere-GA102-GPU-Architecture-Whitepaper-V1.pdf,142.0,284.0,1024.0,1935.0,measured_avg_sm_clock_mhz,warp-level HMMA mma.sync.aligned.m16n8k16 pair -> logical m16n16k16,"dense FP16 Tensor Core HMMA normalization only; no sparsity, no WGMMA",162.47808,1005.2665895773423,98.17056538841233,True,False,159.5056497682369,nan,201.89816040803325,154.26405030224262,448.281,20.421,nvml_total_energy_counter,nvml_total_energy_counter,523.9527269050026,21.25840974339,235.97942295768203,160.59,average_instant,average_instant,235.9675,160.59,236.065,224.49,370.0,370.0,448.281,20.421,-75.67172690500257,-0.8374097433900012,0.8555752780370155,0.9606080721230627,332.63076626239337,0.7420139739636374,0.25798602603636256,0.7640686274232377,True,47.634110105790626,115.65023373760664,0.33625810244492393,0.29863588013969034,nan,nan,0.33625810244492393,0.22417206829661593,0.16812905122246197,16,1,2,0,1935.0,0.0,71.0,99.875,100.0,100.0,100.0,True,True,True,pure_fp16_candidate_no_l2,launch_shape_tensor_mma_f16acc_t128_b08_rep003_test_76806e06,launch_shape_tensor_mma_f16acc_t128_b08_rep003_baseline_65e9d481,results/diagnostic_fp16_launch_shape_rtx3090_20260602_125100/raw/launch_shape_tensor_mma_f16acc_t128_b08_rep003_test_76806e06/power.csv,results/diagnostic_fp16_launch_shape_rtx3090_20260602_125100/raw/launch_shape_tensor_mma_f16acc_t128_b08_rep003_baseline_65e9d481/power.csv,results/diagnostic_fp16_launch_shape_rtx3090_20260602_125100/raw/launch_shape_tensor_mma_f16acc_t128_b08_rep003_test_76806e06/sm_util.csv,results/diagnostic_fp16_launch_shape_rtx3090_20260602_125100/raw/launch_shape_tensor_mma_f16acc_t128_b08_rep003_baseline_65e9d481/sm_util.csv
launch_shape_tensor_mma_f16acc_t128_b08,4,4,NVIDIA GeForce RTX 3090,ampere,ga102,consumer,86,82,benchmark uses warp-level HMMA mma.sync m16n8k16 pairs,False,False,tensor_core_mma_m16n16k16_f16acc,fp16-energy-bench-v2,fp16-energy-bench-v2,"nvml_timed_energy_counter,explicit_m16n16k16_denominator,strict_denominator_provenance,tensor_no_memory_warpsync_baseline","nvml_timed_energy_counter,explicit_m16n16k16_denominator,strict_denominator_provenance,tensor_no_memory_warpsync_baseline",d46eadcde2d6,d46eadcde2d6,tensor_mma_f16acc,tensor_baseline_mov,656,128,1024.0,8,1000000,8,2.17788696289,0.129058822632,343932928000000.0,0.0,0.0,343932928000000.0,171966464000000.0,171966464000000.0,515899392000000.0,687865856000000.0,41984000000.0,8192.0,8192.0,4096.0,4096.0,12288.0,16384.0,True,bench_json_metadata,True,logical_m16n16k16_input_bits_8192,ga102,"RTX 3090 FE dense FP16 Tensor Core peak, no sparsity",https://www.nvidia.com/content/dam/en-zz/Solutions/geforce/ampere/pdf/NVIDIA-ampere-GA102-GPU-Architecture-Whitepaper-V1.pdf,142.0,284.0,1024.0,1935.0,measured_avg_sm_clock_mhz,warp-level HMMA mma.sync.aligned.m16n8k16 pair -> logical m16n16k16,"dense FP16 Tensor Core HMMA normalization only; no sparsity, no WGMMA",162.47808,995.2761568175789,97.19493718921667,True,False,157.92046780224524,nan,212.67687403953101,296.3028949161738,474.312,39.196,nvml_total_energy_counter,nvml_total_energy_counter,526.002856078535,21.4167073926,235.854549677529,161.9,average_instant,average_instant,235.87875,161.9,236.19625,229.14,370.0,370.0,474.312,39.196,-51.690856078535035,17.7792926074,0.9017289440899589,1.8301599438923644,645.3142119045006,1.3605268513225484,-0.3605268513225483,1.393206930722044,True,-83.62602087664277,-171.00221190450054,-0.49719639494506485,-0.5295451694163092,nan,nan,-0.49719639494506485,-0.33146426329670986,-0.24859819747253242,16,1,2,0,1935.0,0.0,71.0,99.6875,100.0,99.5,100.0,False,False,False,invalid_or_nonpositive_increment,launch_shape_tensor_mma_f16acc_t128_b08_rep004_test_fd7498b7,launch_shape_tensor_mma_f16acc_t128_b08_rep004_baseline_ef758625,results/diagnostic_fp16_launch_shape_rtx3090_20260602_125100/raw/launch_shape_tensor_mma_f16acc_t128_b08_rep004_test_fd7498b7/power.csv,results/diagnostic_fp16_launch_shape_rtx3090_20260602_125100/raw/launch_shape_tensor_mma_f16acc_t128_b08_rep004_baseline_ef758625/power.csv,results/diagnostic_fp16_launch_shape_rtx3090_20260602_125100/raw/launch_shape_tensor_mma_f16acc_t128_b08_rep004_test_fd7498b7/sm_util.csv,results/diagnostic_fp16_launch_shape_rtx3090_20260602_125100/raw/launch_shape_tensor_mma_f16acc_t128_b08_rep004_baseline_ef758625/sm_util.csv
launch_shape_tensor_mma_f16acc_t128_b08,5,5,NVIDIA GeForce RTX 3090,ampere,ga102,consumer,86,82,benchmark uses warp-level HMMA mma.sync m16n8k16 pairs,False,False,tensor_core_mma_m16n16k16_f16acc,fp16-energy-bench-v2,fp16-energy-bench-v2,"nvml_timed_energy_counter,explicit_m16n16k16_denominator,strict_denominator_provenance,tensor_no_memory_warpsync_baseline","nvml_timed_energy_counter,explicit_m16n16k16_denominator,strict_denominator_provenance,tensor_no_memory_warpsync_baseline",d46eadcde2d6,d46eadcde2d6,tensor_mma_f16acc,tensor_baseline_mov,656,128,1024.0,8,1000000,8,2.15769970703,0.130836486816,343932928000000.0,0.0,0.0,343932928000000.0,171966464000000.0,171966464000000.0,515899392000000.0,687865856000000.0,41984000000.0,8192.0,8192.0,4096.0,4096.0,12288.0,16384.0,True,bench_json_metadata,True,logical_m16n16k16_input_bits_8192,ga102,"RTX 3090 FE dense FP16 Tensor Core peak, no sparsity",https://www.nvidia.com/content/dam/en-zz/Solutions/geforce/ampere/pdf/NVIDIA-ampere-GA102-GPU-Architecture-Whitepaper-V1.pdf,142.0,284.0,1024.0,1935.0,measured_avg_sm_clock_mhz,warp-level HMMA mma.sync.aligned.m16n8k16 pair -> logical m16n16k16,"dense FP16 Tensor Core HMMA normalization only; no sparsity, no WGMMA",162.47808,1004.587876313843,98.10428479627372,True,False,159.39795833471746,nan,218.8215481035067,123.38631256287094,479.1,16.428,nvml_total_energy_counter,nvml_total_energy_counter,519.2760603950675,22.03247170236,237.17134508190085,165.48,average_instant,average_instant,237.154375,165.48,237.123125,232.38,370.0,370.0,479.1,16.428,-40.17606039506745,-5.604471702359998,0.9226306324144785,0.7456267377500058,266.2306104684186,0.5556890220588991,0.44431097794110086,0.5638672865274991,True,95.43523554063576,212.86938953158142,0.6189270412967885,0.5987230736057026,nan,nan,0.6189270412967885,0.4126180275311924,0.3094635206483943,16,1,2,0,1935.0,0.0,71.0,99.9375,100.0,100.0,100.0,True,True,True,pure_fp16_candidate_no_l2,launch_shape_tensor_mma_f16acc_t128_b08_rep005_test_e0bfeb00,launch_shape_tensor_mma_f16acc_t128_b08_rep005_baseline_50b6a467,results/diagnostic_fp16_launch_shape_rtx3090_20260602_125100/raw/launch_shape_tensor_mma_f16acc_t128_b08_rep005_test_e0bfeb00/power.csv,results/diagnostic_fp16_launch_shape_rtx3090_20260602_125100/raw/launch_shape_tensor_mma_f16acc_t128_b08_rep005_baseline_50b6a467/power.csv,results/diagnostic_fp16_launch_shape_rtx3090_20260602_125100/raw/launch_shape_tensor_mma_f16acc_t128_b08_rep005_test_e0bfeb00/sm_util.csv,results/diagnostic_fp16_launch_shape_rtx3090_20260602_125100/raw/launch_shape_tensor_mma_f16acc_t128_b08_rep005_baseline_50b6a467/sm_util.csv
launch_shape_tensor_mma_f16acc_t128_b08,6,6,NVIDIA GeForce RTX 3090,ampere,ga102,consumer,86,82,benchmark uses warp-level HMMA mma.sync m16n8k16 pairs,False,False,tensor_core_mma_m16n16k16_f16acc,fp16-energy-bench-v2,fp16-energy-bench-v2,"nvml_timed_energy_counter,explicit_m16n16k16_denominator,strict_denominator_provenance,tensor_no_memory_warpsync_baseline","nvml_timed_energy_counter,explicit_m16n16k16_denominator,strict_denominator_provenance,tensor_no_memory_warpsync_baseline",d46eadcde2d6,d46eadcde2d6,tensor_mma_f16acc,tensor_baseline_mov,656,128,1024.0,8,1000000,8,2.15976660156,0.12928102111800002,343932928000000.0,0.0,0.0,343932928000000.0,171966464000000.0,171966464000000.0,515899392000000.0,687865856000000.0,41984000000.0,8192.0,8192.0,4096.0,4096.0,12288.0,16384.0,True,bench_json_metadata,True,logical_m16n16k16_input_bits_8192,ga102,"RTX 3090 FE dense FP16 Tensor Core peak, no sparsity",https://www.nvidia.com/content/dam/en-zz/Solutions/geforce/ampere/pdf/NVIDIA-ampere-GA102-GPU-Architecture-Whitepaper-V1.pdf,142.0,284.0,1024.0,1935.0,measured_avg_sm_clock_mhz,warp-level HMMA mma.sync.aligned.m16n8k16 pair -> logical m16n16k16,"dense FP16 Tensor Core HMMA normalization only; no sparsity, no WGMMA",162.47808,1003.626486696577,98.0103990914626,True,False,159.24541464414588,nan,204.37849892701894,nan,454.5,19.496,nvml_total_energy_counter,nvml_total_energy_counter,528.1632483687599,nan,237.50321647970392,nan,average_instant,average_instant,237.49625,nan,237.66875,nan,370.0,nan,454.5,19.496,-73.66324836875992,nan,0.8605293939018477,nan,nan,nan,nan,nan,True,nan,nan,nan,nan,nan,nan,nan,nan,nan,16,0,2,0,1935.0,0.0,72.0,99.75,100.0,100.0,100.0,False,False,False,invalid_or_nonpositive_increment,launch_shape_tensor_mma_f16acc_t128_b08_rep006_test_79d3a0eb,launch_shape_tensor_mma_f16acc_t128_b08_rep006_baseline_c36d45e8,results/diagnostic_fp16_launch_shape_rtx3090_20260602_125100/raw/launch_shape_tensor_mma_f16acc_t128_b08_rep006_test_79d3a0eb/power.csv,results/diagnostic_fp16_launch_shape_rtx3090_20260602_125100/raw/launch_shape_tensor_mma_f16acc_t128_b08_rep006_baseline_c36d45e8/power.csv,results/diagnostic_fp16_launch_shape_rtx3090_20260602_125100/raw/launch_shape_tensor_mma_f16acc_t128_b08_rep006_test_79d3a0eb/sm_util.csv,results/diagnostic_fp16_launch_shape_rtx3090_20260602_125100/raw/launch_shape_tensor_mma_f16acc_t128_b08_rep006_baseline_c36d45e8/sm_util.csv
launch_shape_tensor_mma_f16acc_t128_b08,7,7,NVIDIA GeForce RTX 3090,ampere,ga102,consumer,86,82,benchmark uses warp-level HMMA mma.sync m16n8k16 pairs,False,False,tensor_core_mma_m16n16k16_f16acc,fp16-energy-bench-v2,fp16-energy-bench-v2,"nvml_timed_energy_counter,explicit_m16n16k16_denominator,strict_denominator_provenance,tensor_no_memory_warpsync_baseline","nvml_timed_energy_counter,explicit_m16n16k16_denominator,strict_denominator_provenance,tensor_no_memory_warpsync_baseline",d46eadcde2d6,d46eadcde2d6,tensor_mma_f16acc,tensor_baseline_mov,656,128,1024.0,8,1000000,8,2.15701513672,0.12811776733400002,343932928000000.0,0.0,0.0,343932928000000.0,171966464000000.0,171966464000000.0,515899392000000.0,687865856000000.0,41984000000.0,8192.0,8192.0,4096.0,4096.0,12288.0,16384.0,True,bench_json_metadata,True,logical_m16n16k16_input_bits_8192,ga102,"RTX 3090 FE dense FP16 Tensor Core peak, no sparsity",https://www.nvidia.com/content/dam/en-zz/Solutions/geforce/ampere/pdf/NVIDIA-ampere-GA102-GPU-Architecture-Whitepaper-V1.pdf,142.0,284.0,1024.0,1935.0,measured_avg_sm_clock_mhz,warp-level HMMA mma.sync.aligned.m16n8k16 pair -> logical m16n16k16,"dense FP16 Tensor Core HMMA normalization only; no sparsity, no WGMMA",162.47808,1004.9067016304589,98.13542008109948,True,False,159.4485463477049,nan,214.94298221398495,145.37802357105517,477.643,19.266,nvml_total_energy_counter,nvml_total_energy_counter,528.5680036961471,21.76565454856,237.85962113407393,164.24,average_instant,average_instant,237.8475,164.24,238.27,235.13,370.0,370.0,477.643,19.266,-50.925003696147144,-2.4996545485600024,0.9036547741444033,0.8851560129752506,313.58259738920293,0.6565208689108873,0.3434791310891127,0.6763562228159891,True,69.56495864292978,164.06040261079704,0.47701278143044523,0.436284683908196,nan,nan,0.47701278143044523,0.31800852095363014,0.23850639071522262,16,1,2,0,1935.0,0.0,72.0,99.875,100.0,100.0,100.0,True,True,True,pure_fp16_candidate_no_l2,launch_shape_tensor_mma_f16acc_t128_b08_rep007_test_4a9eafa6,launch_shape_tensor_mma_f16acc_t128_b08_rep007_baseline_c9e152b0,results/diagnostic_fp16_launch_shape_rtx3090_20260602_125100/raw/launch_shape_tensor_mma_f16acc_t128_b08_rep007_test_4a9eafa6/power.csv,results/diagnostic_fp16_launch_shape_rtx3090_20260602_125100/raw/launch_shape_tensor_mma_f16acc_t128_b08_rep007_baseline_c9e152b0/power.csv,results/diagnostic_fp16_launch_shape_rtx3090_20260602_125100/raw/launch_shape_tensor_mma_f16acc_t128_b08_rep007_test_4a9eafa6/sm_util.csv,results/diagnostic_fp16_launch_shape_rtx3090_20260602_125100/raw/launch_shape_tensor_mma_f16acc_t128_b08_rep007_baseline_c9e152b0/sm_util.csv
launch_shape_tensor_mma_f16acc_t128_b08,8,8,NVIDIA GeForce RTX 3090,ampere,ga102,consumer,86,82,benchmark uses warp-level HMMA mma.sync m16n8k16 pairs,False,False,tensor_core_mma_m16n16k16_f16acc,fp16-energy-bench-v2,fp16-energy-bench-v2,"nvml_timed_energy_counter,explicit_m16n16k16_denominator,strict_denominator_provenance,tensor_no_memory_warpsync_baseline","nvml_timed_energy_counter,explicit_m16n16k16_denominator,strict_denominator_provenance,tensor_no_memory_warpsync_baseline",d46eadcde2d6,d46eadcde2d6,tensor_mma_f16acc,tensor_baseline_mov,656,128,1024.0,8,1000000,8,2.15578833008,0.127836158752,343932928000000.0,0.0,0.0,343932928000000.0,171966464000000.0,171966464000000.0,515899392000000.0,687865856000000.0,41984000000.0,8192.0,8192.0,4096.0,4096.0,12288.0,16384.0,True,bench_json_metadata,True,logical_m16n16k16_input_bits_8192,ga102,"RTX 3090 FE dense FP16 Tensor Core peak, no sparsity",https://www.nvidia.com/content/dam/en-zz/Solutions/geforce/ampere/pdf/NVIDIA-ampere-GA102-GPU-Architecture-Whitepaper-V1.pdf,142.0,284.0,1024.0,1935.0,measured_avg_sm_clock_mhz,warp-level HMMA mma.sync.aligned.m16n8k16 pair -> logical m16n16k16,"dense FP16 Tensor Core HMMA normalization only; no sparsity, no WGMMA",162.47808,1005.4785695624536,98.19126655883336,True,False,159.5392846324745,nan,371.0265845457579,139.33907646687112,480.772,18.401,nvml_total_energy_counter,nvml_total_energy_counter,308.53404824837725,21.715806626,238.10524352015403,164.44,average_instant,average_instant,237.97636363636363,164.44,238.2381818181818,221.02,370.0,370.0,480.772,18.401,172.23795175162275,-3.3148066259999993,1.558246173248818,0.8473551232478175,300.3855549714055,0.6247983555019958,0.37520164449800425,0.3755501149262978,True,231.68750807888676,180.3864450285945,0.5244814623524343,1.4522285756302455,nan,nan,0.5244814623524343,0.3496543082349562,0.26224073117621716,11,1,1,0,1935.0,0.0,72.0,99.81818181818181,100.0,100.0,100.0,True,True,True,pure_fp16_candidate_no_l2,launch_shape_tensor_mma_f16acc_t128_b08_rep008_test_4d2b4a4c,launch_shape_tensor_mma_f16acc_t128_b08_rep008_baseline_5d6f4f13,results/diagnostic_fp16_launch_shape_rtx3090_20260602_125100/raw/launch_shape_tensor_mma_f16acc_t128_b08_rep008_test_4d2b4a4c/power.csv,results/diagnostic_fp16_launch_shape_rtx3090_20260602_125100/raw/launch_shape_tensor_mma_f16acc_t128_b08_rep008_baseline_5d6f4f13/power.csv,results/diagnostic_fp16_launch_shape_rtx3090_20260602_125100/raw/launch_shape_tensor_mma_f16acc_t128_b08_rep008_test_4d2b4a4c/sm_util.csv,results/diagnostic_fp16_launch_shape_rtx3090_20260602_125100/raw/launch_shape_tensor_mma_f16acc_t128_b08_rep008_baseline_5d6f4f13/sm_util.csv
launch_shape_tensor_mma_f16acc_t128_b08,9,9,NVIDIA GeForce RTX 3090,ampere,ga102,consumer,86,82,benchmark uses warp-level HMMA mma.sync m16n8k16 pairs,False,False,tensor_core_mma_m16n16k16_f16acc,fp16-energy-bench-v2,fp16-energy-bench-v2,"nvml_timed_energy_counter,explicit_m16n16k16_denominator,strict_denominator_provenance,tensor_no_memory_warpsync_baseline","nvml_timed_energy_counter,explicit_m16n16k16_denominator,strict_denominator_provenance,tensor_no_memory_warpsync_baseline",d46eadcde2d6,d46eadcde2d6,tensor_mma_f16acc,tensor_baseline_mov,656,128,1024.0,8,1000000,8,2.1612448730500002,0.129839172363,343932928000000.0,0.0,0.0,343932928000000.0,171966464000000.0,171966464000000.0,515899392000000.0,687865856000000.0,41984000000.0,8192.0,8192.0,4096.0,4096.0,12288.0,16384.0,True,bench_json_metadata,True,logical_m16n16k16_input_bits_8192,ga102,"RTX 3090 FE dense FP16 Tensor Core peak, no sparsity",https://www.nvidia.com/content/dam/en-zz/Solutions/geforce/ampere/pdf/NVIDIA-ampere-GA102-GPU-Architecture-Whitepaper-V1.pdf,142.0,284.0,1024.0,1930.3846153846155,measured_avg_sm_clock_mhz,warp-level HMMA mma.sync.aligned.m16n8k16 pair -> logical m16n16k16,"dense FP16 Tensor Core HMMA normalization only; no sparsity, no WGMMA",162.0905353846154,1005.3379593191247,98.17753508975827,True,False,159.13649225440784,nan,367.20326951562413,164.6597279481138,476.716,22.093,nvml_total_energy_counter,nvml_total_energy_counter,308.66310008344954,21.8246891622,237.75602146659855,162.66,average_instant,average_instant,237.91384615384615,162.66,237.98769230769233,234.64,370.0,370.0,476.716,22.093,168.05289991655047,0.2683108378000014,1.5444541309638762,1.0122939133660016,355.8699928256688,0.7465031440641153,0.25349685593588467,0.4484157457675025,True,202.54354156751032,120.84600717433119,0.35136504049513745,1.2727661562610582,nan,nan,0.35136504049513745,0.23424336033009163,0.17568252024756872,13,1,2,0,1930.3846153846155,15.0,72.0,99.92307692307692,100.0,100.0,100.0,True,True,True,pure_fp16_candidate_no_l2,launch_shape_tensor_mma_f16acc_t128_b08_rep009_test_bddaab79,launch_shape_tensor_mma_f16acc_t128_b08_rep009_baseline_dde80dbd,results/diagnostic_fp16_launch_shape_rtx3090_20260602_125100/raw/launch_shape_tensor_mma_f16acc_t128_b08_rep009_test_bddaab79/power.csv,results/diagnostic_fp16_launch_shape_rtx3090_20260602_125100/raw/launch_shape_tensor_mma_f16acc_t128_b08_rep009_baseline_dde80dbd/power.csv,results/diagnostic_fp16_launch_shape_rtx3090_20260602_125100/raw/launch_shape_tensor_mma_f16acc_t128_b08_rep009_test_bddaab79/sm_util.csv,results/diagnostic_fp16_launch_shape_rtx3090_20260602_125100/raw/launch_shape_tensor_mma_f16acc_t128_b08_rep009_baseline_dde80dbd/sm_util.csv
launch_shape_tensor_mma_f16acc_t256_b01,0,0,NVIDIA GeForce RTX 3090,ampere,ga102,consumer,86,82,benchmark uses warp-level HMMA mma.sync m16n8k16 pairs,False,False,tensor_core_mma_m16n16k16_f16acc,fp16-energy-bench-v2,fp16-energy-bench-v2,"nvml_timed_energy_counter,explicit_m16n16k16_denominator,strict_denominator_provenance,tensor_no_memory_warpsync_baseline","nvml_timed_energy_counter,explicit_m16n16k16_denominator,strict_denominator_provenance,tensor_no_memory_warpsync_baseline",d46eadcde2d6,d46eadcde2d6,tensor_mma_f16acc,tensor_baseline_mov,82,256,256.0,1,1000000,8,0.5356542358399999,0.0671897583008,85983232000000.0,0.0,0.0,85983232000000.0,42991616000000.0,42991616000000.0,128974848000000.0,171966464000000.0,10496000000.0,8192.0,8192.0,4096.0,4096.0,12288.0,16384.0,True,bench_json_metadata,True,logical_m16n16k16_input_bits_8192,ga102,"RTX 3090 FE dense FP16 Tensor Core peak, no sparsity",https://www.nvidia.com/content/dam/en-zz/Solutions/geforce/ampere/pdf/NVIDIA-ampere-GA102-GPU-Architecture-Whitepaper-V1.pdf,142.0,284.0,1024.0,1935.0,measured_avg_sm_clock_mhz,warp-level HMMA mma.sync.aligned.m16n8k16 pair -> logical m16n16k16,"dense FP16 Tensor Core HMMA normalization only; no sparsity, no WGMMA",162.47808,1011.659584381468,98.79488128725275,True,False,160.52002625380754,nan,182.66235260123568,205.1613396618784,100.533,14.229,nvml_total_energy_counter,nvml_total_energy_counter,107.75130902700369,nan,195.77758151786236,nan,average_instant,average_instant,195.8225,nan,225.175,nan,370.0,nan,100.533,14.229,-7.218309027003684,nan,0.9330095467778058,nan,109.89554062049415,1.0931290284831263,-0.09312902848312637,1.1231725461773698,True,-22.49898706064272,-9.362540620494144,-0.10888798202531098,-0.14016311600316003,nan,nan,-0.10888798202531098,-0.072591988016874,-0.05444399101265549,4,0,1,0,1935.0,0.0,63.0,99.75,100.0,99.0,99.0,False,False,False,invalid_or_nonpositive_increment,launch_shape_tensor_mma_f16acc_t256_b01_rep000_test_52010baf,launch_shape_tensor_mma_f16acc_t256_b01_rep000_baseline_c7fec75c,results/diagnostic_fp16_launch_shape_rtx3090_20260602_125100/raw/launch_shape_tensor_mma_f16acc_t256_b01_rep000_test_52010baf/power.csv,results/diagnostic_fp16_launch_shape_rtx3090_20260602_125100/raw/launch_shape_tensor_mma_f16acc_t256_b01_rep000_baseline_c7fec75c/power.csv,results/diagnostic_fp16_launch_shape_rtx3090_20260602_125100/raw/launch_shape_tensor_mma_f16acc_t256_b01_rep000_test_52010baf/sm_util.csv,results/diagnostic_fp16_launch_shape_rtx3090_20260602_125100/raw/launch_shape_tensor_mma_f16acc_t256_b01_rep000_baseline_c7fec75c/sm_util.csv
launch_shape_tensor_mma_f16acc_t256_b01,1,1,NVIDIA GeForce RTX 3090,ampere,ga102,consumer,86,82,benchmark uses warp-level HMMA mma.sync m16n8k16 pairs,False,False,tensor_core_mma_m16n16k16_f16acc,fp16-energy-bench-v2,fp16-energy-bench-v2,"nvml_timed_energy_counter,explicit_m16n16k16_denominator,strict_denominator_provenance,tensor_no_memory_warpsync_baseline","nvml_timed_energy_counter,explicit_m16n16k16_denominator,strict_denominator_provenance,tensor_no_memory_warpsync_baseline",d46eadcde2d6,d46eadcde2d6,tensor_mma_f16acc,tensor_baseline_mov,82,256,256.0,1,1000000,8,0.535609313965,0.0677191696167,85983232000000.0,0.0,0.0,85983232000000.0,42991616000000.0,42991616000000.0,128974848000000.0,171966464000000.0,10496000000.0,8192.0,8192.0,4096.0,4096.0,12288.0,16384.0,True,bench_json_metadata,True,logical_m16n16k16_input_bits_8192,ga102,"RTX 3090 FE dense FP16 Tensor Core peak, no sparsity",https://www.nvidia.com/content/dam/en-zz/Solutions/geforce/ampere/pdf/NVIDIA-ampere-GA102-GPU-Architecture-Whitepaper-V1.pdf,142.0,284.0,1024.0,1935.0,measured_avg_sm_clock_mhz,warp-level HMMA mma.sync.aligned.m16n8k16 pair -> logical m16n16k16,"dense FP16 Tensor Core HMMA normalization only; no sparsity, no WGMMA",162.47808,1011.7444328786976,98.80316727331031,True,False,160.53348916486294,nan,195.29804682021665,nan,107.783,nan,nvml_total_energy_counter,unavailable,107.38399762793766,nan,194.57507210304968,nan,average_instant,average_instant,195.18999999999997,nan,230.49666666666667,nan,370.0,nan,107.783,0.0,0.39900237206234124,nan,1.0037156595105055,nan,nan,nan,nan,nan,False,nan,nan,nan,nan,nan,nan,nan,nan,nan,3,0,1,0,1935.0,0.0,66.0,98.66666666666667,100.0,97.0,97.0,False,False,False,invalid_or_nonpositive_increment,launch_shape_tensor_mma_f16acc_t256_b01_rep001_test_eb6bd6bd,launch_shape_tensor_mma_f16acc_t256_b01_rep001_baseline_ebf064b2,results/diagnostic_fp16_launch_shape_rtx3090_20260602_125100/raw/launch_shape_tensor_mma_f16acc_t256_b01_rep001_test_eb6bd6bd/power.csv,results/diagnostic_fp16_launch_shape_rtx3090_20260602_125100/raw/launch_shape_tensor_mma_f16acc_t256_b01_rep001_baseline_ebf064b2/power.csv,results/diagnostic_fp16_launch_shape_rtx3090_20260602_125100/raw/launch_shape_tensor_mma_f16acc_t256_b01_rep001_test_eb6bd6bd/sm_util.csv,results/diagnostic_fp16_launch_shape_rtx3090_20260602_125100/raw/launch_shape_tensor_mma_f16acc_t256_b01_rep001_baseline_ebf064b2/sm_util.csv
launch_shape_tensor_mma_f16acc_t256_b01,2,2,NVIDIA GeForce RTX 3090,ampere,ga102,consumer,86,82,benchmark uses warp-level HMMA mma.sync m16n8k16 pairs,False,False,tensor_core_mma_m16n16k16_f16acc,fp16-energy-bench-v2,fp16-energy-bench-v2,"nvml_timed_energy_counter,explicit_m16n16k16_denominator,strict_denominator_provenance,tensor_no_memory_warpsync_baseline","nvml_timed_energy_counter,explicit_m16n16k16_denominator,strict_denominator_provenance,tensor_no_memory_warpsync_baseline",d46eadcde2d6,d46eadcde2d6,tensor_mma_f16acc,tensor_baseline_mov,82,256,256.0,1,1000000,8,0.537610229492,0.0686653442383,85983232000000.0,0.0,0.0,85983232000000.0,42991616000000.0,42991616000000.0,128974848000000.0,171966464000000.0,10496000000.0,8192.0,8192.0,4096.0,4096.0,12288.0,16384.0,True,bench_json_metadata,True,logical_m16n16k16_input_bits_8192,ga102,"RTX 3090 FE dense FP16 Tensor Core peak, no sparsity",https://www.nvidia.com/content/dam/en-zz/Solutions/geforce/ampere/pdf/NVIDIA-ampere-GA102-GPU-Architecture-Whitepaper-V1.pdf,142.0,284.0,1024.0,1935.0,measured_avg_sm_clock_mhz,warp-level HMMA mma.sync.aligned.m16n8k16 pair -> logical m16n16k16,"dense FP16 Tensor Core HMMA normalization only; no sparsity, no WGMMA",162.47808,1007.9788513587631,98.4354347030042,True,False,159.93600434509494,nan,222.23744484112274,195.31896733739478,123.165,13.903,nvml_total_energy_counter,nvml_total_energy_counter,112.7323467983848,nan,203.41289086523247,nan,average_instant,average_instant,203.4575,nan,233.0525,nan,370.0,nan,123.165,13.903,10.43265320161521,nan,1.092543564450702,nan,105.00547485439726,0.8525593703925406,0.14744062960745943,0.8788751485017661,True,26.918477503727956,18.159525145602743,0.21119844792066833,0.1683078029487706,nan,nan,0.21119844792066833,0.14079896528044555,0.10559922396033417,4,0,1,0,1935.0,0.0,69.0,99.5,100.0,98.0,98.0,True,True,True,pure_fp16_candidate_no_l2,launch_shape_tensor_mma_f16acc_t256_b01_rep002_test_d0532439,launch_shape_tensor_mma_f16acc_t256_b01_rep002_baseline_d9820bc2,results/diagnostic_fp16_launch_shape_rtx3090_20260602_125100/raw/launch_shape_tensor_mma_f16acc_t256_b01_rep002_test_d0532439/power.csv,results/diagnostic_fp16_launch_shape_rtx3090_20260602_125100/raw/launch_shape_tensor_mma_f16acc_t256_b01_rep002_baseline_d9820bc2/power.csv,results/diagnostic_fp16_launch_shape_rtx3090_20260602_125100/raw/launch_shape_tensor_mma_f16acc_t256_b01_rep002_test_d0532439/sm_util.csv,results/diagnostic_fp16_launch_shape_rtx3090_20260602_125100/raw/launch_shape_tensor_mma_f16acc_t256_b01_rep002_baseline_d9820bc2/sm_util.csv
launch_shape_tensor_mma_f16acc_t256_b01,3,3,NVIDIA GeForce RTX 3090,ampere,ga102,consumer,86,82,benchmark uses warp-level HMMA mma.sync m16n8k16 pairs,False,False,tensor_core_mma_m16n16k16_f16acc,fp16-energy-bench-v2,fp16-energy-bench-v2,"nvml_timed_energy_counter,explicit_m16n16k16_denominator,strict_denominator_provenance,tensor_no_memory_warpsync_baseline","nvml_timed_energy_counter,explicit_m16n16k16_denominator,strict_denominator_provenance,tensor_no_memory_warpsync_baseline",d46eadcde2d6,d46eadcde2d6,tensor_mma_f16acc,tensor_baseline_mov,82,256,256.0,1,1000000,8,0.53778302002,0.06771894073490001,85983232000000.0,0.0,0.0,85983232000000.0,42991616000000.0,42991616000000.0,128974848000000.0,171966464000000.0,10496000000.0,8192.0,8192.0,4096.0,4096.0,12288.0,16384.0,True,bench_json_metadata,True,logical_m16n16k16_input_bits_8192,ga102,"RTX 3090 FE dense FP16 Tensor Core peak, no sparsity",https://www.nvidia.com/content/dam/en-zz/Solutions/geforce/ampere/pdf/NVIDIA-ampere-GA102-GPU-Architecture-Whitepaper-V1.pdf,142.0,284.0,1024.0,1935.0,measured_avg_sm_clock_mhz,warp-level HMMA mma.sync.aligned.m16n8k16 pair -> logical m16n16k16,"dense FP16 Tensor Core HMMA normalization only; no sparsity, no WGMMA",162.47808,1007.6549861725163,98.4038072434098,True,False,159.88461665599317,nan,192.5763832524674,nan,106.767,nan,nvml_total_energy_counter,unavailable,112.73494605020166,nan,203.34080920612053,nan,average_instant,average_instant,203.395,nan,234.0325,nan,370.0,nan,106.767,0.0,-5.967946050201661,nan,0.9470621465721544,nan,nan,nan,nan,nan,False,nan,nan,nan,nan,nan,nan,nan,nan,nan,4,0,1,0,1935.0,0.0,69.0,99.5,100.0,98.0,98.0,False,False,False,invalid_or_nonpositive_increment,launch_shape_tensor_mma_f16acc_t256_b01_rep003_test_62229e5c,launch_shape_tensor_mma_f16acc_t256_b01_rep003_baseline_b4950220,results/diagnostic_fp16_launch_shape_rtx3090_20260602_125100/raw/launch_shape_tensor_mma_f16acc_t256_b01_rep003_test_62229e5c/power.csv,results/diagnostic_fp16_launch_shape_rtx3090_20260602_125100/raw/launch_shape_tensor_mma_f16acc_t256_b01_rep003_baseline_b4950220/power.csv,results/diagnostic_fp16_launch_shape_rtx3090_20260602_125100/raw/launch_shape_tensor_mma_f16acc_t256_b01_rep003_test_62229e5c/sm_util.csv,results/diagnostic_fp16_launch_shape_rtx3090_20260602_125100/raw/launch_shape_tensor_mma_f16acc_t256_b01_rep003_baseline_b4950220/sm_util.csv
launch_shape_tensor_mma_f16acc_t256_b01,4,4,NVIDIA GeForce RTX 3090,ampere,ga102,consumer,86,82,benchmark uses warp-level HMMA mma.sync m16n8k16 pairs,False,False,tensor_core_mma_m16n16k16_f16acc,fp16-energy-bench-v2,fp16-energy-bench-v2,"nvml_timed_energy_counter,explicit_m16n16k16_denominator,strict_denominator_provenance,tensor_no_memory_warpsync_baseline","nvml_timed_energy_counter,explicit_m16n16k16_denominator,strict_denominator_provenance,tensor_no_memory_warpsync_baseline",d46eadcde2d6,d46eadcde2d6,tensor_mma_f16acc,tensor_baseline_mov,82,256,256.0,1,1000000,8,0.537747253418,0.067716003418,85983232000000.0,0.0,0.0,85983232000000.0,42991616000000.0,42991616000000.0,128974848000000.0,171966464000000.0,10496000000.0,8192.0,8192.0,4096.0,4096.0,12288.0,16384.0,True,bench_json_metadata,True,logical_m16n16k16_input_bits_8192,ga102,"RTX 3090 FE dense FP16 Tensor Core peak, no sparsity",https://www.nvidia.com/content/dam/en-zz/Solutions/geforce/ampere/pdf/NVIDIA-ampere-GA102-GPU-Architecture-Whitepaper-V1.pdf,142.0,284.0,1024.0,1935.0,measured_avg_sm_clock_mhz,warp-level HMMA mma.sync.aligned.m16n8k16 pair -> logical m16n16k16,"dense FP16 Tensor Core HMMA normalization only; no sparsity, no WGMMA",162.47808,1007.7220072397829,98.41035226951004,True,False,159.89525088873634,nan,231.94047682207338,181.1571633764097,130.012,12.869,nvml_total_energy_counter,nvml_total_energy_counter,120.21577933936602,nan,214.46408932644457,nan,average_instant,average_instant,214.41,nan,235.82750000000001,nan,370.0,nan,130.012,12.869,9.796220660633978,nan,1.0814886424599843,nan,97.41676704266021,0.7492905811975834,0.2507094188024166,0.7810502326223091,True,50.78331344566368,32.59523295733979,0.3790882501060182,0.3176036384032533,nan,nan,0.3790882501060182,0.2527255000706788,0.1895441250530091,4,0,1,0,1935.0,0.0,69.0,99.75,100.0,100.0,100.0,True,True,True,pure_fp16_candidate_no_l2,launch_shape_tensor_mma_f16acc_t256_b01_rep004_test_c416329c,launch_shape_tensor_mma_f16acc_t256_b01_rep004_baseline_9461feb9,results/diagnostic_fp16_launch_shape_rtx3090_20260602_125100/raw/launch_shape_tensor_mma_f16acc_t256_b01_rep004_test_c416329c/power.csv,results/diagnostic_fp16_launch_shape_rtx3090_20260602_125100/raw/launch_shape_tensor_mma_f16acc_t256_b01_rep004_baseline_9461feb9/power.csv,results/diagnostic_fp16_launch_shape_rtx3090_20260602_125100/raw/launch_shape_tensor_mma_f16acc_t256_b01_rep004_test_c416329c/sm_util.csv,results/diagnostic_fp16_launch_shape_rtx3090_20260602_125100/raw/launch_shape_tensor_mma_f16acc_t256_b01_rep004_baseline_9461feb9/sm_util.csv
launch_shape_tensor_mma_f16acc_t256_b01,5,5,NVIDIA GeForce RTX 3090,ampere,ga102,consumer,86,82,benchmark uses warp-level HMMA mma.sync m16n8k16 pairs,False,False,tensor_core_mma_m16n16k16_f16acc,fp16-energy-bench-v2,fp16-energy-bench-v2,"nvml_timed_energy_counter,explicit_m16n16k16_denominator,strict_denominator_provenance,tensor_no_memory_warpsync_baseline","nvml_timed_energy_counter,explicit_m16n16k16_denominator,strict_denominator_provenance,tensor_no_memory_warpsync_baseline",d46eadcde2d6,d46eadcde2d6,tensor_mma_f16acc,tensor_baseline_mov,82,256,256.0,1,1000000,8,0.5389291381839999,0.067984161377,85983232000000.0,0.0,0.0,85983232000000.0,42991616000000.0,42991616000000.0,128974848000000.0,171966464000000.0,10496000000.0,8192.0,8192.0,4096.0,4096.0,12288.0,16384.0,True,bench_json_metadata,True,logical_m16n16k16_input_bits_8192,ga102,"RTX 3090 FE dense FP16 Tensor Core peak, no sparsity",https://www.nvidia.com/content/dam/en-zz/Solutions/geforce/ampere/pdf/NVIDIA-ampere-GA102-GPU-Architecture-Whitepaper-V1.pdf,142.0,284.0,1024.0,1935.0,measured_avg_sm_clock_mhz,warp-level HMMA mma.sync.aligned.m16n8k16 pair -> logical m16n16k16,"dense FP16 Tensor Core HMMA normalization only; no sparsity, no WGMMA",162.47808,1005.5120482594004,98.19453596283208,True,False,159.54459669731907,nan,230.2362998911529,214.83956886016293,128.122,15.161,nvml_total_energy_counter,nvml_total_energy_counter,115.23574693237491,nan,207.07959592344227,nan,average_instant,average_instant,207.03,nan,235.73,nan,370.0,nan,128.122,15.161,12.886253067625105,nan,1.111825135955315,nan,115.7833036936297,0.9036957251184784,0.09630427488152157,0.9331263964966907,True,15.396731030989969,12.33869630637031,0.14350119226002472,0.0965042461462983,nan,nan,0.14350119226002472,0.09566746150668315,0.07175059613001236,4,0,1,0,1935.0,0.0,70.0,99.5,100.0,100.0,100.0,True,True,True,pure_fp16_candidate_no_l2,launch_shape_tensor_mma_f16acc_t256_b01_rep005_test_28dadfb3,launch_shape_tensor_mma_f16acc_t256_b01_rep005_baseline_9947edd4,results/diagnostic_fp16_launch_shape_rtx3090_20260602_125100/raw/launch_shape_tensor_mma_f16acc_t256_b01_rep005_test_28dadfb3/power.csv,results/diagnostic_fp16_launch_shape_rtx3090_20260602_125100/raw/launch_shape_tensor_mma_f16acc_t256_b01_rep005_baseline_9947edd4/power.csv,results/diagnostic_fp16_launch_shape_rtx3090_20260602_125100/raw/launch_shape_tensor_mma_f16acc_t256_b01_rep005_test_28dadfb3/sm_util.csv,results/diagnostic_fp16_launch_shape_rtx3090_20260602_125100/raw/launch_shape_tensor_mma_f16acc_t256_b01_rep005_baseline_9947edd4/sm_util.csv
launch_shape_tensor_mma_f16acc_t256_b01,6,6,NVIDIA GeForce RTX 3090,ampere,ga102,consumer,86,82,benchmark uses warp-level HMMA mma.sync m16n8k16 pairs,False,False,tensor_core_mma_m16n16k16_f16acc,fp16-energy-bench-v2,fp16-energy-bench-v2,"nvml_timed_energy_counter,explicit_m16n16k16_denominator,strict_denominator_provenance,tensor_no_memory_warpsync_baseline","nvml_timed_energy_counter,explicit_m16n16k16_denominator,strict_denominator_provenance,tensor_no_memory_warpsync_baseline",d46eadcde2d6,d46eadcde2d6,tensor_mma_f16acc,tensor_baseline_mov,82,256,256.0,1,1000000,8,0.537390075684,0.067714050293,85983232000000.0,0.0,0.0,85983232000000.0,42991616000000.0,42991616000000.0,128974848000000.0,171966464000000.0,10496000000.0,8192.0,8192.0,4096.0,4096.0,12288.0,16384.0,True,bench_json_metadata,True,logical_m16n16k16_input_bits_8192,ga102,"RTX 3090 FE dense FP16 Tensor Core peak, no sparsity",https://www.nvidia.com/content/dam/en-zz/Solutions/geforce/ampere/pdf/NVIDIA-ampere-GA102-GPU-Architecture-Whitepaper-V1.pdf,142.0,284.0,1024.0,1935.0,measured_avg_sm_clock_mhz,warp-level HMMA mma.sync.aligned.m16n8k16 pair -> logical m16n16k16,"dense FP16 Tensor Core HMMA normalization only; no sparsity, no WGMMA",162.47808,1008.391792335069,98.47576097022159,True,False,160.00152568980542,nan,194.2349696622032,194.71557331398517,107.625,13.683,nvml_total_energy_counter,nvml_total_energy_counter,114.94501635756362,nan,207.44568422794725,nan,average_instant,average_instant,208.11,nan,236.225,nan,370.0,nan,107.625,13.683,-7.320016357563617,nan,0.9363172359313693,nan,104.63821668005595,0.9722482386067917,0.027751761393208386,1.002474341528808,True,-0.48060365178196207,2.9867833199440526,0.0347368114744053,-0.0030037441812505415,nan,nan,0.0347368114744053,0.023157874316270196,0.01736840573720265,4,0,1,0,1935.0,0.0,70.0,99.0,100.0,98.0,98.0,False,False,False,invalid_or_nonpositive_increment,launch_shape_tensor_mma_f16acc_t256_b01_rep006_test_aac7c6d0,launch_shape_tensor_mma_f16acc_t256_b01_rep006_baseline_a4a3d6d3,results/diagnostic_fp16_launch_shape_rtx3090_20260602_125100/raw/launch_shape_tensor_mma_f16acc_t256_b01_rep006_test_aac7c6d0/power.csv,results/diagnostic_fp16_launch_shape_rtx3090_20260602_125100/raw/launch_shape_tensor_mma_f16acc_t256_b01_rep006_baseline_a4a3d6d3/power.csv,results/diagnostic_fp16_launch_shape_rtx3090_20260602_125100/raw/launch_shape_tensor_mma_f16acc_t256_b01_rep006_test_aac7c6d0/sm_util.csv,results/diagnostic_fp16_launch_shape_rtx3090_20260602_125100/raw/launch_shape_tensor_mma_f16acc_t256_b01_rep006_baseline_a4a3d6d3/sm_util.csv
launch_shape_tensor_mma_f16acc_t256_b01,7,7,NVIDIA GeForce RTX 3090,ampere,ga102,consumer,86,82,benchmark uses warp-level HMMA mma.sync m16n8k16 pairs,False,False,tensor_core_mma_m16n16k16_f16acc,fp16-energy-bench-v2,fp16-energy-bench-v2,"nvml_timed_energy_counter,explicit_m16n16k16_denominator,strict_denominator_provenance,tensor_no_memory_warpsync_baseline","nvml_timed_energy_counter,explicit_m16n16k16_denominator,strict_denominator_provenance,tensor_no_memory_warpsync_baseline",d46eadcde2d6,d46eadcde2d6,tensor_mma_f16acc,tensor_baseline_mov,82,256,256.0,1,1000000,8,0.537478149414,0.06771875,85983232000000.0,0.0,0.0,85983232000000.0,42991616000000.0,42991616000000.0,128974848000000.0,171966464000000.0,10496000000.0,8192.0,8192.0,4096.0,4096.0,12288.0,16384.0,True,bench_json_metadata,True,logical_m16n16k16_input_bits_8192,ga102,"RTX 3090 FE dense FP16 Tensor Core peak, no sparsity",https://www.nvidia.com/content/dam/en-zz/Solutions/geforce/ampere/pdf/NVIDIA-ampere-GA102-GPU-Architecture-Whitepaper-V1.pdf,142.0,284.0,1024.0,1935.0,measured_avg_sm_clock_mhz,warp-level HMMA mma.sync.aligned.m16n8k16 pair -> logical m16n16k16,"dense FP16 Tensor Core HMMA normalization only; no sparsity, no WGMMA",162.47808,1008.2265524522029,98.45962426291042,True,False,159.97530707759103,nan,230.58778995115193,nan,127.77,nan,nvml_total_energy_counter,unavailable,114.50913945893522,nan,206.6557830245294,nan,average_instant,average_instant,207.26999999999998,nan,236.435,nan,370.0,nan,127.77,0.0,13.260860541064773,nan,1.115806132189303,nan,nan,nan,nan,nan,False,nan,nan,nan,nan,nan,nan,nan,nan,nan,4,0,1,0,1935.0,0.0,71.0,99.5,100.0,99.0,99.0,False,False,False,invalid_or_nonpositive_increment,launch_shape_tensor_mma_f16acc_t256_b01_rep007_test_18275d6f,launch_shape_tensor_mma_f16acc_t256_b01_rep007_baseline_a62ac001,results/diagnostic_fp16_launch_shape_rtx3090_20260602_125100/raw/launch_shape_tensor_mma_f16acc_t256_b01_rep007_test_18275d6f/power.csv,results/diagnostic_fp16_launch_shape_rtx3090_20260602_125100/raw/launch_shape_tensor_mma_f16acc_t256_b01_rep007_baseline_a62ac001/power.csv,results/diagnostic_fp16_launch_shape_rtx3090_20260602_125100/raw/launch_shape_tensor_mma_f16acc_t256_b01_rep007_test_18275d6f/sm_util.csv,results/diagnostic_fp16_launch_shape_rtx3090_20260602_125100/raw/launch_shape_tensor_mma_f16acc_t256_b01_rep007_baseline_a62ac001/sm_util.csv
launch_shape_tensor_mma_f16acc_t256_b01,8,8,NVIDIA GeForce RTX 3090,ampere,ga102,consumer,86,82,benchmark uses warp-level HMMA mma.sync m16n8k16 pairs,False,False,tensor_core_mma_m16n16k16_f16acc,fp16-energy-bench-v2,fp16-energy-bench-v2,"nvml_timed_energy_counter,explicit_m16n16k16_denominator,strict_denominator_provenance,tensor_no_memory_warpsync_baseline","nvml_timed_energy_counter,explicit_m16n16k16_denominator,strict_denominator_provenance,tensor_no_memory_warpsync_baseline",d46eadcde2d6,d46eadcde2d6,tensor_mma_f16acc,tensor_baseline_mov,82,256,256.0,1,1000000,8,0.5377689819339999,0.06880973052980001,85983232000000.0,0.0,0.0,85983232000000.0,42991616000000.0,42991616000000.0,128974848000000.0,171966464000000.0,10496000000.0,8192.0,8192.0,4096.0,4096.0,12288.0,16384.0,True,bench_json_metadata,True,logical_m16n16k16_input_bits_8192,ga102,"RTX 3090 FE dense FP16 Tensor Core peak, no sparsity",https://www.nvidia.com/content/dam/en-zz/Solutions/geforce/ampere/pdf/NVIDIA-ampere-GA102-GPU-Architecture-Whitepaper-V1.pdf,142.0,284.0,1024.0,1935.0,measured_avg_sm_clock_mhz,warp-level HMMA mma.sync.aligned.m16n8k16 pair -> logical m16n16k16,"dense FP16 Tensor Core HMMA normalization only; no sparsity, no WGMMA",162.47808,1007.6812903065023,98.40637600649437,True,False,159.88879033293273,nan,233.23829131077804,219.1160972920413,129.293,15.602,nvml_total_energy_counter,nvml_total_energy_counter,114.162493307335,nan,205.94359223454438,nan,average_instant,average_instant,206.66,nan,236.32,nan,370.0,nan,129.293,15.602,15.130506692665008,nan,1.132534830436231,nan,117.83384056609232,0.9113706122225667,0.08862938777743332,0.9394516486149368,True,14.122194018736735,11.459159433907686,0.13327202487466028,0.08832510390084519,nan,nan,0.13327202487466028,0.08884801658310686,0.06663601243733014,4,0,1,0,1935.0,0.0,70.0,99.5,100.0,100.0,100.0,True,True,True,pure_fp16_candidate_no_l2,launch_shape_tensor_mma_f16acc_t256_b01_rep008_test_3c5f32c2,launch_shape_tensor_mma_f16acc_t256_b01_rep008_baseline_4613265e,results/diagnostic_fp16_launch_shape_rtx3090_20260602_125100/raw/launch_shape_tensor_mma_f16acc_t256_b01_rep008_test_3c5f32c2/power.csv,results/diagnostic_fp16_launch_shape_rtx3090_20260602_125100/raw/launch_shape_tensor_mma_f16acc_t256_b01_rep008_baseline_4613265e/power.csv,results/diagnostic_fp16_launch_shape_rtx3090_20260602_125100/raw/launch_shape_tensor_mma_f16acc_t256_b01_rep008_test_3c5f32c2/sm_util.csv,results/diagnostic_fp16_launch_shape_rtx3090_20260602_125100/raw/launch_shape_tensor_mma_f16acc_t256_b01_rep008_baseline_4613265e/sm_util.csv
launch_shape_tensor_mma_f16acc_t256_b01,9,9,NVIDIA GeForce RTX 3090,ampere,ga102,consumer,86,82,benchmark uses warp-level HMMA mma.sync m16n8k16 pairs,False,False,tensor_core_mma_m16n16k16_f16acc,fp16-energy-bench-v2,fp16-energy-bench-v2,"nvml_timed_energy_counter,explicit_m16n16k16_denominator,strict_denominator_provenance,tensor_no_memory_warpsync_baseline","nvml_timed_energy_counter,explicit_m16n16k16_denominator,strict_denominator_provenance,tensor_no_memory_warpsync_baseline",d46eadcde2d6,d46eadcde2d6,tensor_mma_f16acc,tensor_baseline_mov,82,256,256.0,1,1000000,8,0.53786517334,0.0687339553833,85983232000000.0,0.0,0.0,85983232000000.0,42991616000000.0,42991616000000.0,128974848000000.0,171966464000000.0,10496000000.0,8192.0,8192.0,4096.0,4096.0,12288.0,16384.0,True,bench_json_metadata,True,logical_m16n16k16_input_bits_8192,ga102,"RTX 3090 FE dense FP16 Tensor Core peak, no sparsity",https://www.nvidia.com/content/dam/en-zz/Solutions/geforce/ampere/pdf/NVIDIA-ampere-GA102-GPU-Architecture-Whitepaper-V1.pdf,142.0,284.0,1024.0,1935.0,measured_avg_sm_clock_mhz,warp-level HMMA mma.sync.aligned.m16n8k16 pair -> logical m16n16k16,"dense FP16 Tensor Core HMMA normalization only; no sparsity, no WGMMA",162.47808,1007.5010773369349,98.38877708368506,True,False,159.86019594105147,nan,236.88231571539677,236.26374954406842,131.318,16.813,nvml_total_energy_counter,nvml_total_energy_counter,117.12192317525904,nan,211.2742532082133,nan,average_instant,average_instant,211.298,nan,236.808,nan,370.0,nan,131.318,16.813,14.19607682474097,nan,1.1212076820451302,nan,127.07804260247869,0.9677122907939405,0.03228770920605951,0.9973887195020859,True,0.6185661713283537,4.239957397521323,0.04931144478869232,0.0038694195743163625,nan,nan,0.04931144478869232,0.032874296525794884,0.02465572239434616,5,0,1,0,1935.0,0.0,71.0,99.6,100.0,99.0,99.0,True,True,True,pure_fp16_candidate_no_l2,launch_shape_tensor_mma_f16acc_t256_b01_rep009_test_ad2fe2fc,launch_shape_tensor_mma_f16acc_t256_b01_rep009_baseline_fa8f436c,results/diagnostic_fp16_launch_shape_rtx3090_20260602_125100/raw/launch_shape_tensor_mma_f16acc_t256_b01_rep009_test_ad2fe2fc/power.csv,results/diagnostic_fp16_launch_shape_rtx3090_20260602_125100/raw/launch_shape_tensor_mma_f16acc_t256_b01_rep009_baseline_fa8f436c/power.csv,results/diagnostic_fp16_launch_shape_rtx3090_20260602_125100/raw/launch_shape_tensor_mma_f16acc_t256_b01_rep009_test_ad2fe2fc/sm_util.csv,results/diagnostic_fp16_launch_shape_rtx3090_20260602_125100/raw/launch_shape_tensor_mma_f16acc_t256_b01_rep009_baseline_fa8f436c/sm_util.csv
launch_shape_tensor_mma_f16acc_t256_b02,0,0,NVIDIA GeForce RTX 3090,ampere,ga102,consumer,86,82,benchmark uses warp-level HMMA mma.sync m16n8k16 pairs,False,False,tensor_core_mma_m16n16k16_f16acc,fp16-energy-bench-v2,fp16-energy-bench-v2,"nvml_timed_energy_counter,explicit_m16n16k16_denominator,strict_denominator_provenance,tensor_no_memory_warpsync_baseline","nvml_timed_energy_counter,explicit_m16n16k16_denominator,strict_denominator_provenance,tensor_no_memory_warpsync_baseline",d46eadcde2d6,d46eadcde2d6,tensor_mma_f16acc,tensor_baseline_mov,164,256,512.0,2,1000000,8,1.07184228516,0.06901657867430001,171966464000000.0,0.0,0.0,171966464000000.0,85983232000000.0,85983232000000.0,257949696000000.0,343932928000000.0,20992000000.0,8192.0,8192.0,4096.0,4096.0,12288.0,16384.0,True,bench_json_metadata,True,logical_m16n16k16_input_bits_8192,ga102,"RTX 3090 FE dense FP16 Tensor Core peak, no sparsity",https://www.nvidia.com/content/dam/en-zz/Solutions/geforce/ampere/pdf/NVIDIA-ampere-GA102-GPU-Architecture-Whitepaper-V1.pdf,142.0,284.0,1024.0,1935.0,measured_avg_sm_clock_mhz,warp-level HMMA mma.sync.aligned.m16n8k16 pair -> logical m16n16k16,"dense FP16 Tensor Core HMMA normalization only; no sparsity, no WGMMA",162.47808,1011.1557439090485,98.745678116118,True,False,160.44008188604872,nan,186.85532557111304,185.75063908814573,206.245,13.272,nvml_total_energy_counter,nvml_total_energy_counter,249.7844008559862,nan,226.30146449383358,nan,average_instant,average_instant,226.28,nan,226.13375,nan,370.0,nan,206.245,13.272,-43.5394008559862,nan,0.8256920740175087,nan,199.09538947016856,0.9653343812949092,0.03466561870509079,0.9940880117834967,True,1.1046864829673098,7.149610529831449,0.04157560935736545,0.006885352275947506,nan,nan,0.04157560935736545,0.027717072904910302,0.020787804678682725,8,0,1,0,1935.0,0.0,64.0,99.25,100.0,100.0,100.0,True,True,True,pure_fp16_candidate_no_l2,launch_shape_tensor_mma_f16acc_t256_b02_rep000_test_fbe03a62,launch_shape_tensor_mma_f16acc_t256_b02_rep000_baseline_e87f6e71,results/diagnostic_fp16_launch_shape_rtx3090_20260602_125100/raw/launch_shape_tensor_mma_f16acc_t256_b02_rep000_test_fbe03a62/power.csv,results/diagnostic_fp16_launch_shape_rtx3090_20260602_125100/raw/launch_shape_tensor_mma_f16acc_t256_b02_rep000_baseline_e87f6e71/power.csv,results/diagnostic_fp16_launch_shape_rtx3090_20260602_125100/raw/launch_shape_tensor_mma_f16acc_t256_b02_rep000_test_fbe03a62/sm_util.csv,results/diagnostic_fp16_launch_shape_rtx3090_20260602_125100/raw/launch_shape_tensor_mma_f16acc_t256_b02_rep000_baseline_e87f6e71/sm_util.csv
launch_shape_tensor_mma_f16acc_t256_b02,1,1,NVIDIA GeForce RTX 3090,ampere,ga102,consumer,86,82,benchmark uses warp-level HMMA mma.sync m16n8k16 pairs,False,False,tensor_core_mma_m16n16k16_f16acc,fp16-energy-bench-v2,fp16-energy-bench-v2,"nvml_timed_energy_counter,explicit_m16n16k16_denominator,strict_denominator_provenance,tensor_no_memory_warpsync_baseline","nvml_timed_energy_counter,explicit_m16n16k16_denominator,strict_denominator_provenance,tensor_no_memory_warpsync_baseline",d46eadcde2d6,d46eadcde2d6,tensor_mma_f16acc,tensor_baseline_mov,164,256,512.0,2,1000000,8,1.09053137207,0.06768025970460001,171966464000000.0,0.0,0.0,171966464000000.0,85983232000000.0,85983232000000.0,257949696000000.0,343932928000000.0,20992000000.0,8192.0,8192.0,4096.0,4096.0,12288.0,16384.0,True,bench_json_metadata,True,logical_m16n16k16_input_bits_8192,ga102,"RTX 3090 FE dense FP16 Tensor Core peak, no sparsity",https://www.nvidia.com/content/dam/en-zz/Solutions/geforce/ampere/pdf/NVIDIA-ampere-GA102-GPU-Architecture-Whitepaper-V1.pdf,142.0,284.0,1024.0,1935.0,measured_avg_sm_clock_mhz,warp-level HMMA mma.sync.aligned.m16n8k16 pair -> logical m16n16k16,"dense FP16 Tensor Core HMMA normalization only; no sparsity, no WGMMA",162.47808,993.8269645071398,97.05341450265037,True,False,157.69052445834788,nan,204.5057483806085,155.32652900194188,229.709,10.884,nvml_total_energy_counter,nvml_total_energy_counter,260.0235070600591,nan,231.49420313469574,nan,average_instant,average_instant,231.3688888888889,nan,231.07444444444445,nan,370.0,nan,229.709,10.884,-30.3145070600591,nan,0.8834162826168743,nan,169.38845279135833,0.7374045108870716,0.2625954891129284,0.7595215793781087,True,49.17921937866663,60.32054720864167,0.3507692477100749,0.31187174719338795,nan,nan,0.3507692477100749,0.23384616514004988,0.17538462385503745,9,0,1,0,1935.0,0.0,68.0,99.33333333333333,100.0,100.0,100.0,True,True,True,pure_fp16_candidate_no_l2,launch_shape_tensor_mma_f16acc_t256_b02_rep001_test_6f09de6f,launch_shape_tensor_mma_f16acc_t256_b02_rep001_baseline_1e96147b,results/diagnostic_fp16_launch_shape_rtx3090_20260602_125100/raw/launch_shape_tensor_mma_f16acc_t256_b02_rep001_test_6f09de6f/power.csv,results/diagnostic_fp16_launch_shape_rtx3090_20260602_125100/raw/launch_shape_tensor_mma_f16acc_t256_b02_rep001_baseline_1e96147b/power.csv,results/diagnostic_fp16_launch_shape_rtx3090_20260602_125100/raw/launch_shape_tensor_mma_f16acc_t256_b02_rep001_test_6f09de6f/sm_util.csv,results/diagnostic_fp16_launch_shape_rtx3090_20260602_125100/raw/launch_shape_tensor_mma_f16acc_t256_b02_rep001_baseline_1e96147b/sm_util.csv
launch_shape_tensor_mma_f16acc_t256_b02,2,2,NVIDIA GeForce RTX 3090,ampere,ga102,consumer,86,82,benchmark uses warp-level HMMA mma.sync m16n8k16 pairs,False,False,tensor_core_mma_m16n16k16_f16acc,fp16-energy-bench-v2,fp16-energy-bench-v2,"nvml_timed_energy_counter,explicit_m16n16k16_denominator,strict_denominator_provenance,tensor_no_memory_warpsync_baseline","nvml_timed_energy_counter,explicit_m16n16k16_denominator,strict_denominator_provenance,tensor_no_memory_warpsync_baseline",d46eadcde2d6,d46eadcde2d6,tensor_mma_f16acc,tensor_baseline_mov,164,256,512.0,2,1000000,8,1.07584301758,0.0718088302612,171966464000000.0,0.0,0.0,171966464000000.0,85983232000000.0,85983232000000.0,257949696000000.0,343932928000000.0,20992000000.0,8192.0,8192.0,4096.0,4096.0,12288.0,16384.0,True,bench_json_metadata,True,logical_m16n16k16_input_bits_8192,ga102,"RTX 3090 FE dense FP16 Tensor Core peak, no sparsity",https://www.nvidia.com/content/dam/en-zz/Solutions/geforce/ampere/pdf/NVIDIA-ampere-GA102-GPU-Architecture-Whitepaper-V1.pdf,142.0,284.0,1024.0,1935.0,measured_avg_sm_clock_mhz,warp-level HMMA mma.sync.aligned.m16n8k16 pair -> logical m16n16k16,"dense FP16 Tensor Core HMMA normalization only; no sparsity, no WGMMA",162.47808,1007.3955637524438,98.37847302269958,True,False,159.84345410060024,nan,184.49735259030427,223.24890728226708,204.403,16.587,nvml_total_energy_counter,nvml_total_energy_counter,258.69939097056664,nan,233.5061263816755,nan,average_instant,average_instant,233.34444444444443,nan,234.51666666666668,nan,370.0,nan,204.403,16.587,-54.29639097056665,nan,0.7901178245265209,nan,240.18077808199186,1.1750354842247515,-0.17503548422475146,1.210038540650579,True,-38.75155469196281,-35.77777808199187,-0.20805090277364702,-0.24243441753688486,nan,nan,-0.20805090277364702,-0.13870060184909802,-0.10402545138682351,9,0,1,0,1935.0,0.0,69.0,99.88888888888889,100.0,100.0,100.0,False,False,False,invalid_or_nonpositive_increment,launch_shape_tensor_mma_f16acc_t256_b02_rep002_test_636401e2,launch_shape_tensor_mma_f16acc_t256_b02_rep002_baseline_bb76230c,results/diagnostic_fp16_launch_shape_rtx3090_20260602_125100/raw/launch_shape_tensor_mma_f16acc_t256_b02_rep002_test_636401e2/power.csv,results/diagnostic_fp16_launch_shape_rtx3090_20260602_125100/raw/launch_shape_tensor_mma_f16acc_t256_b02_rep002_baseline_bb76230c/power.csv,results/diagnostic_fp16_launch_shape_rtx3090_20260602_125100/raw/launch_shape_tensor_mma_f16acc_t256_b02_rep002_test_636401e2/sm_util.csv,results/diagnostic_fp16_launch_shape_rtx3090_20260602_125100/raw/launch_shape_tensor_mma_f16acc_t256_b02_rep002_baseline_bb76230c/sm_util.csv
launch_shape_tensor_mma_f16acc_t256_b02,3,3,NVIDIA GeForce RTX 3090,ampere,ga102,consumer,86,82,benchmark uses warp-level HMMA mma.sync m16n8k16 pairs,False,False,tensor_core_mma_m16n16k16_f16acc,fp16-energy-bench-v2,fp16-energy-bench-v2,"nvml_timed_energy_counter,explicit_m16n16k16_denominator,strict_denominator_provenance,tensor_no_memory_warpsync_baseline","nvml_timed_energy_counter,explicit_m16n16k16_denominator,strict_denominator_provenance,tensor_no_memory_warpsync_baseline",d46eadcde2d6,d46eadcde2d6,tensor_mma_f16acc,tensor_baseline_mov,164,256,512.0,2,1000000,8,1.07593481445,0.0695039978027,171966464000000.0,0.0,0.0,171966464000000.0,85983232000000.0,85983232000000.0,257949696000000.0,343932928000000.0,20992000000.0,8192.0,8192.0,4096.0,4096.0,12288.0,16384.0,True,bench_json_metadata,True,logical_m16n16k16_input_bits_8192,ga102,"RTX 3090 FE dense FP16 Tensor Core peak, no sparsity",https://www.nvidia.com/content/dam/en-zz/Solutions/geforce/ampere/pdf/NVIDIA-ampere-GA102-GPU-Architecture-Whitepaper-V1.pdf,142.0,284.0,1024.0,1935.0,measured_avg_sm_clock_mhz,warp-level HMMA mma.sync.aligned.m16n8k16 pair -> logical m16n16k16,"dense FP16 Tensor Core HMMA normalization only; no sparsity, no WGMMA",162.47808,1007.3096145310203,98.37007954404494,True,False,159.829816537637,nan,210.2284291935197,nan,233.061,nan,nvml_total_energy_counter,unavailable,259.35091110477236,nan,233.94276456148586,nan,average_instant,average_instant,233.2533333333333,nan,236.0,nan,370.0,nan,233.061,0.0,-26.289911104772358,nan,0.8986318922390375,nan,nan,nan,nan,nan,False,nan,nan,nan,nan,nan,nan,nan,nan,nan,9,0,1,0,1935.0,0.0,70.0,99.88888888888889,100.0,100.0,100.0,False,False,False,invalid_or_nonpositive_increment,launch_shape_tensor_mma_f16acc_t256_b02_rep003_test_c0169821,launch_shape_tensor_mma_f16acc_t256_b02_rep003_baseline_b5e8aacf,results/diagnostic_fp16_launch_shape_rtx3090_20260602_125100/raw/launch_shape_tensor_mma_f16acc_t256_b02_rep003_test_c0169821/power.csv,results/diagnostic_fp16_launch_shape_rtx3090_20260602_125100/raw/launch_shape_tensor_mma_f16acc_t256_b02_rep003_baseline_b5e8aacf/power.csv,results/diagnostic_fp16_launch_shape_rtx3090_20260602_125100/raw/launch_shape_tensor_mma_f16acc_t256_b02_rep003_test_c0169821/sm_util.csv,results/diagnostic_fp16_launch_shape_rtx3090_20260602_125100/raw/launch_shape_tensor_mma_f16acc_t256_b02_rep003_baseline_b5e8aacf/sm_util.csv
launch_shape_tensor_mma_f16acc_t256_b02,4,4,NVIDIA GeForce RTX 3090,ampere,ga102,consumer,86,82,benchmark uses warp-level HMMA mma.sync m16n8k16 pairs,False,False,tensor_core_mma_m16n16k16_f16acc,fp16-energy-bench-v2,fp16-energy-bench-v2,"nvml_timed_energy_counter,explicit_m16n16k16_denominator,strict_denominator_provenance,tensor_no_memory_warpsync_baseline","nvml_timed_energy_counter,explicit_m16n16k16_denominator,strict_denominator_provenance,tensor_no_memory_warpsync_baseline",d46eadcde2d6,d46eadcde2d6,tensor_mma_f16acc,tensor_baseline_mov,164,256,512.0,2,1000000,8,1.0753536377000001,0.0677150726318,171966464000000.0,0.0,0.0,171966464000000.0,85983232000000.0,85983232000000.0,257949696000000.0,343932928000000.0,20992000000.0,8192.0,8192.0,4096.0,4096.0,12288.0,16384.0,True,bench_json_metadata,True,logical_m16n16k16_input_bits_8192,ga102,"RTX 3090 FE dense FP16 Tensor Core peak, no sparsity",https://www.nvidia.com/content/dam/en-zz/Solutions/geforce/ampere/pdf/NVIDIA-ampere-GA102-GPU-Architecture-Whitepaper-V1.pdf,142.0,284.0,1024.0,1935.0,measured_avg_sm_clock_mhz,warp-level HMMA mma.sync.aligned.m16n8k16 pair -> logical m16n16k16,"dense FP16 Tensor Core HMMA normalization only; no sparsity, no WGMMA",162.47808,1007.8540167699608,98.42324382519149,True,False,159.91619684088968,nan,213.54197334561889,196.87446504948664,239.148,13.978,nvml_total_energy_counter,nvml_total_energy_counter,264.173533542538,nan,235.88797589090692,nan,average_instant,average_instant,235.8525,nan,236.46375,nan,370.0,nan,239.148,13.978,-25.025533542538,nan,0.9052685815761013,nan,211.709672161207,0.8852663294746643,0.11473367052533572,0.9219473903186435,True,16.66750829613224,27.438327838792986,0.15955627161580171,0.10422651754728605,nan,nan,0.15955627161580171,0.1063708477438678,0.07977813580790086,8,0,1,0,1935.0,0.0,71.0,99.875,100.0,100.0,100.0,True,True,True,pure_fp16_candidate_no_l2,launch_shape_tensor_mma_f16acc_t256_b02_rep004_test_de589da7,launch_shape_tensor_mma_f16acc_t256_b02_rep004_baseline_4d3a78ca,results/diagnostic_fp16_launch_shape_rtx3090_20260602_125100/raw/launch_shape_tensor_mma_f16acc_t256_b02_rep004_test_de589da7/power.csv,results/diagnostic_fp16_launch_shape_rtx3090_20260602_125100/raw/launch_shape_tensor_mma_f16acc_t256_b02_rep004_baseline_4d3a78ca/power.csv,results/diagnostic_fp16_launch_shape_rtx3090_20260602_125100/raw/launch_shape_tensor_mma_f16acc_t256_b02_rep004_test_de589da7/sm_util.csv,results/diagnostic_fp16_launch_shape_rtx3090_20260602_125100/raw/launch_shape_tensor_mma_f16acc_t256_b02_rep004_baseline_4d3a78ca/sm_util.csv
launch_shape_tensor_mma_f16acc_t256_b02,5,5,NVIDIA GeForce RTX 3090,ampere,ga102,consumer,86,82,benchmark uses warp-level HMMA mma.sync m16n8k16 pairs,False,False,tensor_core_mma_m16n16k16_f16acc,fp16-energy-bench-v2,fp16-energy-bench-v2,"nvml_timed_energy_counter,explicit_m16n16k16_denominator,strict_denominator_provenance,tensor_no_memory_warpsync_baseline","nvml_timed_energy_counter,explicit_m16n16k16_denominator,strict_denominator_provenance,tensor_no_memory_warpsync_baseline",d46eadcde2d6,d46eadcde2d6,tensor_mma_f16acc,tensor_baseline_mov,164,256,512.0,2,1000000,8,1.0766530761700002,0.06773452758790001,171966464000000.0,0.0,0.0,171966464000000.0,85983232000000.0,85983232000000.0,257949696000000.0,343932928000000.0,20992000000.0,8192.0,8192.0,4096.0,4096.0,12288.0,16384.0,True,bench_json_metadata,True,logical_m16n16k16_input_bits_8192,ga102,"RTX 3090 FE dense FP16 Tensor Core peak, no sparsity",https://www.nvidia.com/content/dam/en-zz/Solutions/geforce/ampere/pdf/NVIDIA-ampere-GA102-GPU-Architecture-Whitepaper-V1.pdf,142.0,284.0,1024.0,1935.0,measured_avg_sm_clock_mhz,warp-level HMMA mma.sync.aligned.m16n8k16 pair -> logical m16n16k16,"dense FP16 Tensor Core HMMA normalization only; no sparsity, no WGMMA",162.47808,1006.6376135380176,98.30445444707202,True,False,159.72319014007724,nan,213.1098256751713,207.69312209153412,236.901,14.613,nvml_total_energy_counter,nvml_total_energy_counter,262.3107170444146,nan,235.9677299043245,nan,average_instant,average_instant,235.9375,nan,236.53125,nan,370.0,nan,236.901,14.613,-25.409717044414606,nan,0.9031312279928226,nan,223.61343879920162,0.9439109113055733,0.056089088694426754,0.9745825723122993,True,5.416703583637172,13.287561200798393,0.0772683283224245,0.033913069097146906,nan,nan,0.0772683283224245,0.051512218881616334,0.03863416416121225,8,0,1,0,1935.0,0.0,71.0,99.875,100.0,100.0,100.0,True,True,True,pure_fp16_candidate_no_l2,launch_shape_tensor_mma_f16acc_t256_b02_rep005_test_286754b6,launch_shape_tensor_mma_f16acc_t256_b02_rep005_baseline_1030a1b0,results/diagnostic_fp16_launch_shape_rtx3090_20260602_125100/raw/launch_shape_tensor_mma_f16acc_t256_b02_rep005_test_286754b6/power.csv,results/diagnostic_fp16_launch_shape_rtx3090_20260602_125100/raw/launch_shape_tensor_mma_f16acc_t256_b02_rep005_baseline_1030a1b0/power.csv,results/diagnostic_fp16_launch_shape_rtx3090_20260602_125100/raw/launch_shape_tensor_mma_f16acc_t256_b02_rep005_test_286754b6/sm_util.csv,results/diagnostic_fp16_launch_shape_rtx3090_20260602_125100/raw/launch_shape_tensor_mma_f16acc_t256_b02_rep005_baseline_1030a1b0/sm_util.csv
launch_shape_tensor_mma_f16acc_t256_b02,6,6,NVIDIA GeForce RTX 3090,ampere,ga102,consumer,86,82,benchmark uses warp-level HMMA mma.sync m16n8k16 pairs,False,False,tensor_core_mma_m16n16k16_f16acc,fp16-energy-bench-v2,fp16-energy-bench-v2,"nvml_timed_energy_counter,explicit_m16n16k16_denominator,strict_denominator_provenance,tensor_no_memory_warpsync_baseline","nvml_timed_energy_counter,explicit_m16n16k16_denominator,strict_denominator_provenance,tensor_no_memory_warpsync_baseline",d46eadcde2d6,d46eadcde2d6,tensor_mma_f16acc,tensor_baseline_mov,164,256,512.0,2,1000000,8,1.07558764648,0.0688855056763,171966464000000.0,0.0,0.0,171966464000000.0,85983232000000.0,85983232000000.0,257949696000000.0,343932928000000.0,20992000000.0,8192.0,8192.0,4096.0,4096.0,12288.0,16384.0,True,bench_json_metadata,True,logical_m16n16k16_input_bits_8192,ga102,"RTX 3090 FE dense FP16 Tensor Core peak, no sparsity",https://www.nvidia.com/content/dam/en-zz/Solutions/geforce/ampere/pdf/NVIDIA-ampere-GA102-GPU-Architecture-Whitepaper-V1.pdf,142.0,284.0,1024.0,1935.0,measured_avg_sm_clock_mhz,warp-level HMMA mma.sync.aligned.m16n8k16 pair -> logical m16n16k16,"dense FP16 Tensor Core HMMA normalization only; no sparsity, no WGMMA",162.47808,1007.6347443660297,98.4018305044951,True,False,159.88140488855794,nan,214.14852879346037,224.65502068472063,237.252,16.011,nvml_total_energy_counter,nvml_total_energy_counter,261.5028027061395,nan,236.03780147221647,nan,average_instant,average_instant,235.79625,nan,236.96625,nan,370.0,nan,237.252,16.011,-24.250802706139496,nan,0.9072636986862774,nan,241.63616496819438,1.0184789378727865,-0.01847893787278661,1.0490617047450905,True,-10.506491891260254,-4.384164968194369,-0.02549430200643289,-0.06571428302486827,nan,nan,-0.02549430200643289,-0.016996201337621926,-0.012747151003216444,8,0,1,0,1935.0,0.0,71.0,99.875,100.0,100.0,100.0,False,False,False,invalid_or_nonpositive_increment,launch_shape_tensor_mma_f16acc_t256_b02_rep006_test_afd2af1a,launch_shape_tensor_mma_f16acc_t256_b02_rep006_baseline_5e0b3bee,results/diagnostic_fp16_launch_shape_rtx3090_20260602_125100/raw/launch_shape_tensor_mma_f16acc_t256_b02_rep006_test_afd2af1a/power.csv,results/diagnostic_fp16_launch_shape_rtx3090_20260602_125100/raw/launch_shape_tensor_mma_f16acc_t256_b02_rep006_baseline_5e0b3bee/power.csv,results/diagnostic_fp16_launch_shape_rtx3090_20260602_125100/raw/launch_shape_tensor_mma_f16acc_t256_b02_rep006_test_afd2af1a/sm_util.csv,results/diagnostic_fp16_launch_shape_rtx3090_20260602_125100/raw/launch_shape_tensor_mma_f16acc_t256_b02_rep006_baseline_5e0b3bee/sm_util.csv
launch_shape_tensor_mma_f16acc_t256_b02,7,7,NVIDIA GeForce RTX 3090,ampere,ga102,consumer,86,82,benchmark uses warp-level HMMA mma.sync m16n8k16 pairs,False,False,tensor_core_mma_m16n16k16_f16acc,fp16-energy-bench-v2,fp16-energy-bench-v2,"nvml_timed_energy_counter,explicit_m16n16k16_denominator,strict_denominator_provenance,tensor_no_memory_warpsync_baseline","nvml_timed_energy_counter,explicit_m16n16k16_denominator,strict_denominator_provenance,tensor_no_memory_warpsync_baseline",d46eadcde2d6,d46eadcde2d6,tensor_mma_f16acc,tensor_baseline_mov,164,256,512.0,2,1000000,8,1.07595129395,0.0692776947021,171966464000000.0,0.0,0.0,171966464000000.0,85983232000000.0,85983232000000.0,257949696000000.0,343932928000000.0,20992000000.0,8192.0,8192.0,4096.0,4096.0,12288.0,16384.0,True,bench_json_metadata,True,logical_m16n16k16_input_bits_8192,ga102,"RTX 3090 FE dense FP16 Tensor Core peak, no sparsity",https://www.nvidia.com/content/dam/en-zz/Solutions/geforce/ampere/pdf/NVIDIA-ampere-GA102-GPU-Architecture-Whitepaper-V1.pdf,142.0,284.0,1024.0,1935.0,measured_avg_sm_clock_mhz,warp-level HMMA mma.sync.aligned.m16n8k16 pair -> logical m16n16k16,"dense FP16 Tensor Core HMMA normalization only; no sparsity, no WGMMA",162.47808,1007.2941863616543,98.3685728868803,True,False,159.82736855000368,nan,191.9836975150195,244.0710947137542,212.798,17.518,nvml_total_energy_counter,nvml_total_energy_counter,262.0178695284993,nan,236.38924899242122,nan,average_instant,average_instant,236.20000000000002,nan,235.82333333333332,nan,370.0,nan,212.798,17.518,-49.219869528499316,nan,0.8121507146933513,nan,262.60861017305683,1.2340746161761709,-0.23407461617617098,1.271311563809525,True,-52.08739719873472,-49.81061017305683,-0.2896530463815133,-0.32589785886663475,nan,nan,-0.2896530463815133,-0.19310203092100883,-0.14482652319075665,9,0,1,0,1935.0,0.0,72.0,98.77777777777777,100.0,100.0,100.0,False,False,False,invalid_or_nonpositive_increment,launch_shape_tensor_mma_f16acc_t256_b02_rep007_test_80f752c4,launch_shape_tensor_mma_f16acc_t256_b02_rep007_baseline_b314ba80,results/diagnostic_fp16_launch_shape_rtx3090_20260602_125100/raw/launch_shape_tensor_mma_f16acc_t256_b02_rep007_test_80f752c4/power.csv,results/diagnostic_fp16_launch_shape_rtx3090_20260602_125100/raw/launch_shape_tensor_mma_f16acc_t256_b02_rep007_baseline_b314ba80/power.csv,results/diagnostic_fp16_launch_shape_rtx3090_20260602_125100/raw/launch_shape_tensor_mma_f16acc_t256_b02_rep007_test_80f752c4/sm_util.csv,results/diagnostic_fp16_launch_shape_rtx3090_20260602_125100/raw/launch_shape_tensor_mma_f16acc_t256_b02_rep007_baseline_b314ba80/sm_util.csv
launch_shape_tensor_mma_f16acc_t256_b02,8,8,NVIDIA GeForce RTX 3090,ampere,ga102,consumer,86,82,benchmark uses warp-level HMMA mma.sync m16n8k16 pairs,False,False,tensor_core_mma_m16n16k16_f16acc,fp16-energy-bench-v2,fp16-energy-bench-v2,"nvml_timed_energy_counter,explicit_m16n16k16_denominator,strict_denominator_provenance,tensor_no_memory_warpsync_baseline","nvml_timed_energy_counter,explicit_m16n16k16_denominator,strict_denominator_provenance,tensor_no_memory_warpsync_baseline",d46eadcde2d6,d46eadcde2d6,tensor_mma_f16acc,tensor_baseline_mov,164,256,512.0,2,1000000,8,1.07563317871,0.0703262710571,171966464000000.0,0.0,0.0,171966464000000.0,85983232000000.0,85983232000000.0,257949696000000.0,343932928000000.0,20992000000.0,8192.0,8192.0,4096.0,4096.0,12288.0,16384.0,True,bench_json_metadata,True,logical_m16n16k16_input_bits_8192,ga102,"RTX 3090 FE dense FP16 Tensor Core peak, no sparsity",https://www.nvidia.com/content/dam/en-zz/Solutions/geforce/ampere/pdf/NVIDIA-ampere-GA102-GPU-Architecture-Whitepaper-V1.pdf,142.0,284.0,1024.0,1935.0,measured_avg_sm_clock_mhz,warp-level HMMA mma.sync.aligned.m16n8k16 pair -> logical m16n16k16,"dense FP16 Tensor Core HMMA normalization only; no sparsity, no WGMMA",162.47808,1007.5920905525879,98.39766509302615,True,False,159.87463700797912,nan,193.87796035190428,nan,214.803,nan,nvml_total_energy_counter,unavailable,261.8621789673005,nan,236.35286821639153,nan,average_instant,average_instant,236.005,nan,237.605,nan,370.0,nan,214.803,0.0,-47.05917896730051,nan,0.8202902795933088,nan,nan,nan,nan,nan,False,nan,nan,nan,nan,nan,nan,nan,nan,nan,8,0,1,0,1935.0,0.0,72.0,99.75,100.0,100.0,100.0,False,False,False,invalid_or_nonpositive_increment,launch_shape_tensor_mma_f16acc_t256_b02_rep008_test_30f106e7,launch_shape_tensor_mma_f16acc_t256_b02_rep008_baseline_c35fefcf,results/diagnostic_fp16_launch_shape_rtx3090_20260602_125100/raw/launch_shape_tensor_mma_f16acc_t256_b02_rep008_test_30f106e7/power.csv,results/diagnostic_fp16_launch_shape_rtx3090_20260602_125100/raw/launch_shape_tensor_mma_f16acc_t256_b02_rep008_baseline_c35fefcf/power.csv,results/diagnostic_fp16_launch_shape_rtx3090_20260602_125100/raw/launch_shape_tensor_mma_f16acc_t256_b02_rep008_test_30f106e7/sm_util.csv,results/diagnostic_fp16_launch_shape_rtx3090_20260602_125100/raw/launch_shape_tensor_mma_f16acc_t256_b02_rep008_baseline_c35fefcf/sm_util.csv
launch_shape_tensor_mma_f16acc_t256_b02,9,9,NVIDIA GeForce RTX 3090,ampere,ga102,consumer,86,82,benchmark uses warp-level HMMA mma.sync m16n8k16 pairs,False,False,tensor_core_mma_m16n16k16_f16acc,fp16-energy-bench-v2,fp16-energy-bench-v2,"nvml_timed_energy_counter,explicit_m16n16k16_denominator,strict_denominator_provenance,tensor_no_memory_warpsync_baseline","nvml_timed_energy_counter,explicit_m16n16k16_denominator,strict_denominator_provenance,tensor_no_memory_warpsync_baseline",d46eadcde2d6,d46eadcde2d6,tensor_mma_f16acc,tensor_baseline_mov,164,256,512.0,2,1000000,8,1.0757293701200001,0.0691751708984,171966464000000.0,0.0,0.0,171966464000000.0,85983232000000.0,85983232000000.0,257949696000000.0,343932928000000.0,20992000000.0,8192.0,8192.0,4096.0,4096.0,12288.0,16384.0,True,bench_json_metadata,True,logical_m16n16k16_input_bits_8192,ga102,"RTX 3090 FE dense FP16 Tensor Core peak, no sparsity",https://www.nvidia.com/content/dam/en-zz/Solutions/geforce/ampere/pdf/NVIDIA-ampere-GA102-GPU-Architecture-Whitepaper-V1.pdf,142.0,284.0,1024.0,1935.0,measured_avg_sm_clock_mhz,warp-level HMMA mma.sync.aligned.m16n8k16 pair -> logical m16n16k16,"dense FP16 Tensor Core HMMA normalization only; no sparsity, no WGMMA",162.47808,1007.5019919584738,98.3888664021947,True,False,159.86034106405103,nan,214.9552625950591,nan,238.146,nan,nvml_total_energy_counter,unavailable,262.28715562534376,nan,236.74554438351643,nan,average_instant,average_instant,236.71666666666664,nan,237.56333333333336,nan,370.0,nan,238.146,0.0,-24.14115562534377,nan,0.907959062776877,nan,nan,nan,nan,nan,False,nan,nan,nan,nan,nan,nan,nan,nan,nan,9,0,1,0,1935.0,0.0,72.0,99.77777777777777,100.0,100.0,100.0,False,False,False,invalid_or_nonpositive_increment,launch_shape_tensor_mma_f16acc_t256_b02_rep009_test_e05fe1db,launch_shape_tensor_mma_f16acc_t256_b02_rep009_baseline_a36aadf0,results/diagnostic_fp16_launch_shape_rtx3090_20260602_125100/raw/launch_shape_tensor_mma_f16acc_t256_b02_rep009_test_e05fe1db/power.csv,results/diagnostic_fp16_launch_shape_rtx3090_20260602_125100/raw/launch_shape_tensor_mma_f16acc_t256_b02_rep009_baseline_a36aadf0/power.csv,results/diagnostic_fp16_launch_shape_rtx3090_20260602_125100/raw/launch_shape_tensor_mma_f16acc_t256_b02_rep009_test_e05fe1db/sm_util.csv,results/diagnostic_fp16_launch_shape_rtx3090_20260602_125100/raw/launch_shape_tensor_mma_f16acc_t256_b02_rep009_baseline_a36aadf0/sm_util.csv
launch_shape_tensor_mma_f16acc_t256_b04,0,0,NVIDIA GeForce RTX 3090,ampere,ga102,consumer,86,82,benchmark uses warp-level HMMA mma.sync m16n8k16 pairs,False,False,tensor_core_mma_m16n16k16_f16acc,fp16-energy-bench-v2,fp16-energy-bench-v2,"nvml_timed_energy_counter,explicit_m16n16k16_denominator,strict_denominator_provenance,tensor_no_memory_warpsync_baseline","nvml_timed_energy_counter,explicit_m16n16k16_denominator,strict_denominator_provenance,tensor_no_memory_warpsync_baseline",d46eadcde2d6,d46eadcde2d6,tensor_mma_f16acc,tensor_baseline_mov,328,256,1024.0,4,1000000,8,2.1453608398400004,0.118815742493,343932928000000.0,0.0,0.0,343932928000000.0,171966464000000.0,171966464000000.0,515899392000000.0,687865856000000.0,41984000000.0,8192.0,8192.0,4096.0,4096.0,12288.0,16384.0,True,bench_json_metadata,True,logical_m16n16k16_input_bits_8192,ga102,"RTX 3090 FE dense FP16 Tensor Core peak, no sparsity",https://www.nvidia.com/content/dam/en-zz/Solutions/geforce/ampere/pdf/NVIDIA-ampere-GA102-GPU-Architecture-Whitepaper-V1.pdf,142.0,284.0,1024.0,1935.0,measured_avg_sm_clock_mhz,warp-level HMMA mma.sync.aligned.m16n8k16 pair -> logical m16n16k16,"dense FP16 Tensor Core HMMA normalization only; no sparsity, no WGMMA",162.47808,1010.3656812202868,98.66852355666863,True,False,160.3147226392229,nan,198.21006211451757,150.70318516629837,439.88,18.506,nvml_total_energy_counter,nvml_total_energy_counter,505.5993722659497,19.1110013821,227.82323129465985,155.63,average_instant,average_instant,227.84187500000002,155.63,228.271875,226.96,370.0,370.0,439.88,18.506,-65.71937226594969,-0.6050013820999993,0.8700169029652578,0.9683427691723855,323.31271189493293,0.7350020730538622,0.2649979269461377,0.7603205586971075,True,47.5068769482192,116.56728810506706,0.338924478045519,0.29633508492623045,nan,nan,0.338924478045519,0.225949652030346,0.1694622390227595,16,1,2,0,1935.0,0.0,65.0,99.875,100.0,100.0,100.0,True,True,True,pure_fp16_candidate_no_l2,launch_shape_tensor_mma_f16acc_t256_b04_rep000_test_e9e85591,launch_shape_tensor_mma_f16acc_t256_b04_rep000_baseline_44db4063,results/diagnostic_fp16_launch_shape_rtx3090_20260602_125100/raw/launch_shape_tensor_mma_f16acc_t256_b04_rep000_test_e9e85591/power.csv,results/diagnostic_fp16_launch_shape_rtx3090_20260602_125100/raw/launch_shape_tensor_mma_f16acc_t256_b04_rep000_baseline_44db4063/power.csv,results/diagnostic_fp16_launch_shape_rtx3090_20260602_125100/raw/launch_shape_tensor_mma_f16acc_t256_b04_rep000_test_e9e85591/sm_util.csv,results/diagnostic_fp16_launch_shape_rtx3090_20260602_125100/raw/launch_shape_tensor_mma_f16acc_t256_b04_rep000_baseline_44db4063/sm_util.csv
launch_shape_tensor_mma_f16acc_t256_b04,1,1,NVIDIA GeForce RTX 3090,ampere,ga102,consumer,86,82,benchmark uses warp-level HMMA mma.sync m16n8k16 pairs,False,False,tensor_core_mma_m16n16k16_f16acc,fp16-energy-bench-v2,fp16-energy-bench-v2,"nvml_timed_energy_counter,explicit_m16n16k16_denominator,strict_denominator_provenance,tensor_no_memory_warpsync_baseline","nvml_timed_energy_counter,explicit_m16n16k16_denominator,strict_denominator_provenance,tensor_no_memory_warpsync_baseline",d46eadcde2d6,d46eadcde2d6,tensor_mma_f16acc,tensor_baseline_mov,328,256,1024.0,4,1000000,8,2.1528994140599997,0.119510688782,343932928000000.0,0.0,0.0,343932928000000.0,171966464000000.0,171966464000000.0,515899392000000.0,687865856000000.0,41984000000.0,8192.0,8192.0,4096.0,4096.0,12288.0,16384.0,True,bench_json_metadata,True,logical_m16n16k16_input_bits_8192,ga102,"RTX 3090 FE dense FP16 Tensor Core peak, no sparsity",https://www.nvidia.com/content/dam/en-zz/Solutions/geforce/ampere/pdf/NVIDIA-ampere-GA102-GPU-Architecture-Whitepaper-V1.pdf,142.0,284.0,1024.0,1935.0,measured_avg_sm_clock_mhz,warp-level HMMA mma.sync.aligned.m16n8k16 pair -> logical m16n16k16,"dense FP16 Tensor Core HMMA normalization only; no sparsity, no WGMMA",162.47808,1006.8277933712416,98.32302669641032,True,False,159.75336597421492,nan,198.87545247799935,136.38792646904471,440.897,16.851,nvml_total_energy_counter,nvml_total_energy_counter,515.4126628846956,19.61140769016,232.48723975006496,158.73,average_instant,average_instant,232.501875,158.73,232.48250000000002,229.71,370.0,370.0,440.897,16.851,-74.51566288469559,-2.760407690160001,0.8554252383563077,0.8592447959997777,293.6294869800647,0.6659820479160999,0.33401795208390006,0.685795681516464,True,62.48752600895463,147.26751301993528,0.42818672197602226,0.3911499806460445,nan,nan,0.42818672197602226,0.2854578146506815,0.21409336098801113,16,1,2,0,1935.0,0.0,69.0,99.9375,100.0,100.0,100.0,True,True,True,pure_fp16_candidate_no_l2,launch_shape_tensor_mma_f16acc_t256_b04_rep001_test_4442f35b,launch_shape_tensor_mma_f16acc_t256_b04_rep001_baseline_de92ca21,results/diagnostic_fp16_launch_shape_rtx3090_20260602_125100/raw/launch_shape_tensor_mma_f16acc_t256_b04_rep001_test_4442f35b/power.csv,results/diagnostic_fp16_launch_shape_rtx3090_20260602_125100/raw/launch_shape_tensor_mma_f16acc_t256_b04_rep001_baseline_de92ca21/power.csv,results/diagnostic_fp16_launch_shape_rtx3090_20260602_125100/raw/launch_shape_tensor_mma_f16acc_t256_b04_rep001_test_4442f35b/sm_util.csv,results/diagnostic_fp16_launch_shape_rtx3090_20260602_125100/raw/launch_shape_tensor_mma_f16acc_t256_b04_rep001_baseline_de92ca21/sm_util.csv
launch_shape_tensor_mma_f16acc_t256_b04,2,2,NVIDIA GeForce RTX 3090,ampere,ga102,consumer,86,82,benchmark uses warp-level HMMA mma.sync m16n8k16 pairs,False,False,tensor_core_mma_m16n16k16_f16acc,fp16-energy-bench-v2,fp16-energy-bench-v2,"nvml_timed_energy_counter,explicit_m16n16k16_denominator,strict_denominator_provenance,tensor_no_memory_warpsync_baseline","nvml_timed_energy_counter,explicit_m16n16k16_denominator,strict_denominator_provenance,tensor_no_memory_warpsync_baseline",d46eadcde2d6,d46eadcde2d6,tensor_mma_f16acc,tensor_baseline_mov,328,256,1024.0,4,1000000,8,2.15214575195,0.121902877808,343932928000000.0,0.0,0.0,343932928000000.0,171966464000000.0,171966464000000.0,515899392000000.0,687865856000000.0,41984000000.0,8192.0,8192.0,4096.0,4096.0,12288.0,16384.0,True,bench_json_metadata,True,logical_m16n16k16_input_bits_8192,ga102,"RTX 3090 FE dense FP16 Tensor Core peak, no sparsity",https://www.nvidia.com/content/dam/en-zz/Solutions/geforce/ampere/pdf/NVIDIA-ampere-GA102-GPU-Architecture-Whitepaper-V1.pdf,142.0,284.0,1024.0,1935.0,measured_avg_sm_clock_mhz,warp-level HMMA mma.sync.aligned.m16n8k16 pair -> logical m16n16k16,"dense FP16 Tensor Core HMMA normalization only; no sparsity, no WGMMA",162.47808,1007.1803754203297,98.35745853714157,True,False,159.80931016794372,nan,212.5930156266356,142.5094972185524,471.107,17.981,nvml_total_energy_counter,nvml_total_energy_counter,521.5729153799888,20.29888068136,235.36640073233434,160.88,average_instant,average_instant,235.35999999999999,160.88,235.1975,224.93,370.0,370.0,471.107,17.981,-50.46591537998876,-2.3178806813599984,0.9032428374022794,0.8858123894738464,306.7012090514379,0.6510223984178496,0.34897760158215035,0.670339506678965,True,70.0835184080832,164.40579094856213,0.47801701309786226,0.438544652588966,nan,nan,0.47801701309786226,0.3186780087319082,0.23900850654893113,16,1,2,0,1935.0,0.0,70.0,99.875,100.0,100.0,100.0,True,True,True,pure_fp16_candidate_no_l2,launch_shape_tensor_mma_f16acc_t256_b04_rep002_test_c215e4c8,launch_shape_tensor_mma_f16acc_t256_b04_rep002_baseline_da21b241,results/diagnostic_fp16_launch_shape_rtx3090_20260602_125100/raw/launch_shape_tensor_mma_f16acc_t256_b04_rep002_test_c215e4c8/power.csv,results/diagnostic_fp16_launch_shape_rtx3090_20260602_125100/raw/launch_shape_tensor_mma_f16acc_t256_b04_rep002_baseline_da21b241/power.csv,results/diagnostic_fp16_launch_shape_rtx3090_20260602_125100/raw/launch_shape_tensor_mma_f16acc_t256_b04_rep002_test_c215e4c8/sm_util.csv,results/diagnostic_fp16_launch_shape_rtx3090_20260602_125100/raw/launch_shape_tensor_mma_f16acc_t256_b04_rep002_baseline_da21b241/sm_util.csv
launch_shape_tensor_mma_f16acc_t256_b04,3,3,NVIDIA GeForce RTX 3090,ampere,ga102,consumer,86,82,benchmark uses warp-level HMMA mma.sync m16n8k16 pairs,False,False,tensor_core_mma_m16n16k16_f16acc,fp16-energy-bench-v2,fp16-energy-bench-v2,"nvml_timed_energy_counter,explicit_m16n16k16_denominator,strict_denominator_provenance,tensor_no_memory_warpsync_baseline","nvml_timed_energy_counter,explicit_m16n16k16_denominator,strict_denominator_provenance,tensor_no_memory_warpsync_baseline",d46eadcde2d6,d46eadcde2d6,tensor_mma_f16acc,tensor_baseline_mov,328,256,1024.0,4,1000000,8,2.15122314453,0.12117708587600001,343932928000000.0,0.0,0.0,343932928000000.0,171966464000000.0,171966464000000.0,515899392000000.0,687865856000000.0,41984000000.0,8192.0,8192.0,4096.0,4096.0,12288.0,16384.0,True,bench_json_metadata,True,logical_m16n16k16_input_bits_8192,ga102,"RTX 3090 FE dense FP16 Tensor Core peak, no sparsity",https://www.nvidia.com/content/dam/en-zz/Solutions/geforce/ampere/pdf/NVIDIA-ampere-GA102-GPU-Architecture-Whitepaper-V1.pdf,142.0,284.0,1024.0,1935.0,measured_avg_sm_clock_mhz,warp-level HMMA mma.sync.aligned.m16n8k16 pair -> logical m16n16k16,"dense FP16 Tensor Core HMMA normalization only; no sparsity, no WGMMA",162.47808,1007.6123306500807,98.39964166504694,True,False,159.8778485042483,nan,214.64873267025953,133.58390931187628,475.563,16.769,nvml_total_energy_counter,nvml_total_energy_counter,523.2821677548648,20.47796762418,236.18711745347701,163.13,average_instant,average_instant,236.175625,163.13,236.17875,223.37,370.0,370.0,475.563,16.769,-47.71916775486477,-3.7089676241800014,0.9088079611816255,0.8188800914109992,287.36879744850484,0.6042707221724668,0.39572927782753314,0.6223372840364544,True,81.06482335838325,188.19420255149515,0.5471828581399892,0.5070422457944771,nan,nan,0.5471828581399892,0.3647885720933262,0.2735914290699946,16,1,2,0,1935.0,0.0,71.0,99.9375,100.0,100.0,100.0,True,True,True,pure_fp16_candidate_no_l2,launch_shape_tensor_mma_f16acc_t256_b04_rep003_test_84e94fd5,launch_shape_tensor_mma_f16acc_t256_b04_rep003_baseline_74b0087d,results/diagnostic_fp16_launch_shape_rtx3090_20260602_125100/raw/launch_shape_tensor_mma_f16acc_t256_b04_rep003_test_84e94fd5/power.csv,results/diagnostic_fp16_launch_shape_rtx3090_20260602_125100/raw/launch_shape_tensor_mma_f16acc_t256_b04_rep003_baseline_74b0087d/power.csv,results/diagnostic_fp16_launch_shape_rtx3090_20260602_125100/raw/launch_shape_tensor_mma_f16acc_t256_b04_rep003_test_84e94fd5/sm_util.csv,results/diagnostic_fp16_launch_shape_rtx3090_20260602_125100/raw/launch_shape_tensor_mma_f16acc_t256_b04_rep003_baseline_74b0087d/sm_util.csv
launch_shape_tensor_mma_f16acc_t256_b04,4,4,NVIDIA GeForce RTX 3090,ampere,ga102,consumer,86,82,benchmark uses warp-level HMMA mma.sync m16n8k16 pairs,False,False,tensor_core_mma_m16n16k16_f16acc,fp16-energy-bench-v2,fp16-energy-bench-v2,"nvml_timed_energy_counter,explicit_m16n16k16_denominator,strict_denominator_provenance,tensor_no_memory_warpsync_baseline","nvml_timed_energy_counter,explicit_m16n16k16_denominator,strict_denominator_provenance,tensor_no_memory_warpsync_baseline",d46eadcde2d6,d46eadcde2d6,tensor_mma_f16acc,tensor_baseline_mov,328,256,1024.0,4,1000000,8,2.1511413574200002,0.12102041626,343932928000000.0,0.0,0.0,343932928000000.0,171966464000000.0,171966464000000.0,515899392000000.0,687865856000000.0,41984000000.0,8192.0,8192.0,4096.0,4096.0,12288.0,16384.0,True,bench_json_metadata,True,logical_m16n16k16_input_bits_8192,ga102,"RTX 3090 FE dense FP16 Tensor Core peak, no sparsity",https://www.nvidia.com/content/dam/en-zz/Solutions/geforce/ampere/pdf/NVIDIA-ampere-GA102-GPU-Architecture-Whitepaper-V1.pdf,142.0,284.0,1024.0,1935.0,measured_avg_sm_clock_mhz,warp-level HMMA mma.sync.aligned.m16n8k16 pair -> logical m16n16k16,"dense FP16 Tensor Core HMMA normalization only; no sparsity, no WGMMA",162.47808,1007.6506404060806,98.4033828521563,True,False,159.8839271132328,nan,212.26634351347383,169.3627486841353,471.797,21.264,nvml_total_energy_counter,nvml_total_energy_counter,526.8249010676612,20.5404696548,237.02396458960112,163.6,average_instant,average_instant,237.018125,163.6,236.933125,234.26,370.0,370.0,471.797,21.264,-55.02790106766122,0.7235303452000004,0.8955480256226653,1.035224625208651,364.3232131007732,0.7722033270681526,0.22779667293184738,0.7978784854952045,True,42.903594829338516,107.47378689922681,0.3124847263802168,0.26834213797459067,nan,nan,0.3124847263802168,0.20832315092014453,0.1562423631901084,16,1,2,0,1935.0,0.0,71.0,99.9375,100.0,100.0,100.0,True,True,True,pure_fp16_candidate_no_l2,launch_shape_tensor_mma_f16acc_t256_b04_rep004_test_486010c9,launch_shape_tensor_mma_f16acc_t256_b04_rep004_baseline_b8bbac4a,results/diagnostic_fp16_launch_shape_rtx3090_20260602_125100/raw/launch_shape_tensor_mma_f16acc_t256_b04_rep004_test_486010c9/power.csv,results/diagnostic_fp16_launch_shape_rtx3090_20260602_125100/raw/launch_shape_tensor_mma_f16acc_t256_b04_rep004_baseline_b8bbac4a/power.csv,results/diagnostic_fp16_launch_shape_rtx3090_20260602_125100/raw/launch_shape_tensor_mma_f16acc_t256_b04_rep004_test_486010c9/sm_util.csv,results/diagnostic_fp16_launch_shape_rtx3090_20260602_125100/raw/launch_shape_tensor_mma_f16acc_t256_b04_rep004_baseline_b8bbac4a/sm_util.csv
launch_shape_tensor_mma_f16acc_t256_b04,5,5,NVIDIA GeForce RTX 3090,ampere,ga102,consumer,86,82,benchmark uses warp-level HMMA mma.sync m16n8k16 pairs,False,False,tensor_core_mma_m16n16k16_f16acc,fp16-energy-bench-v2,fp16-energy-bench-v2,"nvml_timed_energy_counter,explicit_m16n16k16_denominator,strict_denominator_provenance,tensor_no_memory_warpsync_baseline","nvml_timed_energy_counter,explicit_m16n16k16_denominator,strict_denominator_provenance,tensor_no_memory_warpsync_baseline",d46eadcde2d6,d46eadcde2d6,tensor_mma_f16acc,tensor_baseline_mov,328,256,1024.0,4,1000000,8,2.1524143066400003,0.11993395233200001,343932928000000.0,0.0,0.0,343932928000000.0,171966464000000.0,171966464000000.0,515899392000000.0,687865856000000.0,41984000000.0,8192.0,8192.0,4096.0,4096.0,12288.0,16384.0,True,bench_json_metadata,True,logical_m16n16k16_input_bits_8192,ga102,"RTX 3090 FE dense FP16 Tensor Core peak, no sparsity",https://www.nvidia.com/content/dam/en-zz/Solutions/geforce/ampere/pdf/NVIDIA-ampere-GA102-GPU-Architecture-Whitepaper-V1.pdf,142.0,284.0,1024.0,1935.0,measured_avg_sm_clock_mhz,warp-level HMMA mma.sync.aligned.m16n8k16 pair -> logical m16n16k16,"dense FP16 Tensor Core HMMA normalization only; no sparsity, no WGMMA",162.47808,1007.0547104808888,98.34518657039929,True,False,159.78937091200262,nan,212.8369358433736,170.07889118864904,477.208,21.132,nvml_total_energy_counter,nvml_total_energy_counter,531.730202325396,20.37919353646,237.15408576200392,164.02,average_instant,average_instant,237.146875,164.02,237.090625,234.57,370.0,370.0,477.208,21.132,-54.522202325395995,0.7528064635400007,0.8974626566500152,1.0369399535949826,366.0802386519161,0.7671292992823173,0.2328707007176827,0.799104208650184,True,42.75804465472456,111.12776134808394,0.3231088165774111,0.2675900431341693,nan,nan,0.3231088165774111,0.21540587771827405,0.16155440828870554,16,1,2,0,1935.0,0.0,72.0,99.875,100.0,100.0,100.0,True,True,True,pure_fp16_candidate_no_l2,launch_shape_tensor_mma_f16acc_t256_b04_rep005_test_7d7eb815,launch_shape_tensor_mma_f16acc_t256_b04_rep005_baseline_1517c469,results/diagnostic_fp16_launch_shape_rtx3090_20260602_125100/raw/launch_shape_tensor_mma_f16acc_t256_b04_rep005_test_7d7eb815/power.csv,results/diagnostic_fp16_launch_shape_rtx3090_20260602_125100/raw/launch_shape_tensor_mma_f16acc_t256_b04_rep005_baseline_1517c469/power.csv,results/diagnostic_fp16_launch_shape_rtx3090_20260602_125100/raw/launch_shape_tensor_mma_f16acc_t256_b04_rep005_test_7d7eb815/sm_util.csv,results/diagnostic_fp16_launch_shape_rtx3090_20260602_125100/raw/launch_shape_tensor_mma_f16acc_t256_b04_rep005_baseline_1517c469/sm_util.csv
launch_shape_tensor_mma_f16acc_t256_b04,6,6,NVIDIA GeForce RTX 3090,ampere,ga102,consumer,86,82,benchmark uses warp-level HMMA mma.sync m16n8k16 pairs,False,False,tensor_core_mma_m16n16k16_f16acc,fp16-energy-bench-v2,fp16-energy-bench-v2,"nvml_timed_energy_counter,explicit_m16n16k16_denominator,strict_denominator_provenance,tensor_no_memory_warpsync_baseline","nvml_timed_energy_counter,explicit_m16n16k16_denominator,strict_denominator_provenance,tensor_no_memory_warpsync_baseline",d46eadcde2d6,d46eadcde2d6,tensor_mma_f16acc,tensor_baseline_mov,328,256,1024.0,4,1000000,8,2.1549318847700003,0.119807998657,343932928000000.0,0.0,0.0,343932928000000.0,171966464000000.0,171966464000000.0,515899392000000.0,687865856000000.0,41984000000.0,8192.0,8192.0,4096.0,4096.0,12288.0,16384.0,True,bench_json_metadata,True,logical_m16n16k16_input_bits_8192,ga102,"RTX 3090 FE dense FP16 Tensor Core peak, no sparsity",https://www.nvidia.com/content/dam/en-zz/Solutions/geforce/ampere/pdf/NVIDIA-ampere-GA102-GPU-Architecture-Whitepaper-V1.pdf,142.0,284.0,1024.0,1935.0,measured_avg_sm_clock_mhz,warp-level HMMA mma.sync.aligned.m16n8k16 pair -> logical m16n16k16,"dense FP16 Tensor Core HMMA normalization only; no sparsity, no WGMMA",162.47808,1005.8781819173928,98.23029120287039,True,False,159.60269112483272,nan,215.5064372882388,169.09206459621538,478.163,20.979,nvml_total_energy_counter,nvml_total_energy_counter,527.1003487820946,20.13011526075,237.56233388910738,162.25,average_instant,average_instant,237.556875,162.25,237.70875,235.06,370.0,370.0,478.163,20.979,-48.937348782094546,0.8488847392499999,0.907157434262436,1.0421698896530993,364.38188145997304,0.7620453306926154,0.23795466930738465,0.7846265138245294,True,46.41437269202342,113.78111854002697,0.33082356842560584,0.29081196792427877,nan,nan,0.33082356842560584,0.22054904561707056,0.16541178421280292,16,1,2,0,1935.0,0.0,72.0,99.875,100.0,100.0,100.0,True,True,True,pure_fp16_candidate_no_l2,launch_shape_tensor_mma_f16acc_t256_b04_rep006_test_65cc0dad,launch_shape_tensor_mma_f16acc_t256_b04_rep006_baseline_a09e56d3,results/diagnostic_fp16_launch_shape_rtx3090_20260602_125100/raw/launch_shape_tensor_mma_f16acc_t256_b04_rep006_test_65cc0dad/power.csv,results/diagnostic_fp16_launch_shape_rtx3090_20260602_125100/raw/launch_shape_tensor_mma_f16acc_t256_b04_rep006_baseline_a09e56d3/power.csv,results/diagnostic_fp16_launch_shape_rtx3090_20260602_125100/raw/launch_shape_tensor_mma_f16acc_t256_b04_rep006_test_65cc0dad/sm_util.csv,results/diagnostic_fp16_launch_shape_rtx3090_20260602_125100/raw/launch_shape_tensor_mma_f16acc_t256_b04_rep006_baseline_a09e56d3/sm_util.csv
launch_shape_tensor_mma_f16acc_t256_b04,7,7,NVIDIA GeForce RTX 3090,ampere,ga102,consumer,86,82,benchmark uses warp-level HMMA mma.sync m16n8k16 pairs,False,False,tensor_core_mma_m16n16k16_f16acc,fp16-energy-bench-v2,fp16-energy-bench-v2,"nvml_timed_energy_counter,explicit_m16n16k16_denominator,strict_denominator_provenance,tensor_no_memory_warpsync_baseline","nvml_timed_energy_counter,explicit_m16n16k16_denominator,strict_denominator_provenance,tensor_no_memory_warpsync_baseline",d46eadcde2d6,d46eadcde2d6,tensor_mma_f16acc,tensor_baseline_mov,328,256,1024.0,4,1000000,8,2.15310205078,0.1197628479,343932928000000.0,0.0,0.0,343932928000000.0,171966464000000.0,171966464000000.0,515899392000000.0,687865856000000.0,41984000000.0,8192.0,8192.0,4096.0,4096.0,12288.0,16384.0,True,bench_json_metadata,True,logical_m16n16k16_input_bits_8192,ga102,"RTX 3090 FE dense FP16 Tensor Core peak, no sparsity",https://www.nvidia.com/content/dam/en-zz/Solutions/geforce/ampere/pdf/NVIDIA-ampere-GA102-GPU-Architecture-Whitepaper-V1.pdf,142.0,284.0,1024.0,1935.0,measured_avg_sm_clock_mhz,warp-level HMMA mma.sync.aligned.m16n8k16 pair -> logical m16n16k16,"dense FP16 Tensor Core HMMA normalization only; no sparsity, no WGMMA",162.47808,1006.73303693293,98.31377313798146,True,False,159.738330970148,nan,204.79375580385974,139.6663459387853,454.065,17.286,nvml_total_energy_counter,nvml_total_energy_counter,528.0037117895749,nan,238.1418149731112,nan,average_instant,average_instant,238.131875,nan,238.115,nan,370.0,nan,454.065,17.286,-73.93871178957494,nan,0.859965545433435,nan,300.71589586574754,0.6622749955749674,0.33772500442503267,0.6819853729942337,True,65.12740986507444,153.34910413425246,0.4458692135876343,0.40771309847506476,nan,nan,0.4458692135876343,0.29724614239175623,0.22293460679381716,16,0,2,0,1935.0,0.0,72.0,99.875,100.0,100.0,100.0,True,True,True,pure_fp16_candidate_no_l2,launch_shape_tensor_mma_f16acc_t256_b04_rep007_test_56be8517,launch_shape_tensor_mma_f16acc_t256_b04_rep007_baseline_b462a8ef,results/diagnostic_fp16_launch_shape_rtx3090_20260602_125100/raw/launch_shape_tensor_mma_f16acc_t256_b04_rep007_test_56be8517/power.csv,results/diagnostic_fp16_launch_shape_rtx3090_20260602_125100/raw/launch_shape_tensor_mma_f16acc_t256_b04_rep007_baseline_b462a8ef/power.csv,results/diagnostic_fp16_launch_shape_rtx3090_20260602_125100/raw/launch_shape_tensor_mma_f16acc_t256_b04_rep007_test_56be8517/sm_util.csv,results/diagnostic_fp16_launch_shape_rtx3090_20260602_125100/raw/launch_shape_tensor_mma_f16acc_t256_b04_rep007_baseline_b462a8ef/sm_util.csv
launch_shape_tensor_mma_f16acc_t256_b04,8,8,NVIDIA GeForce RTX 3090,ampere,ga102,consumer,86,82,benchmark uses warp-level HMMA mma.sync m16n8k16 pairs,False,False,tensor_core_mma_m16n16k16_f16acc,fp16-energy-bench-v2,fp16-energy-bench-v2,"nvml_timed_energy_counter,explicit_m16n16k16_denominator,strict_denominator_provenance,tensor_no_memory_warpsync_baseline","nvml_timed_energy_counter,explicit_m16n16k16_denominator,strict_denominator_provenance,tensor_no_memory_warpsync_baseline",d46eadcde2d6,d46eadcde2d6,tensor_mma_f16acc,tensor_baseline_mov,328,256,1024.0,4,1000000,8,2.16101367188,0.122042366028,343932928000000.0,0.0,0.0,343932928000000.0,171966464000000.0,171966464000000.0,515899392000000.0,687865856000000.0,41984000000.0,8192.0,8192.0,4096.0,4096.0,12288.0,16384.0,True,bench_json_metadata,True,logical_m16n16k16_input_bits_8192,ga102,"RTX 3090 FE dense FP16 Tensor Core peak, no sparsity",https://www.nvidia.com/content/dam/en-zz/Solutions/geforce/ampere/pdf/NVIDIA-ampere-GA102-GPU-Architecture-Whitepaper-V1.pdf,142.0,284.0,1024.0,1927.5,measured_avg_sm_clock_mhz,warp-level HMMA mma.sync.aligned.m16n8k16 pair -> logical m16n16k16,"dense FP16 Tensor Core HMMA normalization only; no sparsity, no WGMMA",161.84832,1006.9502252332262,98.33498293293225,True,False,159.15351784923757,nan,204.6349487629397,170.6032932807075,455.381,21.528,nvml_total_energy_counter,nvml_total_energy_counter,529.6550437238755,20.76793578756,238.01153920446365,164.58,average_instant,average_instant,237.99125,164.58,237.778125,224.83,370.0,370.0,455.381,21.528,-74.27404372387548,0.7600642124399997,0.8597690240015977,1.0365979662213363,368.6760492473623,0.8095991032725615,0.1904008967274385,0.8336957802762405,True,34.031655482232196,86.70495075263767,0.25209842877457106,0.2138291125582885,nan,nan,0.25209842877457106,0.16806561918304735,0.12604921438728553,16,1,2,0,1927.5,15.0,72.0,99.9375,100.0,100.0,100.0,True,True,True,pure_fp16_candidate_no_l2,launch_shape_tensor_mma_f16acc_t256_b04_rep008_test_a4b49e64,launch_shape_tensor_mma_f16acc_t256_b04_rep008_baseline_10e773f8,results/diagnostic_fp16_launch_shape_rtx3090_20260602_125100/raw/launch_shape_tensor_mma_f16acc_t256_b04_rep008_test_a4b49e64/power.csv,results/diagnostic_fp16_launch_shape_rtx3090_20260602_125100/raw/launch_shape_tensor_mma_f16acc_t256_b04_rep008_baseline_10e773f8/power.csv,results/diagnostic_fp16_launch_shape_rtx3090_20260602_125100/raw/launch_shape_tensor_mma_f16acc_t256_b04_rep008_test_a4b49e64/sm_util.csv,results/diagnostic_fp16_launch_shape_rtx3090_20260602_125100/raw/launch_shape_tensor_mma_f16acc_t256_b04_rep008_baseline_10e773f8/sm_util.csv
launch_shape_tensor_mma_f16acc_t256_b04,9,9,NVIDIA GeForce RTX 3090,ampere,ga102,consumer,86,82,benchmark uses warp-level HMMA mma.sync m16n8k16 pairs,False,False,tensor_core_mma_m16n16k16_f16acc,fp16-energy-bench-v2,fp16-energy-bench-v2,"nvml_timed_energy_counter,explicit_m16n16k16_denominator,strict_denominator_provenance,tensor_no_memory_warpsync_baseline","nvml_timed_energy_counter,explicit_m16n16k16_denominator,strict_denominator_provenance,tensor_no_memory_warpsync_baseline",d46eadcde2d6,d46eadcde2d6,tensor_mma_f16acc,tensor_baseline_mov,328,256,1024.0,4,1000000,8,2.16667626953,0.12115766143800001,343932928000000.0,0.0,0.0,343932928000000.0,171966464000000.0,171966464000000.0,515899392000000.0,687865856000000.0,41984000000.0,8192.0,8192.0,4096.0,4096.0,12288.0,16384.0,True,bench_json_metadata,True,logical_m16n16k16_input_bits_8192,ga102,"RTX 3090 FE dense FP16 Tensor Core peak, no sparsity",https://www.nvidia.com/content/dam/en-zz/Solutions/geforce/ampere/pdf/NVIDIA-ampere-GA102-GPU-Architecture-Whitepaper-V1.pdf,142.0,284.0,1024.0,1921.875,measured_avg_sm_clock_mhz,warp-level HMMA mma.sync.aligned.m16n8k16 pair -> logical m16n16k16,"dense FP16 Tensor Core HMMA normalization only; no sparsity, no WGMMA",161.376,1007.2580348028755,98.36504246121831,True,False,158.73757092221567,nan,203.90007102076714,299.5349312193603,454.878,37.497,nvml_total_energy_counter,nvml_total_energy_counter,530.7339859092594,20.657874241280002,237.90268471993116,165.02,average_instant,average_instant,237.9,165.02,237.645,229.23,370.0,370.0,454.878,37.497,-75.85598590925946,16.839125758719998,0.8570734342943911,1.8151432021534377,648.9952273682887,1.4267456930611917,-0.4267456930611917,1.4690280867477128,True,-95.63486019859317,-194.11722736828875,-0.5644043113205165,-0.6024714857546611,nan,nan,-0.5644043113205165,-0.37626954088034426,-0.28220215566025825,16,1,2,0,1921.875,15.0,73.0,99.875,100.0,100.0,100.0,False,False,False,invalid_or_nonpositive_increment,launch_shape_tensor_mma_f16acc_t256_b04_rep009_test_236ca8d8,launch_shape_tensor_mma_f16acc_t256_b04_rep009_baseline_afc77fd9,results/diagnostic_fp16_launch_shape_rtx3090_20260602_125100/raw/launch_shape_tensor_mma_f16acc_t256_b04_rep009_test_236ca8d8/power.csv,results/diagnostic_fp16_launch_shape_rtx3090_20260602_125100/raw/launch_shape_tensor_mma_f16acc_t256_b04_rep009_baseline_afc77fd9/power.csv,results/diagnostic_fp16_launch_shape_rtx3090_20260602_125100/raw/launch_shape_tensor_mma_f16acc_t256_b04_rep009_test_236ca8d8/sm_util.csv,results/diagnostic_fp16_launch_shape_rtx3090_20260602_125100/raw/launch_shape_tensor_mma_f16acc_t256_b04_rep009_baseline_afc77fd9/sm_util.csv
launch_shape_tensor_mma_f16acc_t256_b08,0,0,NVIDIA GeForce RTX 3090,ampere,ga102,consumer,86,82,benchmark uses warp-level HMMA mma.sync m16n8k16 pairs,False,False,tensor_core_mma_m16n16k16_f16acc,fp16-energy-bench-v2,fp16-energy-bench-v2,"nvml_timed_energy_counter,explicit_m16n16k16_denominator,strict_denominator_provenance,tensor_no_memory_warpsync_baseline","nvml_timed_energy_counter,explicit_m16n16k16_denominator,strict_denominator_provenance,tensor_no_memory_warpsync_baseline",d46eadcde2d6,d46eadcde2d6,tensor_mma_f16acc,tensor_baseline_mov,656,256,2048.0,8,1000000,8,4.29819189453,0.209344512939,687865856000000.0,0.0,0.0,687865856000000.0,343932928000000.0,343932928000000.0,1031798784000000.0,1375731712000000.0,83968000000.0,8192.0,8192.0,4096.0,4096.0,12288.0,16384.0,True,bench_json_metadata,True,logical_m16n16k16_input_bits_8192,ga102,"RTX 3090 FE dense FP16 Tensor Core peak, no sparsity",https://www.nvidia.com/content/dam/en-zz/Solutions/geforce/ampere/pdf/NVIDIA-ampere-GA102-GPU-Architecture-Whitepaper-V1.pdf,142.0,284.0,1024.0,1935.0,measured_avg_sm_clock_mhz,warp-level HMMA mma.sync.aligned.m16n8k16 pair -> logical m16n16k16,"dense FP16 Tensor Core HMMA normalization only; no sparsity, no WGMMA",162.47808,1008.6096756949433,98.4970386420843,True,False,160.03609724251666,nan,206.2642688668234,304.8830569661925,912.187,66.148,nvml_total_energy_counter,nvml_total_energy_counter,1021.7015875939737,37.83381193688,231.02777277591514,174.38,average_instant,average_instant,231.0069696969697,174.38,231.0621212121212,240.42,370.0,370.0,912.187,66.148,-109.51458759397372,28.31418806312,0.8928115714766854,1.74838316874752,1310.445884231617,1.4365978513524276,-0.4365978513524276,1.4781186224893044,True,-98.61878809936911,-398.2588842316169,-0.5789775444699742,-0.6162283997086199,nan,nan,-0.5789775444699742,-0.3859850296466495,-0.2894887722349871,33,1,4,0,1935.0,0.0,67.0,99.87878787878788,100.0,100.0,100.0,False,False,False,invalid_or_nonpositive_increment,launch_shape_tensor_mma_f16acc_t256_b08_rep000_test_bf974206,launch_shape_tensor_mma_f16acc_t256_b08_rep000_baseline_89e2350c,results/diagnostic_fp16_launch_shape_rtx3090_20260602_125100/raw/launch_shape_tensor_mma_f16acc_t256_b08_rep000_test_bf974206/power.csv,results/diagnostic_fp16_launch_shape_rtx3090_20260602_125100/raw/launch_shape_tensor_mma_f16acc_t256_b08_rep000_baseline_89e2350c/power.csv,results/diagnostic_fp16_launch_shape_rtx3090_20260602_125100/raw/launch_shape_tensor_mma_f16acc_t256_b08_rep000_test_bf974206/sm_util.csv,results/diagnostic_fp16_launch_shape_rtx3090_20260602_125100/raw/launch_shape_tensor_mma_f16acc_t256_b08_rep000_baseline_89e2350c/sm_util.csv
launch_shape_tensor_mma_f16acc_t256_b08,1,1,NVIDIA GeForce RTX 3090,ampere,ga102,consumer,86,82,benchmark uses warp-level HMMA mma.sync m16n8k16 pairs,False,False,tensor_core_mma_m16n16k16_f16acc,fp16-energy-bench-v2,fp16-energy-bench-v2,"nvml_timed_energy_counter,explicit_m16n16k16_denominator,strict_denominator_provenance,tensor_no_memory_warpsync_baseline","nvml_timed_energy_counter,explicit_m16n16k16_denominator,strict_denominator_provenance,tensor_no_memory_warpsync_baseline",d46eadcde2d6,d46eadcde2d6,tensor_mma_f16acc,tensor_baseline_mov,656,256,2048.0,8,1000000,8,4.31153027344,0.20997836303700002,687865856000000.0,0.0,0.0,687865856000000.0,343932928000000.0,343932928000000.0,1031798784000000.0,1375731712000000.0,83968000000.0,8192.0,8192.0,4096.0,4096.0,12288.0,16384.0,True,bench_json_metadata,True,logical_m16n16k16_input_bits_8192,ga102,"RTX 3090 FE dense FP16 Tensor Core peak, no sparsity",https://www.nvidia.com/content/dam/en-zz/Solutions/geforce/ampere/pdf/NVIDIA-ampere-GA102-GPU-Architecture-Whitepaper-V1.pdf,142.0,284.0,1024.0,1935.0,measured_avg_sm_clock_mhz,warp-level HMMA mma.sync.aligned.m16n8k16 pair -> logical m16n16k16,"dense FP16 Tensor Core HMMA normalization only; no sparsity, no WGMMA",162.47808,1005.489387265198,98.192322975117,True,False,159.54100107736897,nan,211.72971944306767,309.67825832809854,939.798,67.06,nvml_total_energy_counter,nvml_total_energy_counter,1041.735678941529,37.2916156993,234.69554418728654,172.21,average_instant,average_instant,234.7109090909091,172.21,234.7669696969697,238.07,370.0,370.0,939.798,67.06,-101.93767894152893,29.7683843007,0.9021463111975734,1.7982594409621886,1335.1871858077695,1.4207172028539852,-0.4207172028539852,1.4626111966835549,True,-97.94853888503087,-395.38918580776954,-0.5748056577586103,-0.6139396031339367,nan,nan,-0.5748056577586103,-0.38320377183907356,-0.28740282887930513,33,1,4,0,1935.0,0.0,70.0,99.93939393939394,100.0,100.0,100.0,False,False,False,invalid_or_nonpositive_increment,launch_shape_tensor_mma_f16acc_t256_b08_rep001_test_4fc79e94,launch_shape_tensor_mma_f16acc_t256_b08_rep001_baseline_5df87e32,results/diagnostic_fp16_launch_shape_rtx3090_20260602_125100/raw/launch_shape_tensor_mma_f16acc_t256_b08_rep001_test_4fc79e94/power.csv,results/diagnostic_fp16_launch_shape_rtx3090_20260602_125100/raw/launch_shape_tensor_mma_f16acc_t256_b08_rep001_baseline_5df87e32/power.csv,results/diagnostic_fp16_launch_shape_rtx3090_20260602_125100/raw/launch_shape_tensor_mma_f16acc_t256_b08_rep001_test_4fc79e94/sm_util.csv,results/diagnostic_fp16_launch_shape_rtx3090_20260602_125100/raw/launch_shape_tensor_mma_f16acc_t256_b08_rep001_baseline_5df87e32/sm_util.csv
launch_shape_tensor_mma_f16acc_t256_b08,2,2,NVIDIA GeForce RTX 3090,ampere,ga102,consumer,86,82,benchmark uses warp-level HMMA mma.sync m16n8k16 pairs,False,False,tensor_core_mma_m16n16k16_f16acc,fp16-energy-bench-v2,fp16-energy-bench-v2,"nvml_timed_energy_counter,explicit_m16n16k16_denominator,strict_denominator_provenance,tensor_no_memory_warpsync_baseline","nvml_timed_energy_counter,explicit_m16n16k16_denominator,strict_denominator_provenance,tensor_no_memory_warpsync_baseline",d46eadcde2d6,d46eadcde2d6,tensor_mma_f16acc,tensor_baseline_mov,656,256,2048.0,8,1000000,8,4.31055371094,0.209698791504,687865856000000.0,0.0,0.0,687865856000000.0,343932928000000.0,343932928000000.0,1031798784000000.0,1375731712000000.0,83968000000.0,8192.0,8192.0,4096.0,4096.0,12288.0,16384.0,True,bench_json_metadata,True,logical_m16n16k16_input_bits_8192,ga102,"RTX 3090 FE dense FP16 Tensor Core peak, no sparsity",https://www.nvidia.com/content/dam/en-zz/Solutions/geforce/ampere/pdf/NVIDIA-ampere-GA102-GPU-Architecture-Whitepaper-V1.pdf,142.0,284.0,1024.0,1935.0,measured_avg_sm_clock_mhz,warp-level HMMA mma.sync.aligned.m16n8k16 pair -> logical m16n16k16,"dense FP16 Tensor Core HMMA normalization only; no sparsity, no WGMMA",162.47808,1005.7171824153337,98.21456859524743,True,False,159.577145333841,nan,209.27695650620086,211.91992843500773,928.548,45.835,nvml_total_energy_counter,nvml_total_energy_counter,1049.4993228810079,37.9427933436,236.53707094071166,175.43,average_instant,average_instant,236.5107894736842,175.43,235.91421052631577,244.42,370.0,370.0,928.548,45.835,-120.95132288100785,7.892206656399999,0.8847533102270316,1.2080027842159706,913.4922339376618,0.9837856889871733,0.016214311012826686,1.012629063289768,True,-2.6429719288068725,15.055766062338193,0.021887648487001213,-0.016562346213661625,nan,nan,0.021887648487001213,0.014591765658000808,0.010943824243500606,38,1,5,0,1935.0,0.0,71.0,99.39473684210526,100.0,100.0,100.0,False,False,False,invalid_or_nonpositive_increment,launch_shape_tensor_mma_f16acc_t256_b08_rep002_test_5018eb24,launch_shape_tensor_mma_f16acc_t256_b08_rep002_baseline_1729b4b4,results/diagnostic_fp16_launch_shape_rtx3090_20260602_125100/raw/launch_shape_tensor_mma_f16acc_t256_b08_rep002_test_5018eb24/power.csv,results/diagnostic_fp16_launch_shape_rtx3090_20260602_125100/raw/launch_shape_tensor_mma_f16acc_t256_b08_rep002_baseline_1729b4b4/power.csv,results/diagnostic_fp16_launch_shape_rtx3090_20260602_125100/raw/launch_shape_tensor_mma_f16acc_t256_b08_rep002_test_5018eb24/sm_util.csv,results/diagnostic_fp16_launch_shape_rtx3090_20260602_125100/raw/launch_shape_tensor_mma_f16acc_t256_b08_rep002_baseline_1729b4b4/sm_util.csv
launch_shape_tensor_mma_f16acc_t256_b08,3,3,NVIDIA GeForce RTX 3090,ampere,ga102,consumer,86,82,benchmark uses warp-level HMMA mma.sync m16n8k16 pairs,False,False,tensor_core_mma_m16n16k16_f16acc,fp16-energy-bench-v2,fp16-energy-bench-v2,"nvml_timed_energy_counter,explicit_m16n16k16_denominator,strict_denominator_provenance,tensor_no_memory_warpsync_baseline","nvml_timed_energy_counter,explicit_m16n16k16_denominator,strict_denominator_provenance,tensor_no_memory_warpsync_baseline",d46eadcde2d6,d46eadcde2d6,tensor_mma_f16acc,tensor_baseline_mov,656,256,2048.0,8,1000000,8,4.308373535159999,0.205833221436,687865856000000.0,0.0,0.0,687865856000000.0,343932928000000.0,343932928000000.0,1031798784000000.0,1375731712000000.0,83968000000.0,8192.0,8192.0,4096.0,4096.0,12288.0,16384.0,True,bench_json_metadata,True,logical_m16n16k16_input_bits_8192,ga102,"RTX 3090 FE dense FP16 Tensor Core peak, no sparsity",https://www.nvidia.com/content/dam/en-zz/Solutions/geforce/ampere/pdf/NVIDIA-ampere-GA102-GPU-Architecture-Whitepaper-V1.pdf,142.0,284.0,1024.0,1935.0,measured_avg_sm_clock_mhz,warp-level HMMA mma.sync.aligned.m16n8k16 pair -> logical m16n16k16,"dense FP16 Tensor Core HMMA normalization only; no sparsity, no WGMMA",162.47808,1006.2261077034356,98.26426833041363,True,False,159.65789650930412,nan,266.4844816011437,180.4949106179915,933.578,38.363,nvml_total_energy_counter,nvml_total_energy_counter,830.7373585800823,37.756207621959994,237.12921078679733,177.64,average_instant,average_instant,237.12,177.64,237.18333333333334,241.1,370.0,370.0,933.578,38.363,102.84064141991769,0.6067923780400051,1.1237944103003812,1.0160713275050188,777.6394961376242,0.8329668181315586,0.1670331818684414,0.6773186548556486,True,85.98957098315222,155.9385038623758,0.2266990031590924,0.538586395431692,nan,nan,0.2266990031590924,0.15113266877272827,0.1133495015795462,33,1,4,0,1935.0,0.0,72.0,99.96969696969697,100.0,100.0,100.0,True,True,True,pure_fp16_candidate_no_l2,launch_shape_tensor_mma_f16acc_t256_b08_rep003_test_0a9b563a,launch_shape_tensor_mma_f16acc_t256_b08_rep003_baseline_d8d525c9,results/diagnostic_fp16_launch_shape_rtx3090_20260602_125100/raw/launch_shape_tensor_mma_f16acc_t256_b08_rep003_test_0a9b563a/power.csv,results/diagnostic_fp16_launch_shape_rtx3090_20260602_125100/raw/launch_shape_tensor_mma_f16acc_t256_b08_rep003_baseline_d8d525c9/power.csv,results/diagnostic_fp16_launch_shape_rtx3090_20260602_125100/raw/launch_shape_tensor_mma_f16acc_t256_b08_rep003_test_0a9b563a/sm_util.csv,results/diagnostic_fp16_launch_shape_rtx3090_20260602_125100/raw/launch_shape_tensor_mma_f16acc_t256_b08_rep003_baseline_d8d525c9/sm_util.csv
launch_shape_tensor_mma_f16acc_t256_b08,4,4,NVIDIA GeForce RTX 3090,ampere,ga102,consumer,86,82,benchmark uses warp-level HMMA mma.sync m16n8k16 pairs,False,False,tensor_core_mma_m16n16k16_f16acc,fp16-energy-bench-v2,fp16-energy-bench-v2,"nvml_timed_energy_counter,explicit_m16n16k16_denominator,strict_denominator_provenance,tensor_no_memory_warpsync_baseline","nvml_timed_energy_counter,explicit_m16n16k16_denominator,strict_denominator_provenance,tensor_no_memory_warpsync_baseline",d46eadcde2d6,d46eadcde2d6,tensor_mma_f16acc,tensor_baseline_mov,656,256,2048.0,8,1000000,8,4.3128032226599995,0.210049118042,687865856000000.0,0.0,0.0,687865856000000.0,343932928000000.0,343932928000000.0,1031798784000000.0,1375731712000000.0,83968000000.0,8192.0,8192.0,4096.0,4096.0,12288.0,16384.0,True,bench_json_metadata,True,logical_m16n16k16_input_bits_8192,ga102,"RTX 3090 FE dense FP16 Tensor Core peak, no sparsity",https://www.nvidia.com/content/dam/en-zz/Solutions/geforce/ampere/pdf/NVIDIA-ampere-GA102-GPU-Architecture-Whitepaper-V1.pdf,142.0,284.0,1024.0,1934.53125,measured_avg_sm_clock_mhz,warp-level HMMA mma.sync.aligned.m16n8k16 pair -> logical m16n16k16,"dense FP16 Tensor Core HMMA normalization only; no sparsity, no WGMMA",162.43872,1005.4361761278531,98.18712657498565,True,False,159.49391161318653,nan,268.6365478376439,190.7548575743781,931.072,41.512,nvml_total_energy_counter,nvml_total_energy_counter,823.4567127037942,39.83527180710001,237.5869627638698,183.05,average_instant,average_instant,237.645,183.05,237.8178125,225.49,370.0,370.0,931.072,41.512,107.61528729620579,1.6767281928999935,1.1306872427366028,1.0420915464320026,822.6881644848271,0.8835924230186571,0.11640757698134291,0.7100852773378579,True,77.8816902632658,108.3838355151729,0.15756536622624995,0.4883050987685899,nan,nan,0.15756536622624995,0.10504357748416664,0.07878268311312497,32,2,4,0,1934.53125,15.0,72.0,99.90625,100.0,100.0,100.0,True,True,True,pure_fp16_candidate_no_l2,launch_shape_tensor_mma_f16acc_t256_b08_rep004_test_6eb0a68c,launch_shape_tensor_mma_f16acc_t256_b08_rep004_baseline_198655d7,results/diagnostic_fp16_launch_shape_rtx3090_20260602_125100/raw/launch_shape_tensor_mma_f16acc_t256_b08_rep004_test_6eb0a68c/power.csv,results/diagnostic_fp16_launch_shape_rtx3090_20260602_125100/raw/launch_shape_tensor_mma_f16acc_t256_b08_rep004_baseline_198655d7/power.csv,results/diagnostic_fp16_launch_shape_rtx3090_20260602_125100/raw/launch_shape_tensor_mma_f16acc_t256_b08_rep004_test_6eb0a68c/sm_util.csv,results/diagnostic_fp16_launch_shape_rtx3090_20260602_125100/raw/launch_shape_tensor_mma_f16acc_t256_b08_rep004_baseline_198655d7/sm_util.csv
launch_shape_tensor_mma_f16acc_t256_b08,5,5,NVIDIA GeForce RTX 3090,ampere,ga102,consumer,86,82,benchmark uses warp-level HMMA mma.sync m16n8k16 pairs,False,False,tensor_core_mma_m16n16k16_f16acc,fp16-energy-bench-v2,fp16-energy-bench-v2,"nvml_timed_energy_counter,explicit_m16n16k16_denominator,strict_denominator_provenance,tensor_no_memory_warpsync_baseline","nvml_timed_energy_counter,explicit_m16n16k16_denominator,strict_denominator_provenance,tensor_no_memory_warpsync_baseline",d46eadcde2d6,d46eadcde2d6,tensor_mma_f16acc,tensor_baseline_mov,656,256,2048.0,8,1000000,8,4.336000976559999,0.21274111938499998,687865856000000.0,0.0,0.0,687865856000000.0,343932928000000.0,343932928000000.0,1031798784000000.0,1375731712000000.0,83968000000.0,8192.0,8192.0,4096.0,4096.0,12288.0,16384.0,True,bench_json_metadata,True,logical_m16n16k16_input_bits_8192,ga102,"RTX 3090 FE dense FP16 Tensor Core peak, no sparsity",https://www.nvidia.com/content/dam/en-zz/Solutions/geforce/ampere/pdf/NVIDIA-ampere-GA102-GPU-Architecture-Whitepaper-V1.pdf,142.0,284.0,1024.0,1924.5454545454545,measured_avg_sm_clock_mhz,warp-level HMMA mma.sync.aligned.m16n8k16 pair -> logical m16n16k16,"dense FP16 Tensor Core HMMA normalization only; no sparsity, no WGMMA",161.60023272727273,1005.2460055586964,98.16855523034145,True,False,158.64061371723304,nan,215.24207414923492,176.34232059074355,960.593,39.216,nvml_total_energy_counter,nvml_total_energy_counter,1060.6707661027629,39.73364247747,237.66670763311487,178.67,average_instant,average_instant,237.6690909090909,178.67,237.61696969696968,241.35000000000002,370.0,370.0,960.593,39.216,-100.0777661027629,-0.5176424774699981,0.9056467196974985,0.986972186661127,764.6204742903205,0.7959879723153517,0.20401202768464835,0.8192743973860761,True,38.89975355849137,195.97252570967942,0.2848993361136963,0.24520677679568073,nan,nan,0.2848993361136963,0.1899328907424642,0.14244966805684814,33,2,4,0,1924.5454545454545,15.0,73.0,99.87878787878788,100.0,100.0,100.0,True,True,True,pure_fp16_candidate_no_l2,launch_shape_tensor_mma_f16acc_t256_b08_rep005_test_ebc2bedb,launch_shape_tensor_mma_f16acc_t256_b08_rep005_baseline_a5fb16d6,results/diagnostic_fp16_launch_shape_rtx3090_20260602_125100/raw/launch_shape_tensor_mma_f16acc_t256_b08_rep005_test_ebc2bedb/power.csv,results/diagnostic_fp16_launch_shape_rtx3090_20260602_125100/raw/launch_shape_tensor_mma_f16acc_t256_b08_rep005_baseline_a5fb16d6/power.csv,results/diagnostic_fp16_launch_shape_rtx3090_20260602_125100/raw/launch_shape_tensor_mma_f16acc_t256_b08_rep005_test_ebc2bedb/sm_util.csv,results/diagnostic_fp16_launch_shape_rtx3090_20260602_125100/raw/launch_shape_tensor_mma_f16acc_t256_b08_rep005_baseline_a5fb16d6/sm_util.csv
launch_shape_tensor_mma_f16acc_t256_b08,6,6,NVIDIA GeForce RTX 3090,ampere,ga102,consumer,86,82,benchmark uses warp-level HMMA mma.sync m16n8k16 pairs,False,False,tensor_core_mma_m16n16k16_f16acc,fp16-energy-bench-v2,fp16-energy-bench-v2,"nvml_timed_energy_counter,explicit_m16n16k16_denominator,strict_denominator_provenance,tensor_no_memory_warpsync_baseline","nvml_timed_energy_counter,explicit_m16n16k16_denominator,strict_denominator_provenance,tensor_no_memory_warpsync_baseline",d46eadcde2d6,d46eadcde2d6,tensor_mma_f16acc,tensor_baseline_mov,656,256,2048.0,8,1000000,8,4.34606201172,0.209374206543,687865856000000.0,0.0,0.0,687865856000000.0,343932928000000.0,343932928000000.0,1031798784000000.0,1375731712000000.0,83968000000.0,8192.0,8192.0,4096.0,4096.0,12288.0,16384.0,True,bench_json_metadata,True,logical_m16n16k16_input_bits_8192,ga102,"RTX 3090 FE dense FP16 Tensor Core peak, no sparsity",https://www.nvidia.com/content/dam/en-zz/Solutions/geforce/ampere/pdf/NVIDIA-ampere-GA102-GPU-Architecture-Whitepaper-V1.pdf,142.0,284.0,1024.0,1920.0,measured_avg_sm_clock_mhz,warp-level HMMA mma.sync.aligned.m16n8k16 pair -> logical m16n16k16,"dense FP16 Tensor Core HMMA normalization only; no sparsity, no WGMMA",161.21856,1005.2932182938554,98.17316584900931,True,False,158.27336428818458,nan,212.61136842184214,185.9587327219226,951.534,40.178,nvml_total_energy_counter,nvml_total_energy_counter,1062.7301877941138,39.10014094833,237.45711607794132,180.97,average_instant,average_instant,237.47058823529412,180.97,237.45764705882354,248.25,370.0,370.0,951.534,40.178,-111.19618779411383,1.0778590516699964,0.8953674327959749,1.0275666282915543,808.1881840303406,0.8493529227860913,0.1506470772139087,0.8746415307057426,True,26.652635699919557,143.34581596965938,0.20839210831487961,0.16839621638035293,nan,nan,0.20839210831487961,0.13892807220991973,0.10419605415743981,34,1,4,0,1920.0,0.0,73.0,99.88235294117646,100.0,100.0,100.0,True,True,True,pure_fp16_candidate_no_l2,launch_shape_tensor_mma_f16acc_t256_b08_rep006_test_0495611e,launch_shape_tensor_mma_f16acc_t256_b08_rep006_baseline_437145f8,results/diagnostic_fp16_launch_shape_rtx3090_20260602_125100/raw/launch_shape_tensor_mma_f16acc_t256_b08_rep006_test_0495611e/power.csv,results/diagnostic_fp16_launch_shape_rtx3090_20260602_125100/raw/launch_shape_tensor_mma_f16acc_t256_b08_rep006_baseline_437145f8/power.csv,results/diagnostic_fp16_launch_shape_rtx3090_20260602_125100/raw/launch_shape_tensor_mma_f16acc_t256_b08_rep006_test_0495611e/sm_util.csv,results/diagnostic_fp16_launch_shape_rtx3090_20260602_125100/raw/launch_shape_tensor_mma_f16acc_t256_b08_rep006_baseline_437145f8/sm_util.csv
launch_shape_tensor_mma_f16acc_t256_b08,7,7,NVIDIA GeForce RTX 3090,ampere,ga102,consumer,86,82,benchmark uses warp-level HMMA mma.sync m16n8k16 pairs,False,False,tensor_core_mma_m16n16k16_f16acc,fp16-energy-bench-v2,fp16-energy-bench-v2,"nvml_timed_energy_counter,explicit_m16n16k16_denominator,strict_denominator_provenance,tensor_no_memory_warpsync_baseline","nvml_timed_energy_counter,explicit_m16n16k16_denominator,strict_denominator_provenance,tensor_no_memory_warpsync_baseline",d46eadcde2d6,d46eadcde2d6,tensor_mma_f16acc,tensor_baseline_mov,656,256,2048.0,8,1000000,8,4.34338671875,0.210621185303,687865856000000.0,0.0,0.0,687865856000000.0,343932928000000.0,343932928000000.0,1031798784000000.0,1375731712000000.0,83968000000.0,8192.0,8192.0,4096.0,4096.0,12288.0,16384.0,True,bench_json_metadata,True,logical_m16n16k16_input_bits_8192,ga102,"RTX 3090 FE dense FP16 Tensor Core peak, no sparsity",https://www.nvidia.com/content/dam/en-zz/Solutions/geforce/ampere/pdf/NVIDIA-ampere-GA102-GPU-Architecture-Whitepaper-V1.pdf,142.0,284.0,1024.0,1920.0,measured_avg_sm_clock_mhz,warp-level HMMA mma.sync.aligned.m16n8k16 pair -> logical m16n16k16,"dense FP16 Tensor Core HMMA normalization only; no sparsity, no WGMMA",161.21856,1005.9124249300228,98.23363524707254,True,False,158.37085218098278,nan,214.1953236239957,197.75336335406595,957.997,42.986,nvml_total_energy_counter,nvml_total_energy_counter,1062.6654112813223,38.5400160621,237.59778128055657,177.3,average_instant,average_instant,237.60363636363635,177.3,237.58666666666664,243.77,370.0,370.0,957.997,42.986,-104.66841128132239,4.445983937899996,0.901503888081652,1.1153601994025153,858.919331980193,0.8965783107673542,0.10342168923264582,0.923238472289001,True,16.44196026992975,99.07766801980699,0.1440363221340165,0.1038193584457084,nan,nan,0.1440363221340165,0.09602421475601099,0.07201816106700824,33,1,4,0,1920.0,0.0,73.0,99.93939393939394,100.0,100.0,100.0,True,True,True,pure_fp16_candidate_no_l2,launch_shape_tensor_mma_f16acc_t256_b08_rep007_test_68be0ac9,launch_shape_tensor_mma_f16acc_t256_b08_rep007_baseline_59ff3491,results/diagnostic_fp16_launch_shape_rtx3090_20260602_125100/raw/launch_shape_tensor_mma_f16acc_t256_b08_rep007_test_68be0ac9/power.csv,results/diagnostic_fp16_launch_shape_rtx3090_20260602_125100/raw/launch_shape_tensor_mma_f16acc_t256_b08_rep007_baseline_59ff3491/power.csv,results/diagnostic_fp16_launch_shape_rtx3090_20260602_125100/raw/launch_shape_tensor_mma_f16acc_t256_b08_rep007_test_68be0ac9/sm_util.csv,results/diagnostic_fp16_launch_shape_rtx3090_20260602_125100/raw/launch_shape_tensor_mma_f16acc_t256_b08_rep007_baseline_59ff3491/sm_util.csv
launch_shape_tensor_mma_f16acc_t256_b08,8,8,NVIDIA GeForce RTX 3090,ampere,ga102,consumer,86,82,benchmark uses warp-level HMMA mma.sync m16n8k16 pairs,False,False,tensor_core_mma_m16n16k16_f16acc,fp16-energy-bench-v2,fp16-energy-bench-v2,"nvml_timed_energy_counter,explicit_m16n16k16_denominator,strict_denominator_provenance,tensor_no_memory_warpsync_baseline","nvml_timed_energy_counter,explicit_m16n16k16_denominator,strict_denominator_provenance,tensor_no_memory_warpsync_baseline",d46eadcde2d6,d46eadcde2d6,tensor_mma_f16acc,tensor_baseline_mov,656,256,2048.0,8,1000000,8,4.34230859375,0.208096282959,687865856000000.0,0.0,0.0,687865856000000.0,343932928000000.0,343932928000000.0,1031798784000000.0,1375731712000000.0,83968000000.0,8192.0,8192.0,4096.0,4096.0,12288.0,16384.0,True,bench_json_metadata,True,logical_m16n16k16_input_bits_8192,ga102,"RTX 3090 FE dense FP16 Tensor Core peak, no sparsity",https://www.nvidia.com/content/dam/en-zz/Solutions/geforce/ampere/pdf/NVIDIA-ampere-GA102-GPU-Architecture-Whitepaper-V1.pdf,142.0,284.0,1024.0,1920.0,measured_avg_sm_clock_mhz,warp-level HMMA mma.sync.aligned.m16n8k16 pair -> logical m16n16k16,"dense FP16 Tensor Core HMMA normalization only; no sparsity, no WGMMA",161.21856,1006.1621767175138,98.2580250700697,True,False,158.41017310240537,nan,212.22997261167802,194.23650835079445,948.965,41.731,nvml_total_energy_counter,nvml_total_energy_counter,1064.5424766250267,38.38229596125,238.0781384541024,178.65,average_instant,average_instant,238.08515151515152,178.65,238.12727272727273,243.75,370.0,370.0,948.965,41.731,-115.57747662502663,3.3487040387500002,0.8914299061213153,1.0872460584987096,843.4348594316484,0.8887944860259845,0.11120551397401549,0.915217139033389,True,17.99346426088357,105.53014056835161,0.1534167449188692,0.11358780757881988,nan,nan,0.1534167449188692,0.1022778299459128,0.0767083724594346,33,1,4,0,1920.0,0.0,73.0,99.96969696969697,100.0,100.0,100.0,True,True,True,pure_fp16_candidate_no_l2,launch_shape_tensor_mma_f16acc_t256_b08_rep008_test_82c288fe,launch_shape_tensor_mma_f16acc_t256_b08_rep008_baseline_7f19b53c,results/diagnostic_fp16_launch_shape_rtx3090_20260602_125100/raw/launch_shape_tensor_mma_f16acc_t256_b08_rep008_test_82c288fe/power.csv,results/diagnostic_fp16_launch_shape_rtx3090_20260602_125100/raw/launch_shape_tensor_mma_f16acc_t256_b08_rep008_baseline_7f19b53c/power.csv,results/diagnostic_fp16_launch_shape_rtx3090_20260602_125100/raw/launch_shape_tensor_mma_f16acc_t256_b08_rep008_test_82c288fe/sm_util.csv,results/diagnostic_fp16_launch_shape_rtx3090_20260602_125100/raw/launch_shape_tensor_mma_f16acc_t256_b08_rep008_baseline_7f19b53c/sm_util.csv
launch_shape_tensor_mma_f16acc_t256_b08,9,9,NVIDIA GeForce RTX 3090,ampere,ga102,consumer,86,82,benchmark uses warp-level HMMA mma.sync m16n8k16 pairs,False,False,tensor_core_mma_m16n16k16_f16acc,fp16-energy-bench-v2,fp16-energy-bench-v2,"nvml_timed_energy_counter,explicit_m16n16k16_denominator,strict_denominator_provenance,tensor_no_memory_warpsync_baseline","nvml_timed_energy_counter,explicit_m16n16k16_denominator,strict_denominator_provenance,tensor_no_memory_warpsync_baseline",d46eadcde2d6,d46eadcde2d6,tensor_mma_f16acc,tensor_baseline_mov,656,256,2048.0,8,1000000,8,4.344340332030001,0.21045114135700002,687865856000000.0,0.0,0.0,687865856000000.0,343932928000000.0,343932928000000.0,1031798784000000.0,1375731712000000.0,83968000000.0,8192.0,8192.0,4096.0,4096.0,12288.0,16384.0,True,bench_json_metadata,True,logical_m16n16k16_input_bits_8192,ga102,"RTX 3090 FE dense FP16 Tensor Core peak, no sparsity",https://www.nvidia.com/content/dam/en-zz/Solutions/geforce/ampere/pdf/NVIDIA-ampere-GA102-GPU-Architecture-Whitepaper-V1.pdf,142.0,284.0,1024.0,1920.0,measured_avg_sm_clock_mhz,warp-level HMMA mma.sync.aligned.m16n8k16 pair -> logical m16n16k16,"dense FP16 Tensor Core HMMA normalization only; no sparsity, no WGMMA",161.21856,1005.6916200727561,98.2120722727301,True,False,158.33608866425473,nan,206.45067101641956,202.15347095663,923.544,43.898,nvml_total_energy_counter,nvml_total_energy_counter,1063.6821740402524,39.45214792632,237.77740809188742,181.68,average_instant,average_instant,237.7730303030303,181.68,237.69454545454545,244.42,370.0,370.0,923.544,43.898,-140.13817404025247,4.445852073680001,0.8682518355008653,1.1126897344596542,878.2234771367431,0.9509275975337863,0.04907240246621372,0.979185342248426,True,4.29720005978956,45.32052286325688,0.06588569917803404,0.027139738615759284,nan,nan,0.06588569917803404,0.0439237994520227,0.03294284958901702,33,1,4,0,1920.0,0.0,73.0,99.93939393939394,100.0,100.0,100.0,True,True,True,pure_fp16_candidate_no_l2,launch_shape_tensor_mma_f16acc_t256_b08_rep009_test_64d0edff,launch_shape_tensor_mma_f16acc_t256_b08_rep009_baseline_8660706a,results/diagnostic_fp16_launch_shape_rtx3090_20260602_125100/raw/launch_shape_tensor_mma_f16acc_t256_b08_rep009_test_64d0edff/power.csv,results/diagnostic_fp16_launch_shape_rtx3090_20260602_125100/raw/launch_shape_tensor_mma_f16acc_t256_b08_rep009_baseline_8660706a/power.csv,results/diagnostic_fp16_launch_shape_rtx3090_20260602_125100/raw/launch_shape_tensor_mma_f16acc_t256_b08_rep009_test_64d0edff/sm_util.csv,results/diagnostic_fp16_launch_shape_rtx3090_20260602_125100/raw/launch_shape_tensor_mma_f16acc_t256_b08_rep009_baseline_8660706a/sm_util.csv
