t_s,power_w,power_instant_w,power_average_w,power_instant_status,power_average_status,gpu_util_pct,mem_util_pct,sm_clock_mhz,mem_clock_mhz,temp_gpu_c,pstate,throttle_reasons,phase
0.00033687002724036574,116.531,116.417,116.531,0,0,0,0,1980,2619,39,0,0x0,r00_control_l2_write_address_050
0.01101170905167237,116.531,116.417,116.531,0,0,0,0,1980,2619,39,0,0x0,r00_control_l2_write_address_050
0.021170448046177626,116.531,116.417,116.531,0,0,0,0,1980,2619,39,0,0x0,r00_control_l2_write_address_050
0.031260564050171524,116.531,116.417,116.531,0,0,0,0,1980,2619,39,0,0x0,r00_control_l2_write_address_050
0.04134661803254858,116.531,116.417,116.531,0,0,0,0,1980,2619,43,0,0x0,r00_control_l2_write_address_050
0.05143554403912276,116.531,116.417,116.531,0,0,0,0,1980,2619,43,0,0x0,r00_control_l2_write_address_050
0.06152088905218989,116.531,116.417,116.531,0,0,0,0,1980,2619,43,0,0x0,r00_control_l2_write_address_050
0.07160308700986207,116.531,116.417,116.531,0,0,0,0,1980,2619,43,0,0x0,r00_control_l2_write_address_050
0.08168862405000255,116.531,116.417,116.531,0,0,0,0,1980,2619,43,0,0x0,r00_control_l2_write_address_050
0.0917732710368,116.531,116.417,116.531,0,0,0,0,1980,2619,43,0,0x0,r00_control_l2_write_address_050
0.10185468301642686,135.011,367.695,135.011,0,0,0,0,1980,2619,43,0,0x0,r00_control_l2_write_address_050
0.111936905013863,135.011,367.695,135.011,0,0,0,0,1980,2619,43,0,0x0,r00_control_l2_write_address_050
0.12202261801576242,135.011,367.695,135.011,0,0,0,0,1980,2619,43,0,0x0,r00_control_l2_write_address_050
0.13210963201709092,135.011,367.695,135.011,0,0,0,0,1980,2619,42,0,0x0,r00_control_l2_write_address_050
0.1421947680064477,135.011,367.695,135.011,0,0,0,0,1980,2619,42,0,0x0,r00_control_l2_write_address_050
0.15227918600430712,135.011,367.695,135.011,0,0,0,0,1980,2619,42,0,0x0,r00_control_l2_write_address_050
0.16236006800318137,135.011,367.695,135.011,0,0,0,0,1980,2619,42,0,0x0,r00_control_l2_write_address_050
0.17245566903147846,135.011,367.695,135.011,0,0,0,0,1980,2619,42,0,0x0,r00_control_l2_write_address_050
0.18257716100197285,135.011,367.695,135.011,0,0,0,0,1980,2619,42,0,0x0,r00_control_l2_write_address_050
0.1926798210479319,135.011,367.695,135.011,0,0,0,0,1980,2619,42,0,0x0,r00_control_l2_write_address_050
0.20277728099608794,135.011,367.695,135.011,0,0,0,0,1980,2619,42,0,0x0,r00_control_l2_write_address_050
0.2128730450058356,135.011,117.566,135.011,0,0,0,0,1980,2619,42,0,0x0,r00_control_l2_write_address_050
0.22296678903512657,137.862,117.566,137.862,0,0,0,0,1980,2619,42,0,0x0,r00_control_l2_write_address_050
0.23307591304183006,137.862,117.566,137.862,0,0,44,0,1980,2619,42,0,0x0,r00_control_l2_write_address_050
0.24333425104850903,137.862,117.566,137.862,0,0,44,0,1980,2619,42,0,0x0,r00_control_l2_write_address_050
0.25348892604233697,137.862,117.566,137.862,0,0,44,0,1980,2619,42,0,0x0,r00_control_l2_write_address_050
0.2636783409980126,137.862,117.566,137.862,0,0,44,0,1980,2619,42,0,0x0,r00_control_l2_write_address_050
0.273845017014537,137.862,117.566,137.862,0,0,44,0,1980,2619,40,0,0x0,r00_control_l2_write_address_050
0.28400235902518034,137.862,117.566,137.862,0,0,44,0,1980,2619,40,0,0x0,r00_control_l2_write_address_050
0.294154821021948,137.862,117.566,137.862,0,0,44,0,1980,2619,40,0,0x0,r00_control_l2_write_address_050
0.30430107202846557,137.862,117.566,137.862,0,0,44,0,1980,2619,40,0,0x0,r00_control_l2_write_address_050
0.31444869900587946,137.862,116.217,137.862,0,0,44,0,1980,2619,40,0,0x0,r00_control_l2_write_address_050
0.324620217026677,137.935,116.217,137.935,0,0,44,0,1980,2619,40,0,0x0,r00_control_l2_write_address_050
0.33476165804313496,137.935,116.217,137.935,0,0,44,0,1980,2619,40,0,0x0,r00_control_l2_write_address_050
0.34490220702718943,137.935,116.217,137.935,0,0,44,0,1980,2619,40,0,0x0,r00_control_l2_write_address_050
0.35504151100758463,137.935,116.217,137.935,0,0,44,0,1980,2619,40,0,0x0,r00_control_l2_write_address_050
0.3651831730385311,137.935,116.217,137.935,0,0,44,0,1980,2619,40,0,0x0,r00_control_l2_write_address_050
0.3753195430035703,137.935,116.217,137.935,0,0,44,0,1980,2619,40,0,0x0,r00_control_l2_write_address_050
0.3854571740375832,137.935,116.217,137.935,0,0,44,0,1980,2619,40,0,0x0,r00_control_l2_write_address_050
0.3956055320450105,137.935,116.217,137.935,0,0,44,0,1980,2619,40,0,0x0,r00_control_l2_write_address_050
0.405743079027161,137.935,116.217,137.935,0,0,44,0,1980,2619,40,0,0x0,r00_control_l2_write_address_050
0.41588086902629584,137.498,116.868,137.498,0,0,44,0,1980,2619,40,0,0x0,r00_control_l2_write_address_050
0.42601914500119165,137.498,116.868,137.498,0,0,44,0,1980,2619,40,0,0x0,r00_control_l2_write_address_050
0.4361583160352893,137.498,116.868,137.498,0,0,44,0,1980,2619,40,0,0x0,r00_control_l2_write_address_050
0.44629638601327315,137.498,116.868,137.498,0,0,44,0,1980,2619,40,0,0x0,r00_control_l2_write_address_050
0.45643826405284926,137.498,116.868,137.498,0,0,0,0,1980,2619,40,0,0x0,r00_control_l2_write_address_050
0.46660835499642417,137.498,116.868,137.498,0,0,0,0,1980,2619,40,0,0x0,r00_control_l2_write_address_050
0.47674728702986613,137.498,116.868,137.498,0,0,0,0,1980,2619,40,0,0x0,r00_control_l2_write_address_050
0.48688608704833314,137.498,116.868,137.498,0,0,0,0,1980,2619,40,0,0x0,r00_control_l2_write_address_050
0.4970258920220658,137.498,116.868,137.498,0,0,0,0,1980,2619,40,0,0x0,r00_control_l2_write_address_050
0.5072322420310229,137.498,116.868,137.498,0,0,0,0,1980,2619,40,0,0x0,r00_control_l2_write_address_050
0.5174407390295528,137.498,116.868,137.498,0,0,0,0,1980,2619,40,0,0x0,r00_control_l2_write_address_050
0.5275841710390523,137.866,115.774,137.866,0,0,0,0,1980,2619,40,0,0x0,r00_control_l2_write_address_050
0.5376891870400868,137.866,115.774,137.866,0,0,0,0,1980,2619,40,0,0x0,r00_control_l2_write_address_050
0.5477818610379472,137.866,115.774,137.866,0,0,0,0,1980,2619,40,0,0x0,r00_control_l2_write_address_050
0.5578790090512484,137.866,115.774,137.866,0,0,0,0,1980,2619,40,0,0x0,r00_control_l2_write_address_050
0.5680225450196303,137.866,115.774,137.866,0,0,0,0,1980,2619,40,0,0x0,r00_control_l2_write_address_050
0.5781629150151275,137.866,115.774,137.866,0,0,0,0,1980,2619,44,0,0x0,r00_control_l2_write_address_050
0.5883048990508541,137.866,115.774,137.866,0,0,0,0,1980,2619,44,0,0x0,r00_control_l2_write_address_050
0.5984512290451676,137.866,115.774,137.866,0,0,0,0,1980,2619,44,0,0x0,r00_control_l2_write_address_050
0.6086034229956567,137.866,115.774,137.866,0,0,0,0,1980,2619,44,0,0x0,r00_control_l2_write_address_050
0.6187450420111418,137.866,115.774,137.866,0,0,0,0,1980,2619,44,0,0x0,r00_control_l2_write_address_050
0.6288868370465934,157.851,367.632,157.851,0,0,0,0,1980,2619,44,0,0x0,r00_control_l2_write_address_050
0.6390470420010388,157.851,367.632,157.851,0,0,0,0,1980,2619,44,0,0x0,r00_control_l2_write_address_050
0.649187992035877,157.851,367.632,157.851,0,0,0,0,1980,2619,44,0,0x0,r00_control_l2_write_address_050
0.6593257689964958,157.851,367.632,157.851,0,0,45,0,1980,2619,41,0,0x0,r00_control_l2_write_address_050
0.6694673690362833,157.851,367.632,157.851,0,0,45,0,1980,2619,41,0,0x0,r00_control_l2_write_address_050
0.6796377410064451,157.851,367.632,157.851,0,0,45,0,1980,2619,41,0,0x0,r00_control_l2_write_address_050
0.6897870640386827,157.851,367.632,157.851,0,0,45,0,1980,2619,41,0,0x0,r00_control_l2_write_address_050
0.6999240640434437,157.851,367.632,157.851,0,0,45,0,1980,2619,41,0,0x0,r00_control_l2_write_address_050
0.7100612140493467,157.851,367.632,157.851,0,0,45,0,1980,2619,41,0,0x0,r00_control_l2_write_address_050
0.7201985430438071,157.851,367.632,157.851,0,0,45,0,1980,2619,41,0,0x0,r00_control_l2_write_address_050
0.730340171023272,158.839,119.566,158.839,0,0,45,0,1980,2619,41,0,0x0,r00_control_l2_write_address_050
0.7404762910446152,158.839,119.566,158.839,0,0,45,0,1980,2619,41,0,0x0,r00_control_l2_write_address_050
0.7506220880313776,158.839,119.566,158.839,0,0,45,0,1980,2619,41,0,0x0,r00_control_l2_write_address_050
0.7607620080234483,158.839,119.566,158.839,0,0,45,0,1980,2619,41,0,0x0,r00_control_l2_write_address_050
0.7708952150424011,158.839,119.566,158.839,0,0,45,0,1980,2619,41,0,0x0,r00_control_l2_write_address_050
0.7810380890150554,158.839,119.566,158.839,0,0,45,0,1980,2619,40,0,0x0,r00_control_l2_write_address_050
0.7911766020115465,158.839,119.566,158.839,0,0,45,0,1980,2619,40,0,0x0,r00_control_l2_write_address_050
0.8013121740077622,158.839,119.566,158.839,0,0,45,0,1980,2619,40,0,0x0,r00_control_l2_write_address_050
0.8114549220190383,158.839,119.566,158.839,0,0,45,0,1980,2619,40,0,0x0,r00_control_l2_write_address_050
0.8216115780523978,158.839,119.112,158.839,0,0,45,0,1980,2619,40,0,0x0,r00_control_l2_write_address_050
0.831750177021604,158.245,119.112,158.245,0,0,45,0,1980,2619,40,0,0x0,r00_control_l2_write_address_050
0.8418892240151763,158.245,119.112,158.245,0,0,45,0,1980,2619,40,0,0x0,r00_control_l2_write_address_050
0.8520301560056396,158.245,119.112,158.245,0,0,45,0,1980,2619,40,0,0x0,r00_control_l2_write_address_050
0.8621687580016442,158.245,119.112,158.245,0,0,0,0,1980,2619,40,0,0x0,r00_control_l2_write_address_050
0.8723158840439282,158.245,119.112,158.245,0,0,0,0,1980,2619,40,0,0x0,r00_control_l2_write_address_050
0.8824598980136216,158.245,119.112,158.245,0,0,0,0,1980,2619,40,0,0x0,r00_control_l2_write_address_050
0.8926043310202658,158.245,119.112,158.245,0,0,0,0,1980,2619,40,0,0x0,r00_control_l2_write_address_050
0.9027469730353914,158.245,119.112,158.245,0,0,0,0,1980,2619,40,0,0x0,r00_control_l2_write_address_050
0.912885632016696,158.245,119.112,158.245,0,0,0,0,1980,2619,40,0,0x0,r00_control_l2_write_address_050
0.9230220420286059,158.245,119.112,158.245,0,0,0,0,1980,2619,40,0,0x0,r00_control_l2_write_address_050
0.933159375039395,158.527,118.79,158.527,0,0,0,0,1980,2619,40,0,0x0,r00_control_l2_write_address_050
0.9433233070303686,158.527,118.79,158.527,0,0,0,0,1980,2619,40,0,0x0,r00_control_l2_write_address_050
0.9536401040386409,158.527,118.79,158.527,0,0,0,0,1980,2619,40,0,0x0,r00_control_l2_write_address_050
0.963811939000152,158.527,118.79,158.527,0,0,0,0,1980,2619,40,0,0x0,r00_control_l2_write_address_050
0.9739677880425006,158.527,118.79,158.527,0,0,0,0,1980,2619,40,0,0x0,r00_control_l2_write_address_050
0.9841203840333037,158.527,118.79,158.527,0,0,0,0,1980,2619,40,0,0x0,r00_control_l2_write_address_050
0.9942660840461031,158.527,118.79,158.527,0,0,0,0,1980,2619,40,0,0x0,r00_control_l2_write_address_050
1.0044150089961477,158.527,118.79,158.527,0,0,0,0,1980,2619,40,0,0x0,gap
1.0147078660083935,158.527,118.79,158.527,0,0,0,0,1980,2619,40,0,0x0,gap
1.024868018052075,158.527,118.79,158.527,0,0,0,0,1980,2619,40,0,0x0,gap
1.0350158310029656,158.763,119.112,158.763,0,0,0,0,1980,2619,40,0,0x0,gap
1.0451840430032462,158.763,119.112,158.763,0,0,0,0,1980,2619,40,0,0x0,gap
1.055466061050538,158.763,119.112,158.763,0,0,0,0,1980,2619,40,0,0x0,gap
1.0656761440332048,158.763,119.112,158.763,0,0,0,0,1980,2619,40,0,0x0,gap
1.0758257860434242,158.763,119.112,158.763,0,0,0,0,1980,2619,40,0,0x0,gap
1.085985145997256,158.763,119.112,158.763,0,0,0,0,1980,2619,40,0,0x0,gap
1.0961270080297254,158.763,119.112,158.763,0,0,0,0,1980,2619,40,0,0x0,gap
1.106285136018414,158.763,119.112,158.763,0,0,0,0,1980,2619,40,0,0x0,gap
1.1164251290028915,158.763,119.112,158.763,0,0,0,0,1980,2619,40,0,0x0,gap
1.126574365014676,158.763,119.112,158.763,0,0,0,0,1980,2619,40,0,0x0,gap
1.136712087027263,138.594,119.112,138.594,0,0,0,0,1980,2619,40,0,0x0,gap
1.1468486210214905,138.594,119.112,138.594,0,0,0,0,1980,2619,40,0,0x0,gap
1.156987423019018,138.594,119.112,138.594,0,0,0,0,1980,2619,40,0,0x0,gap
1.1671274620457552,138.594,119.112,138.594,0,0,0,0,1980,2619,40,0,0x0,gap
1.1772668590419926,138.594,119.112,138.594,0,0,0,0,1980,2619,40,0,0x0,gap
1.187404084019363,138.594,119.112,138.594,0,0,0,0,1980,2619,40,0,0x0,gap
1.1975414830376394,138.594,119.112,138.594,0,0,0,0,1980,2619,40,0,0x0,gap
1.2076803400414065,138.594,119.112,138.594,0,0,0,0,1980,2619,40,0,0x0,r00_l2_write_wb_address_050
1.2178260930231772,138.594,119.112,138.594,0,0,0,0,1980,2619,40,0,0x0,r00_l2_write_wb_address_050
1.2279734089970589,138.594,118.915,138.594,0,0,0,0,1980,2619,40,0,0x0,r00_l2_write_wb_address_050
1.2381119900383055,142.946,118.915,142.946,0,0,0,0,1980,2619,40,0,0x0,r00_l2_write_wb_address_050
1.2482534940354526,142.946,118.915,142.946,0,0,0,0,1980,2619,40,0,0x0,r00_l2_write_wb_address_050
1.258393625030294,142.946,118.915,142.946,0,0,0,0,1980,2619,40,0,0x0,r00_l2_write_wb_address_050
1.2685312069952488,142.946,118.915,142.946,0,0,0,0,1980,2619,43,0,0x0,r00_l2_write_wb_address_050
1.27866987104062,142.946,118.915,142.946,0,0,0,0,1980,2619,43,0,0x0,r00_l2_write_wb_address_050
1.2888075280352496,142.946,118.915,142.946,0,0,0,0,1980,2619,43,0,0x0,r00_l2_write_wb_address_050
1.2989503560238518,142.946,118.915,142.946,0,0,0,0,1980,2619,43,0,0x0,r00_l2_write_wb_address_050
1.3091011240030639,142.946,118.915,142.946,0,0,0,0,1980,2619,43,0,0x0,r00_l2_write_wb_address_050
1.3192377330269665,142.946,118.915,142.946,0,0,0,0,1980,2619,43,0,0x0,r00_l2_write_wb_address_050
1.329383164003957,142.946,118.915,142.946,0,0,0,0,1980,2619,43,0,0x0,r00_l2_write_wb_address_050
1.3395194930490106,170.758,398.043,170.758,0,0,0,0,1980,2619,43,0,0x0,r00_l2_write_wb_address_050
1.349655309051741,170.758,398.043,170.758,0,0,0,0,1980,2619,43,0,0x0,r00_l2_write_wb_address_050
1.3597926140064374,170.758,398.043,170.758,0,0,0,0,1980,2619,43,0,0x0,r00_l2_write_wb_address_050
1.3699310260126367,170.758,398.043,170.758,0,0,0,0,1980,2619,43,0,0x0,r00_l2_write_wb_address_050
1.3800715450197458,170.758,398.043,170.758,0,0,0,0,1980,2619,43,0,0x0,r00_l2_write_wb_address_050
1.3902080230182037,170.758,398.043,170.758,0,0,0,0,1980,2619,42,0,0x0,r00_l2_write_wb_address_050
1.4003447510185651,170.758,398.043,170.758,0,0,0,0,1980,2619,42,0,0x0,r00_l2_write_wb_address_050
1.4104893930489197,170.758,398.043,170.758,0,0,0,0,1980,2619,42,0,0x0,r00_l2_write_wb_address_050
1.4206512240343727,170.758,398.043,170.758,0,0,0,0,1980,2619,42,0,0x0,r00_l2_write_wb_address_050
1.4307875410304405,170.758,398.043,170.758,0,0,0,0,1980,2619,42,0,0x0,r00_l2_write_wb_address_050
1.4409274250501767,181.504,161.48,181.504,0,0,0,0,1980,2619,42,0,0x0,r00_l2_write_wb_address_050
1.4510676780482754,181.504,161.48,181.504,0,0,0,0,1980,2619,42,0,0x0,r00_l2_write_wb_address_050
1.4612048380076885,181.504,161.48,181.504,0,0,0,0,1980,2619,42,0,0x0,r00_l2_write_wb_address_050
1.4713447260437533,181.504,161.48,181.504,0,0,79,0,1980,2619,42,0,0x0,r00_l2_write_wb_address_050
1.4814852060517296,181.504,161.48,181.504,0,0,79,0,1980,2619,41,0,0x0,r00_l2_write_wb_address_050
1.4916473750490695,181.504,161.48,181.504,0,0,79,0,1980,2619,41,0,0x0,r00_l2_write_wb_address_050
1.5017863160464913,181.504,161.48,181.504,0,0,79,0,1980,2619,41,0,0x0,r00_l2_write_wb_address_050
1.5119236500468105,181.504,161.48,181.504,0,0,79,0,1980,2619,41,0,0x0,r00_l2_write_wb_address_050
1.522073675005231,181.504,161.48,181.504,0,0,79,0,1980,2619,41,0,0x0,r00_l2_write_wb_address_050
1.5322103960206732,181.504,161.48,181.504,0,0,79,0,1980,2619,41,0,0x0,r00_l2_write_wb_address_050
1.5423449570080265,177.948,119.237,177.948,0,0,79,0,1980,2619,41,0,0x0,r00_l2_write_wb_address_050
1.5524825690081343,177.948,119.237,177.948,0,0,79,0,1980,2619,41,0,0x0,r00_l2_write_wb_address_050
1.5626599530223757,177.948,119.237,177.948,0,0,79,0,1980,2619,41,0,0x0,r00_l2_write_wb_address_050
1.5727981620002538,177.948,119.237,177.948,0,0,79,0,1980,2619,41,0,0x0,r00_l2_write_wb_address_050
1.5829377840273082,177.948,119.237,177.948,0,0,79,0,1980,2619,41,0,0x0,r00_l2_write_wb_address_050
1.5930739780305885,177.948,119.237,177.948,0,0,79,0,1980,2619,41,0,0x0,r00_l2_write_wb_address_050
1.603211583045777,177.948,119.237,177.948,0,0,79,0,1980,2619,40,0,0x0,r00_l2_write_wb_address_050
1.6133487280458212,177.948,119.237,177.948,0,0,79,0,1980,2619,40,0,0x0,r00_l2_write_wb_address_050
1.62348573905183,177.948,119.237,177.948,0,0,79,0,1980,2619,40,0,0x0,r00_l2_write_wb_address_050
1.6336312960484065,177.948,119.237,177.948,0,0,79,0,1980,2619,40,0,0x0,r00_l2_write_wb_address_050
1.6437678930233233,161.415,119.566,161.415,0,0,79,0,1980,2619,40,0,0x0,r00_l2_write_wb_address_050
1.6539022300275974,161.415,119.566,161.415,0,0,79,0,1980,2619,40,0,0x0,r00_l2_write_wb_address_050
1.6640407740487717,161.415,119.566,161.415,0,0,79,0,1980,2619,40,0,0x0,r00_l2_write_wb_address_050
1.6741819980088621,161.415,119.566,161.415,0,0,79,0,1980,2619,40,0,0x0,r00_l2_write_wb_address_050
1.684344626031816,161.415,119.566,161.415,0,0,0,0,1980,2619,40,0,0x0,r00_l2_write_wb_address_050
1.6944810780114494,161.415,119.566,161.415,0,0,0,0,1980,2619,40,0,0x0,r00_l2_write_wb_address_050
1.704645658028312,161.415,119.566,161.415,0,0,0,0,1980,2619,40,0,0x0,r00_l2_write_wb_address_050
1.7147878230316564,161.415,119.566,161.415,0,0,0,0,1980,2619,40,0,0x0,r00_l2_write_wb_address_050
1.7249305880395696,161.415,119.566,161.415,0,0,0,0,1980,2619,40,0,0x0,r00_l2_write_wb_address_050
1.7350789880147204,161.415,119.566,161.415,0,0,0,0,1980,2619,40,0,0x0,r00_l2_write_wb_address_050
1.7452143320115283,164.623,118.79,164.623,0,0,0,0,1980,2619,40,0,0x0,r00_l2_write_wb_address_050
1.7553512690356001,164.623,118.79,164.623,0,0,0,0,1980,2619,40,0,0x0,r00_l2_write_wb_address_050
1.7654881130438298,164.623,118.79,164.623,0,0,0,0,1980,2619,40,0,0x0,r00_l2_write_wb_address_050
1.7756374910240993,164.623,118.79,164.623,0,0,0,0,1980,2619,40,0,0x0,r00_l2_write_wb_address_050
1.7857772060087882,164.623,118.79,164.623,0,0,0,0,1980,2619,40,0,0x0,r00_l2_write_wb_address_050
1.7959298860514536,164.623,118.79,164.623,0,0,0,0,1980,2619,40,0,0x0,r00_l2_write_wb_address_050
1.806069586018566,164.623,118.79,164.623,0,0,0,0,1980,2619,44,0,0x0,r00_l2_write_wb_address_050
1.8162118820473552,164.623,118.79,164.623,0,0,0,0,1980,2619,44,0,0x0,r00_l2_write_wb_address_050
1.8263508470263332,164.623,118.79,164.623,0,0,0,0,1980,2619,44,0,0x0,r00_l2_write_wb_address_050
1.8364847960183397,164.623,118.79,164.623,0,0,0,0,1980,2619,44,0,0x0,r00_l2_write_wb_address_050
1.846633074048441,164.623,118.79,164.623,0,0,0,0,1980,2619,44,0,0x0,r00_l2_write_wb_address_050
1.8567683440051042,197.495,394.751,197.495,0,0,0,0,1980,2619,44,0,0x0,r00_l2_write_wb_address_050
1.8669092080090195,197.495,394.751,197.495,0,0,0,0,1980,2619,44,0,0x0,r00_l2_write_wb_address_050
1.8770501300459728,197.495,394.751,197.495,0,0,0,0,1980,2619,44,0,0x0,r00_l2_write_wb_address_050
1.8871854770113714,197.495,394.751,197.495,0,0,45,0,1980,2619,43,0,0x0,r00_l2_write_wb_address_050
1.8973220150219277,197.495,394.751,197.495,0,0,45,0,1980,2619,43,0,0x0,r00_l2_write_wb_address_050
1.907458971021697,197.495,394.751,197.495,0,0,45,0,1980,2619,43,0,0x0,r00_l2_write_wb_address_050
1.9176196500193328,197.495,394.751,197.495,0,0,45,0,1980,2619,43,0,0x0,r00_l2_write_wb_address_050
1.9277568720281124,197.495,394.751,197.495,0,0,45,0,1980,2619,43,0,0x0,r00_l2_write_wb_address_050
1.937893096008338,197.495,394.751,197.495,0,0,45,0,1980,2619,43,0,0x0,r00_l2_write_wb_address_050
1.9480373320402578,197.495,394.751,197.495,0,0,45,0,1980,2619,43,0,0x0,r00_l2_write_wb_address_050
1.9581758730346337,201.904,163.149,201.904,0,0,45,0,1980,2619,43,0,0x0,r00_l2_write_wb_address_050
1.9683117670356296,201.904,163.149,201.904,0,0,45,0,1980,2619,43,0,0x0,r00_l2_write_wb_address_050
1.978446574008558,201.904,163.149,201.904,0,0,45,0,1980,2619,43,0,0x0,r00_l2_write_wb_address_050
1.9885993680218235,201.904,163.149,201.904,0,0,45,0,1980,2619,43,0,0x0,r00_l2_write_wb_address_050
1.9987361400271766,201.904,163.149,201.904,0,0,45,0,1980,2619,41,0,0x0,r00_l2_write_wb_address_050
2.0088739700149745,201.904,163.149,201.904,0,0,45,0,1980,2619,41,0,0x0,r00_l2_write_wb_address_050
2.0190177670447156,201.904,163.149,201.904,0,0,45,0,1980,2619,41,0,0x0,r00_l2_write_wb_address_050
2.0291562400525436,201.904,163.149,201.904,0,0,45,0,1980,2619,41,0,0x0,r00_l2_write_wb_address_050
2.0392937950091437,201.904,163.149,201.904,0,0,45,0,1980,2619,41,0,0x0,r00_l2_write_wb_address_050
2.0494285210152157,201.904,163.149,201.904,0,0,45,0,1980,2619,41,0,0x0,r00_l2_write_wb_address_050
2.0595891720149666,203.566,118.79,203.566,0,0,45,0,1980,2619,41,0,0x0,r00_l2_write_wb_address_050
2.069727335998323,203.566,118.79,203.566,0,0,45,0,1980,2619,41,0,0x0,r00_l2_write_wb_address_050
2.0798628580523655,203.566,118.79,203.566,0,0,33,0,1980,2619,41,0,0x0,r00_l2_write_wb_address_050
2.0899977140361443,203.566,118.79,203.566,0,0,33,0,1980,2619,41,0,0x0,r00_l2_write_wb_address_050
2.1001354720210657,203.566,118.79,203.566,0,0,33,0,1980,2619,41,0,0x0,r00_l2_write_wb_address_050
2.1102708450052887,203.566,118.79,203.566,0,0,33,0,1980,2619,41,0,0x0,r00_l2_write_wb_address_050
2.120407865033485,203.566,118.79,203.566,0,0,33,0,1980,2619,41,0,0x0,r00_l2_write_wb_address_050
2.1305456600384787,203.566,118.79,203.566,0,0,33,0,1980,2619,41,0,0x0,r00_l2_write_wb_address_050
2.1406858800328337,203.566,118.79,203.566,0,0,33,0,1980,2619,41,0,0x0,r00_l2_write_wb_address_050
2.150824453041423,203.566,118.79,203.566,0,0,33,0,1980,2619,41,0,0x0,r00_l2_write_wb_address_050
2.1609613810433075,203.589,119.441,203.589,0,0,33,0,1980,2619,41,0,0x0,r00_l2_write_wb_address_050
2.1711097420193255,203.589,119.441,203.589,0,0,33,0,1980,2619,41,0,0x0,r00_l2_write_wb_address_050
2.1812474760226905,203.589,119.441,203.589,0,0,33,0,1980,2619,41,0,0x0,r00_l2_write_wb_address_050
2.1913814379950054,203.589,119.441,203.589,0,0,33,0,1980,2619,40,0,0x0,r00_l2_write_wb_address_050
2.2015150430379435,203.589,119.441,203.589,0,0,33,0,1980,2619,40,0,0x0,r00_l2_write_wb_address_050
2.21166335104499,203.589,119.441,203.589,0,0,33,0,1980,2619,40,0,0x0,gap
2.2218387970351614,203.589,119.441,203.589,0,0,33,0,1980,2619,40,0,0x0,gap
2.231995389040094,203.589,119.441,203.589,0,0,33,0,1980,2619,40,0,0x0,gap
2.242135962995235,203.589,119.441,203.589,0,0,33,0,1980,2619,40,0,0x0,gap
2.2522751570213586,197.744,118.79,197.744,0,0,33,0,1980,2619,40,0,0x0,gap
2.2624237650306895,197.744,118.79,197.744,0,0,33,0,1980,2619,40,0,0x0,gap
2.2725758040323853,197.744,118.79,197.744,0,0,33,0,1980,2619,40,0,0x0,gap
2.2827153730322607,197.744,118.79,197.744,0,0,33,0,1980,2619,40,0,0x0,gap
2.2928520410205238,197.744,118.79,197.744,0,0,0,0,1980,2619,40,0,0x0,gap
2.3029888379969634,197.744,118.79,197.744,0,0,0,0,1980,2619,40,0,0x0,gap
2.3131244870019145,197.744,118.79,197.744,0,0,0,0,1980,2619,40,0,0x0,gap
2.3232646860415116,197.744,118.79,197.744,0,0,0,0,1980,2619,40,0,0x0,gap
2.3334013340063393,197.744,118.79,197.744,0,0,0,0,1980,2619,40,0,0x0,gap
2.3435386760393158,197.744,118.79,197.744,0,0,0,0,1980,2619,40,0,0x0,gap
2.353681688022334,197.744,118.79,197.744,0,0,0,0,1980,2619,40,0,0x0,gap
2.363819695019629,197.744,118.915,197.744,0,0,0,0,1980,2619,40,0,0x0,gap
2.3739590090117417,164.461,118.915,164.461,0,0,0,0,1980,2619,40,0,0x0,gap
2.384097025031224,164.461,118.915,164.461,0,0,0,0,1980,2619,40,0,0x0,gap
2.394235010026023,164.461,118.915,164.461,0,0,0,0,1980,2619,40,0,0x0,gap
2.4043742310022935,164.461,118.915,164.461,0,0,0,0,1980,2619,40,0,0x0,gap
2.414513551048003,164.461,118.915,164.461,0,0,0,0,1980,2619,40,0,0x0,r00_control_dram_write_address_050
2.42466078302823,164.461,118.915,164.461,0,0,0,0,1980,2619,40,0,0x0,r00_control_dram_write_address_050
2.434802287025377,164.461,118.915,164.461,0,0,0,0,1980,2619,40,0,0x0,r00_control_dram_write_address_050
2.444944008020684,164.461,118.915,164.461,0,0,0,0,1980,2619,40,0,0x0,r00_control_dram_write_address_050
2.4550818190327846,172.021,118.539,172.021,0,0,0,0,1980,2619,40,0,0x0,r00_control_dram_write_address_050
2.465215694042854,172.021,118.539,172.021,0,0,0,0,1980,2619,40,0,0x0,r00_control_dram_write_address_050
2.4753562260302715,172.021,118.539,172.021,0,0,0,0,1980,2619,40,0,0x0,r00_control_dram_write_address_050
2.4855070980265737,172.021,118.539,172.021,0,0,0,0,1980,2619,40,0,0x0,r00_control_dram_write_address_050
2.495651308039669,172.021,118.539,172.021,0,0,0,0,1980,2619,40,0,0x0,r00_control_dram_write_address_050
2.5057887340080924,172.021,118.539,172.021,0,0,0,0,1980,2619,46,0,0x0,r00_control_dram_write_address_050
2.5159265710390173,172.021,118.539,172.021,0,0,0,0,1980,2619,46,0,0x0,r00_control_dram_write_address_050
2.5260667219990864,172.021,118.539,172.021,0,0,0,0,1980,2619,46,0,0x0,r00_control_dram_write_address_050
2.536206384014804,172.021,118.539,172.021,0,0,0,0,1980,2619,46,0,0x0,r00_control_dram_write_address_050
2.546347143012099,172.021,118.539,172.021,0,0,0,0,1980,2619,46,0,0x0,r00_control_dram_write_address_050
2.5564902130281553,172.021,118.539,172.021,0,0,0,0,1980,2619,46,0,0x0,r00_control_dram_write_address_050
2.5666413430008106,211.653,449.634,211.653,0,0,0,0,1980,2619,46,0,0x0,r00_control_dram_write_address_050
2.5767799420282245,211.653,449.634,211.653,0,0,0,0,1980,2619,46,0,0x0,r00_control_dram_write_address_050
2.586921238049399,211.653,449.634,211.653,0,0,0,0,1980,2619,46,0,0x0,r00_control_dram_write_address_050
2.597057790029794,211.653,449.634,211.653,0,0,0,0,1980,2619,46,0,0x0,r00_control_dram_write_address_050
2.607227563043125,211.653,449.634,211.653,0,0,0,0,1980,2619,46,0,0x0,r00_control_dram_write_address_050
2.617558795027435,211.653,449.634,211.653,0,0,0,0,1980,2619,46,0,0x0,r00_control_dram_write_address_050
2.6277622500201687,211.653,449.634,211.653,0,0,0,0,1980,2619,48,0,0x0,r00_control_dram_write_address_050
2.637917419022415,211.653,449.634,211.653,0,0,0,0,1980,2619,48,0,0x0,r00_control_dram_write_address_050
2.6480611510341987,211.653,449.634,211.653,0,0,0,0,1980,2619,48,0,0x0,r00_control_dram_write_address_050
2.6582039640052244,211.653,449.634,211.653,0,0,0,0,1980,2619,48,0,0x0,r00_control_dram_write_address_050
2.668350984051358,239.241,447.966,239.241,0,0,0,0,1980,2619,48,0,0x0,r00_control_dram_write_address_050
2.67849397205282,239.241,447.966,239.241,0,0,0,0,1980,2619,48,0,0x0,r00_control_dram_write_address_050
2.6886509920004755,239.241,447.966,239.241,0,0,0,0,1980,2619,48,0,0x0,r00_control_dram_write_address_050
2.6987898770021275,239.241,447.966,239.241,0,0,0,0,1980,2619,48,0,0x0,r00_control_dram_write_address_050
2.708930117019918,239.241,447.966,239.241,0,0,94,0,1980,2619,43,0,0x0,r00_control_dram_write_address_050
2.7190699340426363,239.241,447.966,239.241,0,0,94,0,1980,2619,43,0,0x0,r00_control_dram_write_address_050
2.7292278190143406,239.241,447.966,239.241,0,0,94,0,1980,2619,43,0,0x0,r00_control_dram_write_address_050
2.7393735049990937,239.241,447.966,239.241,0,0,94,0,1980,2619,43,0,0x0,r00_control_dram_write_address_050
2.7495297900168225,239.241,447.966,239.241,0,0,94,0,1980,2619,43,0,0x0,r00_control_dram_write_address_050
2.7596821910119615,239.241,447.966,239.241,0,0,94,0,1980,2619,43,0,0x0,r00_control_dram_write_address_050
2.7698325980454683,239.241,447.966,239.241,0,0,94,0,1980,2619,43,0,0x0,r00_control_dram_write_address_050
2.779973979049828,224.732,145.15,224.732,0,0,94,0,1980,2619,43,0,0x0,r00_control_dram_write_address_050
2.7901155080180615,224.732,145.15,224.732,0,0,94,0,1980,2619,43,0,0x0,r00_control_dram_write_address_050
2.800252586021088,224.732,145.15,224.732,0,0,94,0,1980,2619,43,0,0x0,r00_control_dram_write_address_050
2.8103902410366572,224.732,145.15,224.732,0,0,94,0,1980,2619,43,0,0x0,r00_control_dram_write_address_050
2.8205256970250048,224.732,145.15,224.732,0,0,94,0,1980,2619,43,0,0x0,r00_control_dram_write_address_050
2.8306624680408277,224.732,145.15,224.732,0,0,94,0,1980,2619,42,0,0x0,r00_control_dram_write_address_050
2.840798352030106,224.732,145.15,224.732,0,0,94,0,1980,2619,42,0,0x0,r00_control_dram_write_address_050
2.8509402310010046,224.732,145.15,224.732,0,0,94,0,1980,2619,42,0,0x0,r00_control_dram_write_address_050
2.8610778110451065,224.732,145.15,224.732,0,0,94,0,1980,2619,42,0,0x0,r00_control_dram_write_address_050
2.8712151360232383,198.718,119.888,198.718,0,0,94,0,1980,2619,42,0,0x0,r00_control_dram_write_address_050
2.8813502000411972,198.718,119.888,198.718,0,0,94,0,1980,2619,42,0,0x0,r00_control_dram_write_address_050
2.891489483998157,198.718,119.888,198.718,0,0,94,0,1980,2619,42,0,0x0,r00_control_dram_write_address_050
2.9016487970366143,198.718,119.888,198.718,0,0,94,0,1980,2619,42,0,0x0,r00_control_dram_write_address_050
2.911790391022805,198.718,119.888,198.718,0,0,28,0,1980,2619,41,0,0x0,r00_control_dram_write_address_050
2.9219338740222156,198.718,119.888,198.718,0,0,28,0,1980,2619,41,0,0x0,r00_control_dram_write_address_050
2.9320754180080257,198.718,119.888,198.718,0,0,28,0,1980,2619,41,0,0x0,r00_control_dram_write_address_050
2.942213560047094,198.718,119.888,198.718,0,0,28,0,1980,2619,41,0,0x0,r00_control_dram_write_address_050
2.9523640670231543,198.718,119.888,198.718,0,0,28,0,1980,2619,41,0,0x0,r00_control_dram_write_address_050
2.9625055650249124,198.718,119.888,198.718,0,0,28,0,1980,2619,41,0,0x0,r00_control_dram_write_address_050
2.9726471269968897,198.718,119.888,198.718,0,0,28,0,1980,2619,41,0,0x0,r00_control_dram_write_address_050
2.982789080007933,198.718,119.441,198.718,0,0,28,0,1980,2619,41,0,0x0,r00_control_dram_write_address_050
2.992933374014683,215.16,119.441,215.16,0,0,28,0,1980,2619,41,0,0x0,r00_control_dram_write_address_050
3.003074993030168,215.16,119.441,215.16,0,0,28,0,1980,2619,41,0,0x0,r00_control_dram_write_address_050
3.0132133650477044,215.16,119.441,215.16,0,0,28,0,1980,2619,41,0,0x0,r00_control_dram_write_address_050
3.0233528290409595,215.16,119.441,215.16,0,0,28,0,1980,2619,41,0,0x0,r00_control_dram_write_address_050
3.033492949034553,215.16,119.441,215.16,0,0,28,0,1980,2619,48,0,0x0,r00_control_dram_write_address_050
3.043642661999911,215.16,119.441,215.16,0,0,28,0,1980,2619,48,0,0x0,r00_control_dram_write_address_050
3.053780586051289,215.16,119.441,215.16,0,0,28,0,1980,2619,48,0,0x0,r00_control_dram_write_address_050
3.063917987048626,215.16,119.441,215.16,0,0,28,0,1980,2619,48,0,0x0,r00_control_dram_write_address_050
3.07405362802092,248.097,450.337,248.097,0,0,28,0,1980,2619,48,0,0x0,r00_control_dram_write_address_050
3.0841915840283036,248.097,450.337,248.097,0,0,28,0,1980,2619,48,0,0x0,r00_control_dram_write_address_050
3.0943345590494573,248.097,450.337,248.097,0,0,28,0,1980,2619,48,0,0x0,r00_control_dram_write_address_050
3.1044766130507924,248.097,450.337,248.097,0,0,28,0,1980,2619,48,0,0x0,r00_control_dram_write_address_050
3.1146263889968395,248.097,450.337,248.097,0,0,45,0,1980,2619,49,0,0x0,r00_control_dram_write_address_050
3.1247668390278704,248.097,450.337,248.097,0,0,45,0,1980,2619,49,0,0x0,r00_control_dram_write_address_050
3.134905522048939,248.097,450.337,248.097,0,0,45,0,1980,2619,49,0,0x0,r00_control_dram_write_address_050
3.145044510019943,248.097,450.337,248.097,0,0,45,0,1980,2619,49,0,0x0,r00_control_dram_write_address_050
3.155183491006028,248.097,450.337,248.097,0,0,45,0,1980,2619,49,0,0x0,r00_control_dram_write_address_050
3.1653226620401256,248.097,450.337,248.097,0,0,45,0,1980,2619,49,0,0x0,r00_control_dram_write_address_050
3.1754664680338465,248.097,450.337,248.097,0,0,45,0,1980,2619,49,0,0x0,r00_control_dram_write_address_050
3.1856682360521518,248.097,450.337,248.097,0,0,45,0,1980,2619,49,0,0x0,r00_control_dram_write_address_050
3.195813660044223,273.3,147.47,273.3,0,0,45,0,1980,2619,49,0,0x0,r00_control_dram_write_address_050
3.2059638930368237,273.3,147.47,273.3,0,0,45,0,1980,2619,49,0,0x0,r00_control_dram_write_address_050
3.2161030960269272,273.3,147.47,273.3,0,0,45,0,1980,2619,49,0,0x0,r00_control_dram_write_address_050
3.226242011995055,273.3,147.47,273.3,0,0,45,0,1980,2619,49,0,0x0,r00_control_dram_write_address_050
3.236374593048822,273.3,147.47,273.3,0,0,45,0,1980,2619,43,0,0x0,r00_control_dram_write_address_050
3.2465144980233163,273.3,147.47,273.3,0,0,45,0,1980,2619,43,0,0x0,r00_control_dram_write_address_050
3.2566523540299386,273.3,147.47,273.3,0,0,45,0,1980,2619,43,0,0x0,r00_control_dram_write_address_050
3.2668219440383837,273.3,147.47,273.3,0,0,45,0,1980,2619,43,0,0x0,r00_control_dram_write_address_050
3.277141944039613,273.3,147.47,273.3,0,0,45,0,1980,2619,43,0,0x0,r00_control_dram_write_address_050
3.287338569003623,273.3,147.47,273.3,0,0,45,0,1980,2619,43,0,0x0,r00_control_dram_write_address_050
3.297549650014844,276.651,119.763,276.651,0,0,45,0,1980,2619,43,0,0x0,r00_control_dram_write_address_050
3.3076996260206215,276.651,119.763,276.651,0,0,45,0,1980,2619,43,0,0x0,r00_control_dram_write_address_050
3.317842021002434,276.651,119.763,276.651,0,0,45,0,1980,2619,43,0,0x0,r00_control_dram_write_address_050
3.3279840710456483,276.651,119.763,276.651,0,0,45,0,1980,2619,43,0,0x0,r00_control_dram_write_address_050
3.3381250880192965,276.651,119.763,276.651,0,0,77,0,1980,2619,42,0,0x0,r00_control_dram_write_address_050
3.3482634960091673,276.651,119.763,276.651,0,0,77,0,1980,2619,42,0,0x0,r00_control_dram_write_address_050
3.358404512051493,276.651,119.763,276.651,0,0,77,0,1980,2619,42,0,0x0,r00_control_dram_write_address_050
3.368545873032417,276.651,119.763,276.651,0,0,77,0,1980,2619,42,0,0x0,r00_control_dram_write_address_050
3.3786857690429315,276.651,119.763,276.651,0,0,77,0,1980,2619,42,0,0x0,r00_control_dram_write_address_050
3.3888397139962763,276.651,119.763,276.651,0,0,77,0,1980,2619,42,0,0x0,r00_control_dram_write_address_050
3.3989724940038286,276.651,120.21,276.651,0,0,77,0,1980,2619,42,0,0x0,r00_control_dram_write_address_050
3.409112035005819,273.646,120.21,273.646,0,0,77,0,1980,2619,42,0,0x0,gap
3.419266745040659,273.646,120.21,273.646,0,0,77,0,1980,2619,42,0,0x0,gap
3.4294250510283746,273.646,120.21,273.646,0,0,77,0,1980,2619,42,0,0x0,gap
3.439576531003695,273.646,120.21,273.646,0,0,77,0,1980,2619,42,0,0x0,gap
3.449713080015499,273.646,120.21,273.646,0,0,77,0,1980,2619,41,0,0x0,gap
3.4598523669992574,273.646,120.21,273.646,0,0,77,0,1980,2619,41,0,0x0,gap
3.4699874370126054,273.646,120.21,273.646,0,0,77,0,1980,2619,41,0,0x0,gap
3.4801280820393004,273.646,120.21,273.646,0,0,77,0,1980,2619,41,0,0x0,gap
3.4902664280380122,273.646,120.21,273.646,0,0,77,0,1980,2619,41,0,0x0,gap
3.5004038470215164,256.716,119.237,256.716,0,0,77,0,1980,2619,41,0,0x0,gap
3.5105418630409986,256.716,119.237,256.716,0,0,77,0,1980,2619,41,0,0x0,gap
3.5206779389991425,256.716,119.237,256.716,0,0,77,0,1980,2619,41,0,0x0,gap
3.530815780046396,256.716,119.237,256.716,0,0,77,0,1980,2619,41,0,0x0,gap
3.540952940005809,256.716,119.237,256.716,0,0,0,0,1980,2619,41,0,0x0,gap
3.551089979009703,256.716,119.237,256.716,0,0,0,0,1980,2619,41,0,0x0,gap
3.5612281010253355,256.716,119.237,256.716,0,0,0,0,1980,2619,41,0,0x0,gap
3.5713655300205573,256.716,119.237,256.716,0,0,0,0,1980,2619,41,0,0x0,gap
3.5815036710118875,256.716,119.237,256.716,0,0,0,0,1980,2619,41,0,0x0,gap
3.5916414350504056,256.716,119.237,256.716,0,0,0,0,1980,2619,41,0,0x0,gap
3.6017788470489904,256.716,119.237,256.716,0,0,0,0,1980,2619,41,0,0x0,gap
3.6119242400163785,217.829,118.915,217.829,0,0,0,0,1980,2619,41,0,0x0,r00_dram_write_cs_address_050
3.622070709010586,217.829,118.915,217.829,0,0,0,0,1980,2619,41,0,0x0,r00_dram_write_cs_address_050
3.6322180530405603,217.829,118.915,217.829,0,0,0,0,1980,2619,41,0,0x0,r00_dram_write_cs_address_050
3.6423559480463155,217.829,118.915,217.829,0,0,0,0,1980,2619,41,0,0x0,r00_dram_write_cs_address_050
3.6525028090109117,217.829,118.915,217.829,0,0,0,0,1980,2619,41,0,0x0,r00_dram_write_cs_address_050
3.6626488900510594,217.829,118.915,217.829,0,0,0,0,1980,2619,43,0,0x0,r00_dram_write_cs_address_050
3.672787492047064,217.829,118.915,217.829,0,0,0,0,1980,2619,43,0,0x0,r00_dram_write_cs_address_050
3.6829300700337626,217.829,118.915,217.829,0,0,0,0,1980,2619,43,0,0x0,r00_dram_write_cs_address_050
3.693067932035774,217.829,118.915,217.829,0,0,0,0,1980,2619,43,0,0x0,r00_dram_write_cs_address_050
3.703205630998127,217.829,499.659,217.829,0,0,0,0,1980,2619,43,0,0x0,r00_dram_write_cs_address_050
3.713347472017631,223.726,499.659,223.726,0,0,0,0,1980,2619,43,0,0x0,r00_dram_write_cs_address_050
3.7234874520218,223.726,499.659,223.726,0,0,0,0,1980,2619,43,0,0x0,r00_dram_write_cs_address_050
3.733632737013977,223.726,499.659,223.726,0,0,0,0,1980,2619,43,0,0x0,r00_dram_write_cs_address_050
3.743768126994837,223.726,499.659,223.726,0,0,0,0,1980,2619,43,0,0x0,r00_dram_write_cs_address_050
3.7539043300203048,223.726,499.659,223.726,0,0,0,0,1980,2619,43,0,0x0,r00_dram_write_cs_address_050
3.76404319901485,223.726,499.659,223.726,0,0,0,0,1980,2619,44,0,0x0,r00_dram_write_cs_address_050
3.774180027015973,223.726,499.659,223.726,0,0,0,0,1980,2619,44,0,0x0,r00_dram_write_cs_address_050
3.7843182310462,223.726,499.659,223.726,0,0,0,0,1980,2619,44,0,0x0,r00_dram_write_cs_address_050
3.794452172005549,223.726,499.659,223.726,0,0,0,0,1980,2619,44,0,0x0,r00_dram_write_cs_address_050
3.804595497029368,223.726,499.659,223.726,0,0,0,0,1980,2619,44,0,0x0,r00_dram_write_cs_address_050
3.814740382018499,270.873,498.313,270.873,0,0,0,0,1980,2619,44,0,0x0,r00_dram_write_cs_address_050
3.8248759930138476,270.873,498.313,270.873,0,0,0,0,1980,2619,44,0,0x0,r00_dram_write_cs_address_050
3.8350107240257785,270.873,498.313,270.873,0,0,0,0,1980,2619,44,0,0x0,r00_dram_write_cs_address_050
3.845146558014676,270.873,498.313,270.873,0,0,0,0,1980,2619,44,0,0x0,r00_dram_write_cs_address_050
3.8552831870038062,270.873,498.313,270.873,0,0,0,0,1980,2619,44,0,0x0,r00_dram_write_cs_address_050
3.8654206990031525,270.873,498.313,270.873,0,0,0,0,1980,2619,45,0,0x0,r00_dram_write_cs_address_050
3.8755584729951806,270.873,498.313,270.873,0,0,0,0,1980,2619,45,0,0x0,r00_dram_write_cs_address_050
3.885715426004026,270.873,498.313,270.873,0,0,0,0,1980,2619,45,0,0x0,r00_dram_write_cs_address_050
3.895849316031672,270.873,498.313,270.873,0,0,0,0,1980,2619,45,0,0x0,r00_dram_write_cs_address_050
3.905992482032161,270.873,498.313,270.873,0,0,0,0,1980,2619,45,0,0x0,r00_dram_write_cs_address_050
3.916133026999887,292.856,190.152,292.856,0,0,0,0,1980,2619,45,0,0x0,r00_dram_write_cs_address_050
3.9262691500480287,292.856,190.152,292.856,0,0,0,0,1980,2619,45,0,0x0,r00_dram_write_cs_address_050
3.9364068110007793,292.856,190.152,292.856,0,0,93,100,1980,2619,45,0,0x0,r00_dram_write_cs_address_050
3.9465442910441197,292.856,190.152,292.856,0,0,93,100,1980,2619,45,0,0x0,r00_dram_write_cs_address_050
3.9566803030320443,292.856,190.152,292.856,0,0,93,100,1980,2619,45,0,0x0,r00_dram_write_cs_address_050
3.966815045045223,292.856,190.152,292.856,0,0,93,100,1980,2619,42,0,0x0,r00_dram_write_cs_address_050
3.976948137045838,292.856,190.152,292.856,0,0,93,100,1980,2619,42,0,0x0,r00_dram_write_cs_address_050
3.9870826930273324,292.856,190.152,292.856,0,0,93,100,1980,2619,42,0,0x0,r00_dram_write_cs_address_050
3.9972175460425206,292.856,190.152,292.856,0,0,93,100,1980,2619,42,0,0x0,r00_dram_write_cs_address_050
4.0073529130313545,292.856,190.152,292.856,0,0,93,100,1980,2619,42,0,0x0,r00_dram_write_cs_address_050
4.017488943005446,265.258,119.441,265.258,0,0,93,100,1980,2619,42,0,0x0,r00_dram_write_cs_address_050
4.027653993049171,265.258,119.441,265.258,0,0,93,100,1980,2619,42,0,0x0,r00_dram_write_cs_address_050
4.037788712012116,265.258,119.441,265.258,0,0,93,100,1980,2619,42,0,0x0,r00_dram_write_cs_address_050
4.0479233270161785,265.258,119.441,265.258,0,0,93,100,1980,2619,42,0,0x0,r00_dram_write_cs_address_050
4.058057393005583,265.258,119.441,265.258,0,0,93,100,1980,2619,42,0,0x0,r00_dram_write_cs_address_050
4.0681915690074675,265.258,119.441,265.258,0,0,93,100,1980,2619,41,0,0x0,r00_dram_write_cs_address_050
4.0783255160204135,265.258,119.441,265.258,0,0,93,100,1980,2619,41,0,0x0,r00_dram_write_cs_address_050
4.088463635998778,265.258,119.441,265.258,0,0,93,100,1980,2619,41,0,0x0,r00_dram_write_cs_address_050
4.098604481026996,265.258,119.441,265.258,0,0,93,100,1980,2619,41,0,0x0,r00_dram_write_cs_address_050
4.108742067008279,265.258,119.888,265.258,0,0,93,100,1980,2619,41,0,0x0,r00_dram_write_cs_address_050
4.1188813270418905,229.521,119.888,229.521,0,0,93,100,1980,2619,41,0,0x0,r00_dram_write_cs_address_050
4.129027691029478,229.521,119.888,229.521,0,0,93,100,1980,2619,41,0,0x0,r00_dram_write_cs_address_050
4.139166008040775,229.521,119.888,229.521,0,0,32,39,1980,2619,41,0,0x0,r00_dram_write_cs_address_050
4.149303301004693,229.521,119.888,229.521,0,0,32,39,1980,2619,41,0,0x0,r00_dram_write_cs_address_050
4.159439087030478,229.521,119.888,229.521,0,0,32,39,1980,2619,41,0,0x0,r00_dram_write_cs_address_050
4.169588529039174,229.521,119.888,229.521,0,0,32,39,1980,2619,43,0,0x0,r00_dram_write_cs_address_050
4.179732610005885,229.521,119.888,229.521,0,0,32,39,1980,2619,43,0,0x0,r00_dram_write_cs_address_050
4.189873034018092,229.521,119.888,229.521,0,0,32,39,1980,2619,43,0,0x0,r00_dram_write_cs_address_050
4.200008929008618,229.521,119.888,229.521,0,0,32,39,1980,2619,43,0,0x0,r00_dram_write_cs_address_050
4.210144531039987,229.521,119.888,229.521,0,0,32,39,1980,2619,43,0,0x0,r00_dram_write_cs_address_050
4.220278397027869,229.521,119.888,229.521,0,0,32,39,1980,2619,43,0,0x0,r00_dram_write_cs_address_050
4.230415316997096,249.123,500.623,249.123,0,0,32,39,1980,2619,43,0,0x0,r00_dram_write_cs_address_050
4.240558538003825,249.123,500.623,249.123,0,0,32,39,1980,2619,43,0,0x0,r00_dram_write_cs_address_050
4.2506983510102145,249.123,500.623,249.123,0,0,32,39,1980,2619,43,0,0x0,r00_dram_write_cs_address_050
4.2608365140040405,249.123,500.623,249.123,0,0,32,39,1980,2619,43,0,0x0,r00_dram_write_cs_address_050
4.270972579019144,249.123,500.623,249.123,0,0,32,39,1980,2619,43,0,0x0,r00_dram_write_cs_address_050
4.28111084504053,249.123,500.623,249.123,0,0,32,39,1980,2619,45,0,0x0,r00_dram_write_cs_address_050
4.291248292021919,249.123,500.623,249.123,0,0,32,39,1980,2619,45,0,0x0,r00_dram_write_cs_address_050
4.301390075997915,249.123,500.623,249.123,0,0,32,39,1980,2619,45,0,0x0,r00_dram_write_cs_address_050
4.3115300530334935,249.123,500.623,249.123,0,0,32,39,1980,2619,45,0,0x0,r00_dram_write_cs_address_050
4.321667045995127,249.123,499.156,249.123,0,0,32,39,1980,2619,45,0,0x0,r00_dram_write_cs_address_050
4.331803402048536,287.072,499.156,287.072,0,0,32,39,1980,2619,45,0,0x0,r00_dram_write_cs_address_050
4.342001837037969,287.072,499.156,287.072,0,0,32,39,1980,2619,45,0,0x0,r00_dram_write_cs_address_050
4.352138817019295,287.072,499.156,287.072,0,0,32,39,1980,2619,45,0,0x0,r00_dram_write_cs_address_050
4.362284628034104,287.072,499.156,287.072,0,0,43,53,1980,2619,45,0,0x0,r00_dram_write_cs_address_050
4.372420858009718,287.072,499.156,287.072,0,0,43,53,1980,2619,45,0,0x0,r00_dram_write_cs_address_050
4.382557571050711,287.072,499.156,287.072,0,0,43,53,1980,2619,45,0,0x0,r00_dram_write_cs_address_050
4.392697279050481,287.072,499.156,287.072,0,0,43,53,1980,2619,45,0,0x0,r00_dram_write_cs_address_050
4.402830884035211,287.072,499.156,287.072,0,0,43,53,1980,2619,45,0,0x0,r00_dram_write_cs_address_050
4.412970789009705,287.072,499.156,287.072,0,0,43,53,1980,2619,45,0,0x0,r00_dram_write_cs_address_050
4.423114541044924,287.072,499.156,287.072,0,0,43,53,1980,2619,45,0,0x0,r00_dram_write_cs_address_050
4.433252361021005,305.965,191.5,305.965,0,0,43,53,1980,2619,45,0,0x0,r00_dram_write_cs_address_050
4.4433914520195685,305.965,191.5,305.965,0,0,43,53,1980,2619,45,0,0x0,r00_dram_write_cs_address_050
4.453526373021305,305.965,191.5,305.965,0,0,43,53,1980,2619,45,0,0x0,r00_dram_write_cs_address_050
4.463672092009801,305.965,191.5,305.965,0,0,43,53,1980,2619,45,0,0x0,r00_dram_write_cs_address_050
4.4738052019965835,305.965,191.5,305.965,0,0,43,53,1980,2619,45,0,0x0,r00_dram_write_cs_address_050
4.483939240046311,305.965,191.5,305.965,0,0,43,53,1980,2619,42,0,0x0,r00_dram_write_cs_address_050
4.494072469009552,305.965,191.5,305.965,0,0,43,53,1980,2619,42,0,0x0,r00_dram_write_cs_address_050
4.5042091649957,305.965,191.5,305.965,0,0,43,53,1980,2619,42,0,0x0,r00_dram_write_cs_address_050
4.5143473780481145,305.965,191.5,305.965,0,0,43,53,1980,2619,42,0,0x0,r00_dram_write_cs_address_050
4.524522354011424,309.771,120.21,309.771,0,0,43,53,1980,2619,42,0,0x0,r00_dram_write_cs_address_050
4.534750241029542,309.771,120.21,309.771,0,0,43,53,1980,2619,42,0,0x0,r00_dram_write_cs_address_050
4.544863180024549,309.771,120.21,309.771,0,0,43,53,1980,2619,42,0,0x0,r00_dram_write_cs_address_050
4.55497631902108,309.771,120.21,309.771,0,0,43,53,1980,2619,42,0,0x0,r00_dram_write_cs_address_050
4.565074145037215,309.771,120.21,309.771,0,0,82,100,1980,2619,41,0,0x0,r00_dram_write_cs_address_050
4.575169174000621,309.771,120.21,309.771,0,0,82,100,1980,2619,41,0,0x0,r00_dram_write_cs_address_050
4.585266035050154,309.771,120.21,309.771,0,0,82,100,1980,2619,41,0,0x0,r00_dram_write_cs_address_050
4.5953638380160555,309.771,120.21,309.771,0,0,82,100,1980,2619,41,0,0x0,r00_dram_write_cs_address_050
4.6054703000118025,309.771,120.21,309.771,0,0,82,100,1980,2619,41,0,0x0,r00_dram_write_cs_address_050
4.615584548038896,309.771,120.21,309.771,0,0,82,100,1980,2619,41,0,0x0,gap
4.6256993529968895,309.771,120.21,309.771,0,0,82,100,1980,2619,41,0,0x0,gap
4.635799920011777,309.771,119.441,309.771,0,0,82,100,1980,2619,41,0,0x0,gap
4.64590321702417,306.093,119.441,306.093,0,0,82,100,1980,2619,41,0,0x0,gap
4.655997512047179,306.093,119.441,306.093,0,0,82,100,1980,2619,41,0,0x0,gap
4.6660941850277595,306.093,119.441,306.093,0,0,82,100,1980,2619,41,0,0x0,gap
4.676187445002142,306.093,119.441,306.093,0,0,82,100,1980,2619,41,0,0x0,gap
4.686282133043278,306.093,119.441,306.093,0,0,82,100,1980,2619,41,0,0x0,gap
4.696378074004315,306.093,119.441,306.093,0,0,82,100,1980,2619,41,0,0x0,gap
4.706474002043251,306.093,119.441,306.093,0,0,82,100,1980,2619,41,0,0x0,gap
4.71658542699879,306.093,119.441,306.093,0,0,82,100,1980,2619,41,0,0x0,gap
4.726679953048006,306.093,119.441,306.093,0,0,82,100,1980,2619,41,0,0x0,gap
4.736775828001555,267.511,119.763,267.511,0,0,82,100,1980,2619,41,0,0x0,gap
4.746871897019446,267.511,119.763,267.511,0,0,82,100,1980,2619,41,0,0x0,gap
4.756973589013796,267.511,119.763,267.511,0,0,82,100,1980,2619,41,0,0x0,gap
4.767072912014555,267.511,119.763,267.511,0,0,0,0,1980,2619,41,0,0x0,gap
4.7771704500191845,267.511,119.763,267.511,0,0,0,0,1980,2619,41,0,0x0,gap
4.787265381019097,267.511,119.763,267.511,0,0,0,0,1980,2619,41,0,0x0,gap
4.797358024050482,267.511,119.763,267.511,0,0,0,0,1980,2619,41,0,0x0,gap
4.807453123037703,267.511,119.763,267.511,0,0,0,0,1980,2619,41,0,0x0,gap
4.817552306049038,267.511,119.763,267.511,0,0,0,0,1980,2619,41,0,0x0,r00_control_l2_write_address_100
4.827651474042796,267.511,119.763,267.511,0,0,0,0,1980,2619,41,0,0x0,r00_control_l2_write_address_100
4.837750195001718,232.743,119.441,232.743,0,0,0,0,1980,2619,41,0,0x0,r00_control_l2_write_address_100
4.847848594014067,232.743,119.441,232.743,0,0,0,0,1980,2619,41,0,0x0,r00_control_l2_write_address_100
4.857948993041646,232.743,119.441,232.743,0,0,0,0,1980,2619,41,0,0x0,r00_control_l2_write_address_100
4.868047087045852,232.743,119.441,232.743,0,0,0,0,1980,2619,41,0,0x0,r00_control_l2_write_address_100
4.878141323046293,232.743,119.441,232.743,0,0,0,0,1980,2619,41,0,0x0,r00_control_l2_write_address_100
4.888238904997706,232.743,119.441,232.743,0,0,0,0,1980,2619,45,0,0x0,r00_control_l2_write_address_100
4.89833517401712,232.743,119.441,232.743,0,0,0,0,1980,2619,45,0,0x0,r00_control_l2_write_address_100
4.908432146999985,232.743,119.441,232.743,0,0,0,0,1980,2619,45,0,0x0,r00_control_l2_write_address_100
4.918528015026823,232.743,119.441,232.743,0,0,0,0,1980,2619,45,0,0x0,r00_control_l2_write_address_100
4.928624436026439,232.743,384.327,232.743,0,0,0,0,1980,2619,45,0,0x0,r00_control_l2_write_address_100
4.93872072303202,244.297,384.327,244.297,0,0,0,0,1980,2619,45,0,0x0,r00_control_l2_write_address_100
4.9488195510348305,244.297,384.327,244.297,0,0,0,0,1980,2619,45,0,0x0,r00_control_l2_write_address_100
4.958916297997348,244.297,384.327,244.297,0,0,0,0,1980,2619,45,0,0x0,r00_control_l2_write_address_100
4.969012265035417,244.297,384.327,244.297,0,0,0,0,1980,2619,46,0,0x0,r00_control_l2_write_address_100
4.979109044012148,244.297,384.327,244.297,0,0,0,0,1980,2619,46,0,0x0,r00_control_l2_write_address_100
4.9892051329952665,244.297,384.327,244.297,0,0,0,0,1980,2619,46,0,0x0,r00_control_l2_write_address_100
4.99930285802111,244.297,384.327,244.297,0,0,0,0,1980,2619,46,0,0x0,r00_control_l2_write_address_100
5.009401243994944,244.297,384.327,244.297,0,0,0,0,1980,2619,46,0,0x0,r00_control_l2_write_address_100
5.01950317400042,244.297,384.327,244.297,0,0,0,0,1980,2619,46,0,0x0,r00_control_l2_write_address_100
5.029599396046251,244.297,384.327,244.297,0,0,0,0,1980,2619,46,0,0x0,r00_control_l2_write_address_100
5.039699033019133,244.297,384.327,244.297,0,0,0,0,1980,2619,46,0,0x0,r00_control_l2_write_address_100
5.049796948034782,268.447,351.319,268.447,0,0,0,0,1980,2619,46,0,0x0,r00_control_l2_write_address_100
5.059900684049353,268.447,351.319,268.447,0,0,0,0,1980,2619,46,0,0x0,r00_control_l2_write_address_100
5.069999371015001,268.447,351.319,268.447,0,0,0,0,1980,2619,46,0,0x0,r00_control_l2_write_address_100
5.080095737008378,268.447,351.319,268.447,0,0,0,0,1980,2619,46,0,0x0,r00_control_l2_write_address_100
5.090196506003849,268.447,351.319,268.447,0,0,0,0,1980,2619,46,0,0x0,r00_control_l2_write_address_100
5.100290328031406,268.447,351.319,268.447,0,0,0,0,1980,2619,46,0,0x0,r00_control_l2_write_address_100
5.110385775042232,268.447,351.319,268.447,0,0,0,0,1980,2619,47,0,0x0,r00_control_l2_write_address_100
5.120482444006484,268.447,351.319,268.447,0,0,0,0,1980,2619,47,0,0x0,r00_control_l2_write_address_100
5.1305837030522525,268.447,351.319,268.447,0,0,0,0,1980,2619,47,0,0x0,r00_control_l2_write_address_100
5.140679765027016,268.447,351.319,268.447,0,0,0,0,1980,2619,47,0,0x0,r00_control_l2_write_address_100
5.150786038022488,288.156,385.299,288.156,0,0,0,0,1980,2619,47,0,0x0,r00_control_l2_write_address_100
5.160881404008251,288.156,385.299,288.156,0,0,0,0,1980,2619,47,0,0x0,r00_control_l2_write_address_100
5.17097824101802,288.156,385.299,288.156,0,0,0,0,1980,2619,47,0,0x0,r00_control_l2_write_address_100
5.181082917028107,288.156,385.299,288.156,0,0,0,0,1980,2619,47,0,0x0,r00_control_l2_write_address_100
5.19118546199752,288.156,385.299,288.156,0,0,92,0,1980,2619,47,0,0x0,r00_control_l2_write_address_100
5.2012879000394605,288.156,385.299,288.156,0,0,92,0,1980,2619,47,0,0x0,r00_control_l2_write_address_100
5.211391960037872,288.156,385.299,288.156,0,0,92,0,1980,2619,47,0,0x0,r00_control_l2_write_address_100
5.221487249014899,288.156,385.299,288.156,0,0,92,0,1980,2619,47,0,0x0,r00_control_l2_write_address_100
5.231587342044804,288.156,385.299,288.156,0,0,92,0,1980,2619,47,0,0x0,r00_control_l2_write_address_100
5.24168463103706,288.156,385.299,288.156,0,0,92,0,1980,2619,47,0,0x0,r00_control_l2_write_address_100
5.251795813033823,288.156,304.643,288.156,0,0,92,0,1980,2619,47,0,0x0,r00_control_l2_write_address_100
5.261892070004251,274.218,304.643,274.218,0,0,92,0,1980,2619,47,0,0x0,r00_control_l2_write_address_100
5.271987237036228,274.218,304.643,274.218,0,0,92,0,1980,2619,47,0,0x0,r00_control_l2_write_address_100
5.282092248031404,274.218,304.643,274.218,0,0,92,0,1980,2619,47,0,0x0,r00_control_l2_write_address_100
5.292208485014271,274.218,304.643,274.218,0,0,92,0,1980,2619,47,0,0x0,r00_control_l2_write_address_100
5.302413291006815,274.218,304.643,274.218,0,0,92,0,1980,2619,47,0,0x0,r00_control_l2_write_address_100
5.3125102140475065,274.218,304.643,274.218,0,0,92,0,1980,2619,48,0,0x0,r00_control_l2_write_address_100
5.322603720007464,274.218,304.643,274.218,0,0,92,0,1980,2619,48,0,0x0,r00_control_l2_write_address_100
5.33269852004014,274.218,304.643,274.218,0,0,92,0,1980,2619,48,0,0x0,r00_control_l2_write_address_100
5.342797741002869,274.218,304.643,274.218,0,0,92,0,1980,2619,48,0,0x0,r00_control_l2_write_address_100
5.35289305500919,274.218,385.995,274.218,0,0,92,0,1980,2619,48,0,0x0,r00_control_l2_write_address_100
5.362988874025177,262.274,385.995,262.274,0,0,92,0,1980,2619,48,0,0x0,r00_control_l2_write_address_100
5.373074548027944,262.274,385.995,262.274,0,0,92,0,1980,2619,48,0,0x0,r00_control_l2_write_address_100
5.3832141100429,262.274,385.995,262.274,0,0,92,0,1980,2619,48,0,0x0,r00_control_l2_write_address_100
5.393311985011678,262.274,385.995,262.274,0,0,92,0,1980,2619,48,0,0x0,r00_control_l2_write_address_100
5.4034068420296535,262.274,385.995,262.274,0,0,100,0,1980,2619,48,0,0x0,r00_control_l2_write_address_100
5.413506362005137,262.274,385.995,262.274,0,0,100,0,1980,2619,48,0,0x0,r00_control_l2_write_address_100
5.423601409012917,262.274,385.995,262.274,0,0,100,0,1980,2619,48,0,0x0,r00_control_l2_write_address_100
5.433698129025288,262.274,385.995,262.274,0,0,100,0,1980,2619,48,0,0x0,r00_control_l2_write_address_100
5.4437936580507085,262.274,385.995,262.274,0,0,100,0,1980,2619,48,0,0x0,r00_control_l2_write_address_100
5.453888052026741,262.274,385.995,262.274,0,0,100,0,1980,2619,48,0,0x0,r00_control_l2_write_address_100
5.463983963010833,262.274,385.995,262.274,0,0,100,0,1980,2619,48,0,0x0,r00_control_l2_write_address_100
5.474079211009666,262.274,385.995,262.274,0,0,100,0,1980,2619,48,0,0x0,r00_control_l2_write_address_100
5.484173742996063,284.791,365.643,284.791,0,0,100,0,1980,2619,48,0,0x0,r00_control_l2_write_address_100
5.494272620999254,284.791,365.643,284.791,0,0,100,0,1980,2619,48,0,0x0,r00_control_l2_write_address_100
5.504367504036054,284.791,365.643,284.791,0,0,100,0,1980,2619,48,0,0x0,r00_control_l2_write_address_100
5.51446139102336,284.791,365.643,284.791,0,0,100,0,1980,2619,48,0,0x0,r00_control_l2_write_address_100
5.524571153044235,284.791,365.643,284.791,0,0,100,0,1980,2619,48,0,0x0,r00_control_l2_write_address_100
5.534668967011385,284.791,365.643,284.791,0,0,100,0,1980,2619,48,0,0x0,r00_control_l2_write_address_100
5.544764712045435,284.791,365.643,284.791,0,0,100,0,1980,2619,48,0,0x0,r00_control_l2_write_address_100
5.554867986997124,284.791,365.643,284.791,0,0,100,0,1980,2619,48,0,0x0,r00_control_l2_write_address_100
5.5649631270207465,284.791,365.643,284.791,0,0,100,0,1980,2619,48,0,0x0,r00_control_l2_write_address_100
5.575071354047395,284.791,365.643,284.791,0,0,100,0,1980,2619,48,0,0x0,r00_control_l2_write_address_100
5.585167673998512,305.135,380.664,305.135,0,0,100,0,1980,2619,48,0,0x0,r00_control_l2_write_address_100
5.595264119037893,305.135,380.664,305.135,0,0,100,0,1980,2619,48,0,0x0,r00_control_l2_write_address_100
5.605364328017458,305.135,380.664,305.135,0,0,100,0,1980,2619,48,0,0x0,r00_control_l2_write_address_100
5.615462023008149,305.135,380.664,305.135,0,0,100,0,1980,2619,48,0,0x0,r00_control_l2_write_address_100
5.625563192006666,305.135,380.664,305.135,0,0,100,0,1980,2619,48,0,0x0,r00_control_l2_write_address_100
5.635665353038348,305.135,380.664,305.135,0,0,100,0,1980,2619,48,0,0x0,r00_control_l2_write_address_100
5.645768721005879,305.135,380.664,305.135,0,0,100,0,1980,2619,48,0,0x0,r00_control_l2_write_address_100
5.655871184018906,305.135,380.664,305.135,0,0,100,0,1980,2619,48,0,0x0,r00_control_l2_write_address_100
5.665969785011839,305.135,380.664,305.135,0,0,100,0,1980,2619,48,0,0x0,r00_control_l2_write_address_100
5.676066397048999,305.135,380.664,305.135,0,0,100,0,1980,2619,48,0,0x0,r00_control_l2_write_address_100
5.686162824044004,305.135,380.664,305.135,0,0,100,0,1980,2619,48,0,0x0,r00_control_l2_write_address_100
5.696261174045503,336.379,385.995,336.379,0,0,100,0,1980,2619,48,0,0x0,r00_control_l2_write_address_100
5.7063679590355605,336.379,385.995,336.379,0,0,100,0,1980,2619,48,0,0x0,r00_control_l2_write_address_100
5.716465839999728,336.379,385.995,336.379,0,0,100,0,1980,2619,48,0,0x0,r00_control_l2_write_address_100
5.726577648019884,336.379,385.995,336.379,0,0,100,0,1980,2619,48,0,0x0,r00_control_l2_write_address_100
5.736675267049577,336.379,385.995,336.379,0,0,100,0,1980,2619,48,0,0x0,r00_control_l2_write_address_100
5.746774293016642,336.379,385.995,336.379,0,0,100,0,1980,2619,48,0,0x0,r00_control_l2_write_address_100
5.756871036021039,336.379,385.995,336.379,0,0,100,0,1980,2619,48,0,0x0,r00_control_l2_write_address_100
5.766965718008578,336.379,385.995,336.379,0,0,100,0,1980,2619,48,0,0x0,r00_control_l2_write_address_100
5.777060883003287,336.379,385.995,336.379,0,0,100,0,1980,2619,48,0,0x0,r00_control_l2_write_address_100
5.787155305035412,336.379,385.995,336.379,0,0,100,0,1980,2619,48,0,0x0,r00_control_l2_write_address_100
5.797250786039513,336.379,384.649,336.379,0,0,100,0,1980,2619,48,0,0x0,r00_control_l2_write_address_100
5.807346407033037,359.727,384.649,359.727,0,0,100,0,1980,2619,48,0,0x0,r00_control_l2_write_address_100
5.817444975022227,359.727,384.649,359.727,0,0,100,0,1980,2619,48,0,0x0,r00_control_l2_write_address_100
5.827540819998831,359.727,384.649,359.727,0,0,100,0,1980,2619,48,0,0x0,r00_control_l2_write_address_100
5.837636931042653,359.727,384.649,359.727,0,0,100,0,1980,2619,48,0,0x0,r00_control_l2_write_address_100
5.84773097501602,359.727,384.649,359.727,0,0,100,0,1980,2619,49,0,0x0,r00_control_l2_write_address_100
5.857826620049309,359.727,384.649,359.727,0,0,100,0,1980,2619,49,0,0x0,r00_control_l2_write_address_100
5.867925756028853,359.727,384.649,359.727,0,0,100,0,1980,2619,49,0,0x0,r00_control_l2_write_address_100
5.878026308026165,359.727,384.649,359.727,0,0,100,0,1980,2619,49,0,0x0,r00_control_l2_write_address_100
5.888122124015354,372.792,373.291,372.792,0,0,100,0,1980,2619,49,0,0x0,r00_control_l2_write_address_100
5.898219392052852,372.792,373.291,372.792,0,0,100,0,1980,2619,49,0,0x0,r00_control_l2_write_address_100
5.908318229019642,372.792,373.291,372.792,0,0,100,0,1980,2619,49,0,0x0,gap
5.91842473205179,372.792,373.291,372.792,0,0,100,0,1980,2619,49,0,0x0,gap
5.928520045010373,372.792,373.291,372.792,0,0,100,0,1980,2619,49,0,0x0,gap
5.938613621052355,372.792,373.291,372.792,0,0,100,0,1980,2619,49,0,0x0,gap
5.948710135999136,372.792,373.291,372.792,0,0,100,0,1980,2619,45,0,0x0,gap
5.9588041820097715,372.792,373.291,372.792,0,0,100,0,1980,2619,45,0,0x0,gap
5.9688962360378355,372.792,373.291,372.792,0,0,100,0,1980,2619,45,0,0x0,gap
5.978990311035886,372.792,373.291,372.792,0,0,100,0,1980,2619,45,0,0x0,gap
5.989087736001238,372.792,373.291,372.792,0,0,100,0,1980,2619,45,0,0x0,gap
5.999182925035711,372.792,373.291,372.792,0,0,100,0,1980,2619,45,0,0x0,gap
6.009276386001147,372.792,373.291,372.792,0,0,100,0,1980,2619,45,0,0x0,gap
6.019371298025362,345.716,121.432,345.716,0,0,100,0,1980,2619,45,0,0x0,gap
6.02946322603384,345.716,121.432,345.716,0,0,100,0,1980,2619,45,0,0x0,gap
6.039568046049681,345.716,121.432,345.716,0,0,52,0,1980,2619,45,0,0x0,gap
6.049661853001453,345.716,121.432,345.716,0,0,52,0,1980,2619,45,0,0x0,gap
6.0597573650302365,345.716,121.432,345.716,0,0,52,0,1980,2619,42,0,0x0,gap
6.069852966000326,345.716,121.432,345.716,0,0,52,0,1980,2619,42,0,0x0,gap
6.07994659000542,345.716,121.432,345.716,0,0,52,0,1980,2619,42,0,0x0,gap
6.090040683047846,345.716,121.432,345.716,0,0,52,0,1980,2619,42,0,0x0,gap
6.100138316047378,345.716,121.432,345.716,0,0,52,0,1980,2619,42,0,0x0,gap
6.110236059001181,345.716,121.432,345.716,0,0,52,0,1980,2619,42,0,0x0,r00_l2_write_wb_address_100
6.120335856045131,345.716,121.432,345.716,0,0,52,0,1980,2619,42,0,0x0,r00_l2_write_wb_address_100
6.13043296802789,345.716,121.432,345.716,0,0,52,0,1980,2619,42,0,0x0,r00_l2_write_wb_address_100
6.140530008007772,319.207,121.11,319.207,0,0,52,0,1980,2619,42,0,0x0,r00_l2_write_wb_address_100
6.150625728012528,319.207,121.11,319.207,0,0,52,0,1980,2619,42,0,0x0,r00_l2_write_wb_address_100
6.160722493019421,319.207,121.11,319.207,0,0,52,0,1980,2619,45,0,0x0,r00_l2_write_wb_address_100
6.1708175700041465,319.207,121.11,319.207,0,0,52,0,1980,2619,45,0,0x0,r00_l2_write_wb_address_100
6.1809139380347915,319.207,121.11,319.207,0,0,52,0,1980,2619,45,0,0x0,r00_l2_write_wb_address_100
6.191010743030347,319.207,121.11,319.207,0,0,52,0,1980,2619,45,0,0x0,r00_l2_write_wb_address_100
6.201105913030915,319.207,121.11,319.207,0,0,52,0,1980,2619,45,0,0x0,r00_l2_write_wb_address_100
6.211200857011136,319.207,121.11,319.207,0,0,52,0,1980,2619,45,0,0x0,r00_l2_write_wb_address_100
6.221303272002842,319.207,394.989,319.207,0,0,52,0,1980,2619,45,0,0x0,r00_l2_write_wb_address_100
6.231440678006038,322.19,394.989,322.19,0,0,52,0,1980,2619,45,0,0x0,r00_l2_write_wb_address_100
6.241583660012111,322.19,394.989,322.19,0,0,52,0,1980,2619,45,0,0x0,r00_l2_write_wb_address_100
6.251719848020002,322.19,394.989,322.19,0,0,52,0,1980,2619,45,0,0x0,r00_l2_write_wb_address_100
6.261854620999657,322.19,394.989,322.19,0,0,48,0,1980,2619,46,0,0x0,r00_l2_write_wb_address_100
6.271994711016305,322.19,394.989,322.19,0,0,48,0,1980,2619,46,0,0x0,r00_l2_write_wb_address_100
6.282128908031154,322.19,394.989,322.19,0,0,48,0,1980,2619,46,0,0x0,r00_l2_write_wb_address_100
6.2922682230127975,322.19,394.989,322.19,0,0,48,0,1980,2619,46,0,0x0,r00_l2_write_wb_address_100
6.302403576031793,322.19,394.989,322.19,0,0,48,0,1980,2619,46,0,0x0,r00_l2_write_wb_address_100
6.312545278051402,322.19,394.989,322.19,0,0,48,0,1980,2619,46,0,0x0,r00_l2_write_wb_address_100
6.322691458044574,322.19,394.989,322.19,0,0,48,0,1980,2619,46,0,0x0,r00_l2_write_wb_address_100
6.332828106998932,322.19,394.989,322.19,0,0,48,0,1980,2619,46,0,0x0,r00_l2_write_wb_address_100
6.342967747012153,322.19,387.341,322.19,0,0,48,0,1980,2619,46,0,0x0,r00_l2_write_wb_address_100
6.353104566049296,323.765,387.341,323.765,0,0,48,0,1980,2619,46,0,0x0,r00_l2_write_wb_address_100
6.3632428260170855,323.765,387.341,323.765,0,0,48,0,1980,2619,46,0,0x0,r00_l2_write_wb_address_100
6.373380113043822,323.765,387.341,323.765,0,0,48,0,1980,2619,46,0,0x0,r00_l2_write_wb_address_100
6.3835159270092845,323.765,387.341,323.765,0,0,48,0,1980,2619,46,0,0x0,r00_l2_write_wb_address_100
6.393654216022696,323.765,387.341,323.765,0,0,48,0,1980,2619,47,0,0x0,r00_l2_write_wb_address_100
6.40379136701813,323.765,387.341,323.765,0,0,48,0,1980,2619,47,0,0x0,r00_l2_write_wb_address_100
6.413927727029659,323.765,387.341,323.765,0,0,48,0,1980,2619,47,0,0x0,r00_l2_write_wb_address_100
6.4240629830164835,323.765,387.341,323.765,0,0,48,0,1980,2619,47,0,0x0,r00_l2_write_wb_address_100
6.434200665040407,325.019,454.643,325.019,0,0,48,0,1980,2619,47,0,0x0,r00_l2_write_wb_address_100
6.444334385043476,325.019,454.643,325.019,0,0,48,0,1980,2619,47,0,0x0,r00_l2_write_wb_address_100
6.454473821038846,325.019,454.643,325.019,0,0,48,0,1980,2619,47,0,0x0,r00_l2_write_wb_address_100
6.464621845050715,325.019,454.643,325.019,0,0,100,0,1980,2619,47,0,0x0,r00_l2_write_wb_address_100
6.4747581940027885,325.019,454.643,325.019,0,0,100,0,1980,2619,47,0,0x0,r00_l2_write_wb_address_100
6.4849002490518615,325.019,454.643,325.019,0,0,100,0,1980,2619,47,0,0x0,r00_l2_write_wb_address_100
6.495097767037805,325.019,454.643,325.019,0,0,100,0,1980,2619,47,0,0x0,r00_l2_write_wb_address_100
6.505213171010837,325.019,454.643,325.019,0,0,100,0,1980,2619,47,0,0x0,r00_l2_write_wb_address_100
6.515322527033277,325.019,454.643,325.019,0,0,100,0,1980,2619,47,0,0x0,r00_l2_write_wb_address_100
6.525426573003642,325.019,454.643,325.019,0,0,100,0,1980,2619,47,0,0x0,r00_l2_write_wb_address_100
6.535541034012567,326.734,403.975,326.734,0,0,100,0,1980,2619,47,0,0x0,r00_l2_write_wb_address_100
6.5456515670521185,326.734,403.975,326.734,0,0,100,0,1980,2619,47,0,0x0,r00_l2_write_wb_address_100
6.555759024049621,326.734,403.975,326.734,0,0,100,0,1980,2619,47,0,0x0,r00_l2_write_wb_address_100
6.56586288503604,326.734,403.975,326.734,0,0,100,0,1980,2619,47,0,0x0,r00_l2_write_wb_address_100
6.575968058023136,326.734,403.975,326.734,0,0,100,0,1980,2619,47,0,0x0,r00_l2_write_wb_address_100
6.586070832039695,326.734,403.975,326.734,0,0,100,0,1980,2619,47,0,0x0,r00_l2_write_wb_address_100
6.596172782999929,326.734,403.975,326.734,0,0,100,0,1980,2619,47,0,0x0,r00_l2_write_wb_address_100
6.606278147024568,326.734,403.975,326.734,0,0,100,0,1980,2619,47,0,0x0,r00_l2_write_wb_address_100
6.616380493040197,326.734,403.975,326.734,0,0,100,0,1980,2619,47,0,0x0,r00_l2_write_wb_address_100
6.6264839509967715,326.734,403.975,326.734,0,0,100,0,1980,2619,47,0,0x0,r00_l2_write_wb_address_100
6.636595235031564,330.015,388.312,330.015,0,0,100,0,1980,2619,47,0,0x0,r00_l2_write_wb_address_100
6.646703961014282,330.015,388.312,330.015,0,0,100,0,1980,2619,47,0,0x0,r00_l2_write_wb_address_100
6.656807834049687,330.015,388.312,330.015,0,0,100,0,1980,2619,47,0,0x0,r00_l2_write_wb_address_100
6.666911325999536,330.015,388.312,330.015,0,0,100,0,1980,2619,47,0,0x0,r00_l2_write_wb_address_100
6.67701769201085,330.015,388.312,330.015,0,0,100,0,1980,2619,47,0,0x0,r00_l2_write_wb_address_100
6.68711970600998,330.015,388.312,330.015,0,0,100,0,1980,2619,47,0,0x0,r00_l2_write_wb_address_100
6.697222645045258,330.015,388.312,330.015,0,0,100,0,1980,2619,48,0,0x0,r00_l2_write_wb_address_100
6.707329400000162,330.015,388.312,330.015,0,0,100,0,1980,2619,48,0,0x0,r00_l2_write_wb_address_100
6.717431774013676,330.015,388.312,330.015,0,0,100,0,1980,2619,48,0,0x0,r00_l2_write_wb_address_100
6.727533031022176,330.015,388.312,330.015,0,0,100,0,1980,2619,48,0,0x0,r00_l2_write_wb_address_100
6.73763724102173,332.583,421.313,332.583,0,0,100,0,1980,2619,48,0,0x0,r00_l2_write_wb_address_100
6.747744795051403,332.583,421.313,332.583,0,0,100,0,1980,2619,48,0,0x0,r00_l2_write_wb_address_100
6.757848490029573,332.583,421.313,332.583,0,0,100,0,1980,2619,48,0,0x0,r00_l2_write_wb_address_100
6.767952533031348,332.583,421.313,332.583,0,0,100,0,1980,2619,48,0,0x0,r00_l2_write_wb_address_100
6.778058341995347,332.583,421.313,332.583,0,0,100,0,1980,2619,48,0,0x0,r00_l2_write_wb_address_100
6.788160887022968,332.583,421.313,332.583,0,0,100,0,1980,2619,48,0,0x0,r00_l2_write_wb_address_100
6.7982667790493,332.583,421.313,332.583,0,0,100,0,1980,2619,47,0,0x0,r00_l2_write_wb_address_100
6.8083721800358035,332.583,421.313,332.583,0,0,100,0,1980,2619,47,0,0x0,r00_l2_write_wb_address_100
6.818476159998681,332.583,421.313,332.583,0,0,100,0,1980,2619,47,0,0x0,r00_l2_write_wb_address_100
6.828586179006379,332.583,421.313,332.583,0,0,100,0,1980,2619,47,0,0x0,r00_l2_write_wb_address_100
6.838693328027148,334.38,405.65,334.38,0,0,100,0,1980,2619,47,0,0x0,r00_l2_write_wb_address_100
6.848803944012616,334.38,405.65,334.38,0,0,100,0,1980,2619,47,0,0x0,r00_l2_write_wb_address_100
6.858910762995947,334.38,405.65,334.38,0,0,100,0,1980,2619,47,0,0x0,r00_l2_write_wb_address_100
6.869013641029596,334.38,405.65,334.38,0,0,100,0,1980,2619,47,0,0x0,r00_l2_write_wb_address_100
6.879117293050513,334.38,405.65,334.38,0,0,100,0,1980,2619,47,0,0x0,r00_l2_write_wb_address_100
6.889219191041775,334.38,405.65,334.38,0,0,100,0,1980,2619,47,0,0x0,r00_l2_write_wb_address_100
6.899320852011442,334.38,405.65,334.38,0,0,100,0,1980,2619,47,0,0x0,r00_l2_write_wb_address_100
6.909424462995958,334.38,405.65,334.38,0,0,100,0,1980,2619,47,0,0x0,r00_l2_write_wb_address_100
6.919531302002724,334.38,405.65,334.38,0,0,100,0,1980,2619,47,0,0x0,r00_l2_write_wb_address_100
6.929634954023641,334.38,405.65,334.38,0,0,100,0,1980,2619,47,0,0x0,r00_l2_write_wb_address_100
6.939740794012323,334.38,405.65,334.38,0,0,100,0,1980,2619,47,0,0x0,r00_l2_write_wb_address_100
6.949844206043053,334.38,405.65,334.38,0,0,100,0,1980,2619,47,0,0x0,r00_l2_write_wb_address_100
6.959955063997768,346.222,388.633,346.222,0,0,100,0,1980,2619,47,0,0x0,r00_l2_write_wb_address_100
6.970060183026362,346.222,388.633,346.222,0,0,100,0,1980,2619,47,0,0x0,r00_l2_write_wb_address_100
6.980162337014917,346.222,388.633,346.222,0,0,100,0,1980,2619,47,0,0x0,r00_l2_write_wb_address_100
6.9902730690082535,346.222,388.633,346.222,0,0,100,0,1980,2619,47,0,0x0,r00_l2_write_wb_address_100
7.000380613026209,346.222,388.633,346.222,0,0,100,0,1980,2619,47,0,0x0,r00_l2_write_wb_address_100
7.010486991028301,346.222,388.633,346.222,0,0,100,0,1980,2619,47,0,0x0,r00_l2_write_wb_address_100
7.0205968920490704,346.222,388.633,346.222,0,0,100,0,1980,2619,47,0,0x0,r00_l2_write_wb_address_100
7.03070102899801,346.222,388.633,346.222,0,0,100,0,1980,2619,47,0,0x0,r00_l2_write_wb_address_100
7.040806315024383,346.222,388.633,346.222,0,0,100,0,1980,2619,47,0,0x0,r00_l2_write_wb_address_100
7.050912444014102,346.222,388.633,346.222,0,0,100,0,1980,2619,47,0,0x0,r00_l2_write_wb_address_100
7.061016349995043,373.867,384.649,373.867,0,0,100,0,1980,2619,47,0,0x0,r00_l2_write_wb_address_100
7.071134876052383,373.867,384.649,373.867,0,0,100,0,1980,2619,47,0,0x0,r00_l2_write_wb_address_100
7.081244882021565,373.867,384.649,373.867,0,0,100,0,1980,2619,47,0,0x0,r00_l2_write_wb_address_100
7.0913487920188345,373.867,384.649,373.867,0,0,100,0,1980,2619,47,0,0x0,r00_l2_write_wb_address_100
7.101452764007263,373.867,384.649,373.867,0,0,100,0,1980,2619,47,0,0x0,r00_l2_write_wb_address_100
7.111558961041737,373.867,384.649,373.867,0,0,100,0,1980,2619,47,0,0x0,r00_l2_write_wb_address_100
7.1216642200015485,373.867,384.649,373.867,0,0,100,0,1980,2619,47,0,0x0,r00_l2_write_wb_address_100
7.13176930800546,373.867,384.649,373.867,0,0,100,0,1980,2619,47,0,0x0,r00_l2_write_wb_address_100
7.1418723950046115,373.867,384.649,373.867,0,0,100,0,1980,2619,47,0,0x0,r00_l2_write_wb_address_100
7.151982743002009,373.867,384.649,373.867,0,0,100,0,1980,2619,47,0,0x0,r00_l2_write_wb_address_100
7.162088341021445,373.867,384.649,373.867,0,0,100,0,1980,2619,47,0,0x0,r00_l2_write_wb_address_100
7.172196960018482,389.56,378.293,389.56,0,0,100,0,1980,2619,47,0,0x0,r00_l2_write_wb_address_100
7.182302030036226,389.56,378.293,389.56,0,0,100,0,1980,2619,47,0,0x0,r00_l2_write_wb_address_100
7.1924051670357585,389.56,378.293,389.56,0,0,100,0,1980,2619,47,0,0x0,r00_l2_write_wb_address_100
7.202511071052868,389.56,378.293,389.56,0,0,100,0,1980,2619,47,0,0x0,r00_l2_write_wb_address_100
7.21261605003383,389.56,378.293,389.56,0,0,100,0,1980,2619,47,0,0x0,r00_l2_write_wb_address_100
7.2227193810394965,389.56,378.293,389.56,0,0,100,0,1980,2619,47,0,0x0,r00_l2_write_wb_address_100
7.232821615994908,389.56,378.293,389.56,0,0,100,0,1980,2619,47,0,0x0,r00_l2_write_wb_address_100
7.242929432017263,389.56,378.293,389.56,0,0,100,0,1980,2619,47,0,0x0,r00_l2_write_wb_address_100
7.253036036039703,389.56,378.293,389.56,0,0,100,0,1980,2619,47,0,0x0,r00_l2_write_wb_address_100
7.2631404010462575,389.56,378.293,389.56,0,0,100,0,1980,2619,47,0,0x0,r00_l2_write_wb_address_100
7.2732458840473555,390.039,394.339,390.039,0,0,100,0,1980,2619,47,0,0x0,r00_l2_write_wb_address_100
7.283350146026351,390.039,394.339,390.039,0,0,100,0,1980,2619,47,0,0x0,r00_l2_write_wb_address_100
7.293452664045617,390.039,394.339,390.039,0,0,100,0,1980,2619,47,0,0x0,r00_l2_write_wb_address_100
7.303565482026897,390.039,394.339,390.039,0,0,100,0,1980,2619,47,0,0x0,r00_l2_write_wb_address_100
7.313671739015263,390.039,394.339,390.039,0,0,100,0,1980,2619,47,0,0x0,r00_l2_write_wb_address_100
7.3237782579963095,390.039,394.339,390.039,0,0,100,0,1980,2619,47,0,0x0,r00_l2_write_wb_address_100
7.333886636013631,390.039,394.339,390.039,0,0,100,0,1980,2619,47,0,0x0,r00_l2_write_wb_address_100
7.3439935560454614,390.039,394.339,390.039,0,0,100,0,1980,2619,47,0,0x0,r00_l2_write_wb_address_100
7.354106366052292,390.039,394.339,390.039,0,0,100,0,1980,2619,47,0,0x0,r00_l2_write_wb_address_100
7.364212909014896,390.039,394.339,390.039,0,0,100,0,1980,2619,47,0,0x0,r00_l2_write_wb_address_100
7.374316972040106,390.039,394.339,390.039,0,0,100,0,1980,2619,47,0,0x0,r00_l2_write_wb_address_100
7.384431906044483,390.38,393.964,390.38,0,0,100,0,1980,2619,47,0,0x0,gap
7.394595528021455,390.38,393.964,390.38,0,0,100,0,1980,2619,47,0,0x0,gap
7.404830312996637,390.38,393.964,390.38,0,0,100,0,1980,2619,47,0,0x0,gap
7.414989917015191,390.38,393.964,390.38,0,0,100,0,1980,2619,47,0,0x0,gap
7.4251296410220675,390.38,393.964,390.38,0,0,100,0,1980,2619,44,0,0x0,gap
7.435274820018094,390.38,393.964,390.38,0,0,100,0,1980,2619,44,0,0x0,gap
7.445413653040305,390.38,393.964,390.38,0,0,100,0,1980,2619,44,0,0x0,gap
7.455552208004519,390.38,393.964,390.38,0,0,100,0,1980,2619,44,0,0x0,gap
7.465701834007632,390.38,393.964,390.38,0,0,100,0,1980,2619,44,0,0x0,gap
7.47589516302105,366.215,208.856,366.215,0,0,100,0,1980,2619,44,0,0x0,gap
7.486072933010291,366.215,208.856,366.215,0,0,100,0,1980,2619,44,0,0x0,gap
7.496219683031086,366.215,208.856,366.215,0,0,100,0,1980,2619,44,0,0x0,gap
7.506366987014189,366.215,208.856,366.215,0,0,100,0,1980,2619,44,0,0x0,gap
7.516509353008587,366.215,208.856,366.215,0,0,92,0,1980,2619,43,0,0x0,gap
7.526675340021029,366.215,208.856,366.215,0,0,92,0,1980,2619,43,0,0x0,gap
7.536832381039858,366.215,208.856,366.215,0,0,92,0,1980,2619,43,0,0x0,gap
7.54699000105029,366.215,208.856,366.215,0,0,92,0,1980,2619,43,0,0x0,gap
7.557131681009196,366.215,208.856,366.215,0,0,92,0,1980,2619,43,0,0x0,gap
7.567271446052473,366.215,208.856,366.215,0,0,92,0,1980,2619,43,0,0x0,gap
7.57741765602259,339.366,121.11,339.366,0,0,92,0,1980,2619,43,0,0x0,gap
7.587558266997803,339.366,121.11,339.366,0,0,92,0,1980,2619,43,0,0x0,r00_control_dram_write_address_100
7.597705268999562,339.366,121.11,339.366,0,0,92,0,1980,2619,43,0,0x0,r00_control_dram_write_address_100
7.607853458030149,339.366,121.11,339.366,0,0,92,0,1980,2619,43,0,0x0,r00_control_dram_write_address_100
7.617990104015917,339.366,121.11,339.366,0,0,92,0,1980,2619,43,0,0x0,r00_control_dram_write_address_100
7.6281207840074785,339.366,121.11,339.366,0,0,92,0,1980,2619,43,0,0x0,r00_control_dram_write_address_100
7.638258029008284,339.366,121.11,339.366,0,0,92,0,1980,2619,47,0,0x0,r00_control_dram_write_address_100
7.648402495018672,339.366,121.11,339.366,0,0,92,0,1980,2619,47,0,0x0,r00_control_dram_write_address_100
7.658537163049914,339.366,121.11,339.366,0,0,92,0,1980,2619,47,0,0x0,r00_control_dram_write_address_100
7.668669351027347,339.366,121.11,339.366,0,0,92,0,1980,2619,47,0,0x0,r00_control_dram_write_address_100
7.678802556009032,339.366,121.11,339.366,0,0,92,0,1980,2619,47,0,0x0,r00_control_dram_write_address_100
7.688937703031115,336.937,120.406,336.937,0,0,92,0,1980,2619,47,0,0x0,r00_control_dram_write_address_100
7.699089058034588,336.937,120.406,336.937,0,0,92,0,1980,2619,47,0,0x0,r00_control_dram_write_address_100
7.709293237014208,336.937,120.406,336.937,0,0,92,0,1980,2619,47,0,0x0,r00_control_dram_write_address_100
7.7194305890006945,336.937,120.406,336.937,0,0,7,0,1980,2619,49,0,0x0,r00_control_dram_write_address_100
7.729582761996426,336.937,120.406,336.937,0,0,7,0,1980,2619,49,0,0x0,r00_control_dram_write_address_100
7.739723064005375,336.937,120.406,336.937,0,0,7,0,1980,2619,49,0,0x0,r00_control_dram_write_address_100
7.749863371020183,336.937,120.406,336.937,0,0,7,0,1980,2619,49,0,0x0,r00_control_dram_write_address_100
7.760003000032157,336.937,120.406,336.937,0,0,7,0,1980,2619,49,0,0x0,r00_control_dram_write_address_100
7.770141364017036,336.937,120.406,336.937,0,0,7,0,1980,2619,49,0,0x0,r00_control_dram_write_address_100
7.780285392014775,336.937,120.406,336.937,0,0,7,0,1980,2619,49,0,0x0,r00_control_dram_write_address_100
7.790423066995572,336.937,120.406,336.937,0,0,7,0,1980,2619,49,0,0x0,r00_control_dram_write_address_100
7.8005681480281055,344.102,451.63,344.102,0,0,7,0,1980,2619,49,0,0x0,r00_control_dram_write_address_100
7.810706461023074,344.102,451.63,344.102,0,0,7,0,1980,2619,49,0,0x0,r00_control_dram_write_address_100
7.820909105997998,344.102,451.63,344.102,0,0,7,0,1980,2619,49,0,0x0,r00_control_dram_write_address_100
7.831049597996753,344.102,451.63,344.102,0,0,7,0,1980,2619,50,0,0x0,r00_control_dram_write_address_100
7.841187138052192,344.102,451.63,344.102,0,0,7,0,1980,2619,50,0,0x0,r00_control_dram_write_address_100
7.851332331018057,344.102,451.63,344.102,0,0,7,0,1980,2619,50,0,0x0,r00_control_dram_write_address_100
7.8614663170301355,344.102,451.63,344.102,0,0,7,0,1980,2619,50,0,0x0,r00_control_dram_write_address_100
7.871614992036484,344.102,451.63,344.102,0,0,7,0,1980,2619,50,0,0x0,r00_control_dram_write_address_100
7.881748804997187,344.102,451.63,344.102,0,0,7,0,1980,2619,50,0,0x0,r00_control_dram_write_address_100
7.891886285040528,344.102,451.63,344.102,0,0,7,0,1980,2619,50,0,0x0,r00_control_dram_write_address_100
7.902025810035411,344.102,451.63,344.102,0,0,7,0,1980,2619,50,0,0x0,r00_control_dram_write_address_100
7.912161690997891,351.215,451.63,351.215,0,0,100,0,1980,2619,50,0,0x0,r00_control_dram_write_address_100
7.922297607001383,351.215,451.63,351.215,0,0,100,0,1980,2619,50,0,0x0,r00_control_dram_write_address_100
7.932437394047156,351.215,451.63,351.215,0,0,100,0,1980,2619,50,0,0x0,r00_control_dram_write_address_100
7.942579296010081,351.215,451.63,351.215,0,0,100,0,1980,2619,50,0,0x0,r00_control_dram_write_address_100
7.952719662047457,351.215,451.63,351.215,0,0,100,0,1980,2619,51,0,0x0,r00_control_dram_write_address_100
7.9628841080120765,351.215,451.63,351.215,0,0,100,0,1980,2619,51,0,0x0,r00_control_dram_write_address_100
7.973166087002028,351.215,451.63,351.215,0,0,100,0,1980,2619,51,0,0x0,r00_control_dram_write_address_100
7.98334632703336,351.215,451.63,351.215,0,0,100,0,1980,2619,51,0,0x0,r00_control_dram_write_address_100
7.993519626033958,351.215,451.63,351.215,0,0,100,0,1980,2619,51,0,0x0,r00_control_dram_write_address_100
8.003663627023343,351.215,451.63,351.215,0,0,100,0,1980,2619,51,0,0x0,r00_control_dram_write_address_100
8.013800872024149,357.386,452.004,357.386,0,0,100,0,1980,2619,51,0,0x0,r00_control_dram_write_address_100
8.023941573046613,357.386,452.004,357.386,0,0,100,0,1980,2619,51,0,0x0,r00_control_dram_write_address_100
8.03408027702244,357.386,452.004,357.386,0,0,100,0,1980,2619,51,0,0x0,r00_control_dram_write_address_100
8.044214405003004,357.386,452.004,357.386,0,0,100,0,1980,2619,51,0,0x0,r00_control_dram_write_address_100
8.05435272603063,357.386,452.004,357.386,0,0,100,0,1980,2619,50,0,0x0,r00_control_dram_write_address_100
8.064489786047488,357.386,452.004,357.386,0,0,100,0,1980,2619,50,0,0x0,r00_control_dram_write_address_100
8.07463585701771,357.386,452.004,357.386,0,0,100,0,1980,2619,50,0,0x0,r00_control_dram_write_address_100
8.084788332052995,357.386,452.004,357.386,0,0,100,0,1980,2619,50,0,0x0,r00_control_dram_write_address_100
8.0949269910343,357.386,452.004,357.386,0,0,100,0,1980,2619,50,0,0x0,r00_control_dram_write_address_100
8.105065361014567,357.386,452.004,357.386,0,0,100,0,1980,2619,50,0,0x0,r00_control_dram_write_address_100
8.115199204999954,361.382,369.628,361.382,0,0,100,0,1980,2619,50,0,0x0,r00_control_dram_write_address_100
8.125336438999511,361.382,369.628,361.382,0,0,100,0,1980,2619,50,0,0x0,r00_control_dram_write_address_100
8.135472074034624,361.382,369.628,361.382,0,0,100,0,1980,2619,50,0,0x0,r00_control_dram_write_address_100
8.145618315029424,361.382,369.628,361.382,0,0,100,0,1980,2619,50,0,0x0,r00_control_dram_write_address_100
8.155751331010833,361.382,369.628,361.382,0,0,100,0,1980,2619,51,0,0x0,r00_control_dram_write_address_100
8.165898254024796,361.382,369.628,361.382,0,0,100,0,1980,2619,51,0,0x0,r00_control_dram_write_address_100
8.176031789043918,361.382,369.628,361.382,0,0,100,0,1980,2619,51,0,0x0,r00_control_dram_write_address_100
8.186164890998043,361.382,369.628,361.382,0,0,100,0,1980,2619,51,0,0x0,r00_control_dram_write_address_100
8.196388676005881,361.382,369.628,361.382,0,0,100,0,1980,2619,51,0,0x0,r00_control_dram_write_address_100
8.206771748024039,365.038,453.297,365.038,0,0,100,0,1980,2619,51,0,0x0,r00_control_dram_write_address_100
8.216917306999676,365.038,453.297,365.038,0,0,100,0,1980,2619,51,0,0x0,r00_control_dram_write_address_100
8.227055269002449,365.038,453.297,365.038,0,0,100,0,1980,2619,51,0,0x0,r00_control_dram_write_address_100
8.237190219049808,365.038,453.297,365.038,0,0,100,0,1980,2619,51,0,0x0,r00_control_dram_write_address_100
8.247328683035448,365.038,453.297,365.038,0,0,100,0,1980,2619,51,0,0x0,r00_control_dram_write_address_100
8.257466375012882,365.038,453.297,365.038,0,0,100,0,1980,2619,51,0,0x0,r00_control_dram_write_address_100
8.26761057600379,365.038,453.297,365.038,0,0,100,0,1980,2619,51,0,0x0,r00_control_dram_write_address_100
8.277748916007113,365.038,453.297,365.038,0,0,100,0,1980,2619,51,0,0x0,r00_control_dram_write_address_100
8.287884463032242,365.038,453.297,365.038,0,0,100,0,1980,2619,51,0,0x0,r00_control_dram_write_address_100
8.298030489997473,365.038,453.297,365.038,0,0,100,0,1980,2619,51,0,0x0,r00_control_dram_write_address_100
8.308173566008918,365.038,453.297,365.038,0,0,100,0,1980,2619,51,0,0x0,r00_control_dram_write_address_100
8.318312083021738,372.356,453.297,372.356,0,0,100,0,1980,2619,51,0,0x0,r00_control_dram_write_address_100
8.328448295011185,372.356,453.297,372.356,0,0,100,0,1980,2619,51,0,0x0,r00_control_dram_write_address_100
8.338589946040884,372.356,453.297,372.356,0,0,100,0,1980,2619,51,0,0x0,r00_control_dram_write_address_100
8.348726396041457,372.356,453.297,372.356,0,0,100,0,1980,2619,51,0,0x0,r00_control_dram_write_address_100
8.358861576998606,372.356,453.297,372.356,0,0,100,0,1980,2619,51,0,0x0,r00_control_dram_write_address_100
8.368998521007597,372.356,453.297,372.356,0,0,100,0,1980,2619,51,0,0x0,r00_control_dram_write_address_100
8.379135958035477,372.356,453.297,372.356,0,0,100,0,1980,2619,51,0,0x0,r00_control_dram_write_address_100
8.389270675019361,372.356,453.297,372.356,0,0,100,0,1980,2619,51,0,0x0,r00_control_dram_write_address_100
8.39940886804834,372.356,453.297,372.356,0,0,100,0,1980,2619,51,0,0x0,r00_control_dram_write_address_100
8.40954701602459,372.356,453.297,372.356,0,0,100,0,1980,2619,51,0,0x0,r00_control_dram_write_address_100
8.419687008019537,386.697,452.976,386.697,0,0,100,0,1980,2619,51,0,0x0,r00_control_dram_write_address_100
8.429824610007927,386.697,452.976,386.697,0,0,100,0,1980,2619,51,0,0x0,r00_control_dram_write_address_100
8.439961502037477,386.697,452.976,386.697,0,0,100,0,1980,2619,51,0,0x0,r00_control_dram_write_address_100
8.450096753018443,386.697,452.976,386.697,0,0,100,0,1980,2619,51,0,0x0,r00_control_dram_write_address_100
8.460236223007087,386.697,452.976,386.697,0,0,100,0,1980,2619,51,0,0x0,r00_control_dram_write_address_100
8.470375119999517,386.697,452.976,386.697,0,0,100,0,1980,2619,51,0,0x0,r00_control_dram_write_address_100
8.480512917041779,386.697,452.976,386.697,0,0,100,0,1980,2619,51,0,0x0,r00_control_dram_write_address_100
8.490649634040892,386.697,452.976,386.697,0,0,100,0,1980,2619,51,0,0x0,r00_control_dram_write_address_100
8.500782258051913,386.697,452.976,386.697,0,0,100,0,1980,2619,51,0,0x0,r00_control_dram_write_address_100
8.510919726046268,386.697,452.976,386.697,0,0,100,0,1980,2619,51,0,0x0,r00_control_dram_write_address_100
8.521054899028968,419.824,452.655,419.824,0,0,100,0,1980,2619,51,0,0x0,r00_control_dram_write_address_100
8.531189048022497,419.824,452.655,419.824,0,0,100,0,1980,2619,51,0,0x0,r00_control_dram_write_address_100
8.541327292041387,419.824,452.655,419.824,0,0,100,0,1980,2619,51,0,0x0,r00_control_dram_write_address_100
8.551461138995364,419.824,452.655,419.824,0,0,100,0,1980,2619,51,0,0x0,r00_control_dram_write_address_100
8.561608734016772,419.824,452.655,419.824,0,0,100,0,1980,2619,50,0,0x0,r00_control_dram_write_address_100
8.571747930021957,419.824,452.655,419.824,0,0,100,0,1980,2619,50,0,0x0,r00_control_dram_write_address_100
8.581890675006434,419.824,452.655,419.824,0,0,100,0,1980,2619,50,0,0x0,r00_control_dram_write_address_100
8.59202808700502,419.824,452.655,419.824,0,0,100,0,1980,2619,50,0,0x0,r00_control_dram_write_address_100
8.602160640002694,419.824,452.655,419.824,0,0,100,0,1980,2619,50,0,0x0,r00_control_dram_write_address_100
8.612296710023656,419.824,452.655,419.824,0,0,100,0,1980,2619,50,0,0x0,r00_control_dram_write_address_100
8.622430069022812,419.824,452.655,419.824,0,0,100,0,1980,2619,50,0,0x0,r00_control_dram_write_address_100
8.63257599400822,442.934,414.965,442.934,0,0,100,0,1980,2619,50,0,0x0,r00_control_dram_write_address_100
8.642715506022796,442.934,414.965,442.934,0,0,100,0,1980,2619,50,0,0x0,r00_control_dram_write_address_100
8.652853143052198,442.934,414.965,442.934,0,0,100,0,1980,2619,50,0,0x0,r00_control_dram_write_address_100
8.662989639036823,442.934,414.965,442.934,0,0,100,0,1980,2619,50,0,0x0,r00_control_dram_write_address_100
8.673131960036699,442.934,414.965,442.934,0,0,100,0,1980,2619,51,0,0x0,r00_control_dram_write_address_100
8.683265255007427,442.934,414.965,442.934,0,0,100,0,1980,2619,51,0,0x0,r00_control_dram_write_address_100
8.693401362048462,442.934,414.965,442.934,0,0,100,0,1980,2619,51,0,0x0,r00_control_dram_write_address_100
8.703536468034144,442.934,414.965,442.934,0,0,100,0,1980,2619,51,0,0x0,r00_control_dram_write_address_100
8.713670355034992,442.934,414.965,442.934,0,0,100,0,1980,2619,51,0,0x0,r00_control_dram_write_address_100
8.723808464012109,442.934,414.965,442.934,0,0,100,0,1980,2619,51,0,0x0,r00_control_dram_write_address_100
8.733943424012978,443.314,453.672,443.314,0,0,100,0,1980,2619,51,0,0x0,r00_control_dram_write_address_100
8.744076997041702,443.314,453.672,443.314,0,0,100,0,1980,2619,51,0,0x0,r00_control_dram_write_address_100
8.754215021035634,443.314,453.672,443.314,0,0,100,0,1980,2619,51,0,0x0,r00_control_dram_write_address_100
8.764350290002767,443.314,453.672,443.314,0,0,100,0,1980,2619,51,0,0x0,r00_control_dram_write_address_100
8.774488830997143,443.314,453.672,443.314,0,0,100,0,1980,2619,51,0,0x0,r00_control_dram_write_address_100
8.78463875001762,443.314,453.672,443.314,0,0,100,0,1980,2619,51,0,0x0,r00_control_dram_write_address_100
8.79477748699719,443.314,453.672,443.314,0,0,100,0,1980,2619,51,0,0x0,r00_control_dram_write_address_100
8.804912729014177,443.314,453.672,443.314,0,0,100,0,1980,2619,51,0,0x0,r00_control_dram_write_address_100
8.815054909035098,443.314,453.672,443.314,0,0,100,0,1980,2619,51,0,0x0,r00_control_dram_write_address_100
8.825188345042989,443.314,453.672,443.314,0,0,100,0,1980,2619,51,0,0x0,r00_control_dram_write_address_100
8.83532335003838,443.686,453.297,443.686,0,0,100,0,1980,2619,51,0,0x0,r00_control_dram_write_address_100
8.845458431052975,443.686,453.297,443.686,0,0,100,0,1980,2619,51,0,0x0,r00_control_dram_write_address_100
8.855703390028793,443.686,453.297,443.686,0,0,100,0,1980,2619,51,0,0x0,r00_control_dram_write_address_100
8.866295443032868,443.686,453.297,443.686,0,0,100,0,1980,2619,51,0,0x0,r00_control_dram_write_address_100
8.876432707009371,443.686,453.297,443.686,0,0,100,0,1980,2619,51,0,0x0,r00_control_dram_write_address_100
8.886573463038076,443.686,453.297,443.686,0,0,100,0,1980,2619,51,0,0x0,r00_control_dram_write_address_100
8.896707790030632,443.686,453.297,443.686,0,0,100,0,1980,2619,51,0,0x0,r00_control_dram_write_address_100
8.906840504030697,443.686,453.297,443.686,0,0,100,0,1980,2619,51,0,0x0,r00_control_dram_write_address_100
8.916978761029895,443.686,453.297,443.686,0,0,100,0,1980,2619,51,0,0x0,r00_control_dram_write_address_100
8.927120025036857,443.686,453.297,443.686,0,0,100,0,1980,2619,51,0,0x0,r00_control_dram_write_address_100
8.937257831043098,443.695,453.672,443.695,0,0,100,0,1980,2619,51,0,0x0,r00_control_dram_write_address_100
8.947410554043017,443.695,453.672,443.695,0,0,100,0,1980,2619,51,0,0x0,r00_control_dram_write_address_100
8.957712896051817,443.695,453.672,443.695,0,0,100,0,1980,2619,51,0,0x0,r00_control_dram_write_address_100
8.967859746015165,443.695,453.672,443.695,0,0,100,0,1980,2619,51,0,0x0,r00_control_dram_write_address_100
8.977982185024302,443.695,453.672,443.695,0,0,100,0,1980,2619,51,0,0x0,r00_control_dram_write_address_100
8.98809847200755,443.695,453.672,443.695,0,0,100,0,1980,2619,51,0,0x0,r00_control_dram_write_address_100
8.998214109044056,443.695,453.672,443.695,0,0,100,0,1980,2619,51,0,0x0,r00_control_dram_write_address_100
9.008327374001965,443.695,453.672,443.695,0,0,100,0,1980,2619,51,0,0x0,r00_control_dram_write_address_100
9.018452354997862,443.695,453.672,443.695,0,0,100,0,1980,2619,51,0,0x0,r00_control_dram_write_address_100
9.028571196016856,443.695,453.672,443.695,0,0,100,0,1980,2619,51,0,0x0,r00_control_dram_write_address_100
9.038686977000907,443.245,452.976,443.245,0,0,100,0,1980,2619,51,0,0x0,r00_control_dram_write_address_100
9.048809236031957,443.245,452.976,443.245,0,0,100,0,1980,2619,51,0,0x0,r00_control_dram_write_address_100
9.058922603027895,443.245,452.976,443.245,0,0,100,0,1980,2619,51,0,0x0,gap
9.069055178028066,443.245,452.976,443.245,0,0,100,0,1980,2619,51,0,0x0,gap
9.079170201031957,443.245,452.976,443.245,0,0,100,0,1980,2619,47,0,0x0,gap
9.089286086033098,443.245,452.976,443.245,0,0,100,0,1980,2619,47,0,0x0,gap
9.099398443999235,443.245,452.976,443.245,0,0,100,0,1980,2619,47,0,0x0,gap
9.109511352027766,443.245,452.976,443.245,0,0,100,0,1980,2619,47,0,0x0,gap
9.119624329032376,443.245,452.976,443.245,0,0,100,0,1980,2619,47,0,0x0,gap
9.129741031036247,443.245,452.976,443.245,0,0,100,0,1980,2619,47,0,0x0,gap
9.139852727006655,443.245,452.976,443.245,0,0,100,0,1980,2619,47,0,0x0,gap
9.149970488040708,420.966,142.455,420.966,0,0,100,0,1980,2619,47,0,0x0,gap
9.160084983042907,420.966,142.455,420.966,0,0,100,0,1980,2619,47,0,0x0,gap
9.170196646009572,420.966,142.455,420.966,0,0,100,0,1980,2619,47,0,0x0,gap
9.180311659001745,420.966,142.455,420.966,0,0,100,0,1980,2619,47,0,0x0,gap
9.190425954002421,420.966,142.455,420.966,0,0,100,0,1980,2619,44,0,0x0,gap
9.200537627039012,420.966,142.455,420.966,0,0,100,0,1980,2619,44,0,0x0,gap
9.210646554012783,420.966,142.455,420.966,0,0,100,0,1980,2619,44,0,0x0,gap
9.22076310403645,420.966,142.455,420.966,0,0,100,0,1980,2619,44,0,0x0,gap
9.230879020004068,420.966,142.455,420.966,0,0,100,0,1980,2619,44,0,0x0,gap
9.24099349899916,387.802,121.432,387.802,0,0,100,0,1980,2619,44,0,0x0,gap
9.25111581501551,387.802,121.432,387.802,0,0,100,0,1980,2619,44,0,0x0,gap
9.261237694998272,387.802,121.432,387.802,0,0,100,0,1980,2619,44,0,0x0,r00_dram_write_cs_address_100
9.27136103605153,387.802,121.432,387.802,0,0,100,0,1980,2619,44,0,0x0,r00_dram_write_cs_address_100
9.281475473020691,387.802,121.432,387.802,0,0,100,0,1980,2619,44,0,0x0,r00_dram_write_cs_address_100
9.291597722040024,387.802,121.432,387.802,0,0,100,0,1980,2619,44,0,0x0,r00_dram_write_cs_address_100
9.301710415049456,387.802,121.432,387.802,0,0,100,0,1980,2619,45,0,0x0,r00_dram_write_cs_address_100
9.31182791403262,387.802,121.432,387.802,0,0,100,0,1980,2619,45,0,0x0,r00_dram_write_cs_address_100
9.321940237015951,387.802,121.432,387.802,0,0,100,0,1980,2619,45,0,0x0,r00_dram_write_cs_address_100
9.332053048012313,387.802,121.432,387.802,0,0,100,0,1980,2619,45,0,0x0,r00_dram_write_cs_address_100
9.342171274998691,379.99,448.288,379.99,0,0,100,0,1980,2619,45,0,0x0,r00_dram_write_cs_address_100
9.35228900203947,379.99,448.288,379.99,0,0,100,0,1980,2619,45,0,0x0,r00_dram_write_cs_address_100
9.36240198102314,379.99,448.288,379.99,0,0,100,0,1980,2619,45,0,0x0,r00_dram_write_cs_address_100
9.37251890602056,379.99,448.288,379.99,0,0,100,0,1980,2619,45,0,0x0,r00_dram_write_cs_address_100
9.382633035012987,379.99,448.288,379.99,0,0,28,0,1980,2619,46,0,0x0,r00_dram_write_cs_address_100
9.392748657031916,379.99,448.288,379.99,0,0,28,0,1980,2619,46,0,0x0,r00_dram_write_cs_address_100
9.402875463012606,379.99,448.288,379.99,0,0,28,0,1980,2619,46,0,0x0,r00_dram_write_cs_address_100
9.412993732024916,379.99,448.288,379.99,0,0,28,0,1980,2619,46,0,0x0,r00_dram_write_cs_address_100
9.423108260030858,379.99,448.288,379.99,0,0,28,0,1980,2619,46,0,0x0,r00_dram_write_cs_address_100
9.433223126048688,379.99,448.288,379.99,0,0,28,0,1980,2619,46,0,0x0,r00_dram_write_cs_address_100
9.443337747012265,379.99,448.288,379.99,0,0,28,0,1980,2619,46,0,0x0,r00_dram_write_cs_address_100
9.453458019997925,379.99,448.288,379.99,0,0,28,0,1980,2619,46,0,0x0,r00_dram_write_cs_address_100
9.463591981038917,385.149,495.675,385.149,0,0,28,0,1980,2619,46,0,0x0,r00_dram_write_cs_address_100
9.473711856000591,385.149,495.675,385.149,0,0,28,0,1980,2619,46,0,0x0,r00_dram_write_cs_address_100
9.483828279015142,385.149,495.675,385.149,0,0,28,0,1980,2619,46,0,0x0,r00_dram_write_cs_address_100
9.493945932015777,385.149,495.675,385.149,0,0,28,0,1980,2619,46,0,0x0,r00_dram_write_cs_address_100
9.50406034901971,385.149,495.675,385.149,0,0,28,0,1980,2619,46,0,0x0,r00_dram_write_cs_address_100
9.5141799080302,385.149,495.675,385.149,0,0,28,0,1980,2619,46,0,0x0,r00_dram_write_cs_address_100
9.524302984995302,385.149,495.675,385.149,0,0,28,0,1980,2619,46,0,0x0,r00_dram_write_cs_address_100
9.534459840040654,385.149,495.675,385.149,0,0,28,0,1980,2619,46,0,0x0,r00_dram_write_cs_address_100
9.544618612038903,385.149,495.675,385.149,0,0,28,0,1980,2619,46,0,0x0,r00_dram_write_cs_address_100
9.554768692003563,390.948,498.634,390.948,0,0,28,0,1980,2619,46,0,0x0,r00_dram_write_cs_address_100
9.564908020023722,390.948,498.634,390.948,0,0,28,0,1980,2619,46,0,0x0,r00_dram_write_cs_address_100
9.5750444480218,390.948,498.634,390.948,0,0,28,0,1980,2619,46,0,0x0,r00_dram_write_cs_address_100
9.585181533999275,390.948,498.634,390.948,0,0,28,0,1980,2619,46,0,0x0,r00_dram_write_cs_address_100
9.595318882027641,390.948,498.634,390.948,0,0,72,88,1980,2619,46,0,0x0,r00_dram_write_cs_address_100
9.605450088041835,390.948,498.634,390.948,0,0,72,88,1980,2619,47,0,0x0,r00_dram_write_cs_address_100
9.615596823045053,390.948,498.634,390.948,0,0,72,88,1980,2619,47,0,0x0,r00_dram_write_cs_address_100
9.62573271302972,390.948,498.634,390.948,0,0,72,88,1980,2619,47,0,0x0,r00_dram_write_cs_address_100
9.635870605008677,390.948,498.634,390.948,0,0,72,88,1980,2619,47,0,0x0,r00_dram_write_cs_address_100
9.646006710012443,390.948,498.634,390.948,0,0,72,88,1980,2619,47,0,0x0,r00_dram_write_cs_address_100
9.656152182025835,390.948,498.634,390.948,0,0,72,88,1980,2619,47,0,0x0,r00_dram_write_cs_address_100
9.666288920037914,390.948,498.634,390.948,0,0,72,88,1980,2619,47,0,0x0,r00_dram_write_cs_address_100
9.676430314022582,390.948,498.634,390.948,0,0,72,88,1980,2619,47,0,0x0,r00_dram_write_cs_address_100
9.686592314043082,400.06,499.33,400.06,0,0,72,88,1980,2619,47,0,0x0,r00_dram_write_cs_address_100
9.696731033036485,400.06,499.33,400.06,0,0,72,88,1980,2619,47,0,0x0,r00_dram_write_cs_address_100
9.706943202996626,400.06,499.33,400.06,0,0,72,88,1980,2619,47,0,0x0,r00_dram_write_cs_address_100
9.717295765003655,400.06,499.33,400.06,0,0,72,88,1980,2619,47,0,0x0,r00_dram_write_cs_address_100
9.727436295012012,400.06,499.33,400.06,0,0,72,88,1980,2619,47,0,0x0,r00_dram_write_cs_address_100
9.73757742100861,400.06,499.33,400.06,0,0,72,88,1980,2619,47,0,0x0,r00_dram_write_cs_address_100
9.74771383201005,400.06,499.33,400.06,0,0,72,88,1980,2619,47,0,0x0,r00_dram_write_cs_address_100
9.757860259036534,400.06,499.33,400.06,0,0,72,88,1980,2619,47,0,0x0,r00_dram_write_cs_address_100
9.767999214003794,400.06,499.33,400.06,0,0,72,88,1980,2619,47,0,0x0,r00_dram_write_cs_address_100
9.778139836038463,400.06,499.33,400.06,0,0,72,88,1980,2619,47,0,0x0,r00_dram_write_cs_address_100
9.788280297012534,400.06,499.33,400.06,0,0,72,88,1980,2619,47,0,0x0,r00_dram_write_cs_address_100
9.798416285018902,405.226,497.342,405.226,0,0,100,100,1980,2619,47,0,0x0,r00_dram_write_cs_address_100
9.808512874995358,405.226,497.342,405.226,0,0,100,100,1980,2619,47,0,0x0,r00_dram_write_cs_address_100
9.818651956040412,405.226,497.342,405.226,0,0,100,100,1980,2619,47,0,0x0,r00_dram_write_cs_address_100
9.828788956045173,405.226,497.342,405.226,0,0,100,100,1980,2619,47,0,0x0,r00_dram_write_cs_address_100
9.838925613032188,405.226,497.342,405.226,0,0,100,100,1980,2619,47,0,0x0,r00_dram_write_cs_address_100
9.84906742500607,405.226,497.342,405.226,0,0,100,100,1980,2619,47,0,0x0,r00_dram_write_cs_address_100
9.85921370901633,405.226,497.342,405.226,0,0,100,100,1980,2619,47,0,0x0,r00_dram_write_cs_address_100
9.869350159016903,405.226,497.342,405.226,0,0,100,100,1980,2619,47,0,0x0,r00_dram_write_cs_address_100
9.879489929007832,409.782,497.342,409.782,0,0,100,100,1980,2619,47,0,0x0,r00_dram_write_cs_address_100
9.889641827030573,409.782,497.342,409.782,0,0,100,100,1980,2619,47,0,0x0,r00_dram_write_cs_address_100
9.899777728016488,409.782,497.342,409.782,0,0,100,100,1980,2619,47,0,0x0,r00_dram_write_cs_address_100
9.909915643045679,409.782,497.342,409.782,0,0,100,100,1980,2619,47,0,0x0,r00_dram_write_cs_address_100
9.920058577030431,409.782,497.342,409.782,0,0,100,100,1980,2619,47,0,0x0,r00_dram_write_cs_address_100
9.930195077031385,409.782,497.342,409.782,0,0,100,100,1980,2619,47,0,0x0,r00_dram_write_cs_address_100
9.940332318015862,409.782,497.342,409.782,0,0,100,100,1980,2619,47,0,0x0,r00_dram_write_cs_address_100
9.950481687032152,409.782,497.342,409.782,0,0,100,100,1980,2619,47,0,0x0,r00_dram_write_cs_address_100
9.960624572995584,409.782,497.342,409.782,0,0,100,100,1980,2619,47,0,0x0,r00_dram_write_cs_address_100
9.970760908036027,409.782,497.342,409.782,0,0,100,100,1980,2619,47,0,0x0,r00_dram_write_cs_address_100
9.98090109199984,409.782,497.342,409.782,0,0,100,100,1980,2619,47,0,0x0,r00_dram_write_cs_address_100
9.991051525052171,409.782,497.342,409.782,0,0,100,100,1980,2619,47,0,0x0,r00_dram_write_cs_address_100
10.001202334999107,415.212,499.659,415.212,0,0,100,100,1980,2619,47,0,0x0,r00_dram_write_cs_address_100
10.011348861036822,415.212,499.659,415.212,0,0,100,100,1980,2619,47,0,0x0,r00_dram_write_cs_address_100
10.02148922701599,415.212,499.659,415.212,0,0,100,100,1980,2619,47,0,0x0,r00_dram_write_cs_address_100
10.031634339015,415.212,499.659,415.212,0,0,100,100,1980,2619,47,0,0x0,r00_dram_write_cs_address_100
10.041770423995331,415.212,499.659,415.212,0,0,100,100,1980,2619,47,0,0x0,r00_dram_write_cs_address_100
10.051908805035055,415.212,499.659,415.212,0,0,100,100,1980,2619,47,0,0x0,r00_dram_write_cs_address_100
10.062041005003266,415.212,499.659,415.212,0,0,100,100,1980,2619,47,0,0x0,r00_dram_write_cs_address_100
10.07217727805255,415.212,499.659,415.212,0,0,100,100,1980,2619,47,0,0x0,r00_dram_write_cs_address_100
10.082313626015093,415.212,499.659,415.212,0,0,100,100,1980,2619,47,0,0x0,r00_dram_write_cs_address_100
10.092452533019241,427.125,498.634,427.125,0,0,100,100,1980,2619,47,0,0x0,r00_dram_write_cs_address_100
10.102605015039444,427.125,498.634,427.125,0,0,100,100,1980,2619,47,0,0x0,r00_dram_write_cs_address_100
10.1127419960103,427.125,498.634,427.125,0,0,100,100,1980,2619,47,0,0x0,r00_dram_write_cs_address_100
10.122878580004908,427.125,498.634,427.125,0,0,100,100,1980,2619,47,0,0x0,r00_dram_write_cs_address_100
10.133014521037694,427.125,498.634,427.125,0,0,100,100,1980,2619,47,0,0x0,r00_dram_write_cs_address_100
10.143151402007788,427.125,498.634,427.125,0,0,100,100,1980,2619,47,0,0x0,r00_dram_write_cs_address_100
10.15329179703258,427.125,498.634,427.125,0,0,100,100,1980,2619,47,0,0x0,r00_dram_write_cs_address_100
10.163432015047874,427.125,498.634,427.125,0,0,100,100,1980,2619,47,0,0x0,r00_dram_write_cs_address_100
10.173569867038168,427.125,498.634,427.125,0,0,100,100,1980,2619,47,0,0x0,r00_dram_write_cs_address_100
10.183714968035929,427.125,498.634,427.125,0,0,100,100,1980,2619,47,0,0x0,r00_dram_write_cs_address_100
10.193848439026624,427.125,498.634,427.125,0,0,100,100,1980,2619,47,0,0x0,r00_dram_write_cs_address_100
10.203994180017617,470.442,499.33,470.442,0,0,100,100,1980,2619,47,0,0x0,r00_dram_write_cs_address_100
10.214130806038156,470.442,499.33,470.442,0,0,100,100,1980,2619,47,0,0x0,r00_dram_write_cs_address_100
10.224271981045604,470.442,499.33,470.442,0,0,100,100,1980,2619,47,0,0x0,r00_dram_write_cs_address_100
10.234410495031625,470.442,499.33,470.442,0,0,100,100,1980,2619,47,0,0x0,r00_dram_write_cs_address_100
10.244552224001382,470.442,499.33,470.442,0,0,100,100,1980,2619,47,0,0x0,r00_dram_write_cs_address_100
10.25470122101251,470.442,499.33,470.442,0,0,100,100,1980,2619,47,0,0x0,gap
10.264861421019305,470.442,499.33,470.442,0,0,100,100,1980,2619,47,0,0x0,gap
10.275002345035318,470.442,499.33,470.442,0,0,100,100,1980,2619,47,0,0x0,gap
10.28514447005,470.442,499.33,470.442,0,0,100,100,1980,2619,47,0,0x0,gap
10.295288242050447,470.442,499.33,470.442,0,0,100,100,1980,2619,47,0,0x0,gap
10.305422242032364,470.442,499.33,470.442,0,0,100,100,1980,2619,47,0,0x0,gap
10.315556565998122,480.421,167.138,480.421,0,0,100,100,1980,2619,47,0,0x0,gap
10.325692196027376,480.421,167.138,480.421,0,0,100,100,1980,2619,47,0,0x0,gap
10.33583193999948,480.421,167.138,480.421,0,0,100,100,1980,2619,44,0,0x0,gap
10.345972548006102,480.421,167.138,480.421,0,0,100,100,1980,2619,44,0,0x0,gap
10.35611711803358,480.421,167.138,480.421,0,0,100,100,1980,2619,44,0,0x0,gap
10.3662615820067,480.421,167.138,480.421,0,0,100,100,1980,2619,44,0,0x0,gap
10.376433595025446,480.421,167.138,480.421,0,0,100,100,1980,2619,44,0,0x0,gap
10.386607262014877,480.421,167.138,480.421,0,0,100,100,1980,2619,44,0,0x0,gap
10.396741788019426,480.421,167.138,480.421,0,0,100,100,1980,2619,44,0,0x0,gap
10.406883398012724,480.421,167.138,480.421,0,0,100,100,1980,2619,44,0,0x0,gap
10.41702068404993,443.841,120.406,443.841,0,0,29,35,1980,2619,44,0,0x0,gap
10.427153393044136,443.841,120.406,443.841,0,0,29,35,1980,2619,44,0,0x0,gap
10.437284822051879,443.841,120.406,443.841,0,0,29,35,1980,2619,44,0,0x0,gap
10.447419786010869,443.841,120.406,443.841,0,0,29,35,1980,2619,44,0,0x0,gap
10.45757923903875,443.841,120.406,443.841,0,0,29,35,1980,2619,43,0,0x0,r01_control_l2_write_address_050
10.467723405046854,443.841,120.406,443.841,0,0,29,35,1980,2619,43,0,0x0,r01_control_l2_write_address_050
10.47785924404161,443.841,120.406,443.841,0,0,29,35,1980,2619,43,0,0x0,r01_control_l2_write_address_050
10.487993529997766,443.841,120.406,443.841,0,0,29,35,1980,2619,43,0,0x0,r01_control_l2_write_address_050
10.498131490021478,420.499,339.961,420.499,0,0,29,35,1980,2619,43,0,0x0,r01_control_l2_write_address_050
10.508267402008642,420.499,339.961,420.499,0,0,29,35,1980,2619,43,0,0x0,r01_control_l2_write_address_050
10.518403505033348,420.499,339.961,420.499,0,0,29,35,1980,2619,43,0,0x0,r01_control_l2_write_address_050
10.52853634802159,420.499,339.961,420.499,0,0,29,35,1980,2619,43,0,0x0,r01_control_l2_write_address_050
10.538672208029311,420.499,339.961,420.499,0,0,29,35,1980,2619,43,0,0x0,r01_control_l2_write_address_050
10.548810337029863,420.499,339.961,420.499,0,0,29,35,1980,2619,43,0,0x0,r01_control_l2_write_address_050
10.5589454130386,420.499,339.961,420.499,0,0,29,35,1980,2619,46,0,0x0,r01_control_l2_write_address_050
10.56907762301853,420.499,339.961,420.499,0,0,29,35,1980,2619,46,0,0x0,r01_control_l2_write_address_050
10.57921349501703,420.499,339.961,420.499,0,0,29,35,1980,2619,46,0,0x0,r01_control_l2_write_address_050
10.589350791997276,420.499,339.961,420.499,0,0,29,35,1980,2619,46,0,0x0,r01_control_l2_write_address_050
10.599481585028116,399.64,135.772,399.64,0,0,29,35,1980,2619,46,0,0x0,r01_control_l2_write_address_050
10.609636461012997,399.64,135.772,399.64,0,0,29,35,1980,2619,46,0,0x0,r01_control_l2_write_address_050
10.619771312049124,399.64,135.772,399.64,0,0,29,35,1980,2619,46,0,0x0,r01_control_l2_write_address_050
10.62990240502404,399.64,135.772,399.64,0,0,45,0,1980,2619,46,0,0x0,r01_control_l2_write_address_050
10.640032958996017,399.64,135.772,399.64,0,0,45,0,1980,2619,46,0,0x0,r01_control_l2_write_address_050
10.650179319025483,399.64,135.772,399.64,0,0,45,0,1980,2619,46,0,0x0,r01_control_l2_write_address_050
10.660311705025379,399.64,135.772,399.64,0,0,45,0,1980,2619,43,0,0x0,r01_control_l2_write_address_050
10.670446453033946,399.64,135.772,399.64,0,0,45,0,1980,2619,43,0,0x0,r01_control_l2_write_address_050
10.680587598006241,399.64,135.772,399.64,0,0,45,0,1980,2619,43,0,0x0,r01_control_l2_write_address_050
10.690719789010473,399.64,135.772,399.64,0,0,45,0,1980,2619,43,0,0x0,r01_control_l2_write_address_050
10.70085237902822,362.541,119.441,362.541,0,0,45,0,1980,2619,43,0,0x0,r01_control_l2_write_address_050
10.710993676038925,362.541,119.441,362.541,0,0,45,0,1980,2619,43,0,0x0,r01_control_l2_write_address_050
10.721128465025686,362.541,119.441,362.541,0,0,45,0,1980,2619,43,0,0x0,r01_control_l2_write_address_050
10.731263281020802,362.541,119.441,362.541,0,0,45,0,1980,2619,43,0,0x0,r01_control_l2_write_address_050
10.741393261996564,362.541,119.441,362.541,0,0,45,0,1980,2619,43,0,0x0,r01_control_l2_write_address_050
10.751535541028716,362.541,119.441,362.541,0,0,45,0,1980,2619,43,0,0x0,r01_control_l2_write_address_050
10.76167188299587,362.541,119.441,362.541,0,0,45,0,1980,2619,42,0,0x0,r01_control_l2_write_address_050
10.771805382042658,362.541,119.441,362.541,0,0,45,0,1980,2619,42,0,0x0,r01_control_l2_write_address_050
10.781941345019732,362.541,119.441,362.541,0,0,45,0,1980,2619,42,0,0x0,r01_control_l2_write_address_050
10.792077001009602,362.541,119.441,362.541,0,0,45,0,1980,2619,42,0,0x0,r01_control_l2_write_address_050
10.80220677005127,322.156,118.79,322.156,0,0,45,0,1980,2619,42,0,0x0,r01_control_l2_write_address_050
10.812339639000129,322.156,118.79,322.156,0,0,45,0,1980,2619,42,0,0x0,r01_control_l2_write_address_050
10.822470284008887,322.156,118.79,322.156,0,0,45,0,1980,2619,42,0,0x0,r01_control_l2_write_address_050
10.832619088003412,322.156,118.79,322.156,0,0,0,0,1980,2619,42,0,0x0,r01_control_l2_write_address_050
10.842750889016315,322.156,118.79,322.156,0,0,0,0,1980,2619,42,0,0x0,r01_control_l2_write_address_050
10.852885966014583,322.156,118.79,322.156,0,0,0,0,1980,2619,42,0,0x0,r01_control_l2_write_address_050
10.863019506039564,322.156,118.79,322.156,0,0,0,0,1980,2619,42,0,0x0,r01_control_l2_write_address_050
10.87315265100915,322.156,118.79,322.156,0,0,0,0,1980,2619,42,0,0x0,r01_control_l2_write_address_050
10.883290591998957,322.156,118.79,322.156,0,0,0,0,1980,2619,42,0,0x0,r01_control_l2_write_address_050
10.893423923000228,322.156,118.79,322.156,0,0,0,0,1980,2619,42,0,0x0,r01_control_l2_write_address_050
10.903555713011883,276.412,118.79,276.412,0,0,0,0,1980,2619,42,0,0x0,r01_control_l2_write_address_050
10.91369089402724,276.412,118.79,276.412,0,0,0,0,1980,2619,42,0,0x0,r01_control_l2_write_address_050
10.923828365048394,276.412,118.79,276.412,0,0,0,0,1980,2619,42,0,0x0,r01_control_l2_write_address_050
10.93393770599505,276.412,118.79,276.412,0,0,0,0,1980,2619,42,0,0x0,r01_control_l2_write_address_050
10.944181118044071,276.412,118.79,276.412,0,0,0,0,1980,2619,42,0,0x0,r01_control_l2_write_address_050
10.954327020037454,276.412,118.79,276.412,0,0,0,0,1980,2619,42,0,0x0,r01_control_l2_write_address_050
10.964464004035108,276.412,118.79,276.412,0,0,0,0,1980,2619,42,0,0x0,r01_control_l2_write_address_050
10.974639316031244,276.412,118.79,276.412,0,0,0,0,1980,2619,42,0,0x0,r01_control_l2_write_address_050
10.984778806043323,276.412,118.79,276.412,0,0,0,0,1980,2619,42,0,0x0,r01_control_l2_write_address_050
10.99491183302598,276.412,118.79,276.412,0,0,0,0,1980,2619,42,0,0x0,r01_control_l2_write_address_050
11.005046826030593,276.412,118.79,276.412,0,0,0,0,1980,2619,42,0,0x0,r01_control_l2_write_address_050
11.015180207032245,249.754,338.99,249.754,0,0,0,0,1980,2619,42,0,0x0,r01_control_l2_write_address_050
11.025313110032585,249.754,338.99,249.754,0,0,0,0,1980,2619,42,0,0x0,r01_control_l2_write_address_050
11.03544452402275,249.754,338.99,249.754,0,0,19,0,1980,2619,42,0,0x0,r01_control_l2_write_address_050
11.045586102001835,249.754,338.99,249.754,0,0,19,0,1980,2619,42,0,0x0,r01_control_l2_write_address_050
11.055721981043462,249.754,338.99,249.754,0,0,19,0,1980,2619,42,0,0x0,r01_control_l2_write_address_050
11.065855752036441,249.754,338.99,249.754,0,0,19,0,1980,2619,44,0,0x0,r01_control_l2_write_address_050
11.075988441007212,249.754,338.99,249.754,0,0,19,0,1980,2619,44,0,0x0,r01_control_l2_write_address_050
11.086120134044904,249.754,338.99,249.754,0,0,19,0,1980,2619,44,0,0x0,r01_control_l2_write_address_050
11.096266442036722,249.754,338.99,249.754,0,0,19,0,1980,2619,44,0,0x0,r01_control_l2_write_address_050
11.106398695032112,249.754,338.99,249.754,0,0,19,0,1980,2619,44,0,0x0,r01_control_l2_write_address_050
11.116535748995375,223.608,135.772,223.608,0,0,19,0,1980,2619,44,0,0x0,r01_control_l2_write_address_050
11.126667624048423,223.608,135.772,223.608,0,0,19,0,1980,2619,44,0,0x0,r01_control_l2_write_address_050
11.136806690017693,223.608,135.772,223.608,0,0,19,0,1980,2619,44,0,0x0,r01_control_l2_write_address_050
11.14693841803819,223.608,135.772,223.608,0,0,19,0,1980,2619,44,0,0x0,r01_control_l2_write_address_050
11.157072808011435,223.608,135.772,223.608,0,0,19,0,1980,2619,44,0,0x0,r01_control_l2_write_address_050
11.167204805009533,223.608,135.772,223.608,0,0,19,0,1980,2619,42,0,0x0,r01_control_l2_write_address_050
11.177338125999086,223.608,135.772,223.608,0,0,19,0,1980,2619,42,0,0x0,r01_control_l2_write_address_050
11.187470750010107,223.608,135.772,223.608,0,0,19,0,1980,2619,42,0,0x0,r01_control_l2_write_address_050
11.197625725006219,223.608,135.772,223.608,0,0,19,0,1980,2619,42,0,0x0,r01_control_l2_write_address_050
11.207759115030058,223.608,135.772,223.608,0,0,19,0,1980,2619,42,0,0x0,r01_control_l2_write_address_050
11.217895983019844,223.608,135.772,223.608,0,0,19,0,1980,2619,42,0,0x0,r01_control_l2_write_address_050
11.228043329028878,184.38,119.763,184.38,0,0,19,0,1980,2619,42,0,0x0,r01_control_l2_write_address_050
11.23817871301435,184.38,119.763,184.38,0,0,26,0,1980,2619,42,0,0x0,r01_control_l2_write_address_050
11.248313046002295,184.38,119.763,184.38,0,0,26,0,1980,2619,42,0,0x0,r01_control_l2_write_address_050
11.258447343017906,184.38,119.763,184.38,0,0,26,0,1980,2619,42,0,0x0,r01_control_l2_write_address_050
11.268588434031699,184.38,119.763,184.38,0,0,26,0,1980,2619,42,0,0x0,r01_control_l2_write_address_050
11.278720174042974,184.38,119.763,184.38,0,0,26,0,1980,2619,42,0,0x0,r01_control_l2_write_address_050
11.288854162034113,184.38,119.763,184.38,0,0,26,0,1980,2619,42,0,0x0,r01_control_l2_write_address_050
11.299039477016777,184.38,119.763,184.38,0,0,26,0,1980,2619,42,0,0x0,r01_control_l2_write_address_050
11.309170057997108,184.38,119.763,184.38,0,0,26,0,1980,2619,42,0,0x0,r01_control_l2_write_address_050
11.319305234996136,184.38,119.763,184.38,0,0,26,0,1980,2619,42,0,0x0,r01_control_l2_write_address_050
11.329437449050602,184.38,119.763,184.38,0,0,26,0,1980,2619,42,0,0x0,r01_control_l2_write_address_050
11.339597598998807,165.651,119.112,165.651,0,0,26,0,1980,2619,42,0,0x0,r01_control_l2_write_address_050
11.349733264010865,165.651,119.112,165.651,0,0,26,0,1980,2619,42,0,0x0,r01_control_l2_write_address_050
11.359868739033118,165.651,119.112,165.651,0,0,26,0,1980,2619,42,0,0x0,r01_control_l2_write_address_050
11.37000244203955,165.651,119.112,165.651,0,0,26,0,1980,2619,42,0,0x0,r01_control_l2_write_address_050
11.380137091036886,165.651,119.112,165.651,0,0,26,0,1980,2619,41,0,0x0,r01_control_l2_write_address_050
11.390269691997673,165.651,119.112,165.651,0,0,26,0,1980,2619,41,0,0x0,r01_control_l2_write_address_050
11.400401352031622,165.651,119.112,165.651,0,0,26,0,1980,2619,41,0,0x0,r01_control_l2_write_address_050
11.410535903996788,165.651,119.112,165.651,0,0,26,0,1980,2619,41,0,0x0,r01_control_l2_write_address_050
11.420680752024055,164.623,118.79,164.623,0,0,26,0,1980,2619,41,0,0x0,r01_control_l2_write_address_050
11.430883505032398,164.623,118.79,164.623,0,0,26,0,1980,2619,41,0,0x0,r01_control_l2_write_address_050
11.441023516003042,164.623,118.79,164.623,0,0,26,0,1980,2619,41,0,0x0,r01_control_l2_write_address_050
11.451157390023582,164.623,118.79,164.623,0,0,26,0,1980,2619,41,0,0x0,r01_control_l2_write_address_050
11.461277663998771,164.623,118.79,164.623,0,0,0,0,1980,2619,41,0,0x0,gap
11.47141564404592,164.623,118.79,164.623,0,0,0,0,1980,2619,41,0,0x0,gap
11.481537137995474,164.623,118.79,164.623,0,0,0,0,1980,2619,41,0,0x0,gap
11.491652799013536,164.623,118.79,164.623,0,0,0,0,1980,2619,41,0,0x0,gap
11.50176699605072,164.623,118.79,164.623,0,0,0,0,1980,2619,41,0,0x0,gap
11.511886712047271,164.623,118.79,164.623,0,0,0,0,1980,2619,41,0,0x0,gap
11.522005407023244,164.623,118.79,164.623,0,0,0,0,1980,2619,41,0,0x0,gap
11.532123920042068,164.623,118.79,164.623,0,0,0,0,1980,2619,41,0,0x0,gap
11.542255120002665,153.27,119.112,153.27,0,0,0,0,1980,2619,41,0,0x0,gap
11.552371758036315,153.27,119.112,153.27,0,0,0,0,1980,2619,41,0,0x0,gap
11.562490080017596,153.27,119.112,153.27,0,0,0,0,1980,2619,41,0,0x0,gap
11.572626103006769,153.27,119.112,153.27,0,0,0,0,1980,2619,41,0,0x0,gap
11.582758584001567,153.27,119.112,153.27,0,0,0,0,1980,2619,41,0,0x0,gap
11.59287829900859,153.27,119.112,153.27,0,0,0,0,1980,2619,41,0,0x0,gap
11.602994464046787,153.27,119.112,153.27,0,0,0,0,1980,2619,41,0,0x0,gap
11.613110970996786,153.27,119.112,153.27,0,0,0,0,1980,2619,41,0,0x0,gap
11.623228864045814,142.303,118.79,142.303,0,0,0,0,1980,2619,41,0,0x0,gap
11.633345134032425,142.303,118.79,142.303,0,0,0,0,1980,2619,41,0,0x0,gap
11.64346084400313,142.303,118.79,142.303,0,0,0,0,1980,2619,41,0,0x0,gap
11.653588778048288,142.303,118.79,142.303,0,0,0,0,1980,2619,41,0,0x0,gap
11.663704519043677,142.303,118.79,142.303,0,0,0,0,1980,2619,41,0,0x0,r01_l2_write_wb_address_050
11.673823840043042,142.303,118.79,142.303,0,0,0,0,1980,2619,41,0,0x0,r01_l2_write_wb_address_050
11.68394114804687,142.303,118.79,142.303,0,0,0,0,1980,2619,41,0,0x0,r01_l2_write_wb_address_050
11.694059824047145,142.303,118.79,142.303,0,0,0,0,1980,2619,41,0,0x0,r01_l2_write_wb_address_050
11.704178467043675,142.303,118.79,142.303,0,0,0,0,1980,2619,41,0,0x0,r01_l2_write_wb_address_050
11.714299761049915,142.303,118.79,142.303,0,0,0,0,1980,2619,41,0,0x0,r01_l2_write_wb_address_050
11.724417545017786,142.303,118.79,142.303,0,0,0,0,1980,2619,41,0,0x0,r01_l2_write_wb_address_050
11.734538850025274,142.303,118.79,142.303,0,0,0,0,1980,2619,41,0,0x0,r01_l2_write_wb_address_050
11.744665965030435,158.281,350.294,158.281,0,0,0,0,1980,2619,41,0,0x0,r01_l2_write_wb_address_050
11.754788901016582,158.281,350.294,158.281,0,0,0,0,1980,2619,41,0,0x0,r01_l2_write_wb_address_050
11.76490777003346,158.281,350.294,158.281,0,0,0,0,1980,2619,41,0,0x0,r01_l2_write_wb_address_050
11.775152162008453,158.281,350.294,158.281,0,0,0,0,1980,2619,41,0,0x0,r01_l2_write_wb_address_050
11.78582973103039,158.281,350.294,158.281,0,0,0,0,1980,2619,45,0,0x0,r01_l2_write_wb_address_050
11.795935622008983,158.281,350.294,158.281,0,0,0,0,1980,2619,45,0,0x0,r01_l2_write_wb_address_050
11.806021774013061,158.281,350.294,158.281,0,0,0,0,1980,2619,45,0,0x0,r01_l2_write_wb_address_050
11.816110390005633,158.281,350.294,158.281,0,0,0,0,1980,2619,45,0,0x0,r01_l2_write_wb_address_050
11.82622975500999,183.675,385.299,183.675,0,0,0,0,1980,2619,45,0,0x0,r01_l2_write_wb_address_050
11.83634759200504,183.675,385.299,183.675,0,0,0,0,1980,2619,45,0,0x0,r01_l2_write_wb_address_050
11.846467023016885,183.675,385.299,183.675,0,0,0,0,1980,2619,45,0,0x0,r01_l2_write_wb_address_050
11.856592218042351,183.675,385.299,183.675,0,0,0,0,1980,2619,45,0,0x0,r01_l2_write_wb_address_050
11.866708115034271,183.675,385.299,183.675,0,0,68,0,1980,2619,43,0,0x0,r01_l2_write_wb_address_050
11.876826131017879,183.675,385.299,183.675,0,0,68,0,1980,2619,43,0,0x0,r01_l2_write_wb_address_050
11.88694190804381,183.675,385.299,183.675,0,0,68,0,1980,2619,43,0,0x0,r01_l2_write_wb_address_050
11.89705849904567,183.675,385.299,183.675,0,0,68,0,1980,2619,43,0,0x0,r01_l2_write_wb_address_050
11.907172876002733,183.675,385.299,183.675,0,0,68,0,1980,2619,43,0,0x0,r01_l2_write_wb_address_050
11.917289085045923,183.675,385.299,183.675,0,0,68,0,1980,2619,43,0,0x0,r01_l2_write_wb_address_050
11.927406397007871,183.675,385.299,183.675,0,0,68,0,1980,2619,43,0,0x0,r01_l2_write_wb_address_050
11.937524855020456,183.675,385.299,183.675,0,0,68,0,1980,2619,43,0,0x0,r01_l2_write_wb_address_050
11.947641606035177,184.514,121.432,184.514,0,0,68,0,1980,2619,43,0,0x0,r01_l2_write_wb_address_050
11.957761779020075,184.514,121.432,184.514,0,0,68,0,1980,2619,43,0,0x0,r01_l2_write_wb_address_050
11.967879140051082,184.514,121.432,184.514,0,0,68,0,1980,2619,43,0,0x0,r01_l2_write_wb_address_050
11.977994053042494,184.514,121.432,184.514,0,0,68,0,1980,2619,43,0,0x0,r01_l2_write_wb_address_050
11.988111860002391,184.514,121.432,184.514,0,0,68,0,1980,2619,42,0,0x0,r01_l2_write_wb_address_050
11.998228979005944,184.514,121.432,184.514,0,0,68,0,1980,2619,42,0,0x0,r01_l2_write_wb_address_050
12.00834413402481,184.514,121.432,184.514,0,0,68,0,1980,2619,42,0,0x0,r01_l2_write_wb_address_050
12.018458653008565,184.514,121.432,184.514,0,0,68,0,1980,2619,42,0,0x0,r01_l2_write_wb_address_050
12.028597026015632,172.079,119.112,172.079,0,0,68,0,1980,2619,42,0,0x0,r01_l2_write_wb_address_050
12.038715029018931,172.079,119.112,172.079,0,0,68,0,1980,2619,42,0,0x0,r01_l2_write_wb_address_050
12.048837223032024,172.079,119.112,172.079,0,0,68,0,1980,2619,42,0,0x0,r01_l2_write_wb_address_050
12.05895539704943,172.079,119.112,172.079,0,0,68,0,1980,2619,42,0,0x0,r01_l2_write_wb_address_050
12.069076945015695,172.079,119.112,172.079,0,0,12,0,1980,2619,41,0,0x0,r01_l2_write_wb_address_050
12.079192847013474,172.079,119.112,172.079,0,0,12,0,1980,2619,41,0,0x0,r01_l2_write_wb_address_050
12.08931313402718,172.079,119.112,172.079,0,0,12,0,1980,2619,41,0,0x0,r01_l2_write_wb_address_050
12.099446068052202,172.079,119.112,172.079,0,0,12,0,1980,2619,41,0,0x0,r01_l2_write_wb_address_050
12.109583699028008,172.079,119.112,172.079,0,0,12,0,1980,2619,41,0,0x0,r01_l2_write_wb_address_050
12.119713264051825,172.079,119.112,172.079,0,0,12,0,1980,2619,41,0,0x0,r01_l2_write_wb_address_050
12.129845239047427,172.079,119.112,172.079,0,0,12,0,1980,2619,41,0,0x0,r01_l2_write_wb_address_050
12.139979074010625,172.079,119.112,172.079,0,0,12,0,1980,2619,41,0,0x0,r01_l2_write_wb_address_050
12.150109486014117,160.44,119.441,160.44,0,0,12,0,1980,2619,41,0,0x0,r01_l2_write_wb_address_050
12.16024301602738,160.44,119.441,160.44,0,0,12,0,1980,2619,41,0,0x0,r01_l2_write_wb_address_050
12.17038240202237,160.44,119.441,160.44,0,0,12,0,1980,2619,41,0,0x0,r01_l2_write_wb_address_050
12.180516077030916,160.44,119.441,160.44,0,0,12,0,1980,2619,41,0,0x0,r01_l2_write_wb_address_050
12.190648102026898,160.44,119.441,160.44,0,0,12,0,1980,2619,43,0,0x0,r01_l2_write_wb_address_050
12.200784031010699,160.44,119.441,160.44,0,0,12,0,1980,2619,43,0,0x0,r01_l2_write_wb_address_050
12.21091746300226,160.44,119.441,160.44,0,0,12,0,1980,2619,43,0,0x0,r01_l2_write_wb_address_050
12.221048856037669,160.44,119.441,160.44,0,0,12,0,1980,2619,43,0,0x0,r01_l2_write_wb_address_050
12.231182168005034,160.44,119.441,160.44,0,0,12,0,1980,2619,43,0,0x0,r01_l2_write_wb_address_050
12.241315641032998,176.145,342.332,176.145,0,0,12,0,1980,2619,43,0,0x0,r01_l2_write_wb_address_050
12.251449600036722,176.145,342.332,176.145,0,0,12,0,1980,2619,43,0,0x0,r01_l2_write_wb_address_050
12.261597578995861,176.145,342.332,176.145,0,0,12,0,1980,2619,43,0,0x0,r01_l2_write_wb_address_050
12.271751921041869,176.145,342.332,176.145,0,0,18,0,1980,2619,43,0,0x0,r01_l2_write_wb_address_050
12.28190188005101,176.145,342.332,176.145,0,0,18,0,1980,2619,45,0,0x0,r01_l2_write_wb_address_050
12.292047344031744,176.145,342.332,176.145,0,0,18,0,1980,2619,45,0,0x0,r01_l2_write_wb_address_050
12.302184408996254,176.145,342.332,176.145,0,0,18,0,1980,2619,45,0,0x0,r01_l2_write_wb_address_050
12.31232234602794,176.145,342.332,176.145,0,0,18,0,1980,2619,45,0,0x0,r01_l2_write_wb_address_050
12.322455283021554,176.145,342.332,176.145,0,0,18,0,1980,2619,45,0,0x0,r01_l2_write_wb_address_050
12.332598458044231,176.145,342.332,176.145,0,0,18,0,1980,2619,45,0,0x0,r01_l2_write_wb_address_050
12.342731344047934,200.564,372.962,200.564,0,0,18,0,1980,2619,45,0,0x0,r01_l2_write_wb_address_050
12.352864100015722,200.564,372.962,200.564,0,0,18,0,1980,2619,45,0,0x0,r01_l2_write_wb_address_050
12.362994287046604,200.564,372.962,200.564,0,0,18,0,1980,2619,45,0,0x0,r01_l2_write_wb_address_050
12.373128282022662,200.564,372.962,200.564,0,0,18,0,1980,2619,45,0,0x0,r01_l2_write_wb_address_050
12.383262739051133,200.564,372.962,200.564,0,0,18,0,1980,2619,45,0,0x0,r01_l2_write_wb_address_050
12.39340149704367,200.564,372.962,200.564,0,0,18,0,1980,2619,45,0,0x0,r01_l2_write_wb_address_050
12.40353386499919,200.564,372.962,200.564,0,0,18,0,1980,2619,43,0,0x0,r01_l2_write_wb_address_050
12.413667271030135,200.564,372.962,200.564,0,0,18,0,1980,2619,43,0,0x0,r01_l2_write_wb_address_050
12.423798334028106,200.564,372.962,200.564,0,0,18,0,1980,2619,43,0,0x0,r01_l2_write_wb_address_050
12.433931031031534,200.564,372.962,200.564,0,0,18,0,1980,2619,43,0,0x0,r01_l2_write_wb_address_050
12.444065323041286,203.241,121.753,203.241,0,0,18,0,1980,2619,43,0,0x0,r01_l2_write_wb_address_050
12.45419685303932,203.241,121.753,203.241,0,0,18,0,1980,2619,43,0,0x0,r01_l2_write_wb_address_050
12.464327808003873,203.241,121.753,203.241,0,0,18,0,1980,2619,43,0,0x0,r01_l2_write_wb_address_050
12.474459250050131,203.241,121.753,203.241,0,0,18,0,1980,2619,43,0,0x0,r01_l2_write_wb_address_050
12.484620796050876,203.241,121.753,203.241,0,0,63,0,1980,2619,42,0,0x0,r01_l2_write_wb_address_050
12.494754683051724,203.241,121.753,203.241,0,0,63,0,1980,2619,42,0,0x0,r01_l2_write_wb_address_050
12.50488787604263,203.241,121.753,203.241,0,0,63,0,1980,2619,42,0,0x0,r01_l2_write_wb_address_050
12.515023039013613,203.241,121.753,203.241,0,0,63,0,1980,2619,42,0,0x0,r01_l2_write_wb_address_050
12.52515627304092,203.241,121.753,203.241,0,0,63,0,1980,2619,42,0,0x0,r01_l2_write_wb_address_050
12.535289598046802,203.241,121.753,203.241,0,0,63,0,1980,2619,42,0,0x0,r01_l2_write_wb_address_050
12.54542375903111,203.241,121.753,203.241,0,0,63,0,1980,2619,42,0,0x0,r01_l2_write_wb_address_050
12.555566991039086,203.249,119.112,203.249,0,0,63,0,1980,2619,42,0,0x0,r01_l2_write_wb_address_050
12.565756735042669,203.249,119.112,203.249,0,0,63,0,1980,2619,42,0,0x0,r01_l2_write_wb_address_050
12.575903631048277,203.249,119.112,203.249,0,0,63,0,1980,2619,42,0,0x0,r01_l2_write_wb_address_050
12.58603733201744,203.249,119.112,203.249,0,0,63,0,1980,2619,42,0,0x0,r01_l2_write_wb_address_050
12.596173605008516,203.249,119.112,203.249,0,0,63,0,1980,2619,42,0,0x0,r01_l2_write_wb_address_050
12.606332605995703,203.249,119.112,203.249,0,0,63,0,1980,2619,41,0,0x0,r01_l2_write_wb_address_050
12.616494384012185,203.249,119.112,203.249,0,0,63,0,1980,2619,41,0,0x0,r01_l2_write_wb_address_050
12.626669263001531,203.249,119.112,203.249,0,0,63,0,1980,2619,41,0,0x0,r01_l2_write_wb_address_050
12.636804619047325,203.249,119.112,203.249,0,0,63,0,1980,2619,41,0,0x0,r01_l2_write_wb_address_050
12.646937244047876,203.298,119.441,203.298,0,0,63,0,1980,2619,41,0,0x0,r01_l2_write_wb_address_050
12.65707202104386,203.298,119.441,203.298,0,0,63,0,1980,2619,41,0,0x0,r01_l2_write_wb_address_050
12.66720746003557,203.298,119.441,203.298,0,0,63,0,1980,2619,41,0,0x0,gap
12.677355501044076,203.298,119.441,203.298,0,0,63,0,1980,2619,41,0,0x0,gap
12.687492966011632,203.298,119.441,203.298,0,0,0,0,1980,2619,41,0,0x0,gap
12.697633682051674,203.298,119.441,203.298,0,0,0,0,1980,2619,41,0,0x0,gap
12.707769128028303,203.298,119.441,203.298,0,0,0,0,1980,2619,41,0,0x0,gap
12.717900312040001,203.298,119.441,203.298,0,0,0,0,1980,2619,41,0,0x0,gap
12.728033433028031,203.298,119.441,203.298,0,0,0,0,1980,2619,41,0,0x0,gap
12.738164033042267,203.298,119.441,203.298,0,0,0,0,1980,2619,41,0,0x0,gap
12.748300718027167,203.298,119.441,203.298,0,0,0,0,1980,2619,41,0,0x0,gap
12.758440527017228,181.11,119.112,181.11,0,0,0,0,1980,2619,41,0,0x0,gap
12.768588462029584,181.11,119.112,181.11,0,0,0,0,1980,2619,41,0,0x0,gap
12.778721522015985,181.11,119.112,181.11,0,0,0,0,1980,2619,41,0,0x0,gap
12.788860975007992,181.11,119.112,181.11,0,0,0,0,1980,2619,41,0,0x0,gap
12.798990842013154,181.11,119.112,181.11,0,0,0,0,1980,2619,41,0,0x0,gap
12.809124437044375,181.11,119.112,181.11,0,0,0,0,1980,2619,41,0,0x0,gap
12.819256100046914,181.11,119.112,181.11,0,0,0,0,1980,2619,41,0,0x0,gap
12.829387244011741,181.11,119.112,181.11,0,0,0,0,1980,2619,41,0,0x0,gap
12.83951960701961,181.11,119.112,181.11,0,0,0,0,1980,2619,41,0,0x0,gap
12.849653450015467,163.54,118.79,163.54,0,0,0,0,1980,2619,41,0,0x0,gap
12.859789221023675,163.54,118.79,163.54,0,0,0,0,1980,2619,41,0,0x0,gap
12.869921455043368,163.54,118.79,163.54,0,0,0,0,1980,2619,41,0,0x0,r01_control_dram_write_address_050
12.880059340037405,163.54,118.79,163.54,0,0,0,0,1980,2619,41,0,0x0,r01_control_dram_write_address_050
12.890191016020253,163.54,118.79,163.54,0,0,0,0,1980,2619,44,0,0x0,r01_control_dram_write_address_050
12.900323681998998,163.54,118.79,163.54,0,0,0,0,1980,2619,44,0,0x0,r01_control_dram_write_address_050
12.910458202997688,163.54,118.79,163.54,0,0,0,0,1980,2619,44,0,0x0,r01_control_dram_write_address_050
12.920606305007823,163.54,118.79,163.54,0,0,0,0,1980,2619,44,0,0x0,r01_control_dram_write_address_050
12.930739575007465,163.54,118.79,163.54,0,0,0,0,1980,2619,44,0,0x0,r01_control_dram_write_address_050
12.940875285014044,163.54,118.79,163.54,0,0,0,0,1980,2619,44,0,0x0,r01_control_dram_write_address_050
12.951008955016732,163.54,118.79,163.54,0,0,0,0,1980,2619,44,0,0x0,r01_control_dram_write_address_050
12.961146143032238,185.75,365.643,185.75,0,0,0,0,1980,2619,44,0,0x0,r01_control_dram_write_address_050
12.971279003017116,185.75,365.643,185.75,0,0,0,0,1980,2619,44,0,0x0,r01_control_dram_write_address_050
12.981427929014899,185.75,365.643,185.75,0,0,0,0,1980,2619,44,0,0x0,r01_control_dram_write_address_050
12.991573684033938,185.75,365.643,185.75,0,0,0,0,1980,2619,44,0,0x0,r01_control_dram_write_address_050
13.001709076052066,185.75,365.643,185.75,0,0,0,0,1980,2619,44,0,0x0,r01_control_dram_write_address_050
13.01184222503798,185.75,365.643,185.75,0,0,0,0,1980,2619,48,0,0x0,r01_control_dram_write_address_050
13.021977121999953,185.75,365.643,185.75,0,0,0,0,1980,2619,48,0,0x0,r01_control_dram_write_address_050
13.03210998303257,185.75,365.643,185.75,0,0,0,0,1980,2619,48,0,0x0,r01_control_dram_write_address_050
13.042244243028108,185.75,365.643,185.75,0,0,0,0,1980,2619,48,0,0x0,r01_control_dram_write_address_050
13.052377888001502,185.75,365.643,185.75,0,0,0,0,1980,2619,48,0,0x0,r01_control_dram_write_address_050
13.062512303004041,185.75,452.326,185.75,0,0,0,0,1980,2619,48,0,0x0,r01_control_dram_write_address_050
13.072645350010134,219.346,452.326,219.346,0,0,67,0,1980,2619,48,0,0x0,r01_control_dram_write_address_050
13.082780290045775,219.346,452.326,219.346,0,0,67,0,1980,2619,48,0,0x0,r01_control_dram_write_address_050
13.092914263019338,219.346,452.326,219.346,0,0,67,0,1980,2619,48,0,0x0,r01_control_dram_write_address_050
13.103049333032686,219.346,452.326,219.346,0,0,67,0,1980,2619,48,0,0x0,r01_control_dram_write_address_050
13.113185199035797,219.346,452.326,219.346,0,0,67,0,1980,2619,49,0,0x0,r01_control_dram_write_address_050
13.123316902027,219.346,452.326,219.346,0,0,67,0,1980,2619,49,0,0x0,r01_control_dram_write_address_050
13.133448395004962,219.346,452.326,219.346,0,0,67,0,1980,2619,49,0,0x0,r01_control_dram_write_address_050
13.143587669008411,219.346,452.326,219.346,0,0,67,0,1980,2619,49,0,0x0,r01_control_dram_write_address_050
13.153721448034048,219.346,452.326,219.346,0,0,67,0,1980,2619,49,0,0x0,r01_control_dram_write_address_050
13.163851617020555,219.346,452.326,219.346,0,0,67,0,1980,2619,49,0,0x0,r01_control_dram_write_address_050
13.173982709995471,238.551,448.288,238.551,0,0,67,0,1980,2619,49,0,0x0,r01_control_dram_write_address_050
13.184115918003954,238.551,448.288,238.551,0,0,67,0,1980,2619,49,0,0x0,r01_control_dram_write_address_050
13.194248000043444,238.551,448.288,238.551,0,0,67,0,1980,2619,49,0,0x0,r01_control_dram_write_address_050
13.204383972042706,238.551,448.288,238.551,0,0,67,0,1980,2619,44,0,0x0,r01_control_dram_write_address_050
13.214520345034543,238.551,448.288,238.551,0,0,67,0,1980,2619,44,0,0x0,r01_control_dram_write_address_050
13.22465062601259,238.551,448.288,238.551,0,0,67,0,1980,2619,44,0,0x0,r01_control_dram_write_address_050
13.234780790051445,238.551,448.288,238.551,0,0,67,0,1980,2619,44,0,0x0,r01_control_dram_write_address_050
13.244913639035076,238.551,448.288,238.551,0,0,67,0,1980,2619,44,0,0x0,r01_control_dram_write_address_050
13.255046308040619,238.551,448.288,238.551,0,0,67,0,1980,2619,44,0,0x0,r01_control_dram_write_address_050
13.2651793200057,238.551,448.288,238.551,0,0,67,0,1980,2619,44,0,0x0,r01_control_dram_write_address_050
13.275312877027318,213.471,122.083,213.471,0,0,54,0,1980,2619,44,0,0x0,r01_control_dram_write_address_050
13.285448771028314,213.471,122.083,213.471,0,0,54,0,1980,2619,44,0,0x0,r01_control_dram_write_address_050
13.295598713040818,213.471,122.083,213.471,0,0,54,0,1980,2619,44,0,0x0,r01_control_dram_write_address_050
13.305729343031999,213.471,122.083,213.471,0,0,54,0,1980,2619,44,0,0x0,r01_control_dram_write_address_050
13.315859912021551,213.471,122.083,213.471,0,0,54,0,1980,2619,42,0,0x0,r01_control_dram_write_address_050
13.325991193996742,213.471,122.083,213.471,0,0,54,0,1980,2619,42,0,0x0,r01_control_dram_write_address_050
13.33612259401707,213.471,122.083,213.471,0,0,54,0,1980,2619,42,0,0x0,r01_control_dram_write_address_050
13.346258071018383,213.471,122.083,213.471,0,0,54,0,1980,2619,42,0,0x0,r01_control_dram_write_address_050
13.356388784013689,213.471,122.083,213.471,0,0,54,0,1980,2619,42,0,0x0,r01_control_dram_write_address_050
13.366522393014748,197.963,120.789,197.963,0,0,54,0,1980,2619,42,0,0x0,r01_control_dram_write_address_050
13.376656198001001,197.963,120.789,197.963,0,0,54,0,1980,2619,42,0,0x0,r01_control_dram_write_address_050
13.386793170007877,197.963,120.789,197.963,0,0,54,0,1980,2619,42,0,0x0,r01_control_dram_write_address_050
13.396928027039394,197.963,120.789,197.963,0,0,54,0,1980,2619,42,0,0x0,r01_control_dram_write_address_050
13.407067009015009,197.963,120.789,197.963,0,0,54,0,1980,2619,42,0,0x0,r01_control_dram_write_address_050
13.417200202995446,197.963,120.789,197.963,0,0,54,0,1980,2619,47,0,0x0,r01_control_dram_write_address_050
13.427338433044497,197.963,120.789,197.963,0,0,54,0,1980,2619,47,0,0x0,r01_control_dram_write_address_050
13.437473234022036,197.963,120.789,197.963,0,0,54,0,1980,2619,47,0,0x0,r01_control_dram_write_address_050
13.447620190039743,197.963,120.789,197.963,0,0,54,0,1980,2619,47,0,0x0,r01_control_dram_write_address_050
13.457754119008314,197.963,120.789,197.963,0,0,54,0,1980,2619,47,0,0x0,r01_control_dram_write_address_050
13.46788379602367,197.963,120.789,197.963,0,0,54,0,1980,2619,47,0,0x0,r01_control_dram_write_address_050
13.478014193009585,197.963,120.789,197.963,0,0,54,0,1980,2619,47,0,0x0,r01_control_dram_write_address_050
13.488148546020966,197.963,120.789,197.963,0,0,54,0,1980,2619,47,0,0x0,r01_control_dram_write_address_050
13.498280555999372,197.963,120.789,197.963,0,0,54,0,1980,2619,47,0,0x0,r01_control_dram_write_address_050
13.508414297015406,242.684,453.672,242.684,0,0,54,0,1980,2619,47,0,0x0,r01_control_dram_write_address_050
13.51855036400957,242.684,453.672,242.684,0,0,54,0,1980,2619,47,0,0x0,r01_control_dram_write_address_050
13.528688584046904,242.684,453.672,242.684,0,0,54,0,1980,2619,47,0,0x0,r01_control_dram_write_address_050
13.538823501032311,242.684,453.672,242.684,0,0,17,0,1980,2619,47,0,0x0,r01_control_dram_write_address_050
13.548959374020342,242.684,453.672,242.684,0,0,17,0,1980,2619,47,0,0x0,r01_control_dram_write_address_050
13.559094187046867,242.684,453.672,242.684,0,0,17,0,1980,2619,47,0,0x0,r01_control_dram_write_address_050
13.56922761601163,242.684,453.672,242.684,0,0,17,0,1980,2619,50,0,0x0,r01_control_dram_write_address_050
13.579360475006979,242.684,453.672,242.684,0,0,17,0,1980,2619,50,0,0x0,r01_control_dram_write_address_050
13.589501269045286,242.684,453.672,242.684,0,0,17,0,1980,2619,50,0,0x0,r01_control_dram_write_address_050
13.599636222003028,242.684,453.672,242.684,0,0,17,0,1980,2619,50,0,0x0,r01_control_dram_write_address_050
13.609773415024392,274.694,449.962,274.694,0,0,17,0,1980,2619,50,0,0x0,r01_control_dram_write_address_050
13.61990611202782,274.694,449.962,274.694,0,0,17,0,1980,2619,50,0,0x0,r01_control_dram_write_address_050
13.630035553011112,274.694,449.962,274.694,0,0,17,0,1980,2619,50,0,0x0,r01_control_dram_write_address_050
13.640176687040366,274.694,449.962,274.694,0,0,17,0,1980,2619,50,0,0x0,r01_control_dram_write_address_050
13.650309973047115,274.694,449.962,274.694,0,0,17,0,1980,2619,50,0,0x0,r01_control_dram_write_address_050
13.660438855004031,274.694,449.962,274.694,0,0,17,0,1980,2619,50,0,0x0,r01_control_dram_write_address_050
13.670579741999973,274.694,449.962,274.694,0,0,17,0,1980,2619,45,0,0x0,r01_control_dram_write_address_050
13.680718997027725,274.694,449.962,274.694,0,0,17,0,1980,2619,45,0,0x0,r01_control_dram_write_address_050
13.690851471037604,274.694,449.962,274.694,0,0,17,0,1980,2619,45,0,0x0,r01_control_dram_write_address_050
13.70098289201269,274.694,449.962,274.694,0,0,17,0,1980,2619,45,0,0x0,r01_control_dram_write_address_050
13.711113514029421,274.694,449.962,274.694,0,0,17,0,1980,2619,45,0,0x0,r01_control_dram_write_address_050
13.721247475012206,276.679,122.458,276.679,0,0,17,0,1980,2619,45,0,0x0,r01_control_dram_write_address_050
13.73137932101963,276.679,122.458,276.679,0,0,17,0,1980,2619,45,0,0x0,r01_control_dram_write_address_050
13.74151076702401,276.679,122.458,276.679,0,0,100,0,1980,2619,45,0,0x0,r01_control_dram_write_address_050
13.751639830006752,276.679,122.458,276.679,0,0,100,0,1980,2619,45,0,0x0,r01_control_dram_write_address_050
13.761770229029935,276.679,122.458,276.679,0,0,100,0,1980,2619,45,0,0x0,r01_control_dram_write_address_050
13.771900756051764,276.679,122.458,276.679,0,0,100,0,1980,2619,45,0,0x0,r01_control_dram_write_address_050
13.782042020000517,276.679,122.458,276.679,0,0,100,0,1980,2619,43,0,0x0,r01_control_dram_write_address_050
13.792173310997896,276.679,122.458,276.679,0,0,100,0,1980,2619,43,0,0x0,r01_control_dram_write_address_050
13.802307358011603,276.679,122.458,276.679,0,0,100,0,1980,2619,43,0,0x0,r01_control_dram_write_address_050
13.812437515007332,276.679,122.458,276.679,0,0,100,0,1980,2619,43,0,0x0,r01_control_dram_write_address_050
13.822590821015183,276.679,122.458,276.679,0,0,100,0,1980,2619,43,0,0x0,r01_control_dram_write_address_050
13.832725384039804,276.679,122.458,276.679,0,0,100,0,1980,2619,43,0,0x0,r01_control_dram_write_address_050
13.84285895503126,276.94,121.11,276.94,0,0,100,0,1980,2619,43,0,0x0,r01_control_dram_write_address_050
13.852996308996808,276.94,121.11,276.94,0,0,100,0,1980,2619,43,0,0x0,r01_control_dram_write_address_050
13.863130317011382,276.94,121.11,276.94,0,0,100,0,1980,2619,43,0,0x0,gap
13.873278763028793,276.94,121.11,276.94,0,0,100,0,1980,2619,43,0,0x0,gap
13.883413180010393,276.94,121.11,276.94,0,0,100,0,1980,2619,43,0,0x0,gap
13.893536201037932,276.94,121.11,276.94,0,0,100,0,1980,2619,43,0,0x0,gap
13.903832824027631,276.94,121.11,276.94,0,0,100,0,1980,2619,42,0,0x0,gap
13.914009502041154,276.94,121.11,276.94,0,0,100,0,1980,2619,42,0,0x0,gap
13.924150339036714,276.94,121.11,276.94,0,0,100,0,1980,2619,42,0,0x0,gap
13.934288491029292,276.94,121.11,276.94,0,0,100,0,1980,2619,42,0,0x0,gap
13.944422946020495,262.813,119.763,262.813,0,0,100,0,1980,2619,42,0,0x0,gap
13.954585861007217,262.813,119.763,262.813,0,0,100,0,1980,2619,42,0,0x0,gap
13.96472608903423,262.813,119.763,262.813,0,0,100,0,1980,2619,42,0,0x0,gap
13.974860629998147,262.813,119.763,262.813,0,0,100,0,1980,2619,42,0,0x0,gap
13.985001788998488,262.813,119.763,262.813,0,0,6,0,1980,2619,42,0,0x0,gap
13.995137410995085,262.813,119.763,262.813,0,0,6,0,1980,2619,42,0,0x0,gap
14.005273332004435,262.813,119.763,262.813,0,0,6,0,1980,2619,42,0,0x0,gap
14.015405291051138,262.813,119.763,262.813,0,0,6,0,1980,2619,42,0,0x0,gap
14.025538152025547,262.813,119.763,262.813,0,0,6,0,1980,2619,42,0,0x0,gap
14.035676347033586,262.813,119.763,262.813,0,0,6,0,1980,2619,42,0,0x0,gap
14.045823835011106,262.813,119.763,262.813,0,0,6,0,1980,2619,42,0,0x0,gap
14.05597506603226,262.813,119.763,262.813,0,0,6,0,1980,2619,42,0,0x0,gap
14.066116432019044,216.978,119.112,216.978,0,0,6,0,1980,2619,42,0,0x0,r01_dram_write_cs_address_050
14.076261905021966,216.978,119.112,216.978,0,0,6,0,1980,2619,42,0,0x0,r01_dram_write_cs_address_050
14.086395614023786,216.978,119.112,216.978,0,0,6,0,1980,2619,42,0,0x0,r01_dram_write_cs_address_050
14.096531969029456,216.978,119.112,216.978,0,0,6,0,1980,2619,42,0,0x0,r01_dram_write_cs_address_050
14.106669043016154,216.978,119.112,216.978,0,0,6,0,1980,2619,42,0,0x0,r01_dram_write_cs_address_050
14.116803148004692,216.978,119.112,216.978,0,0,6,0,1980,2619,44,0,0x0,r01_dram_write_cs_address_050
14.126943441049661,216.978,119.112,216.978,0,0,6,0,1980,2619,44,0,0x0,r01_dram_write_cs_address_050
14.13708699203562,216.978,119.112,216.978,0,0,6,0,1980,2619,44,0,0x0,r01_dram_write_cs_address_050
14.147219080012292,216.978,119.112,216.978,0,0,6,0,1980,2619,44,0,0x0,r01_dram_write_cs_address_050
14.157362266036216,216.978,119.112,216.978,0,0,6,0,1980,2619,44,0,0x0,r01_dram_write_cs_address_050
14.167504707002081,216.978,119.112,216.978,0,0,6,0,1980,2619,44,0,0x0,r01_dram_write_cs_address_050
14.177640784007963,232.155,392.992,232.155,0,0,0,0,1980,2619,44,0,0x0,r01_dram_write_cs_address_050
14.187780978041701,232.155,392.992,232.155,0,0,0,0,1980,2619,44,0,0x0,r01_dram_write_cs_address_050
14.19791540602455,232.155,392.992,232.155,0,0,0,0,1980,2619,44,0,0x0,r01_dram_write_cs_address_050
14.208120456023607,232.155,392.992,232.155,0,0,0,0,1980,2619,45,0,0x0,r01_dram_write_cs_address_050
14.21843741304474,232.155,392.992,232.155,0,0,0,0,1980,2619,45,0,0x0,r01_dram_write_cs_address_050
14.228588629048318,232.155,392.992,232.155,0,0,0,0,1980,2619,45,0,0x0,r01_dram_write_cs_address_050
14.238729452015832,232.155,392.992,232.155,0,0,0,0,1980,2619,45,0,0x0,r01_dram_write_cs_address_050
14.248869956994895,232.155,392.992,232.155,0,0,0,0,1980,2619,45,0,0x0,r01_dram_write_cs_address_050
14.259011221001856,232.155,392.992,232.155,0,0,0,0,1980,2619,45,0,0x0,r01_dram_write_cs_address_050
14.269144734018482,232.155,392.992,232.155,0,0,0,0,1980,2619,45,0,0x0,r01_dram_write_cs_address_050
14.27927905501565,232.155,494.0,232.155,0,0,0,0,1980,2619,45,0,0x0,r01_dram_write_cs_address_050
14.289416983025149,268.777,494.0,268.777,0,0,0,0,1980,2619,45,0,0x0,r01_dram_write_cs_address_050
14.299554168013856,268.777,494.0,268.777,0,0,0,0,1980,2619,45,0,0x0,r01_dram_write_cs_address_050
14.309691789036151,268.777,494.0,268.777,0,0,0,0,1980,2619,45,0,0x0,r01_dram_write_cs_address_050
14.319823274039663,268.777,494.0,268.777,0,0,0,0,1980,2619,45,0,0x0,r01_dram_write_cs_address_050
14.329960927017964,268.777,494.0,268.777,0,0,0,0,1980,2619,45,0,0x0,r01_dram_write_cs_address_050
14.340089380042627,268.777,494.0,268.777,0,0,0,0,1980,2619,45,0,0x0,r01_dram_write_cs_address_050
14.35022206499707,268.777,494.0,268.777,0,0,0,0,1980,2619,45,0,0x0,r01_dram_write_cs_address_050
14.360361949016806,268.777,494.0,268.777,0,0,0,0,1980,2619,45,0,0x0,r01_dram_write_cs_address_050
14.370516104041599,268.777,494.0,268.777,0,0,0,0,1980,2619,45,0,0x0,r01_dram_write_cs_address_050
14.380654383043293,268.777,494.0,268.777,0,0,0,0,1980,2619,45,0,0x0,r01_dram_write_cs_address_050
14.390795175044332,288.683,122.458,288.683,0,0,66,80,1980,2619,45,0,0x0,r01_dram_write_cs_address_050
14.400935420009773,288.683,122.458,288.683,0,0,66,80,1980,2619,45,0,0x0,r01_dram_write_cs_address_050
14.411070669011679,288.683,122.458,288.683,0,0,66,80,1980,2619,45,0,0x0,r01_dram_write_cs_address_050
14.421205641003326,288.683,122.458,288.683,0,0,66,80,1980,2619,45,0,0x0,r01_dram_write_cs_address_050
14.431340570037719,288.683,122.458,288.683,0,0,66,80,1980,2619,43,0,0x0,r01_dram_write_cs_address_050
14.44147605902981,288.683,122.458,288.683,0,0,66,80,1980,2619,43,0,0x0,r01_dram_write_cs_address_050
14.451622490014415,288.683,122.458,288.683,0,0,66,80,1980,2619,43,0,0x0,r01_dram_write_cs_address_050
14.461774244031403,288.683,122.458,288.683,0,0,66,80,1980,2619,43,0,0x0,r01_dram_write_cs_address_050
14.471908493025694,288.683,122.458,288.683,0,0,66,80,1980,2619,43,0,0x0,r01_dram_write_cs_address_050
14.482039591996,288.683,122.458,288.683,0,0,66,80,1980,2619,43,0,0x0,r01_dram_write_cs_address_050
14.492174327024259,257.813,119.441,257.813,0,0,66,80,1980,2619,43,0,0x0,r01_dram_write_cs_address_050
14.502310503041372,257.813,119.441,257.813,0,0,66,80,1980,2619,43,0,0x0,r01_dram_write_cs_address_050
14.512455012009013,257.813,119.441,257.813,0,0,66,80,1980,2619,43,0,0x0,r01_dram_write_cs_address_050
14.522610584041104,257.813,119.441,257.813,0,0,66,80,1980,2619,43,0,0x0,r01_dram_write_cs_address_050
14.532755805004854,257.813,119.441,257.813,0,0,66,80,1980,2619,42,0,0x0,r01_dram_write_cs_address_050
14.542893850011751,257.813,119.441,257.813,0,0,66,80,1980,2619,42,0,0x0,r01_dram_write_cs_address_050
14.553026446024887,257.813,119.441,257.813,0,0,66,80,1980,2619,42,0,0x0,r01_dram_write_cs_address_050
14.563173839007504,257.813,119.441,257.813,0,0,66,80,1980,2619,42,0,0x0,r01_dram_write_cs_address_050
14.573314819019288,257.813,119.441,257.813,0,0,66,80,1980,2619,42,0,0x0,r01_dram_write_cs_address_050
14.583460541034583,231.733,119.441,231.733,0,0,66,80,1980,2619,42,0,0x0,r01_dram_write_cs_address_050
14.593604337016586,231.733,119.441,231.733,0,0,66,80,1980,2619,42,0,0x0,r01_dram_write_cs_address_050
14.60373554599937,231.733,119.441,231.733,0,0,66,80,1980,2619,42,0,0x0,r01_dram_write_cs_address_050
14.613873766036704,231.733,119.441,231.733,0,0,66,80,1980,2619,42,0,0x0,r01_dram_write_cs_address_050
14.624016139016021,231.733,119.441,231.733,0,0,15,19,1980,2619,44,0,0x0,r01_dram_write_cs_address_050
14.634175522020087,231.733,119.441,231.733,0,0,15,19,1980,2619,44,0,0x0,r01_dram_write_cs_address_050
14.644325642031617,231.733,119.441,231.733,0,0,15,19,1980,2619,44,0,0x0,r01_dram_write_cs_address_050
14.654469037021045,231.733,119.441,231.733,0,0,15,19,1980,2619,44,0,0x0,r01_dram_write_cs_address_050
14.664614584005903,231.733,119.441,231.733,0,0,15,19,1980,2619,44,0,0x0,r01_dram_write_cs_address_050
14.674752442049794,231.733,119.441,231.733,0,0,15,19,1980,2619,44,0,0x0,r01_dram_write_cs_address_050
14.684887935000006,248.695,496.638,248.695,0,0,15,19,1980,2619,44,0,0x0,r01_dram_write_cs_address_050
14.695021799008828,248.695,496.638,248.695,0,0,15,19,1980,2619,44,0,0x0,r01_dram_write_cs_address_050
14.705153509043157,248.695,496.638,248.695,0,0,15,19,1980,2619,44,0,0x0,r01_dram_write_cs_address_050
14.715288089006208,248.695,496.638,248.695,0,0,15,19,1980,2619,44,0,0x0,r01_dram_write_cs_address_050
14.725423455995042,248.695,496.638,248.695,0,0,15,19,1980,2619,44,0,0x0,r01_dram_write_cs_address_050
14.735553535050713,248.695,496.638,248.695,0,0,15,19,1980,2619,46,0,0x0,r01_dram_write_cs_address_050
14.745688144001178,248.695,496.638,248.695,0,0,15,19,1980,2619,46,0,0x0,r01_dram_write_cs_address_050
14.755830700043589,248.695,496.638,248.695,0,0,15,19,1980,2619,46,0,0x0,r01_dram_write_cs_address_050
14.765964961028658,248.695,496.638,248.695,0,0,15,19,1980,2619,46,0,0x0,r01_dram_write_cs_address_050
14.77609887800645,248.695,496.638,248.695,0,0,15,19,1980,2619,46,0,0x0,r01_dram_write_cs_address_050
14.786292886012234,293.791,497.984,293.791,0,0,15,19,1980,2619,46,0,0x0,r01_dram_write_cs_address_050
14.796426547050942,293.791,497.984,293.791,0,0,15,19,1980,2619,46,0,0x0,r01_dram_write_cs_address_050
14.806566687009763,293.791,497.984,293.791,0,0,15,19,1980,2619,46,0,0x0,r01_dram_write_cs_address_050
14.81669873604551,293.791,497.984,293.791,0,0,15,19,1980,2619,46,0,0x0,r01_dram_write_cs_address_050
14.826833069033455,293.791,497.984,293.791,0,0,100,100,1980,2619,46,0,0x0,r01_dram_write_cs_address_050
14.836968689050991,293.791,497.984,293.791,0,0,100,100,1980,2619,46,0,0x0,r01_dram_write_cs_address_050
14.847132679016795,293.791,497.984,293.791,0,0,100,100,1980,2619,46,0,0x0,r01_dram_write_cs_address_050
14.857284537050873,293.791,497.984,293.791,0,0,100,100,1980,2619,46,0,0x0,r01_dram_write_cs_address_050
14.867418403038755,293.791,497.984,293.791,0,0,100,100,1980,2619,46,0,0x0,r01_dram_write_cs_address_050
14.877551156037953,293.791,497.984,293.791,0,0,100,100,1980,2619,46,0,0x0,r01_dram_write_cs_address_050
14.887684139015619,306.596,122.083,306.596,0,0,100,100,1980,2619,46,0,0x0,r01_dram_write_cs_address_050
14.897831329028122,306.596,122.083,306.596,0,0,100,100,1980,2619,46,0,0x0,r01_dram_write_cs_address_050
14.907966530008707,306.596,122.083,306.596,0,0,100,100,1980,2619,46,0,0x0,r01_dram_write_cs_address_050
14.91810519102728,306.596,122.083,306.596,0,0,100,100,1980,2619,46,0,0x0,r01_dram_write_cs_address_050
14.928242392023094,306.596,122.083,306.596,0,0,100,100,1980,2619,46,0,0x0,r01_dram_write_cs_address_050
14.93837742303731,306.596,122.083,306.596,0,0,100,100,1980,2619,43,0,0x0,r01_dram_write_cs_address_050
14.948509869049303,306.596,122.083,306.596,0,0,100,100,1980,2619,43,0,0x0,r01_dram_write_cs_address_050
14.95865515404148,306.596,122.083,306.596,0,0,100,100,1980,2619,43,0,0x0,r01_dram_write_cs_address_050
14.968790218001232,306.596,122.083,306.596,0,0,100,100,1980,2619,43,0,0x0,r01_dram_write_cs_address_050
14.978923112037592,306.596,122.083,306.596,0,0,100,100,1980,2619,43,0,0x0,r01_dram_write_cs_address_050
14.98905516701052,306.596,122.083,306.596,0,0,100,100,1980,2619,43,0,0x0,r01_dram_write_cs_address_050
14.999188326008152,306.638,119.763,306.638,0,0,100,100,1980,2619,43,0,0x0,r01_dram_write_cs_address_050
15.009320348035544,306.638,119.763,306.638,0,0,100,100,1980,2619,43,0,0x0,r01_dram_write_cs_address_050
15.019452651031315,306.638,119.763,306.638,0,0,100,100,1980,2619,43,0,0x0,r01_dram_write_cs_address_050
15.029609699035063,306.638,119.763,306.638,0,0,10,12,1980,2619,42,0,0x0,r01_dram_write_cs_address_050
15.039740690030158,306.638,119.763,306.638,0,0,10,12,1980,2619,42,0,0x0,r01_dram_write_cs_address_050
15.049869866052177,306.638,119.763,306.638,0,0,10,12,1980,2619,42,0,0x0,r01_dram_write_cs_address_050
15.060003526043147,306.638,119.763,306.638,0,0,10,12,1980,2619,42,0,0x0,r01_dram_write_cs_address_050
15.070154642045964,306.638,119.763,306.638,0,0,10,12,1980,2619,42,0,0x0,gap
15.080321539018769,306.638,119.763,306.638,0,0,10,12,1980,2619,42,0,0x0,gap
15.090458841004875,306.638,119.763,306.638,0,0,10,12,1980,2619,42,0,0x0,gap
15.100602279999293,303.003,119.441,303.003,0,0,10,12,1980,2619,42,0,0x0,gap
15.110736867995001,303.003,119.441,303.003,0,0,10,12,1980,2619,42,0,0x0,gap
15.120873261999805,303.003,119.441,303.003,0,0,10,12,1980,2619,42,0,0x0,gap
15.13100796402432,303.003,119.441,303.003,0,0,10,12,1980,2619,42,0,0x0,gap
15.1411387520493,303.003,119.441,303.003,0,0,10,12,1980,2619,42,0,0x0,gap
15.15127236803528,303.003,119.441,303.003,0,0,10,12,1980,2619,42,0,0x0,gap
15.161412973015103,303.003,119.441,303.003,0,0,10,12,1980,2619,42,0,0x0,gap
15.171552314015571,303.003,119.441,303.003,0,0,10,12,1980,2619,42,0,0x0,gap
15.181684210023377,303.003,119.441,303.003,0,0,10,12,1980,2619,42,0,0x0,gap
15.19181704003131,268.141,119.112,268.141,0,0,10,12,1980,2619,42,0,0x0,gap
15.201952172035817,268.141,119.112,268.141,0,0,10,12,1980,2619,42,0,0x0,gap
15.212083245045505,268.141,119.112,268.141,0,0,10,12,1980,2619,42,0,0x0,gap
15.222223902004771,268.141,119.112,268.141,0,0,10,12,1980,2619,42,0,0x0,gap
15.232355652027763,268.141,119.112,268.141,0,0,0,0,1980,2619,42,0,0x0,gap
15.242490664997604,268.141,119.112,268.141,0,0,0,0,1980,2619,42,0,0x0,gap
15.25265489303274,268.141,119.112,268.141,0,0,0,0,1980,2619,42,0,0x0,gap
15.262795287999325,268.141,119.112,268.141,0,0,0,0,1980,2619,42,0,0x0,gap
15.272930477047339,268.141,119.112,268.141,0,0,0,0,1980,2619,42,0,0x0,r01_control_l2_write_address_100
15.283068842021748,268.141,119.112,268.141,0,0,0,0,1980,2619,42,0,0x0,r01_control_l2_write_address_100
15.293203369015828,268.141,119.112,268.141,0,0,0,0,1980,2619,42,0,0x0,r01_control_l2_write_address_100
15.303335803037044,229.64,286.976,229.64,0,0,0,0,1980,2619,42,0,0x0,r01_control_l2_write_address_100
15.313475560047664,229.64,286.976,229.64,0,0,0,0,1980,2619,42,0,0x0,r01_control_l2_write_address_100
15.323621151037514,229.64,286.976,229.64,0,0,0,0,1980,2619,42,0,0x0,r01_control_l2_write_address_100
15.333754094026517,229.64,286.976,229.64,0,0,0,0,1980,2619,42,0,0x0,r01_control_l2_write_address_100
15.343889078008942,229.64,286.976,229.64,0,0,0,0,1980,2619,42,0,0x0,r01_control_l2_write_address_100
15.354024492029566,229.64,286.976,229.64,0,0,0,0,1980,2619,47,0,0x0,r01_control_l2_write_address_100
15.364164096012246,229.64,286.976,229.64,0,0,0,0,1980,2619,47,0,0x0,r01_control_l2_write_address_100
15.37429783504922,229.64,286.976,229.64,0,0,0,0,1980,2619,47,0,0x0,r01_control_l2_write_address_100
15.384435896005016,229.64,286.976,229.64,0,0,0,0,1980,2619,47,0,0x0,r01_control_l2_write_address_100
15.394577274040785,229.64,286.976,229.64,0,0,0,0,1980,2619,47,0,0x0,r01_control_l2_write_address_100
15.40471193700796,243.1,387.991,243.1,0,0,0,0,1980,2619,47,0,0x0,r01_control_l2_write_address_100
15.414846718020272,243.1,387.991,243.1,0,0,0,0,1980,2619,47,0,0x0,r01_control_l2_write_address_100
15.424979181028903,243.1,387.991,243.1,0,0,0,0,1980,2619,47,0,0x0,r01_control_l2_write_address_100
15.43511404201854,243.1,387.991,243.1,0,0,0,0,1980,2619,47,0,0x0,r01_control_l2_write_address_100
15.445246561022941,243.1,387.991,243.1,0,0,65,0,1980,2619,48,0,0x0,r01_control_l2_write_address_100
15.455380916013382,243.1,387.991,243.1,0,0,65,0,1980,2619,48,0,0x0,r01_control_l2_write_address_100
15.465534316026606,243.1,387.991,243.1,0,0,65,0,1980,2619,48,0,0x0,r01_control_l2_write_address_100
15.475672397005837,243.1,387.991,243.1,0,0,65,0,1980,2619,48,0,0x0,r01_control_l2_write_address_100
15.485853206017055,243.1,387.991,243.1,0,0,65,0,1980,2619,48,0,0x0,r01_control_l2_write_address_100
15.496033396048006,243.1,387.991,243.1,0,0,65,0,1980,2619,48,0,0x0,r01_control_l2_write_address_100
15.506191363034304,267.572,373.987,267.572,0,0,65,0,1980,2619,48,0,0x0,r01_control_l2_write_address_100
15.51632839301601,267.572,373.987,267.572,0,0,65,0,1980,2619,48,0,0x0,r01_control_l2_write_address_100
15.52646723401267,267.572,373.987,267.572,0,0,65,0,1980,2619,48,0,0x0,r01_control_l2_write_address_100
15.536629931011703,267.572,373.987,267.572,0,0,65,0,1980,2619,48,0,0x0,r01_control_l2_write_address_100
15.546767315012403,267.572,373.987,267.572,0,0,65,0,1980,2619,48,0,0x0,r01_control_l2_write_address_100
15.556901346019004,267.572,373.987,267.572,0,0,65,0,1980,2619,49,0,0x0,r01_control_l2_write_address_100
15.567032549006399,267.572,373.987,267.572,0,0,65,0,1980,2619,49,0,0x0,r01_control_l2_write_address_100
15.57716581801651,267.572,373.987,267.572,0,0,65,0,1980,2619,49,0,0x0,r01_control_l2_write_address_100
15.587378910044208,267.572,373.987,267.572,0,0,65,0,1980,2619,49,0,0x0,r01_control_l2_write_address_100
15.598041253047995,267.572,373.987,267.572,0,0,65,0,1980,2619,49,0,0x0,r01_control_l2_write_address_100
15.608228352037258,290.755,385.995,290.755,0,0,65,0,1980,2619,49,0,0x0,r01_control_l2_write_address_100
15.618374934012536,290.755,385.995,290.755,0,0,65,0,1980,2619,49,0,0x0,r01_control_l2_write_address_100
15.62852979300078,290.755,385.995,290.755,0,0,65,0,1980,2619,49,0,0x0,r01_control_l2_write_address_100
15.63872154004639,290.755,385.995,290.755,0,0,100,0,1980,2619,48,0,0x0,r01_control_l2_write_address_100
15.648862881003879,290.755,385.995,290.755,0,0,100,0,1980,2619,48,0,0x0,r01_control_l2_write_address_100
15.65901289501926,290.755,385.995,290.755,0,0,100,0,1980,2619,48,0,0x0,r01_control_l2_write_address_100
15.66921058105072,290.755,385.995,290.755,0,0,100,0,1980,2619,48,0,0x0,r01_control_l2_write_address_100
15.679352371022105,290.755,385.995,290.755,0,0,100,0,1980,2619,48,0,0x0,r01_control_l2_write_address_100
15.689494708029088,290.755,385.995,290.755,0,0,100,0,1980,2619,48,0,0x0,r01_control_l2_write_address_100
15.699660868034698,290.755,385.995,290.755,0,0,100,0,1980,2619,48,0,0x0,r01_control_l2_write_address_100
15.709799013042357,279.969,382.981,279.969,0,0,100,0,1980,2619,48,0,0x0,r01_control_l2_write_address_100
15.719953068997711,279.969,382.981,279.969,0,0,100,0,1980,2619,48,0,0x0,r01_control_l2_write_address_100
15.730109890049789,279.969,382.981,279.969,0,0,100,0,1980,2619,48,0,0x0,r01_control_l2_write_address_100
15.740259494050406,279.969,382.981,279.969,0,0,100,0,1980,2619,48,0,0x0,r01_control_l2_write_address_100
15.750492950028274,279.969,382.981,279.969,0,0,100,0,1980,2619,49,0,0x0,r01_control_l2_write_address_100
15.76065179205034,279.969,382.981,279.969,0,0,100,0,1980,2619,49,0,0x0,r01_control_l2_write_address_100
15.770789939037059,279.969,382.981,279.969,0,0,100,0,1980,2619,49,0,0x0,r01_control_l2_write_address_100
15.780939325049985,279.969,382.981,279.969,0,0,100,0,1980,2619,49,0,0x0,r01_control_l2_write_address_100
15.791073166008573,279.969,382.981,279.969,0,0,100,0,1980,2619,49,0,0x0,r01_control_l2_write_address_100
15.801206797012128,279.969,385.299,279.969,0,0,100,0,1980,2619,49,0,0x0,r01_control_l2_write_address_100
15.811344321002252,269.08,385.299,269.08,0,0,100,0,1980,2619,49,0,0x0,r01_control_l2_write_address_100
15.821486586995889,269.08,385.299,269.08,0,0,100,0,1980,2619,49,0,0x0,r01_control_l2_write_address_100
15.831621599034406,269.08,385.299,269.08,0,0,100,0,1980,2619,49,0,0x0,r01_control_l2_write_address_100
15.8417577240034,269.08,385.299,269.08,0,0,100,0,1980,2619,49,0,0x0,r01_control_l2_write_address_100
15.851890486024786,269.08,385.299,269.08,0,0,100,0,1980,2619,49,0,0x0,r01_control_l2_write_address_100
15.862027014023624,269.08,385.299,269.08,0,0,100,0,1980,2619,49,0,0x0,r01_control_l2_write_address_100
15.87216388201341,269.08,385.299,269.08,0,0,100,0,1980,2619,49,0,0x0,r01_control_l2_write_address_100
15.882307303021662,269.08,385.299,269.08,0,0,100,0,1980,2619,49,0,0x0,r01_control_l2_write_address_100
15.892439184011891,269.08,385.299,269.08,0,0,100,0,1980,2619,49,0,0x0,r01_control_l2_write_address_100
15.90258002805058,269.08,385.299,269.08,0,0,100,0,1980,2619,49,0,0x0,r01_control_l2_write_address_100
15.912662406044547,281.486,385.995,281.486,0,0,100,0,1980,2619,49,0,0x0,r01_control_l2_write_address_100
15.922745004005264,281.486,385.995,281.486,0,0,100,0,1980,2619,49,0,0x0,r01_control_l2_write_address_100
15.932839167013299,281.486,385.995,281.486,0,0,100,0,1980,2619,49,0,0x0,r01_control_l2_write_address_100
15.942923401016742,281.486,385.995,281.486,0,0,100,0,1980,2619,49,0,0x0,r01_control_l2_write_address_100
15.953014119004365,281.486,385.995,281.486,0,0,100,0,1980,2619,49,0,0x0,r01_control_l2_write_address_100
15.963107506046072,281.486,385.995,281.486,0,0,100,0,1980,2619,50,0,0x0,r01_control_l2_write_address_100
15.973231801996008,281.486,385.995,281.486,0,0,100,0,1980,2619,50,0,0x0,r01_control_l2_write_address_100
15.983323194028344,281.486,385.995,281.486,0,0,100,0,1980,2619,50,0,0x0,r01_control_l2_write_address_100
15.993416682002135,281.486,385.995,281.486,0,0,100,0,1980,2619,50,0,0x0,r01_control_l2_write_address_100
16.0035781590268,281.486,385.995,281.486,0,0,100,0,1980,2619,50,0,0x0,r01_control_l2_write_address_100
16.013718544039875,302.601,359.288,302.601,0,0,100,0,1980,2619,50,0,0x0,r01_control_l2_write_address_100
16.023855498002376,302.601,359.288,302.601,0,0,100,0,1980,2619,50,0,0x0,r01_control_l2_write_address_100
16.033987870032433,302.601,359.288,302.601,0,0,100,0,1980,2619,50,0,0x0,r01_control_l2_write_address_100
16.04412285401486,302.601,359.288,302.601,0,0,100,0,1980,2619,50,0,0x0,r01_control_l2_write_address_100
16.054256313014776,302.601,359.288,302.601,0,0,100,0,1980,2619,49,0,0x0,r01_control_l2_write_address_100
16.064392141997814,302.601,359.288,302.601,0,0,100,0,1980,2619,49,0,0x0,r01_control_l2_write_address_100
16.074521703994833,302.601,359.288,302.601,0,0,100,0,1980,2619,49,0,0x0,r01_control_l2_write_address_100
16.084654786041938,302.601,359.288,302.601,0,0,100,0,1980,2619,49,0,0x0,r01_control_l2_write_address_100
16.09478736203164,302.601,359.288,302.601,0,0,100,0,1980,2619,49,0,0x0,r01_control_l2_write_address_100
16.104920977028087,302.601,359.288,302.601,0,0,100,0,1980,2619,49,0,0x0,r01_control_l2_write_address_100
16.115052987996023,332.682,387.662,332.682,0,0,100,0,1980,2619,49,0,0x0,r01_control_l2_write_address_100
16.125186957011465,332.682,387.662,332.682,0,0,100,0,1980,2619,49,0,0x0,r01_control_l2_write_address_100
16.135319321998395,332.682,387.662,332.682,0,0,100,0,1980,2619,49,0,0x0,r01_control_l2_write_address_100
16.145455846039113,332.682,387.662,332.682,0,0,100,0,1980,2619,49,0,0x0,r01_control_l2_write_address_100
16.155606729036663,332.682,387.662,332.682,0,0,100,0,1980,2619,49,0,0x0,r01_control_l2_write_address_100
16.165745211998,332.682,387.662,332.682,0,0,100,0,1980,2619,50,0,0x0,r01_control_l2_write_address_100
16.175881917006336,332.682,387.662,332.682,0,0,100,0,1980,2619,50,0,0x0,r01_control_l2_write_address_100
16.186014062026516,332.682,387.662,332.682,0,0,100,0,1980,2619,50,0,0x0,r01_control_l2_write_address_100
16.196147554030176,332.682,387.662,332.682,0,0,100,0,1980,2619,50,0,0x0,r01_control_l2_write_address_100
16.20627952000359,332.682,387.662,332.682,0,0,100,0,1980,2619,50,0,0x0,r01_control_l2_write_address_100
16.216412004025187,332.682,387.662,332.682,0,0,100,0,1980,2619,50,0,0x0,r01_control_l2_write_address_100
16.22654592100298,332.682,387.662,332.682,0,0,100,0,1980,2619,50,0,0x0,r01_control_l2_write_address_100
16.236682154005393,357.616,299.947,357.616,0,0,100,0,1980,2619,50,0,0x0,r01_control_l2_write_address_100
16.246825270005502,357.616,299.947,357.616,0,0,100,0,1980,2619,50,0,0x0,r01_control_l2_write_address_100
16.25696513504954,357.616,299.947,357.616,0,0,100,0,1980,2619,50,0,0x0,r01_control_l2_write_address_100
16.267098990036175,357.616,299.947,357.616,0,0,100,0,1980,2619,50,0,0x0,r01_control_l2_write_address_100
16.277233084023464,357.616,299.947,357.616,0,0,100,0,1980,2619,50,0,0x0,r01_control_l2_write_address_100
16.28736358101014,357.616,299.947,357.616,0,0,100,0,1980,2619,50,0,0x0,r01_control_l2_write_address_100
16.297506386006717,357.616,299.947,357.616,0,0,100,0,1980,2619,50,0,0x0,r01_control_l2_write_address_100
16.30763943202328,357.616,299.947,357.616,0,0,100,0,1980,2619,50,0,0x0,r01_control_l2_write_address_100
16.317770909052342,357.616,299.947,357.616,0,0,100,0,1980,2619,50,0,0x0,r01_control_l2_write_address_100
16.327913740999065,357.616,299.947,357.616,0,0,100,0,1980,2619,50,0,0x0,r01_control_l2_write_address_100
16.338045904994942,375.287,387.991,375.287,0,0,100,0,1980,2619,50,0,0x0,r01_control_l2_write_address_100
16.34818513703067,375.287,387.991,375.287,0,0,100,0,1980,2619,50,0,0x0,r01_control_l2_write_address_100
16.358335886034183,375.287,387.991,375.287,0,0,100,0,1980,2619,50,0,0x0,gap
16.36847713100724,375.287,387.991,375.287,0,0,100,0,1980,2619,50,0,0x0,gap
16.378571614040993,375.287,387.991,375.287,0,0,100,0,1980,2619,47,0,0x0,gap
16.38865000801161,375.287,387.991,375.287,0,0,100,0,1980,2619,47,0,0x0,gap
16.398728667001706,375.287,387.991,375.287,0,0,100,0,1980,2619,47,0,0x0,gap
16.40880559501238,375.287,387.991,375.287,0,0,100,0,1980,2619,47,0,0x0,gap
16.418891911045648,375.287,387.991,375.287,0,0,100,0,1980,2619,47,0,0x0,gap
16.42899180803215,375.287,387.991,375.287,0,0,100,0,1980,2619,47,0,0x0,gap
16.439098444010597,356.722,148.488,356.722,0,0,100,0,1980,2619,47,0,0x0,gap
16.44920880201971,356.722,148.488,356.722,0,0,81,0,1980,2619,47,0,0x0,gap
16.459344066039193,356.722,148.488,356.722,0,0,81,0,1980,2619,47,0,0x0,gap
16.46948040201096,356.722,148.488,356.722,0,0,81,0,1980,2619,47,0,0x0,gap
16.479672400048003,356.722,148.488,356.722,0,0,81,0,1980,2619,44,0,0x0,gap
16.48984198604012,356.722,148.488,356.722,0,0,81,0,1980,2619,44,0,0x0,gap
16.499980326043442,356.722,148.488,356.722,0,0,81,0,1980,2619,44,0,0x0,gap
16.51011188403936,356.722,148.488,356.722,0,0,81,0,1980,2619,44,0,0x0,gap
16.520246129017323,356.722,148.488,356.722,0,0,81,0,1980,2619,44,0,0x0,gap
16.530381981050596,356.722,148.488,356.722,0,0,81,0,1980,2619,44,0,0x0,gap
16.540519376052544,331.961,121.432,331.961,0,0,81,0,1980,2619,44,0,0x0,gap
16.55066295102006,331.961,121.432,331.961,0,0,81,0,1980,2619,44,0,0x0,gap
16.56079708499601,331.961,121.432,331.961,0,0,81,0,1980,2619,44,0,0x0,r01_l2_write_wb_address_100
16.570905162021518,331.961,121.432,331.961,0,0,81,0,1980,2619,44,0,0x0,r01_l2_write_wb_address_100
16.581001792044844,331.961,121.432,331.961,0,0,81,0,1980,2619,45,0,0x0,r01_l2_write_wb_address_100
16.59109250304755,331.961,121.432,331.961,0,0,81,0,1980,2619,45,0,0x0,r01_l2_write_wb_address_100
16.601182016020175,331.961,121.432,331.961,0,0,81,0,1980,2619,45,0,0x0,r01_l2_write_wb_address_100
16.61127120902529,331.961,121.432,331.961,0,0,81,0,1980,2619,45,0,0x0,r01_l2_write_wb_address_100
16.62136146001285,331.961,121.432,331.961,0,0,81,0,1980,2619,45,0,0x0,r01_l2_write_wb_address_100
16.63144852500409,331.961,121.432,331.961,0,0,81,0,1980,2619,45,0,0x0,r01_l2_write_wb_address_100
16.641535865026526,323.937,351.969,323.937,0,0,81,0,1980,2619,45,0,0x0,r01_l2_write_wb_address_100
16.651623184035998,323.937,351.969,323.937,0,0,81,0,1980,2619,45,0,0x0,r01_l2_write_wb_address_100
16.661713116045576,323.937,351.969,323.937,0,0,81,0,1980,2619,45,0,0x0,r01_l2_write_wb_address_100
16.671803205041215,323.937,351.969,323.937,0,0,18,0,1980,2619,47,0,0x0,r01_l2_write_wb_address_100
16.681893451022916,323.937,351.969,323.937,0,0,18,0,1980,2619,47,0,0x0,r01_l2_write_wb_address_100
16.691982237040065,323.937,351.969,323.937,0,0,18,0,1980,2619,47,0,0x0,r01_l2_write_wb_address_100
16.70206986303674,323.937,351.969,323.937,0,0,18,0,1980,2619,47,0,0x0,r01_l2_write_wb_address_100
16.712161599018145,323.937,351.969,323.937,0,0,18,0,1980,2619,47,0,0x0,r01_l2_write_wb_address_100
16.72224987100344,323.937,351.969,323.937,0,0,18,0,1980,2619,47,0,0x0,r01_l2_write_wb_address_100
16.732337667024694,323.937,351.969,323.937,0,0,18,0,1980,2619,47,0,0x0,r01_l2_write_wb_address_100
16.7424268660252,327.482,397.298,327.482,0,0,18,0,1980,2619,47,0,0x0,r01_l2_write_wb_address_100
16.752525574003812,327.482,397.298,327.482,0,0,18,0,1980,2619,47,0,0x0,r01_l2_write_wb_address_100
16.762614013045095,327.482,397.298,327.482,0,0,18,0,1980,2619,47,0,0x0,r01_l2_write_wb_address_100
16.772705705021508,327.482,397.298,327.482,0,0,18,0,1980,2619,47,0,0x0,r01_l2_write_wb_address_100
16.782836669997778,327.482,397.298,327.482,0,0,18,0,1980,2619,48,0,0x0,r01_l2_write_wb_address_100
16.792931143019814,327.482,397.298,327.482,0,0,18,0,1980,2619,48,0,0x0,r01_l2_write_wb_address_100
16.803083409031387,327.482,397.298,327.482,0,0,18,0,1980,2619,48,0,0x0,r01_l2_write_wb_address_100
16.8134142520139,327.482,397.298,327.482,0,0,18,0,1980,2619,48,0,0x0,r01_l2_write_wb_address_100
16.823505859007128,327.482,397.298,327.482,0,0,18,0,1980,2619,48,0,0x0,r01_l2_write_wb_address_100
16.833595155039802,327.482,388.312,327.482,0,0,18,0,1980,2619,48,0,0x0,r01_l2_write_wb_address_100
16.843685329018626,329.037,388.312,329.037,0,0,18,0,1980,2619,48,0,0x0,r01_l2_write_wb_address_100
16.853777165000793,329.037,388.312,329.037,0,0,18,0,1980,2619,48,0,0x0,r01_l2_write_wb_address_100
16.86387152801035,329.037,388.312,329.037,0,0,18,0,1980,2619,48,0,0x0,r01_l2_write_wb_address_100
16.87396198301576,329.037,388.312,329.037,0,0,100,0,1980,2619,47,0,0x0,r01_l2_write_wb_address_100
16.884063709003385,329.037,388.312,329.037,0,0,100,0,1980,2619,47,0,0x0,r01_l2_write_wb_address_100
16.894155945046805,329.037,388.312,329.037,0,0,100,0,1980,2619,47,0,0x0,r01_l2_write_wb_address_100
16.90424487902783,329.037,388.312,329.037,0,0,100,0,1980,2619,47,0,0x0,r01_l2_write_wb_address_100
16.914334833039902,329.037,388.312,329.037,0,0,100,0,1980,2619,47,0,0x0,r01_l2_write_wb_address_100
16.92443649400957,329.037,388.312,329.037,0,0,100,0,1980,2619,47,0,0x0,r01_l2_write_wb_address_100
16.93453327700263,329.037,388.312,329.037,0,0,100,0,1980,2619,47,0,0x0,r01_l2_write_wb_address_100
16.94462323602056,329.037,388.312,329.037,0,0,100,0,1980,2619,47,0,0x0,r01_l2_write_wb_address_100
16.954712981008925,329.037,388.312,329.037,0,0,100,0,1980,2619,47,0,0x0,r01_l2_write_wb_address_100
16.96480196301127,329.685,310.669,329.685,0,0,100,0,1980,2619,47,0,0x0,r01_l2_write_wb_address_100
16.974893203005195,329.685,310.669,329.685,0,0,100,0,1980,2619,47,0,0x0,r01_l2_write_wb_address_100
16.98498303501401,329.685,310.669,329.685,0,0,100,0,1980,2619,47,0,0x0,r01_l2_write_wb_address_100
16.995070885051973,329.685,310.669,329.685,0,0,100,0,1980,2619,47,0,0x0,r01_l2_write_wb_address_100
17.0051601260202,329.685,310.669,329.685,0,0,100,0,1980,2619,48,0,0x0,r01_l2_write_wb_address_100
17.015251211996656,329.685,310.669,329.685,0,0,100,0,1980,2619,48,0,0x0,r01_l2_write_wb_address_100
17.025348599010613,329.685,310.669,329.685,0,0,100,0,1980,2619,48,0,0x0,r01_l2_write_wb_address_100
17.035444181005005,329.685,310.669,329.685,0,0,100,0,1980,2619,48,0,0x0,r01_l2_write_wb_address_100
17.045538525038864,332.285,391.325,332.285,0,0,100,0,1980,2619,48,0,0x0,r01_l2_write_wb_address_100
17.05562884203391,332.285,391.325,332.285,0,0,100,0,1980,2619,48,0,0x0,r01_l2_write_wb_address_100
17.065718488011044,332.285,391.325,332.285,0,0,100,0,1980,2619,48,0,0x0,r01_l2_write_wb_address_100
17.075806763023138,332.285,391.325,332.285,0,0,100,0,1980,2619,48,0,0x0,r01_l2_write_wb_address_100
17.085895729018375,332.285,391.325,332.285,0,0,100,0,1980,2619,48,0,0x0,r01_l2_write_wb_address_100
17.095999434997793,332.285,391.325,332.285,0,0,100,0,1980,2619,48,0,0x0,r01_l2_write_wb_address_100
17.106158351001795,332.285,391.325,332.285,0,0,100,0,1980,2619,48,0,0x0,r01_l2_write_wb_address_100
17.116290768026374,332.285,391.325,332.285,0,0,100,0,1980,2619,48,0,0x0,r01_l2_write_wb_address_100
17.126419781008735,332.285,391.325,332.285,0,0,100,0,1980,2619,48,0,0x0,r01_l2_write_wb_address_100
17.13654849299928,332.285,391.325,332.285,0,0,100,0,1980,2619,48,0,0x0,r01_l2_write_wb_address_100
17.146678727003746,332.285,391.325,332.285,0,0,100,0,1980,2619,48,0,0x0,r01_l2_write_wb_address_100
17.15680928202346,332.285,391.325,332.285,0,0,100,0,1980,2619,48,0,0x0,r01_l2_write_wb_address_100
17.166944683995098,334.568,389.658,334.568,0,0,100,0,1980,2619,48,0,0x0,r01_l2_write_wb_address_100
17.177090383018367,334.568,389.658,334.568,0,0,100,0,1980,2619,48,0,0x0,r01_l2_write_wb_address_100
17.187228924012743,334.568,389.658,334.568,0,0,100,0,1980,2619,48,0,0x0,r01_l2_write_wb_address_100
17.197363714047242,334.568,389.658,334.568,0,0,100,0,1980,2619,48,0,0x0,r01_l2_write_wb_address_100
17.20750786503777,334.568,389.658,334.568,0,0,100,0,1980,2619,48,0,0x0,r01_l2_write_wb_address_100
17.21764270402491,334.568,389.658,334.568,0,0,100,0,1980,2619,48,0,0x0,r01_l2_write_wb_address_100
17.22778386902064,334.568,389.658,334.568,0,0,100,0,1980,2619,48,0,0x0,r01_l2_write_wb_address_100
17.237919462029822,334.568,389.658,334.568,0,0,100,0,1980,2619,48,0,0x0,r01_l2_write_wb_address_100
17.248051394009963,334.568,389.658,334.568,0,0,100,0,1980,2619,48,0,0x0,r01_l2_write_wb_address_100
17.258186715014745,334.568,389.658,334.568,0,0,100,0,1980,2619,48,0,0x0,r01_l2_write_wb_address_100
17.268324800010305,336.381,366.286,336.381,0,0,100,0,1980,2619,48,0,0x0,r01_l2_write_wb_address_100
17.27846079703886,336.381,366.286,336.381,0,0,100,0,1980,2619,48,0,0x0,r01_l2_write_wb_address_100
17.28860612103017,336.381,366.286,336.381,0,0,100,0,1980,2619,48,0,0x0,r01_l2_write_wb_address_100
17.298739231016953,336.381,366.286,336.381,0,0,100,0,1980,2619,48,0,0x0,r01_l2_write_wb_address_100
17.308874263020698,336.381,366.286,336.381,0,0,100,0,1980,2619,49,0,0x0,r01_l2_write_wb_address_100
17.31900995405158,336.381,366.286,336.381,0,0,100,0,1980,2619,49,0,0x0,r01_l2_write_wb_address_100
17.329141214024276,336.381,366.286,336.381,0,0,100,0,1980,2619,49,0,0x0,r01_l2_write_wb_address_100
17.339273329998832,336.381,366.286,336.381,0,0,100,0,1980,2619,49,0,0x0,r01_l2_write_wb_address_100
17.34940445504617,337.264,397.298,337.264,0,0,100,0,1980,2619,49,0,0x0,r01_l2_write_wb_address_100
17.35953821602743,337.264,397.298,337.264,0,0,100,0,1980,2619,49,0,0x0,r01_l2_write_wb_address_100
17.369668441009708,337.264,397.298,337.264,0,0,100,0,1980,2619,49,0,0x0,r01_l2_write_wb_address_100
17.37979835801525,337.264,397.298,337.264,0,0,100,0,1980,2619,49,0,0x0,r01_l2_write_wb_address_100
17.3899327100371,337.264,397.298,337.264,0,0,100,0,1980,2619,49,0,0x0,r01_l2_write_wb_address_100
17.400074596051127,337.264,397.298,337.264,0,0,100,0,1980,2619,49,0,0x0,r01_l2_write_wb_address_100
17.410213340015616,337.264,397.298,337.264,0,0,100,0,1980,2619,49,0,0x0,r01_l2_write_wb_address_100
17.420347317005508,337.264,397.298,337.264,0,0,100,0,1980,2619,49,0,0x0,r01_l2_write_wb_address_100
17.430479306029156,337.264,397.298,337.264,0,0,100,0,1980,2619,49,0,0x0,r01_l2_write_wb_address_100
17.440627650008537,337.264,397.298,337.264,0,0,100,0,1980,2619,49,0,0x0,r01_l2_write_wb_address_100
17.450762775028124,360.846,387.991,360.846,0,0,100,0,1980,2619,49,0,0x0,r01_l2_write_wb_address_100
17.46089203603333,360.846,387.991,360.846,0,0,100,0,1980,2619,49,0,0x0,r01_l2_write_wb_address_100
17.47102146904217,360.846,387.991,360.846,0,0,100,0,1980,2619,49,0,0x0,r01_l2_write_wb_address_100
17.48115523403976,360.846,387.991,360.846,0,0,100,0,1980,2619,49,0,0x0,r01_l2_write_wb_address_100
17.491285743017215,360.846,387.991,360.846,0,0,100,0,1980,2619,49,0,0x0,r01_l2_write_wb_address_100
17.501419568026904,360.846,387.991,360.846,0,0,100,0,1980,2619,49,0,0x0,r01_l2_write_wb_address_100
17.511551861010958,360.846,387.991,360.846,0,0,100,0,1980,2619,48,0,0x0,r01_l2_write_wb_address_100
17.521687241038308,360.846,387.991,360.846,0,0,100,0,1980,2619,48,0,0x0,r01_l2_write_wb_address_100
17.531817042035982,360.846,387.991,360.846,0,0,100,0,1980,2619,48,0,0x0,r01_l2_write_wb_address_100
17.541950247017667,360.846,387.991,360.846,0,0,100,0,1980,2619,48,0,0x0,r01_l2_write_wb_address_100
17.552080784051213,360.846,387.991,360.846,0,0,100,0,1980,2619,48,0,0x0,r01_l2_write_wb_address_100
17.562210349016823,360.846,387.991,360.846,0,0,100,0,1980,2619,48,0,0x0,r01_l2_write_wb_address_100
17.572341517021414,387.365,445.328,387.365,0,0,100,0,1980,2619,48,0,0x0,r01_l2_write_wb_address_100
17.582475767005235,387.365,445.328,387.365,0,0,100,0,1980,2619,48,0,0x0,r01_l2_write_wb_address_100
17.592613236047328,387.365,445.328,387.365,0,0,100,0,1980,2619,48,0,0x0,r01_l2_write_wb_address_100
17.6027442390332,387.365,445.328,387.365,0,0,100,0,1980,2619,48,0,0x0,r01_l2_write_wb_address_100
17.61287989304401,387.365,445.328,387.365,0,0,100,0,1980,2619,49,0,0x0,r01_l2_write_wb_address_100
17.62301284103887,387.365,445.328,387.365,0,0,100,0,1980,2619,49,0,0x0,r01_l2_write_wb_address_100
17.633143796003424,387.365,445.328,387.365,0,0,100,0,1980,2619,49,0,0x0,r01_l2_write_wb_address_100
17.643278416013345,387.365,445.328,387.365,0,0,100,0,1980,2619,49,0,0x0,r01_l2_write_wb_address_100
17.653410818020348,387.365,408.342,387.365,0,0,100,0,1980,2619,49,0,0x0,r01_l2_write_wb_address_100
17.663548434036784,391.999,408.342,391.999,0,0,100,0,1980,2619,49,0,0x0,r01_l2_write_wb_address_100
17.673685591027606,391.999,408.342,391.999,0,0,100,0,1980,2619,49,0,0x0,r01_l2_write_wb_address_100
17.683814820018597,391.999,408.342,391.999,0,0,100,0,1980,2619,49,0,0x0,r01_l2_write_wb_address_100
17.693952061003074,391.999,408.342,391.999,0,0,100,0,1980,2619,49,0,0x0,r01_l2_write_wb_address_100
17.704081600997597,391.999,408.342,391.999,0,0,100,0,1980,2619,49,0,0x0,r01_l2_write_wb_address_100
17.71421544702025,391.999,408.342,391.999,0,0,100,0,1980,2619,49,0,0x0,r01_l2_write_wb_address_100
17.724347379000392,391.999,408.342,391.999,0,0,100,0,1980,2619,49,0,0x0,r01_l2_write_wb_address_100
17.734479184029624,391.999,408.342,391.999,0,0,100,0,1980,2619,49,0,0x0,r01_l2_write_wb_address_100
17.744621930003632,391.999,408.342,391.999,0,0,100,0,1980,2619,49,0,0x0,r01_l2_write_wb_address_100
17.754754380031954,391.999,408.342,391.999,0,0,100,0,1980,2619,49,0,0x0,r01_l2_write_wb_address_100
17.764885812997818,391.999,408.342,391.999,0,0,100,0,1980,2619,49,0,0x0,r01_l2_write_wb_address_100
17.775015268009156,391.999,388.633,391.999,0,0,100,0,1980,2619,49,0,0x0,r01_l2_write_wb_address_100
17.785149693023413,391.762,388.633,391.762,0,0,100,0,1980,2619,49,0,0x0,r01_l2_write_wb_address_100
17.79528196505271,391.762,388.633,391.762,0,0,100,0,1980,2619,49,0,0x0,r01_l2_write_wb_address_100
17.805415659036953,391.762,388.633,391.762,0,0,100,0,1980,2619,49,0,0x0,r01_l2_write_wb_address_100
17.81554589100415,391.762,388.633,391.762,0,0,100,0,1980,2619,49,0,0x0,r01_l2_write_wb_address_100
17.825678573048208,391.762,388.633,391.762,0,0,100,0,1980,2619,49,0,0x0,r01_l2_write_wb_address_100
17.835824393026996,391.762,388.633,391.762,0,0,100,0,1980,2619,49,0,0x0,gap
17.84598016703967,391.762,388.633,391.762,0,0,100,0,1980,2619,49,0,0x0,gap
17.85611372604035,391.762,388.633,391.762,0,0,100,0,1980,2619,49,0,0x0,gap
17.866251005034428,384.93,443.66,384.93,0,0,100,0,1980,2619,49,0,0x0,gap
17.876387184020132,384.93,443.66,384.93,0,0,100,0,1980,2619,49,0,0x0,gap
17.886521997046657,384.93,443.66,384.93,0,0,100,0,1980,2619,49,0,0x0,gap
17.89665401005186,384.93,443.66,384.93,0,0,100,0,1980,2619,49,0,0x0,gap
17.906789263011888,384.93,443.66,384.93,0,0,100,0,1980,2619,49,0,0x0,gap
17.916923955024686,384.93,443.66,384.93,0,0,100,0,1980,2619,49,0,0x0,gap
17.92705354100326,384.93,443.66,384.93,0,0,100,0,1980,2619,45,0,0x0,gap
17.937183501024265,384.93,443.66,384.93,0,0,100,0,1980,2619,45,0,0x0,gap
17.94731357402634,384.93,443.66,384.93,0,0,100,0,1980,2619,45,0,0x0,gap
17.95744447101606,384.93,443.66,384.93,0,0,100,0,1980,2619,45,0,0x0,gap
17.9675990230171,384.93,443.66,384.93,0,0,100,0,1980,2619,45,0,0x0,gap
17.977727425051853,353.714,124.777,353.714,0,0,100,0,1980,2619,45,0,0x0,gap
17.987858930020593,353.714,124.777,353.714,0,0,100,0,1980,2619,45,0,0x0,gap
17.997989433002658,353.714,124.777,353.714,0,0,100,0,1980,2619,45,0,0x0,gap
18.008122932049446,353.714,124.777,353.714,0,0,100,0,1980,2619,45,0,0x0,gap
18.018267444043886,353.714,124.777,353.714,0,0,100,0,1980,2619,45,0,0x0,gap
18.028402821044438,353.714,124.777,353.714,0,0,100,0,1980,2619,45,0,0x0,gap
18.03854705602862,353.714,124.777,353.714,0,0,100,0,1980,2619,44,0,0x0,r01_control_dram_write_address_100
18.04868659505155,353.714,124.777,353.714,0,0,100,0,1980,2619,44,0,0x0,r01_control_dram_write_address_100
18.05881852703169,353.714,124.777,353.714,0,0,100,0,1980,2619,44,0,0x0,r01_control_dram_write_address_100
18.06895262299804,353.714,124.777,353.714,0,0,100,0,1980,2619,44,0,0x0,r01_control_dram_write_address_100
18.079083699034527,337.111,122.458,337.111,0,0,100,0,1980,2619,44,0,0x0,r01_control_dram_write_address_100
18.08921762002865,337.111,122.458,337.111,0,0,100,0,1980,2619,44,0,0x0,r01_control_dram_write_address_100
18.099348487041425,337.111,122.458,337.111,0,0,100,0,1980,2619,44,0,0x0,r01_control_dram_write_address_100
18.109491282026283,337.111,122.458,337.111,0,0,100,0,1980,2619,44,0,0x0,r01_control_dram_write_address_100
18.119659536052495,337.111,122.458,337.111,0,0,18,0,1980,2619,50,0,0x0,r01_control_dram_write_address_100
18.12979344499763,337.111,122.458,337.111,0,0,18,0,1980,2619,50,0,0x0,r01_control_dram_write_address_100
18.139925298048183,337.111,122.458,337.111,0,0,18,0,1980,2619,50,0,0x0,r01_control_dram_write_address_100
18.150058033003006,337.111,122.458,337.111,0,0,18,0,1980,2619,50,0,0x0,r01_control_dram_write_address_100
18.160188604029827,337.111,122.458,337.111,0,0,18,0,1980,2619,50,0,0x0,r01_control_dram_write_address_100
18.170319352997467,337.111,122.458,337.111,0,0,18,0,1980,2619,50,0,0x0,r01_control_dram_write_address_100
18.180452417000197,337.111,122.458,337.111,0,0,18,0,1980,2619,50,0,0x0,r01_control_dram_write_address_100
18.190593410050496,342.6,452.326,342.6,0,0,18,0,1980,2619,50,0,0x0,r01_control_dram_write_address_100
18.200724915019237,342.6,452.326,342.6,0,0,18,0,1980,2619,50,0,0x0,r01_control_dram_write_address_100
18.210858524020296,342.6,452.326,342.6,0,0,18,0,1980,2619,50,0,0x0,r01_control_dram_write_address_100
18.221000445017125,342.6,452.326,342.6,0,0,18,0,1980,2619,50,0,0x0,r01_control_dram_write_address_100
18.231132741027977,342.6,452.326,342.6,0,0,18,0,1980,2619,50,0,0x0,r01_control_dram_write_address_100
18.241261253017,342.6,452.326,342.6,0,0,18,0,1980,2619,51,0,0x0,r01_control_dram_write_address_100
18.25139491201844,342.6,452.326,342.6,0,0,18,0,1980,2619,51,0,0x0,r01_control_dram_write_address_100
18.261526053014677,342.6,452.326,342.6,0,0,18,0,1980,2619,51,0,0x0,r01_control_dram_write_address_100
18.27418220503023,342.6,452.326,342.6,0,0,18,0,1980,2619,51,0,0x0,r01_control_dram_write_address_100
18.284333877032623,342.6,452.326,342.6,0,0,18,0,1980,2619,51,0,0x0,r01_control_dram_write_address_100
18.2944693940226,342.6,452.326,342.6,0,0,18,0,1980,2619,51,0,0x0,r01_control_dram_write_address_100
18.304609923041426,348.712,453.297,348.712,0,0,18,0,1980,2619,51,0,0x0,r01_control_dram_write_address_100
18.31474243203411,348.712,453.297,348.712,0,0,18,0,1980,2619,51,0,0x0,r01_control_dram_write_address_100
18.32487565500196,348.712,453.297,348.712,0,0,81,0,1980,2619,52,0,0x0,r01_control_dram_write_address_100
18.335006058041472,348.712,453.297,348.712,0,0,81,0,1980,2619,52,0,0x0,r01_control_dram_write_address_100
18.345144222024828,348.712,453.297,348.712,0,0,81,0,1980,2619,52,0,0x0,r01_control_dram_write_address_100
18.35527696000645,348.712,453.297,348.712,0,0,81,0,1980,2619,52,0,0x0,r01_control_dram_write_address_100
18.365410163998604,348.712,453.297,348.712,0,0,81,0,1980,2619,52,0,0x0,r01_control_dram_write_address_100
18.37554463802371,348.712,453.297,348.712,0,0,81,0,1980,2619,52,0,0x0,r01_control_dram_write_address_100
18.38567948603304,348.712,453.297,348.712,0,0,81,0,1980,2619,52,0,0x0,r01_control_dram_write_address_100
18.39581362705212,348.712,453.297,348.712,0,0,81,0,1980,2619,52,0,0x0,r01_control_dram_write_address_100
18.405945816019084,348.712,453.297,348.712,0,0,81,0,1980,2619,52,0,0x0,r01_control_dram_write_address_100
18.416078656038735,348.712,453.297,348.712,0,0,81,0,1980,2619,52,0,0x0,r01_control_dram_write_address_100
18.426212364051025,348.712,453.297,348.712,0,0,81,0,1980,2619,52,0,0x0,r01_control_dram_write_address_100
18.43635065399576,358.509,454.322,358.509,0,0,81,0,1980,2619,52,0,0x0,r01_control_dram_write_address_100
18.446482612052932,358.509,454.322,358.509,0,0,81,0,1980,2619,52,0,0x0,r01_control_dram_write_address_100
18.456629004038405,358.509,454.322,358.509,0,0,81,0,1980,2619,52,0,0x0,r01_control_dram_write_address_100
18.4667615070357,358.509,454.322,358.509,0,0,81,0,1980,2619,52,0,0x0,r01_control_dram_write_address_100
18.47689753799932,358.509,454.322,358.509,0,0,81,0,1980,2619,52,0,0x0,r01_control_dram_write_address_100
18.487028837029357,358.509,454.322,358.509,0,0,81,0,1980,2619,52,0,0x0,r01_control_dram_write_address_100
18.497162450046744,358.509,454.322,358.509,0,0,81,0,1980,2619,52,0,0x0,r01_control_dram_write_address_100
18.507292060996406,358.509,454.322,358.509,0,0,81,0,1980,2619,52,0,0x0,r01_control_dram_write_address_100
18.51742672099499,358.509,454.322,358.509,0,0,81,0,1980,2619,52,0,0x0,r01_control_dram_write_address_100
18.52755788702052,358.509,454.322,358.509,0,0,81,0,1980,2619,52,0,0x0,r01_control_dram_write_address_100
18.537691234028898,361.57,445.007,361.57,0,0,100,0,1980,2619,52,0,0x0,r01_control_dram_write_address_100
18.54782304400578,361.57,445.007,361.57,0,0,100,0,1980,2619,52,0,0x0,r01_control_dram_write_address_100
18.55795621004654,361.57,445.007,361.57,0,0,100,0,1980,2619,52,0,0x0,r01_control_dram_write_address_100
18.56808517704485,361.57,445.007,361.57,0,0,100,0,1980,2619,52,0,0x0,r01_control_dram_write_address_100
18.578220259048976,361.57,445.007,361.57,0,0,100,0,1980,2619,52,0,0x0,r01_control_dram_write_address_100
18.588353333005216,361.57,445.007,361.57,0,0,100,0,1980,2619,52,0,0x0,r01_control_dram_write_address_100
18.59848184103612,361.57,445.007,361.57,0,0,100,0,1980,2619,52,0,0x0,r01_control_dram_write_address_100
18.608621100021992,361.57,445.007,361.57,0,0,100,0,1980,2619,52,0,0x0,r01_control_dram_write_address_100
18.61875407100888,361.57,445.007,361.57,0,0,100,0,1980,2619,52,0,0x0,r01_control_dram_write_address_100
18.628884732024744,361.57,445.007,361.57,0,0,100,0,1980,2619,52,0,0x0,r01_control_dram_write_address_100
18.639014831045642,366.174,447.966,366.174,0,0,100,0,1980,2619,52,0,0x0,r01_control_dram_write_address_100
18.649148377007805,366.174,447.966,366.174,0,0,100,0,1980,2619,52,0,0x0,r01_control_dram_write_address_100
18.659285054018255,366.174,447.966,366.174,0,0,100,0,1980,2619,52,0,0x0,r01_control_dram_write_address_100
18.669421800004784,366.174,447.966,366.174,0,0,100,0,1980,2619,52,0,0x0,r01_control_dram_write_address_100
18.679556585033424,366.174,447.966,366.174,0,0,100,0,1980,2619,52,0,0x0,r01_control_dram_write_address_100
18.689687100995798,366.174,447.966,366.174,0,0,100,0,1980,2619,52,0,0x0,r01_control_dram_write_address_100
18.69981787801953,366.174,447.966,366.174,0,0,100,0,1980,2619,52,0,0x0,r01_control_dram_write_address_100
18.709948719013482,366.174,447.966,366.174,0,0,100,0,1980,2619,52,0,0x0,r01_control_dram_write_address_100
18.720079405000433,366.174,447.966,366.174,0,0,100,0,1980,2619,52,0,0x0,r01_control_dram_write_address_100
18.730211921036243,366.174,447.966,366.174,0,0,100,0,1980,2619,52,0,0x0,r01_control_dram_write_address_100
18.7403431260027,371.939,454.001,371.939,0,0,100,0,1980,2619,52,0,0x0,r01_control_dram_write_address_100
18.750476713001262,371.939,454.001,371.939,0,0,100,0,1980,2619,52,0,0x0,r01_control_dram_write_address_100
18.760621083027218,371.939,454.001,371.939,0,0,100,0,1980,2619,52,0,0x0,r01_control_dram_write_address_100
18.770754169032443,371.939,454.001,371.939,0,0,100,0,1980,2619,52,0,0x0,r01_control_dram_write_address_100
18.780884469044395,371.939,454.001,371.939,0,0,100,0,1980,2619,53,0,0x0,r01_control_dram_write_address_100
18.791015855036676,371.939,454.001,371.939,0,0,100,0,1980,2619,53,0,0x0,r01_control_dram_write_address_100
18.801153300039005,371.939,454.001,371.939,0,0,100,0,1980,2619,53,0,0x0,r01_control_dram_write_address_100
18.81128331203945,371.939,454.001,371.939,0,0,100,0,1980,2619,53,0,0x0,r01_control_dram_write_address_100
18.8214157790062,371.939,454.001,371.939,0,0,100,0,1980,2619,53,0,0x0,r01_control_dram_write_address_100
18.831542546045966,371.939,454.001,371.939,0,0,100,0,1980,2619,53,0,0x0,r01_control_dram_write_address_100
18.84186625602888,371.939,454.001,371.939,0,0,100,0,1980,2619,53,0,0x0,r01_control_dram_write_address_100
18.852044538012706,384.74,454.964,384.74,0,0,100,0,1980,2619,53,0,0x0,r01_control_dram_write_address_100
18.86218944605207,384.74,454.964,384.74,0,0,100,0,1980,2619,53,0,0x0,r01_control_dram_write_address_100
18.87234658905072,384.74,454.964,384.74,0,0,100,0,1980,2619,53,0,0x0,r01_control_dram_write_address_100
18.88248534599552,384.74,454.964,384.74,0,0,100,0,1980,2619,53,0,0x0,r01_control_dram_write_address_100
18.892645030049607,384.74,454.964,384.74,0,0,100,0,1980,2619,53,0,0x0,r01_control_dram_write_address_100
18.902777881012298,384.74,454.964,384.74,0,0,100,0,1980,2619,53,0,0x0,r01_control_dram_write_address_100
18.912910462007858,384.74,454.964,384.74,0,0,100,0,1980,2619,53,0,0x0,r01_control_dram_write_address_100
18.923040836001746,384.74,454.964,384.74,0,0,100,0,1980,2619,53,0,0x0,r01_control_dram_write_address_100
18.933176190010272,384.74,454.964,384.74,0,0,100,0,1980,2619,53,0,0x0,r01_control_dram_write_address_100
18.943307678040583,384.74,454.964,384.74,0,0,100,0,1980,2619,53,0,0x0,r01_control_dram_write_address_100
18.953440484008752,411.789,453.297,411.789,0,0,100,0,1980,2619,53,0,0x0,r01_control_dram_write_address_100
18.963582008029334,411.789,453.297,411.789,0,0,100,0,1980,2619,53,0,0x0,r01_control_dram_write_address_100
18.973717817047145,411.789,453.297,411.789,0,0,100,0,1980,2619,53,0,0x0,r01_control_dram_write_address_100
18.983855523052625,411.789,453.297,411.789,0,0,100,0,1980,2619,53,0,0x0,r01_control_dram_write_address_100
18.993986859044526,411.789,453.297,411.789,0,0,100,0,1980,2619,52,0,0x0,r01_control_dram_write_address_100
19.00411603000248,411.789,453.297,411.789,0,0,100,0,1980,2619,52,0,0x0,r01_control_dram_write_address_100
19.014246521051973,411.789,453.297,411.789,0,0,100,0,1980,2619,52,0,0x0,r01_control_dram_write_address_100
19.024379517009947,411.789,453.297,411.789,0,0,100,0,1980,2619,52,0,0x0,r01_control_dram_write_address_100
19.034515873005148,440.315,432.296,440.315,0,0,100,0,1980,2619,52,0,0x0,r01_control_dram_write_address_100
19.044653068005573,440.315,432.296,440.315,0,0,100,0,1980,2619,52,0,0x0,r01_control_dram_write_address_100
19.05478550400585,440.315,432.296,440.315,0,0,100,0,1980,2619,52,0,0x0,r01_control_dram_write_address_100
19.064916315022856,440.315,432.296,440.315,0,0,100,0,1980,2619,52,0,0x0,r01_control_dram_write_address_100
19.07505055499496,440.315,432.296,440.315,0,0,100,0,1980,2619,52,0,0x0,r01_control_dram_write_address_100
19.085207550029736,440.315,432.296,440.315,0,0,100,0,1980,2619,52,0,0x0,r01_control_dram_write_address_100
19.095344986999407,440.315,432.296,440.315,0,0,100,0,1980,2619,53,0,0x0,r01_control_dram_write_address_100
19.10547710803803,440.315,432.296,440.315,0,0,100,0,1980,2619,53,0,0x0,r01_control_dram_write_address_100
19.115622789016925,440.315,432.296,440.315,0,0,100,0,1980,2619,53,0,0x0,r01_control_dram_write_address_100
19.125752922031097,440.315,432.296,440.315,0,0,100,0,1980,2619,53,0,0x0,r01_control_dram_write_address_100
19.13588748901384,440.315,451.63,440.315,0,0,100,0,1980,2619,53,0,0x0,r01_control_dram_write_address_100
19.146020048006903,444.318,451.63,444.318,0,0,100,0,1980,2619,53,0,0x0,r01_control_dram_write_address_100
19.156155096017756,444.318,451.63,444.318,0,0,100,0,1980,2619,53,0,0x0,r01_control_dram_write_address_100
19.16630541800987,444.318,451.63,444.318,0,0,100,0,1980,2619,53,0,0x0,r01_control_dram_write_address_100
19.176439427013975,444.318,451.63,444.318,0,0,100,0,1980,2619,53,0,0x0,r01_control_dram_write_address_100
19.186585445015226,444.318,451.63,444.318,0,0,100,0,1980,2619,53,0,0x0,r01_control_dram_write_address_100
19.196718176011927,444.318,451.63,444.318,0,0,100,0,1980,2619,53,0,0x0,r01_control_dram_write_address_100
19.20702307805186,444.318,451.63,444.318,0,0,100,0,1980,2619,53,0,0x0,r01_control_dram_write_address_100
19.217788847046904,444.318,451.63,444.318,0,0,100,0,1980,2619,53,0,0x0,r01_control_dram_write_address_100
19.227932820038404,444.318,451.63,444.318,0,0,100,0,1980,2619,53,0,0x0,r01_control_dram_write_address_100
19.238079125003424,444.249,452.326,444.249,0,0,100,0,1980,2619,53,0,0x0,r01_control_dram_write_address_100
19.248223456030246,444.249,452.326,444.249,0,0,100,0,1980,2619,53,0,0x0,r01_control_dram_write_address_100
19.258356478996575,444.249,452.326,444.249,0,0,100,0,1980,2619,53,0,0x0,r01_control_dram_write_address_100
19.268491152033675,444.249,452.326,444.249,0,0,100,0,1980,2619,53,0,0x0,r01_control_dram_write_address_100
19.278643972007558,444.249,452.326,444.249,0,0,100,0,1980,2619,53,0,0x0,r01_control_dram_write_address_100
19.288791449042037,444.249,452.326,444.249,0,0,100,0,1980,2619,53,0,0x0,r01_control_dram_write_address_100
19.298957619001158,444.249,452.326,444.249,0,0,100,0,1980,2619,53,0,0x0,r01_control_dram_write_address_100
19.309094366035424,444.249,452.326,444.249,0,0,100,0,1980,2619,53,0,0x0,r01_control_dram_write_address_100
19.319227219035383,444.249,452.326,444.249,0,0,100,0,1980,2619,53,0,0x0,r01_control_dram_write_address_100
19.329363032011315,444.249,452.326,444.249,0,0,100,0,1980,2619,53,0,0x0,r01_control_dram_write_address_100
19.33950848504901,444.249,452.326,444.249,0,0,100,0,1980,2619,53,0,0x0,r01_control_dram_write_address_100
19.34964279300766,444.332,452.326,444.332,0,0,100,0,1980,2619,53,0,0x0,r01_control_dram_write_address_100
19.359772487019654,444.332,452.326,444.332,0,0,100,0,1980,2619,53,0,0x0,r01_control_dram_write_address_100
19.369903546001296,444.332,452.326,444.332,0,0,100,0,1980,2619,53,0,0x0,r01_control_dram_write_address_100
19.380035261041485,444.332,452.326,444.332,0,0,100,0,1980,2619,53,0,0x0,r01_control_dram_write_address_100
19.39017515501473,444.332,452.326,444.332,0,0,100,0,1980,2619,53,0,0x0,r01_control_dram_write_address_100
19.400311083009,444.332,452.326,444.332,0,0,100,0,1980,2619,53,0,0x0,r01_control_dram_write_address_100
19.410468514019158,444.332,452.326,444.332,0,0,100,0,1980,2619,53,0,0x0,r01_control_dram_write_address_100
19.420667151047383,444.332,452.326,444.332,0,0,100,0,1980,2619,53,0,0x0,r01_control_dram_write_address_100
19.430806411022786,444.332,452.326,444.332,0,0,100,0,1980,2619,53,0,0x0,r01_control_dram_write_address_100
19.441001355007757,444.332,452.326,444.332,0,0,100,0,1980,2619,53,0,0x0,r01_control_dram_write_address_100
19.45115233003162,443.938,452.004,443.938,0,0,100,0,1980,2619,53,0,0x0,r01_control_dram_write_address_100
19.46130586002255,443.938,452.004,443.938,0,0,100,0,1980,2619,53,0,0x0,r01_control_dram_write_address_100
19.47145101701608,443.938,452.004,443.938,0,0,100,0,1980,2619,53,0,0x0,r01_control_dram_write_address_100
19.481594795011915,443.938,452.004,443.938,0,0,100,0,1980,2619,53,0,0x0,r01_control_dram_write_address_100
19.49175040202681,443.938,452.004,443.938,0,0,100,0,1980,2619,53,0,0x0,r01_control_dram_write_address_100
19.501926466007717,443.938,452.004,443.938,0,0,100,0,1980,2619,52,0,0x0,r01_control_dram_write_address_100
19.512115165998694,443.938,452.004,443.938,0,0,100,0,1980,2619,52,0,0x0,gap
19.522301954042632,443.938,452.004,443.938,0,0,100,0,1980,2619,52,0,0x0,gap
19.532439386995975,443.938,452.004,443.938,0,0,100,0,1980,2619,52,0,0x0,gap
19.542583942005876,443.938,452.004,443.938,0,0,100,0,1980,2619,52,0,0x0,gap
19.552719497005455,433.487,421.963,433.487,0,0,100,0,1980,2619,52,0,0x0,gap
19.562864509003703,433.487,421.963,433.487,0,0,100,0,1980,2619,52,0,0x0,gap
19.57301772403298,433.487,421.963,433.487,0,0,100,0,1980,2619,52,0,0x0,gap
19.583151263010222,433.487,421.963,433.487,0,0,100,0,1980,2619,52,0,0x0,gap
19.593287078023423,433.487,421.963,433.487,0,0,100,0,1980,2619,52,0,0x0,gap
19.603421817009803,433.487,421.963,433.487,0,0,100,0,1980,2619,46,0,0x0,gap
19.613553833041806,433.487,421.963,433.487,0,0,100,0,1980,2619,46,0,0x0,gap
19.623686670034658,433.487,421.963,433.487,0,0,100,0,1980,2619,46,0,0x0,gap
19.63381643104367,433.487,421.963,433.487,0,0,100,0,1980,2619,46,0,0x0,gap
19.643948120996356,433.487,421.963,433.487,0,0,100,0,1980,2619,46,0,0x0,gap
19.65408538200427,433.487,124.127,433.487,0,0,100,0,1980,2619,46,0,0x0,gap
19.66421725001419,400.788,124.127,400.788,0,0,100,0,1980,2619,46,0,0x0,gap
19.674349107022863,400.788,124.127,400.788,0,0,100,0,1980,2619,46,0,0x0,gap
19.684480146039277,400.788,124.127,400.788,0,0,100,0,1980,2619,46,0,0x0,gap
19.694633733015507,400.788,124.127,400.788,0,0,100,0,1980,2619,46,0,0x0,gap
19.704773734032642,400.788,124.127,400.788,0,0,100,0,1980,2619,46,0,0x0,gap
19.714905055006966,400.788,124.127,400.788,0,0,100,0,1980,2619,45,0,0x0,r01_dram_write_cs_address_100
19.725040279037785,400.788,124.127,400.788,0,0,100,0,1980,2619,45,0,0x0,r01_dram_write_cs_address_100
19.735180924006272,400.788,124.127,400.788,0,0,100,0,1980,2619,45,0,0x0,r01_dram_write_cs_address_100
19.74531398504041,400.788,124.127,400.788,0,0,100,0,1980,2619,45,0,0x0,r01_dram_write_cs_address_100
19.755449047021102,400.788,124.127,400.788,0,0,100,0,1980,2619,45,0,0x0,r01_dram_write_cs_address_100
19.76559188304236,400.788,124.127,400.788,0,0,100,0,1980,2619,45,0,0x0,r01_dram_write_cs_address_100
19.775723087019287,400.788,124.127,400.788,0,0,100,0,1980,2619,45,0,0x0,r01_dram_write_cs_address_100
19.785855635011103,381.776,122.083,381.776,0,0,56,0,1980,2619,45,0,0x0,r01_dram_write_cs_address_100
19.79598773602629,381.776,122.083,381.776,0,0,56,0,1980,2619,45,0,0x0,r01_dram_write_cs_address_100
19.806118130043615,381.776,122.083,381.776,0,0,56,0,1980,2619,45,0,0x0,r01_dram_write_cs_address_100
19.816252776014153,381.776,122.083,381.776,0,0,56,0,1980,2619,47,0,0x0,r01_dram_write_cs_address_100
19.826385817024857,381.776,122.083,381.776,0,0,56,0,1980,2619,47,0,0x0,r01_dram_write_cs_address_100
19.836517747025937,381.776,122.083,381.776,0,0,56,0,1980,2619,47,0,0x0,r01_dram_write_cs_address_100
19.846649726037867,381.776,122.083,381.776,0,0,56,0,1980,2619,47,0,0x0,r01_dram_write_cs_address_100
19.856781607028097,381.776,122.083,381.776,0,0,56,0,1980,2619,47,0,0x0,r01_dram_write_cs_address_100
19.866911396034993,381.776,122.083,381.776,0,0,56,0,1980,2619,47,0,0x0,r01_dram_write_cs_address_100
19.877041164028924,386.38,499.98,386.38,0,0,56,0,1980,2619,47,0,0x0,r01_dram_write_cs_address_100
19.887173243041616,386.38,499.98,386.38,0,0,56,0,1980,2619,47,0,0x0,r01_dram_write_cs_address_100
19.89730995503487,386.38,499.98,386.38,0,0,56,0,1980,2619,47,0,0x0,r01_dram_write_cs_address_100
19.907451886043418,386.38,499.98,386.38,0,0,56,0,1980,2619,47,0,0x0,r01_dram_write_cs_address_100
19.91758754500188,386.38,499.98,386.38,0,0,56,0,1980,2619,47,0,0x0,r01_dram_write_cs_address_100
19.92767237103544,386.38,499.98,386.38,0,0,56,0,1980,2619,48,0,0x0,r01_dram_write_cs_address_100
19.937755650025792,386.38,499.98,386.38,0,0,56,0,1980,2619,48,0,0x0,r01_dram_write_cs_address_100
19.947839990025386,386.38,499.98,386.38,0,0,56,0,1980,2619,48,0,0x0,r01_dram_write_cs_address_100
19.957923758018296,386.38,499.98,386.38,0,0,56,0,1980,2619,48,0,0x0,r01_dram_write_cs_address_100
19.96800426003756,386.38,499.98,386.38,0,0,56,0,1980,2619,48,0,0x0,r01_dram_write_cs_address_100
19.97808425599942,386.38,499.98,386.38,0,0,56,0,1980,2619,48,0,0x0,r01_dram_write_cs_address_100
19.988162266032305,386.38,499.98,386.38,0,0,56,0,1980,2619,48,0,0x0,r01_dram_write_cs_address_100
19.99823973403545,391.522,502.672,391.522,0,0,100,100,1980,2619,48,0,0x0,r01_dram_write_cs_address_100
20.00831817201106,391.522,502.672,391.522,0,0,100,100,1980,2619,48,0,0x0,r01_dram_write_cs_address_100
20.018395954044536,391.522,502.672,391.522,0,0,100,100,1980,2619,48,0,0x0,r01_dram_write_cs_address_100
20.028474752034526,391.522,502.672,391.522,0,0,100,100,1980,2619,48,0,0x0,r01_dram_write_cs_address_100
20.03855531703448,391.522,502.672,391.522,0,0,100,100,1980,2619,48,0,0x0,r01_dram_write_cs_address_100
20.04863324202597,391.522,502.672,391.522,0,0,100,100,1980,2619,48,0,0x0,r01_dram_write_cs_address_100
20.058710932033136,391.522,502.672,391.522,0,0,100,100,1980,2619,48,0,0x0,r01_dram_write_cs_address_100
20.068789802026004,391.522,502.672,391.522,0,0,100,100,1980,2619,48,0,0x0,r01_dram_write_cs_address_100
20.07886787201278,391.522,502.672,391.522,0,0,100,100,1980,2619,48,0,0x0,r01_dram_write_cs_address_100
20.08894623699598,391.522,502.672,391.522,0,0,100,100,1980,2619,48,0,0x0,r01_dram_write_cs_address_100
20.09902442904422,391.522,502.672,391.522,0,0,100,100,1980,2619,48,0,0x0,r01_dram_write_cs_address_100
20.10910340200644,400.21,502.994,400.21,0,0,100,100,1980,2619,48,0,0x0,r01_dram_write_cs_address_100
20.119184903043788,400.21,502.994,400.21,0,0,100,100,1980,2619,48,0,0x0,r01_dram_write_cs_address_100
20.129263334034476,400.21,502.994,400.21,0,0,100,100,1980,2619,48,0,0x0,r01_dram_write_cs_address_100
20.139341866015457,400.21,502.994,400.21,0,0,100,100,1980,2619,48,0,0x0,r01_dram_write_cs_address_100
20.149420087051112,400.21,502.994,400.21,0,0,100,100,1980,2619,48,0,0x0,r01_dram_write_cs_address_100
20.159501726040617,400.21,502.994,400.21,0,0,100,100,1980,2619,48,0,0x0,r01_dram_write_cs_address_100
20.169598734006286,400.21,502.994,400.21,0,0,100,100,1980,2619,48,0,0x0,r01_dram_write_cs_address_100
20.17981410701759,400.21,502.994,400.21,0,0,100,100,1980,2619,48,0,0x0,r01_dram_write_cs_address_100
20.189954923000187,400.21,502.994,400.21,0,0,100,100,1980,2619,48,0,0x0,r01_dram_write_cs_address_100
20.200093448045664,406.148,502.672,406.148,0,0,100,100,1980,2619,48,0,0x0,r01_dram_write_cs_address_100
20.210241036023945,406.148,502.672,406.148,0,0,100,100,1980,2619,48,0,0x0,r01_dram_write_cs_address_100
20.220356617006473,406.148,502.672,406.148,0,0,100,100,1980,2619,48,0,0x0,r01_dram_write_cs_address_100
20.230506727006286,406.148,502.672,406.148,0,0,100,100,1980,2619,48,0,0x0,r01_dram_write_cs_address_100
20.24064549803734,406.148,502.672,406.148,0,0,100,100,1980,2619,48,0,0x0,r01_dram_write_cs_address_100
20.250781061011367,406.148,502.672,406.148,0,0,100,100,1980,2619,48,0,0x0,r01_dram_write_cs_address_100
20.260916408034973,406.148,502.672,406.148,0,0,100,100,1980,2619,48,0,0x0,r01_dram_write_cs_address_100
20.271049410046544,406.148,502.672,406.148,0,0,100,100,1980,2619,48,0,0x0,r01_dram_write_cs_address_100
20.281185241998173,406.148,502.672,406.148,0,0,100,100,1980,2619,48,0,0x0,r01_dram_write_cs_address_100
20.291316823044326,406.148,502.672,406.148,0,0,100,100,1980,2619,48,0,0x0,r01_dram_write_cs_address_100
20.301450063998345,406.148,503.315,406.148,0,0,100,100,1980,2619,48,0,0x0,r01_dram_write_cs_address_100
20.31159210304031,409.723,503.315,409.723,0,0,100,100,1980,2619,48,0,0x0,r01_dram_write_cs_address_100
20.32172231504228,409.723,503.315,409.723,0,0,100,100,1980,2619,48,0,0x0,r01_dram_write_cs_address_100
20.331851024995558,409.723,503.315,409.723,0,0,100,100,1980,2619,48,0,0x0,r01_dram_write_cs_address_100
20.341988736996427,409.723,503.315,409.723,0,0,100,100,1980,2619,48,0,0x0,r01_dram_write_cs_address_100
20.352121550007723,409.723,503.315,409.723,0,0,100,100,1980,2619,48,0,0x0,r01_dram_write_cs_address_100
20.362252939026803,409.723,503.315,409.723,0,0,100,100,1980,2619,49,0,0x0,r01_dram_write_cs_address_100
20.37238595803501,409.723,503.315,409.723,0,0,100,100,1980,2619,49,0,0x0,r01_dram_write_cs_address_100
20.382517689024098,409.723,503.315,409.723,0,0,100,100,1980,2619,49,0,0x0,r01_dram_write_cs_address_100
20.39264717802871,409.723,503.315,409.723,0,0,100,100,1980,2619,49,0,0x0,r01_dram_write_cs_address_100
20.402779823052697,409.723,503.315,409.723,0,0,100,100,1980,2619,49,0,0x0,r01_dram_write_cs_address_100
20.41291391401319,415.862,503.315,415.862,0,0,100,100,1980,2619,49,0,0x0,r01_dram_write_cs_address_100
20.423043825023342,415.862,503.315,415.862,0,0,100,100,1980,2619,49,0,0x0,r01_dram_write_cs_address_100
20.433176862017717,415.862,503.315,415.862,0,0,100,100,1980,2619,49,0,0x0,r01_dram_write_cs_address_100
20.44331984303426,415.862,503.315,415.862,0,0,100,100,1980,2619,49,0,0x0,r01_dram_write_cs_address_100
20.453452124027535,415.862,503.315,415.862,0,0,100,100,1980,2619,49,0,0x0,r01_dram_write_cs_address_100
20.463592368003447,415.862,503.315,415.862,0,0,100,100,1980,2619,49,0,0x0,r01_dram_write_cs_address_100
20.47372589400038,415.862,503.315,415.862,0,0,100,100,1980,2619,49,0,0x0,r01_dram_write_cs_address_100
20.483860242005903,415.862,503.315,415.862,0,0,100,100,1980,2619,49,0,0x0,r01_dram_write_cs_address_100
20.493992903036997,415.862,503.315,415.862,0,0,100,100,1980,2619,49,0,0x0,r01_dram_write_cs_address_100
20.50412957201479,415.862,503.315,415.862,0,0,100,100,1980,2619,49,0,0x0,r01_dram_write_cs_address_100
20.514266049023718,422.368,503.315,422.368,0,0,100,100,1980,2619,49,0,0x0,r01_dram_write_cs_address_100
20.524400477996096,422.368,503.315,422.368,0,0,100,100,1980,2619,49,0,0x0,r01_dram_write_cs_address_100
20.53453281504335,422.368,503.315,422.368,0,0,100,100,1980,2619,49,0,0x0,r01_dram_write_cs_address_100
20.54466543602757,422.368,503.315,422.368,0,0,100,100,1980,2619,49,0,0x0,r01_dram_write_cs_address_100
20.554808747023344,422.368,503.315,422.368,0,0,100,100,1980,2619,49,0,0x0,r01_dram_write_cs_address_100
20.56494314200245,422.368,503.315,422.368,0,0,100,100,1980,2619,49,0,0x0,r01_dram_write_cs_address_100
20.575075082015246,422.368,503.315,422.368,0,0,100,100,1980,2619,49,0,0x0,r01_dram_write_cs_address_100
20.58520937000867,422.368,503.315,422.368,0,0,100,100,1980,2619,49,0,0x0,r01_dram_write_cs_address_100
20.5953518160386,422.368,503.315,422.368,0,0,100,100,1980,2619,49,0,0x0,r01_dram_write_cs_address_100
20.605485886044335,422.368,503.315,422.368,0,0,100,100,1980,2619,49,0,0x0,r01_dram_write_cs_address_100
20.615631052001845,422.368,503.315,422.368,0,0,100,100,1980,2619,49,0,0x0,r01_dram_write_cs_address_100
20.625763151037972,460.641,503.315,460.641,0,0,100,100,1980,2619,49,0,0x0,r01_dram_write_cs_address_100
20.63589580002008,460.641,503.315,460.641,0,0,100,100,1980,2619,49,0,0x0,r01_dram_write_cs_address_100
20.64602746500168,460.641,503.315,460.641,0,0,100,100,1980,2619,49,0,0x0,r01_dram_write_cs_address_100
20.656163296021987,460.641,503.315,460.641,0,0,100,100,1980,2619,49,0,0x0,r01_dram_write_cs_address_100
20.666305203048978,460.641,503.315,460.641,0,0,100,100,1980,2619,49,0,0x0,r01_dram_write_cs_address_100
20.676440278009977,460.641,503.315,460.641,0,0,100,100,1980,2619,49,0,0x0,r01_dram_write_cs_address_100
20.68658267700812,460.641,503.315,460.641,0,0,100,100,1980,2619,49,0,0x0,r01_dram_write_cs_address_100
20.69671638699947,460.641,503.315,460.641,0,0,100,100,1980,2619,49,0,0x0,r01_dram_write_cs_address_100
20.70684690604685,460.641,503.315,460.641,0,0,100,100,1980,2619,49,0,0x0,r01_dram_write_cs_address_100
20.7169810430496,498.674,503.644,498.674,0,0,100,100,1980,2619,49,0,0x0,gap
20.727124220051337,498.674,503.644,498.674,0,0,100,100,1980,2619,49,0,0x0,gap
20.737255903019104,498.674,503.644,498.674,0,0,100,100,1980,2619,49,0,0x0,gap
20.747393216995988,498.674,503.644,498.674,0,0,100,100,1980,2619,49,0,0x0,gap
20.757522618048824,498.674,503.644,498.674,0,0,100,100,1980,2619,49,0,0x0,gap
20.76765397901181,498.674,503.644,498.674,0,0,100,100,1980,2619,49,0,0x0,gap
20.777784525009338,498.674,503.644,498.674,0,0,100,100,1980,2619,46,0,0x0,gap
20.78791978803929,498.674,503.644,498.674,0,0,100,100,1980,2619,46,0,0x0,gap
20.79805194301298,498.674,503.644,498.674,0,0,100,100,1980,2619,46,0,0x0,gap
20.808185543050058,498.674,503.644,498.674,0,0,100,100,1980,2619,46,0,0x0,gap
20.818317013035994,468.957,124.127,468.957,0,0,100,100,1980,2619,46,0,0x0,gap
20.82844654499786,468.957,124.127,468.957,0,0,100,100,1980,2619,46,0,0x0,gap
20.83860768203158,468.957,124.127,468.957,0,0,100,100,1980,2619,46,0,0x0,gap
20.848739255045075,468.957,124.127,468.957,0,0,59,70,1980,2619,46,0,0x0,gap
20.858869564021006,468.957,124.127,468.957,0,0,59,70,1980,2619,46,0,0x0,gap
20.86899985303171,468.957,124.127,468.957,0,0,59,70,1980,2619,46,0,0x0,gap
20.879131718014833,468.957,124.127,468.957,0,0,59,70,1980,2619,45,0,0x0,gap
20.88926484703552,468.957,124.127,468.957,0,0,59,70,1980,2619,45,0,0x0,gap
20.899395448039286,468.957,124.127,468.957,0,0,59,70,1980,2619,45,0,0x0,gap
20.90953243302647,468.957,124.127,468.957,0,0,59,70,1980,2619,45,0,0x0,gap
