sample_unix_ns,timestamp_text,power_w,power_draw_w,power_draw_average_w,power_draw_instant_w,power_limit_w,sm_clock_mhz,mem_clock_mhz,temp_c,pstate,util_gpu_pct,query_mode,raw
1780462126226006275,2026/06/03 04:48:46.246,60.88,60.88,,60.88,400.0,210.0,1593.0,30.0,P0,0.0,average_instant,"2026/06/03 04:48:46.246, 60.88, [N/A], 60.88, 400.00, 210, 1593, 30, P0, 0"
1780462126365482553,2026/06/03 04:48:46.400,61.76,61.76,,61.76,400.0,210.0,1593.0,30.0,P0,0.0,average_instant,"2026/06/03 04:48:46.400, 61.76, [N/A], 61.76, 400.00, 210, 1593, 30, P0, 0"
1780462126535598625,2026/06/03 04:48:46.556,66.95,66.95,,66.95,400.0,1155.0,1593.0,30.0,P0,0.0,average_instant,"2026/06/03 04:48:46.556, 66.95, [N/A], 66.95, 400.00, 1155, 1593, 30, P0, 0"
1780462126670595013,2026/06/03 04:48:46.690,73.48,73.48,,73.48,400.0,1155.0,1593.0,31.0,P0,3.0,average_instant,"2026/06/03 04:48:46.690, 73.48, [N/A], 73.48, 400.00, 1155, 1593, 31, P0, 3"
1780462126801151347,2026/06/03 04:48:46.820,73.48,73.48,,73.48,400.0,1410.0,1593.0,31.0,P0,3.0,average_instant,"2026/06/03 04:48:46.820, 73.48, [N/A], 73.48, 400.00, 1410, 1593, 31, P0, 3"
1780462126930401935,2026/06/03 04:48:46.949,93.99,93.99,,93.99,400.0,1410.0,1593.0,31.0,P0,3.0,average_instant,"2026/06/03 04:48:46.949, 93.99, [N/A], 93.99, 400.00, 1410, 1593, 31, P0, 3"
1780462127057629316,2026/06/03 04:48:47.077,94.09,94.09,,94.09,400.0,1410.0,1593.0,31.0,P0,3.0,average_instant,"2026/06/03 04:48:47.077, 94.09, [N/A], 94.09, 400.00, 1410, 1593, 31, P0, 3"
1780462127187636702,2026/06/03 04:48:47.207,94.32,94.32,,94.32,400.0,1410.0,1593.0,31.0,P0,3.0,average_instant,"2026/06/03 04:48:47.207, 94.32, [N/A], 94.32, 400.00, 1410, 1593, 31, P0, 3"
1780462127316985750,2026/06/03 04:48:47.336,94.42,94.42,,94.42,400.0,1410.0,1593.0,32.0,P0,3.0,average_instant,"2026/06/03 04:48:47.336, 94.42, [N/A], 94.42, 400.00, 1410, 1593, 32, P0, 3"
1780462127446000581,2026/06/03 04:48:47.465,94.42,94.42,,94.42,400.0,1410.0,1593.0,32.0,P0,3.0,average_instant,"2026/06/03 04:48:47.465, 94.42, [N/A], 94.42, 400.00, 1410, 1593, 32, P0, 3"
1780462127575600003,2026/06/03 04:48:47.595,94.32,94.32,,94.32,400.0,1410.0,1593.0,32.0,P0,100.0,average_instant,"2026/06/03 04:48:47.595, 94.32, [N/A], 94.32, 400.00, 1410, 1593, 32, P0, 100"
1780462127704953093,2026/06/03 04:48:47.724,94.32,94.32,,94.32,400.0,1410.0,1593.0,32.0,P0,100.0,average_instant,"2026/06/03 04:48:47.724, 94.32, [N/A], 94.32, 400.00, 1410, 1593, 32, P0, 100"
1780462127833856544,2026/06/03 04:48:47.853,94.42,94.42,,94.42,400.0,1410.0,1593.0,32.0,P0,100.0,average_instant,"2026/06/03 04:48:47.853, 94.42, [N/A], 94.42, 400.00, 1410, 1593, 32, P0, 100"
1780462127962670054,2026/06/03 04:48:47.981,94.42,94.42,,94.42,400.0,1410.0,1593.0,32.0,P0,100.0,average_instant,"2026/06/03 04:48:47.981, 94.42, [N/A], 94.42, 400.00, 1410, 1593, 32, P0, 100"
1780462128091464262,2026/06/03 04:48:48.111,94.42,94.42,,94.42,400.0,1410.0,1593.0,32.0,P0,100.0,average_instant,"2026/06/03 04:48:48.111, 94.42, [N/A], 94.42, 400.00, 1410, 1593, 32, P0, 100"
1780462128220257533,2026/06/03 04:48:48.239,94.42,94.42,,94.42,400.0,1410.0,1593.0,32.0,P0,100.0,average_instant,"2026/06/03 04:48:48.239, 94.42, [N/A], 94.42, 400.00, 1410, 1593, 32, P0, 100"
1780462128349065552,2026/06/03 04:48:48.368,94.32,94.32,,94.32,400.0,1410.0,1593.0,32.0,P0,100.0,average_instant,"2026/06/03 04:48:48.368, 94.32, [N/A], 94.32, 400.00, 1410, 1593, 32, P0, 100"
1780462128479029525,2026/06/03 04:48:48.498,94.42,94.42,,94.42,400.0,1410.0,1593.0,32.0,P0,100.0,average_instant,"2026/06/03 04:48:48.498, 94.42, [N/A], 94.42, 400.00, 1410, 1593, 32, P0, 100"
1780462128608768476,2026/06/03 04:48:48.628,94.32,94.32,,94.32,400.0,1410.0,1593.0,32.0,P0,100.0,average_instant,"2026/06/03 04:48:48.628, 94.32, [N/A], 94.32, 400.00, 1410, 1593, 32, P0, 100"
1780462128738974424,2026/06/03 04:48:48.758,94.42,94.42,,94.42,400.0,1410.0,1593.0,32.0,P0,100.0,average_instant,"2026/06/03 04:48:48.758, 94.42, [N/A], 94.42, 400.00, 1410, 1593, 32, P0, 100"
1780462128867759819,2026/06/03 04:48:48.887,94.42,94.42,,94.42,400.0,1410.0,1593.0,32.0,P0,100.0,average_instant,"2026/06/03 04:48:48.887, 94.42, [N/A], 94.42, 400.00, 1410, 1593, 32, P0, 100"
1780462128997336464,2026/06/03 04:48:49.017,94.32,94.32,,94.32,400.0,1410.0,1593.0,32.0,P0,100.0,average_instant,"2026/06/03 04:48:49.017, 94.32, [N/A], 94.32, 400.00, 1410, 1593, 32, P0, 100"
1780462129126307949,2026/06/03 04:48:49.145,94.32,94.32,,94.32,400.0,1410.0,1593.0,32.0,P0,100.0,average_instant,"2026/06/03 04:48:49.145, 94.32, [N/A], 94.32, 400.00, 1410, 1593, 32, P0, 100"
1780462129255111854,2026/06/03 04:48:49.275,94.76,94.76,,94.76,400.0,1410.0,1593.0,32.0,P0,100.0,average_instant,"2026/06/03 04:48:49.275, 94.76, [N/A], 94.76, 400.00, 1410, 1593, 32, P0, 100"
1780462129386150017,2026/06/03 04:48:49.406,94.66,94.66,,94.66,400.0,1410.0,1593.0,32.0,P0,100.0,average_instant,"2026/06/03 04:48:49.406, 94.66, [N/A], 94.66, 400.00, 1410, 1593, 32, P0, 100"
1780462129515565469,2026/06/03 04:48:49.535,94.76,94.76,,94.76,400.0,1410.0,1593.0,32.0,P0,100.0,average_instant,"2026/06/03 04:48:49.535, 94.76, [N/A], 94.76, 400.00, 1410, 1593, 32, P0, 100"
1780462129644989427,2026/06/03 04:48:49.664,94.66,94.66,,94.66,400.0,1410.0,1593.0,32.0,P0,100.0,average_instant,"2026/06/03 04:48:49.664, 94.66, [N/A], 94.66, 400.00, 1410, 1593, 32, P0, 100"
1780462129773211350,2026/06/03 04:48:49.792,94.32,94.32,,94.32,400.0,1410.0,1593.0,32.0,P0,100.0,average_instant,"2026/06/03 04:48:49.792, 94.32, [N/A], 94.32, 400.00, 1410, 1593, 32, P0, 100"
1780462129902768689,2026/06/03 04:48:49.922,94.42,94.42,,94.42,400.0,1410.0,1593.0,32.0,P0,100.0,average_instant,"2026/06/03 04:48:49.922, 94.42, [N/A], 94.42, 400.00, 1410, 1593, 32, P0, 100"
1780462130031427525,2026/06/03 04:48:50.050,94.32,94.32,,94.32,400.0,1410.0,1593.0,32.0,P0,100.0,average_instant,"2026/06/03 04:48:50.050, 94.32, [N/A], 94.32, 400.00, 1410, 1593, 32, P0, 100"
1780462130159660441,2026/06/03 04:48:50.179,94.66,94.66,,94.66,400.0,1410.0,1593.0,32.0,P0,100.0,average_instant,"2026/06/03 04:48:50.179, 94.66, [N/A], 94.66, 400.00, 1410, 1593, 32, P0, 100"
1780462130289720168,2026/06/03 04:48:50.309,94.66,94.66,,94.66,400.0,1410.0,1593.0,32.0,P0,100.0,average_instant,"2026/06/03 04:48:50.309, 94.66, [N/A], 94.66, 400.00, 1410, 1593, 32, P0, 100"
1780462130418389749,2026/06/03 04:48:50.438,94.76,94.76,,94.76,400.0,1410.0,1593.0,32.0,P0,100.0,average_instant,"2026/06/03 04:48:50.438, 94.76, [N/A], 94.76, 400.00, 1410, 1593, 32, P0, 100"
1780462130548897822,2026/06/03 04:48:50.568,94.76,94.76,,94.76,400.0,1410.0,1593.0,32.0,P0,100.0,average_instant,"2026/06/03 04:48:50.568, 94.76, [N/A], 94.76, 400.00, 1410, 1593, 32, P0, 100"
1780462130678006924,2026/06/03 04:48:50.697,94.76,94.76,,94.76,400.0,1410.0,1593.0,32.0,P0,100.0,average_instant,"2026/06/03 04:48:50.697, 94.76, [N/A], 94.76, 400.00, 1410, 1593, 32, P0, 100"
1780462130808264445,2026/06/03 04:48:50.828,94.76,94.76,,94.76,400.0,1410.0,1593.0,32.0,P0,100.0,average_instant,"2026/06/03 04:48:50.828, 94.76, [N/A], 94.76, 400.00, 1410, 1593, 32, P0, 100"
1780462130937336559,2026/06/03 04:48:50.956,94.66,94.66,,94.66,400.0,1410.0,1593.0,32.0,P0,100.0,average_instant,"2026/06/03 04:48:50.956, 94.66, [N/A], 94.66, 400.00, 1410, 1593, 32, P0, 100"
1780462131065863775,2026/06/03 04:48:51.085,94.76,94.76,,94.76,400.0,1410.0,1593.0,32.0,P0,100.0,average_instant,"2026/06/03 04:48:51.085, 94.76, [N/A], 94.76, 400.00, 1410, 1593, 32, P0, 100"
1780462131195919424,2026/06/03 04:48:51.215,94.66,94.66,,94.66,400.0,1410.0,1593.0,32.0,P0,100.0,average_instant,"2026/06/03 04:48:51.215, 94.66, [N/A], 94.66, 400.00, 1410, 1593, 32, P0, 100"
1780462131323969017,2026/06/03 04:48:51.342,94.66,94.66,,94.66,400.0,1410.0,1593.0,32.0,P0,100.0,average_instant,"2026/06/03 04:48:51.342, 94.66, [N/A], 94.66, 400.00, 1410, 1593, 32, P0, 100"
1780462131452395415,2026/06/03 04:48:51.472,94.66,94.66,,94.66,400.0,1410.0,1593.0,32.0,P0,100.0,average_instant,"2026/06/03 04:48:51.472, 94.66, [N/A], 94.66, 400.00, 1410, 1593, 32, P0, 100"
1780462131582805499,2026/06/03 04:48:51.602,94.66,94.66,,94.66,400.0,1410.0,1593.0,32.0,P0,100.0,average_instant,"2026/06/03 04:48:51.602, 94.66, [N/A], 94.66, 400.00, 1410, 1593, 32, P0, 100"
1780462131712716350,2026/06/03 04:48:51.731,94.76,94.76,,94.76,400.0,1410.0,1593.0,32.0,P0,100.0,average_instant,"2026/06/03 04:48:51.731, 94.76, [N/A], 94.76, 400.00, 1410, 1593, 32, P0, 100"
1780462131841218136,2026/06/03 04:48:51.860,94.66,94.66,,94.66,400.0,1410.0,1593.0,32.0,P0,100.0,average_instant,"2026/06/03 04:48:51.860, 94.66, [N/A], 94.66, 400.00, 1410, 1593, 32, P0, 100"
1780462131969467311,2026/06/03 04:48:51.989,94.66,94.66,,94.66,400.0,1410.0,1593.0,32.0,P0,100.0,average_instant,"2026/06/03 04:48:51.989, 94.66, [N/A], 94.66, 400.00, 1410, 1593, 32, P0, 100"
1780462132098905949,2026/06/03 04:48:52.118,94.76,94.76,,94.76,400.0,1410.0,1593.0,32.0,P0,100.0,average_instant,"2026/06/03 04:48:52.118, 94.76, [N/A], 94.76, 400.00, 1410, 1593, 32, P0, 100"
1780462132228026538,2026/06/03 04:48:52.247,94.76,94.76,,94.76,400.0,1410.0,1593.0,32.0,P0,100.0,average_instant,"2026/06/03 04:48:52.247, 94.76, [N/A], 94.76, 400.00, 1410, 1593, 32, P0, 100"
1780462132358184911,2026/06/03 04:48:52.378,94.66,94.66,,94.66,400.0,1410.0,1593.0,32.0,P0,100.0,average_instant,"2026/06/03 04:48:52.378, 94.66, [N/A], 94.66, 400.00, 1410, 1593, 32, P0, 100"
1780462132487757030,2026/06/03 04:48:52.507,94.76,94.76,,94.76,400.0,1410.0,1593.0,32.0,P0,100.0,average_instant,"2026/06/03 04:48:52.507, 94.76, [N/A], 94.76, 400.00, 1410, 1593, 32, P0, 100"
1780462132617748107,2026/06/03 04:48:52.636,94.66,94.66,,94.66,400.0,1410.0,1593.0,32.0,P0,100.0,average_instant,"2026/06/03 04:48:52.636, 94.66, [N/A], 94.66, 400.00, 1410, 1593, 32, P0, 100"
1780462132745540347,2026/06/03 04:48:52.765,94.76,94.76,,94.76,400.0,1410.0,1593.0,32.0,P0,100.0,average_instant,"2026/06/03 04:48:52.765, 94.76, [N/A], 94.76, 400.00, 1410, 1593, 32, P0, 100"
1780462132875257446,2026/06/03 04:48:52.895,94.76,94.76,,94.76,400.0,1410.0,1593.0,32.0,P0,100.0,average_instant,"2026/06/03 04:48:52.895, 94.76, [N/A], 94.76, 400.00, 1410, 1593, 32, P0, 100"
1780462133004863524,2026/06/03 04:48:53.023,94.66,94.66,,94.66,400.0,1410.0,1593.0,32.0,P0,100.0,average_instant,"2026/06/03 04:48:53.023, 94.66, [N/A], 94.66, 400.00, 1410, 1593, 32, P0, 100"
1780462133132824276,2026/06/03 04:48:53.152,94.76,94.76,,94.76,400.0,1410.0,1593.0,32.0,P0,100.0,average_instant,"2026/06/03 04:48:53.152, 94.76, [N/A], 94.76, 400.00, 1410, 1593, 32, P0, 100"
1780462133262388634,2026/06/03 04:48:53.282,94.76,94.76,,94.76,400.0,1410.0,1593.0,32.0,P0,100.0,average_instant,"2026/06/03 04:48:53.282, 94.76, [N/A], 94.76, 400.00, 1410, 1593, 32, P0, 100"
1780462133391245077,2026/06/03 04:48:53.410,94.76,94.76,,94.76,400.0,1410.0,1593.0,32.0,P0,100.0,average_instant,"2026/06/03 04:48:53.410, 94.76, [N/A], 94.76, 400.00, 1410, 1593, 32, P0, 100"
1780462133519627709,2026/06/03 04:48:53.539,94.76,94.76,,94.76,400.0,1410.0,1593.0,32.0,P0,100.0,average_instant,"2026/06/03 04:48:53.539, 94.76, [N/A], 94.76, 400.00, 1410, 1593, 32, P0, 100"
1780462133649062349,2026/06/03 04:48:53.668,94.66,94.66,,94.66,400.0,1410.0,1593.0,32.0,P0,100.0,average_instant,"2026/06/03 04:48:53.668, 94.66, [N/A], 94.66, 400.00, 1410, 1593, 32, P0, 100"
1780462133778937077,2026/06/03 04:48:53.798,94.76,94.76,,94.76,400.0,1410.0,1593.0,32.0,P0,100.0,average_instant,"2026/06/03 04:48:53.798, 94.76, [N/A], 94.76, 400.00, 1410, 1593, 32, P0, 100"
1780462133909716531,2026/06/03 04:48:53.929,94.76,94.76,,94.76,400.0,1410.0,1593.0,32.0,P0,100.0,average_instant,"2026/06/03 04:48:53.929, 94.76, [N/A], 94.76, 400.00, 1410, 1593, 32, P0, 100"
1780462134038891779,2026/06/03 04:48:54.058,94.66,94.66,,94.66,400.0,1410.0,1593.0,32.0,P0,100.0,average_instant,"2026/06/03 04:48:54.058, 94.66, [N/A], 94.66, 400.00, 1410, 1593, 32, P0, 100"
1780462134167621877,2026/06/03 04:48:54.187,94.66,94.66,,94.66,400.0,1410.0,1593.0,32.0,P0,100.0,average_instant,"2026/06/03 04:48:54.187, 94.66, [N/A], 94.66, 400.00, 1410, 1593, 32, P0, 100"
1780462134296197189,2026/06/03 04:48:54.315,94.66,94.66,,94.66,400.0,1410.0,1593.0,32.0,P0,100.0,average_instant,"2026/06/03 04:48:54.315, 94.66, [N/A], 94.66, 400.00, 1410, 1593, 32, P0, 100"
1780462134424987591,2026/06/03 04:48:54.445,94.76,94.76,,94.76,400.0,1410.0,1593.0,32.0,P0,100.0,average_instant,"2026/06/03 04:48:54.445, 94.76, [N/A], 94.76, 400.00, 1410, 1593, 32, P0, 100"
1780462134554051313,2026/06/03 04:48:54.573,94.66,94.66,,94.66,400.0,1410.0,1593.0,32.0,P0,100.0,average_instant,"2026/06/03 04:48:54.573, 94.66, [N/A], 94.66, 400.00, 1410, 1593, 32, P0, 100"
1780462134682568319,2026/06/03 04:48:54.702,94.76,94.76,,94.76,400.0,1410.0,1593.0,32.0,P0,100.0,average_instant,"2026/06/03 04:48:54.702, 94.76, [N/A], 94.76, 400.00, 1410, 1593, 32, P0, 100"
1780462134814412030,2026/06/03 04:48:54.834,94.66,94.66,,94.66,400.0,1410.0,1593.0,32.0,P0,100.0,average_instant,"2026/06/03 04:48:54.834, 94.66, [N/A], 94.66, 400.00, 1410, 1593, 32, P0, 100"
1780462134943178065,2026/06/03 04:48:54.962,94.76,94.76,,94.76,400.0,1410.0,1593.0,32.0,P0,100.0,average_instant,"2026/06/03 04:48:54.962, 94.76, [N/A], 94.76, 400.00, 1410, 1593, 32, P0, 100"
1780462135072672419,2026/06/03 04:48:55.092,94.76,94.76,,94.76,400.0,1410.0,1593.0,32.0,P0,100.0,average_instant,"2026/06/03 04:48:55.092, 94.76, [N/A], 94.76, 400.00, 1410, 1593, 32, P0, 100"
1780462135201375019,2026/06/03 04:48:55.220,94.76,94.76,,94.76,400.0,1410.0,1593.0,32.0,P0,100.0,average_instant,"2026/06/03 04:48:55.220, 94.76, [N/A], 94.76, 400.00, 1410, 1593, 32, P0, 100"
1780462135329721072,2026/06/03 04:48:55.349,94.66,94.66,,94.66,400.0,1410.0,1593.0,32.0,P0,100.0,average_instant,"2026/06/03 04:48:55.349, 94.66, [N/A], 94.66, 400.00, 1410, 1593, 32, P0, 100"
1780462135457936787,2026/06/03 04:48:55.476,94.76,94.76,,94.76,400.0,1410.0,1593.0,32.0,P0,100.0,average_instant,"2026/06/03 04:48:55.476, 94.76, [N/A], 94.76, 400.00, 1410, 1593, 32, P0, 100"
1780462135584983561,2026/06/03 04:48:55.603,94.66,94.66,,94.66,400.0,1410.0,1593.0,32.0,P0,100.0,average_instant,"2026/06/03 04:48:55.603, 94.66, [N/A], 94.66, 400.00, 1410, 1593, 32, P0, 100"
1780462135712294234,2026/06/03 04:48:55.731,94.76,94.76,,94.76,400.0,1410.0,1593.0,32.0,P0,100.0,average_instant,"2026/06/03 04:48:55.731, 94.76, [N/A], 94.76, 400.00, 1410, 1593, 32, P0, 100"
1780462135840646439,2026/06/03 04:48:55.859,94.66,94.66,,94.66,400.0,1410.0,1593.0,32.0,P0,100.0,average_instant,"2026/06/03 04:48:55.859, 94.66, [N/A], 94.66, 400.00, 1410, 1593, 32, P0, 100"
1780462135969300138,2026/06/03 04:48:55.988,94.76,94.76,,94.76,400.0,1410.0,1593.0,32.0,P0,100.0,average_instant,"2026/06/03 04:48:55.988, 94.76, [N/A], 94.76, 400.00, 1410, 1593, 32, P0, 100"
1780462136098364441,2026/06/03 04:48:56.117,94.66,94.66,,94.66,400.0,1410.0,1593.0,32.0,P0,100.0,average_instant,"2026/06/03 04:48:56.117, 94.66, [N/A], 94.66, 400.00, 1410, 1593, 32, P0, 100"
1780462136226760280,2026/06/03 04:48:56.246,94.76,94.76,,94.76,400.0,1410.0,1593.0,32.0,P0,100.0,average_instant,"2026/06/03 04:48:56.246, 94.76, [N/A], 94.76, 400.00, 1410, 1593, 32, P0, 100"
1780462136355446101,2026/06/03 04:48:56.374,94.66,94.66,,94.66,400.0,1410.0,1593.0,32.0,P0,100.0,average_instant,"2026/06/03 04:48:56.374, 94.66, [N/A], 94.66, 400.00, 1410, 1593, 32, P0, 100"
1780462136483901639,2026/06/03 04:48:56.503,94.76,94.76,,94.76,400.0,1410.0,1593.0,32.0,P0,100.0,average_instant,"2026/06/03 04:48:56.503, 94.76, [N/A], 94.76, 400.00, 1410, 1593, 32, P0, 100"
1780462136612795400,2026/06/03 04:48:56.631,94.66,94.66,,94.66,400.0,1410.0,1593.0,32.0,P0,100.0,average_instant,"2026/06/03 04:48:56.631, 94.66, [N/A], 94.66, 400.00, 1410, 1593, 32, P0, 100"
1780462136740993202,2026/06/03 04:48:56.760,94.66,94.66,,94.66,400.0,1410.0,1593.0,32.0,P0,100.0,average_instant,"2026/06/03 04:48:56.760, 94.66, [N/A], 94.66, 400.00, 1410, 1593, 32, P0, 100"
1780462136869107359,2026/06/03 04:48:56.888,94.76,94.76,,94.76,400.0,1410.0,1593.0,32.0,P0,100.0,average_instant,"2026/06/03 04:48:56.888, 94.76, [N/A], 94.76, 400.00, 1410, 1593, 32, P0, 100"
1780462136997101438,2026/06/03 04:48:57.016,94.76,94.76,,94.76,400.0,1410.0,1593.0,32.0,P0,100.0,average_instant,"2026/06/03 04:48:57.016, 94.76, [N/A], 94.76, 400.00, 1410, 1593, 32, P0, 100"
1780462137127388359,2026/06/03 04:48:57.147,94.76,94.76,,94.76,400.0,1410.0,1593.0,32.0,P0,100.0,average_instant,"2026/06/03 04:48:57.147, 94.76, [N/A], 94.76, 400.00, 1410, 1593, 32, P0, 100"
1780462137255908498,2026/06/03 04:48:57.275,94.66,94.66,,94.66,400.0,1410.0,1593.0,32.0,P0,100.0,average_instant,"2026/06/03 04:48:57.275, 94.66, [N/A], 94.66, 400.00, 1410, 1593, 32, P0, 100"
1780462137384695487,2026/06/03 04:48:57.404,94.76,94.76,,94.76,400.0,1410.0,1593.0,32.0,P0,100.0,average_instant,"2026/06/03 04:48:57.404, 94.76, [N/A], 94.76, 400.00, 1410, 1593, 32, P0, 100"
1780462137513599097,2026/06/03 04:48:57.533,94.66,94.66,,94.66,400.0,1410.0,1593.0,32.0,P0,100.0,average_instant,"2026/06/03 04:48:57.533, 94.66, [N/A], 94.66, 400.00, 1410, 1593, 32, P0, 100"
1780462137642634686,2026/06/03 04:48:57.661,94.76,94.76,,94.76,400.0,1410.0,1593.0,32.0,P0,100.0,average_instant,"2026/06/03 04:48:57.661, 94.76, [N/A], 94.76, 400.00, 1410, 1593, 32, P0, 100"
1780462137770951678,2026/06/03 04:48:57.790,94.66,94.66,,94.66,400.0,1410.0,1593.0,32.0,P0,100.0,average_instant,"2026/06/03 04:48:57.790, 94.66, [N/A], 94.66, 400.00, 1410, 1593, 32, P0, 100"
1780462137899966082,2026/06/03 04:48:57.919,94.76,94.76,,94.76,400.0,1410.0,1593.0,32.0,P0,100.0,average_instant,"2026/06/03 04:48:57.919, 94.76, [N/A], 94.76, 400.00, 1410, 1593, 32, P0, 100"
1780462138029785551,2026/06/03 04:48:58.049,94.66,94.66,,94.66,400.0,1410.0,1593.0,32.0,P0,100.0,average_instant,"2026/06/03 04:48:58.049, 94.66, [N/A], 94.66, 400.00, 1410, 1593, 32, P0, 100"
1780462138158994965,2026/06/03 04:48:58.179,94.76,94.76,,94.76,400.0,1410.0,1593.0,32.0,P0,100.0,average_instant,"2026/06/03 04:48:58.179, 94.76, [N/A], 94.76, 400.00, 1410, 1593, 32, P0, 100"
1780462138288191670,2026/06/03 04:48:58.307,94.76,94.76,,94.76,400.0,1410.0,1593.0,32.0,P0,100.0,average_instant,"2026/06/03 04:48:58.307, 94.76, [N/A], 94.76, 400.00, 1410, 1593, 32, P0, 100"
1780462138416854071,2026/06/03 04:48:58.436,94.76,94.76,,94.76,400.0,1410.0,1593.0,32.0,P0,100.0,average_instant,"2026/06/03 04:48:58.436, 94.76, [N/A], 94.76, 400.00, 1410, 1593, 32, P0, 100"
1780462138545572391,2026/06/03 04:48:58.564,94.76,94.76,,94.76,400.0,1410.0,1593.0,32.0,P0,100.0,average_instant,"2026/06/03 04:48:58.564, 94.76, [N/A], 94.76, 400.00, 1410, 1593, 32, P0, 100"
1780462138674962550,2026/06/03 04:48:58.694,94.76,94.76,,94.76,400.0,1410.0,1593.0,32.0,P0,100.0,average_instant,"2026/06/03 04:48:58.694, 94.76, [N/A], 94.76, 400.00, 1410, 1593, 32, P0, 100"
1780462138803879706,2026/06/03 04:48:58.824,94.76,94.76,,94.76,400.0,1410.0,1593.0,32.0,P0,100.0,average_instant,"2026/06/03 04:48:58.824, 94.76, [N/A], 94.76, 400.00, 1410, 1593, 32, P0, 100"
1780462138934159287,2026/06/03 04:48:58.954,94.66,94.66,,94.66,400.0,1410.0,1593.0,32.0,P0,100.0,average_instant,"2026/06/03 04:48:58.954, 94.66, [N/A], 94.66, 400.00, 1410, 1593, 32, P0, 100"
1780462139063790374,2026/06/03 04:48:59.083,94.76,94.76,,94.76,400.0,1410.0,1593.0,32.0,P0,100.0,average_instant,"2026/06/03 04:48:59.083, 94.76, [N/A], 94.76, 400.00, 1410, 1593, 32, P0, 100"
1780462139192143804,2026/06/03 04:48:59.211,94.76,94.76,,94.76,400.0,1410.0,1593.0,32.0,P0,100.0,average_instant,"2026/06/03 04:48:59.211, 94.76, [N/A], 94.76, 400.00, 1410, 1593, 32, P0, 100"
1780462139321600782,2026/06/03 04:48:59.340,94.76,94.76,,94.76,400.0,1410.0,1593.0,32.0,P0,100.0,average_instant,"2026/06/03 04:48:59.340, 94.76, [N/A], 94.76, 400.00, 1410, 1593, 32, P0, 100"
1780462139449515427,2026/06/03 04:48:59.468,94.66,94.66,,94.66,400.0,1410.0,1593.0,33.0,P0,100.0,average_instant,"2026/06/03 04:48:59.468, 94.66, [N/A], 94.66, 400.00, 1410, 1593, 33, P0, 100"
1780462139580093472,2026/06/03 04:48:59.599,94.66,94.66,,94.66,400.0,1410.0,1593.0,33.0,P0,100.0,average_instant,"2026/06/03 04:48:59.599, 94.66, [N/A], 94.66, 400.00, 1410, 1593, 33, P0, 100"
1780462139708355743,2026/06/03 04:48:59.727,94.66,94.66,,94.66,400.0,1410.0,1593.0,32.0,P0,100.0,average_instant,"2026/06/03 04:48:59.727, 94.66, [N/A], 94.66, 400.00, 1410, 1593, 32, P0, 100"
1780462139836488907,2026/06/03 04:48:59.856,94.66,94.66,,94.66,400.0,1410.0,1593.0,32.0,P0,100.0,average_instant,"2026/06/03 04:48:59.856, 94.66, [N/A], 94.66, 400.00, 1410, 1593, 32, P0, 100"
1780462139965501896,2026/06/03 04:48:59.985,94.76,94.76,,94.76,400.0,1410.0,1593.0,33.0,P0,100.0,average_instant,"2026/06/03 04:48:59.985, 94.76, [N/A], 94.76, 400.00, 1410, 1593, 33, P0, 100"
1780462140094199888,2026/06/03 04:49:00.113,94.76,94.76,,94.76,400.0,1410.0,1593.0,33.0,P0,100.0,average_instant,"2026/06/03 04:49:00.113, 94.76, [N/A], 94.76, 400.00, 1410, 1593, 33, P0, 100"
1780462140223450848,2026/06/03 04:49:00.242,94.66,94.66,,94.66,400.0,1410.0,1593.0,33.0,P0,100.0,average_instant,"2026/06/03 04:49:00.242, 94.66, [N/A], 94.66, 400.00, 1410, 1593, 33, P0, 100"
1780462140351287182,2026/06/03 04:49:00.371,94.76,94.76,,94.76,400.0,1410.0,1593.0,33.0,P0,100.0,average_instant,"2026/06/03 04:49:00.371, 94.76, [N/A], 94.76, 400.00, 1410, 1593, 33, P0, 100"
1780462140482517624,2026/06/03 04:49:00.502,94.66,94.66,,94.66,400.0,1410.0,1593.0,33.0,P0,100.0,average_instant,"2026/06/03 04:49:00.502, 94.66, [N/A], 94.66, 400.00, 1410, 1593, 33, P0, 100"
1780462140611351366,2026/06/03 04:49:00.630,94.76,94.76,,94.76,400.0,1410.0,1593.0,33.0,P0,100.0,average_instant,"2026/06/03 04:49:00.630, 94.76, [N/A], 94.76, 400.00, 1410, 1593, 33, P0, 100"
1780462140739281854,2026/06/03 04:49:00.758,94.76,94.76,,94.76,400.0,1410.0,1593.0,33.0,P0,100.0,average_instant,"2026/06/03 04:49:00.758, 94.76, [N/A], 94.76, 400.00, 1410, 1593, 33, P0, 100"
1780462140868406161,2026/06/03 04:49:00.888,94.66,94.66,,94.66,400.0,1410.0,1593.0,33.0,P0,100.0,average_instant,"2026/06/03 04:49:00.888, 94.66, [N/A], 94.66, 400.00, 1410, 1593, 33, P0, 100"
1780462140997342290,2026/06/03 04:49:01.017,94.76,94.76,,94.76,400.0,1410.0,1593.0,33.0,P0,100.0,average_instant,"2026/06/03 04:49:01.017, 94.76, [N/A], 94.76, 400.00, 1410, 1593, 33, P0, 100"
1780462141126887880,2026/06/03 04:49:01.146,94.66,94.66,,94.66,400.0,1410.0,1593.0,33.0,P0,100.0,average_instant,"2026/06/03 04:49:01.146, 94.66, [N/A], 94.66, 400.00, 1410, 1593, 33, P0, 100"
1780462141255676259,2026/06/03 04:49:01.275,94.76,94.76,,94.76,400.0,1410.0,1593.0,33.0,P0,100.0,average_instant,"2026/06/03 04:49:01.275, 94.76, [N/A], 94.76, 400.00, 1410, 1593, 33, P0, 100"
1780462141384464528,2026/06/03 04:49:01.403,94.76,94.76,,94.76,400.0,1410.0,1593.0,33.0,P0,100.0,average_instant,"2026/06/03 04:49:01.403, 94.76, [N/A], 94.76, 400.00, 1410, 1593, 33, P0, 100"
1780462141512569311,2026/06/03 04:49:01.532,94.76,94.76,,94.76,400.0,1410.0,1593.0,33.0,P0,100.0,average_instant,"2026/06/03 04:49:01.532, 94.76, [N/A], 94.76, 400.00, 1410, 1593, 33, P0, 100"
1780462141640973553,2026/06/03 04:49:01.660,94.76,94.76,,94.76,400.0,1410.0,1593.0,33.0,P0,100.0,average_instant,"2026/06/03 04:49:01.660, 94.76, [N/A], 94.76, 400.00, 1410, 1593, 33, P0, 100"
1780462141769567616,2026/06/03 04:49:01.788,94.66,94.66,,94.66,400.0,1410.0,1593.0,33.0,P0,100.0,average_instant,"2026/06/03 04:49:01.788, 94.66, [N/A], 94.66, 400.00, 1410, 1593, 33, P0, 100"
1780462141897810543,2026/06/03 04:49:01.917,94.66,94.66,,94.66,400.0,1410.0,1593.0,33.0,P0,100.0,average_instant,"2026/06/03 04:49:01.917, 94.66, [N/A], 94.66, 400.00, 1410, 1593, 33, P0, 100"
1780462142026779003,2026/06/03 04:49:02.046,94.66,94.66,,94.66,400.0,1410.0,1593.0,33.0,P0,100.0,average_instant,"2026/06/03 04:49:02.046, 94.66, [N/A], 94.66, 400.00, 1410, 1593, 33, P0, 100"
1780462142156582274,2026/06/03 04:49:02.175,94.66,94.66,,94.66,400.0,1410.0,1593.0,33.0,P0,100.0,average_instant,"2026/06/03 04:49:02.175, 94.66, [N/A], 94.66, 400.00, 1410, 1593, 33, P0, 100"
1780462142284639355,2026/06/03 04:49:02.304,94.76,94.76,,94.76,400.0,1410.0,1593.0,33.0,P0,100.0,average_instant,"2026/06/03 04:49:02.304, 94.76, [N/A], 94.76, 400.00, 1410, 1593, 33, P0, 100"
1780462142412921254,2026/06/03 04:49:02.432,94.76,94.76,,94.76,400.0,1410.0,1593.0,33.0,P0,100.0,average_instant,"2026/06/03 04:49:02.432, 94.76, [N/A], 94.76, 400.00, 1410, 1593, 33, P0, 100"
1780462142541865265,2026/06/03 04:49:02.561,94.76,94.76,,94.76,400.0,1410.0,1593.0,33.0,P0,100.0,average_instant,"2026/06/03 04:49:02.561, 94.76, [N/A], 94.76, 400.00, 1410, 1593, 33, P0, 100"
1780462142670203510,2026/06/03 04:49:02.689,94.66,94.66,,94.66,400.0,1410.0,1593.0,33.0,P0,100.0,average_instant,"2026/06/03 04:49:02.689, 94.66, [N/A], 94.66, 400.00, 1410, 1593, 33, P0, 100"
1780462142799072540,2026/06/03 04:49:02.818,94.66,94.66,,94.66,400.0,1410.0,1593.0,33.0,P0,100.0,average_instant,"2026/06/03 04:49:02.818, 94.66, [N/A], 94.66, 400.00, 1410, 1593, 33, P0, 100"
1780462142927789116,2026/06/03 04:49:02.947,94.76,94.76,,94.76,400.0,1410.0,1593.0,33.0,P0,100.0,average_instant,"2026/06/03 04:49:02.947, 94.76, [N/A], 94.76, 400.00, 1410, 1593, 33, P0, 100"
1780462143056173691,2026/06/03 04:49:03.075,94.76,94.76,,94.76,400.0,1410.0,1593.0,33.0,P0,100.0,average_instant,"2026/06/03 04:49:03.075, 94.76, [N/A], 94.76, 400.00, 1410, 1593, 33, P0, 100"
1780462143186476339,2026/06/03 04:49:03.205,94.76,94.76,,94.76,400.0,1410.0,1593.0,33.0,P0,100.0,average_instant,"2026/06/03 04:49:03.205, 94.76, [N/A], 94.76, 400.00, 1410, 1593, 33, P0, 100"
1780462143315109438,2026/06/03 04:49:03.334,94.66,94.66,,94.66,400.0,1410.0,1593.0,33.0,P0,100.0,average_instant,"2026/06/03 04:49:03.334, 94.66, [N/A], 94.66, 400.00, 1410, 1593, 33, P0, 100"
1780462143444838035,2026/06/03 04:49:03.464,94.66,94.66,,94.66,400.0,1410.0,1593.0,33.0,P0,100.0,average_instant,"2026/06/03 04:49:03.464, 94.66, [N/A], 94.66, 400.00, 1410, 1593, 33, P0, 100"
1780462143573442323,2026/06/03 04:49:03.592,94.76,94.76,,94.76,400.0,1410.0,1593.0,33.0,P0,100.0,average_instant,"2026/06/03 04:49:03.592, 94.76, [N/A], 94.76, 400.00, 1410, 1593, 33, P0, 100"
1780462143701063650,2026/06/03 04:49:03.720,94.66,94.66,,94.66,400.0,1410.0,1593.0,33.0,P0,100.0,average_instant,"2026/06/03 04:49:03.720, 94.66, [N/A], 94.66, 400.00, 1410, 1593, 33, P0, 100"
1780462143829521047,2026/06/03 04:49:03.849,94.66,94.66,,94.66,400.0,1410.0,1593.0,33.0,P0,100.0,average_instant,"2026/06/03 04:49:03.849, 94.66, [N/A], 94.66, 400.00, 1410, 1593, 33, P0, 100"
1780462143958859246,2026/06/03 04:49:03.978,94.66,94.66,,94.66,400.0,1410.0,1593.0,33.0,P0,100.0,average_instant,"2026/06/03 04:49:03.978, 94.66, [N/A], 94.66, 400.00, 1410, 1593, 33, P0, 100"
1780462144088507212,2026/06/03 04:49:04.108,94.76,94.76,,94.76,400.0,1410.0,1593.0,33.0,P0,100.0,average_instant,"2026/06/03 04:49:04.108, 94.76, [N/A], 94.76, 400.00, 1410, 1593, 33, P0, 100"
1780462144217510624,2026/06/03 04:49:04.237,94.76,94.76,,94.76,400.0,1410.0,1593.0,33.0,P0,100.0,average_instant,"2026/06/03 04:49:04.237, 94.76, [N/A], 94.76, 400.00, 1410, 1593, 33, P0, 100"
1780462144346701819,2026/06/03 04:49:04.365,94.76,94.76,,94.76,400.0,1410.0,1593.0,33.0,P0,100.0,average_instant,"2026/06/03 04:49:04.365, 94.76, [N/A], 94.76, 400.00, 1410, 1593, 33, P0, 100"
1780462144474271759,2026/06/03 04:49:04.493,94.66,94.66,,94.66,400.0,1410.0,1593.0,33.0,P0,100.0,average_instant,"2026/06/03 04:49:04.493, 94.66, [N/A], 94.66, 400.00, 1410, 1593, 33, P0, 100"
1780462144603159173,2026/06/03 04:49:04.622,94.66,94.66,,94.66,400.0,1410.0,1593.0,33.0,P0,100.0,average_instant,"2026/06/03 04:49:04.622, 94.66, [N/A], 94.66, 400.00, 1410, 1593, 33, P0, 100"
1780462144733653807,2026/06/03 04:49:04.753,94.76,94.76,,94.76,400.0,1410.0,1593.0,33.0,P0,100.0,average_instant,"2026/06/03 04:49:04.753, 94.76, [N/A], 94.76, 400.00, 1410, 1593, 33, P0, 100"
1780462144862296129,2026/06/03 04:49:04.881,94.76,94.76,,94.76,400.0,1410.0,1593.0,33.0,P0,100.0,average_instant,"2026/06/03 04:49:04.881, 94.76, [N/A], 94.76, 400.00, 1410, 1593, 33, P0, 100"
1780462144991706268,2026/06/03 04:49:05.011,94.76,94.76,,94.76,400.0,1410.0,1593.0,33.0,P0,100.0,average_instant,"2026/06/03 04:49:05.011, 94.76, [N/A], 94.76, 400.00, 1410, 1593, 33, P0, 100"
1780462145120965957,2026/06/03 04:49:05.140,94.76,94.76,,94.76,400.0,1410.0,1593.0,33.0,P0,100.0,average_instant,"2026/06/03 04:49:05.140, 94.76, [N/A], 94.76, 400.00, 1410, 1593, 33, P0, 100"
1780462145249623551,2026/06/03 04:49:05.269,94.76,94.76,,94.76,400.0,1410.0,1593.0,33.0,P0,100.0,average_instant,"2026/06/03 04:49:05.269, 94.76, [N/A], 94.76, 400.00, 1410, 1593, 33, P0, 100"
1780462145380027531,2026/06/03 04:49:05.399,94.76,94.76,,94.76,400.0,1410.0,1593.0,33.0,P0,100.0,average_instant,"2026/06/03 04:49:05.399, 94.76, [N/A], 94.76, 400.00, 1410, 1593, 33, P0, 100"
1780462145508838576,2026/06/03 04:49:05.527,94.66,94.66,,94.66,400.0,1410.0,1593.0,33.0,P0,100.0,average_instant,"2026/06/03 04:49:05.527, 94.66, [N/A], 94.66, 400.00, 1410, 1593, 33, P0, 100"
1780462145638148363,2026/06/03 04:49:05.657,94.66,94.66,,94.66,400.0,1410.0,1593.0,33.0,P0,100.0,average_instant,"2026/06/03 04:49:05.657, 94.66, [N/A], 94.66, 400.00, 1410, 1593, 33, P0, 100"
1780462145766442744,2026/06/03 04:49:05.786,94.66,94.66,,94.66,400.0,1410.0,1593.0,33.0,P0,100.0,average_instant,"2026/06/03 04:49:05.786, 94.66, [N/A], 94.66, 400.00, 1410, 1593, 33, P0, 100"
1780462145896587652,2026/06/03 04:49:05.916,94.76,94.76,,94.76,400.0,1410.0,1593.0,33.0,P0,100.0,average_instant,"2026/06/03 04:49:05.916, 94.76, [N/A], 94.76, 400.00, 1410, 1593, 33, P0, 100"
1780462146024833623,2026/06/03 04:49:06.044,94.76,94.76,,94.76,400.0,1410.0,1593.0,33.0,P0,100.0,average_instant,"2026/06/03 04:49:06.044, 94.76, [N/A], 94.76, 400.00, 1410, 1593, 33, P0, 100"
1780462146153431602,2026/06/03 04:49:06.173,94.76,94.76,,94.76,400.0,1410.0,1593.0,33.0,P0,100.0,average_instant,"2026/06/03 04:49:06.173, 94.76, [N/A], 94.76, 400.00, 1410, 1593, 33, P0, 100"
1780462146287792835,2026/06/03 04:49:06.307,94.76,94.76,,94.76,400.0,1410.0,1593.0,33.0,P0,100.0,average_instant,"2026/06/03 04:49:06.307, 94.76, [N/A], 94.76, 400.00, 1410, 1593, 33, P0, 100"
1780462146416977938,2026/06/03 04:49:06.436,94.66,94.66,,94.66,400.0,1410.0,1593.0,33.0,P0,100.0,average_instant,"2026/06/03 04:49:06.436, 94.66, [N/A], 94.66, 400.00, 1410, 1593, 33, P0, 100"
1780462146545540851,2026/06/03 04:49:06.565,94.76,94.76,,94.76,400.0,1410.0,1593.0,33.0,P0,100.0,average_instant,"2026/06/03 04:49:06.565, 94.76, [N/A], 94.76, 400.00, 1410, 1593, 33, P0, 100"
1780462146674237581,2026/06/03 04:49:06.694,94.76,94.76,,94.76,400.0,1410.0,1593.0,33.0,P0,100.0,average_instant,"2026/06/03 04:49:06.694, 94.76, [N/A], 94.76, 400.00, 1410, 1593, 33, P0, 100"
1780462146804681645,2026/06/03 04:49:06.824,94.66,94.66,,94.66,400.0,1410.0,1593.0,33.0,P0,100.0,average_instant,"2026/06/03 04:49:06.824, 94.66, [N/A], 94.66, 400.00, 1410, 1593, 33, P0, 100"
1780462146932848986,2026/06/03 04:49:06.952,94.76,94.76,,94.76,400.0,1410.0,1593.0,33.0,P0,100.0,average_instant,"2026/06/03 04:49:06.952, 94.76, [N/A], 94.76, 400.00, 1410, 1593, 33, P0, 100"
1780462147061461931,2026/06/03 04:49:07.080,94.66,94.66,,94.66,400.0,1410.0,1593.0,33.0,P0,100.0,average_instant,"2026/06/03 04:49:07.080, 94.66, [N/A], 94.66, 400.00, 1410, 1593, 33, P0, 100"
1780462147189949429,2026/06/03 04:49:07.209,94.76,94.76,,94.76,400.0,1410.0,1593.0,33.0,P0,100.0,average_instant,"2026/06/03 04:49:07.209, 94.76, [N/A], 94.76, 400.00, 1410, 1593, 33, P0, 100"
1780462147318814789,2026/06/03 04:49:07.339,94.76,94.76,,94.76,400.0,1410.0,1593.0,33.0,P0,100.0,average_instant,"2026/06/03 04:49:07.339, 94.76, [N/A], 94.76, 400.00, 1410, 1593, 33, P0, 100"
1780462147449695311,2026/06/03 04:49:07.469,94.76,94.76,,94.76,400.0,1410.0,1593.0,33.0,P0,100.0,average_instant,"2026/06/03 04:49:07.469, 94.76, [N/A], 94.76, 400.00, 1410, 1593, 33, P0, 100"
1780462147578259358,2026/06/03 04:49:07.597,94.76,94.76,,94.76,400.0,1410.0,1593.0,33.0,P0,100.0,average_instant,"2026/06/03 04:49:07.597, 94.76, [N/A], 94.76, 400.00, 1410, 1593, 33, P0, 100"
1780462147707847076,2026/06/03 04:49:07.727,94.76,94.76,,94.76,400.0,1410.0,1593.0,33.0,P0,100.0,average_instant,"2026/06/03 04:49:07.727, 94.76, [N/A], 94.76, 400.00, 1410, 1593, 33, P0, 100"
1780462147836379022,2026/06/03 04:49:07.855,94.76,94.76,,94.76,400.0,1410.0,1593.0,33.0,P0,100.0,average_instant,"2026/06/03 04:49:07.855, 94.76, [N/A], 94.76, 400.00, 1410, 1593, 33, P0, 100"
1780462147964881090,2026/06/03 04:49:07.984,94.76,94.76,,94.76,400.0,1410.0,1593.0,33.0,P0,100.0,average_instant,"2026/06/03 04:49:07.984, 94.76, [N/A], 94.76, 400.00, 1410, 1593, 33, P0, 100"
1780462148094369950,2026/06/03 04:49:08.113,94.66,94.66,,94.66,400.0,1410.0,1593.0,33.0,P0,100.0,average_instant,"2026/06/03 04:49:08.113, 94.66, [N/A], 94.66, 400.00, 1410, 1593, 33, P0, 100"
1780462148222516504,2026/06/03 04:49:08.241,94.76,94.76,,94.76,400.0,1410.0,1593.0,33.0,P0,100.0,average_instant,"2026/06/03 04:49:08.241, 94.76, [N/A], 94.76, 400.00, 1410, 1593, 33, P0, 100"
1780462148351148742,2026/06/03 04:49:08.370,94.76,94.76,,94.76,400.0,1410.0,1593.0,33.0,P0,100.0,average_instant,"2026/06/03 04:49:08.370, 94.76, [N/A], 94.76, 400.00, 1410, 1593, 33, P0, 100"
1780462148480470423,2026/06/03 04:49:08.500,94.76,94.76,,94.76,400.0,1410.0,1593.0,33.0,P0,100.0,average_instant,"2026/06/03 04:49:08.500, 94.76, [N/A], 94.76, 400.00, 1410, 1593, 33, P0, 100"
1780462148609338679,2026/06/03 04:49:08.628,94.66,94.66,,94.66,400.0,1410.0,1593.0,33.0,P0,100.0,average_instant,"2026/06/03 04:49:08.628, 94.66, [N/A], 94.66, 400.00, 1410, 1593, 33, P0, 100"
1780462148737681099,2026/06/03 04:49:08.757,94.76,94.76,,94.76,400.0,1410.0,1593.0,33.0,P0,100.0,average_instant,"2026/06/03 04:49:08.757, 94.76, [N/A], 94.76, 400.00, 1410, 1593, 33, P0, 100"
1780462148866967613,2026/06/03 04:49:08.886,94.93,94.93,,94.93,400.0,1410.0,1593.0,33.0,P0,100.0,average_instant,"2026/06/03 04:49:08.886, 94.93, [N/A], 94.93, 400.00, 1410, 1593, 33, P0, 100"
1780462148998726084,2026/06/03 04:49:09.018,94.66,94.66,,94.66,400.0,1410.0,1593.0,33.0,P0,100.0,average_instant,"2026/06/03 04:49:09.018, 94.66, [N/A], 94.66, 400.00, 1410, 1593, 33, P0, 100"
1780462149128736737,2026/06/03 04:49:09.148,94.76,94.76,,94.76,400.0,1410.0,1593.0,33.0,P0,100.0,average_instant,"2026/06/03 04:49:09.148, 94.76, [N/A], 94.76, 400.00, 1410, 1593, 33, P0, 100"
1780462149260896493,2026/06/03 04:49:09.280,94.76,94.76,,94.76,400.0,1410.0,1593.0,33.0,P0,100.0,average_instant,"2026/06/03 04:49:09.280, 94.76, [N/A], 94.76, 400.00, 1410, 1593, 33, P0, 100"
1780462149390041038,2026/06/03 04:49:09.409,95.03,95.03,,95.03,400.0,1410.0,1593.0,33.0,P0,100.0,average_instant,"2026/06/03 04:49:09.409, 95.03, [N/A], 95.03, 400.00, 1410, 1593, 33, P0, 100"
1780462149519713585,2026/06/03 04:49:09.539,95.03,95.03,,95.03,400.0,1410.0,1593.0,33.0,P0,100.0,average_instant,"2026/06/03 04:49:09.539, 95.03, [N/A], 95.03, 400.00, 1410, 1593, 33, P0, 100"
1780462149649031817,2026/06/03 04:49:09.668,95.03,95.03,,95.03,400.0,1410.0,1593.0,33.0,P0,100.0,average_instant,"2026/06/03 04:49:09.668, 95.03, [N/A], 95.03, 400.00, 1410, 1593, 33, P0, 100"
1780462149778456975,2026/06/03 04:49:09.798,94.93,94.93,,94.93,400.0,1410.0,1593.0,33.0,P0,100.0,average_instant,"2026/06/03 04:49:09.798, 94.93, [N/A], 94.93, 400.00, 1410, 1593, 33, P0, 100"
1780462149907542181,2026/06/03 04:49:09.927,94.93,94.93,,94.93,400.0,1410.0,1593.0,33.0,P0,100.0,average_instant,"2026/06/03 04:49:09.927, 94.93, [N/A], 94.93, 400.00, 1410, 1593, 33, P0, 100"
1780462150036180294,2026/06/03 04:49:10.056,94.76,94.76,,94.76,400.0,1410.0,1593.0,33.0,P0,100.0,average_instant,"2026/06/03 04:49:10.056, 94.76, [N/A], 94.76, 400.00, 1410, 1593, 33, P0, 100"
1780462150165816836,2026/06/03 04:49:10.186,95.03,95.03,,95.03,400.0,1410.0,1593.0,33.0,P0,100.0,average_instant,"2026/06/03 04:49:10.186, 95.03, [N/A], 95.03, 400.00, 1410, 1593, 33, P0, 100"
1780462150295226388,2026/06/03 04:49:10.315,95.03,95.03,,95.03,400.0,1410.0,1593.0,33.0,P0,100.0,average_instant,"2026/06/03 04:49:10.315, 95.03, [N/A], 95.03, 400.00, 1410, 1593, 33, P0, 100"
1780462150428029097,2026/06/03 04:49:10.448,95.03,95.03,,95.03,400.0,1410.0,1593.0,33.0,P0,100.0,average_instant,"2026/06/03 04:49:10.448, 95.03, [N/A], 95.03, 400.00, 1410, 1593, 33, P0, 100"
1780462150557367519,2026/06/03 04:49:10.577,94.93,94.93,,94.93,400.0,1410.0,1593.0,33.0,P0,100.0,average_instant,"2026/06/03 04:49:10.577, 94.93, [N/A], 94.93, 400.00, 1410, 1593, 33, P0, 100"
1780462150689995451,2026/06/03 04:49:10.708,94.93,94.93,,94.93,400.0,1410.0,1593.0,33.0,P0,100.0,average_instant,"2026/06/03 04:49:10.708, 94.93, [N/A], 94.93, 400.00, 1410, 1593, 33, P0, 100"
1780462150817956923,2026/06/03 04:49:10.837,94.93,94.93,,94.93,400.0,1410.0,1593.0,33.0,P0,100.0,average_instant,"2026/06/03 04:49:10.837, 94.93, [N/A], 94.93, 400.00, 1410, 1593, 33, P0, 100"
1780462150947273533,2026/06/03 04:49:10.966,94.93,94.93,,94.93,400.0,1410.0,1593.0,33.0,P0,100.0,average_instant,"2026/06/03 04:49:10.966, 94.93, [N/A], 94.93, 400.00, 1410, 1593, 33, P0, 100"
1780462151075867838,2026/06/03 04:49:11.095,94.93,94.93,,94.93,400.0,1410.0,1593.0,33.0,P0,100.0,average_instant,"2026/06/03 04:49:11.095, 94.93, [N/A], 94.93, 400.00, 1410, 1593, 33, P0, 100"
1780462151205642557,2026/06/03 04:49:11.225,95.03,95.03,,95.03,400.0,1410.0,1593.0,33.0,P0,100.0,average_instant,"2026/06/03 04:49:11.225, 95.03, [N/A], 95.03, 400.00, 1410, 1593, 33, P0, 100"
1780462151334577456,2026/06/03 04:49:11.354,95.03,95.03,,95.03,400.0,1410.0,1593.0,33.0,P0,100.0,average_instant,"2026/06/03 04:49:11.354, 95.03, [N/A], 95.03, 400.00, 1410, 1593, 33, P0, 100"
1780462151464145003,2026/06/03 04:49:11.484,94.93,94.93,,94.93,400.0,1410.0,1593.0,33.0,P0,100.0,average_instant,"2026/06/03 04:49:11.484, 94.93, [N/A], 94.93, 400.00, 1410, 1593, 33, P0, 100"
1780462151592927741,2026/06/03 04:49:11.612,95.03,95.03,,95.03,400.0,1410.0,1593.0,33.0,P0,100.0,average_instant,"2026/06/03 04:49:11.612, 95.03, [N/A], 95.03, 400.00, 1410, 1593, 33, P0, 100"
1780462151721299887,2026/06/03 04:49:11.740,95.03,95.03,,95.03,400.0,1410.0,1593.0,33.0,P0,100.0,average_instant,"2026/06/03 04:49:11.740, 95.03, [N/A], 95.03, 400.00, 1410, 1593, 33, P0, 100"
1780462151851141184,2026/06/03 04:49:11.870,94.93,94.93,,94.93,400.0,1410.0,1593.0,33.0,P0,100.0,average_instant,"2026/06/03 04:49:11.870, 94.93, [N/A], 94.93, 400.00, 1410, 1593, 33, P0, 100"
1780462151980283927,2026/06/03 04:49:11.999,95.03,95.03,,95.03,400.0,1410.0,1593.0,33.0,P0,100.0,average_instant,"2026/06/03 04:49:11.999, 95.03, [N/A], 95.03, 400.00, 1410, 1593, 33, P0, 100"
1780462152109117790,2026/06/03 04:49:12.128,95.03,95.03,,95.03,400.0,1410.0,1593.0,33.0,P0,100.0,average_instant,"2026/06/03 04:49:12.128, 95.03, [N/A], 95.03, 400.00, 1410, 1593, 33, P0, 100"
1780462152237848035,2026/06/03 04:49:12.257,95.03,95.03,,95.03,400.0,1410.0,1593.0,33.0,P0,100.0,average_instant,"2026/06/03 04:49:12.257, 95.03, [N/A], 95.03, 400.00, 1410, 1593, 33, P0, 100"
1780462152366387352,2026/06/03 04:49:12.385,94.93,94.93,,94.93,400.0,1410.0,1593.0,33.0,P0,100.0,average_instant,"2026/06/03 04:49:12.385, 94.93, [N/A], 94.93, 400.00, 1410, 1593, 33, P0, 100"
1780462152495811589,2026/06/03 04:49:12.515,95.03,95.03,,95.03,400.0,1410.0,1593.0,33.0,P0,100.0,average_instant,"2026/06/03 04:49:12.515, 95.03, [N/A], 95.03, 400.00, 1410, 1593, 33, P0, 100"
1780462152623924409,2026/06/03 04:49:12.644,95.03,95.03,,95.03,400.0,1410.0,1593.0,33.0,P0,100.0,average_instant,"2026/06/03 04:49:12.644, 95.03, [N/A], 95.03, 400.00, 1410, 1593, 33, P0, 100"
1780462152753931775,2026/06/03 04:49:12.773,95.03,95.03,,95.03,400.0,1410.0,1593.0,33.0,P0,100.0,average_instant,"2026/06/03 04:49:12.773, 95.03, [N/A], 95.03, 400.00, 1410, 1593, 33, P0, 100"
1780462152882746868,2026/06/03 04:49:12.902,95.03,95.03,,95.03,400.0,1410.0,1593.0,33.0,P0,100.0,average_instant,"2026/06/03 04:49:12.902, 95.03, [N/A], 95.03, 400.00, 1410, 1593, 33, P0, 100"
1780462153010803122,2026/06/03 04:49:13.029,94.93,94.93,,94.93,400.0,1410.0,1593.0,33.0,P0,100.0,average_instant,"2026/06/03 04:49:13.029, 94.93, [N/A], 94.93, 400.00, 1410, 1593, 33, P0, 100"
1780462153139216654,2026/06/03 04:49:13.158,95.03,95.03,,95.03,400.0,1410.0,1593.0,33.0,P0,100.0,average_instant,"2026/06/03 04:49:13.158, 95.03, [N/A], 95.03, 400.00, 1410, 1593, 33, P0, 100"
1780462153268143729,2026/06/03 04:49:13.287,94.93,94.93,,94.93,400.0,1410.0,1593.0,33.0,P0,100.0,average_instant,"2026/06/03 04:49:13.287, 94.93, [N/A], 94.93, 400.00, 1410, 1593, 33, P0, 100"
1780462153396640038,2026/06/03 04:49:13.415,95.03,95.03,,95.03,400.0,1410.0,1593.0,33.0,P0,100.0,average_instant,"2026/06/03 04:49:13.415, 95.03, [N/A], 95.03, 400.00, 1410, 1593, 33, P0, 100"
1780462153524419470,2026/06/03 04:49:13.544,95.03,95.03,,95.03,400.0,1410.0,1593.0,33.0,P0,100.0,average_instant,"2026/06/03 04:49:13.544, 95.03, [N/A], 95.03, 400.00, 1410, 1593, 33, P0, 100"
1780462153652750195,2026/06/03 04:49:13.671,94.93,94.93,,94.93,400.0,1410.0,1593.0,33.0,P0,100.0,average_instant,"2026/06/03 04:49:13.671, 94.93, [N/A], 94.93, 400.00, 1410, 1593, 33, P0, 100"
1780462153781006795,2026/06/03 04:49:13.800,95.03,95.03,,95.03,400.0,1410.0,1593.0,33.0,P0,100.0,average_instant,"2026/06/03 04:49:13.800, 95.03, [N/A], 95.03, 400.00, 1410, 1593, 33, P0, 100"
1780462153910265075,2026/06/03 04:49:13.930,94.93,94.93,,94.93,400.0,1410.0,1593.0,33.0,P0,100.0,average_instant,"2026/06/03 04:49:13.930, 94.93, [N/A], 94.93, 400.00, 1410, 1593, 33, P0, 100"
1780462154039606502,2026/06/03 04:49:14.059,95.03,95.03,,95.03,400.0,1410.0,1593.0,33.0,P0,100.0,average_instant,"2026/06/03 04:49:14.059, 95.03, [N/A], 95.03, 400.00, 1410, 1593, 33, P0, 100"
1780462154169733178,2026/06/03 04:49:14.189,94.93,94.93,,94.93,400.0,1410.0,1593.0,33.0,P0,100.0,average_instant,"2026/06/03 04:49:14.189, 94.93, [N/A], 94.93, 400.00, 1410, 1593, 33, P0, 100"
1780462154298878626,2026/06/03 04:49:14.318,95.03,95.03,,95.03,400.0,1410.0,1593.0,33.0,P0,100.0,average_instant,"2026/06/03 04:49:14.318, 95.03, [N/A], 95.03, 400.00, 1410, 1593, 33, P0, 100"
1780462154428573923,2026/06/03 04:49:14.448,94.93,94.93,,94.93,400.0,1410.0,1593.0,33.0,P0,100.0,average_instant,"2026/06/03 04:49:14.448, 94.93, [N/A], 94.93, 400.00, 1410, 1593, 33, P0, 100"
1780462154559514536,2026/06/03 04:49:14.578,95.03,95.03,,95.03,400.0,1410.0,1593.0,33.0,P0,100.0,average_instant,"2026/06/03 04:49:14.578, 95.03, [N/A], 95.03, 400.00, 1410, 1593, 33, P0, 100"
1780462154691442893,2026/06/03 04:49:14.710,95.03,95.03,,95.03,400.0,1410.0,1593.0,33.0,P0,100.0,average_instant,"2026/06/03 04:49:14.710, 95.03, [N/A], 95.03, 400.00, 1410, 1593, 33, P0, 100"
1780462154819354175,2026/06/03 04:49:14.839,95.03,95.03,,95.03,400.0,1410.0,1593.0,33.0,P0,100.0,average_instant,"2026/06/03 04:49:14.839, 95.03, [N/A], 95.03, 400.00, 1410, 1593, 33, P0, 100"
1780462154948814157,2026/06/03 04:49:14.968,95.03,95.03,,95.03,400.0,1410.0,1593.0,33.0,P0,100.0,average_instant,"2026/06/03 04:49:14.968, 95.03, [N/A], 95.03, 400.00, 1410, 1593, 33, P0, 100"
1780462155077305000,2026/06/03 04:49:15.096,95.03,95.03,,95.03,400.0,1410.0,1593.0,33.0,P0,100.0,average_instant,"2026/06/03 04:49:15.096, 95.03, [N/A], 95.03, 400.00, 1410, 1593, 33, P0, 100"
1780462155205501155,2026/06/03 04:49:15.224,95.03,95.03,,95.03,400.0,1410.0,1593.0,33.0,P0,100.0,average_instant,"2026/06/03 04:49:15.224, 95.03, [N/A], 95.03, 400.00, 1410, 1593, 33, P0, 100"
1780462155334510048,2026/06/03 04:49:15.354,94.93,94.93,,94.93,400.0,1410.0,1593.0,33.0,P0,100.0,average_instant,"2026/06/03 04:49:15.354, 94.93, [N/A], 94.93, 400.00, 1410, 1593, 33, P0, 100"
1780462155462932698,2026/06/03 04:49:15.482,95.03,95.03,,95.03,400.0,1410.0,1593.0,33.0,P0,100.0,average_instant,"2026/06/03 04:49:15.482, 95.03, [N/A], 95.03, 400.00, 1410, 1593, 33, P0, 100"
1780462155594034315,2026/06/03 04:49:15.612,94.93,94.93,,94.93,400.0,1410.0,1593.0,33.0,P0,100.0,average_instant,"2026/06/03 04:49:15.612, 94.93, [N/A], 94.93, 400.00, 1410, 1593, 33, P0, 100"
1780462155722139566,2026/06/03 04:49:15.741,94.93,94.93,,94.93,400.0,1410.0,1593.0,33.0,P0,100.0,average_instant,"2026/06/03 04:49:15.741, 94.93, [N/A], 94.93, 400.00, 1410, 1593, 33, P0, 100"
1780462155850706841,2026/06/03 04:49:15.869,95.03,95.03,,95.03,400.0,1410.0,1593.0,33.0,P0,100.0,average_instant,"2026/06/03 04:49:15.869, 95.03, [N/A], 95.03, 400.00, 1410, 1593, 33, P0, 100"
1780462155978458518,2026/06/03 04:49:15.998,95.03,95.03,,95.03,400.0,1410.0,1593.0,33.0,P0,100.0,average_instant,"2026/06/03 04:49:15.998, 95.03, [N/A], 95.03, 400.00, 1410, 1593, 33, P0, 100"
1780462156106837733,2026/06/03 04:49:16.126,95.03,95.03,,95.03,400.0,1410.0,1593.0,33.0,P0,100.0,average_instant,"2026/06/03 04:49:16.126, 95.03, [N/A], 95.03, 400.00, 1410, 1593, 33, P0, 100"
1780462156237472492,2026/06/03 04:49:16.257,95.03,95.03,,95.03,400.0,1410.0,1593.0,33.0,P0,100.0,average_instant,"2026/06/03 04:49:16.257, 95.03, [N/A], 95.03, 400.00, 1410, 1593, 33, P0, 100"
1780462156366224673,2026/06/03 04:49:16.385,95.03,95.03,,95.03,400.0,1410.0,1593.0,33.0,P0,100.0,average_instant,"2026/06/03 04:49:16.385, 95.03, [N/A], 95.03, 400.00, 1410, 1593, 33, P0, 100"
1780462156495653234,2026/06/03 04:49:16.515,94.93,94.93,,94.93,400.0,1410.0,1593.0,33.0,P0,100.0,average_instant,"2026/06/03 04:49:16.515, 94.93, [N/A], 94.93, 400.00, 1410, 1593, 33, P0, 100"
1780462156625134619,2026/06/03 04:49:16.644,95.03,95.03,,95.03,400.0,1410.0,1593.0,33.0,P0,100.0,average_instant,"2026/06/03 04:49:16.644, 95.03, [N/A], 95.03, 400.00, 1410, 1593, 33, P0, 100"
1780462156754514479,2026/06/03 04:49:16.774,95.03,95.03,,95.03,400.0,1410.0,1593.0,33.0,P0,100.0,average_instant,"2026/06/03 04:49:16.774, 95.03, [N/A], 95.03, 400.00, 1410, 1593, 33, P0, 100"
1780462156883437003,2026/06/03 04:49:16.902,94.93,94.93,,94.93,400.0,1410.0,1593.0,33.0,P0,100.0,average_instant,"2026/06/03 04:49:16.902, 94.93, [N/A], 94.93, 400.00, 1410, 1593, 33, P0, 100"
1780462157012210864,2026/06/03 04:49:17.034,95.03,95.03,,95.03,400.0,1410.0,1593.0,33.0,P0,100.0,average_instant,"2026/06/03 04:49:17.034, 95.03, [N/A], 95.03, 400.00, 1410, 1593, 33, P0, 100"
1780462157144491764,2026/06/03 04:49:17.164,95.03,95.03,,95.03,400.0,1410.0,1593.0,33.0,P0,100.0,average_instant,"2026/06/03 04:49:17.164, 95.03, [N/A], 95.03, 400.00, 1410, 1593, 33, P0, 100"
1780462157273773930,2026/06/03 04:49:17.293,95.03,95.03,,95.03,400.0,1410.0,1593.0,33.0,P0,100.0,average_instant,"2026/06/03 04:49:17.293, 95.03, [N/A], 95.03, 400.00, 1410, 1593, 33, P0, 100"
1780462157402964747,2026/06/03 04:49:17.422,95.03,95.03,,95.03,400.0,1410.0,1593.0,33.0,P0,100.0,average_instant,"2026/06/03 04:49:17.422, 95.03, [N/A], 95.03, 400.00, 1410, 1593, 33, P0, 100"
1780462157531933006,2026/06/03 04:49:17.551,95.03,95.03,,95.03,400.0,1410.0,1593.0,33.0,P0,100.0,average_instant,"2026/06/03 04:49:17.551, 95.03, [N/A], 95.03, 400.00, 1410, 1593, 33, P0, 100"
1780462157660945175,2026/06/03 04:49:17.680,95.03,95.03,,95.03,400.0,1410.0,1593.0,33.0,P0,100.0,average_instant,"2026/06/03 04:49:17.680, 95.03, [N/A], 95.03, 400.00, 1410, 1593, 33, P0, 100"
1780462157790315186,2026/06/03 04:49:17.809,95.03,95.03,,95.03,400.0,1410.0,1593.0,33.0,P0,100.0,average_instant,"2026/06/03 04:49:17.809, 95.03, [N/A], 95.03, 400.00, 1410, 1593, 33, P0, 100"
1780462157919231062,2026/06/03 04:49:17.938,95.03,95.03,,95.03,400.0,1410.0,1593.0,33.0,P0,100.0,average_instant,"2026/06/03 04:49:17.938, 95.03, [N/A], 95.03, 400.00, 1410, 1593, 33, P0, 100"
1780462158049025805,2026/06/03 04:49:18.068,95.03,95.03,,95.03,400.0,1410.0,1593.0,33.0,P0,100.0,average_instant,"2026/06/03 04:49:18.068, 95.03, [N/A], 95.03, 400.00, 1410, 1593, 33, P0, 100"
1780462158177279682,2026/06/03 04:49:18.196,95.03,95.03,,95.03,400.0,1410.0,1593.0,33.0,P0,100.0,average_instant,"2026/06/03 04:49:18.196, 95.03, [N/A], 95.03, 400.00, 1410, 1593, 33, P0, 100"
1780462158306431068,2026/06/03 04:49:18.325,95.03,95.03,,95.03,400.0,1410.0,1593.0,33.0,P0,100.0,average_instant,"2026/06/03 04:49:18.325, 95.03, [N/A], 95.03, 400.00, 1410, 1593, 33, P0, 100"
1780462158435059988,2026/06/03 04:49:18.454,95.03,95.03,,95.03,400.0,1410.0,1593.0,33.0,P0,100.0,average_instant,"2026/06/03 04:49:18.454, 95.03, [N/A], 95.03, 400.00, 1410, 1593, 33, P0, 100"
1780462158563539831,2026/06/03 04:49:18.582,95.03,95.03,,95.03,400.0,1410.0,1593.0,33.0,P0,100.0,average_instant,"2026/06/03 04:49:18.582, 95.03, [N/A], 95.03, 400.00, 1410, 1593, 33, P0, 100"
1780462158694411149,2026/06/03 04:49:18.713,95.03,95.03,,95.03,400.0,1410.0,1593.0,33.0,P0,100.0,average_instant,"2026/06/03 04:49:18.713, 95.03, [N/A], 95.03, 400.00, 1410, 1593, 33, P0, 100"
1780462158823690311,2026/06/03 04:49:18.843,94.93,94.93,,94.93,400.0,1410.0,1593.0,33.0,P0,100.0,average_instant,"2026/06/03 04:49:18.843, 94.93, [N/A], 94.93, 400.00, 1410, 1593, 33, P0, 100"
1780462158954447266,2026/06/03 04:49:18.973,95.03,95.03,,95.03,400.0,1410.0,1593.0,33.0,P0,100.0,average_instant,"2026/06/03 04:49:18.973, 95.03, [N/A], 95.03, 400.00, 1410, 1593, 33, P0, 100"
1780462159083589492,2026/06/03 04:49:19.103,94.93,94.93,,94.93,400.0,1410.0,1593.0,33.0,P0,100.0,average_instant,"2026/06/03 04:49:19.103, 94.93, [N/A], 94.93, 400.00, 1410, 1593, 33, P0, 100"
1780462159213696660,2026/06/03 04:49:19.233,95.03,95.03,,95.03,400.0,1410.0,1593.0,33.0,P0,100.0,average_instant,"2026/06/03 04:49:19.233, 95.03, [N/A], 95.03, 400.00, 1410, 1593, 33, P0, 100"
1780462159342579513,2026/06/03 04:49:19.362,94.93,94.93,,94.93,400.0,1410.0,1593.0,33.0,P0,100.0,average_instant,"2026/06/03 04:49:19.362, 94.93, [N/A], 94.93, 400.00, 1410, 1593, 33, P0, 100"
1780462159471473823,2026/06/03 04:49:19.490,95.03,95.03,,95.03,400.0,1410.0,1593.0,33.0,P0,100.0,average_instant,"2026/06/03 04:49:19.490, 95.03, [N/A], 95.03, 400.00, 1410, 1593, 33, P0, 100"
1780462159599377636,2026/06/03 04:49:19.617,95.03,95.03,,95.03,400.0,1410.0,1593.0,33.0,P0,100.0,average_instant,"2026/06/03 04:49:19.617, 95.03, [N/A], 95.03, 400.00, 1410, 1593, 33, P0, 100"
1780462159726716145,2026/06/03 04:49:19.746,95.03,95.03,,95.03,400.0,1410.0,1593.0,33.0,P0,100.0,average_instant,"2026/06/03 04:49:19.746, 95.03, [N/A], 95.03, 400.00, 1410, 1593, 33, P0, 100"
1780462159856055200,2026/06/03 04:49:19.875,95.03,95.03,,95.03,400.0,1410.0,1593.0,33.0,P0,100.0,average_instant,"2026/06/03 04:49:19.875, 95.03, [N/A], 95.03, 400.00, 1410, 1593, 33, P0, 100"
1780462159984144383,2026/06/03 04:49:20.003,95.03,95.03,,95.03,400.0,1410.0,1593.0,33.0,P0,100.0,average_instant,"2026/06/03 04:49:20.003, 95.03, [N/A], 95.03, 400.00, 1410, 1593, 33, P0, 100"
1780462160112414463,2026/06/03 04:49:20.132,94.93,94.93,,94.93,400.0,1410.0,1593.0,33.0,P0,100.0,average_instant,"2026/06/03 04:49:20.132, 94.93, [N/A], 94.93, 400.00, 1410, 1593, 33, P0, 100"
1780462160241491506,2026/06/03 04:49:20.260,95.03,95.03,,95.03,400.0,1410.0,1593.0,33.0,P0,100.0,average_instant,"2026/06/03 04:49:20.260, 95.03, [N/A], 95.03, 400.00, 1410, 1593, 33, P0, 100"
1780462160369844424,2026/06/03 04:49:20.388,95.03,95.03,,95.03,400.0,1410.0,1593.0,33.0,P0,100.0,average_instant,"2026/06/03 04:49:20.388, 95.03, [N/A], 95.03, 400.00, 1410, 1593, 33, P0, 100"
1780462160497848921,2026/06/03 04:49:20.517,94.76,94.76,,94.76,400.0,1410.0,1593.0,33.0,P0,100.0,average_instant,"2026/06/03 04:49:20.517, 94.76, [N/A], 94.76, 400.00, 1410, 1593, 33, P0, 100"
1780462160625942030,2026/06/03 04:49:20.644,95.03,95.03,,95.03,400.0,1410.0,1593.0,33.0,P0,100.0,average_instant,"2026/06/03 04:49:20.644, 95.03, [N/A], 95.03, 400.00, 1410, 1593, 33, P0, 100"
1780462160752727677,2026/06/03 04:49:20.772,94.93,94.93,,94.93,400.0,1410.0,1593.0,33.0,P0,100.0,average_instant,"2026/06/03 04:49:20.772, 94.93, [N/A], 94.93, 400.00, 1410, 1593, 33, P0, 100"
1780462160881908484,2026/06/03 04:49:20.900,95.03,95.03,,95.03,400.0,1410.0,1593.0,33.0,P0,100.0,average_instant,"2026/06/03 04:49:20.900, 95.03, [N/A], 95.03, 400.00, 1410, 1593, 33, P0, 100"
1780462161009851810,2026/06/03 04:49:21.029,95.03,95.03,,95.03,400.0,1410.0,1593.0,33.0,P0,100.0,average_instant,"2026/06/03 04:49:21.029, 95.03, [N/A], 95.03, 400.00, 1410, 1593, 33, P0, 100"
1780462161138286551,2026/06/03 04:49:21.158,94.93,94.93,,94.93,400.0,1410.0,1593.0,33.0,P0,100.0,average_instant,"2026/06/03 04:49:21.158, 94.93, [N/A], 94.93, 400.00, 1410, 1593, 33, P0, 100"
1780462161267262501,2026/06/03 04:49:21.286,94.93,94.93,,94.93,400.0,1410.0,1593.0,33.0,P0,100.0,average_instant,"2026/06/03 04:49:21.286, 94.93, [N/A], 94.93, 400.00, 1410, 1593, 33, P0, 100"
1780462161395476349,2026/06/03 04:49:21.414,95.03,95.03,,95.03,400.0,1410.0,1593.0,33.0,P0,100.0,average_instant,"2026/06/03 04:49:21.414, 95.03, [N/A], 95.03, 400.00, 1410, 1593, 33, P0, 100"
1780462161524580995,2026/06/03 04:49:21.544,95.03,95.03,,95.03,400.0,1410.0,1593.0,33.0,P0,100.0,average_instant,"2026/06/03 04:49:21.544, 95.03, [N/A], 95.03, 400.00, 1410, 1593, 33, P0, 100"
1780462161652955852,2026/06/03 04:49:21.672,95.03,95.03,,95.03,400.0,1410.0,1593.0,33.0,P0,100.0,average_instant,"2026/06/03 04:49:21.672, 95.03, [N/A], 95.03, 400.00, 1410, 1593, 33, P0, 100"
1780462161782772612,2026/06/03 04:49:21.802,95.03,95.03,,95.03,400.0,1410.0,1593.0,33.0,P0,100.0,average_instant,"2026/06/03 04:49:21.802, 95.03, [N/A], 95.03, 400.00, 1410, 1593, 33, P0, 100"
1780462161911976923,2026/06/03 04:49:21.931,95.03,95.03,,95.03,400.0,1410.0,1593.0,33.0,P0,100.0,average_instant,"2026/06/03 04:49:21.931, 95.03, [N/A], 95.03, 400.00, 1410, 1593, 33, P0, 100"
1780462162040493614,2026/06/03 04:49:22.059,95.03,95.03,,95.03,400.0,1410.0,1593.0,33.0,P0,100.0,average_instant,"2026/06/03 04:49:22.059, 95.03, [N/A], 95.03, 400.00, 1410, 1593, 33, P0, 100"
1780462162169992041,2026/06/03 04:49:22.190,95.03,95.03,,95.03,400.0,1410.0,1593.0,33.0,P0,100.0,average_instant,"2026/06/03 04:49:22.190, 95.03, [N/A], 95.03, 400.00, 1410, 1593, 33, P0, 100"
1780462162298771479,2026/06/03 04:49:22.317,95.03,95.03,,95.03,400.0,1410.0,1593.0,33.0,P0,100.0,average_instant,"2026/06/03 04:49:22.317, 95.03, [N/A], 95.03, 400.00, 1410, 1593, 33, P0, 100"
1780462162426600702,2026/06/03 04:49:22.445,95.03,95.03,,95.03,400.0,1410.0,1593.0,33.0,P0,100.0,average_instant,"2026/06/03 04:49:22.445, 95.03, [N/A], 95.03, 400.00, 1410, 1593, 33, P0, 100"
1780462162554273900,2026/06/03 04:49:22.572,95.03,95.03,,95.03,400.0,1410.0,1593.0,33.0,P0,100.0,average_instant,"2026/06/03 04:49:22.572, 95.03, [N/A], 95.03, 400.00, 1410, 1593, 33, P0, 100"
1780462162681580848,2026/06/03 04:49:22.700,94.93,94.93,,94.93,400.0,1410.0,1593.0,33.0,P0,100.0,average_instant,"2026/06/03 04:49:22.700, 94.93, [N/A], 94.93, 400.00, 1410, 1593, 33, P0, 100"
1780462162809592137,2026/06/03 04:49:22.829,95.03,95.03,,95.03,400.0,1410.0,1593.0,33.0,P0,100.0,average_instant,"2026/06/03 04:49:22.829, 95.03, [N/A], 95.03, 400.00, 1410, 1593, 33, P0, 100"
1780462162937824641,2026/06/03 04:49:22.957,95.03,95.03,,95.03,400.0,1410.0,1593.0,33.0,P0,100.0,average_instant,"2026/06/03 04:49:22.957, 95.03, [N/A], 95.03, 400.00, 1410, 1593, 33, P0, 100"
1780462163066730533,2026/06/03 04:49:23.086,95.03,95.03,,95.03,400.0,1410.0,1593.0,33.0,P0,100.0,average_instant,"2026/06/03 04:49:23.086, 95.03, [N/A], 95.03, 400.00, 1410, 1593, 33, P0, 100"
1780462163197926532,2026/06/03 04:49:23.217,95.03,95.03,,95.03,400.0,1410.0,1593.0,33.0,P0,100.0,average_instant,"2026/06/03 04:49:23.217, 95.03, [N/A], 95.03, 400.00, 1410, 1593, 33, P0, 100"
1780462163326555068,2026/06/03 04:49:23.346,94.93,94.93,,94.93,400.0,1410.0,1593.0,33.0,P0,100.0,average_instant,"2026/06/03 04:49:23.346, 94.93, [N/A], 94.93, 400.00, 1410, 1593, 33, P0, 100"
1780462163455737145,2026/06/03 04:49:23.475,94.93,94.93,,94.93,400.0,1410.0,1593.0,33.0,P0,100.0,average_instant,"2026/06/03 04:49:23.475, 94.93, [N/A], 94.93, 400.00, 1410, 1593, 33, P0, 100"
1780462163584074779,2026/06/03 04:49:23.603,95.03,95.03,,95.03,400.0,1410.0,1593.0,33.0,P0,100.0,average_instant,"2026/06/03 04:49:23.603, 95.03, [N/A], 95.03, 400.00, 1410, 1593, 33, P0, 100"
1780462163712751743,2026/06/03 04:49:23.732,95.03,95.03,,95.03,400.0,1410.0,1593.0,33.0,P0,100.0,average_instant,"2026/06/03 04:49:23.732, 95.03, [N/A], 95.03, 400.00, 1410, 1593, 33, P0, 100"
1780462163841884453,2026/06/03 04:49:23.861,95.03,95.03,,95.03,400.0,1410.0,1593.0,33.0,P0,100.0,average_instant,"2026/06/03 04:49:23.861, 95.03, [N/A], 95.03, 400.00, 1410, 1593, 33, P0, 100"
1780462163970405508,2026/06/03 04:49:23.990,95.03,95.03,,95.03,400.0,1410.0,1593.0,33.0,P0,100.0,average_instant,"2026/06/03 04:49:23.990, 95.03, [N/A], 95.03, 400.00, 1410, 1593, 33, P0, 100"
1780462164099690091,2026/06/03 04:49:24.118,94.93,94.93,,94.93,400.0,1410.0,1593.0,33.0,P0,100.0,average_instant,"2026/06/03 04:49:24.118, 94.93, [N/A], 94.93, 400.00, 1410, 1593, 33, P0, 100"
1780462164227571304,2026/06/03 04:49:24.247,95.03,95.03,,95.03,400.0,1410.0,1593.0,33.0,P0,100.0,average_instant,"2026/06/03 04:49:24.247, 95.03, [N/A], 95.03, 400.00, 1410, 1593, 33, P0, 100"
1780462164355717426,2026/06/03 04:49:24.375,95.03,95.03,,95.03,400.0,1410.0,1593.0,33.0,P0,100.0,average_instant,"2026/06/03 04:49:24.375, 95.03, [N/A], 95.03, 400.00, 1410, 1593, 33, P0, 100"
1780462164485581369,2026/06/03 04:49:24.504,95.03,95.03,,95.03,400.0,1410.0,1593.0,33.0,P0,100.0,average_instant,"2026/06/03 04:49:24.504, 95.03, [N/A], 95.03, 400.00, 1410, 1593, 33, P0, 100"
1780462164613489311,2026/06/03 04:49:24.631,95.03,95.03,,95.03,400.0,1410.0,1593.0,33.0,P0,100.0,average_instant,"2026/06/03 04:49:24.631, 95.03, [N/A], 95.03, 400.00, 1410, 1593, 33, P0, 100"
1780462164740556448,2026/06/03 04:49:24.760,95.03,95.03,,95.03,400.0,1410.0,1593.0,33.0,P0,100.0,average_instant,"2026/06/03 04:49:24.760, 95.03, [N/A], 95.03, 400.00, 1410, 1593, 33, P0, 100"
1780462164869263836,2026/06/03 04:49:24.888,94.93,94.93,,94.93,400.0,1410.0,1593.0,33.0,P0,100.0,average_instant,"2026/06/03 04:49:24.888, 94.93, [N/A], 94.93, 400.00, 1410, 1593, 33, P0, 100"
1780462164997327796,2026/06/03 04:49:25.016,94.93,94.93,,94.93,400.0,1410.0,1593.0,33.0,P0,100.0,average_instant,"2026/06/03 04:49:25.016, 94.93, [N/A], 94.93, 400.00, 1410, 1593, 33, P0, 100"
1780462165126638671,2026/06/03 04:49:25.146,95.03,95.03,,95.03,400.0,1410.0,1593.0,33.0,P0,100.0,average_instant,"2026/06/03 04:49:25.146, 95.03, [N/A], 95.03, 400.00, 1410, 1593, 33, P0, 100"
1780462165256788169,2026/06/03 04:49:25.276,94.93,94.93,,94.93,400.0,1410.0,1593.0,33.0,P0,100.0,average_instant,"2026/06/03 04:49:25.276, 94.93, [N/A], 94.93, 400.00, 1410, 1593, 33, P0, 100"
1780462165385254035,2026/06/03 04:49:25.404,95.03,95.03,,95.03,400.0,1410.0,1593.0,33.0,P0,100.0,average_instant,"2026/06/03 04:49:25.404, 95.03, [N/A], 95.03, 400.00, 1410, 1593, 33, P0, 100"
1780462165513989508,2026/06/03 04:49:25.532,95.03,95.03,,95.03,400.0,1410.0,1593.0,33.0,P0,100.0,average_instant,"2026/06/03 04:49:25.532, 95.03, [N/A], 95.03, 400.00, 1410, 1593, 33, P0, 100"
1780462165641542711,2026/06/03 04:49:25.660,95.03,95.03,,95.03,400.0,1410.0,1593.0,33.0,P0,100.0,average_instant,"2026/06/03 04:49:25.660, 95.03, [N/A], 95.03, 400.00, 1410, 1593, 33, P0, 100"
1780462165770827829,2026/06/03 04:49:25.790,95.03,95.03,,95.03,400.0,1410.0,1593.0,33.0,P0,100.0,average_instant,"2026/06/03 04:49:25.790, 95.03, [N/A], 95.03, 400.00, 1410, 1593, 33, P0, 100"
1780462165898927730,2026/06/03 04:49:25.918,94.93,94.93,,94.93,400.0,1410.0,1593.0,33.0,P0,100.0,average_instant,"2026/06/03 04:49:25.918, 94.93, [N/A], 94.93, 400.00, 1410, 1593, 33, P0, 100"
1780462166027437976,2026/06/03 04:49:26.047,95.03,95.03,,95.03,400.0,1410.0,1593.0,33.0,P0,100.0,average_instant,"2026/06/03 04:49:26.047, 95.03, [N/A], 95.03, 400.00, 1410, 1593, 33, P0, 100"
1780462166156797811,2026/06/03 04:49:26.176,94.93,94.93,,94.93,400.0,1410.0,1593.0,33.0,P0,100.0,average_instant,"2026/06/03 04:49:26.176, 94.93, [N/A], 94.93, 400.00, 1410, 1593, 33, P0, 100"
1780462166285734777,2026/06/03 04:49:26.305,95.03,95.03,,95.03,400.0,1410.0,1593.0,33.0,P0,100.0,average_instant,"2026/06/03 04:49:26.305, 95.03, [N/A], 95.03, 400.00, 1410, 1593, 33, P0, 100"
1780462166416346675,2026/06/03 04:49:26.435,95.03,95.03,,95.03,400.0,1410.0,1593.0,33.0,P0,100.0,average_instant,"2026/06/03 04:49:26.435, 95.03, [N/A], 95.03, 400.00, 1410, 1593, 33, P0, 100"
1780462166544700037,2026/06/03 04:49:26.563,95.03,95.03,,95.03,400.0,1410.0,1593.0,33.0,P0,100.0,average_instant,"2026/06/03 04:49:26.563, 95.03, [N/A], 95.03, 400.00, 1410, 1593, 33, P0, 100"
1780462166673011746,2026/06/03 04:49:26.692,95.03,95.03,,95.03,400.0,1410.0,1593.0,33.0,P0,100.0,average_instant,"2026/06/03 04:49:26.692, 95.03, [N/A], 95.03, 400.00, 1410, 1593, 33, P0, 100"
1780462166802419003,2026/06/03 04:49:26.822,95.03,95.03,,95.03,400.0,1410.0,1593.0,33.0,P0,100.0,average_instant,"2026/06/03 04:49:26.822, 95.03, [N/A], 95.03, 400.00, 1410, 1593, 33, P0, 100"
1780462166932156337,2026/06/03 04:49:26.952,94.93,94.93,,94.93,400.0,1410.0,1593.0,33.0,P0,100.0,average_instant,"2026/06/03 04:49:26.952, 94.93, [N/A], 94.93, 400.00, 1410, 1593, 33, P0, 100"
1780462167061440974,2026/06/03 04:49:27.081,94.93,94.93,,94.93,400.0,1410.0,1593.0,33.0,P0,100.0,average_instant,"2026/06/03 04:49:27.081, 94.93, [N/A], 94.93, 400.00, 1410, 1593, 33, P0, 100"
1780462167193189698,2026/06/03 04:49:27.212,94.93,94.93,,94.93,400.0,1410.0,1593.0,33.0,P0,100.0,average_instant,"2026/06/03 04:49:27.212, 94.93, [N/A], 94.93, 400.00, 1410, 1593, 33, P0, 100"
1780462167321942588,2026/06/03 04:49:27.341,95.03,95.03,,95.03,400.0,1410.0,1593.0,33.0,P0,100.0,average_instant,"2026/06/03 04:49:27.341, 95.03, [N/A], 95.03, 400.00, 1410, 1593, 33, P0, 100"
1780462167450818994,2026/06/03 04:49:27.470,95.03,95.03,,95.03,400.0,1410.0,1593.0,33.0,P0,100.0,average_instant,"2026/06/03 04:49:27.470, 95.03, [N/A], 95.03, 400.00, 1410, 1593, 33, P0, 100"
1780462167580938996,2026/06/03 04:49:27.601,95.03,95.03,,95.03,400.0,1410.0,1593.0,33.0,P0,100.0,average_instant,"2026/06/03 04:49:27.601, 95.03, [N/A], 95.03, 400.00, 1410, 1593, 33, P0, 100"
1780462167710816274,2026/06/03 04:49:27.730,95.03,95.03,,95.03,400.0,1410.0,1593.0,33.0,P0,100.0,average_instant,"2026/06/03 04:49:27.730, 95.03, [N/A], 95.03, 400.00, 1410, 1593, 33, P0, 100"
1780462167839657095,2026/06/03 04:49:27.858,94.93,94.93,,94.93,400.0,1410.0,1593.0,33.0,P0,100.0,average_instant,"2026/06/03 04:49:27.858, 94.93, [N/A], 94.93, 400.00, 1410, 1593, 33, P0, 100"
1780462167966276581,2026/06/03 04:49:27.984,95.03,95.03,,95.03,400.0,1410.0,1593.0,33.0,P0,100.0,average_instant,"2026/06/03 04:49:27.984, 95.03, [N/A], 95.03, 400.00, 1410, 1593, 33, P0, 100"
1780462168095289552,2026/06/03 04:49:28.114,94.93,94.93,,94.93,400.0,1410.0,1593.0,33.0,P0,100.0,average_instant,"2026/06/03 04:49:28.114, 94.93, [N/A], 94.93, 400.00, 1410, 1593, 33, P0, 100"
1780462168224067307,2026/06/03 04:49:28.242,95.03,95.03,,95.03,400.0,1410.0,1593.0,33.0,P0,100.0,average_instant,"2026/06/03 04:49:28.242, 95.03, [N/A], 95.03, 400.00, 1410, 1593, 33, P0, 100"
1780462168351156801,2026/06/03 04:49:28.370,94.93,94.93,,94.93,400.0,1410.0,1593.0,33.0,P0,100.0,average_instant,"2026/06/03 04:49:28.370, 94.93, [N/A], 94.93, 400.00, 1410, 1593, 33, P0, 100"
1780462168479525631,2026/06/03 04:49:28.499,95.03,95.03,,95.03,400.0,1410.0,1593.0,33.0,P0,100.0,average_instant,"2026/06/03 04:49:28.499, 95.03, [N/A], 95.03, 400.00, 1410, 1593, 33, P0, 100"
1780462168608699867,2026/06/03 04:49:28.628,94.93,94.93,,94.93,400.0,1410.0,1593.0,33.0,P0,100.0,average_instant,"2026/06/03 04:49:28.628, 94.93, [N/A], 94.93, 400.00, 1410, 1593, 33, P0, 100"
1780462168737186673,2026/06/03 04:49:28.757,95.03,95.03,,95.03,400.0,1410.0,1593.0,33.0,P0,100.0,average_instant,"2026/06/03 04:49:28.757, 95.03, [N/A], 95.03, 400.00, 1410, 1593, 33, P0, 100"
1780462168867164242,2026/06/03 04:49:28.886,94.93,94.93,,94.93,400.0,1410.0,1593.0,33.0,P0,100.0,average_instant,"2026/06/03 04:49:28.886, 94.93, [N/A], 94.93, 400.00, 1410, 1593, 33, P0, 100"
1780462168996743109,2026/06/03 04:49:29.016,95.03,95.03,,95.03,400.0,1410.0,1593.0,33.0,P0,100.0,average_instant,"2026/06/03 04:49:29.016, 95.03, [N/A], 95.03, 400.00, 1410, 1593, 33, P0, 100"
1780462169124580810,2026/06/03 04:49:29.144,95.03,95.03,,95.03,400.0,1410.0,1593.0,33.0,P0,100.0,average_instant,"2026/06/03 04:49:29.144, 95.03, [N/A], 95.03, 400.00, 1410, 1593, 33, P0, 100"
1780462169252680278,2026/06/03 04:49:29.272,95.03,95.03,,95.03,400.0,1410.0,1593.0,33.0,P0,100.0,average_instant,"2026/06/03 04:49:29.272, 95.03, [N/A], 95.03, 400.00, 1410, 1593, 33, P0, 100"
1780462169381091000,2026/06/03 04:49:29.401,95.03,95.03,,95.03,400.0,1410.0,1593.0,33.0,P0,100.0,average_instant,"2026/06/03 04:49:29.401, 95.03, [N/A], 95.03, 400.00, 1410, 1593, 33, P0, 100"
1780462169512471166,2026/06/03 04:49:29.532,95.03,95.03,,95.03,400.0,1410.0,1593.0,33.0,P0,100.0,average_instant,"2026/06/03 04:49:29.532, 95.03, [N/A], 95.03, 400.00, 1410, 1593, 33, P0, 100"
1780462169642437882,2026/06/03 04:49:29.662,95.03,95.03,,95.03,400.0,1410.0,1593.0,33.0,P0,100.0,average_instant,"2026/06/03 04:49:29.662, 95.03, [N/A], 95.03, 400.00, 1410, 1593, 33, P0, 100"
1780462169772364578,2026/06/03 04:49:29.791,95.03,95.03,,95.03,400.0,1410.0,1593.0,33.0,P0,100.0,average_instant,"2026/06/03 04:49:29.791, 95.03, [N/A], 95.03, 400.00, 1410, 1593, 33, P0, 100"
1780462169901279834,2026/06/03 04:49:29.920,95.03,95.03,,95.03,400.0,1410.0,1593.0,33.0,P0,100.0,average_instant,"2026/06/03 04:49:29.920, 95.03, [N/A], 95.03, 400.00, 1410, 1593, 33, P0, 100"
1780462170029724970,2026/06/03 04:49:30.049,94.93,94.93,,94.93,400.0,1410.0,1593.0,33.0,P0,100.0,average_instant,"2026/06/03 04:49:30.049, 94.93, [N/A], 94.93, 400.00, 1410, 1593, 33, P0, 100"
1780462170158782300,2026/06/03 04:49:30.179,95.03,95.03,,95.03,400.0,1410.0,1593.0,33.0,P0,100.0,average_instant,"2026/06/03 04:49:30.179, 95.03, [N/A], 95.03, 400.00, 1410, 1593, 33, P0, 100"
1780462170288385852,2026/06/03 04:49:30.308,94.93,94.93,,94.93,400.0,1410.0,1593.0,33.0,P0,100.0,average_instant,"2026/06/03 04:49:30.308, 94.93, [N/A], 94.93, 400.00, 1410, 1593, 33, P0, 100"
1780462170417992674,2026/06/03 04:49:30.437,95.03,95.03,,95.03,400.0,1410.0,1593.0,33.0,P0,100.0,average_instant,"2026/06/03 04:49:30.437, 95.03, [N/A], 95.03, 400.00, 1410, 1593, 33, P0, 100"
1780462170547159631,2026/06/03 04:49:30.566,95.03,95.03,,95.03,400.0,1410.0,1593.0,33.0,P0,100.0,average_instant,"2026/06/03 04:49:30.566, 95.03, [N/A], 95.03, 400.00, 1410, 1593, 33, P0, 100"
1780462170676145739,2026/06/03 04:49:30.695,95.03,95.03,,95.03,400.0,1410.0,1593.0,33.0,P0,100.0,average_instant,"2026/06/03 04:49:30.695, 95.03, [N/A], 95.03, 400.00, 1410, 1593, 33, P0, 100"
1780462170804022888,2026/06/03 04:49:30.823,95.03,95.03,,95.03,400.0,1410.0,1593.0,33.0,P0,100.0,average_instant,"2026/06/03 04:49:30.823, 95.03, [N/A], 95.03, 400.00, 1410, 1593, 33, P0, 100"
1780462170933146155,2026/06/03 04:49:30.952,95.03,95.03,,95.03,400.0,1410.0,1593.0,33.0,P0,100.0,average_instant,"2026/06/03 04:49:30.952, 95.03, [N/A], 95.03, 400.00, 1410, 1593, 33, P0, 100"
1780462171062949925,2026/06/03 04:49:31.082,95.03,95.03,,95.03,400.0,1410.0,1593.0,33.0,P0,100.0,average_instant,"2026/06/03 04:49:31.082, 95.03, [N/A], 95.03, 400.00, 1410, 1593, 33, P0, 100"
1780462171192666620,2026/06/03 04:49:31.212,95.03,95.03,,95.03,400.0,1410.0,1593.0,33.0,P0,100.0,average_instant,"2026/06/03 04:49:31.212, 95.03, [N/A], 95.03, 400.00, 1410, 1593, 33, P0, 100"
1780462171322855633,2026/06/03 04:49:31.343,95.03,95.03,,95.03,400.0,1410.0,1593.0,33.0,P0,100.0,average_instant,"2026/06/03 04:49:31.343, 95.03, [N/A], 95.03, 400.00, 1410, 1593, 33, P0, 100"
1780462171452914027,2026/06/03 04:49:31.472,95.03,95.03,,95.03,400.0,1410.0,1593.0,33.0,P0,100.0,average_instant,"2026/06/03 04:49:31.472, 95.03, [N/A], 95.03, 400.00, 1410, 1593, 33, P0, 100"
1780462171582317069,2026/06/03 04:49:31.602,95.03,95.03,,95.03,400.0,1410.0,1593.0,33.0,P0,100.0,average_instant,"2026/06/03 04:49:31.602, 95.03, [N/A], 95.03, 400.00, 1410, 1593, 33, P0, 100"
1780462171711359499,2026/06/03 04:49:31.730,94.93,94.93,,94.93,400.0,1410.0,1593.0,33.0,P0,100.0,average_instant,"2026/06/03 04:49:31.730, 94.93, [N/A], 94.93, 400.00, 1410, 1593, 33, P0, 100"
1780462171840330044,2026/06/03 04:49:31.859,94.93,94.93,,94.93,400.0,1410.0,1593.0,33.0,P0,100.0,average_instant,"2026/06/03 04:49:31.859, 94.93, [N/A], 94.93, 400.00, 1410, 1593, 33, P0, 100"
1780462171968096231,2026/06/03 04:49:31.988,95.03,95.03,,95.03,400.0,1410.0,1593.0,33.0,P0,100.0,average_instant,"2026/06/03 04:49:31.988, 95.03, [N/A], 95.03, 400.00, 1410, 1593, 33, P0, 100"
1780462172099275356,2026/06/03 04:49:32.119,95.03,95.03,,95.03,400.0,1410.0,1593.0,33.0,P0,100.0,average_instant,"2026/06/03 04:49:32.119, 95.03, [N/A], 95.03, 400.00, 1410, 1593, 33, P0, 100"
1780462172228606653,2026/06/03 04:49:32.248,94.93,94.93,,94.93,400.0,1410.0,1593.0,33.0,P0,100.0,average_instant,"2026/06/03 04:49:32.248, 94.93, [N/A], 94.93, 400.00, 1410, 1593, 33, P0, 100"
1780462172357934548,2026/06/03 04:49:32.377,95.03,95.03,,95.03,400.0,1410.0,1593.0,33.0,P0,100.0,average_instant,"2026/06/03 04:49:32.377, 95.03, [N/A], 95.03, 400.00, 1410, 1593, 33, P0, 100"
1780462172487491423,2026/06/03 04:49:32.507,95.26,95.26,,95.26,400.0,1410.0,1593.0,33.0,P0,100.0,average_instant,"2026/06/03 04:49:32.507, 95.26, [N/A], 95.26, 400.00, 1410, 1593, 33, P0, 100"
1780462172616153461,2026/06/03 04:49:32.635,95.03,95.03,,95.03,400.0,1410.0,1593.0,33.0,P0,100.0,average_instant,"2026/06/03 04:49:32.635, 95.03, [N/A], 95.03, 400.00, 1410, 1593, 33, P0, 100"
1780462172744616423,2026/06/03 04:49:32.764,94.93,94.93,,94.93,400.0,1410.0,1593.0,33.0,P0,100.0,average_instant,"2026/06/03 04:49:32.764, 94.93, [N/A], 94.93, 400.00, 1410, 1593, 33, P0, 100"
1780462172874214966,2026/06/03 04:49:32.895,95.03,95.03,,95.03,400.0,1410.0,1593.0,33.0,P0,100.0,average_instant,"2026/06/03 04:49:32.895, 95.03, [N/A], 95.03, 400.00, 1410, 1593, 33, P0, 100"
1780462173004179658,2026/06/03 04:49:33.023,94.93,94.93,,94.93,400.0,1410.0,1593.0,33.0,P0,100.0,average_instant,"2026/06/03 04:49:33.023, 94.93, [N/A], 94.93, 400.00, 1410, 1593, 33, P0, 100"
1780462173134099494,2026/06/03 04:49:33.153,95.36,95.36,,95.36,400.0,1410.0,1593.0,33.0,P0,100.0,average_instant,"2026/06/03 04:49:33.153, 95.36, [N/A], 95.36, 400.00, 1410, 1593, 33, P0, 100"
1780462173264150803,2026/06/03 04:49:33.283,95.03,95.03,,95.03,400.0,1410.0,1593.0,33.0,P0,100.0,average_instant,"2026/06/03 04:49:33.283, 95.03, [N/A], 95.03, 400.00, 1410, 1593, 33, P0, 100"
1780462173394236968,2026/06/03 04:49:33.414,95.03,95.03,,95.03,400.0,1410.0,1593.0,33.0,P0,100.0,average_instant,"2026/06/03 04:49:33.414, 95.03, [N/A], 95.03, 400.00, 1410, 1593, 33, P0, 100"
1780462173523019543,2026/06/03 04:49:33.542,95.26,95.26,,95.26,400.0,1410.0,1593.0,33.0,P0,100.0,average_instant,"2026/06/03 04:49:33.542, 95.26, [N/A], 95.26, 400.00, 1410, 1593, 33, P0, 100"
1780462173651976798,2026/06/03 04:49:33.671,95.03,95.03,,95.03,400.0,1410.0,1593.0,33.0,P0,100.0,average_instant,"2026/06/03 04:49:33.671, 95.03, [N/A], 95.03, 400.00, 1410, 1593, 33, P0, 100"
1780462173780608935,2026/06/03 04:49:33.800,95.03,95.03,,95.03,400.0,1410.0,1593.0,33.0,P0,100.0,average_instant,"2026/06/03 04:49:33.800, 95.03, [N/A], 95.03, 400.00, 1410, 1593, 33, P0, 100"
1780462173909722629,2026/06/03 04:49:33.929,95.03,95.03,,95.03,400.0,1410.0,1593.0,33.0,P0,100.0,average_instant,"2026/06/03 04:49:33.929, 95.03, [N/A], 95.03, 400.00, 1410, 1593, 33, P0, 100"
1780462174039480482,2026/06/03 04:49:34.059,95.03,95.03,,95.03,400.0,1410.0,1593.0,33.0,P0,100.0,average_instant,"2026/06/03 04:49:34.059, 95.03, [N/A], 95.03, 400.00, 1410, 1593, 33, P0, 100"
1780462174168604837,2026/06/03 04:49:34.188,95.26,95.26,,95.26,400.0,1410.0,1593.0,33.0,P0,100.0,average_instant,"2026/06/03 04:49:34.188, 95.26, [N/A], 95.26, 400.00, 1410, 1593, 33, P0, 100"
1780462174299088838,2026/06/03 04:49:34.318,95.26,95.26,,95.26,400.0,1410.0,1593.0,33.0,P0,100.0,average_instant,"2026/06/03 04:49:34.318, 95.26, [N/A], 95.26, 400.00, 1410, 1593, 33, P0, 100"
1780462174426952257,2026/06/03 04:49:34.448,95.36,95.36,,95.36,400.0,1410.0,1593.0,33.0,P0,100.0,average_instant,"2026/06/03 04:49:34.448, 95.36, [N/A], 95.36, 400.00, 1410, 1593, 33, P0, 100"
1780462174559832732,2026/06/03 04:49:34.579,95.26,95.26,,95.26,400.0,1410.0,1593.0,33.0,P0,100.0,average_instant,"2026/06/03 04:49:34.579, 95.26, [N/A], 95.26, 400.00, 1410, 1593, 33, P0, 100"
1780462174688790274,2026/06/03 04:49:34.708,94.93,94.93,,94.93,400.0,1410.0,1593.0,33.0,P0,100.0,average_instant,"2026/06/03 04:49:34.708, 94.93, [N/A], 94.93, 400.00, 1410, 1593, 33, P0, 100"
1780462174817278091,2026/06/03 04:49:34.836,94.93,94.93,,94.93,400.0,1410.0,1593.0,33.0,P0,100.0,average_instant,"2026/06/03 04:49:34.836, 94.93, [N/A], 94.93, 400.00, 1410, 1593, 33, P0, 100"
1780462174945145617,2026/06/03 04:49:34.964,95.03,95.03,,95.03,400.0,1410.0,1593.0,33.0,P0,100.0,average_instant,"2026/06/03 04:49:34.964, 95.03, [N/A], 95.03, 400.00, 1410, 1593, 33, P0, 100"
1780462175073173156,2026/06/03 04:49:35.092,95.03,95.03,,95.03,400.0,1410.0,1593.0,33.0,P0,100.0,average_instant,"2026/06/03 04:49:35.092, 95.03, [N/A], 95.03, 400.00, 1410, 1593, 33, P0, 100"
1780462175202900497,2026/06/03 04:49:35.222,95.03,95.03,,95.03,400.0,1410.0,1593.0,33.0,P0,100.0,average_instant,"2026/06/03 04:49:35.222, 95.03, [N/A], 95.03, 400.00, 1410, 1593, 33, P0, 100"
1780462175331591016,2026/06/03 04:49:35.351,95.03,95.03,,95.03,400.0,1410.0,1593.0,33.0,P0,100.0,average_instant,"2026/06/03 04:49:35.351, 95.03, [N/A], 95.03, 400.00, 1410, 1593, 33, P0, 100"
1780462175461171151,2026/06/03 04:49:35.479,95.03,95.03,,95.03,400.0,1410.0,1593.0,33.0,P0,100.0,average_instant,"2026/06/03 04:49:35.479, 95.03, [N/A], 95.03, 400.00, 1410, 1593, 33, P0, 100"
1780462175588991209,2026/06/03 04:49:35.608,95.36,95.36,,95.36,400.0,1410.0,1593.0,33.0,P0,100.0,average_instant,"2026/06/03 04:49:35.608, 95.36, [N/A], 95.36, 400.00, 1410, 1593, 33, P0, 100"
1780462175717350443,2026/06/03 04:49:35.736,95.36,95.36,,95.36,400.0,1410.0,1593.0,33.0,P0,100.0,average_instant,"2026/06/03 04:49:35.736, 95.36, [N/A], 95.36, 400.00, 1410, 1593, 33, P0, 100"
1780462175847075545,2026/06/03 04:49:35.866,95.03,95.03,,95.03,400.0,1410.0,1593.0,33.0,P0,100.0,average_instant,"2026/06/03 04:49:35.866, 95.03, [N/A], 95.03, 400.00, 1410, 1593, 33, P0, 100"
1780462175975366823,2026/06/03 04:49:35.994,95.36,95.36,,95.36,400.0,1410.0,1593.0,33.0,P0,100.0,average_instant,"2026/06/03 04:49:35.994, 95.36, [N/A], 95.36, 400.00, 1410, 1593, 33, P0, 100"
1780462176103673885,2026/06/03 04:49:36.123,95.03,95.03,,95.03,400.0,1410.0,1593.0,33.0,P0,100.0,average_instant,"2026/06/03 04:49:36.123, 95.03, [N/A], 95.03, 400.00, 1410, 1593, 33, P0, 100"
1780462176231685344,2026/06/03 04:49:36.250,95.36,95.36,,95.36,400.0,1410.0,1593.0,33.0,P0,100.0,average_instant,"2026/06/03 04:49:36.250, 95.36, [N/A], 95.36, 400.00, 1410, 1593, 33, P0, 100"
1780462176359578168,2026/06/03 04:49:36.379,95.03,95.03,,95.03,400.0,1410.0,1593.0,33.0,P0,100.0,average_instant,"2026/06/03 04:49:36.379, 95.03, [N/A], 95.03, 400.00, 1410, 1593, 33, P0, 100"
1780462176487770212,2026/06/03 04:49:36.507,95.26,95.26,,95.26,400.0,1410.0,1593.0,33.0,P0,100.0,average_instant,"2026/06/03 04:49:36.507, 95.26, [N/A], 95.26, 400.00, 1410, 1593, 33, P0, 100"
1780462176616193464,2026/06/03 04:49:36.635,95.26,95.26,,95.26,400.0,1410.0,1593.0,33.0,P0,100.0,average_instant,"2026/06/03 04:49:36.635, 95.26, [N/A], 95.26, 400.00, 1410, 1593, 33, P0, 100"
1780462176744739553,2026/06/03 04:49:36.763,95.03,95.03,,95.03,400.0,1410.0,1593.0,33.0,P0,100.0,average_instant,"2026/06/03 04:49:36.763, 95.03, [N/A], 95.03, 400.00, 1410, 1593, 33, P0, 100"
1780462176874484696,2026/06/03 04:49:36.893,95.03,95.03,,95.03,400.0,1410.0,1593.0,33.0,P0,100.0,average_instant,"2026/06/03 04:49:36.893, 95.03, [N/A], 95.03, 400.00, 1410, 1593, 33, P0, 100"
1780462177002394681,2026/06/03 04:49:37.021,95.03,95.03,,95.03,400.0,1410.0,1593.0,33.0,P0,100.0,average_instant,"2026/06/03 04:49:37.021, 95.03, [N/A], 95.03, 400.00, 1410, 1593, 33, P0, 100"
1780462177130968480,2026/06/03 04:49:37.150,95.03,95.03,,95.03,400.0,1410.0,1593.0,33.0,P0,100.0,average_instant,"2026/06/03 04:49:37.150, 95.03, [N/A], 95.03, 400.00, 1410, 1593, 33, P0, 100"
1780462177260559293,2026/06/03 04:49:37.280,95.36,95.36,,95.36,400.0,1410.0,1593.0,33.0,P0,100.0,average_instant,"2026/06/03 04:49:37.280, 95.36, [N/A], 95.36, 400.00, 1410, 1593, 33, P0, 100"
1780462177388857967,2026/06/03 04:49:37.407,95.26,95.26,,95.26,400.0,1410.0,1593.0,33.0,P0,100.0,average_instant,"2026/06/03 04:49:37.407, 95.26, [N/A], 95.26, 400.00, 1410, 1593, 33, P0, 100"
1780462177518107876,2026/06/03 04:49:37.537,95.03,95.03,,95.03,400.0,1410.0,1593.0,33.0,P0,100.0,average_instant,"2026/06/03 04:49:37.537, 95.03, [N/A], 95.03, 400.00, 1410, 1593, 33, P0, 100"
1780462177646732788,2026/06/03 04:49:37.666,95.03,95.03,,95.03,400.0,1410.0,1593.0,33.0,P0,100.0,average_instant,"2026/06/03 04:49:37.666, 95.03, [N/A], 95.03, 400.00, 1410, 1593, 33, P0, 100"
1780462177776185544,2026/06/03 04:49:37.796,95.03,95.03,,95.03,400.0,1410.0,1593.0,33.0,P0,100.0,average_instant,"2026/06/03 04:49:37.796, 95.03, [N/A], 95.03, 400.00, 1410, 1593, 33, P0, 100"
1780462177904787804,2026/06/03 04:49:37.923,95.03,95.03,,95.03,400.0,1410.0,1593.0,33.0,P0,100.0,average_instant,"2026/06/03 04:49:37.923, 95.03, [N/A], 95.03, 400.00, 1410, 1593, 33, P0, 100"
1780462178031470883,2026/06/03 04:49:38.050,95.03,95.03,,95.03,400.0,1410.0,1593.0,33.0,P0,100.0,average_instant,"2026/06/03 04:49:38.050, 95.03, [N/A], 95.03, 400.00, 1410, 1593, 33, P0, 100"
1780462178161381941,2026/06/03 04:49:38.180,95.26,95.26,,95.26,400.0,1410.0,1593.0,33.0,P0,100.0,average_instant,"2026/06/03 04:49:38.180, 95.26, [N/A], 95.26, 400.00, 1410, 1593, 33, P0, 100"
1780462178289167696,2026/06/03 04:49:38.308,94.93,94.93,,94.93,400.0,1410.0,1593.0,33.0,P0,100.0,average_instant,"2026/06/03 04:49:38.308, 94.93, [N/A], 94.93, 400.00, 1410, 1593, 33, P0, 100"
1780462178417733552,2026/06/03 04:49:38.437,95.26,95.26,,95.26,400.0,1410.0,1593.0,33.0,P0,100.0,average_instant,"2026/06/03 04:49:38.437, 95.26, [N/A], 95.26, 400.00, 1410, 1593, 33, P0, 100"
1780462178546268347,2026/06/03 04:49:38.566,95.36,95.36,,95.36,400.0,1410.0,1593.0,33.0,P0,100.0,average_instant,"2026/06/03 04:49:38.566, 95.36, [N/A], 95.36, 400.00, 1410, 1593, 33, P0, 100"
1780462178675490948,2026/06/03 04:49:38.695,95.03,95.03,,95.03,400.0,1410.0,1593.0,33.0,P0,100.0,average_instant,"2026/06/03 04:49:38.695, 95.03, [N/A], 95.03, 400.00, 1410, 1593, 33, P0, 100"
1780462178805732454,2026/06/03 04:49:38.825,94.93,94.93,,94.93,400.0,1410.0,1593.0,33.0,P0,100.0,average_instant,"2026/06/03 04:49:38.825, 94.93, [N/A], 94.93, 400.00, 1410, 1593, 33, P0, 100"
1780462178934810095,2026/06/03 04:49:38.954,95.03,95.03,,95.03,400.0,1410.0,1593.0,33.0,P0,100.0,average_instant,"2026/06/03 04:49:38.954, 95.03, [N/A], 95.03, 400.00, 1410, 1593, 33, P0, 100"
1780462179064039912,2026/06/03 04:49:39.083,95.03,95.03,,95.03,400.0,1410.0,1593.0,33.0,P0,100.0,average_instant,"2026/06/03 04:49:39.083, 95.03, [N/A], 95.03, 400.00, 1410, 1593, 33, P0, 100"
1780462179192661964,2026/06/03 04:49:39.212,94.93,94.93,,94.93,400.0,1410.0,1593.0,33.0,P0,100.0,average_instant,"2026/06/03 04:49:39.212, 94.93, [N/A], 94.93, 400.00, 1410, 1593, 33, P0, 100"
1780462179320747836,2026/06/03 04:49:39.340,95.03,95.03,,95.03,400.0,1410.0,1593.0,33.0,P0,100.0,average_instant,"2026/06/03 04:49:39.340, 95.03, [N/A], 95.03, 400.00, 1410, 1593, 33, P0, 100"
1780462179448993673,2026/06/03 04:49:39.468,94.93,94.93,,94.93,400.0,1410.0,1593.0,33.0,P0,100.0,average_instant,"2026/06/03 04:49:39.468, 94.93, [N/A], 94.93, 400.00, 1410, 1593, 33, P0, 100"
1780462179577417236,2026/06/03 04:49:39.596,95.03,95.03,,95.03,400.0,1410.0,1593.0,33.0,P0,100.0,average_instant,"2026/06/03 04:49:39.596, 95.03, [N/A], 95.03, 400.00, 1410, 1593, 33, P0, 100"
1780462179707116777,2026/06/03 04:49:39.727,95.03,95.03,,95.03,400.0,1410.0,1593.0,33.0,P0,100.0,average_instant,"2026/06/03 04:49:39.727, 95.03, [N/A], 95.03, 400.00, 1410, 1593, 33, P0, 100"
1780462179837750241,2026/06/03 04:49:39.857,94.93,94.93,,94.93,400.0,1410.0,1593.0,33.0,P0,100.0,average_instant,"2026/06/03 04:49:39.857, 94.93, [N/A], 94.93, 400.00, 1410, 1593, 33, P0, 100"
1780462179966940398,2026/06/03 04:49:39.986,95.36,95.36,,95.36,400.0,1410.0,1593.0,33.0,P0,100.0,average_instant,"2026/06/03 04:49:39.986, 95.36, [N/A], 95.36, 400.00, 1410, 1593, 33, P0, 100"
1780462180096410494,2026/06/03 04:49:40.116,95.36,95.36,,95.36,400.0,1410.0,1593.0,33.0,P0,100.0,average_instant,"2026/06/03 04:49:40.116, 95.36, [N/A], 95.36, 400.00, 1410, 1593, 33, P0, 100"
1780462180224643536,2026/06/03 04:49:40.243,95.03,95.03,,95.03,400.0,1410.0,1593.0,33.0,P0,100.0,average_instant,"2026/06/03 04:49:40.243, 95.03, [N/A], 95.03, 400.00, 1410, 1593, 33, P0, 100"
1780462180353920640,2026/06/03 04:49:40.373,95.36,95.36,,95.36,400.0,1410.0,1593.0,33.0,P0,100.0,average_instant,"2026/06/03 04:49:40.373, 95.36, [N/A], 95.36, 400.00, 1410, 1593, 33, P0, 100"
1780462180482458230,2026/06/03 04:49:40.501,95.36,95.36,,95.36,400.0,1410.0,1593.0,33.0,P0,100.0,average_instant,"2026/06/03 04:49:40.501, 95.36, [N/A], 95.36, 400.00, 1410, 1593, 33, P0, 100"
1780462180611149718,2026/06/03 04:49:40.630,95.03,95.03,,95.03,400.0,1410.0,1593.0,33.0,P0,100.0,average_instant,"2026/06/03 04:49:40.630, 95.03, [N/A], 95.03, 400.00, 1410, 1593, 33, P0, 100"
1780462180739138199,2026/06/03 04:49:40.758,95.26,95.26,,95.26,400.0,1410.0,1593.0,33.0,P0,100.0,average_instant,"2026/06/03 04:49:40.758, 95.26, [N/A], 95.26, 400.00, 1410, 1593, 33, P0, 100"
1780462180867377291,2026/06/03 04:49:40.886,95.03,95.03,,95.03,400.0,1410.0,1593.0,33.0,P0,100.0,average_instant,"2026/06/03 04:49:40.886, 95.03, [N/A], 95.03, 400.00, 1410, 1593, 33, P0, 100"
1780462180997707513,2026/06/03 04:49:41.016,94.93,94.93,,94.93,400.0,1410.0,1593.0,33.0,P0,100.0,average_instant,"2026/06/03 04:49:41.016, 94.93, [N/A], 94.93, 400.00, 1410, 1593, 33, P0, 100"
1780462181125109498,2026/06/03 04:49:41.146,95.26,95.26,,95.26,400.0,1410.0,1593.0,33.0,P0,100.0,average_instant,"2026/06/03 04:49:41.146, 95.26, [N/A], 95.26, 400.00, 1410, 1593, 33, P0, 100"
1780462181257573015,2026/06/03 04:49:41.276,95.36,95.36,,95.36,400.0,1410.0,1593.0,33.0,P0,100.0,average_instant,"2026/06/03 04:49:41.276, 95.36, [N/A], 95.36, 400.00, 1410, 1593, 33, P0, 100"
1780462181386366553,2026/06/03 04:49:41.406,95.03,95.03,,95.03,400.0,1410.0,1593.0,33.0,P0,100.0,average_instant,"2026/06/03 04:49:41.406, 95.03, [N/A], 95.03, 400.00, 1410, 1593, 33, P0, 100"
1780462181514633878,2026/06/03 04:49:41.534,95.36,95.36,,95.36,400.0,1410.0,1593.0,33.0,P0,100.0,average_instant,"2026/06/03 04:49:41.534, 95.36, [N/A], 95.36, 400.00, 1410, 1593, 33, P0, 100"
1780462181642411572,2026/06/03 04:49:41.661,95.26,95.26,,95.26,400.0,1410.0,1593.0,33.0,P0,100.0,average_instant,"2026/06/03 04:49:41.661, 95.26, [N/A], 95.26, 400.00, 1410, 1593, 33, P0, 100"
1780462181771058205,2026/06/03 04:49:41.790,95.36,95.36,,95.36,400.0,1410.0,1593.0,33.0,P0,100.0,average_instant,"2026/06/03 04:49:41.790, 95.36, [N/A], 95.36, 400.00, 1410, 1593, 33, P0, 100"
1780462181901490958,2026/06/03 04:49:41.921,95.36,95.36,,95.36,400.0,1410.0,1593.0,33.0,P0,100.0,average_instant,"2026/06/03 04:49:41.921, 95.36, [N/A], 95.36, 400.00, 1410, 1593, 33, P0, 100"
1780462182030459430,2026/06/03 04:49:42.049,95.36,95.36,,95.36,400.0,1410.0,1593.0,33.0,P0,100.0,average_instant,"2026/06/03 04:49:42.049, 95.36, [N/A], 95.36, 400.00, 1410, 1593, 33, P0, 100"
1780462182158287564,2026/06/03 04:49:42.178,95.26,95.26,,95.26,400.0,1410.0,1593.0,33.0,P0,100.0,average_instant,"2026/06/03 04:49:42.178, 95.26, [N/A], 95.26, 400.00, 1410, 1593, 33, P0, 100"
1780462182286800226,2026/06/03 04:49:42.306,95.36,95.36,,95.36,400.0,1410.0,1593.0,33.0,P0,100.0,average_instant,"2026/06/03 04:49:42.306, 95.36, [N/A], 95.36, 400.00, 1410, 1593, 33, P0, 100"
1780462182416515581,2026/06/03 04:49:42.436,95.36,95.36,,95.36,400.0,1410.0,1593.0,33.0,P0,100.0,average_instant,"2026/06/03 04:49:42.436, 95.36, [N/A], 95.36, 400.00, 1410, 1593, 33, P0, 100"
1780462182546314232,2026/06/03 04:49:42.565,95.26,95.26,,95.26,400.0,1410.0,1593.0,33.0,P0,100.0,average_instant,"2026/06/03 04:49:42.565, 95.26, [N/A], 95.26, 400.00, 1410, 1593, 33, P0, 100"
1780462182675082696,2026/06/03 04:49:42.694,95.03,95.03,,95.03,400.0,1410.0,1593.0,33.0,P0,100.0,average_instant,"2026/06/03 04:49:42.694, 95.03, [N/A], 95.03, 400.00, 1410, 1593, 33, P0, 100"
1780462182803556177,2026/06/03 04:49:42.822,95.36,95.36,,95.36,400.0,1410.0,1593.0,33.0,P0,100.0,average_instant,"2026/06/03 04:49:42.822, 95.36, [N/A], 95.36, 400.00, 1410, 1593, 33, P0, 100"
1780462182931313262,2026/06/03 04:49:42.950,95.26,95.26,,95.26,400.0,1410.0,1593.0,33.0,P0,100.0,average_instant,"2026/06/03 04:49:42.950, 95.26, [N/A], 95.26, 400.00, 1410, 1593, 33, P0, 100"
1780462183059223141,2026/06/03 04:49:43.078,94.93,94.93,,94.93,400.0,1410.0,1593.0,33.0,P0,100.0,average_instant,"2026/06/03 04:49:43.078, 94.93, [N/A], 94.93, 400.00, 1410, 1593, 33, P0, 100"
1780462183189026372,2026/06/03 04:49:43.208,95.03,95.03,,95.03,400.0,1410.0,1593.0,33.0,P0,100.0,average_instant,"2026/06/03 04:49:43.208, 95.03, [N/A], 95.03, 400.00, 1410, 1593, 33, P0, 100"
1780462183317857027,2026/06/03 04:49:43.337,95.03,95.03,,95.03,400.0,1410.0,1593.0,33.0,P0,100.0,average_instant,"2026/06/03 04:49:43.337, 95.03, [N/A], 95.03, 400.00, 1410, 1593, 33, P0, 100"
1780462183446794956,2026/06/03 04:49:43.465,95.03,95.03,,95.03,400.0,1410.0,1593.0,33.0,P0,100.0,average_instant,"2026/06/03 04:49:43.465, 95.03, [N/A], 95.03, 400.00, 1410, 1593, 33, P0, 100"
1780462183574284486,2026/06/03 04:49:43.592,94.93,94.93,,94.93,400.0,1410.0,1593.0,33.0,P0,100.0,average_instant,"2026/06/03 04:49:43.592, 94.93, [N/A], 94.93, 400.00, 1410, 1593, 33, P0, 100"
1780462183701185886,2026/06/03 04:49:43.720,94.93,94.93,,94.93,400.0,1410.0,1593.0,33.0,P0,100.0,average_instant,"2026/06/03 04:49:43.720, 94.93, [N/A], 94.93, 400.00, 1410, 1593, 33, P0, 100"
1780462183830030481,2026/06/03 04:49:43.849,95.03,95.03,,95.03,400.0,1410.0,1593.0,33.0,P0,100.0,average_instant,"2026/06/03 04:49:43.849, 95.03, [N/A], 95.03, 400.00, 1410, 1593, 33, P0, 100"
1780462183959606491,2026/06/03 04:49:43.979,95.03,95.03,,95.03,400.0,1410.0,1593.0,33.0,P0,100.0,average_instant,"2026/06/03 04:49:43.979, 95.03, [N/A], 95.03, 400.00, 1410, 1593, 33, P0, 100"
1780462184088332071,2026/06/03 04:49:44.108,94.93,94.93,,94.93,400.0,1410.0,1593.0,33.0,P0,100.0,average_instant,"2026/06/03 04:49:44.108, 94.93, [N/A], 94.93, 400.00, 1410, 1593, 33, P0, 100"
1780462184218021472,2026/06/03 04:49:44.237,95.03,95.03,,95.03,400.0,1410.0,1593.0,33.0,P0,100.0,average_instant,"2026/06/03 04:49:44.237, 95.03, [N/A], 95.03, 400.00, 1410, 1593, 33, P0, 100"
1780462184346297667,2026/06/03 04:49:44.365,95.03,95.03,,95.03,400.0,1410.0,1593.0,33.0,P0,100.0,average_instant,"2026/06/03 04:49:44.365, 95.03, [N/A], 95.03, 400.00, 1410, 1593, 33, P0, 100"
1780462184474640796,2026/06/03 04:49:44.493,95.03,95.03,,95.03,400.0,1410.0,1593.0,33.0,P0,100.0,average_instant,"2026/06/03 04:49:44.493, 95.03, [N/A], 95.03, 400.00, 1410, 1593, 33, P0, 100"
1780462184602707900,2026/06/03 04:49:44.622,95.03,95.03,,95.03,400.0,1410.0,1593.0,33.0,P0,100.0,average_instant,"2026/06/03 04:49:44.622, 95.03, [N/A], 95.03, 400.00, 1410, 1593, 33, P0, 100"
1780462184731424503,2026/06/03 04:49:44.751,95.03,95.03,,95.03,400.0,1410.0,1593.0,33.0,P0,100.0,average_instant,"2026/06/03 04:49:44.751, 95.03, [N/A], 95.03, 400.00, 1410, 1593, 33, P0, 100"
1780462184861006573,2026/06/03 04:49:44.880,94.93,94.93,,94.93,400.0,1410.0,1593.0,33.0,P0,100.0,average_instant,"2026/06/03 04:49:44.880, 94.93, [N/A], 94.93, 400.00, 1410, 1593, 33, P0, 100"
1780462184990924612,2026/06/03 04:49:45.010,94.93,94.93,,94.93,400.0,1410.0,1593.0,33.0,P0,100.0,average_instant,"2026/06/03 04:49:45.010, 94.93, [N/A], 94.93, 400.00, 1410, 1593, 33, P0, 100"
1780462185120140604,2026/06/03 04:49:45.139,94.93,94.93,,94.93,400.0,1410.0,1593.0,33.0,P0,100.0,average_instant,"2026/06/03 04:49:45.139, 94.93, [N/A], 94.93, 400.00, 1410, 1593, 33, P0, 100"
1780462185248512236,2026/06/03 04:49:45.267,94.93,94.93,,94.93,400.0,1410.0,1593.0,33.0,P0,100.0,average_instant,"2026/06/03 04:49:45.267, 94.93, [N/A], 94.93, 400.00, 1410, 1593, 33, P0, 100"
1780462185376415693,2026/06/03 04:49:45.396,95.03,95.03,,95.03,400.0,1410.0,1593.0,33.0,P0,100.0,average_instant,"2026/06/03 04:49:45.396, 95.03, [N/A], 95.03, 400.00, 1410, 1593, 33, P0, 100"
1780462185505271738,2026/06/03 04:49:45.524,95.03,95.03,,95.03,400.0,1410.0,1593.0,33.0,P0,100.0,average_instant,"2026/06/03 04:49:45.524, 95.03, [N/A], 95.03, 400.00, 1410, 1593, 33, P0, 100"
1780462185633590510,2026/06/03 04:49:45.652,95.03,95.03,,95.03,400.0,1410.0,1593.0,33.0,P0,100.0,average_instant,"2026/06/03 04:49:45.652, 95.03, [N/A], 95.03, 400.00, 1410, 1593, 33, P0, 100"
1780462185762117103,2026/06/03 04:49:45.781,95.03,95.03,,95.03,400.0,1410.0,1593.0,33.0,P0,100.0,average_instant,"2026/06/03 04:49:45.781, 95.03, [N/A], 95.03, 400.00, 1410, 1593, 33, P0, 100"
1780462185889987837,2026/06/03 04:49:45.909,94.93,94.93,,94.93,400.0,1410.0,1593.0,33.0,P0,100.0,average_instant,"2026/06/03 04:49:45.909, 94.93, [N/A], 94.93, 400.00, 1410, 1593, 33, P0, 100"
1780462186019164370,2026/06/03 04:49:46.039,95.03,95.03,,95.03,400.0,1410.0,1593.0,33.0,P0,100.0,average_instant,"2026/06/03 04:49:46.039, 95.03, [N/A], 95.03, 400.00, 1410, 1593, 33, P0, 100"
1780462186148512438,2026/06/03 04:49:46.168,95.03,95.03,,95.03,400.0,1410.0,1593.0,33.0,P0,100.0,average_instant,"2026/06/03 04:49:46.168, 95.03, [N/A], 95.03, 400.00, 1410, 1593, 33, P0, 100"
1780462186278463841,2026/06/03 04:49:46.298,95.03,95.03,,95.03,400.0,1410.0,1593.0,33.0,P0,100.0,average_instant,"2026/06/03 04:49:46.298, 95.03, [N/A], 95.03, 400.00, 1410, 1593, 33, P0, 100"
1780462186407838232,2026/06/03 04:49:46.427,95.03,95.03,,95.03,400.0,1410.0,1593.0,33.0,P0,100.0,average_instant,"2026/06/03 04:49:46.427, 95.03, [N/A], 95.03, 400.00, 1410, 1593, 33, P0, 100"
1780462186536450503,2026/06/03 04:49:46.556,95.03,95.03,,95.03,400.0,1410.0,1593.0,33.0,P0,100.0,average_instant,"2026/06/03 04:49:46.556, 95.03, [N/A], 95.03, 400.00, 1410, 1593, 33, P0, 100"
1780462186665478574,2026/06/03 04:49:46.684,94.93,94.93,,94.93,400.0,1410.0,1593.0,33.0,P0,100.0,average_instant,"2026/06/03 04:49:46.684, 94.93, [N/A], 94.93, 400.00, 1410, 1593, 33, P0, 100"
1780462186794206757,2026/06/03 04:49:46.813,94.93,94.93,,94.93,400.0,1410.0,1593.0,33.0,P0,100.0,average_instant,"2026/06/03 04:49:46.813, 94.93, [N/A], 94.93, 400.00, 1410, 1593, 33, P0, 100"
1780462186922163485,2026/06/03 04:49:46.941,94.93,94.93,,94.93,400.0,1410.0,1593.0,33.0,P0,100.0,average_instant,"2026/06/03 04:49:46.941, 94.93, [N/A], 94.93, 400.00, 1410, 1593, 33, P0, 100"
1780462187051333407,2026/06/03 04:49:47.070,94.93,94.93,,94.93,400.0,1410.0,1593.0,33.0,P0,100.0,average_instant,"2026/06/03 04:49:47.070, 94.93, [N/A], 94.93, 400.00, 1410, 1593, 33, P0, 100"
1780462187179423635,2026/06/03 04:49:47.199,95.03,95.03,,95.03,400.0,1410.0,1593.0,33.0,P0,100.0,average_instant,"2026/06/03 04:49:47.199, 95.03, [N/A], 95.03, 400.00, 1410, 1593, 33, P0, 100"
1780462187309201997,2026/06/03 04:49:47.329,94.93,94.93,,94.93,400.0,1410.0,1593.0,33.0,P0,100.0,average_instant,"2026/06/03 04:49:47.329, 94.93, [N/A], 94.93, 400.00, 1410, 1593, 33, P0, 100"
1780462187439817875,2026/06/03 04:49:47.459,95.03,95.03,,95.03,400.0,1410.0,1593.0,33.0,P0,100.0,average_instant,"2026/06/03 04:49:47.459, 95.03, [N/A], 95.03, 400.00, 1410, 1593, 33, P0, 100"
1780462187569619012,2026/06/03 04:49:47.589,94.93,94.93,,94.93,400.0,1410.0,1593.0,33.0,P0,100.0,average_instant,"2026/06/03 04:49:47.589, 94.93, [N/A], 94.93, 400.00, 1410, 1593, 33, P0, 100"
1780462187701145047,2026/06/03 04:49:47.722,95.03,95.03,,95.03,400.0,1410.0,1593.0,33.0,P0,100.0,average_instant,"2026/06/03 04:49:47.722, 95.03, [N/A], 95.03, 400.00, 1410, 1593, 33, P0, 100"
1780462187831803572,2026/06/03 04:49:47.851,95.03,95.03,,95.03,400.0,1410.0,1593.0,33.0,P0,100.0,average_instant,"2026/06/03 04:49:47.851, 95.03, [N/A], 95.03, 400.00, 1410, 1593, 33, P0, 100"
1780462187960673811,2026/06/03 04:49:47.980,94.93,94.93,,94.93,400.0,1410.0,1593.0,33.0,P0,100.0,average_instant,"2026/06/03 04:49:47.980, 94.93, [N/A], 94.93, 400.00, 1410, 1593, 33, P0, 100"
1780462188089761029,2026/06/03 04:49:48.109,94.93,94.93,,94.93,400.0,1410.0,1593.0,33.0,P0,100.0,average_instant,"2026/06/03 04:49:48.109, 94.93, [N/A], 94.93, 400.00, 1410, 1593, 33, P0, 100"
1780462188221599235,2026/06/03 04:49:48.240,95.03,95.03,,95.03,400.0,1410.0,1593.0,33.0,P0,100.0,average_instant,"2026/06/03 04:49:48.240, 95.03, [N/A], 95.03, 400.00, 1410, 1593, 33, P0, 100"
1780462188350056637,2026/06/03 04:49:48.369,95.03,95.03,,95.03,400.0,1410.0,1593.0,33.0,P0,100.0,average_instant,"2026/06/03 04:49:48.369, 95.03, [N/A], 95.03, 400.00, 1410, 1593, 33, P0, 100"
1780462188479254769,2026/06/03 04:49:48.499,94.93,94.93,,94.93,400.0,1410.0,1593.0,33.0,P0,100.0,average_instant,"2026/06/03 04:49:48.499, 94.93, [N/A], 94.93, 400.00, 1410, 1593, 33, P0, 100"
1780462188609632707,2026/06/03 04:49:48.629,95.03,95.03,,95.03,400.0,1410.0,1593.0,33.0,P0,100.0,average_instant,"2026/06/03 04:49:48.629, 95.03, [N/A], 95.03, 400.00, 1410, 1593, 33, P0, 100"
1780462188738049608,2026/06/03 04:49:48.757,94.93,94.93,,94.93,400.0,1410.0,1593.0,33.0,P0,100.0,average_instant,"2026/06/03 04:49:48.757, 94.93, [N/A], 94.93, 400.00, 1410, 1593, 33, P0, 100"
1780462188867719276,2026/06/03 04:49:48.887,95.03,95.03,,95.03,400.0,1410.0,1593.0,33.0,P0,100.0,average_instant,"2026/06/03 04:49:48.887, 95.03, [N/A], 95.03, 400.00, 1410, 1593, 33, P0, 100"
1780462188997923965,2026/06/03 04:49:49.017,94.93,94.93,,94.93,400.0,1410.0,1593.0,33.0,P0,100.0,average_instant,"2026/06/03 04:49:49.017, 94.93, [N/A], 94.93, 400.00, 1410, 1593, 33, P0, 100"
1780462189126657235,2026/06/03 04:49:49.146,95.03,95.03,,95.03,400.0,1410.0,1593.0,33.0,P0,100.0,average_instant,"2026/06/03 04:49:49.146, 95.03, [N/A], 95.03, 400.00, 1410, 1593, 33, P0, 100"
1780462189255496179,2026/06/03 04:49:49.274,95.03,95.03,,95.03,400.0,1410.0,1593.0,33.0,P0,100.0,average_instant,"2026/06/03 04:49:49.274, 95.03, [N/A], 95.03, 400.00, 1410, 1593, 33, P0, 100"
1780462189384806201,2026/06/03 04:49:49.403,95.03,95.03,,95.03,400.0,1410.0,1593.0,33.0,P0,100.0,average_instant,"2026/06/03 04:49:49.403, 95.03, [N/A], 95.03, 400.00, 1410, 1593, 33, P0, 100"
1780462189512254146,2026/06/03 04:49:49.531,94.93,94.93,,94.93,400.0,1410.0,1593.0,33.0,P0,100.0,average_instant,"2026/06/03 04:49:49.531, 94.93, [N/A], 94.93, 400.00, 1410, 1593, 33, P0, 100"
1780462189640021077,2026/06/03 04:49:49.659,95.03,95.03,,95.03,400.0,1410.0,1593.0,33.0,P0,100.0,average_instant,"2026/06/03 04:49:49.659, 95.03, [N/A], 95.03, 400.00, 1410, 1593, 33, P0, 100"
1780462189768995395,2026/06/03 04:49:49.788,95.03,95.03,,95.03,400.0,1410.0,1593.0,33.0,P0,100.0,average_instant,"2026/06/03 04:49:49.788, 95.03, [N/A], 95.03, 400.00, 1410, 1593, 33, P0, 100"
1780462189899415074,2026/06/03 04:49:49.919,95.03,95.03,,95.03,400.0,1410.0,1593.0,33.0,P0,100.0,average_instant,"2026/06/03 04:49:49.919, 95.03, [N/A], 95.03, 400.00, 1410, 1593, 33, P0, 100"
1780462190029811990,2026/06/03 04:49:50.049,95.03,95.03,,95.03,400.0,1410.0,1593.0,33.0,P0,100.0,average_instant,"2026/06/03 04:49:50.049, 95.03, [N/A], 95.03, 400.00, 1410, 1593, 33, P0, 100"
1780462190159469079,2026/06/03 04:49:50.179,95.03,95.03,,95.03,400.0,1410.0,1593.0,33.0,P0,100.0,average_instant,"2026/06/03 04:49:50.179, 95.03, [N/A], 95.03, 400.00, 1410, 1593, 33, P0, 100"
1780462190289958722,2026/06/03 04:49:50.309,94.93,94.93,,94.93,400.0,1410.0,1593.0,33.0,P0,100.0,average_instant,"2026/06/03 04:49:50.309, 94.93, [N/A], 94.93, 400.00, 1410, 1593, 33, P0, 100"
1780462190419915686,2026/06/03 04:49:50.439,95.03,95.03,,95.03,400.0,1410.0,1593.0,33.0,P0,100.0,average_instant,"2026/06/03 04:49:50.439, 95.03, [N/A], 95.03, 400.00, 1410, 1593, 33, P0, 100"
1780462190548524268,2026/06/03 04:49:50.567,95.03,95.03,,95.03,400.0,1410.0,1593.0,33.0,P0,100.0,average_instant,"2026/06/03 04:49:50.567, 95.03, [N/A], 95.03, 400.00, 1410, 1593, 33, P0, 100"
1780462190676090300,2026/06/03 04:49:50.695,94.93,94.93,,94.93,400.0,1410.0,1593.0,33.0,P0,100.0,average_instant,"2026/06/03 04:49:50.695, 94.93, [N/A], 94.93, 400.00, 1410, 1593, 33, P0, 100"
1780462190805379240,2026/06/03 04:49:50.825,95.03,95.03,,95.03,400.0,1410.0,1593.0,33.0,P0,100.0,average_instant,"2026/06/03 04:49:50.825, 95.03, [N/A], 95.03, 400.00, 1410, 1593, 33, P0, 100"
1780462190936374122,2026/06/03 04:49:50.955,95.03,95.03,,95.03,400.0,1410.0,1593.0,33.0,P0,100.0,average_instant,"2026/06/03 04:49:50.955, 95.03, [N/A], 95.03, 400.00, 1410, 1593, 33, P0, 100"
1780462191064893228,2026/06/03 04:49:51.084,95.03,95.03,,95.03,400.0,1410.0,1593.0,33.0,P0,100.0,average_instant,"2026/06/03 04:49:51.084, 95.03, [N/A], 95.03, 400.00, 1410, 1593, 33, P0, 100"
1780462191194620290,2026/06/03 04:49:51.214,94.93,94.93,,94.93,400.0,1410.0,1593.0,33.0,P0,100.0,average_instant,"2026/06/03 04:49:51.214, 94.93, [N/A], 94.93, 400.00, 1410, 1593, 33, P0, 100"
1780462191323877494,2026/06/03 04:49:51.343,95.03,95.03,,95.03,400.0,1410.0,1593.0,33.0,P0,100.0,average_instant,"2026/06/03 04:49:51.343, 95.03, [N/A], 95.03, 400.00, 1410, 1593, 33, P0, 100"
1780462191452784553,2026/06/03 04:49:51.472,94.93,94.93,,94.93,400.0,1410.0,1593.0,33.0,P0,100.0,average_instant,"2026/06/03 04:49:51.472, 94.93, [N/A], 94.93, 400.00, 1410, 1593, 33, P0, 100"
1780462191581643503,2026/06/03 04:49:51.601,95.03,95.03,,95.03,400.0,1410.0,1593.0,33.0,P0,100.0,average_instant,"2026/06/03 04:49:51.601, 95.03, [N/A], 95.03, 400.00, 1410, 1593, 33, P0, 100"
1780462191710420398,2026/06/03 04:49:51.729,95.03,95.03,,95.03,400.0,1410.0,1593.0,33.0,P0,100.0,average_instant,"2026/06/03 04:49:51.729, 95.03, [N/A], 95.03, 400.00, 1410, 1593, 33, P0, 100"
1780462191839980425,2026/06/03 04:49:51.859,95.03,95.03,,95.03,400.0,1410.0,1593.0,33.0,P0,100.0,average_instant,"2026/06/03 04:49:51.859, 95.03, [N/A], 95.03, 400.00, 1410, 1593, 33, P0, 100"
1780462191967959622,2026/06/03 04:49:51.987,95.03,95.03,,95.03,400.0,1410.0,1593.0,33.0,P0,100.0,average_instant,"2026/06/03 04:49:51.987, 95.03, [N/A], 95.03, 400.00, 1410, 1593, 33, P0, 100"
1780462192097654611,2026/06/03 04:49:52.117,94.93,94.93,,94.93,400.0,1410.0,1593.0,33.0,P0,100.0,average_instant,"2026/06/03 04:49:52.117, 94.93, [N/A], 94.93, 400.00, 1410, 1593, 33, P0, 100"
1780462192226365052,2026/06/03 04:49:52.246,95.03,95.03,,95.03,400.0,1410.0,1593.0,33.0,P0,100.0,average_instant,"2026/06/03 04:49:52.246, 95.03, [N/A], 95.03, 400.00, 1410, 1593, 33, P0, 100"
1780462192355346768,2026/06/03 04:49:52.375,95.03,95.03,,95.03,400.0,1410.0,1593.0,33.0,P0,100.0,average_instant,"2026/06/03 04:49:52.375, 95.03, [N/A], 95.03, 400.00, 1410, 1593, 33, P0, 100"
1780462192486193151,2026/06/03 04:49:52.505,94.93,94.93,,94.93,400.0,1410.0,1593.0,33.0,P0,100.0,average_instant,"2026/06/03 04:49:52.505, 94.93, [N/A], 94.93, 400.00, 1410, 1593, 33, P0, 100"
1780462192614951103,2026/06/03 04:49:52.634,95.03,95.03,,95.03,400.0,1410.0,1593.0,33.0,P0,100.0,average_instant,"2026/06/03 04:49:52.634, 95.03, [N/A], 95.03, 400.00, 1410, 1593, 33, P0, 100"
1780462192745144685,2026/06/03 04:49:52.765,94.93,94.93,,94.93,400.0,1410.0,1593.0,33.0,P0,100.0,average_instant,"2026/06/03 04:49:52.765, 94.93, [N/A], 94.93, 400.00, 1410, 1593, 33, P0, 100"
1780462192875287101,2026/06/03 04:49:52.895,94.93,94.93,,94.93,400.0,1410.0,1593.0,33.0,P0,100.0,average_instant,"2026/06/03 04:49:52.895, 94.93, [N/A], 94.93, 400.00, 1410, 1593, 33, P0, 100"
1780462193005112962,2026/06/03 04:49:53.024,94.93,94.93,,94.93,400.0,1410.0,1593.0,33.0,P0,100.0,average_instant,"2026/06/03 04:49:53.024, 94.93, [N/A], 94.93, 400.00, 1410, 1593, 33, P0, 100"
1780462193135288587,2026/06/03 04:49:53.155,95.03,95.03,,95.03,400.0,1410.0,1593.0,33.0,P0,100.0,average_instant,"2026/06/03 04:49:53.155, 95.03, [N/A], 95.03, 400.00, 1410, 1593, 33, P0, 100"
1780462193264505927,2026/06/03 04:49:53.284,95.03,95.03,,95.03,400.0,1410.0,1593.0,33.0,P0,100.0,average_instant,"2026/06/03 04:49:53.284, 95.03, [N/A], 95.03, 400.00, 1410, 1593, 33, P0, 100"
1780462193393453140,2026/06/03 04:49:53.412,95.03,95.03,,95.03,400.0,1410.0,1593.0,33.0,P0,100.0,average_instant,"2026/06/03 04:49:53.412, 95.03, [N/A], 95.03, 400.00, 1410, 1593, 33, P0, 100"
1780462193521272810,2026/06/03 04:49:53.540,95.03,95.03,,95.03,400.0,1410.0,1593.0,33.0,P0,100.0,average_instant,"2026/06/03 04:49:53.540, 95.03, [N/A], 95.03, 400.00, 1410, 1593, 33, P0, 100"
1780462193650566083,2026/06/03 04:49:53.670,95.03,95.03,,95.03,400.0,1410.0,1593.0,33.0,P0,100.0,average_instant,"2026/06/03 04:49:53.670, 95.03, [N/A], 95.03, 400.00, 1410, 1593, 33, P0, 100"
1780462193779350293,2026/06/03 04:49:53.799,95.03,95.03,,95.03,400.0,1410.0,1593.0,33.0,P0,100.0,average_instant,"2026/06/03 04:49:53.799, 95.03, [N/A], 95.03, 400.00, 1410, 1593, 33, P0, 100"
1780462193909148526,2026/06/03 04:49:53.928,95.03,95.03,,95.03,400.0,1410.0,1593.0,33.0,P0,100.0,average_instant,"2026/06/03 04:49:53.928, 95.03, [N/A], 95.03, 400.00, 1410, 1593, 33, P0, 100"
1780462194037938819,2026/06/03 04:49:54.057,94.93,94.93,,94.93,400.0,1410.0,1593.0,33.0,P0,100.0,average_instant,"2026/06/03 04:49:54.057, 94.93, [N/A], 94.93, 400.00, 1410, 1593, 33, P0, 100"
1780462194166786819,2026/06/03 04:49:54.186,95.03,95.03,,95.03,400.0,1410.0,1593.0,33.0,P0,100.0,average_instant,"2026/06/03 04:49:54.186, 95.03, [N/A], 95.03, 400.00, 1410, 1593, 33, P0, 100"
1780462194295888714,2026/06/03 04:49:54.315,95.03,95.03,,95.03,400.0,1410.0,1593.0,33.0,P0,100.0,average_instant,"2026/06/03 04:49:54.315, 95.03, [N/A], 95.03, 400.00, 1410, 1593, 33, P0, 100"
1780462194424709849,2026/06/03 04:49:54.444,95.03,95.03,,95.03,400.0,1410.0,1593.0,33.0,P0,100.0,average_instant,"2026/06/03 04:49:54.444, 95.03, [N/A], 95.03, 400.00, 1410, 1593, 33, P0, 100"
1780462194555608010,2026/06/03 04:49:54.574,95.03,95.03,,95.03,400.0,1410.0,1593.0,33.0,P0,100.0,average_instant,"2026/06/03 04:49:54.574, 95.03, [N/A], 95.03, 400.00, 1410, 1593, 33, P0, 100"
1780462194684255177,2026/06/03 04:49:54.704,95.03,95.03,,95.03,400.0,1410.0,1593.0,33.0,P0,100.0,average_instant,"2026/06/03 04:49:54.704, 95.03, [N/A], 95.03, 400.00, 1410, 1593, 33, P0, 100"
1780462194813556796,2026/06/03 04:49:54.839,95.03,95.03,,95.03,400.0,1410.0,1593.0,33.0,P0,100.0,average_instant,"2026/06/03 04:49:54.839, 95.03, [N/A], 95.03, 400.00, 1410, 1593, 33, P0, 100"
1780462194960623221,2026/06/03 04:49:54.979,95.36,95.36,,95.36,400.0,1410.0,1593.0,33.0,P0,100.0,average_instant,"2026/06/03 04:49:54.979, 95.36, [N/A], 95.36, 400.00, 1410, 1593, 33, P0, 100"
1780462195088064608,2026/06/03 04:49:55.108,94.93,94.93,,94.93,400.0,1410.0,1593.0,33.0,P0,100.0,average_instant,"2026/06/03 04:49:55.108, 94.93, [N/A], 94.93, 400.00, 1410, 1593, 33, P0, 100"
1780462195217982055,2026/06/03 04:49:55.237,95.26,95.26,,95.26,400.0,1410.0,1593.0,33.0,P0,100.0,average_instant,"2026/06/03 04:49:55.237, 95.26, [N/A], 95.26, 400.00, 1410, 1593, 33, P0, 100"
1780462195346431763,2026/06/03 04:49:55.365,95.26,95.26,,95.26,400.0,1410.0,1593.0,33.0,P0,100.0,average_instant,"2026/06/03 04:49:55.365, 95.26, [N/A], 95.26, 400.00, 1410, 1593, 33, P0, 100"
1780462195474906889,2026/06/03 04:49:55.494,95.03,95.03,,95.03,400.0,1410.0,1593.0,33.0,P0,100.0,average_instant,"2026/06/03 04:49:55.494, 95.03, [N/A], 95.03, 400.00, 1410, 1593, 33, P0, 100"
1780462195603801100,2026/06/03 04:49:55.623,94.93,94.93,,94.93,400.0,1410.0,1593.0,33.0,P0,100.0,average_instant,"2026/06/03 04:49:55.623, 94.93, [N/A], 94.93, 400.00, 1410, 1593, 33, P0, 100"
1780462195732600275,2026/06/03 04:49:55.752,95.26,95.26,,95.26,400.0,1410.0,1593.0,33.0,P0,100.0,average_instant,"2026/06/03 04:49:55.752, 95.26, [N/A], 95.26, 400.00, 1410, 1593, 33, P0, 100"
1780462195863142574,2026/06/03 04:49:55.882,95.03,95.03,,95.03,400.0,1410.0,1593.0,33.0,P0,100.0,average_instant,"2026/06/03 04:49:55.882, 95.03, [N/A], 95.03, 400.00, 1410, 1593, 33, P0, 100"
1780462195991610738,2026/06/03 04:49:56.011,95.03,95.03,,95.03,400.0,1410.0,1593.0,33.0,P0,100.0,average_instant,"2026/06/03 04:49:56.011, 95.03, [N/A], 95.03, 400.00, 1410, 1593, 33, P0, 100"
1780462196120705502,2026/06/03 04:49:56.140,95.36,95.36,,95.36,400.0,1410.0,1593.0,33.0,P0,100.0,average_instant,"2026/06/03 04:49:56.140, 95.36, [N/A], 95.36, 400.00, 1410, 1593, 33, P0, 100"
1780462196250460968,2026/06/03 04:49:56.270,95.36,95.36,,95.36,400.0,1410.0,1593.0,33.0,P0,100.0,average_instant,"2026/06/03 04:49:56.270, 95.36, [N/A], 95.36, 400.00, 1410, 1593, 33, P0, 100"
1780462196379701966,2026/06/03 04:49:56.400,95.36,95.36,,95.36,400.0,1410.0,1593.0,33.0,P0,100.0,average_instant,"2026/06/03 04:49:56.400, 95.36, [N/A], 95.36, 400.00, 1410, 1593, 33, P0, 100"
1780462196511442517,2026/06/03 04:49:56.531,94.93,94.93,,94.93,400.0,1410.0,1593.0,33.0,P0,100.0,average_instant,"2026/06/03 04:49:56.531, 94.93, [N/A], 94.93, 400.00, 1410, 1593, 33, P0, 100"
1780462196640338836,2026/06/03 04:49:56.659,95.03,95.03,,95.03,400.0,1410.0,1593.0,33.0,P0,100.0,average_instant,"2026/06/03 04:49:56.659, 95.03, [N/A], 95.03, 400.00, 1410, 1593, 33, P0, 100"
1780462196771636954,2026/06/03 04:49:56.790,95.03,95.03,,95.03,400.0,1410.0,1593.0,33.0,P0,100.0,average_instant,"2026/06/03 04:49:56.790, 95.03, [N/A], 95.03, 400.00, 1410, 1593, 33, P0, 100"
1780462196902414516,2026/06/03 04:49:56.921,94.93,94.93,,94.93,400.0,1410.0,1593.0,33.0,P0,100.0,average_instant,"2026/06/03 04:49:56.921, 94.93, [N/A], 94.93, 400.00, 1410, 1593, 33, P0, 100"
1780462197032190986,2026/06/03 04:49:57.051,95.26,95.26,,95.26,400.0,1410.0,1593.0,33.0,P0,100.0,average_instant,"2026/06/03 04:49:57.051, 95.26, [N/A], 95.26, 400.00, 1410, 1593, 33, P0, 100"
1780462197160971385,2026/06/03 04:49:57.180,95.03,95.03,,95.03,400.0,1410.0,1593.0,33.0,P0,100.0,average_instant,"2026/06/03 04:49:57.180, 95.03, [N/A], 95.03, 400.00, 1410, 1593, 33, P0, 100"
1780462197289471129,2026/06/03 04:49:57.309,95.26,95.26,,95.26,400.0,1410.0,1593.0,33.0,P0,100.0,average_instant,"2026/06/03 04:49:57.309, 95.26, [N/A], 95.26, 400.00, 1410, 1593, 33, P0, 100"
1780462197418996516,2026/06/03 04:49:57.438,95.03,95.03,,95.03,400.0,1410.0,1593.0,33.0,P0,100.0,average_instant,"2026/06/03 04:49:57.438, 95.03, [N/A], 95.03, 400.00, 1410, 1593, 33, P0, 100"
1780462197547184871,2026/06/03 04:49:57.567,95.26,95.26,,95.26,400.0,1410.0,1593.0,33.0,P0,100.0,average_instant,"2026/06/03 04:49:57.567, 95.26, [N/A], 95.26, 400.00, 1410, 1593, 33, P0, 100"
1780462197676800597,2026/06/03 04:49:57.696,95.03,95.03,,95.03,400.0,1410.0,1593.0,33.0,P0,100.0,average_instant,"2026/06/03 04:49:57.696, 95.03, [N/A], 95.03, 400.00, 1410, 1593, 33, P0, 100"
1780462197806090019,2026/06/03 04:49:57.826,95.26,95.26,,95.26,400.0,1410.0,1593.0,33.0,P0,100.0,average_instant,"2026/06/03 04:49:57.826, 95.26, [N/A], 95.26, 400.00, 1410, 1593, 33, P0, 100"
1780462197935654501,2026/06/03 04:49:57.955,95.03,95.03,,95.03,400.0,1410.0,1593.0,33.0,P0,100.0,average_instant,"2026/06/03 04:49:57.955, 95.03, [N/A], 95.03, 400.00, 1410, 1593, 33, P0, 100"
1780462198063945874,2026/06/03 04:49:58.083,95.03,95.03,,95.03,400.0,1410.0,1593.0,33.0,P0,100.0,average_instant,"2026/06/03 04:49:58.083, 95.03, [N/A], 95.03, 400.00, 1410, 1593, 33, P0, 100"
1780462198193306659,2026/06/03 04:49:58.212,95.03,95.03,,95.03,400.0,1410.0,1593.0,33.0,P0,100.0,average_instant,"2026/06/03 04:49:58.212, 95.03, [N/A], 95.03, 400.00, 1410, 1593, 33, P0, 100"
1780462198321155231,2026/06/03 04:49:58.341,94.93,94.93,,94.93,400.0,1410.0,1593.0,33.0,P0,100.0,average_instant,"2026/06/03 04:49:58.341, 94.93, [N/A], 94.93, 400.00, 1410, 1593, 33, P0, 100"
1780462198450088086,2026/06/03 04:49:58.469,95.03,95.03,,95.03,400.0,1410.0,1593.0,33.0,P0,100.0,average_instant,"2026/06/03 04:49:58.469, 95.03, [N/A], 95.03, 400.00, 1410, 1593, 33, P0, 100"
1780462198579817098,2026/06/03 04:49:58.600,95.36,95.36,,95.36,400.0,1410.0,1593.0,33.0,P0,100.0,average_instant,"2026/06/03 04:49:58.600, 95.36, [N/A], 95.36, 400.00, 1410, 1593, 33, P0, 100"
1780462198709804842,2026/06/03 04:49:58.728,95.03,95.03,,95.03,400.0,1410.0,1593.0,33.0,P0,100.0,average_instant,"2026/06/03 04:49:58.728, 95.03, [N/A], 95.03, 400.00, 1410, 1593, 33, P0, 100"
1780462198837645053,2026/06/03 04:49:58.857,95.36,95.36,,95.36,400.0,1410.0,1593.0,33.0,P0,100.0,average_instant,"2026/06/03 04:49:58.857, 95.36, [N/A], 95.36, 400.00, 1410, 1593, 33, P0, 100"
1780462198968039771,2026/06/03 04:49:58.987,95.03,95.03,,95.03,400.0,1410.0,1593.0,33.0,P0,100.0,average_instant,"2026/06/03 04:49:58.987, 95.03, [N/A], 95.03, 400.00, 1410, 1593, 33, P0, 100"
1780462199096213113,2026/06/03 04:49:59.115,94.93,94.93,,94.93,400.0,1410.0,1593.0,33.0,P0,100.0,average_instant,"2026/06/03 04:49:59.115, 94.93, [N/A], 94.93, 400.00, 1410, 1593, 33, P0, 100"
1780462199226101293,2026/06/03 04:49:59.245,95.36,95.36,,95.36,400.0,1410.0,1593.0,33.0,P0,100.0,average_instant,"2026/06/03 04:49:59.245, 95.36, [N/A], 95.36, 400.00, 1410, 1593, 33, P0, 100"
1780462199354272618,2026/06/03 04:49:59.373,95.26,95.26,,95.26,400.0,1410.0,1593.0,33.0,P0,100.0,average_instant,"2026/06/03 04:49:59.373, 95.26, [N/A], 95.26, 400.00, 1410, 1593, 33, P0, 100"
1780462199483018463,2026/06/03 04:49:59.502,95.03,95.03,,95.03,400.0,1410.0,1593.0,33.0,P0,100.0,average_instant,"2026/06/03 04:49:59.502, 95.03, [N/A], 95.03, 400.00, 1410, 1593, 33, P0, 100"
1780462199611693196,2026/06/03 04:49:59.631,95.36,95.36,,95.36,400.0,1410.0,1593.0,33.0,P0,100.0,average_instant,"2026/06/03 04:49:59.631, 95.36, [N/A], 95.36, 400.00, 1410, 1593, 33, P0, 100"
1780462199740510482,2026/06/03 04:49:59.760,95.36,95.36,,95.36,400.0,1410.0,1593.0,33.0,P0,100.0,average_instant,"2026/06/03 04:49:59.760, 95.36, [N/A], 95.36, 400.00, 1410, 1593, 33, P0, 100"
1780462199870079188,2026/06/03 04:49:59.890,95.36,95.36,,95.36,400.0,1410.0,1593.0,33.0,P0,100.0,average_instant,"2026/06/03 04:49:59.890, 95.36, [N/A], 95.36, 400.00, 1410, 1593, 33, P0, 100"
1780462200001211648,2026/06/03 04:50:00.021,95.03,95.03,,95.03,400.0,1410.0,1593.0,33.0,P0,100.0,average_instant,"2026/06/03 04:50:00.021, 95.03, [N/A], 95.03, 400.00, 1410, 1593, 33, P0, 100"
1780462200132097468,2026/06/03 04:50:00.152,95.36,95.36,,95.36,400.0,1410.0,1593.0,33.0,P0,100.0,average_instant,"2026/06/03 04:50:00.152, 95.36, [N/A], 95.36, 400.00, 1410, 1593, 33, P0, 100"
1780462200261959768,2026/06/03 04:50:00.282,95.36,95.36,,95.36,400.0,1410.0,1593.0,33.0,P0,100.0,average_instant,"2026/06/03 04:50:00.282, 95.36, [N/A], 95.36, 400.00, 1410, 1593, 33, P0, 100"
1780462200392712238,2026/06/03 04:50:00.412,95.03,95.03,,95.03,400.0,1410.0,1593.0,33.0,P0,100.0,average_instant,"2026/06/03 04:50:00.412, 95.03, [N/A], 95.03, 400.00, 1410, 1593, 33, P0, 100"
1780462200521144043,2026/06/03 04:50:00.541,95.03,95.03,,95.03,400.0,1410.0,1593.0,33.0,P0,100.0,average_instant,"2026/06/03 04:50:00.541, 95.03, [N/A], 95.03, 400.00, 1410, 1593, 33, P0, 100"
1780462200652568100,2026/06/03 04:50:00.672,95.03,95.03,,95.03,400.0,1410.0,1593.0,33.0,P0,100.0,average_instant,"2026/06/03 04:50:00.672, 95.03, [N/A], 95.03, 400.00, 1410, 1593, 33, P0, 100"
1780462200781533185,2026/06/03 04:50:00.801,95.36,95.36,,95.36,400.0,1410.0,1593.0,33.0,P0,100.0,average_instant,"2026/06/03 04:50:00.801, 95.36, [N/A], 95.36, 400.00, 1410, 1593, 33, P0, 100"
1780462200910651663,2026/06/03 04:50:00.930,95.36,95.36,,95.36,400.0,1410.0,1593.0,33.0,P0,100.0,average_instant,"2026/06/03 04:50:00.930, 95.36, [N/A], 95.36, 400.00, 1410, 1593, 33, P0, 100"
1780462201040462170,2026/06/03 04:50:01.059,95.03,95.03,,95.03,400.0,1410.0,1593.0,33.0,P0,100.0,average_instant,"2026/06/03 04:50:01.059, 95.03, [N/A], 95.03, 400.00, 1410, 1593, 33, P0, 100"
1780462201168529809,2026/06/03 04:50:01.187,95.26,95.26,,95.26,400.0,1410.0,1593.0,33.0,P0,100.0,average_instant,"2026/06/03 04:50:01.187, 95.26, [N/A], 95.26, 400.00, 1410, 1593, 33, P0, 100"
1780462201298059631,2026/06/03 04:50:01.317,95.36,95.36,,95.36,400.0,1410.0,1593.0,33.0,P0,100.0,average_instant,"2026/06/03 04:50:01.317, 95.36, [N/A], 95.36, 400.00, 1410, 1593, 33, P0, 100"
1780462201426471191,2026/06/03 04:50:01.446,95.36,95.36,,95.36,400.0,1410.0,1593.0,33.0,P0,100.0,average_instant,"2026/06/03 04:50:01.446, 95.36, [N/A], 95.36, 400.00, 1410, 1593, 33, P0, 100"
1780462201555939467,2026/06/03 04:50:01.575,95.36,95.36,,95.36,400.0,1410.0,1593.0,33.0,P0,100.0,average_instant,"2026/06/03 04:50:01.575, 95.36, [N/A], 95.36, 400.00, 1410, 1593, 33, P0, 100"
1780462201684835405,2026/06/03 04:50:01.704,95.36,95.36,,95.36,400.0,1410.0,1593.0,33.0,P0,100.0,average_instant,"2026/06/03 04:50:01.704, 95.36, [N/A], 95.36, 400.00, 1410, 1593, 33, P0, 100"
1780462201813656400,2026/06/03 04:50:01.833,95.03,95.03,,95.03,400.0,1410.0,1593.0,33.0,P0,100.0,average_instant,"2026/06/03 04:50:01.833, 95.03, [N/A], 95.03, 400.00, 1410, 1593, 33, P0, 100"
1780462201942261507,2026/06/03 04:50:01.961,95.36,95.36,,95.36,400.0,1410.0,1593.0,33.0,P0,100.0,average_instant,"2026/06/03 04:50:01.961, 95.36, [N/A], 95.36, 400.00, 1410, 1593, 33, P0, 100"
1780462202070910955,2026/06/03 04:50:02.090,94.93,94.93,,94.93,400.0,1410.0,1593.0,33.0,P0,100.0,average_instant,"2026/06/03 04:50:02.090, 94.93, [N/A], 94.93, 400.00, 1410, 1593, 33, P0, 100"
1780462202201798488,2026/06/03 04:50:02.221,95.36,95.36,,95.36,400.0,1410.0,1593.0,33.0,P0,100.0,average_instant,"2026/06/03 04:50:02.221, 95.36, [N/A], 95.36, 400.00, 1410, 1593, 33, P0, 100"
1780462202331061137,2026/06/03 04:50:02.350,95.36,95.36,,95.36,400.0,1410.0,1593.0,33.0,P0,100.0,average_instant,"2026/06/03 04:50:02.350, 95.36, [N/A], 95.36, 400.00, 1410, 1593, 33, P0, 100"
1780462202459688790,2026/06/03 04:50:02.479,95.03,95.03,,95.03,400.0,1410.0,1593.0,33.0,P0,100.0,average_instant,"2026/06/03 04:50:02.479, 95.03, [N/A], 95.03, 400.00, 1410, 1593, 33, P0, 100"
1780462202589182417,2026/06/03 04:50:02.608,95.03,95.03,,95.03,400.0,1410.0,1593.0,33.0,P0,100.0,average_instant,"2026/06/03 04:50:02.608, 95.03, [N/A], 95.03, 400.00, 1410, 1593, 33, P0, 100"
1780462202718097618,2026/06/03 04:50:02.737,95.36,95.36,,95.36,400.0,1410.0,1593.0,33.0,P0,100.0,average_instant,"2026/06/03 04:50:02.737, 95.36, [N/A], 95.36, 400.00, 1410, 1593, 33, P0, 100"
1780462202847853300,2026/06/03 04:50:02.868,95.36,95.36,,95.36,400.0,1410.0,1593.0,33.0,P0,100.0,average_instant,"2026/06/03 04:50:02.868, 95.36, [N/A], 95.36, 400.00, 1410, 1593, 33, P0, 100"
1780462202978624777,2026/06/03 04:50:02.998,95.36,95.36,,95.36,400.0,1410.0,1593.0,33.0,P0,100.0,average_instant,"2026/06/03 04:50:02.998, 95.36, [N/A], 95.36, 400.00, 1410, 1593, 33, P0, 100"
1780462203109348691,2026/06/03 04:50:03.128,95.36,95.36,,95.36,400.0,1410.0,1593.0,33.0,P0,100.0,average_instant,"2026/06/03 04:50:03.128, 95.36, [N/A], 95.36, 400.00, 1410, 1593, 33, P0, 100"
1780462203237542570,2026/06/03 04:50:03.257,95.03,95.03,,95.03,400.0,1410.0,1593.0,33.0,P0,100.0,average_instant,"2026/06/03 04:50:03.257, 95.03, [N/A], 95.03, 400.00, 1410, 1593, 33, P0, 100"
1780462203366595786,2026/06/03 04:50:03.385,95.36,95.36,,95.36,400.0,1410.0,1593.0,33.0,P0,100.0,average_instant,"2026/06/03 04:50:03.385, 95.36, [N/A], 95.36, 400.00, 1410, 1593, 33, P0, 100"
1780462203494874213,2026/06/03 04:50:03.513,95.36,95.36,,95.36,400.0,1410.0,1593.0,33.0,P0,100.0,average_instant,"2026/06/03 04:50:03.513, 95.36, [N/A], 95.36, 400.00, 1410, 1593, 33, P0, 100"
1780462203622292140,2026/06/03 04:50:03.641,95.36,95.36,,95.36,400.0,1410.0,1593.0,33.0,P0,100.0,average_instant,"2026/06/03 04:50:03.641, 95.36, [N/A], 95.36, 400.00, 1410, 1593, 33, P0, 100"
1780462203750366830,2026/06/03 04:50:03.770,95.36,95.36,,95.36,400.0,1410.0,1593.0,33.0,P0,100.0,average_instant,"2026/06/03 04:50:03.770, 95.36, [N/A], 95.36, 400.00, 1410, 1593, 33, P0, 100"
1780462203879811135,2026/06/03 04:50:03.899,95.36,95.36,,95.36,400.0,1410.0,1593.0,33.0,P0,100.0,average_instant,"2026/06/03 04:50:03.899, 95.36, [N/A], 95.36, 400.00, 1410, 1593, 33, P0, 100"
1780462204009086632,2026/06/03 04:50:04.028,95.36,95.36,,95.36,400.0,1410.0,1593.0,33.0,P0,100.0,average_instant,"2026/06/03 04:50:04.028, 95.36, [N/A], 95.36, 400.00, 1410, 1593, 33, P0, 100"
1780462204138167397,2026/06/03 04:50:04.158,95.36,95.36,,95.36,400.0,1410.0,1593.0,33.0,P0,100.0,average_instant,"2026/06/03 04:50:04.158, 95.36, [N/A], 95.36, 400.00, 1410, 1593, 33, P0, 100"
1780462204267727512,2026/06/03 04:50:04.287,95.36,95.36,,95.36,400.0,1410.0,1593.0,33.0,P0,100.0,average_instant,"2026/06/03 04:50:04.287, 95.36, [N/A], 95.36, 400.00, 1410, 1593, 33, P0, 100"
1780462204397035918,2026/06/03 04:50:04.418,95.36,95.36,,95.36,400.0,1410.0,1593.0,33.0,P0,100.0,average_instant,"2026/06/03 04:50:04.418, 95.36, [N/A], 95.36, 400.00, 1410, 1593, 33, P0, 100"
1780462204527669885,2026/06/03 04:50:04.546,95.36,95.36,,95.36,400.0,1410.0,1593.0,33.0,P0,100.0,average_instant,"2026/06/03 04:50:04.546, 95.36, [N/A], 95.36, 400.00, 1410, 1593, 33, P0, 100"
1780462204656982784,2026/06/03 04:50:04.676,95.03,95.03,,95.03,400.0,1410.0,1593.0,33.0,P0,100.0,average_instant,"2026/06/03 04:50:04.676, 95.03, [N/A], 95.03, 400.00, 1410, 1593, 33, P0, 100"
1780462204785411178,2026/06/03 04:50:04.805,95.36,95.36,,95.36,400.0,1410.0,1593.0,33.0,P0,100.0,average_instant,"2026/06/03 04:50:04.805, 95.36, [N/A], 95.36, 400.00, 1410, 1593, 33, P0, 100"
1780462204915814428,2026/06/03 04:50:04.935,95.36,95.36,,95.36,400.0,1410.0,1593.0,33.0,P0,100.0,average_instant,"2026/06/03 04:50:04.935, 95.36, [N/A], 95.36, 400.00, 1410, 1593, 33, P0, 100"
1780462205044638734,2026/06/03 04:50:05.064,95.26,95.26,,95.26,400.0,1410.0,1593.0,33.0,P0,100.0,average_instant,"2026/06/03 04:50:05.064, 95.26, [N/A], 95.26, 400.00, 1410, 1593, 33, P0, 100"
1780462205174151454,2026/06/03 04:50:05.193,95.26,95.26,,95.26,400.0,1410.0,1593.0,33.0,P0,100.0,average_instant,"2026/06/03 04:50:05.193, 95.26, [N/A], 95.26, 400.00, 1410, 1593, 33, P0, 100"
1780462205305134807,2026/06/03 04:50:05.324,95.36,95.36,,95.36,400.0,1410.0,1593.0,33.0,P0,100.0,average_instant,"2026/06/03 04:50:05.324, 95.36, [N/A], 95.36, 400.00, 1410, 1593, 33, P0, 100"
1780462205432982146,2026/06/03 04:50:05.452,95.26,95.26,,95.26,400.0,1410.0,1593.0,33.0,P0,100.0,average_instant,"2026/06/03 04:50:05.452, 95.26, [N/A], 95.26, 400.00, 1410, 1593, 33, P0, 100"
1780462205562670138,2026/06/03 04:50:05.582,95.03,95.03,,95.03,400.0,1410.0,1593.0,33.0,P0,100.0,average_instant,"2026/06/03 04:50:05.582, 95.03, [N/A], 95.03, 400.00, 1410, 1593, 33, P0, 100"
1780462205691316740,2026/06/03 04:50:05.710,94.93,94.93,,94.93,400.0,1410.0,1593.0,33.0,P0,100.0,average_instant,"2026/06/03 04:50:05.710, 94.93, [N/A], 94.93, 400.00, 1410, 1593, 33, P0, 100"
1780462205820373605,2026/06/03 04:50:05.839,95.26,95.26,,95.26,400.0,1410.0,1593.0,33.0,P0,100.0,average_instant,"2026/06/03 04:50:05.839, 95.26, [N/A], 95.26, 400.00, 1410, 1593, 33, P0, 100"
1780462205949015150,2026/06/03 04:50:05.968,95.03,95.03,,95.03,400.0,1410.0,1593.0,33.0,P0,100.0,average_instant,"2026/06/03 04:50:05.968, 95.03, [N/A], 95.03, 400.00, 1410, 1593, 33, P0, 100"
1780462206077657269,2026/06/03 04:50:06.097,95.26,95.26,,95.26,400.0,1410.0,1593.0,33.0,P0,100.0,average_instant,"2026/06/03 04:50:06.097, 95.26, [N/A], 95.26, 400.00, 1410, 1593, 33, P0, 100"
1780462206207162539,2026/06/03 04:50:06.227,95.36,95.36,,95.36,400.0,1410.0,1593.0,33.0,P0,100.0,average_instant,"2026/06/03 04:50:06.227, 95.36, [N/A], 95.36, 400.00, 1410, 1593, 33, P0, 100"
1780462206336324028,2026/06/03 04:50:06.356,95.26,95.26,,95.26,400.0,1410.0,1593.0,33.0,P0,100.0,average_instant,"2026/06/03 04:50:06.356, 95.26, [N/A], 95.26, 400.00, 1410, 1593, 33, P0, 100"
1780462206466341498,2026/06/03 04:50:06.486,95.36,95.36,,95.36,400.0,1410.0,1593.0,33.0,P0,100.0,average_instant,"2026/06/03 04:50:06.486, 95.36, [N/A], 95.36, 400.00, 1410, 1593, 33, P0, 100"
1780462206596105145,2026/06/03 04:50:06.615,95.03,95.03,,95.03,400.0,1410.0,1593.0,33.0,P0,100.0,average_instant,"2026/06/03 04:50:06.615, 95.03, [N/A], 95.03, 400.00, 1410, 1593, 33, P0, 100"
1780462206725157983,2026/06/03 04:50:06.744,95.03,95.03,,95.03,400.0,1410.0,1593.0,33.0,P0,100.0,average_instant,"2026/06/03 04:50:06.744, 95.03, [N/A], 95.03, 400.00, 1410, 1593, 33, P0, 100"
1780462206853299337,2026/06/03 04:50:06.872,95.36,95.36,,95.36,400.0,1410.0,1593.0,33.0,P0,100.0,average_instant,"2026/06/03 04:50:06.872, 95.36, [N/A], 95.36, 400.00, 1410, 1593, 33, P0, 100"
1780462206981599238,2026/06/03 04:50:07.001,95.26,95.26,,95.26,400.0,1410.0,1593.0,33.0,P0,100.0,average_instant,"2026/06/03 04:50:07.001, 95.26, [N/A], 95.26, 400.00, 1410, 1593, 33, P0, 100"
1780462207112570137,2026/06/03 04:50:07.132,95.36,95.36,,95.36,400.0,1410.0,1593.0,33.0,P0,100.0,average_instant,"2026/06/03 04:50:07.132, 95.36, [N/A], 95.36, 400.00, 1410, 1593, 33, P0, 100"
1780462207241161015,2026/06/03 04:50:07.260,95.36,95.36,,95.36,400.0,1410.0,1593.0,33.0,P0,100.0,average_instant,"2026/06/03 04:50:07.260, 95.36, [N/A], 95.36, 400.00, 1410, 1593, 33, P0, 100"
1780462207369990193,2026/06/03 04:50:07.389,95.36,95.36,,95.36,400.0,1410.0,1593.0,33.0,P0,100.0,average_instant,"2026/06/03 04:50:07.389, 95.36, [N/A], 95.36, 400.00, 1410, 1593, 33, P0, 100"
1780462207497811982,2026/06/03 04:50:07.517,95.26,95.26,,95.26,400.0,1410.0,1593.0,33.0,P0,100.0,average_instant,"2026/06/03 04:50:07.517, 95.26, [N/A], 95.26, 400.00, 1410, 1593, 33, P0, 100"
1780462207626067981,2026/06/03 04:50:07.645,95.03,95.03,,95.03,400.0,1410.0,1593.0,33.0,P0,100.0,average_instant,"2026/06/03 04:50:07.645, 95.03, [N/A], 95.03, 400.00, 1410, 1593, 33, P0, 100"
1780462207755680173,2026/06/03 04:50:07.774,95.03,95.03,,95.03,400.0,1410.0,1593.0,33.0,P0,100.0,average_instant,"2026/06/03 04:50:07.774, 95.03, [N/A], 95.03, 400.00, 1410, 1593, 33, P0, 100"
1780462207883145807,2026/06/03 04:50:07.902,95.36,95.36,,95.36,400.0,1410.0,1593.0,33.0,P0,100.0,average_instant,"2026/06/03 04:50:07.902, 95.36, [N/A], 95.36, 400.00, 1410, 1593, 33, P0, 100"
1780462208011404304,2026/06/03 04:50:08.031,95.03,95.03,,95.03,400.0,1410.0,1593.0,33.0,P0,100.0,average_instant,"2026/06/03 04:50:08.031, 95.03, [N/A], 95.03, 400.00, 1410, 1593, 33, P0, 100"
1780462208140293621,2026/06/03 04:50:08.159,95.26,95.26,,95.26,400.0,1410.0,1593.0,33.0,P0,100.0,average_instant,"2026/06/03 04:50:08.159, 95.26, [N/A], 95.26, 400.00, 1410, 1593, 33, P0, 100"
1780462208268717768,2026/06/03 04:50:08.288,95.36,95.36,,95.36,400.0,1410.0,1593.0,33.0,P0,100.0,average_instant,"2026/06/03 04:50:08.288, 95.36, [N/A], 95.36, 400.00, 1410, 1593, 33, P0, 100"
1780462208397980428,2026/06/03 04:50:08.417,95.36,95.36,,95.36,400.0,1410.0,1593.0,33.0,P0,100.0,average_instant,"2026/06/03 04:50:08.417, 95.36, [N/A], 95.36, 400.00, 1410, 1593, 33, P0, 100"
1780462208526384758,2026/06/03 04:50:08.546,95.03,95.03,,95.03,400.0,1410.0,1593.0,33.0,P0,100.0,average_instant,"2026/06/03 04:50:08.546, 95.03, [N/A], 95.03, 400.00, 1410, 1593, 33, P0, 100"
1780462208655170761,2026/06/03 04:50:08.675,95.36,95.36,,95.36,400.0,1410.0,1593.0,33.0,P0,100.0,average_instant,"2026/06/03 04:50:08.675, 95.36, [N/A], 95.36, 400.00, 1410, 1593, 33, P0, 100"
1780462208785072088,2026/06/03 04:50:08.805,95.26,95.26,,95.26,400.0,1410.0,1593.0,33.0,P0,100.0,average_instant,"2026/06/03 04:50:08.805, 95.26, [N/A], 95.26, 400.00, 1410, 1593, 33, P0, 100"
1780462208915288674,2026/06/03 04:50:08.934,95.36,95.36,,95.36,400.0,1410.0,1593.0,33.0,P0,100.0,average_instant,"2026/06/03 04:50:08.934, 95.36, [N/A], 95.36, 400.00, 1410, 1593, 33, P0, 100"
1780462209044294392,2026/06/03 04:50:09.063,95.03,95.03,,95.03,400.0,1410.0,1593.0,33.0,P0,100.0,average_instant,"2026/06/03 04:50:09.063, 95.03, [N/A], 95.03, 400.00, 1410, 1593, 33, P0, 100"
1780462209172265562,2026/06/03 04:50:09.192,95.36,95.36,,95.36,400.0,1410.0,1593.0,33.0,P0,100.0,average_instant,"2026/06/03 04:50:09.192, 95.36, [N/A], 95.36, 400.00, 1410, 1593, 33, P0, 100"
1780462209303249829,2026/06/03 04:50:09.322,95.26,95.26,,95.26,400.0,1410.0,1593.0,33.0,P0,100.0,average_instant,"2026/06/03 04:50:09.322, 95.26, [N/A], 95.26, 400.00, 1410, 1593, 33, P0, 100"
1780462209431411995,2026/06/03 04:50:09.450,95.36,95.36,,95.36,400.0,1410.0,1593.0,33.0,P0,100.0,average_instant,"2026/06/03 04:50:09.450, 95.36, [N/A], 95.36, 400.00, 1410, 1593, 33, P0, 100"
1780462209559857525,2026/06/03 04:50:09.579,95.26,95.26,,95.26,400.0,1410.0,1593.0,33.0,P0,100.0,average_instant,"2026/06/03 04:50:09.579, 95.26, [N/A], 95.26, 400.00, 1410, 1593, 33, P0, 100"
1780462209688144407,2026/06/03 04:50:09.707,95.36,95.36,,95.36,400.0,1410.0,1593.0,33.0,P0,100.0,average_instant,"2026/06/03 04:50:09.707, 95.36, [N/A], 95.36, 400.00, 1410, 1593, 33, P0, 100"
1780462209815765758,2026/06/03 04:50:09.834,95.26,95.26,,95.26,400.0,1410.0,1593.0,33.0,P0,100.0,average_instant,"2026/06/03 04:50:09.834, 95.26, [N/A], 95.26, 400.00, 1410, 1593, 33, P0, 100"
1780462209943560620,2026/06/03 04:50:09.962,95.26,95.26,,95.26,400.0,1410.0,1593.0,33.0,P0,100.0,average_instant,"2026/06/03 04:50:09.962, 95.26, [N/A], 95.26, 400.00, 1410, 1593, 33, P0, 100"
1780462210071896832,2026/06/03 04:50:10.091,95.36,95.36,,95.36,400.0,1410.0,1593.0,33.0,P0,100.0,average_instant,"2026/06/03 04:50:10.091, 95.36, [N/A], 95.36, 400.00, 1410, 1593, 33, P0, 100"
1780462210201220126,2026/06/03 04:50:10.221,95.03,95.03,,95.03,400.0,1410.0,1593.0,33.0,P0,100.0,average_instant,"2026/06/03 04:50:10.221, 95.03, [N/A], 95.03, 400.00, 1410, 1593, 33, P0, 100"
1780462210332209550,2026/06/03 04:50:10.351,95.36,95.36,,95.36,400.0,1410.0,1593.0,33.0,P0,100.0,average_instant,"2026/06/03 04:50:10.351, 95.36, [N/A], 95.36, 400.00, 1410, 1593, 33, P0, 100"
1780462210461033197,2026/06/03 04:50:10.481,95.36,95.36,,95.36,400.0,1410.0,1593.0,33.0,P0,100.0,average_instant,"2026/06/03 04:50:10.481, 95.36, [N/A], 95.36, 400.00, 1410, 1593, 33, P0, 100"
1780462210592572219,2026/06/03 04:50:10.612,95.36,95.36,,95.36,400.0,1410.0,1593.0,33.0,P0,100.0,average_instant,"2026/06/03 04:50:10.612, 95.36, [N/A], 95.36, 400.00, 1410, 1593, 33, P0, 100"
1780462210720999016,2026/06/03 04:50:10.740,95.26,95.26,,95.26,400.0,1410.0,1593.0,33.0,P0,100.0,average_instant,"2026/06/03 04:50:10.740, 95.26, [N/A], 95.26, 400.00, 1410, 1593, 33, P0, 100"
1780462210850133529,2026/06/03 04:50:10.869,95.26,95.26,,95.26,400.0,1410.0,1593.0,33.0,P0,100.0,average_instant,"2026/06/03 04:50:10.869, 95.26, [N/A], 95.26, 400.00, 1410, 1593, 33, P0, 100"
1780462210978350523,2026/06/03 04:50:10.997,95.36,95.36,,95.36,400.0,1410.0,1593.0,33.0,P0,100.0,average_instant,"2026/06/03 04:50:10.997, 95.36, [N/A], 95.36, 400.00, 1410, 1593, 33, P0, 100"
1780462211108430908,2026/06/03 04:50:11.128,95.36,95.36,,95.36,400.0,1410.0,1593.0,33.0,P0,100.0,average_instant,"2026/06/03 04:50:11.128, 95.36, [N/A], 95.36, 400.00, 1410, 1593, 33, P0, 100"
1780462211238301000,2026/06/03 04:50:11.257,95.03,95.03,,95.03,400.0,1410.0,1593.0,33.0,P0,100.0,average_instant,"2026/06/03 04:50:11.257, 95.03, [N/A], 95.03, 400.00, 1410, 1593, 33, P0, 100"
1780462211366023424,2026/06/03 04:50:11.385,95.36,95.36,,95.36,400.0,1410.0,1593.0,33.0,P0,100.0,average_instant,"2026/06/03 04:50:11.385, 95.36, [N/A], 95.36, 400.00, 1410, 1593, 33, P0, 100"
1780462211495762257,2026/06/03 04:50:11.515,95.03,95.03,,95.03,400.0,1410.0,1593.0,33.0,P0,100.0,average_instant,"2026/06/03 04:50:11.515, 95.03, [N/A], 95.03, 400.00, 1410, 1593, 33, P0, 100"
1780462211623941642,2026/06/03 04:50:11.643,95.36,95.36,,95.36,400.0,1410.0,1593.0,33.0,P0,100.0,average_instant,"2026/06/03 04:50:11.643, 95.36, [N/A], 95.36, 400.00, 1410, 1593, 33, P0, 100"
1780462211752168430,2026/06/03 04:50:11.771,95.36,95.36,,95.36,400.0,1410.0,1593.0,33.0,P0,100.0,average_instant,"2026/06/03 04:50:11.771, 95.36, [N/A], 95.36, 400.00, 1410, 1593, 33, P0, 100"
1780462211880157802,2026/06/03 04:50:11.899,95.36,95.36,,95.36,400.0,1410.0,1593.0,33.0,P0,100.0,average_instant,"2026/06/03 04:50:11.899, 95.36, [N/A], 95.36, 400.00, 1410, 1593, 33, P0, 100"
1780462212007764441,2026/06/03 04:50:12.027,95.36,95.36,,95.36,400.0,1410.0,1593.0,33.0,P0,100.0,average_instant,"2026/06/03 04:50:12.027, 95.36, [N/A], 95.36, 400.00, 1410, 1593, 33, P0, 100"
1780462212137389655,2026/06/03 04:50:12.157,95.36,95.36,,95.36,400.0,1410.0,1593.0,33.0,P0,100.0,average_instant,"2026/06/03 04:50:12.157, 95.36, [N/A], 95.36, 400.00, 1410, 1593, 33, P0, 100"
1780462212266022930,2026/06/03 04:50:12.285,95.36,95.36,,95.36,400.0,1410.0,1593.0,33.0,P0,100.0,average_instant,"2026/06/03 04:50:12.285, 95.36, [N/A], 95.36, 400.00, 1410, 1593, 33, P0, 100"
1780462212394719250,2026/06/03 04:50:12.414,95.36,95.36,,95.36,400.0,1410.0,1593.0,33.0,P0,100.0,average_instant,"2026/06/03 04:50:12.414, 95.36, [N/A], 95.36, 400.00, 1410, 1593, 33, P0, 100"
1780462212524804961,2026/06/03 04:50:12.544,95.36,95.36,,95.36,400.0,1410.0,1593.0,33.0,P0,100.0,average_instant,"2026/06/03 04:50:12.544, 95.36, [N/A], 95.36, 400.00, 1410, 1593, 33, P0, 100"
1780462212654013793,2026/06/03 04:50:12.673,95.36,95.36,,95.36,400.0,1410.0,1593.0,33.0,P0,100.0,average_instant,"2026/06/03 04:50:12.673, 95.36, [N/A], 95.36, 400.00, 1410, 1593, 33, P0, 100"
1780462212784069269,2026/06/03 04:50:12.805,95.36,95.36,,95.36,400.0,1410.0,1593.0,33.0,P0,100.0,average_instant,"2026/06/03 04:50:12.805, 95.36, [N/A], 95.36, 400.00, 1410, 1593, 33, P0, 100"
1780462212914607987,2026/06/03 04:50:12.934,95.36,95.36,,95.36,400.0,1410.0,1593.0,33.0,P0,100.0,average_instant,"2026/06/03 04:50:12.934, 95.36, [N/A], 95.36, 400.00, 1410, 1593, 33, P0, 100"
1780462213046597661,2026/06/03 04:50:13.066,95.26,95.26,,95.26,400.0,1410.0,1593.0,33.0,P0,100.0,average_instant,"2026/06/03 04:50:13.066, 95.26, [N/A], 95.26, 400.00, 1410, 1593, 33, P0, 100"
1780462213175258324,2026/06/03 04:50:13.194,95.26,95.26,,95.26,400.0,1410.0,1593.0,33.0,P0,100.0,average_instant,"2026/06/03 04:50:13.194, 95.26, [N/A], 95.26, 400.00, 1410, 1593, 33, P0, 100"
1780462213305987533,2026/06/03 04:50:13.325,95.36,95.36,,95.36,400.0,1410.0,1593.0,33.0,P0,100.0,average_instant,"2026/06/03 04:50:13.325, 95.36, [N/A], 95.36, 400.00, 1410, 1593, 33, P0, 100"
1780462213434244400,2026/06/03 04:50:13.454,95.36,95.36,,95.36,400.0,1410.0,1593.0,33.0,P0,100.0,average_instant,"2026/06/03 04:50:13.454, 95.36, [N/A], 95.36, 400.00, 1410, 1593, 33, P0, 100"
1780462213563849164,2026/06/03 04:50:13.583,95.36,95.36,,95.36,400.0,1410.0,1593.0,33.0,P0,100.0,average_instant,"2026/06/03 04:50:13.583, 95.36, [N/A], 95.36, 400.00, 1410, 1593, 33, P0, 100"
1780462213692095960,2026/06/03 04:50:13.716,95.26,95.26,,95.26,400.0,1410.0,1593.0,33.0,P0,100.0,average_instant,"2026/06/03 04:50:13.716, 95.26, [N/A], 95.26, 400.00, 1410, 1593, 33, P0, 100"
1780462213826098983,2026/06/03 04:50:13.846,95.36,95.36,,95.36,400.0,1410.0,1593.0,33.0,P0,100.0,average_instant,"2026/06/03 04:50:13.846, 95.36, [N/A], 95.36, 400.00, 1410, 1593, 33, P0, 100"
1780462213955476368,2026/06/03 04:50:13.974,95.36,95.36,,95.36,400.0,1410.0,1593.0,33.0,P0,100.0,average_instant,"2026/06/03 04:50:13.974, 95.36, [N/A], 95.36, 400.00, 1410, 1593, 33, P0, 100"
1780462214084312367,2026/06/03 04:50:14.103,95.26,95.26,,95.26,400.0,1410.0,1593.0,33.0,P0,100.0,average_instant,"2026/06/03 04:50:14.103, 95.26, [N/A], 95.26, 400.00, 1410, 1593, 33, P0, 100"
1780462214216019636,2026/06/03 04:50:14.236,95.36,95.36,,95.36,400.0,1410.0,1593.0,33.0,P0,100.0,average_instant,"2026/06/03 04:50:14.236, 95.36, [N/A], 95.36, 400.00, 1410, 1593, 33, P0, 100"
1780462214344911210,2026/06/03 04:50:14.364,95.03,95.03,,95.03,400.0,1410.0,1593.0,33.0,P0,100.0,average_instant,"2026/06/03 04:50:14.364, 95.03, [N/A], 95.03, 400.00, 1410, 1593, 33, P0, 100"
1780462214474795020,2026/06/03 04:50:14.494,95.26,95.26,,95.26,400.0,1410.0,1593.0,33.0,P0,100.0,average_instant,"2026/06/03 04:50:14.494, 95.26, [N/A], 95.26, 400.00, 1410, 1593, 33, P0, 100"
1780462214604681937,2026/06/03 04:50:14.624,95.36,95.36,,95.36,400.0,1410.0,1593.0,33.0,P0,100.0,average_instant,"2026/06/03 04:50:14.624, 95.36, [N/A], 95.36, 400.00, 1410, 1593, 33, P0, 100"
1780462214734335797,2026/06/03 04:50:14.754,95.36,95.36,,95.36,400.0,1410.0,1593.0,33.0,P0,100.0,average_instant,"2026/06/03 04:50:14.754, 95.36, [N/A], 95.36, 400.00, 1410, 1593, 33, P0, 100"
1780462214863336730,2026/06/03 04:50:14.882,95.26,95.26,,95.26,400.0,1410.0,1593.0,33.0,P0,100.0,average_instant,"2026/06/03 04:50:14.882, 95.26, [N/A], 95.26, 400.00, 1410, 1593, 33, P0, 100"
1780462214991468124,2026/06/03 04:50:15.010,95.03,95.03,,95.03,400.0,1410.0,1593.0,33.0,P0,100.0,average_instant,"2026/06/03 04:50:15.010, 95.03, [N/A], 95.03, 400.00, 1410, 1593, 33, P0, 100"
1780462215120403335,2026/06/03 04:50:15.140,95.03,95.03,,95.03,400.0,1410.0,1593.0,33.0,P0,100.0,average_instant,"2026/06/03 04:50:15.140, 95.03, [N/A], 95.03, 400.00, 1410, 1593, 33, P0, 100"
1780462215249296497,2026/06/03 04:50:15.269,95.36,95.36,,95.36,400.0,1410.0,1593.0,33.0,P0,100.0,average_instant,"2026/06/03 04:50:15.269, 95.36, [N/A], 95.36, 400.00, 1410, 1593, 33, P0, 100"
1780462215378476795,2026/06/03 04:50:15.398,95.36,95.36,,95.36,400.0,1410.0,1593.0,33.0,P0,100.0,average_instant,"2026/06/03 04:50:15.398, 95.36, [N/A], 95.36, 400.00, 1410, 1593, 33, P0, 100"
1780462215508355578,2026/06/03 04:50:15.528,95.03,95.03,,95.03,400.0,1410.0,1593.0,33.0,P0,100.0,average_instant,"2026/06/03 04:50:15.528, 95.03, [N/A], 95.03, 400.00, 1410, 1593, 33, P0, 100"
1780462215637689049,2026/06/03 04:50:15.657,95.36,95.36,,95.36,400.0,1410.0,1593.0,33.0,P0,100.0,average_instant,"2026/06/03 04:50:15.657, 95.36, [N/A], 95.36, 400.00, 1410, 1593, 33, P0, 100"
1780462215766103309,2026/06/03 04:50:15.785,95.36,95.36,,95.36,400.0,1410.0,1593.0,33.0,P0,100.0,average_instant,"2026/06/03 04:50:15.785, 95.36, [N/A], 95.36, 400.00, 1410, 1593, 33, P0, 100"
1780462215894754869,2026/06/03 04:50:15.918,95.36,95.36,,95.36,400.0,1410.0,1593.0,33.0,P0,100.0,average_instant,"2026/06/03 04:50:15.918, 95.36, [N/A], 95.36, 400.00, 1410, 1593, 33, P0, 100"
1780462216028647596,2026/06/03 04:50:16.048,95.03,95.03,,95.03,400.0,1410.0,1593.0,33.0,P0,100.0,average_instant,"2026/06/03 04:50:16.048, 95.03, [N/A], 95.03, 400.00, 1410, 1593, 33, P0, 100"
1780462216157629820,2026/06/03 04:50:16.177,95.36,95.36,,95.36,400.0,1410.0,1593.0,33.0,P0,100.0,average_instant,"2026/06/03 04:50:16.177, 95.36, [N/A], 95.36, 400.00, 1410, 1593, 33, P0, 100"
1780462216286562052,2026/06/03 04:50:16.306,95.36,95.36,,95.36,400.0,1410.0,1593.0,33.0,P0,100.0,average_instant,"2026/06/03 04:50:16.306, 95.36, [N/A], 95.36, 400.00, 1410, 1593, 33, P0, 100"
1780462216416075959,2026/06/03 04:50:16.436,95.36,95.36,,95.36,400.0,1410.0,1593.0,33.0,P0,100.0,average_instant,"2026/06/03 04:50:16.436, 95.36, [N/A], 95.36, 400.00, 1410, 1593, 33, P0, 100"
1780462216546141027,2026/06/03 04:50:16.565,95.36,95.36,,95.36,400.0,1410.0,1593.0,33.0,P0,100.0,average_instant,"2026/06/03 04:50:16.565, 95.36, [N/A], 95.36, 400.00, 1410, 1593, 33, P0, 100"
1780462216674552541,2026/06/03 04:50:16.693,95.36,95.36,,95.36,400.0,1410.0,1593.0,33.0,P0,100.0,average_instant,"2026/06/03 04:50:16.693, 95.36, [N/A], 95.36, 400.00, 1410, 1593, 33, P0, 100"
1780462216803105447,2026/06/03 04:50:16.822,95.03,95.03,,95.03,400.0,1410.0,1593.0,33.0,P0,100.0,average_instant,"2026/06/03 04:50:16.822, 95.03, [N/A], 95.03, 400.00, 1410, 1593, 33, P0, 100"
1780462216931405304,2026/06/03 04:50:16.950,95.26,95.26,,95.26,400.0,1410.0,1593.0,33.0,P0,100.0,average_instant,"2026/06/03 04:50:16.950, 95.26, [N/A], 95.26, 400.00, 1410, 1593, 33, P0, 100"
1780462217059161320,2026/06/03 04:50:17.078,95.36,95.36,,95.36,400.0,1410.0,1593.0,33.0,P0,100.0,average_instant,"2026/06/03 04:50:17.078, 95.36, [N/A], 95.36, 400.00, 1410, 1593, 33, P0, 100"
1780462217188173745,2026/06/03 04:50:17.208,95.36,95.36,,95.36,400.0,1410.0,1593.0,33.0,P0,100.0,average_instant,"2026/06/03 04:50:17.208, 95.36, [N/A], 95.36, 400.00, 1410, 1593, 33, P0, 100"
1780462217317454821,2026/06/03 04:50:17.340,95.36,95.36,,95.36,400.0,1410.0,1593.0,33.0,P0,100.0,average_instant,"2026/06/03 04:50:17.340, 95.36, [N/A], 95.36, 400.00, 1410, 1593, 33, P0, 100"
1780462217451715190,2026/06/03 04:50:17.471,95.36,95.36,,95.36,400.0,1410.0,1593.0,33.0,P0,100.0,average_instant,"2026/06/03 04:50:17.471, 95.36, [N/A], 95.36, 400.00, 1410, 1593, 33, P0, 100"
1780462217580905370,2026/06/03 04:50:17.603,95.36,95.36,,95.36,400.0,1410.0,1593.0,33.0,P0,100.0,average_instant,"2026/06/03 04:50:17.603, 95.36, [N/A], 95.36, 400.00, 1410, 1593, 33, P0, 100"
1780462217715155699,2026/06/03 04:50:17.734,95.36,95.36,,95.36,400.0,1410.0,1593.0,33.0,P0,100.0,average_instant,"2026/06/03 04:50:17.734, 95.36, [N/A], 95.36, 400.00, 1410, 1593, 33, P0, 100"
1780462217844411717,2026/06/03 04:50:17.863,95.26,95.26,,95.26,400.0,1410.0,1593.0,33.0,P0,100.0,average_instant,"2026/06/03 04:50:17.863, 95.26, [N/A], 95.26, 400.00, 1410, 1593, 33, P0, 100"
1780462217975436185,2026/06/03 04:50:17.995,95.36,95.36,,95.36,400.0,1410.0,1593.0,33.0,P0,100.0,average_instant,"2026/06/03 04:50:17.995, 95.36, [N/A], 95.36, 400.00, 1410, 1593, 33, P0, 100"
1780462218105399224,2026/06/03 04:50:18.125,95.26,95.26,,95.26,400.0,1410.0,1593.0,33.0,P0,100.0,average_instant,"2026/06/03 04:50:18.125, 95.26, [N/A], 95.26, 400.00, 1410, 1593, 33, P0, 100"
1780462218235817465,2026/06/03 04:50:18.255,95.26,95.26,,95.26,400.0,1410.0,1593.0,33.0,P0,100.0,average_instant,"2026/06/03 04:50:18.255, 95.26, [N/A], 95.26, 400.00, 1410, 1593, 33, P0, 100"
1780462218364766972,2026/06/03 04:50:18.384,95.26,95.26,,95.26,400.0,1410.0,1593.0,33.0,P0,100.0,average_instant,"2026/06/03 04:50:18.384, 95.26, [N/A], 95.26, 400.00, 1410, 1593, 33, P0, 100"
1780462218495524023,2026/06/03 04:50:18.515,95.36,95.36,,95.36,400.0,1410.0,1593.0,33.0,P0,100.0,average_instant,"2026/06/03 04:50:18.515, 95.36, [N/A], 95.36, 400.00, 1410, 1593, 33, P0, 100"
1780462218624897523,2026/06/03 04:50:18.644,95.36,95.36,,95.36,400.0,1410.0,1593.0,33.0,P0,100.0,average_instant,"2026/06/03 04:50:18.644, 95.36, [N/A], 95.36, 400.00, 1410, 1593, 33, P0, 100"
1780462218753252774,2026/06/03 04:50:18.773,95.26,95.26,,95.26,400.0,1410.0,1593.0,33.0,P0,100.0,average_instant,"2026/06/03 04:50:18.773, 95.26, [N/A], 95.26, 400.00, 1410, 1593, 33, P0, 100"
1780462218882467939,2026/06/03 04:50:18.902,95.36,95.36,,95.36,400.0,1410.0,1593.0,33.0,P0,100.0,average_instant,"2026/06/03 04:50:18.902, 95.36, [N/A], 95.36, 400.00, 1410, 1593, 33, P0, 100"
1780462219012152496,2026/06/03 04:50:19.035,95.36,95.36,,95.36,400.0,1410.0,1593.0,33.0,P0,100.0,average_instant,"2026/06/03 04:50:19.035, 95.36, [N/A], 95.36, 400.00, 1410, 1593, 33, P0, 100"
1780462219146086321,2026/06/03 04:50:19.169,95.36,95.36,,95.36,400.0,1410.0,1593.0,33.0,P0,100.0,average_instant,"2026/06/03 04:50:19.169, 95.36, [N/A], 95.36, 400.00, 1410, 1593, 33, P0, 100"
1780462219281626512,2026/06/03 04:50:19.305,95.36,95.36,,95.36,400.0,1410.0,1593.0,33.0,P0,100.0,average_instant,"2026/06/03 04:50:19.305, 95.36, [N/A], 95.36, 400.00, 1410, 1593, 33, P0, 100"
1780462219416041571,2026/06/03 04:50:19.438,95.26,95.26,,95.26,400.0,1410.0,1593.0,33.0,P0,100.0,average_instant,"2026/06/03 04:50:19.438, 95.26, [N/A], 95.26, 400.00, 1410, 1593, 33, P0, 100"
1780462219549238367,2026/06/03 04:50:19.568,95.36,95.36,,95.36,400.0,1410.0,1593.0,33.0,P0,100.0,average_instant,"2026/06/03 04:50:19.568, 95.36, [N/A], 95.36, 400.00, 1410, 1593, 33, P0, 100"
1780462219678720606,2026/06/03 04:50:19.698,95.26,95.26,,95.26,400.0,1410.0,1593.0,33.0,P0,100.0,average_instant,"2026/06/03 04:50:19.698, 95.26, [N/A], 95.26, 400.00, 1410, 1593, 33, P0, 100"
1780462219810670047,2026/06/03 04:50:19.830,95.36,95.36,,95.36,400.0,1410.0,1593.0,33.0,P0,100.0,average_instant,"2026/06/03 04:50:19.830, 95.36, [N/A], 95.36, 400.00, 1410, 1593, 33, P0, 100"
1780462219941148564,2026/06/03 04:50:19.960,95.36,95.36,,95.36,400.0,1410.0,1593.0,33.0,P0,100.0,average_instant,"2026/06/03 04:50:19.960, 95.36, [N/A], 95.36, 400.00, 1410, 1593, 33, P0, 100"
1780462220069858810,2026/06/03 04:50:20.089,95.26,95.26,,95.26,400.0,1410.0,1593.0,33.0,P0,100.0,average_instant,"2026/06/03 04:50:20.089, 95.26, [N/A], 95.26, 400.00, 1410, 1593, 33, P0, 100"
1780462220199806885,2026/06/03 04:50:20.219,95.26,95.26,,95.26,400.0,1410.0,1593.0,33.0,P0,100.0,average_instant,"2026/06/03 04:50:20.219, 95.26, [N/A], 95.26, 400.00, 1410, 1593, 33, P0, 100"
1780462220330214919,2026/06/03 04:50:20.350,95.26,95.26,,95.26,400.0,1410.0,1593.0,33.0,P0,100.0,average_instant,"2026/06/03 04:50:20.350, 95.26, [N/A], 95.26, 400.00, 1410, 1593, 33, P0, 100"
1780462220460637787,2026/06/03 04:50:20.483,95.26,95.26,,95.26,400.0,1410.0,1593.0,33.0,P0,100.0,average_instant,"2026/06/03 04:50:20.483, 95.26, [N/A], 95.26, 400.00, 1410, 1593, 33, P0, 100"
1780462220594423464,2026/06/03 04:50:20.616,95.36,95.36,,95.36,400.0,1410.0,1593.0,33.0,P0,100.0,average_instant,"2026/06/03 04:50:20.616, 95.36, [N/A], 95.36, 400.00, 1410, 1593, 33, P0, 100"
1780462220728347442,2026/06/03 04:50:20.748,95.36,95.36,,95.36,400.0,1410.0,1593.0,33.0,P0,100.0,average_instant,"2026/06/03 04:50:20.748, 95.36, [N/A], 95.36, 400.00, 1410, 1593, 33, P0, 100"
1780462220857657980,2026/06/03 04:50:20.877,95.36,95.36,,95.36,400.0,1410.0,1593.0,33.0,P0,100.0,average_instant,"2026/06/03 04:50:20.877, 95.36, [N/A], 95.36, 400.00, 1410, 1593, 33, P0, 100"
1780462220987735045,2026/06/03 04:50:21.008,95.36,95.36,,95.36,400.0,1410.0,1593.0,33.0,P0,100.0,average_instant,"2026/06/03 04:50:21.008, 95.36, [N/A], 95.36, 400.00, 1410, 1593, 33, P0, 100"
1780462221117376229,2026/06/03 04:50:21.137,95.26,95.26,,95.26,400.0,1410.0,1593.0,33.0,P0,100.0,average_instant,"2026/06/03 04:50:21.137, 95.26, [N/A], 95.26, 400.00, 1410, 1593, 33, P0, 100"
1780462221246154110,2026/06/03 04:50:21.265,95.36,95.36,,95.36,400.0,1410.0,1593.0,33.0,P0,100.0,average_instant,"2026/06/03 04:50:21.265, 95.36, [N/A], 95.36, 400.00, 1410, 1593, 33, P0, 100"
1780462221376816845,2026/06/03 04:50:21.397,95.36,95.36,,95.36,400.0,1410.0,1593.0,33.0,P0,100.0,average_instant,"2026/06/03 04:50:21.397, 95.36, [N/A], 95.36, 400.00, 1410, 1593, 33, P0, 100"
1780462221508342494,2026/06/03 04:50:21.528,95.36,95.36,,95.36,400.0,1410.0,1593.0,33.0,P0,100.0,average_instant,"2026/06/03 04:50:21.528, 95.36, [N/A], 95.36, 400.00, 1410, 1593, 33, P0, 100"
1780462221638030692,2026/06/03 04:50:21.657,95.26,95.26,,95.26,400.0,1410.0,1593.0,33.0,P0,100.0,average_instant,"2026/06/03 04:50:21.657, 95.26, [N/A], 95.26, 400.00, 1410, 1593, 33, P0, 100"
1780462221767883821,2026/06/03 04:50:21.792,95.26,95.26,,95.26,400.0,1410.0,1593.0,33.0,P0,100.0,average_instant,"2026/06/03 04:50:21.792, 95.26, [N/A], 95.26, 400.00, 1410, 1593, 33, P0, 100"
1780462221903098286,2026/06/03 04:50:21.925,95.36,95.36,,95.36,400.0,1410.0,1593.0,33.0,P0,100.0,average_instant,"2026/06/03 04:50:21.925, 95.36, [N/A], 95.36, 400.00, 1410, 1593, 33, P0, 100"
1780462222037762202,2026/06/03 04:50:22.058,95.26,95.26,,95.26,400.0,1410.0,1593.0,33.0,P0,100.0,average_instant,"2026/06/03 04:50:22.058, 95.26, [N/A], 95.26, 400.00, 1410, 1593, 33, P0, 100"
1780462222167577740,2026/06/03 04:50:22.187,95.36,95.36,,95.36,400.0,1410.0,1593.0,33.0,P0,100.0,average_instant,"2026/06/03 04:50:22.187, 95.36, [N/A], 95.36, 400.00, 1410, 1593, 33, P0, 100"
1780462222299118879,2026/06/03 04:50:22.319,95.36,95.36,,95.36,400.0,1410.0,1593.0,33.0,P0,100.0,average_instant,"2026/06/03 04:50:22.319, 95.36, [N/A], 95.36, 400.00, 1410, 1593, 33, P0, 100"
1780462222428817318,2026/06/03 04:50:22.449,95.36,95.36,,95.36,400.0,1410.0,1593.0,33.0,P0,100.0,average_instant,"2026/06/03 04:50:22.449, 95.36, [N/A], 95.36, 400.00, 1410, 1593, 33, P0, 100"
1780462222560459450,2026/06/03 04:50:22.582,95.36,95.36,,95.36,400.0,1410.0,1593.0,33.0,P0,100.0,average_instant,"2026/06/03 04:50:22.582, 95.36, [N/A], 95.36, 400.00, 1410, 1593, 33, P0, 100"
1780462222693066078,2026/06/03 04:50:22.713,95.36,95.36,,95.36,400.0,1410.0,1593.0,33.0,P0,100.0,average_instant,"2026/06/03 04:50:22.713, 95.36, [N/A], 95.36, 400.00, 1410, 1593, 33, P0, 100"
1780462222823962810,2026/06/03 04:50:22.844,95.36,95.36,,95.36,400.0,1410.0,1593.0,33.0,P0,100.0,average_instant,"2026/06/03 04:50:22.844, 95.36, [N/A], 95.36, 400.00, 1410, 1593, 33, P0, 100"
1780462222954398640,2026/06/03 04:50:22.974,95.26,95.26,,95.26,400.0,1410.0,1593.0,33.0,P0,100.0,average_instant,"2026/06/03 04:50:22.974, 95.26, [N/A], 95.26, 400.00, 1410, 1593, 33, P0, 100"
1780462223085905924,2026/06/03 04:50:23.105,95.36,95.36,,95.36,400.0,1410.0,1593.0,33.0,P0,100.0,average_instant,"2026/06/03 04:50:23.105, 95.36, [N/A], 95.36, 400.00, 1410, 1593, 33, P0, 100"
1780462223214289501,2026/06/03 04:50:23.234,95.36,95.36,,95.36,400.0,1410.0,1593.0,33.0,P0,100.0,average_instant,"2026/06/03 04:50:23.234, 95.36, [N/A], 95.36, 400.00, 1410, 1593, 33, P0, 100"
1780462223344148584,2026/06/03 04:50:23.364,95.26,95.26,,95.26,400.0,1410.0,1593.0,33.0,P0,100.0,average_instant,"2026/06/03 04:50:23.364, 95.26, [N/A], 95.26, 400.00, 1410, 1593, 33, P0, 100"
1780462223473588713,2026/06/03 04:50:23.493,95.26,95.26,,95.26,400.0,1410.0,1593.0,33.0,P0,100.0,average_instant,"2026/06/03 04:50:23.493, 95.26, [N/A], 95.26, 400.00, 1410, 1593, 33, P0, 100"
1780462223608344781,2026/06/03 04:50:23.629,95.36,95.36,,95.36,400.0,1410.0,1593.0,33.0,P0,100.0,average_instant,"2026/06/03 04:50:23.629, 95.36, [N/A], 95.36, 400.00, 1410, 1593, 33, P0, 100"
1780462223738517040,2026/06/03 04:50:23.758,95.26,95.26,,95.26,400.0,1410.0,1593.0,33.0,P0,100.0,average_instant,"2026/06/03 04:50:23.758, 95.26, [N/A], 95.26, 400.00, 1410, 1593, 33, P0, 100"
1780462223869052715,2026/06/03 04:50:23.889,95.26,95.26,,95.26,400.0,1410.0,1593.0,33.0,P0,100.0,average_instant,"2026/06/03 04:50:23.889, 95.26, [N/A], 95.26, 400.00, 1410, 1593, 33, P0, 100"
1780462223998530918,2026/06/03 04:50:24.017,95.26,95.26,,95.26,400.0,1410.0,1593.0,33.0,P0,100.0,average_instant,"2026/06/03 04:50:24.017, 95.26, [N/A], 95.26, 400.00, 1410, 1593, 33, P0, 100"
1780462224128430937,2026/06/03 04:50:24.148,95.36,95.36,,95.36,400.0,1410.0,1593.0,33.0,P0,100.0,average_instant,"2026/06/03 04:50:24.148, 95.36, [N/A], 95.36, 400.00, 1410, 1593, 33, P0, 100"
1780462224257273165,2026/06/03 04:50:24.276,95.36,95.36,,95.36,400.0,1410.0,1593.0,33.0,P0,100.0,average_instant,"2026/06/03 04:50:24.276, 95.36, [N/A], 95.36, 400.00, 1410, 1593, 33, P0, 100"
1780462224386495204,2026/06/03 04:50:24.406,95.36,95.36,,95.36,400.0,1410.0,1593.0,33.0,P0,100.0,average_instant,"2026/06/03 04:50:24.406, 95.36, [N/A], 95.36, 400.00, 1410, 1593, 33, P0, 100"
1780462224515562594,2026/06/03 04:50:24.535,95.26,95.26,,95.26,400.0,1410.0,1593.0,33.0,P0,100.0,average_instant,"2026/06/03 04:50:24.535, 95.26, [N/A], 95.26, 400.00, 1410, 1593, 33, P0, 100"
1780462224645103335,2026/06/03 04:50:24.664,95.26,95.26,,95.26,400.0,1410.0,1593.0,33.0,P0,100.0,average_instant,"2026/06/03 04:50:24.664, 95.26, [N/A], 95.26, 400.00, 1410, 1593, 33, P0, 100"
1780462224773941911,2026/06/03 04:50:24.793,95.26,95.26,,95.26,400.0,1410.0,1593.0,33.0,P0,100.0,average_instant,"2026/06/03 04:50:24.793, 95.26, [N/A], 95.26, 400.00, 1410, 1593, 33, P0, 100"
1780462224902333210,2026/06/03 04:50:24.922,95.36,95.36,,95.36,400.0,1410.0,1593.0,33.0,P0,100.0,average_instant,"2026/06/03 04:50:24.922, 95.36, [N/A], 95.36, 400.00, 1410, 1593, 33, P0, 100"
1780462225031907067,2026/06/03 04:50:25.051,95.36,95.36,,95.36,400.0,1410.0,1593.0,33.0,P0,100.0,average_instant,"2026/06/03 04:50:25.051, 95.36, [N/A], 95.36, 400.00, 1410, 1593, 33, P0, 100"
1780462225160848363,2026/06/03 04:50:25.180,95.36,95.36,,95.36,400.0,1410.0,1593.0,33.0,P0,100.0,average_instant,"2026/06/03 04:50:25.180, 95.36, [N/A], 95.36, 400.00, 1410, 1593, 33, P0, 100"
1780462225289369923,2026/06/03 04:50:25.309,95.36,95.36,,95.36,400.0,1410.0,1593.0,33.0,P0,100.0,average_instant,"2026/06/03 04:50:25.309, 95.36, [N/A], 95.36, 400.00, 1410, 1593, 33, P0, 100"
1780462225418407380,2026/06/03 04:50:25.437,95.36,95.36,,95.36,400.0,1410.0,1593.0,33.0,P0,100.0,average_instant,"2026/06/03 04:50:25.437, 95.36, [N/A], 95.36, 400.00, 1410, 1593, 33, P0, 100"
1780462225547164717,2026/06/03 04:50:25.566,95.36,95.36,,95.36,400.0,1410.0,1593.0,33.0,P0,100.0,average_instant,"2026/06/03 04:50:25.566, 95.36, [N/A], 95.36, 400.00, 1410, 1593, 33, P0, 100"
1780462225676722720,2026/06/03 04:50:25.696,95.36,95.36,,95.36,400.0,1410.0,1593.0,33.0,P0,100.0,average_instant,"2026/06/03 04:50:25.696, 95.36, [N/A], 95.36, 400.00, 1410, 1593, 33, P0, 100"
1780462225805903819,2026/06/03 04:50:25.825,95.36,95.36,,95.36,400.0,1410.0,1593.0,33.0,P0,100.0,average_instant,"2026/06/03 04:50:25.825, 95.36, [N/A], 95.36, 400.00, 1410, 1593, 33, P0, 100"
1780462225935200572,2026/06/03 04:50:25.954,95.36,95.36,,95.36,400.0,1410.0,1593.0,33.0,P0,100.0,average_instant,"2026/06/03 04:50:25.954, 95.36, [N/A], 95.36, 400.00, 1410, 1593, 33, P0, 100"
1780462226063907833,2026/06/03 04:50:26.083,95.26,95.26,,95.26,400.0,1410.0,1593.0,33.0,P0,100.0,average_instant,"2026/06/03 04:50:26.083, 95.26, [N/A], 95.26, 400.00, 1410, 1593, 33, P0, 100"
1780462226192438895,2026/06/03 04:50:26.212,95.26,95.26,,95.26,400.0,1410.0,1593.0,33.0,P0,100.0,average_instant,"2026/06/03 04:50:26.212, 95.26, [N/A], 95.26, 400.00, 1410, 1593, 33, P0, 100"
1780462226323149908,2026/06/03 04:50:26.342,95.36,95.36,,95.36,400.0,1410.0,1593.0,33.0,P0,100.0,average_instant,"2026/06/03 04:50:26.342, 95.36, [N/A], 95.36, 400.00, 1410, 1593, 33, P0, 100"
1780462226451527293,2026/06/03 04:50:26.471,95.36,95.36,,95.36,400.0,1410.0,1593.0,33.0,P0,100.0,average_instant,"2026/06/03 04:50:26.471, 95.36, [N/A], 95.36, 400.00, 1410, 1593, 33, P0, 100"
1780462226581966473,2026/06/03 04:50:26.601,95.26,95.26,,95.26,400.0,1410.0,1593.0,33.0,P0,100.0,average_instant,"2026/06/03 04:50:26.601, 95.26, [N/A], 95.26, 400.00, 1410, 1593, 33, P0, 100"
1780462226711638288,2026/06/03 04:50:26.731,95.26,95.26,,95.26,400.0,1410.0,1593.0,33.0,P0,100.0,average_instant,"2026/06/03 04:50:26.731, 95.26, [N/A], 95.26, 400.00, 1410, 1593, 33, P0, 100"
1780462226841098471,2026/06/03 04:50:26.860,95.26,95.26,,95.26,400.0,1410.0,1593.0,33.0,P0,100.0,average_instant,"2026/06/03 04:50:26.860, 95.26, [N/A], 95.26, 400.00, 1410, 1593, 33, P0, 100"
1780462226969904698,2026/06/03 04:50:26.989,95.36,95.36,,95.36,400.0,1410.0,1593.0,33.0,P0,100.0,average_instant,"2026/06/03 04:50:26.989, 95.36, [N/A], 95.36, 400.00, 1410, 1593, 33, P0, 100"
1780462227099868429,2026/06/03 04:50:27.119,95.26,95.26,,95.26,400.0,1410.0,1593.0,33.0,P0,100.0,average_instant,"2026/06/03 04:50:27.119, 95.26, [N/A], 95.26, 400.00, 1410, 1593, 33, P0, 100"
1780462227229157866,2026/06/03 04:50:27.249,95.36,95.36,,95.36,400.0,1410.0,1593.0,33.0,P0,100.0,average_instant,"2026/06/03 04:50:27.249, 95.36, [N/A], 95.36, 400.00, 1410, 1593, 33, P0, 100"
1780462227358644614,2026/06/03 04:50:27.378,95.26,95.26,,95.26,400.0,1410.0,1593.0,33.0,P0,100.0,average_instant,"2026/06/03 04:50:27.378, 95.26, [N/A], 95.26, 400.00, 1410, 1593, 33, P0, 100"
1780462227489518434,2026/06/03 04:50:27.509,95.36,95.36,,95.36,400.0,1410.0,1593.0,33.0,P0,100.0,average_instant,"2026/06/03 04:50:27.509, 95.36, [N/A], 95.36, 400.00, 1410, 1593, 33, P0, 100"
1780462227618529478,2026/06/03 04:50:27.638,95.36,95.36,,95.36,400.0,1410.0,1593.0,33.0,P0,100.0,average_instant,"2026/06/03 04:50:27.638, 95.36, [N/A], 95.36, 400.00, 1410, 1593, 33, P0, 100"
1780462227748915718,2026/06/03 04:50:27.768,95.26,95.26,,95.26,400.0,1410.0,1593.0,33.0,P0,100.0,average_instant,"2026/06/03 04:50:27.768, 95.26, [N/A], 95.26, 400.00, 1410, 1593, 33, P0, 100"
1780462227877865079,2026/06/03 04:50:27.897,95.26,95.26,,95.26,400.0,1410.0,1593.0,33.0,P0,100.0,average_instant,"2026/06/03 04:50:27.897, 95.26, [N/A], 95.26, 400.00, 1410, 1593, 33, P0, 100"
1780462228006894759,2026/06/03 04:50:28.026,94.93,94.93,,94.93,400.0,1410.0,1593.0,33.0,P0,100.0,average_instant,"2026/06/03 04:50:28.026, 94.93, [N/A], 94.93, 400.00, 1410, 1593, 33, P0, 100"
1780462228134852032,2026/06/03 04:50:28.154,95.03,95.03,,95.03,400.0,1410.0,1593.0,33.0,P0,100.0,average_instant,"2026/06/03 04:50:28.154, 95.03, [N/A], 95.03, 400.00, 1410, 1593, 33, P0, 100"
1780462228263661875,2026/06/03 04:50:28.283,95.03,95.03,,95.03,400.0,1410.0,1593.0,33.0,P0,100.0,average_instant,"2026/06/03 04:50:28.283, 95.03, [N/A], 95.03, 400.00, 1410, 1593, 33, P0, 100"
1780462228392939706,2026/06/03 04:50:28.412,95.36,95.36,,95.36,400.0,1410.0,1593.0,33.0,P0,100.0,average_instant,"2026/06/03 04:50:28.412, 95.36, [N/A], 95.36, 400.00, 1410, 1593, 33, P0, 100"
1780462228521754427,2026/06/03 04:50:28.541,95.03,95.03,,95.03,400.0,1410.0,1593.0,33.0,P0,100.0,average_instant,"2026/06/03 04:50:28.541, 95.03, [N/A], 95.03, 400.00, 1410, 1593, 33, P0, 100"
1780462228650316469,2026/06/03 04:50:28.670,95.03,95.03,,95.03,400.0,1410.0,1593.0,33.0,P0,100.0,average_instant,"2026/06/03 04:50:28.670, 95.03, [N/A], 95.03, 400.00, 1410, 1593, 33, P0, 100"
1780462228779326310,2026/06/03 04:50:28.799,95.36,95.36,,95.36,400.0,1410.0,1593.0,33.0,P0,100.0,average_instant,"2026/06/03 04:50:28.799, 95.36, [N/A], 95.36, 400.00, 1410, 1593, 33, P0, 100"
1780462228910530290,2026/06/03 04:50:28.931,94.93,94.93,,94.93,400.0,1410.0,1593.0,33.0,P0,100.0,average_instant,"2026/06/03 04:50:28.931, 94.93, [N/A], 94.93, 400.00, 1410, 1593, 33, P0, 100"
1780462229041091334,2026/06/03 04:50:29.061,95.03,95.03,,95.03,400.0,1410.0,1593.0,33.0,P0,100.0,average_instant,"2026/06/03 04:50:29.061, 95.03, [N/A], 95.03, 400.00, 1410, 1593, 33, P0, 100"
1780462229170790802,2026/06/03 04:50:29.190,94.93,94.93,,94.93,400.0,1410.0,1593.0,33.0,P0,100.0,average_instant,"2026/06/03 04:50:29.190, 94.93, [N/A], 94.93, 400.00, 1410, 1593, 33, P0, 100"
1780462229299271442,2026/06/03 04:50:29.318,95.03,95.03,,95.03,400.0,1410.0,1593.0,33.0,P0,100.0,average_instant,"2026/06/03 04:50:29.318, 95.03, [N/A], 95.03, 400.00, 1410, 1593, 33, P0, 100"
1780462229426743929,2026/06/03 04:50:29.446,95.03,95.03,,95.03,400.0,1410.0,1593.0,33.0,P0,100.0,average_instant,"2026/06/03 04:50:29.446, 95.03, [N/A], 95.03, 400.00, 1410, 1593, 33, P0, 100"
1780462229556384519,2026/06/03 04:50:29.576,95.03,95.03,,95.03,400.0,1410.0,1593.0,33.0,P0,100.0,average_instant,"2026/06/03 04:50:29.576, 95.03, [N/A], 95.03, 400.00, 1410, 1593, 33, P0, 100"
1780462229685250230,2026/06/03 04:50:29.705,95.03,95.03,,95.03,400.0,1410.0,1593.0,33.0,P0,100.0,average_instant,"2026/06/03 04:50:29.705, 95.03, [N/A], 95.03, 400.00, 1410, 1593, 33, P0, 100"
1780462229813863594,2026/06/03 04:50:29.832,95.36,95.36,,95.36,400.0,1410.0,1593.0,33.0,P0,100.0,average_instant,"2026/06/03 04:50:29.832, 95.36, [N/A], 95.36, 400.00, 1410, 1593, 33, P0, 100"
1780462229944099436,2026/06/03 04:50:29.963,95.03,95.03,,95.03,400.0,1410.0,1593.0,33.0,P0,100.0,average_instant,"2026/06/03 04:50:29.963, 95.03, [N/A], 95.03, 400.00, 1410, 1593, 33, P0, 100"
1780462230072049447,2026/06/03 04:50:30.092,95.03,95.03,,95.03,400.0,1410.0,1593.0,33.0,P0,100.0,average_instant,"2026/06/03 04:50:30.092, 95.03, [N/A], 95.03, 400.00, 1410, 1593, 33, P0, 100"
1780462230201969061,2026/06/03 04:50:30.222,94.93,94.93,,94.93,400.0,1410.0,1593.0,33.0,P0,100.0,average_instant,"2026/06/03 04:50:30.222, 94.93, [N/A], 94.93, 400.00, 1410, 1593, 33, P0, 100"
1780462230331401822,2026/06/03 04:50:30.351,94.93,94.93,,94.93,400.0,1410.0,1593.0,33.0,P0,100.0,average_instant,"2026/06/03 04:50:30.351, 94.93, [N/A], 94.93, 400.00, 1410, 1593, 33, P0, 100"
1780462230461037615,2026/06/03 04:50:30.481,95.36,95.36,,95.36,400.0,1410.0,1593.0,33.0,P0,100.0,average_instant,"2026/06/03 04:50:30.481, 95.36, [N/A], 95.36, 400.00, 1410, 1593, 33, P0, 100"
1780462230589870981,2026/06/03 04:50:30.610,95.03,95.03,,95.03,400.0,1410.0,1593.0,33.0,P0,100.0,average_instant,"2026/06/03 04:50:30.610, 95.03, [N/A], 95.03, 400.00, 1410, 1593, 33, P0, 100"
1780462230720148629,2026/06/03 04:50:30.740,95.03,95.03,,95.03,400.0,1410.0,1593.0,33.0,P0,100.0,average_instant,"2026/06/03 04:50:30.740, 95.03, [N/A], 95.03, 400.00, 1410, 1593, 33, P0, 100"
1780462230849385939,2026/06/03 04:50:30.869,95.36,95.36,,95.36,400.0,1410.0,1593.0,33.0,P0,100.0,average_instant,"2026/06/03 04:50:30.869, 95.36, [N/A], 95.36, 400.00, 1410, 1593, 33, P0, 100"
1780462230977588104,2026/06/03 04:50:30.997,95.03,95.03,,95.03,400.0,1410.0,1593.0,33.0,P0,100.0,average_instant,"2026/06/03 04:50:30.997, 95.03, [N/A], 95.03, 400.00, 1410, 1593, 33, P0, 100"
1780462231107189501,2026/06/03 04:50:31.126,95.03,95.03,,95.03,400.0,1410.0,1593.0,33.0,P0,100.0,average_instant,"2026/06/03 04:50:31.126, 95.03, [N/A], 95.03, 400.00, 1410, 1593, 33, P0, 100"
1780462231235012308,2026/06/03 04:50:31.254,95.03,95.03,,95.03,400.0,1410.0,1593.0,33.0,P0,100.0,average_instant,"2026/06/03 04:50:31.254, 95.03, [N/A], 95.03, 400.00, 1410, 1593, 33, P0, 100"
1780462231363075118,2026/06/03 04:50:31.382,94.93,94.93,,94.93,400.0,1410.0,1593.0,33.0,P0,100.0,average_instant,"2026/06/03 04:50:31.382, 94.93, [N/A], 94.93, 400.00, 1410, 1593, 33, P0, 100"
1780462231492981305,2026/06/03 04:50:31.512,95.36,95.36,,95.36,400.0,1410.0,1593.0,33.0,P0,100.0,average_instant,"2026/06/03 04:50:31.512, 95.36, [N/A], 95.36, 400.00, 1410, 1593, 33, P0, 100"
1780462231621384717,2026/06/03 04:50:31.640,95.26,95.26,,95.26,400.0,1410.0,1593.0,33.0,P0,100.0,average_instant,"2026/06/03 04:50:31.640, 95.26, [N/A], 95.26, 400.00, 1410, 1593, 33, P0, 100"
1780462231749358034,2026/06/03 04:50:31.769,94.93,94.93,,94.93,400.0,1410.0,1593.0,33.0,P0,100.0,average_instant,"2026/06/03 04:50:31.769, 94.93, [N/A], 94.93, 400.00, 1410, 1593, 33, P0, 100"
1780462231878746972,2026/06/03 04:50:31.897,95.03,95.03,,95.03,400.0,1410.0,1593.0,33.0,P0,100.0,average_instant,"2026/06/03 04:50:31.897, 95.03, [N/A], 95.03, 400.00, 1410, 1593, 33, P0, 100"
1780462232006305120,2026/06/03 04:50:32.026,95.03,95.03,,95.03,400.0,1410.0,1593.0,33.0,P0,100.0,average_instant,"2026/06/03 04:50:32.026, 95.03, [N/A], 95.03, 400.00, 1410, 1593, 33, P0, 100"
1780462232136302433,2026/06/03 04:50:32.155,95.36,95.36,,95.36,400.0,1410.0,1593.0,33.0,P0,100.0,average_instant,"2026/06/03 04:50:32.155, 95.36, [N/A], 95.36, 400.00, 1410, 1593, 33, P0, 100"
1780462232265285130,2026/06/03 04:50:32.285,95.26,95.26,,95.26,400.0,1410.0,1593.0,33.0,P0,100.0,average_instant,"2026/06/03 04:50:32.285, 95.26, [N/A], 95.26, 400.00, 1410, 1593, 33, P0, 100"
1780462232394917046,2026/06/03 04:50:32.413,95.26,95.26,,95.26,400.0,1410.0,1593.0,33.0,P0,100.0,average_instant,"2026/06/03 04:50:32.413, 95.26, [N/A], 95.26, 400.00, 1410, 1593, 33, P0, 100"
1780462232523232994,2026/06/03 04:50:32.542,95.03,95.03,,95.03,400.0,1410.0,1593.0,33.0,P0,100.0,average_instant,"2026/06/03 04:50:32.542, 95.03, [N/A], 95.03, 400.00, 1410, 1593, 33, P0, 100"
1780462232653958369,2026/06/03 04:50:32.673,94.93,94.93,,94.93,400.0,1410.0,1593.0,33.0,P0,100.0,average_instant,"2026/06/03 04:50:32.673, 94.93, [N/A], 94.93, 400.00, 1410, 1593, 33, P0, 100"
1780462232782646986,2026/06/03 04:50:32.802,95.03,95.03,,95.03,400.0,1410.0,1593.0,33.0,P0,100.0,average_instant,"2026/06/03 04:50:32.802, 95.03, [N/A], 95.03, 400.00, 1410, 1593, 33, P0, 100"
1780462232912342027,2026/06/03 04:50:32.931,95.03,95.03,,95.03,400.0,1410.0,1593.0,33.0,P0,100.0,average_instant,"2026/06/03 04:50:32.931, 95.03, [N/A], 95.03, 400.00, 1410, 1593, 33, P0, 100"
1780462233040506687,2026/06/03 04:50:33.059,94.93,94.93,,94.93,400.0,1410.0,1593.0,33.0,P0,100.0,average_instant,"2026/06/03 04:50:33.059, 94.93, [N/A], 94.93, 400.00, 1410, 1593, 33, P0, 100"
1780462233168610372,2026/06/03 04:50:33.187,95.03,95.03,,95.03,400.0,1410.0,1593.0,33.0,P0,100.0,average_instant,"2026/06/03 04:50:33.187, 95.03, [N/A], 95.03, 400.00, 1410, 1593, 33, P0, 100"
1780462233296425604,2026/06/03 04:50:33.315,95.26,95.26,,95.26,400.0,1410.0,1593.0,33.0,P0,100.0,average_instant,"2026/06/03 04:50:33.315, 95.26, [N/A], 95.26, 400.00, 1410, 1593, 33, P0, 100"
1780462233425626228,2026/06/03 04:50:33.444,95.03,95.03,,95.03,400.0,1410.0,1593.0,33.0,P0,100.0,average_instant,"2026/06/03 04:50:33.444, 95.03, [N/A], 95.03, 400.00, 1410, 1593, 33, P0, 100"
1780462233554258253,2026/06/03 04:50:33.573,94.93,94.93,,94.93,400.0,1410.0,1593.0,33.0,P0,100.0,average_instant,"2026/06/03 04:50:33.573, 94.93, [N/A], 94.93, 400.00, 1410, 1593, 33, P0, 100"
1780462233683439512,2026/06/03 04:50:33.702,94.93,94.93,,94.93,400.0,1410.0,1593.0,33.0,P0,100.0,average_instant,"2026/06/03 04:50:33.702, 94.93, [N/A], 94.93, 400.00, 1410, 1593, 33, P0, 100"
1780462233812928938,2026/06/03 04:50:33.832,94.93,94.93,,94.93,400.0,1410.0,1593.0,33.0,P0,100.0,average_instant,"2026/06/03 04:50:33.832, 94.93, [N/A], 94.93, 400.00, 1410, 1593, 33, P0, 100"
1780462233943545373,2026/06/03 04:50:33.963,95.03,95.03,,95.03,400.0,1410.0,1593.0,33.0,P0,100.0,average_instant,"2026/06/03 04:50:33.963, 95.03, [N/A], 95.03, 400.00, 1410, 1593, 33, P0, 100"
1780462234072577029,2026/06/03 04:50:34.092,95.03,95.03,,95.03,400.0,1410.0,1593.0,33.0,P0,100.0,average_instant,"2026/06/03 04:50:34.092, 95.03, [N/A], 95.03, 400.00, 1410, 1593, 33, P0, 100"
1780462234202715462,2026/06/03 04:50:34.222,95.03,95.03,,95.03,400.0,1410.0,1593.0,33.0,P0,100.0,average_instant,"2026/06/03 04:50:34.222, 95.03, [N/A], 95.03, 400.00, 1410, 1593, 33, P0, 100"
1780462234332486205,2026/06/03 04:50:34.352,94.93,94.93,,94.93,400.0,1410.0,1593.0,33.0,P0,100.0,average_instant,"2026/06/03 04:50:34.352, 94.93, [N/A], 94.93, 400.00, 1410, 1593, 33, P0, 100"
1780462234463985747,2026/06/03 04:50:34.483,95.03,95.03,,95.03,400.0,1410.0,1593.0,33.0,P0,100.0,average_instant,"2026/06/03 04:50:34.483, 95.03, [N/A], 95.03, 400.00, 1410, 1593, 33, P0, 100"
1780462234592809367,2026/06/03 04:50:34.612,95.03,95.03,,95.03,400.0,1410.0,1593.0,33.0,P0,100.0,average_instant,"2026/06/03 04:50:34.612, 95.03, [N/A], 95.03, 400.00, 1410, 1593, 33, P0, 100"
1780462234722068574,2026/06/03 04:50:34.741,95.03,95.03,,95.03,400.0,1410.0,1593.0,33.0,P0,100.0,average_instant,"2026/06/03 04:50:34.741, 95.03, [N/A], 95.03, 400.00, 1410, 1593, 33, P0, 100"
1780462234850946190,2026/06/03 04:50:34.870,94.93,94.93,,94.93,400.0,1410.0,1593.0,33.0,P0,100.0,average_instant,"2026/06/03 04:50:34.870, 94.93, [N/A], 94.93, 400.00, 1410, 1593, 33, P0, 100"
1780462234979260888,2026/06/03 04:50:34.998,94.93,94.93,,94.93,400.0,1410.0,1593.0,33.0,P0,100.0,average_instant,"2026/06/03 04:50:34.998, 94.93, [N/A], 94.93, 400.00, 1410, 1593, 33, P0, 100"
1780462235108265170,2026/06/03 04:50:35.127,94.93,94.93,,94.93,400.0,1410.0,1593.0,33.0,P0,100.0,average_instant,"2026/06/03 04:50:35.127, 94.93, [N/A], 94.93, 400.00, 1410, 1593, 33, P0, 100"
1780462235236426532,2026/06/03 04:50:35.256,95.03,95.03,,95.03,400.0,1410.0,1593.0,33.0,P0,100.0,average_instant,"2026/06/03 04:50:35.256, 95.03, [N/A], 95.03, 400.00, 1410, 1593, 33, P0, 100"
1780462235365700895,2026/06/03 04:50:35.385,95.36,95.36,,95.36,400.0,1410.0,1593.0,33.0,P0,100.0,average_instant,"2026/06/03 04:50:35.385, 95.36, [N/A], 95.36, 400.00, 1410, 1593, 33, P0, 100"
1780462235495144965,2026/06/03 04:50:35.515,95.36,95.36,,95.36,400.0,1410.0,1593.0,33.0,P0,100.0,average_instant,"2026/06/03 04:50:35.515, 95.36, [N/A], 95.36, 400.00, 1410, 1593, 33, P0, 100"
1780462235624743083,2026/06/03 04:50:35.644,95.03,95.03,,95.03,400.0,1410.0,1593.0,33.0,P0,100.0,average_instant,"2026/06/03 04:50:35.644, 95.03, [N/A], 95.03, 400.00, 1410, 1593, 33, P0, 100"
1780462235754250383,2026/06/03 04:50:35.773,94.93,94.93,,94.93,400.0,1410.0,1593.0,33.0,P0,100.0,average_instant,"2026/06/03 04:50:35.773, 94.93, [N/A], 94.93, 400.00, 1410, 1593, 33, P0, 100"
1780462235882395997,2026/06/03 04:50:35.902,95.03,95.03,,95.03,400.0,1410.0,1593.0,33.0,P0,100.0,average_instant,"2026/06/03 04:50:35.902, 95.03, [N/A], 95.03, 400.00, 1410, 1593, 33, P0, 100"
1780462236012144491,2026/06/03 04:50:36.031,95.03,95.03,,95.03,400.0,1410.0,1593.0,33.0,P0,100.0,average_instant,"2026/06/03 04:50:36.031, 95.03, [N/A], 95.03, 400.00, 1410, 1593, 33, P0, 100"
1780462236140384864,2026/06/03 04:50:36.159,95.36,95.36,,95.36,400.0,1410.0,1593.0,33.0,P0,100.0,average_instant,"2026/06/03 04:50:36.159, 95.36, [N/A], 95.36, 400.00, 1410, 1593, 33, P0, 100"
1780462236269526202,2026/06/03 04:50:36.289,95.03,95.03,,95.03,400.0,1410.0,1593.0,33.0,P0,100.0,average_instant,"2026/06/03 04:50:36.289, 95.03, [N/A], 95.03, 400.00, 1410, 1593, 33, P0, 100"
1780462236399013509,2026/06/03 04:50:36.419,95.36,95.36,,95.36,400.0,1410.0,1593.0,33.0,P0,100.0,average_instant,"2026/06/03 04:50:36.419, 95.36, [N/A], 95.36, 400.00, 1410, 1593, 33, P0, 100"
1780462236527997532,2026/06/03 04:50:36.547,95.03,95.03,,95.03,400.0,1410.0,1593.0,33.0,P0,100.0,average_instant,"2026/06/03 04:50:36.547, 95.03, [N/A], 95.03, 400.00, 1410, 1593, 33, P0, 100"
1780462236655761553,2026/06/03 04:50:36.675,95.36,95.36,,95.36,400.0,1410.0,1593.0,33.0,P0,100.0,average_instant,"2026/06/03 04:50:36.675, 95.36, [N/A], 95.36, 400.00, 1410, 1593, 33, P0, 100"
1780462236785111494,2026/06/03 04:50:36.804,95.36,95.36,,95.36,400.0,1410.0,1593.0,33.0,P0,100.0,average_instant,"2026/06/03 04:50:36.804, 95.36, [N/A], 95.36, 400.00, 1410, 1593, 33, P0, 100"
1780462236915712663,2026/06/03 04:50:36.935,95.03,95.03,,95.03,400.0,1410.0,1593.0,33.0,P0,100.0,average_instant,"2026/06/03 04:50:36.935, 95.03, [N/A], 95.03, 400.00, 1410, 1593, 33, P0, 100"
1780462237044110630,2026/06/03 04:50:37.063,95.03,95.03,,95.03,400.0,1410.0,1593.0,33.0,P0,100.0,average_instant,"2026/06/03 04:50:37.063, 95.03, [N/A], 95.03, 400.00, 1410, 1593, 33, P0, 100"
1780462237172254661,2026/06/03 04:50:37.191,95.03,95.03,,95.03,400.0,1410.0,1593.0,33.0,P0,100.0,average_instant,"2026/06/03 04:50:37.191, 95.03, [N/A], 95.03, 400.00, 1410, 1593, 33, P0, 100"
1780462237301014675,2026/06/03 04:50:37.320,95.03,95.03,,95.03,400.0,1410.0,1593.0,33.0,P0,100.0,average_instant,"2026/06/03 04:50:37.320, 95.03, [N/A], 95.03, 400.00, 1410, 1593, 33, P0, 100"
1780462237430010490,2026/06/03 04:50:37.449,95.03,95.03,,95.03,400.0,1410.0,1593.0,33.0,P0,100.0,average_instant,"2026/06/03 04:50:37.449, 95.03, [N/A], 95.03, 400.00, 1410, 1593, 33, P0, 100"
1780462237558590963,2026/06/03 04:50:37.577,95.03,95.03,,95.03,400.0,1410.0,1593.0,33.0,P0,100.0,average_instant,"2026/06/03 04:50:37.577, 95.03, [N/A], 95.03, 400.00, 1410, 1593, 33, P0, 100"
1780462237689178140,2026/06/03 04:50:37.708,95.03,95.03,,95.03,400.0,1410.0,1593.0,33.0,P0,100.0,average_instant,"2026/06/03 04:50:37.708, 95.03, [N/A], 95.03, 400.00, 1410, 1593, 33, P0, 100"
1780462237817589089,2026/06/03 04:50:37.836,95.03,95.03,,95.03,400.0,1410.0,1593.0,33.0,P0,100.0,average_instant,"2026/06/03 04:50:37.836, 95.03, [N/A], 95.03, 400.00, 1410, 1593, 33, P0, 100"
1780462237946010628,2026/06/03 04:50:37.964,95.03,95.03,,95.03,400.0,1410.0,1593.0,33.0,P0,100.0,average_instant,"2026/06/03 04:50:37.964, 95.03, [N/A], 95.03, 400.00, 1410, 1593, 33, P0, 100"
1780462238072966722,2026/06/03 04:50:38.092,95.03,95.03,,95.03,400.0,1410.0,1593.0,33.0,P0,100.0,average_instant,"2026/06/03 04:50:38.092, 95.03, [N/A], 95.03, 400.00, 1410, 1593, 33, P0, 100"
1780462238201491599,2026/06/03 04:50:38.221,94.93,94.93,,94.93,400.0,1410.0,1593.0,33.0,P0,100.0,average_instant,"2026/06/03 04:50:38.221, 94.93, [N/A], 94.93, 400.00, 1410, 1593, 33, P0, 100"
1780462238332445956,2026/06/03 04:50:38.351,95.03,95.03,,95.03,400.0,1410.0,1593.0,33.0,P0,100.0,average_instant,"2026/06/03 04:50:38.351, 95.03, [N/A], 95.03, 400.00, 1410, 1593, 33, P0, 100"
1780462238461046701,2026/06/03 04:50:38.480,95.03,95.03,,95.03,400.0,1410.0,1593.0,33.0,P0,100.0,average_instant,"2026/06/03 04:50:38.480, 95.03, [N/A], 95.03, 400.00, 1410, 1593, 33, P0, 100"
1780462238590307988,2026/06/03 04:50:38.609,95.03,95.03,,95.03,400.0,1410.0,1593.0,33.0,P0,100.0,average_instant,"2026/06/03 04:50:38.609, 95.03, [N/A], 95.03, 400.00, 1410, 1593, 33, P0, 100"
1780462238718713932,2026/06/03 04:50:38.738,95.36,95.36,,95.36,400.0,1410.0,1593.0,33.0,P0,100.0,average_instant,"2026/06/03 04:50:38.738, 95.36, [N/A], 95.36, 400.00, 1410, 1593, 33, P0, 100"
1780462238847326758,2026/06/03 04:50:38.866,95.36,95.36,,95.36,400.0,1410.0,1593.0,33.0,P0,100.0,average_instant,"2026/06/03 04:50:38.866, 95.36, [N/A], 95.36, 400.00, 1410, 1593, 33, P0, 100"
1780462238975955789,2026/06/03 04:50:38.995,95.03,95.03,,95.03,400.0,1410.0,1593.0,33.0,P0,100.0,average_instant,"2026/06/03 04:50:38.995, 95.03, [N/A], 95.03, 400.00, 1410, 1593, 33, P0, 100"
1780462239104952771,2026/06/03 04:50:39.124,95.03,95.03,,95.03,400.0,1410.0,1593.0,33.0,P0,100.0,average_instant,"2026/06/03 04:50:39.124, 95.03, [N/A], 95.03, 400.00, 1410, 1593, 33, P0, 100"
1780462239235149915,2026/06/03 04:50:39.254,94.93,94.93,,94.93,400.0,1410.0,1593.0,33.0,P0,100.0,average_instant,"2026/06/03 04:50:39.254, 94.93, [N/A], 94.93, 400.00, 1410, 1593, 33, P0, 100"
1780462239363512937,2026/06/03 04:50:39.382,95.03,95.03,,95.03,400.0,1410.0,1593.0,33.0,P0,100.0,average_instant,"2026/06/03 04:50:39.382, 95.03, [N/A], 95.03, 400.00, 1410, 1593, 33, P0, 100"
1780462239491543025,2026/06/03 04:50:39.511,95.26,95.26,,95.26,400.0,1410.0,1593.0,33.0,P0,100.0,average_instant,"2026/06/03 04:50:39.511, 95.26, [N/A], 95.26, 400.00, 1410, 1593, 33, P0, 100"
1780462239620119228,2026/06/03 04:50:39.639,95.03,95.03,,95.03,400.0,1410.0,1593.0,33.0,P0,100.0,average_instant,"2026/06/03 04:50:39.639, 95.03, [N/A], 95.03, 400.00, 1410, 1593, 33, P0, 100"
1780462239748304759,2026/06/03 04:50:39.767,95.03,95.03,,95.03,400.0,1410.0,1593.0,33.0,P0,100.0,average_instant,"2026/06/03 04:50:39.767, 95.03, [N/A], 95.03, 400.00, 1410, 1593, 33, P0, 100"
1780462239877758825,2026/06/03 04:50:39.897,95.36,95.36,,95.36,400.0,1410.0,1593.0,33.0,P0,100.0,average_instant,"2026/06/03 04:50:39.897, 95.36, [N/A], 95.36, 400.00, 1410, 1593, 33, P0, 100"
1780462240006090717,2026/06/03 04:50:40.025,95.36,95.36,,95.36,400.0,1410.0,1593.0,33.0,P0,100.0,average_instant,"2026/06/03 04:50:40.025, 95.36, [N/A], 95.36, 400.00, 1410, 1593, 33, P0, 100"
1780462240133700482,2026/06/03 04:50:40.153,95.36,95.36,,95.36,400.0,1410.0,1593.0,33.0,P0,100.0,average_instant,"2026/06/03 04:50:40.153, 95.36, [N/A], 95.36, 400.00, 1410, 1593, 33, P0, 100"
1780462240263202188,2026/06/03 04:50:40.282,95.36,95.36,,95.36,400.0,1410.0,1593.0,33.0,P0,100.0,average_instant,"2026/06/03 04:50:40.282, 95.36, [N/A], 95.36, 400.00, 1410, 1593, 33, P0, 100"
1780462240391865776,2026/06/03 04:50:40.411,95.36,95.36,,95.36,400.0,1410.0,1593.0,33.0,P0,100.0,average_instant,"2026/06/03 04:50:40.411, 95.36, [N/A], 95.36, 400.00, 1410, 1593, 33, P0, 100"
1780462240520230869,2026/06/03 04:50:40.539,95.03,95.03,,95.03,400.0,1410.0,1593.0,33.0,P0,100.0,average_instant,"2026/06/03 04:50:40.539, 95.03, [N/A], 95.03, 400.00, 1410, 1593, 33, P0, 100"
1780462240648535354,2026/06/03 04:50:40.668,95.36,95.36,,95.36,400.0,1410.0,1593.0,33.0,P0,100.0,average_instant,"2026/06/03 04:50:40.668, 95.36, [N/A], 95.36, 400.00, 1410, 1593, 33, P0, 100"
1780462240776900935,2026/06/03 04:50:40.796,95.36,95.36,,95.36,400.0,1410.0,1593.0,33.0,P0,100.0,average_instant,"2026/06/03 04:50:40.796, 95.36, [N/A], 95.36, 400.00, 1410, 1593, 33, P0, 100"
1780462240907445497,2026/06/03 04:50:40.926,95.26,95.26,,95.26,400.0,1410.0,1593.0,33.0,P0,100.0,average_instant,"2026/06/03 04:50:40.926, 95.26, [N/A], 95.26, 400.00, 1410, 1593, 33, P0, 100"
1780462241036114325,2026/06/03 04:50:41.055,95.36,95.36,,95.36,400.0,1410.0,1593.0,33.0,P0,100.0,average_instant,"2026/06/03 04:50:41.055, 95.36, [N/A], 95.36, 400.00, 1410, 1593, 33, P0, 100"
1780462241164267054,2026/06/03 04:50:41.183,95.36,95.36,,95.36,400.0,1410.0,1593.0,33.0,P0,100.0,average_instant,"2026/06/03 04:50:41.183, 95.36, [N/A], 95.36, 400.00, 1410, 1593, 33, P0, 100"
1780462241292391718,2026/06/03 04:50:41.312,95.26,95.26,,95.26,400.0,1410.0,1593.0,33.0,P0,100.0,average_instant,"2026/06/03 04:50:41.312, 95.26, [N/A], 95.26, 400.00, 1410, 1593, 33, P0, 100"
1780462241420988752,2026/06/03 04:50:41.440,95.03,95.03,,95.03,400.0,1410.0,1593.0,33.0,P0,100.0,average_instant,"2026/06/03 04:50:41.440, 95.03, [N/A], 95.03, 400.00, 1410, 1593, 33, P0, 100"
1780462241549884117,2026/06/03 04:50:41.569,95.36,95.36,,95.36,400.0,1410.0,1593.0,33.0,P0,100.0,average_instant,"2026/06/03 04:50:41.569, 95.36, [N/A], 95.36, 400.00, 1410, 1593, 33, P0, 100"
1780462241678063453,2026/06/03 04:50:41.697,95.36,95.36,,95.36,400.0,1410.0,1593.0,33.0,P0,100.0,average_instant,"2026/06/03 04:50:41.697, 95.36, [N/A], 95.36, 400.00, 1410, 1593, 33, P0, 100"
1780462241806239601,2026/06/03 04:50:41.825,95.26,95.26,,95.26,400.0,1410.0,1593.0,33.0,P0,100.0,average_instant,"2026/06/03 04:50:41.825, 95.26, [N/A], 95.26, 400.00, 1410, 1593, 33, P0, 100"
1780462241934505625,2026/06/03 04:50:41.954,95.26,95.26,,95.26,400.0,1410.0,1593.0,33.0,P0,100.0,average_instant,"2026/06/03 04:50:41.954, 95.26, [N/A], 95.26, 400.00, 1410, 1593, 33, P0, 100"
1780462242062942002,2026/06/03 04:50:42.082,95.36,95.36,,95.36,400.0,1410.0,1593.0,33.0,P0,100.0,average_instant,"2026/06/03 04:50:42.082, 95.36, [N/A], 95.36, 400.00, 1410, 1593, 33, P0, 100"
1780462242192245662,2026/06/03 04:50:42.211,95.36,95.36,,95.36,400.0,1410.0,1593.0,33.0,P0,100.0,average_instant,"2026/06/03 04:50:42.211, 95.36, [N/A], 95.36, 400.00, 1410, 1593, 33, P0, 100"
1780462242320530378,2026/06/03 04:50:42.340,95.26,95.26,,95.26,400.0,1410.0,1593.0,33.0,P0,100.0,average_instant,"2026/06/03 04:50:42.340, 95.26, [N/A], 95.26, 400.00, 1410, 1593, 33, P0, 100"
1780462242449700082,2026/06/03 04:50:42.469,95.36,95.36,,95.36,400.0,1410.0,1593.0,33.0,P0,100.0,average_instant,"2026/06/03 04:50:42.469, 95.36, [N/A], 95.36, 400.00, 1410, 1593, 33, P0, 100"
1780462242578333988,2026/06/03 04:50:42.597,95.03,95.03,,95.03,400.0,1410.0,1593.0,33.0,P0,100.0,average_instant,"2026/06/03 04:50:42.597, 95.03, [N/A], 95.03, 400.00, 1410, 1593, 33, P0, 100"
1780462242706724197,2026/06/03 04:50:42.726,95.36,95.36,,95.36,400.0,1410.0,1593.0,33.0,P0,100.0,average_instant,"2026/06/03 04:50:42.726, 95.36, [N/A], 95.36, 400.00, 1410, 1593, 33, P0, 100"
1780462242835851783,2026/06/03 04:50:42.855,95.36,95.36,,95.36,400.0,1410.0,1593.0,33.0,P0,100.0,average_instant,"2026/06/03 04:50:42.855, 95.36, [N/A], 95.36, 400.00, 1410, 1593, 33, P0, 100"
1780462242964244277,2026/06/03 04:50:42.983,95.36,95.36,,95.36,400.0,1410.0,1593.0,33.0,P0,100.0,average_instant,"2026/06/03 04:50:42.983, 95.36, [N/A], 95.36, 400.00, 1410, 1593, 33, P0, 100"
1780462243092623561,2026/06/03 04:50:43.111,95.26,95.26,,95.26,400.0,1410.0,1593.0,33.0,P0,100.0,average_instant,"2026/06/03 04:50:43.111, 95.26, [N/A], 95.26, 400.00, 1410, 1593, 33, P0, 100"
1780462243222535106,2026/06/03 04:50:43.241,95.03,95.03,,95.03,400.0,1410.0,1593.0,33.0,P0,100.0,average_instant,"2026/06/03 04:50:43.241, 95.03, [N/A], 95.03, 400.00, 1410, 1593, 33, P0, 100"
1780462243350303733,2026/06/03 04:50:43.370,95.26,95.26,,95.26,400.0,1410.0,1593.0,33.0,P0,100.0,average_instant,"2026/06/03 04:50:43.370, 95.26, [N/A], 95.26, 400.00, 1410, 1593, 33, P0, 100"
1780462243478602278,2026/06/03 04:50:43.498,95.36,95.36,,95.36,400.0,1410.0,1593.0,33.0,P0,100.0,average_instant,"2026/06/03 04:50:43.498, 95.36, [N/A], 95.36, 400.00, 1410, 1593, 33, P0, 100"
1780462243607140414,2026/06/03 04:50:43.625,95.36,95.36,,95.36,400.0,1410.0,1593.0,33.0,P0,100.0,average_instant,"2026/06/03 04:50:43.625, 95.36, [N/A], 95.36, 400.00, 1410, 1593, 33, P0, 100"
1780462243734815478,2026/06/03 04:50:43.754,95.36,95.36,,95.36,400.0,1410.0,1593.0,33.0,P0,100.0,average_instant,"2026/06/03 04:50:43.754, 95.36, [N/A], 95.36, 400.00, 1410, 1593, 33, P0, 100"
1780462243864240654,2026/06/03 04:50:43.884,95.36,95.36,,95.36,400.0,1410.0,1593.0,33.0,P0,100.0,average_instant,"2026/06/03 04:50:43.884, 95.36, [N/A], 95.36, 400.00, 1410, 1593, 33, P0, 100"
1780462243992605322,2026/06/03 04:50:44.012,95.36,95.36,,95.36,400.0,1410.0,1593.0,33.0,P0,100.0,average_instant,"2026/06/03 04:50:44.012, 95.36, [N/A], 95.36, 400.00, 1410, 1593, 33, P0, 100"
1780462244121376941,2026/06/03 04:50:44.141,95.36,95.36,,95.36,400.0,1410.0,1593.0,33.0,P0,100.0,average_instant,"2026/06/03 04:50:44.141, 95.36, [N/A], 95.36, 400.00, 1410, 1593, 33, P0, 100"
1780462244250540831,2026/06/03 04:50:44.270,95.36,95.36,,95.36,400.0,1410.0,1593.0,33.0,P0,100.0,average_instant,"2026/06/03 04:50:44.270, 95.36, [N/A], 95.36, 400.00, 1410, 1593, 33, P0, 100"
1780462244378880964,2026/06/03 04:50:44.398,95.26,95.26,,95.26,400.0,1410.0,1593.0,33.0,P0,100.0,average_instant,"2026/06/03 04:50:44.398, 95.26, [N/A], 95.26, 400.00, 1410, 1593, 33, P0, 100"
1780462244509389474,2026/06/03 04:50:44.529,95.36,95.36,,95.36,400.0,1410.0,1593.0,33.0,P0,100.0,average_instant,"2026/06/03 04:50:44.529, 95.36, [N/A], 95.36, 400.00, 1410, 1593, 33, P0, 100"
1780462244638725358,2026/06/03 04:50:44.658,95.26,95.26,,95.26,400.0,1410.0,1593.0,33.0,P0,100.0,average_instant,"2026/06/03 04:50:44.658, 95.26, [N/A], 95.26, 400.00, 1410, 1593, 33, P0, 100"
1780462244768135241,2026/06/03 04:50:44.787,95.26,95.26,,95.26,400.0,1410.0,1593.0,33.0,P0,100.0,average_instant,"2026/06/03 04:50:44.787, 95.26, [N/A], 95.26, 400.00, 1410, 1593, 33, P0, 100"
1780462244896613109,2026/06/03 04:50:44.916,95.36,95.36,,95.36,400.0,1410.0,1593.0,33.0,P0,100.0,average_instant,"2026/06/03 04:50:44.916, 95.36, [N/A], 95.36, 400.00, 1410, 1593, 33, P0, 100"
1780462245024964085,2026/06/03 04:50:45.044,95.36,95.36,,95.36,400.0,1410.0,1593.0,33.0,P0,100.0,average_instant,"2026/06/03 04:50:45.044, 95.36, [N/A], 95.36, 400.00, 1410, 1593, 33, P0, 100"
1780462245154522406,2026/06/03 04:50:45.173,95.26,95.26,,95.26,400.0,1410.0,1593.0,33.0,P0,100.0,average_instant,"2026/06/03 04:50:45.173, 95.26, [N/A], 95.26, 400.00, 1410, 1593, 33, P0, 100"
1780462245281941482,2026/06/03 04:50:45.301,95.36,95.36,,95.36,400.0,1410.0,1593.0,33.0,P0,100.0,average_instant,"2026/06/03 04:50:45.301, 95.36, [N/A], 95.36, 400.00, 1410, 1593, 33, P0, 100"
1780462245410654449,2026/06/03 04:50:45.430,95.36,95.36,,95.36,400.0,1410.0,1593.0,33.0,P0,100.0,average_instant,"2026/06/03 04:50:45.430, 95.36, [N/A], 95.36, 400.00, 1410, 1593, 33, P0, 100"
1780462245538974306,2026/06/03 04:50:45.558,95.36,95.36,,95.36,400.0,1410.0,1593.0,33.0,P0,100.0,average_instant,"2026/06/03 04:50:45.558, 95.36, [N/A], 95.36, 400.00, 1410, 1593, 33, P0, 100"
1780462245667340810,2026/06/03 04:50:45.685,95.26,95.26,,95.26,400.0,1410.0,1593.0,33.0,P0,100.0,average_instant,"2026/06/03 04:50:45.685, 95.26, [N/A], 95.26, 400.00, 1410, 1593, 33, P0, 100"
1780462245795389938,2026/06/03 04:50:45.814,95.36,95.36,,95.36,400.0,1410.0,1593.0,33.0,P0,100.0,average_instant,"2026/06/03 04:50:45.814, 95.36, [N/A], 95.36, 400.00, 1410, 1593, 33, P0, 100"
1780462245923703927,2026/06/03 04:50:45.943,95.03,95.03,,95.03,400.0,1410.0,1593.0,33.0,P0,100.0,average_instant,"2026/06/03 04:50:45.943, 95.03, [N/A], 95.03, 400.00, 1410, 1593, 33, P0, 100"
1780462246052546915,2026/06/03 04:50:46.072,95.36,95.36,,95.36,400.0,1410.0,1593.0,33.0,P0,100.0,average_instant,"2026/06/03 04:50:46.072, 95.36, [N/A], 95.36, 400.00, 1410, 1593, 33, P0, 100"
1780462246181114556,2026/06/03 04:50:46.201,95.36,95.36,,95.36,400.0,1410.0,1593.0,33.0,P0,100.0,average_instant,"2026/06/03 04:50:46.201, 95.36, [N/A], 95.36, 400.00, 1410, 1593, 33, P0, 100"
1780462246309983748,2026/06/03 04:50:46.329,95.26,95.26,,95.26,400.0,1410.0,1593.0,33.0,P0,100.0,average_instant,"2026/06/03 04:50:46.329, 95.26, [N/A], 95.26, 400.00, 1410, 1593, 33, P0, 100"
1780462246440610549,2026/06/03 04:50:46.460,95.26,95.26,,95.26,400.0,1410.0,1593.0,33.0,P0,100.0,average_instant,"2026/06/03 04:50:46.460, 95.26, [N/A], 95.26, 400.00, 1410, 1593, 33, P0, 100"
1780462246569190280,2026/06/03 04:50:46.588,95.36,95.36,,95.36,400.0,1410.0,1593.0,33.0,P0,100.0,average_instant,"2026/06/03 04:50:46.588, 95.36, [N/A], 95.36, 400.00, 1410, 1593, 33, P0, 100"
1780462246696907857,2026/06/03 04:50:46.716,95.36,95.36,,95.36,400.0,1410.0,1593.0,33.0,P0,100.0,average_instant,"2026/06/03 04:50:46.716, 95.36, [N/A], 95.36, 400.00, 1410, 1593, 33, P0, 100"
1780462246826042596,2026/06/03 04:50:46.845,95.26,95.26,,95.26,400.0,1410.0,1593.0,33.0,P0,100.0,average_instant,"2026/06/03 04:50:46.845, 95.26, [N/A], 95.26, 400.00, 1410, 1593, 33, P0, 100"
1780462246954840801,2026/06/03 04:50:46.974,95.36,95.36,,95.36,400.0,1410.0,1593.0,33.0,P0,100.0,average_instant,"2026/06/03 04:50:46.974, 95.36, [N/A], 95.36, 400.00, 1410, 1593, 33, P0, 100"
1780462247084429050,2026/06/03 04:50:47.104,95.26,95.26,,95.26,400.0,1410.0,1593.0,33.0,P0,100.0,average_instant,"2026/06/03 04:50:47.104, 95.26, [N/A], 95.26, 400.00, 1410, 1593, 33, P0, 100"
1780462247215017900,2026/06/03 04:50:47.234,95.36,95.36,,95.36,400.0,1410.0,1593.0,33.0,P0,100.0,average_instant,"2026/06/03 04:50:47.234, 95.36, [N/A], 95.36, 400.00, 1410, 1593, 33, P0, 100"
1780462247345007143,2026/06/03 04:50:47.364,95.36,95.36,,95.36,400.0,1410.0,1593.0,33.0,P0,100.0,average_instant,"2026/06/03 04:50:47.364, 95.36, [N/A], 95.36, 400.00, 1410, 1593, 33, P0, 100"
1780462247473400786,2026/06/03 04:50:47.493,95.36,95.36,,95.36,400.0,1410.0,1593.0,33.0,P0,100.0,average_instant,"2026/06/03 04:50:47.493, 95.36, [N/A], 95.36, 400.00, 1410, 1593, 33, P0, 100"
1780462247602256856,2026/06/03 04:50:47.622,95.36,95.36,,95.36,400.0,1410.0,1593.0,33.0,P0,100.0,average_instant,"2026/06/03 04:50:47.622, 95.36, [N/A], 95.36, 400.00, 1410, 1593, 33, P0, 100"
1780462247731373825,2026/06/03 04:50:47.750,95.26,95.26,,95.26,400.0,1410.0,1593.0,33.0,P0,100.0,average_instant,"2026/06/03 04:50:47.750, 95.26, [N/A], 95.26, 400.00, 1410, 1593, 33, P0, 100"
1780462247859774825,2026/06/03 04:50:47.879,95.26,95.26,,95.26,400.0,1410.0,1593.0,33.0,P0,100.0,average_instant,"2026/06/03 04:50:47.879, 95.26, [N/A], 95.26, 400.00, 1410, 1593, 33, P0, 100"
1780462247989386830,2026/06/03 04:50:48.009,95.36,95.36,,95.36,400.0,1410.0,1593.0,33.0,P0,100.0,average_instant,"2026/06/03 04:50:48.009, 95.36, [N/A], 95.36, 400.00, 1410, 1593, 33, P0, 100"
1780462248118904763,2026/06/03 04:50:48.139,95.36,95.36,,95.36,400.0,1410.0,1593.0,33.0,P0,100.0,average_instant,"2026/06/03 04:50:48.139, 95.36, [N/A], 95.36, 400.00, 1410, 1593, 33, P0, 100"
1780462248249267328,2026/06/03 04:50:48.271,95.36,95.36,,95.36,400.0,1410.0,1593.0,33.0,P0,100.0,average_instant,"2026/06/03 04:50:48.271, 95.36, [N/A], 95.36, 400.00, 1410, 1593, 33, P0, 100"
1780462248381311214,2026/06/03 04:50:48.401,95.36,95.36,,95.36,400.0,1410.0,1593.0,33.0,P0,100.0,average_instant,"2026/06/03 04:50:48.401, 95.36, [N/A], 95.36, 400.00, 1410, 1593, 33, P0, 100"
1780462248511390404,2026/06/03 04:50:48.530,95.36,95.36,,95.36,400.0,1410.0,1593.0,33.0,P0,100.0,average_instant,"2026/06/03 04:50:48.530, 95.36, [N/A], 95.36, 400.00, 1410, 1593, 33, P0, 100"
1780462248639422339,2026/06/03 04:50:48.658,95.36,95.36,,95.36,400.0,1410.0,1593.0,33.0,P0,100.0,average_instant,"2026/06/03 04:50:48.658, 95.36, [N/A], 95.36, 400.00, 1410, 1593, 33, P0, 100"
1780462248766797747,2026/06/03 04:50:48.786,95.36,95.36,,95.36,400.0,1410.0,1593.0,33.0,P0,100.0,average_instant,"2026/06/03 04:50:48.786, 95.36, [N/A], 95.36, 400.00, 1410, 1593, 33, P0, 100"
1780462248896471702,2026/06/03 04:50:48.916,95.36,95.36,,95.36,400.0,1410.0,1593.0,33.0,P0,100.0,average_instant,"2026/06/03 04:50:48.916, 95.36, [N/A], 95.36, 400.00, 1410, 1593, 33, P0, 100"
1780462249024905124,2026/06/03 04:50:49.044,95.26,95.26,,95.26,400.0,1410.0,1593.0,33.0,P0,100.0,average_instant,"2026/06/03 04:50:49.044, 95.26, [N/A], 95.26, 400.00, 1410, 1593, 33, P0, 100"
1780462249154648009,2026/06/03 04:50:49.174,95.36,95.36,,95.36,400.0,1410.0,1593.0,33.0,P0,100.0,average_instant,"2026/06/03 04:50:49.174, 95.36, [N/A], 95.36, 400.00, 1410, 1593, 33, P0, 100"
1780462249283990538,2026/06/03 04:50:49.303,95.36,95.36,,95.36,400.0,1410.0,1593.0,33.0,P0,100.0,average_instant,"2026/06/03 04:50:49.303, 95.36, [N/A], 95.36, 400.00, 1410, 1593, 33, P0, 100"
1780462249413859270,2026/06/03 04:50:49.433,95.36,95.36,,95.36,400.0,1410.0,1593.0,33.0,P0,100.0,average_instant,"2026/06/03 04:50:49.433, 95.36, [N/A], 95.36, 400.00, 1410, 1593, 33, P0, 100"
1780462249542686912,2026/06/03 04:50:49.562,95.36,95.36,,95.36,400.0,1410.0,1593.0,33.0,P0,100.0,average_instant,"2026/06/03 04:50:49.562, 95.36, [N/A], 95.36, 400.00, 1410, 1593, 33, P0, 100"
1780462249671080489,2026/06/03 04:50:49.690,95.36,95.36,,95.36,400.0,1410.0,1593.0,33.0,P0,100.0,average_instant,"2026/06/03 04:50:49.690, 95.36, [N/A], 95.36, 400.00, 1410, 1593, 33, P0, 100"
1780462249801107205,2026/06/03 04:50:49.820,95.36,95.36,,95.36,400.0,1410.0,1593.0,33.0,P0,100.0,average_instant,"2026/06/03 04:50:49.820, 95.36, [N/A], 95.36, 400.00, 1410, 1593, 33, P0, 100"
1780462249929743950,2026/06/03 04:50:49.949,95.26,95.26,,95.26,400.0,1410.0,1593.0,33.0,P0,100.0,average_instant,"2026/06/03 04:50:49.949, 95.26, [N/A], 95.26, 400.00, 1410, 1593, 33, P0, 100"
1780462250058454563,2026/06/03 04:50:50.078,95.36,95.36,,95.36,400.0,1410.0,1593.0,33.0,P0,100.0,average_instant,"2026/06/03 04:50:50.078, 95.36, [N/A], 95.36, 400.00, 1410, 1593, 33, P0, 100"
1780462250187850670,2026/06/03 04:50:50.207,95.03,95.03,,95.03,400.0,1410.0,1593.0,33.0,P0,100.0,average_instant,"2026/06/03 04:50:50.207, 95.03, [N/A], 95.03, 400.00, 1410, 1593, 33, P0, 100"
1780462250317576546,2026/06/03 04:50:50.337,95.26,95.26,,95.26,400.0,1410.0,1593.0,33.0,P0,100.0,average_instant,"2026/06/03 04:50:50.337, 95.26, [N/A], 95.26, 400.00, 1410, 1593, 33, P0, 100"
1780462250445864964,2026/06/03 04:50:50.465,95.36,95.36,,95.36,400.0,1410.0,1593.0,33.0,P0,100.0,average_instant,"2026/06/03 04:50:50.465, 95.36, [N/A], 95.36, 400.00, 1410, 1593, 33, P0, 100"
1780462250574110133,2026/06/03 04:50:50.593,95.36,95.36,,95.36,400.0,1410.0,1593.0,33.0,P0,100.0,average_instant,"2026/06/03 04:50:50.593, 95.36, [N/A], 95.36, 400.00, 1410, 1593, 33, P0, 100"
1780462250703575048,2026/06/03 04:50:50.722,95.26,95.26,,95.26,400.0,1410.0,1593.0,33.0,P0,100.0,average_instant,"2026/06/03 04:50:50.722, 95.26, [N/A], 95.26, 400.00, 1410, 1593, 33, P0, 100"
1780462250832041875,2026/06/03 04:50:50.851,95.36,95.36,,95.36,400.0,1410.0,1593.0,33.0,P0,100.0,average_instant,"2026/06/03 04:50:50.851, 95.36, [N/A], 95.36, 400.00, 1410, 1593, 33, P0, 100"
1780462250960868086,2026/06/03 04:50:50.980,95.36,95.36,,95.36,400.0,1410.0,1593.0,33.0,P0,100.0,average_instant,"2026/06/03 04:50:50.980, 95.36, [N/A], 95.36, 400.00, 1410, 1593, 33, P0, 100"
1780462251090340851,2026/06/03 04:50:51.110,95.36,95.36,,95.36,400.0,1410.0,1593.0,33.0,P0,100.0,average_instant,"2026/06/03 04:50:51.110, 95.36, [N/A], 95.36, 400.00, 1410, 1593, 33, P0, 100"
1780462251219452624,2026/06/03 04:50:51.239,95.36,95.36,,95.36,400.0,1410.0,1593.0,33.0,P0,100.0,average_instant,"2026/06/03 04:50:51.239, 95.36, [N/A], 95.36, 400.00, 1410, 1593, 33, P0, 100"
1780462251350445365,2026/06/03 04:50:51.369,95.36,95.36,,95.36,400.0,1410.0,1593.0,33.0,P0,100.0,average_instant,"2026/06/03 04:50:51.369, 95.36, [N/A], 95.36, 400.00, 1410, 1593, 33, P0, 100"
1780462251478389405,2026/06/03 04:50:51.497,95.36,95.36,,95.36,400.0,1410.0,1593.0,33.0,P0,100.0,average_instant,"2026/06/03 04:50:51.497, 95.36, [N/A], 95.36, 400.00, 1410, 1593, 33, P0, 100"
1780462251606323183,2026/06/03 04:50:51.625,95.36,95.36,,95.36,400.0,1410.0,1593.0,33.0,P0,100.0,average_instant,"2026/06/03 04:50:51.625, 95.36, [N/A], 95.36, 400.00, 1410, 1593, 33, P0, 100"
1780462251734296237,2026/06/03 04:50:51.754,95.26,95.26,,95.26,400.0,1410.0,1593.0,33.0,P0,100.0,average_instant,"2026/06/03 04:50:51.754, 95.26, [N/A], 95.26, 400.00, 1410, 1593, 33, P0, 100"
1780462251863603860,2026/06/03 04:50:51.883,95.36,95.36,,95.36,400.0,1410.0,1593.0,33.0,P0,100.0,average_instant,"2026/06/03 04:50:51.883, 95.36, [N/A], 95.36, 400.00, 1410, 1593, 33, P0, 100"
1780462251993883183,2026/06/03 04:50:52.013,95.36,95.36,,95.36,400.0,1410.0,1593.0,33.0,P0,100.0,average_instant,"2026/06/03 04:50:52.013, 95.36, [N/A], 95.36, 400.00, 1410, 1593, 33, P0, 100"
1780462252122028130,2026/06/03 04:50:52.141,95.36,95.36,,95.36,400.0,1410.0,1593.0,33.0,P0,100.0,average_instant,"2026/06/03 04:50:52.141, 95.36, [N/A], 95.36, 400.00, 1410, 1593, 33, P0, 100"
1780462252251176895,2026/06/03 04:50:52.270,95.36,95.36,,95.36,400.0,1410.0,1593.0,33.0,P0,100.0,average_instant,"2026/06/03 04:50:52.270, 95.36, [N/A], 95.36, 400.00, 1410, 1593, 33, P0, 100"
1780462252379824290,2026/06/03 04:50:52.398,95.26,95.26,,95.26,400.0,1410.0,1593.0,33.0,P0,100.0,average_instant,"2026/06/03 04:50:52.398, 95.26, [N/A], 95.26, 400.00, 1410, 1593, 33, P0, 100"
1780462252507330495,2026/06/03 04:50:52.526,95.26,95.26,,95.26,400.0,1410.0,1593.0,33.0,P0,100.0,average_instant,"2026/06/03 04:50:52.526, 95.26, [N/A], 95.26, 400.00, 1410, 1593, 33, P0, 100"
1780462252637924117,2026/06/03 04:50:52.657,95.26,95.26,,95.26,400.0,1410.0,1593.0,33.0,P0,100.0,average_instant,"2026/06/03 04:50:52.657, 95.26, [N/A], 95.26, 400.00, 1410, 1593, 33, P0, 100"
1780462252766459449,2026/06/03 04:50:52.786,95.36,95.36,,95.36,400.0,1410.0,1593.0,33.0,P0,100.0,average_instant,"2026/06/03 04:50:52.786, 95.36, [N/A], 95.36, 400.00, 1410, 1593, 33, P0, 100"
1780462252897508815,2026/06/03 04:50:52.917,95.36,95.36,,95.36,400.0,1410.0,1593.0,33.0,P0,100.0,average_instant,"2026/06/03 04:50:52.917, 95.36, [N/A], 95.36, 400.00, 1410, 1593, 33, P0, 100"
1780462253026004046,2026/06/03 04:50:53.045,95.36,95.36,,95.36,400.0,1410.0,1593.0,33.0,P0,100.0,average_instant,"2026/06/03 04:50:53.045, 95.36, [N/A], 95.36, 400.00, 1410, 1593, 33, P0, 100"
1780462253154695371,2026/06/03 04:50:53.174,95.36,95.36,,95.36,400.0,1410.0,1593.0,33.0,P0,100.0,average_instant,"2026/06/03 04:50:53.174, 95.36, [N/A], 95.36, 400.00, 1410, 1593, 33, P0, 100"
1780462253283824902,2026/06/03 04:50:53.302,95.36,95.36,,95.36,400.0,1410.0,1593.0,33.0,P0,100.0,average_instant,"2026/06/03 04:50:53.302, 95.36, [N/A], 95.36, 400.00, 1410, 1593, 33, P0, 100"
1780462253411097202,2026/06/03 04:50:53.430,95.36,95.36,,95.36,400.0,1410.0,1593.0,33.0,P0,100.0,average_instant,"2026/06/03 04:50:53.430, 95.36, [N/A], 95.36, 400.00, 1410, 1593, 33, P0, 100"
1780462253540639341,2026/06/03 04:50:53.560,95.36,95.36,,95.36,400.0,1410.0,1593.0,33.0,P0,100.0,average_instant,"2026/06/03 04:50:53.560, 95.36, [N/A], 95.36, 400.00, 1410, 1593, 33, P0, 100"
1780462253669723061,2026/06/03 04:50:53.689,95.36,95.36,,95.36,400.0,1410.0,1593.0,33.0,P0,100.0,average_instant,"2026/06/03 04:50:53.689, 95.36, [N/A], 95.36, 400.00, 1410, 1593, 33, P0, 100"
1780462253798679150,2026/06/03 04:50:53.818,95.26,95.26,,95.26,400.0,1410.0,1593.0,33.0,P0,100.0,average_instant,"2026/06/03 04:50:53.818, 95.26, [N/A], 95.26, 400.00, 1410, 1593, 33, P0, 100"
1780462253928916149,2026/06/03 04:50:53.948,95.36,95.36,,95.36,400.0,1410.0,1593.0,33.0,P0,100.0,average_instant,"2026/06/03 04:50:53.948, 95.36, [N/A], 95.36, 400.00, 1410, 1593, 33, P0, 100"
1780462254057967859,2026/06/03 04:50:54.077,95.36,95.36,,95.36,400.0,1410.0,1593.0,33.0,P0,100.0,average_instant,"2026/06/03 04:50:54.077, 95.36, [N/A], 95.36, 400.00, 1410, 1593, 33, P0, 100"
1780462254187277090,2026/06/03 04:50:54.206,95.26,95.26,,95.26,400.0,1410.0,1593.0,33.0,P0,100.0,average_instant,"2026/06/03 04:50:54.206, 95.26, [N/A], 95.26, 400.00, 1410, 1593, 33, P0, 100"
1780462254317596670,2026/06/03 04:50:54.337,95.26,95.26,,95.26,400.0,1410.0,1593.0,33.0,P0,100.0,average_instant,"2026/06/03 04:50:54.337, 95.26, [N/A], 95.26, 400.00, 1410, 1593, 33, P0, 100"
1780462254446891799,2026/06/03 04:50:54.467,95.36,95.36,,95.36,400.0,1410.0,1593.0,33.0,P0,100.0,average_instant,"2026/06/03 04:50:54.467, 95.36, [N/A], 95.36, 400.00, 1410, 1593, 33, P0, 100"
1780462254577439178,2026/06/03 04:50:54.597,95.36,95.36,,95.36,400.0,1410.0,1593.0,33.0,P0,100.0,average_instant,"2026/06/03 04:50:54.597, 95.36, [N/A], 95.36, 400.00, 1410, 1593, 33, P0, 100"
1780462254706908111,2026/06/03 04:50:54.726,95.36,95.36,,95.36,400.0,1410.0,1593.0,33.0,P0,100.0,average_instant,"2026/06/03 04:50:54.726, 95.36, [N/A], 95.36, 400.00, 1410, 1593, 33, P0, 100"
1780462254835155796,2026/06/03 04:50:54.854,95.36,95.36,,95.36,400.0,1410.0,1593.0,33.0,P0,100.0,average_instant,"2026/06/03 04:50:54.854, 95.36, [N/A], 95.36, 400.00, 1410, 1593, 33, P0, 100"
1780462254964939385,2026/06/03 04:50:54.984,95.36,95.36,,95.36,400.0,1410.0,1593.0,33.0,P0,100.0,average_instant,"2026/06/03 04:50:54.984, 95.36, [N/A], 95.36, 400.00, 1410, 1593, 33, P0, 100"
1780462255093467858,2026/06/03 04:50:55.113,95.26,95.26,,95.26,400.0,1410.0,1593.0,33.0,P0,100.0,average_instant,"2026/06/03 04:50:55.113, 95.26, [N/A], 95.26, 400.00, 1410, 1593, 33, P0, 100"
1780462255222105166,2026/06/03 04:50:55.241,95.36,95.36,,95.36,400.0,1410.0,1593.0,33.0,P0,100.0,average_instant,"2026/06/03 04:50:55.241, 95.36, [N/A], 95.36, 400.00, 1410, 1593, 33, P0, 100"
1780462255351770632,2026/06/03 04:50:55.371,95.26,95.26,,95.26,400.0,1410.0,1593.0,33.0,P0,100.0,average_instant,"2026/06/03 04:50:55.371, 95.26, [N/A], 95.26, 400.00, 1410, 1593, 33, P0, 100"
1780462255481022027,2026/06/03 04:50:55.500,95.36,95.36,,95.36,400.0,1410.0,1593.0,33.0,P0,100.0,average_instant,"2026/06/03 04:50:55.500, 95.36, [N/A], 95.36, 400.00, 1410, 1593, 33, P0, 100"
1780462255609476804,2026/06/03 04:50:55.629,95.26,95.26,,95.26,400.0,1410.0,1593.0,33.0,P0,100.0,average_instant,"2026/06/03 04:50:55.629, 95.26, [N/A], 95.26, 400.00, 1410, 1593, 33, P0, 100"
1780462255738092842,2026/06/03 04:50:55.757,95.26,95.26,,95.26,400.0,1410.0,1593.0,33.0,P0,100.0,average_instant,"2026/06/03 04:50:55.757, 95.26, [N/A], 95.26, 400.00, 1410, 1593, 33, P0, 100"
1780462255866326738,2026/06/03 04:50:55.885,95.36,95.36,,95.36,400.0,1410.0,1593.0,33.0,P0,100.0,average_instant,"2026/06/03 04:50:55.885, 95.36, [N/A], 95.36, 400.00, 1410, 1593, 33, P0, 100"
1780462255995223184,2026/06/03 04:50:56.014,95.26,95.26,,95.26,400.0,1410.0,1593.0,33.0,P0,100.0,average_instant,"2026/06/03 04:50:56.014, 95.26, [N/A], 95.26, 400.00, 1410, 1593, 33, P0, 100"
1780462256122641697,2026/06/03 04:50:56.142,95.36,95.36,,95.36,400.0,1410.0,1593.0,33.0,P0,100.0,average_instant,"2026/06/03 04:50:56.142, 95.36, [N/A], 95.36, 400.00, 1410, 1593, 33, P0, 100"
1780462256251712647,2026/06/03 04:50:56.271,95.36,95.36,,95.36,400.0,1410.0,1593.0,33.0,P0,100.0,average_instant,"2026/06/03 04:50:56.271, 95.36, [N/A], 95.36, 400.00, 1410, 1593, 33, P0, 100"
1780462256380468734,2026/06/03 04:50:56.400,95.26,95.26,,95.26,400.0,1410.0,1593.0,33.0,P0,100.0,average_instant,"2026/06/03 04:50:56.400, 95.26, [N/A], 95.26, 400.00, 1410, 1593, 33, P0, 100"
1780462256508800740,2026/06/03 04:50:56.528,95.36,95.36,,95.36,400.0,1410.0,1593.0,33.0,P0,100.0,average_instant,"2026/06/03 04:50:56.528, 95.36, [N/A], 95.36, 400.00, 1410, 1593, 33, P0, 100"
1780462256637857435,2026/06/03 04:50:56.657,95.36,95.36,,95.36,400.0,1410.0,1593.0,33.0,P0,100.0,average_instant,"2026/06/03 04:50:56.657, 95.36, [N/A], 95.36, 400.00, 1410, 1593, 33, P0, 100"
1780462256766522199,2026/06/03 04:50:56.786,95.36,95.36,,95.36,400.0,1410.0,1593.0,33.0,P0,100.0,average_instant,"2026/06/03 04:50:56.786, 95.36, [N/A], 95.36, 400.00, 1410, 1593, 33, P0, 100"
1780462256895810593,2026/06/03 04:50:56.915,95.36,95.36,,95.36,400.0,1410.0,1593.0,33.0,P0,100.0,average_instant,"2026/06/03 04:50:56.915, 95.36, [N/A], 95.36, 400.00, 1410, 1593, 33, P0, 100"
1780462257024794446,2026/06/03 04:50:57.044,95.26,95.26,,95.26,400.0,1410.0,1593.0,33.0,P0,100.0,average_instant,"2026/06/03 04:50:57.044, 95.26, [N/A], 95.26, 400.00, 1410, 1593, 33, P0, 100"
1780462257153403628,2026/06/03 04:50:57.173,95.26,95.26,,95.26,400.0,1410.0,1593.0,33.0,P0,100.0,average_instant,"2026/06/03 04:50:57.173, 95.26, [N/A], 95.26, 400.00, 1410, 1593, 33, P0, 100"
1780462257284300053,2026/06/03 04:50:57.303,95.36,95.36,,95.36,400.0,1410.0,1593.0,33.0,P0,100.0,average_instant,"2026/06/03 04:50:57.303, 95.36, [N/A], 95.36, 400.00, 1410, 1593, 33, P0, 100"
1780462257412699698,2026/06/03 04:50:57.431,95.36,95.36,,95.36,400.0,1410.0,1593.0,33.0,P0,100.0,average_instant,"2026/06/03 04:50:57.431, 95.36, [N/A], 95.36, 400.00, 1410, 1593, 33, P0, 100"
1780462257540523537,2026/06/03 04:50:57.560,95.26,95.26,,95.26,400.0,1410.0,1593.0,33.0,P0,100.0,average_instant,"2026/06/03 04:50:57.560, 95.26, [N/A], 95.26, 400.00, 1410, 1593, 33, P0, 100"
1780462257669323410,2026/06/03 04:50:57.688,95.26,95.26,,95.26,400.0,1410.0,1593.0,33.0,P0,100.0,average_instant,"2026/06/03 04:50:57.688, 95.26, [N/A], 95.26, 400.00, 1410, 1593, 33, P0, 100"
1780462257797973641,2026/06/03 04:50:57.817,95.26,95.26,,95.26,400.0,1410.0,1593.0,33.0,P0,100.0,average_instant,"2026/06/03 04:50:57.817, 95.26, [N/A], 95.26, 400.00, 1410, 1593, 33, P0, 100"
1780462257926872901,2026/06/03 04:50:57.946,95.26,95.26,,95.26,400.0,1410.0,1593.0,33.0,P0,100.0,average_instant,"2026/06/03 04:50:57.946, 95.26, [N/A], 95.26, 400.00, 1410, 1593, 33, P0, 100"
1780462258054869340,2026/06/03 04:50:58.074,95.36,95.36,,95.36,400.0,1410.0,1593.0,33.0,P0,100.0,average_instant,"2026/06/03 04:50:58.074, 95.36, [N/A], 95.36, 400.00, 1410, 1593, 33, P0, 100"
1780462258183654301,2026/06/03 04:50:58.202,95.36,95.36,,95.36,400.0,1410.0,1593.0,33.0,P0,100.0,average_instant,"2026/06/03 04:50:58.202, 95.36, [N/A], 95.36, 400.00, 1410, 1593, 33, P0, 100"
1780462258311893840,2026/06/03 04:50:58.330,95.36,95.36,,95.36,400.0,1410.0,1593.0,33.0,P0,100.0,average_instant,"2026/06/03 04:50:58.330, 95.36, [N/A], 95.36, 400.00, 1410, 1593, 33, P0, 100"
1780462258440669081,2026/06/03 04:50:58.460,95.36,95.36,,95.36,400.0,1410.0,1593.0,33.0,P0,100.0,average_instant,"2026/06/03 04:50:58.460, 95.36, [N/A], 95.36, 400.00, 1410, 1593, 33, P0, 100"
1780462258569799973,2026/06/03 04:50:58.588,95.36,95.36,,95.36,400.0,1410.0,1593.0,33.0,P0,100.0,average_instant,"2026/06/03 04:50:58.588, 95.36, [N/A], 95.36, 400.00, 1410, 1593, 33, P0, 100"
1780462258698025469,2026/06/03 04:50:58.717,95.26,95.26,,95.26,400.0,1410.0,1593.0,33.0,P0,100.0,average_instant,"2026/06/03 04:50:58.717, 95.26, [N/A], 95.26, 400.00, 1410, 1593, 33, P0, 100"
1780462258826114282,2026/06/03 04:50:58.846,95.36,95.36,,95.36,400.0,1410.0,1593.0,33.0,P0,100.0,average_instant,"2026/06/03 04:50:58.846, 95.36, [N/A], 95.36, 400.00, 1410, 1593, 33, P0, 100"
1780462258955022222,2026/06/03 04:50:58.974,95.36,95.36,,95.36,400.0,1410.0,1593.0,33.0,P0,100.0,average_instant,"2026/06/03 04:50:58.974, 95.36, [N/A], 95.36, 400.00, 1410, 1593, 33, P0, 100"
1780462259082373539,2026/06/03 04:50:59.101,95.36,95.36,,95.36,400.0,1410.0,1593.0,33.0,P0,100.0,average_instant,"2026/06/03 04:50:59.101, 95.36, [N/A], 95.36, 400.00, 1410, 1593, 33, P0, 100"
1780462259210335291,2026/06/03 04:50:59.229,95.36,95.36,,95.36,400.0,1410.0,1593.0,33.0,P0,100.0,average_instant,"2026/06/03 04:50:59.229, 95.36, [N/A], 95.36, 400.00, 1410, 1593, 33, P0, 100"
1780462259338621194,2026/06/03 04:50:59.357,95.36,95.36,,95.36,400.0,1410.0,1593.0,33.0,P0,100.0,average_instant,"2026/06/03 04:50:59.357, 95.36, [N/A], 95.36, 400.00, 1410, 1593, 33, P0, 100"
1780462259466804586,2026/06/03 04:50:59.486,95.26,95.26,,95.26,400.0,1410.0,1593.0,33.0,P0,100.0,average_instant,"2026/06/03 04:50:59.486, 95.26, [N/A], 95.26, 400.00, 1410, 1593, 33, P0, 100"
1780462259596906079,2026/06/03 04:50:59.617,95.36,95.36,,95.36,400.0,1410.0,1593.0,33.0,P0,100.0,average_instant,"2026/06/03 04:50:59.617, 95.36, [N/A], 95.36, 400.00, 1410, 1593, 33, P0, 100"
1780462259727768441,2026/06/03 04:50:59.747,95.26,95.26,,95.26,400.0,1410.0,1593.0,33.0,P0,100.0,average_instant,"2026/06/03 04:50:59.747, 95.26, [N/A], 95.26, 400.00, 1410, 1593, 33, P0, 100"
1780462259857772360,2026/06/03 04:50:59.877,95.36,95.36,,95.36,400.0,1410.0,1593.0,33.0,P0,100.0,average_instant,"2026/06/03 04:50:59.877, 95.36, [N/A], 95.36, 400.00, 1410, 1593, 33, P0, 100"
1780462259986612888,2026/06/03 04:51:00.006,95.36,95.36,,95.36,400.0,1410.0,1593.0,33.0,P0,100.0,average_instant,"2026/06/03 04:51:00.006, 95.36, [N/A], 95.36, 400.00, 1410, 1593, 33, P0, 100"
1780462260115995478,2026/06/03 04:51:00.135,95.36,95.36,,95.36,400.0,1410.0,1593.0,33.0,P0,100.0,average_instant,"2026/06/03 04:51:00.135, 95.36, [N/A], 95.36, 400.00, 1410, 1593, 33, P0, 100"
1780462260244582739,2026/06/03 04:51:00.264,95.36,95.36,,95.36,400.0,1410.0,1593.0,33.0,P0,100.0,average_instant,"2026/06/03 04:51:00.264, 95.36, [N/A], 95.36, 400.00, 1410, 1593, 33, P0, 100"
1780462260373900050,2026/06/03 04:51:00.393,95.26,95.26,,95.26,400.0,1410.0,1593.0,33.0,P0,100.0,average_instant,"2026/06/03 04:51:00.393, 95.26, [N/A], 95.26, 400.00, 1410, 1593, 33, P0, 100"
1780462260503372283,2026/06/03 04:51:00.522,95.26,95.26,,95.26,400.0,1410.0,1593.0,33.0,P0,100.0,average_instant,"2026/06/03 04:51:00.522, 95.26, [N/A], 95.26, 400.00, 1410, 1593, 33, P0, 100"
1780462260631776098,2026/06/03 04:51:00.651,95.36,95.36,,95.36,400.0,1410.0,1593.0,33.0,P0,100.0,average_instant,"2026/06/03 04:51:00.651, 95.36, [N/A], 95.36, 400.00, 1410, 1593, 33, P0, 100"
1780462260760702434,2026/06/03 04:51:00.780,95.36,95.36,,95.36,400.0,1410.0,1593.0,33.0,P0,100.0,average_instant,"2026/06/03 04:51:00.780, 95.36, [N/A], 95.36, 400.00, 1410, 1593, 33, P0, 100"
1780462260889377817,2026/06/03 04:51:00.909,95.36,95.36,,95.36,400.0,1410.0,1593.0,33.0,P0,100.0,average_instant,"2026/06/03 04:51:00.909, 95.36, [N/A], 95.36, 400.00, 1410, 1593, 33, P0, 100"
1780462261020262123,2026/06/03 04:51:01.039,95.36,95.36,,95.36,400.0,1410.0,1593.0,33.0,P0,100.0,average_instant,"2026/06/03 04:51:01.039, 95.36, [N/A], 95.36, 400.00, 1410, 1593, 33, P0, 100"
1780462261150447788,2026/06/03 04:51:01.170,95.26,95.26,,95.26,400.0,1410.0,1593.0,33.0,P0,100.0,average_instant,"2026/06/03 04:51:01.170, 95.26, [N/A], 95.26, 400.00, 1410, 1593, 33, P0, 100"
1780462261280554697,2026/06/03 04:51:01.300,95.36,95.36,,95.36,400.0,1410.0,1593.0,33.0,P0,100.0,average_instant,"2026/06/03 04:51:01.300, 95.36, [N/A], 95.36, 400.00, 1410, 1593, 33, P0, 100"
1780462261410915115,2026/06/03 04:51:01.430,95.26,95.26,,95.26,400.0,1410.0,1593.0,33.0,P0,100.0,average_instant,"2026/06/03 04:51:01.430, 95.26, [N/A], 95.26, 400.00, 1410, 1593, 33, P0, 100"
1780462261539195603,2026/06/03 04:51:01.558,95.36,95.36,,95.36,400.0,1410.0,1593.0,33.0,P0,100.0,average_instant,"2026/06/03 04:51:01.558, 95.36, [N/A], 95.36, 400.00, 1410, 1593, 33, P0, 100"
1780462261667602270,2026/06/03 04:51:01.687,95.36,95.36,,95.36,400.0,1410.0,1593.0,33.0,P0,100.0,average_instant,"2026/06/03 04:51:01.687, 95.36, [N/A], 95.36, 400.00, 1410, 1593, 33, P0, 100"
1780462261795843603,2026/06/03 04:51:01.818,90.11,90.11,,90.11,400.0,1410.0,1593.0,33.0,P0,100.0,average_instant,"2026/06/03 04:51:01.818, 90.11, [N/A], 90.11, 400.00, 1410, 1593, 33, P0, 100"
