scope,condition,repeat_index,gpu,architecture_generation,architecture_chip,sm_count,test_kernel,baseline_kernel,threads,threads_per_sm,blocks_per_sm_requested,unroll,measurement_grade,baseline_match_grade,quality_pass,target_pass,positive_increment,no_intended_l2,pure_fp16_candidate,energy_source_reliable,energy_trace_crosscheck_pass,baseline_structural_match,benchmark_schema_current,test_benchmark_schema_version,baseline_benchmark_schema_version,matmul_denominator_valid,matmul_denominator_note,matmul_denominator_metadata_complete,matmul_denominator_source,energy_signal_reliable,measurement_resolution_reliable,ncu_validation_pass,ncu_validation_context_match,ncu_required,ncu_tensor_activity_required,test_ncu_note,baseline_ncu_note,test_ncu_tensor_activity_note,test_ncu_validation_blocks_per_sm,baseline_ncu_validation_blocks_per_sm,test_ncu_validation_unroll,baseline_ncu_validation_unroll,test_ncu_validation_suppress_output_store,baseline_ncu_validation_suppress_output_store,test_ncu_tensor_activity_pct,baseline_ncu_tensor_activity_pct,test_ncu_sm_activity_pct,baseline_ncu_sm_activity_pct,test_ncu_tensor_activity_observed,baseline_ncu_tensor_activity_observed,clock_stable,sm_util_available,common_hmma_path,tflops,elapsed_s,baseline_elapsed_s,tensor_peak_tflops_model,achieved_flops_per_sm_cycle,tensor_model_utilization_pct,avg_sm_util_pct,matmul_logical_mma_count,matmul_flops_per_logical_mma,matmul_input_bits_per_logical_mma,matmul_input_pj_per_bit,incremental_power_w,test_energy_j,incremental_energy_j,incremental_energy_fraction,baseline_energy_fraction,baseline_power_fraction,clock_span_mhz,test_energy_source,baseline_energy_source,test_energy_counter_vs_trace_ratio,baseline_energy_counter_vs_trace_ratio,test_energy_counter_vs_trace_delta_j,baseline_energy_counter_vs_trace_delta_j,test_power_samples,baseline_power_samples,fail_reasons,warnings,fp16_path,run_count,required_valid_count,valid_no_l2_count,pure_fp16_candidate_count,selected_optimal,quality_gate_selected_target,util_saturated,util_reference_scope,util_reference_max_pct,util_metric_source,target_selection_note,test_benchmark_schema_versions,baseline_benchmark_schema_versions,avg_sm_util_pct_mean,avg_gpu_util_pct_mean,tflops_mean,elapsed_s_mean,baseline_elapsed_s_mean,tensor_peak_tflops_model_mean,achieved_flops_per_sm_cycle_mean,tensor_model_utilization_pct_mean,matmul_logical_mma_count_mean,matmul_input_pj_per_bit_mean,matmul_input_pj_per_bit_ci95,incremental_power_w_mean,test_energy_j_mean,incremental_energy_j_mean,incremental_energy_fraction_mean,baseline_energy_fraction_mean,baseline_power_fraction_mean,clock_span_mhz_mean,stats_scope,test_energy_source_counts,baseline_energy_source_counts,test_energy_counter_vs_trace_ratio_mean,baseline_energy_counter_vs_trace_ratio_mean,test_energy_counter_vs_trace_delta_j_mean,baseline_energy_counter_vs_trace_delta_j_mean
pair,launch_shape_tensor_mma_f16acc_t032_b01,0,NVIDIA GeForce RTX 3090,ampere,ga102,82,tensor_mma_f16acc,tensor_baseline_mov,32,32.0,1,8,strict_nvml_counter,structural_baseline,False,False,False,False,False,True,True,True,True,fp16-energy-bench-v2,fp16-energy-bench-v2,True,logical_m16n16k16_input_bits_8192,True,bench_json_metadata,False,False,False,False,False,False,missing NCU validation row,missing NCU validation row,missing NCU validation row for tensor activity,,,,,,,,,,,,,True,True,True,38.24564101497849,1.12409191895,0.837378051758,162.47808,241.03889213448346,23.538954310008148,100.0,5248000000.0,8192.0,8192.0,0.0003175277316325787,-4.129327064175328,169.195,0.013651030307698875,8.068223238097388e-05,0.999919317767619,1.0282104917011519,0.0,nvml_total_energy_counter,nvml_total_energy_counter,0.9110933920762397,0.9377381534709006,-16.510440815931048,-8.604227802656396,9,6,nonpositive incremental power/energy; expected or invalid L2/global traffic; not a pure FP16 candidate; incremental energy fraction 8.068e-05 < 0.01; baseline energy fraction 0.9999 > 0.99; incremental energy is below 0.1 J or missing,baseline elapsed_s 0.8374s < warning threshold 1s,,,,,,,,,,,,,,,,,,,,,,,,,,,,,,,,,,,,,,,
pair,launch_shape_tensor_mma_f16acc_t032_b01,1,NVIDIA GeForce RTX 3090,ampere,ga102,82,tensor_mma_f16acc,tensor_baseline_mov,32,32.0,1,8,strict_nvml_counter,structural_baseline,True,False,True,True,True,True,True,True,True,fp16-energy-bench-v2,fp16-energy-bench-v2,True,logical_m16n16k16_input_bits_8192,True,bench_json_metadata,True,True,False,False,False,False,missing NCU validation row,missing NCU validation row,missing NCU validation row for tensor activity,,,,,,,,,,,,,True,True,True,38.46093898424268,1.1177994384799999,0.843499511719,162.47808,242.39578360271432,23.67146324245257,100.0,5248000000.0,8192.0,8192.0,0.523484351783236,14.754942212065771,193.261,22.505438233873804,0.11645100787988164,0.8835489921201184,0.9119188946498964,0.0,nvml_total_energy_counter,nvml_total_energy_counter,1.0039835398029833,0.8535131696470425,0.7668082745812796,-22.82293104107751,9,6,,baseline elapsed_s 0.8435s < warning threshold 1s,,,,,,,,,,,,,,,,,,,,,,,,,,,,,,,,,,,,,,,
pair,launch_shape_tensor_mma_f16acc_t032_b01,2,NVIDIA GeForce RTX 3090,ampere,ga102,82,tensor_mma_f16acc,tensor_baseline_mov,32,32.0,1,8,strict_nvml_counter,structural_baseline,False,False,False,False,False,True,True,True,True,fp16-energy-bench-v2,fp16-energy-bench-v2,True,logical_m16n16k16_input_bits_8192,True,bench_json_metadata,False,False,False,False,False,False,missing NCU validation row,missing NCU validation row,missing NCU validation row for tensor activity,,,,,,,,,,,,,True,True,True,38.4787180852094,1.1172829589800002,0.843881347656,162.47808,242.50783440605912,23.68240570371671,100.0,5248000000.0,8192.0,8192.0,-0.016696071991383437,-5.076923038602189,173.929,-0.7177911157619121,-0.004126920270696158,1.0041269202706962,1.0335693367572538,0.0,nvml_total_energy_counter,nvml_total_energy_counter,0.9008855705521093,0.8987427553082413,-19.135475317777946,-15.046018362582288,9,6,nonpositive incremental power/energy; expected or invalid L2/global traffic; not a pure FP16 candidate; incremental energy fraction is missing or nonpositive; baseline energy fraction 1.004 > 0.99; incremental energy is below 0.1 J or missing,baseline elapsed_s 0.8439s < warning threshold 1s,,,,,,,,,,,,,,,,,,,,,,,,,,,,,,,,,,,,,,,
pair,launch_shape_tensor_mma_f16acc_t032_b01,3,NVIDIA GeForce RTX 3090,ampere,ga102,82,tensor_mma_f16acc,tensor_baseline_mov,32,32.0,1,8,strict_nvml_counter,structural_baseline,True,False,True,True,True,True,True,True,True,fp16-energy-bench-v2,fp16-energy-bench-v2,True,logical_m16n16k16_input_bits_8192,True,bench_json_metadata,True,True,False,False,False,False,missing NCU validation row,missing NCU validation row,missing NCU validation row for tensor activity,,,,,,,,,,,,,True,True,True,38.42208058281879,1.1189299316399999,0.8443453369139999,162.47808,242.150882856361,23.6475471539415,100.0,5248000000.0,8192.0,8192.0,0.5854957363598722,17.92685183924641,180.616,25.171407867220864,0.13936421948897584,0.8606357805110242,0.8857065926374839,0.0,nvml_total_energy_counter,nvml_total_energy_counter,0.929943847141194,0.8920590723294587,-13.60647972847434,-14.605424839772425,9,6,,baseline elapsed_s 0.8443s < warning threshold 1s,,,,,,,,,,,,,,,,,,,,,,,,,,,,,,,,,,,,,,,
pair,launch_shape_tensor_mma_f16acc_t032_b01,4,NVIDIA GeForce RTX 3090,ampere,ga102,82,tensor_mma_f16acc,tensor_baseline_mov,32,32.0,1,8,strict_nvml_counter,structural_baseline,True,False,True,True,True,True,True,True,True,fp16-energy-bench-v2,fp16-energy-bench-v2,True,logical_m16n16k16_input_bits_8192,True,bench_json_metadata,True,True,False,False,False,False,missing NCU validation row,missing NCU validation row,missing NCU validation row for tensor activity,,,,,,,,,,,,,True,True,True,38.49292459613826,1.1168706054700002,0.848976867676,162.47808,242.59736935865794,23.69114935143144,100.0,5248000000.0,8192.0,8192.0,0.9250534677829616,30.58620402364312,193.068,39.76954346639346,0.20598723489337153,0.7940127651066284,0.8177693277488098,0.0,nvml_total_energy_counter,nvml_total_energy_counter,0.9895454301311142,0.8829071875789911,-2.039767790326323,-15.91701297582577,9,6,,baseline elapsed_s 0.849s < warning threshold 1s,,,,,,,,,,,,,,,,,,,,,,,,,,,,,,,,,,,,,,,
pair,launch_shape_tensor_mma_f16acc_t032_b01,5,NVIDIA GeForce RTX 3090,ampere,ga102,82,tensor_mma_f16acc,tensor_baseline_mov,32,32.0,1,8,strict_nvml_counter,structural_baseline,True,False,True,True,True,True,True,True,True,fp16-energy-bench-v2,fp16-energy-bench-v2,True,logical_m16n16k16_input_bits_8192,True,bench_json_metadata,True,True,False,False,False,False,missing NCU validation row,missing NCU validation row,missing NCU validation row for tensor activity,,,,,,,,,,,,,True,True,True,38.488234194269545,1.1170067138700002,0.843511779785,162.47808,242.5678086233664,23.68826256087562,100.0,5248000000.0,8192.0,8192.0,0.4737039401667616,13.787457061669414,176.666,20.36529789333639,0.11527570609702144,0.8847242939029786,0.9103054283704148,0.0,nvml_total_energy_counter,nvml_total_energy_counter,0.901686390844683,0.8971769759272393,-19.262431208219283,-13.919284884432557,9,6,,baseline elapsed_s 0.8435s < warning threshold 1s,,,,,,,,,,,,,,,,,,,,,,,,,,,,,,,,,,,,,,,
pair,launch_shape_tensor_mma_f16acc_t032_b01,6,NVIDIA GeForce RTX 3090,ampere,ga102,82,tensor_mma_f16acc,tensor_baseline_mov,32,32.0,1,8,strict_nvml_counter,structural_baseline,True,False,True,True,True,True,True,True,True,fp16-energy-bench-v2,fp16-energy-bench-v2,True,logical_m16n16k16_input_bits_8192,True,bench_json_metadata,True,True,False,False,False,False,missing NCU validation row,missing NCU validation row,missing NCU validation row for tensor activity,,,,,,,,,,,,,True,True,True,37.98086354154762,1.13192834473,0.843632263184,161.21856,241.24024099052093,23.55861728423056,100.0,5248000000.0,8192.0,8192.0,0.4957399069516915,13.965898118048358,193.655,21.31265971554285,0.11005478668530556,0.8899452133146944,0.9159801536964527,0.0,nvml_total_energy_counter,nvml_total_energy_counter,0.9783965378686262,0.9769095608522681,-4.275994749700288,-3.124848727349786,9,6,,baseline elapsed_s 0.8436s < warning threshold 1s,,,,,,,,,,,,,,,,,,,,,,,,,,,,,,,,,,,,,,,
pair,launch_shape_tensor_mma_f16acc_t032_b01,7,NVIDIA GeForce RTX 3090,ampere,ga102,82,tensor_mma_f16acc,tensor_baseline_mov,32,32.0,1,8,strict_nvml_counter,structural_baseline,True,False,True,True,True,True,True,True,True,fp16-energy-bench-v2,fp16-energy-bench-v2,True,logical_m16n16k16_input_bits_8192,True,bench_json_metadata,True,True,False,False,False,False,missing NCU validation row,missing NCU validation row,missing NCU validation row for tensor activity,,,,,,,,,,,,,True,True,True,38.03401740200233,1.13034643555,0.8433172607420001,161.21856,241.57785443344974,23.591587347016578,100.0,5248000000.0,8192.0,8192.0,0.44063854825906845,11.253687825309811,195.162,18.94376326155134,0.09706686374166763,0.9029331362583324,0.9326736184354998,0.0,nvml_total_energy_counter,nvml_total_energy_counter,0.9873139519452389,1.0004122221732694,-2.5076466361944085,0.05595876479722506,9,6,,baseline elapsed_s 0.8433s < warning threshold 1s,,,,,,,,,,,,,,,,,,,,,,,,,,,,,,,,,,,,,,,
pair,launch_shape_tensor_mma_f16acc_t032_b01,8,NVIDIA GeForce RTX 3090,ampere,ga102,82,tensor_mma_f16acc,tensor_baseline_mov,32,32.0,1,8,strict_nvml_counter,structural_baseline,True,False,True,True,True,True,True,True,True,fp16-energy-bench-v2,fp16-energy-bench-v2,True,logical_m16n16k16_input_bits_8192,True,bench_json_metadata,True,True,False,False,False,False,missing NCU validation row,missing NCU validation row,missing NCU validation row for tensor activity,,,,,,,,,,,,,True,True,True,38.20816129148378,1.1251945800799998,0.851713012695,161.21856,242.6839512924529,23.6996046184036,100.0,5248000000.0,8192.0,8192.0,0.6049317995699108,18.609197201516338,181.563,26.006995633298573,0.14323951263913118,0.8567604873608688,0.8813622418243359,0.0,nvml_total_energy_counter,nvml_total_energy_counter,0.9242928285934929,0.8879671876564076,-14.871500391273742,-15.286609420994012,9,6,,baseline elapsed_s 0.8517s < warning threshold 1s,,,,,,,,,,,,,,,,,,,,,,,,,,,,,,,,,,,,,,,
pair,launch_shape_tensor_mma_f16acc_t032_b01,9,NVIDIA GeForce RTX 3090,ampere,ga102,82,tensor_mma_f16acc,tensor_baseline_mov,32,32.0,1,8,strict_nvml_counter,structural_baseline,False,False,False,False,False,True,False,True,True,fp16-energy-bench-v2,fp16-energy-bench-v2,True,logical_m16n16k16_input_bits_8192,True,bench_json_metadata,False,False,False,False,False,False,missing NCU validation row,missing NCU validation row,missing NCU validation row for tensor activity,,,,,,,,,,,,,True,True,True,38.21383682278783,1.1250274658200001,0.8491416625980001,161.21856,242.7200001447398,23.703125014134745,100.0,5248000000.0,8192.0,8192.0,nan,nan,179.238,nan,nan,nan,nan,0.0,nvml_total_energy_counter,nvml_total_energy_counter,0.9134917451368867,nan,-16.973953697667184,nan,9,0,nonpositive incremental power/energy; expected or invalid L2/global traffic; not a pure FP16 candidate; incremental energy fraction is missing or nonpositive; baseline energy fraction is missing or invalid; incremental energy is below 0.1 J or missing,baseline elapsed_s 0.8491s < warning threshold 1s; baseline NVML-counter/power-trace ratio is missing,,,,,,,,,,,,,,,,,,,,,,,,,,,,,,,,,,,,,,,
pair,launch_shape_tensor_mma_f16acc_t032_b02,0,NVIDIA GeForce RTX 3090,ampere,ga102,82,tensor_mma_f16acc,tensor_baseline_mov,32,64.0,2,8,strict_nvml_counter,structural_baseline,True,False,True,True,True,True,True,True,True,fp16-energy-bench-v2,fp16-energy-bench-v2,True,logical_m16n16k16_input_bits_8192,True,bench_json_metadata,True,True,False,False,False,False,missing NCU validation row,missing NCU validation row,missing NCU validation row for tensor activity,,,,,,,,,,,,,True,True,True,77.54345259828425,1.10883935547,0.998589416504,162.47808,488.7089720696052,47.72548555367238,100.0,10496000000.0,8192.0,8192.0,0.3183173514105836,20.03431299661412,188.127,27.369954675961736,0.1454865844666727,0.8545134155333273,0.878588804431246,0.0,nvml_total_energy_counter,nvml_total_energy_counter,0.9521206840005901,0.9555034915226511,-9.460347025729988,-6.932116227399661,9,7,,baseline elapsed_s 0.9986s < warning threshold 1s,,,,,,,,,,,,,,,,,,,,,,,,,,,,,,,,,,,,,,,
pair,launch_shape_tensor_mma_f16acc_t032_b02,1,NVIDIA GeForce RTX 3090,ampere,ga102,82,tensor_mma_f16acc,tensor_baseline_mov,32,64.0,2,8,strict_nvml_counter,structural_baseline,True,False,True,True,True,True,True,True,True,fp16-energy-bench-v2,fp16-energy-bench-v2,True,logical_m16n16k16_input_bits_8192,True,bench_json_metadata,True,True,False,False,False,False,missing NCU validation row,missing NCU validation row,missing NCU validation row for tensor activity,,,,,,,,,,,,,True,True,True,76.97308681232998,1.11705578613,1.00594580078,162.47808,485.1143052393646,47.374443871031694,100.0,10496000000.0,8192.0,8192.0,0.354642460551121,22.498704430856236,193.576,30.493304962617884,0.15752626855921129,0.8424737314407887,0.8664702198867235,0.0,nvml_total_energy_counter,nvml_total_energy_counter,0.9485130365837078,0.9318215630752862,-10.507647281443155,-11.088800063848879,9,7,,,,,,,,,,,,,,,,,,,,,,,,,,,,,,,,,,,,,,,,,
pair,launch_shape_tensor_mma_f16acc_t032_b02,2,NVIDIA GeForce RTX 3090,ampere,ga102,82,tensor_mma_f16acc,tensor_baseline_mov,32,64.0,2,8,strict_nvml_counter,structural_baseline,True,False,True,True,True,True,True,True,True,fp16-energy-bench-v2,fp16-energy-bench-v2,True,logical_m16n16k16_input_bits_8192,True,bench_json_metadata,True,True,False,False,False,False,missing NCU validation row,missing NCU validation row,missing NCU validation row for tensor activity,,,,,,,,,,,,,True,True,True,76.97229613822941,1.1170672607399998,1.00563354492,162.47808,485.10932210392264,47.37395723671119,100.0,10496000000.0,8192.0,8192.0,0.3407963737400257,21.116208487269773,193.277,29.302773668047337,0.15161024678594628,0.8483897532140537,0.8742380205476208,0.0,nvml_total_energy_counter,nvml_total_energy_counter,0.9371661330306708,0.9197449722020095,-12.958578930885892,-13.273063090748224,9,7,,,,,,,,,,,,,,,,,,,,,,,,,,,,,,,,,,,,,,,,,
pair,launch_shape_tensor_mma_f16acc_t032_b02,3,NVIDIA GeForce RTX 3090,ampere,ga102,82,tensor_mma_f16acc,tensor_baseline_mov,32,64.0,2,8,strict_nvml_counter,structural_baseline,False,False,False,False,False,True,False,True,True,fp16-energy-bench-v2,fp16-energy-bench-v2,True,logical_m16n16k16_input_bits_8192,True,bench_json_metadata,False,False,False,False,False,False,missing NCU validation row,missing NCU validation row,missing NCU validation row for tensor activity,,,,,,,,,,,,,True,True,True,76.83790768934294,1.11902099609,1.01444403076,162.47808,484.2623538749791,47.29124549560343,100.0,10496000000.0,8192.0,8192.0,-10.867389744131492,-839.9252804507055,195.721,-934.4132936040787,-4.774210706076909,5.774210706076909,5.940562930154149,0.0,nvml_total_energy_counter,nvml_total_energy_counter,0.9476625788887465,nan,-10.809261255548876,1197176571590.548,9,2,nonpositive incremental power/energy; expected or invalid L2/global traffic; not a pure FP16 candidate; incremental energy fraction is missing or nonpositive; baseline energy fraction 5.774 > 0.99; incremental energy is below 0.1 J or missing,baseline NVML-counter/power-trace ratio is missing,,,,,,,,,,,,,,,,,,,,,,,,,,,,,,,,,,,,,,,
pair,launch_shape_tensor_mma_f16acc_t032_b02,4,NVIDIA GeForce RTX 3090,ampere,ga102,82,tensor_mma_f16acc,tensor_baseline_mov,32,64.0,2,8,strict_nvml_counter,structural_baseline,True,False,True,True,True,True,True,True,True,fp16-energy-bench-v2,fp16-energy-bench-v2,True,logical_m16n16k16_input_bits_8192,True,bench_json_metadata,True,True,False,False,False,False,missing NCU validation row,missing NCU validation row,missing NCU validation row for tensor activity,,,,,,,,,,,,,True,True,True,76.94204403199058,1.11750646973,1.0050628051800001,162.47808,484.9186615742773,47.355338044363016,100.0,10496000000.0,8192.0,8192.0,0.5620118758460263,37.73995450454149,212.753,48.32359750762407,0.22713474079154736,0.7728652592084526,0.7958672921478623,0.0,nvml_total_energy_counter,nvml_total_energy_counter,1.0230346754819253,0.9216826109165898,4.790352106586681,-12.939310036015996,9,7,,,,,,,,,,,,,,,,,,,,,,,,,,,,,,,,,,,,,,,,,
pair,launch_shape_tensor_mma_f16acc_t032_b02,5,NVIDIA GeForce RTX 3090,ampere,ga102,82,tensor_mma_f16acc,tensor_baseline_mov,32,64.0,2,8,strict_nvml_counter,structural_baseline,True,False,True,True,True,True,True,True,True,fp16-energy-bench-v2,fp16-energy-bench-v2,True,logical_m16n16k16_input_bits_8192,True,bench_json_metadata,True,True,False,False,False,False,missing NCU validation row,missing NCU validation row,missing NCU validation row for tensor activity,,,,,,,,,,,,,True,True,True,77.022569884451,1.1163381347699999,1.00517681885,162.47808,485.4261667892544,47.40489910051313,100.0,10496000000.0,8192.0,8192.0,0.3259032583955919,20.071941534339004,198.724,28.02221547618413,0.14101072581159865,0.8589892741884013,0.8839666187703322,0.0,nvml_total_energy_counter,nvml_total_energy_counter,0.9542432936478872,0.9503108834215009,-9.528969995017377,-8.26791705329785,9,7,,,,,,,,,,,,,,,,,,,,,,,,,,,,,,,,,,,,,,,,,
pair,launch_shape_tensor_mma_f16acc_t032_b02,6,NVIDIA GeForce RTX 3090,ampere,ga102,82,tensor_mma_f16acc,tensor_baseline_mov,32,64.0,2,8,strict_nvml_counter,structural_baseline,True,False,True,True,True,True,True,True,True,fp16-energy-bench-v2,fp16-energy-bench-v2,True,logical_m16n16k16_input_bits_8192,True,bench_json_metadata,True,True,False,False,False,False,missing NCU validation row,missing NCU validation row,missing NCU validation row for tensor activity,,,,,,,,,,,,,True,True,True,77.01642207419626,1.11642724609,1.00675048828,162.47808,485.3874208999575,47.401115322261475,100.0,10496000000.0,8192.0,8192.0,0.5599995259846483,37.72824972911269,215.077,48.150569162628045,0.2238759568090872,0.7761240431909128,0.798510429826143,0.0,nvml_total_energy_counter,nvml_total_energy_counter,1.0330971599568135,0.9347257555949068,6.890385675176134,-10.83625952845793,9,7,,,,,,,,,,,,,,,,,,,,,,,,,,,,,,,,,,,,,,,,,
pair,launch_shape_tensor_mma_f16acc_t032_b02,7,NVIDIA GeForce RTX 3090,ampere,ga102,82,tensor_mma_f16acc,tensor_baseline_mov,32,64.0,2,8,strict_nvml_counter,structural_baseline,True,False,True,True,True,True,True,True,True,fp16-energy-bench-v2,fp16-energy-bench-v2,True,logical_m16n16k16_input_bits_8192,True,bench_json_metadata,True,True,False,False,False,False,missing NCU validation row,missing NCU validation row,missing NCU validation row for tensor activity,,,,,,,,,,,,,True,True,True,76.91610737901303,1.11788330078,1.00582299805,162.47808,484.75519870809245,47.33937487383715,100.0,10496000000.0,8192.0,8192.0,0.3761215398659871,23.725861357197346,198.735,32.34014562249442,0.16272999533295301,0.837270004667047,0.8625177567918981,0.0,nvml_total_energy_counter,nvml_total_energy_counter,0.9501708234843015,0.9274854886271715,-10.422127421818232,-12.090449598088782,9,7,,,,,,,,,,,,,,,,,,,,,,,,,,,,,,,,,,,,,,,,,
pair,launch_shape_tensor_mma_f16acc_t032_b02,8,NVIDIA GeForce RTX 3090,ampere,ga102,82,tensor_mma_f16acc,tensor_baseline_mov,32,64.0,2,8,strict_nvml_counter,structural_baseline,True,False,True,True,True,True,True,True,True,fp16-energy-bench-v2,fp16-energy-bench-v2,True,logical_m16n16k16_input_bits_8192,True,bench_json_metadata,True,True,False,False,False,False,missing NCU validation row,missing NCU validation row,missing NCU validation row for tensor activity,,,,,,,,,,,,,True,True,True,77.00822932558195,1.11654602051,1.01300939941,162.47808,485.3357870144448,47.39607295062937,100.0,10496000000.0,8192.0,8192.0,0.5419376268948031,36.42353615650495,212.128,46.59754870282529,0.2196671288223398,0.7803328711776603,0.8027703663210604,0.0,nvml_total_energy_counter,nvml_total_energy_counter,1.0169596491911612,0.9234558670755931,3.537619674963537,-12.80482496675748,9,7,,,,,,,,,,,,,,,,,,,,,,,,,,,,,,,,,,,,,,,,,
pair,launch_shape_tensor_mma_f16acc_t032_b02,9,NVIDIA GeForce RTX 3090,ampere,ga102,82,tensor_mma_f16acc,tensor_baseline_mov,32,64.0,2,8,strict_nvml_counter,structural_baseline,True,False,True,True,True,True,True,True,True,fp16-energy-bench-v2,fp16-energy-bench-v2,True,logical_m16n16k16_input_bits_8192,True,bench_json_metadata,True,True,False,False,False,False,missing NCU validation row,missing NCU validation row,missing NCU validation row for tensor activity,,,,,,,,,,,,,True,True,True,76.93691748876321,1.1175809326200001,1.01246875,162.47808,484.8863521066567,47.35218282291569,100.0,10496000000.0,8192.0,8192.0,0.3205286528358144,19.56599876942346,198.608,27.560089519429283,0.13876626077212037,0.8612337392278796,0.8866514055673553,0.0,nvml_total_energy_counter,nvml_total_energy_counter,0.9419841939787397,0.9478779125533731,-12.232055777499085,-8.771605536111565,9,7,,,,,,,,,,,,,,,,,,,,,,,,,,,,,,,,,,,,,,,,,
pair,launch_shape_tensor_mma_f16acc_t032_b04,0,NVIDIA GeForce RTX 3090,ampere,ga102,82,tensor_mma_f16acc,tensor_baseline_mov,32,128.0,4,8,strict_nvml_counter,structural_baseline,True,False,True,True,True,True,True,True,True,fp16-energy-bench-v2,fp16-energy-bench-v2,True,logical_m16n16k16_input_bits_8192,True,bench_json_metadata,True,True,False,False,False,False,missing NCU validation row,missing NCU validation row,missing NCU validation row for tensor activity,,,,,,,,,,,,,True,True,True,154.96167157519906,1.1097354736299998,1.0286909179700001,162.47808,976.6286731908934,95.37389386629819,100.0,20992000000.0,8192.0,8192.0,0.3319331525864203,45.98890788949842,219.848,57.08137053465916,0.2596401629064588,0.7403598370935413,0.7612955622079547,0.0,nvml_total_energy_counter,nvml_total_energy_counter,0.9759736078822709,0.9264206545649637,-5.4121896449229325,-12.323391928698726,9,8,,,,,,,,,,,,,,,,,,,,,,,,,,,,,,,,,,,,,,,,,
pair,launch_shape_tensor_mma_f16acc_t032_b04,1,NVIDIA GeForce RTX 3090,ampere,ga102,82,tensor_mma_f16acc,tensor_baseline_mov,32,128.0,4,8,strict_nvml_counter,structural_baseline,True,False,True,True,True,True,True,True,True,fp16-energy-bench-v2,fp16-energy-bench-v2,True,logical_m16n16k16_input_bits_8192,True,bench_json_metadata,True,True,False,False,False,False,missing NCU validation row,missing NCU validation row,missing NCU validation row for tensor activity,,,,,,,,,,,,,True,True,True,153.89958794611155,1.1173939209000001,1.0384083252,162.47808,969.9350094290764,94.72021576455823,100.0,20992000000.0,8192.0,8192.0,0.3967875794849954,55.23138648113377,234.052,68.2341570031536,0.29153417617945415,0.7084658238205459,0.7287637413857633,0.0,nvml_total_energy_counter,nvml_total_energy_counter,1.0087208941822552,0.9049699576470561,2.0234960303859566,-16.642570502064018,9,8,,,,,,,,,,,,,,,,,,,,,,,,,,,,,,,,,,,,,,,,,
pair,launch_shape_tensor_mma_f16acc_t032_b04,2,NVIDIA GeForce RTX 3090,ampere,ga102,82,tensor_mma_f16acc,tensor_baseline_mov,32,128.0,4,8,strict_nvml_counter,structural_baseline,True,False,True,True,True,True,True,True,True,fp16-energy-bench-v2,fp16-energy-bench-v2,True,logical_m16n16k16_input_bits_8192,True,bench_json_metadata,True,True,False,False,False,False,missing NCU validation row,missing NCU validation row,missing NCU validation row for tensor activity,,,,,,,,,,,,,True,True,True,153.7903652115589,1.1181875,1.03808813477,162.47808,969.2466453113941,94.65299270619083,100.0,20992000000.0,8192.0,8192.0,0.25214199985771185,31.516418696293442,228.798,43.359968141419216,0.189512006841927,0.810487993158073,0.8403055208902388,0.0,nvml_total_energy_counter,nvml_total_energy_counter,0.9729906828391005,0.997287726527657,-6.351219859318405,-0.48246589343773394,9,8,,,,,,,,,,,,,,,,,,,,,,,,,,,,,,,,,,,,,,,,,
pair,launch_shape_tensor_mma_f16acc_t032_b04,3,NVIDIA GeForce RTX 3090,ampere,ga102,82,tensor_mma_f16acc,tensor_baseline_mov,32,128.0,4,8,strict_nvml_counter,structural_baseline,True,False,True,True,True,True,True,True,True,fp16-energy-bench-v2,fp16-energy-bench-v2,True,logical_m16n16k16_input_bits_8192,True,bench_json_metadata,True,True,False,False,False,False,missing NCU validation row,missing NCU validation row,missing NCU validation row for tensor activity,,,,,,,,,,,,,True,True,True,153.42548484768048,1.12084680176,1.0387916259799999,162.47808,966.9470274637957,94.4284206507613,100.0,20992000000.0,8192.0,8192.0,0.44233869554606886,61.593461730552235,249.756,76.06742136343001,0.304566942789883,0.6954330572101171,0.7155764051555249,0.0,nvml_total_energy_counter,nvml_total_energy_counter,1.048160533874367,0.9270216610947632,11.475706162934102,-13.038728052571429,9,8,,,,,,,,,,,,,,,,,,,,,,,,,,,,,,,,,,,,,,,,,
pair,launch_shape_tensor_mma_f16acc_t032_b04,4,NVIDIA GeForce RTX 3090,ampere,ga102,82,tensor_mma_f16acc,tensor_baseline_mov,32,128.0,4,8,strict_nvml_counter,structural_baseline,True,False,True,True,True,True,True,True,True,fp16-energy-bench-v2,fp16-energy-bench-v2,True,logical_m16n16k16_input_bits_8192,True,bench_json_metadata,True,True,False,False,False,False,missing NCU validation row,missing NCU validation row,missing NCU validation row for tensor activity,,,,,,,,,,,,,True,True,True,153.768995797642,1.11834289551,1.03760961914,162.47808,969.1119669606227,94.6398405234983,100.0,20992000000.0,8192.0,8192.0,0.3528347850017153,48.334452037373694,231.617,60.675750352945215,0.26196587622214784,0.7380341237778522,0.7597532696474422,0.0,nvml_total_energy_counter,nvml_total_energy_counter,0.9732501521608322,0.9137776656668751,-6.366009286727206,-15.410094884883932,9,8,,,,,,,,,,,,,,,,,,,,,,,,,,,,,,,,,,,,,,,,,
pair,launch_shape_tensor_mma_f16acc_t032_b04,5,NVIDIA GeForce RTX 3090,ampere,ga102,82,tensor_mma_f16acc,tensor_baseline_mov,32,128.0,4,8,strict_nvml_counter,structural_baseline,True,False,True,True,True,True,True,True,True,fp16-energy-bench-v2,fp16-energy-bench-v2,True,logical_m16n16k16_input_bits_8192,True,bench_json_metadata,True,True,False,False,False,False,missing NCU validation row,missing NCU validation row,missing NCU validation row for tensor activity,,,,,,,,,,,,,True,True,True,153.4605325005493,1.1205908203100001,1.03631933594,161.9182933333333,970.5116206793178,94.77652545696463,100.0,20992000000.0,8192.0,8192.0,0.40266925366652107,55.78262936741734,239.588,69.24560771455066,0.28901951564581974,0.7109804843541803,0.7315482337568302,15.0,nvml_total_energy_counter,nvml_total_energy_counter,1.0059110077145004,0.9046094671882534,1.4078845001601508,-17.088920166241166,9,8,,,,,,,,,,,,,,,,,,,,,,,,,,,,,,,,,,,,,,,,,
pair,launch_shape_tensor_mma_f16acc_t032_b04,6,NVIDIA GeForce RTX 3090,ampere,ga102,82,tensor_mma_f16acc,tensor_baseline_mov,32,128.0,4,8,strict_nvml_counter,structural_baseline,True,False,True,True,True,True,True,True,True,fp16-energy-bench-v2,fp16-energy-bench-v2,True,logical_m16n16k16_input_bits_8192,True,bench_json_metadata,True,True,False,False,False,False,missing NCU validation row,missing NCU validation row,missing NCU validation row for tensor activity,,,,,,,,,,,,,True,True,True,153.01169233515748,1.1238779296899999,1.03861621094,161.6384,969.3487002544027,94.66295900921902,100.0,20992000000.0,8192.0,8192.0,0.380133682078357,52.00951240934188,233.447,65.37024515431523,0.2800217829071062,0.7199782170928938,0.7419654090669363,15.0,nvml_total_energy_counter,nvml_total_energy_counter,0.9685218682190601,0.8916816093840549,-7.587309766559656,-19.410249332062648,9,8,,,,,,,,,,,,,,,,,,,,,,,,,,,,,,,,,,,,,,,,,
pair,launch_shape_tensor_mma_f16acc_t032_b04,7,NVIDIA GeForce RTX 3090,ampere,ga102,82,tensor_mma_f16acc,tensor_baseline_mov,32,128.0,4,8,strict_nvml_counter,structural_baseline,True,False,True,True,True,True,True,True,True,fp16-energy-bench-v2,fp16-energy-bench-v2,True,logical_m16n16k16_input_bits_8192,True,bench_json_metadata,True,True,False,False,False,False,missing NCU validation row,missing NCU validation row,missing NCU validation row for tensor activity,,,,,,,,,,,,,True,True,True,153.36077986525547,1.12131970215,1.03727612305,161.7783466666667,970.7197645281592,94.79685200470304,100.0,20992000000.0,8192.0,8192.0,0.24518789851099637,31.780051348497352,232.863,42.16409592252691,0.1810682500978125,0.8189317499021875,0.8425534002522905,15.0,nvml_total_energy_counter,nvml_total_energy_counter,0.9714075397545584,1.0100123331745137,-6.854101700524723,1.7990852575022984,9,8,,,,,,,,,,,,,,,,,,,,,,,,,,,,,,,,,,,,,,,,,
pair,launch_shape_tensor_mma_f16acc_t032_b04,8,NVIDIA GeForce RTX 3090,ampere,ga102,82,tensor_mma_f16acc,tensor_baseline_mov,32,128.0,4,8,strict_nvml_counter,structural_baseline,True,False,True,True,True,True,True,True,True,fp16-energy-bench-v2,fp16-energy-bench-v2,True,logical_m16n16k16_input_bits_8192,True,bench_json_metadata,True,True,False,False,False,False,missing NCU validation row,missing NCU validation row,missing NCU validation row for tensor activity,,,,,,,,,,,,,True,True,True,153.3188860441522,1.12162609863,1.03750720215,161.7783466666667,970.4545913842024,94.77095618986351,100.0,20992000000.0,8192.0,8192.0,0.24216481503665047,31.237319860528686,234.776,41.64422694706681,0.177378552096751,0.822621447903249,0.8464441246560216,15.0,nvml_total_energy_counter,nvml_total_energy_counter,0.9728689595225057,1.0245249010694835,-6.547353676769092,4.399701009865595,9,8,,,,,,,,,,,,,,,,,,,,,,,,,,,,,,,,,,,,,,,,,
pair,launch_shape_tensor_mma_f16acc_t032_b04,9,NVIDIA GeForce RTX 3090,ampere,ga102,82,tensor_mma_f16acc,tensor_baseline_mov,32,128.0,4,8,strict_nvml_counter,structural_baseline,True,False,True,True,True,True,True,True,True,fp16-energy-bench-v2,fp16-energy-bench-v2,True,logical_m16n16k16_input_bits_8192,True,bench_json_metadata,True,True,False,False,False,False,missing NCU validation row,missing NCU validation row,missing NCU validation row for tensor activity,,,,,,,,,,,,,True,True,True,153.2338669354919,1.12224841309,1.0374235839800001,161.6384,970.7562048494894,94.80041062983295,100.0,20992000000.0,8192.0,8192.0,0.46234663753962896,64.38492629964162,255.744,79.50811639997966,0.3108894691565771,0.6891105308434229,0.709222229652683,15.0,nvml_total_energy_counter,nvml_total_energy_counter,1.067328712028408,0.928136202469531,16.132718941168065,-12.982829548785418,9,8,,,,,,,,,,,,,,,,,,,,,,,,,,,,,,,,,,,,,,,,,
pair,launch_shape_tensor_mma_f16acc_t032_b08,0,NVIDIA GeForce RTX 3090,ampere,ga102,82,tensor_mma_f16acc,tensor_baseline_mov,32,256.0,8,8,strict_nvml_counter,structural_baseline,True,False,True,True,True,True,True,True,True,fp16-energy-bench-v2,fp16-energy-bench-v2,True,logical_m16n16k16_input_bits_8192,True,bench_json_metadata,True,True,False,False,False,False,missing NCU validation row,missing NCU validation row,missing NCU validation row for tensor activity,,,,,,,,,,,,,True,True,True,160.23585741867802,1.07320837402,1.01302270508,162.47808,1009.8686419529718,98.61998456571989,98.0,20992000000.0,8192.0,8192.0,0.28037730042923537,39.14463488133552,222.99,48.21549294068129,0.21622266891197492,0.783777331088025,0.8062117874299031,0.0,nvml_total_energy_counter,nvml_total_energy_counter,0.9522046528588738,0.9684985605208489,-11.192850640879328,-5.519834519872006,8,8,,,,,,,,,,,,,,,,,,,,,,,,,,,,,,,,,,,,,,,,,
pair,launch_shape_tensor_mma_f16acc_t032_b08,1,NVIDIA GeForce RTX 3090,ampere,ga102,82,tensor_mma_f16acc,tensor_baseline_mov,32,256.0,8,8,strict_nvml_counter,structural_baseline,True,False,True,True,True,True,True,True,True,fp16-energy-bench-v2,fp16-energy-bench-v2,True,logical_m16n16k16_input_bits_8192,True,bench_json_metadata,True,True,False,False,False,False,missing NCU validation row,missing NCU validation row,missing NCU validation row for tensor activity,,,,,,,,,,,,,True,True,True,159.45127150678812,1.07848913574,1.02048052979,162.47808,1004.9238766420125,98.13709732832152,99.0,20992000000.0,8192.0,8192.0,0.2948666981671062,41.62606932108949,230.296,50.70718343515253,0.22018264943877675,0.7798173505612233,0.8000140434010773,0.0,nvml_total_energy_counter,nvml_total_energy_counter,0.9515283681561763,0.9628720871571591,-11.73146623966241,-6.738203962913076,8,8,,,,,,,,,,,,,,,,,,,,,,,,,,,,,,,,,,,,,,,,,
pair,launch_shape_tensor_mma_f16acc_t032_b08,2,NVIDIA GeForce RTX 3090,ampere,ga102,82,tensor_mma_f16acc,tensor_baseline_mov,32,256.0,8,8,strict_nvml_counter,structural_baseline,True,False,True,True,True,True,True,True,True,fp16-energy-bench-v2,fp16-energy-bench-v2,True,logical_m16n16k16_input_bits_8192,True,bench_json_metadata,True,True,False,False,False,False,missing NCU validation row,missing NCU validation row,missing NCU validation row for tensor activity,,,,,,,,,,,,,True,True,True,158.79481051896994,1.08294763184,1.02072296143,162.47808,1000.7866043925754,97.73306683521244,97.0,20992000000.0,8192.0,8192.0,0.3423062724994491,46.136623917101616,237.805,58.86519928675071,0.24753558287988356,0.7524644171201165,0.7817264449050398,0.0,nvml_total_energy_counter,nvml_total_energy_counter,0.9447624949821234,0.940093383371702,-13.903764121187635,-11.16675859777402,8,8,,,,,,,,,,,,,,,,,,,,,,,,,,,,,,,,,,,,,,,,,
pair,launch_shape_tensor_mma_f16acc_t032_b08,3,NVIDIA GeForce RTX 3090,ampere,ga102,82,tensor_mma_f16acc,tensor_baseline_mov,32,256.0,8,8,strict_nvml_counter,structural_baseline,True,False,True,True,True,True,True,True,True,fp16-energy-bench-v2,fp16-energy-bench-v2,True,logical_m16n16k16_input_bits_8192,True,bench_json_metadata,True,True,False,False,False,False,missing NCU validation row,missing NCU validation row,missing NCU validation row for tensor activity,,,,,,,,,,,,,True,True,True,159.30819137873348,1.07945776367,1.0204610595699999,162.47808,1004.0221300733186,98.04903613997253,99.0,20992000000.0,8192.0,8192.0,0.22769211444258405,30.08524567702966,237.046,39.15540780137451,0.16518063076944775,0.8348193692305522,0.8590256223042204,0.0,nvml_total_energy_counter,nvml_total_energy_counter,0.9566558283503341,1.0497020872916605,-10.740082491928405,9.113309634243393,9,8,,,,,,,,,,,,,,,,,,,,,,,,,,,,,,,,,,,,,,,,,
pair,launch_shape_tensor_mma_f16acc_t032_b08,4,NVIDIA GeForce RTX 3090,ampere,ga102,82,tensor_mma_f16acc,tensor_baseline_mov,32,256.0,8,8,strict_nvml_counter,structural_baseline,True,False,True,True,True,True,False,True,True,fp16-energy-bench-v2,fp16-energy-bench-v2,True,logical_m16n16k16_input_bits_8192,True,bench_json_metadata,True,True,False,False,False,False,missing NCU validation row,missing NCU validation row,missing NCU validation row for tensor activity,,,,,,,,,,,,,True,False,True,159.450062319068,1.07849731445,1.02053668213,162.1632,1006.8675495718242,98.32690913787346,nan,20992000000.0,8192.0,8192.0,0.3121090041430757,937.4652938958236,234.496,53.67228182504607,0.22888357082869673,0.7711164291713033,0.15171333894287034,15.0,nvml_total_energy_counter,nvml_total_energy_counter,5.129579827453709,0.9599004338671698,188.7815345100649,-7.356861340368624,4,7,,"test NVML-counter/power-trace ratio 5.13 outside [0.5, 1.5]; SM utilization samples missing or sparse",,,,,,,,,,,,,,,,,,,,,,,,,,,,,,,,,,,,,,,
pair,launch_shape_tensor_mma_f16acc_t032_b08,5,NVIDIA GeForce RTX 3090,ampere,ga102,82,tensor_mma_f16acc,tensor_baseline_mov,32,256.0,8,8,strict_nvml_counter,structural_baseline,True,False,True,True,True,True,True,True,True,fp16-energy-bench-v2,fp16-energy-bench-v2,True,logical_m16n16k16_input_bits_8192,True,bench_json_metadata,True,True,False,False,False,False,missing NCU validation row,missing NCU validation row,missing NCU validation row for tensor activity,,,,,,,,,,,,,True,True,True,158.4758405166631,1.08512731934,1.02591381836,161.49845333333332,1004.8347667709123,98.1283951924719,98.0,20992000000.0,8192.0,8192.0,0.2068740704271738,26.66173394603848,234.845,35.575402384648044,0.15148460637717662,0.8485153936228234,0.8732197525630963,15.0,nvml_total_energy_counter,nvml_total_energy_counter,0.9407950614186009,1.0370175459549165,-14.778971926344099,6.921200174758354,9,8,,,,,,,,,,,,,,,,,,,,,,,,,,,,,,,,,,,,,,,,,
pair,launch_shape_tensor_mma_f16acc_t032_b08,6,NVIDIA GeForce RTX 3090,ampere,ga102,82,tensor_mma_f16acc,tensor_baseline_mov,32,256.0,8,8,strict_nvml_counter,structural_baseline,True,False,True,True,True,True,True,True,True,fp16-energy-bench-v2,fp16-energy-bench-v2,True,logical_m16n16k16_input_bits_8192,True,bench_json_metadata,True,True,False,False,False,False,missing NCU validation row,missing NCU validation row,missing NCU validation row for tensor activity,,,,,,,,,,,,,True,True,True,158.3797190536755,1.08578588867,1.02471557617,161.21856,1005.9687439893007,98.23913515520515,98.0,20992000000.0,8192.0,8192.0,0.22118182401003875,28.765402607839263,233.753,38.03585617607666,0.16271815196415304,0.8372818480358469,0.8623792066534839,0.0,nvml_total_energy_counter,nvml_total_energy_counter,0.9426198460516788,1.0242510638777267,-14.229260270790604,4.499292780984291,8,8,,,,,,,,,,,,,,,,,,,,,,,,,,,,,,,,,,,,,,,,,
pair,launch_shape_tensor_mma_f16acc_t032_b08,7,NVIDIA GeForce RTX 3090,ampere,ga102,82,tensor_mma_f16acc,tensor_baseline_mov,32,256.0,8,8,strict_nvml_counter,structural_baseline,True,False,True,True,True,True,True,True,True,fp16-energy-bench-v2,fp16-energy-bench-v2,True,logical_m16n16k16_input_bits_8192,True,bench_json_metadata,True,True,False,False,False,False,missing NCU validation row,missing NCU validation row,missing NCU validation row for tensor activity,,,,,,,,,,,,,True,True,True,158.47357644615388,1.08514282227,1.02552575684,161.3585066666667,1005.6918946088921,98.21209908289961,99.0,20992000000.0,8192.0,8192.0,0.27591020762726504,39.4893866472886,233.714,47.44730278716659,0.20301437991376894,0.7969856200862311,0.8129716377098863,15.0,nvml_total_energy_counter,nvml_total_energy_counter,0.9436868926633112,0.9774231871405578,-13.946534248179432,-4.183355999307224,9,8,,,,,,,,,,,,,,,,,,,,,,,,,,,,,,,,,,,,,,,,,
pair,launch_shape_tensor_mma_f16acc_t032_b08,8,NVIDIA GeForce RTX 3090,ampere,ga102,82,tensor_mma_f16acc,tensor_baseline_mov,32,256.0,8,8,strict_nvml_counter,structural_baseline,True,False,True,True,True,True,True,True,True,fp16-energy-bench-v2,fp16-energy-bench-v2,True,logical_m16n16k16_input_bits_8192,True,bench_json_metadata,True,True,False,False,False,False,missing NCU validation row,missing NCU validation row,missing NCU validation row for tensor activity,,,,,,,,,,,,,True,True,True,158.51064759835285,1.08488903809,1.0274649658200001,161.3585066666667,1005.9271524867439,98.23507348503358,97.0,20992000000.0,8192.0,8192.0,0.2997187735027227,41.33789452125356,235.343,51.54157767368011,0.21900620657372477,0.7809937934262752,0.8038603435209517,15.0,nvml_total_energy_counter,nvml_total_energy_counter,0.9396517784621414,0.9654327297645771,-15.114675273246945,-6.415101210677335,9,8,,,,,,,,,,,,,,,,,,,,,,,,,,,,,,,,,,,,,,,,,
pair,launch_shape_tensor_mma_f16acc_t032_b08,9,NVIDIA GeForce RTX 3090,ampere,ga102,82,tensor_mma_f16acc,tensor_baseline_mov,32,256.0,8,8,strict_nvml_counter,structural_baseline,True,False,True,True,True,True,True,True,True,fp16-energy-bench-v2,fp16-energy-bench-v2,True,logical_m16n16k16_input_bits_8192,True,bench_json_metadata,True,True,False,False,False,False,missing NCU validation row,missing NCU validation row,missing NCU validation row for tensor activity,,,,,,,,,,,,,True,True,True,156.27158524498182,1.10043334961,1.02768945312,161.3585066666667,991.7178002981519,96.8474414353664,99.0,20992000000.0,8192.0,8192.0,0.27895891979385484,37.50258149834224,233.312,47.97157903820883,0.20561128033795445,0.7943887196620456,0.8178845585462474,15.0,nvml_total_energy_counter,nvml_total_energy_counter,0.9172127359416798,0.9515448623355891,-21.058650185602005,-9.072624890002402,9,8,,,,,,,,,,,,,,,,,,,,,,,,,,,,,,,,,,,,,,,,,
pair,launch_shape_tensor_mma_f16acc_t064_b01,0,NVIDIA GeForce RTX 3090,ampere,ga102,82,tensor_mma_f16acc,tensor_baseline_mov,64,64.0,1,8,strict_nvml_counter,structural_baseline,True,False,True,True,True,True,True,True,True,fp16-energy-bench-v2,fp16-energy-bench-v2,True,logical_m16n16k16_input_bits_8192,True,bench_json_metadata,True,True,False,False,False,False,missing NCU validation row,missing NCU validation row,missing NCU validation row for tensor activity,,,,,,,,,,,,,True,True,True,77.39614314505681,1.1109498291,1.03095495605,162.47808,487.78057065013434,47.63482135255217,100.0,10496000000.0,8192.0,8192.0,0.41162002812779996,27.032573754566073,191.885,35.39242037435915,0.1844459982508229,0.8155540017491771,0.8389924796492682,0.0,nvml_total_energy_counter,nvml_total_energy_counter,0.968077791542962,0.8561322093802566,-6.32737681133645,-25.102396951440852,9,8,,,,,,,,,,,,,,,,,,,,,,,,,,,,,,,,,,,,,,,,,
pair,launch_shape_tensor_mma_f16acc_t064_b01,1,NVIDIA GeForce RTX 3090,ampere,ga102,82,tensor_mma_f16acc,tensor_baseline_mov,64,64.0,1,8,strict_nvml_counter,structural_baseline,True,False,True,True,True,True,True,True,True,fp16-energy-bench-v2,fp16-energy-bench-v2,True,logical_m16n16k16_input_bits_8192,True,bench_json_metadata,True,True,False,False,False,False,missing NCU validation row,missing NCU validation row,missing NCU validation row for tensor activity,,,,,,,,,,,,,True,True,True,76.92759061368346,1.11771643066,1.03760388184,162.47808,484.8275705154312,47.34644243314757,100.0,10496000000.0,8192.0,8192.0,0.37802698104216836,24.752761594887687,192.844,32.50398161320837,0.1685506503350292,0.8314493496649709,0.8528425582280545,0.0,nvml_total_energy_counter,nvml_total_energy_counter,0.9487476779856536,0.8487742778708598,-10.417630541683451,-27.206132324840382,9,8,,,,,,,,,,,,,,,,,,,,,,,,,,,,,,,,,,,,,,,,,
pair,launch_shape_tensor_mma_f16acc_t064_b01,2,NVIDIA GeForce RTX 3090,ampere,ga102,82,tensor_mma_f16acc,tensor_baseline_mov,64,64.0,1,8,strict_nvml_counter,structural_baseline,True,False,True,True,True,True,True,True,True,fp16-energy-bench-v2,fp16-energy-bench-v2,True,logical_m16n16k16_input_bits_8192,True,bench_json_metadata,True,True,False,False,False,False,missing NCU validation row,missing NCU validation row,missing NCU validation row for tensor activity,,,,,,,,,,,,,True,True,True,76.97109333507623,1.1170847168,1.03843505859,162.47808,485.1017415710357,47.37321695029645,100.0,10496000000.0,8192.0,8192.0,0.17749640896937025,8.781627919976643,191.973,15.261714911580242,0.07949927808379428,0.9205007219162057,0.947406368783767,0.0,nvml_total_energy_counter,nvml_total_energy_counter,0.9345827157172981,0.9122727025320682,-13.43738986865867,-16.411640349987152,9,8,,,,,,,,,,,,,,,,,,,,,,,,,,,,,,,,,,,,,,,,,
pair,launch_shape_tensor_mma_f16acc_t064_b01,3,NVIDIA GeForce RTX 3090,ampere,ga102,82,tensor_mma_f16acc,tensor_baseline_mov,64,64.0,1,8,strict_nvml_counter,structural_baseline,True,False,True,True,True,True,True,True,True,fp16-energy-bench-v2,fp16-energy-bench-v2,True,logical_m16n16k16_input_bits_8192,True,bench_json_metadata,True,True,False,False,False,False,missing NCU validation row,missing NCU validation row,missing NCU validation row for tensor activity,,,,,,,,,,,,,True,True,True,76.94097664615667,1.11752197266,1.0370854492200001,162.47808,484.91193449396025,47.3546811029258,100.0,10496000000.0,8192.0,8192.0,0.3556452896727652,22.549382431179595,191.914,30.579531451640577,0.15933976391321414,0.8406602360867859,0.8649069660401159,0.0,nvml_total_energy_counter,nvml_total_energy_counter,0.9306436770964206,0.8401725476022849,-14.3024120630634,-29.2945404783502,9,8,,,,,,,,,,,,,,,,,,,,,,,,,,,,,,,,,,,,,,,,,
pair,launch_shape_tensor_mma_f16acc_t064_b01,4,NVIDIA GeForce RTX 3090,ampere,ga102,82,tensor_mma_f16acc,tensor_baseline_mov,64,64.0,1,8,strict_nvml_counter,structural_baseline,True,False,True,True,True,True,True,True,True,fp16-energy-bench-v2,fp16-energy-bench-v2,True,logical_m16n16k16_input_bits_8192,True,bench_json_metadata,True,True,False,False,False,False,missing NCU validation row,missing NCU validation row,missing NCU validation row for tensor activity,,,,,,,,,,,,,True,True,True,76.92441495045313,1.1177625732399998,1.0468094482399999,162.47808,484.8075562516741,47.34448791520254,100.0,10496000000.0,8192.0,8192.0,0.20218089605340783,10.591757582949725,194.065,17.38416689132805,0.08957909407326436,0.9104209059267356,0.9371998924115007,0.0,nvml_total_energy_counter,nvml_total_energy_counter,0.934128600903299,0.9221268733454308,-13.684767871725427,-14.380731518693892,9,8,,,,,,,,,,,,,,,,,,,,,,,,,,,,,,,,,,,,,,,,,
pair,launch_shape_tensor_mma_f16acc_t064_b01,5,NVIDIA GeForce RTX 3090,ampere,ga102,82,tensor_mma_f16acc,tensor_baseline_mov,64,64.0,1,8,strict_nvml_counter,structural_baseline,True,False,True,True,True,True,True,True,True,fp16-energy-bench-v2,fp16-energy-bench-v2,True,logical_m16n16k16_input_bits_8192,True,bench_json_metadata,True,True,False,False,False,False,missing NCU validation row,missing NCU validation row,missing NCU validation row for tensor activity,,,,,,,,,,,,,True,True,True,77.00314446752077,1.11661975098,1.0406472168,162.47808,485.3037402629405,47.39294338505278,100.0,10496000000.0,8192.0,8192.0,0.3069426295756373,18.797787075741354,189.2,26.391919329492083,0.13949217404594125,0.8605078259540587,0.8857986846543778,0.0,nvml_total_energy_counter,nvml_total_energy_counter,0.9107309668685695,0.8403734118090276,-18.545214429832896,-29.657978080612935,9,8,,,,,,,,,,,,,,,,,,,,,,,,,,,,,,,,,,,,,,,,,
pair,launch_shape_tensor_mma_f16acc_t064_b01,6,NVIDIA GeForce RTX 3090,ampere,ga102,82,tensor_mma_f16acc,tensor_baseline_mov,64,64.0,1,8,strict_nvml_counter,structural_baseline,True,False,True,True,True,True,True,True,True,fp16-energy-bench-v2,fp16-energy-bench-v2,True,logical_m16n16k16_input_bits_8192,True,bench_json_metadata,True,True,False,False,False,False,missing NCU validation row,missing NCU validation row,missing NCU validation row for tensor activity,,,,,,,,,,,,,True,True,True,77.01381165666285,1.11646508789,1.0374921875,162.47808,485.37096903424,47.39950869474999,100.0,10496000000.0,8192.0,8192.0,0.3593105170376924,22.605430691610707,194.081,30.894679546491858,0.15918446188185273,0.8408155381181472,0.8660568297389044,0.0,nvml_total_energy_counter,nvml_total_energy_counter,0.9365510696584395,0.9090161872172975,-13.148489440208976,-15.630220218029194,9,8,,,,,,,,,,,,,,,,,,,,,,,,,,,,,,,,,,,,,,,,,
pair,launch_shape_tensor_mma_f16acc_t064_b01,7,NVIDIA GeForce RTX 3090,ampere,ga102,82,tensor_mma_f16acc,tensor_baseline_mov,64,64.0,1,8,strict_nvml_counter,structural_baseline,True,False,True,True,True,True,True,True,True,fp16-energy-bench-v2,fp16-energy-bench-v2,True,logical_m16n16k16_input_bits_8192,True,bench_json_metadata,True,True,False,False,False,False,missing NCU validation row,missing NCU validation row,missing NCU validation row for tensor activity,,,,,,,,,,,,,True,True,True,77.00455873198122,1.11659924316,1.04032751465,162.47808,485.3126535071609,47.39381381905868,100.0,10496000000.0,8192.0,8192.0,0.3839999504572559,27.094376035956145,195.918,33.01755682815474,0.16852742896596912,0.8314725710340309,0.8433707854148575,0.0,nvml_total_energy_counter,nvml_total_energy_counter,0.9481143334718674,0.8385541074683067,-10.721635203672747,-29.627693481858813,9,8,,,,,,,,,,,,,,,,,,,,,,,,,,,,,,,,,,,,,,,,,
pair,launch_shape_tensor_mma_f16acc_t064_b01,8,NVIDIA GeForce RTX 3090,ampere,ga102,82,tensor_mma_f16acc,tensor_baseline_mov,64,64.0,1,8,strict_nvml_counter,structural_baseline,True,False,True,True,True,True,True,True,True,fp16-energy-bench-v2,fp16-energy-bench-v2,True,logical_m16n16k16_input_bits_8192,True,bench_json_metadata,True,True,False,False,False,False,missing NCU validation row,missing NCU validation row,missing NCU validation row for tensor activity,,,,,,,,,,,,,True,True,True,77.00790097852972,1.11655078125,1.04352624512,162.47808,485.3337176437242,47.39587086364494,100.0,10496000000.0,8192.0,8192.0,0.28785640437540927,17.125962178784647,198.316,24.750824000096628,0.12480497791452343,0.8751950220854766,0.9007613988267551,0.0,nvml_total_energy_counter,nvml_total_energy_counter,0.9516505845315446,0.8909733267818828,-10.075612660672277,-20.42861260445028,9,8,,,,,,,,,,,,,,,,,,,,,,,,,,,,,,,,,,,,,,,,,
pair,launch_shape_tensor_mma_f16acc_t064_b01,9,NVIDIA GeForce RTX 3090,ampere,ga102,82,tensor_mma_f16acc,tensor_baseline_mov,64,64.0,1,8,strict_nvml_counter,structural_baseline,True,False,True,True,True,True,True,True,True,fp16-energy-bench-v2,fp16-energy-bench-v2,True,logical_m16n16k16_input_bits_8192,True,bench_json_metadata,True,True,False,False,False,False,missing NCU validation row,missing NCU validation row,missing NCU validation row for tensor activity,,,,,,,,,,,,,True,True,True,76.99318716288414,1.11676416016,1.04517834473,162.47808,485.24098545965927,47.38681498629485,100.0,10496000000.0,8192.0,8192.0,0.37747339923863676,24.10959903590023,194.331,32.45638286056433,0.16701598232173115,0.8329840176782689,0.8573896803436156,0.0,nvml_total_energy_counter,nvml_total_energy_counter,0.9354829423497147,0.8334926812301524,-13.402344139750852,-31.15222469698,9,8,,,,,,,,,,,,,,,,,,,,,,,,,,,,,,,,,,,,,,,,,
pair,launch_shape_tensor_mma_f16acc_t064_b02,0,NVIDIA GeForce RTX 3090,ampere,ga102,82,tensor_mma_f16acc,tensor_baseline_mov,64,128.0,2,8,strict_nvml_counter,structural_baseline,True,False,True,True,True,True,True,True,True,fp16-energy-bench-v2,fp16-energy-bench-v2,True,logical_m16n16k16_input_bits_8192,True,bench_json_metadata,True,True,False,False,False,False,missing NCU validation row,missing NCU validation row,missing NCU validation row for tensor activity,,,,,,,,,,,,,True,True,True,155.09708153009709,1.10876660156,1.02970373535,162.47808,977.4820793476845,95.4572343112973,100.0,20992000000.0,8192.0,8192.0,0.37681967365699937,52.76289756642075,225.019,64.80034684442813,0.28797722345414445,0.7120227765458556,0.7325272776469928,0.0,nvml_total_energy_counter,nvml_total_energy_counter,0.9986722212263046,0.912040385072527,-0.29917268702166666,-14.759972833757445,9,8,,,,,,,,,,,,,,,,,,,,,,,,,,,,,,,,,,,,,,,,,
pair,launch_shape_tensor_mma_f16acc_t064_b02,1,NVIDIA GeForce RTX 3090,ampere,ga102,82,tensor_mma_f16acc,tensor_baseline_mov,64,128.0,2,8,strict_nvml_counter,structural_baseline,True,False,True,True,True,True,True,True,True,fp16-energy-bench-v2,fp16-energy-bench-v2,True,logical_m16n16k16_input_bits_8192,True,bench_json_metadata,True,True,False,False,False,False,missing NCU validation row,missing NCU validation row,missing NCU validation row for tensor activity,,,,,,,,,,,,,True,True,True,153.91044981027252,1.11731506348,1.03829199219,162.47808,970.0034651179967,94.72690089042935,100.0,20992000000.0,8192.0,8192.0,0.43972057300669887,60.531877670323354,248.64,75.61719208801586,0.30412319855218733,0.6958768014478126,0.718963240091402,0.0,nvml_total_energy_counter,nvml_total_energy_counter,1.0490858073813656,0.9461331526307183,11.633648135767857,-9.390186619724119,8,8,,,,,,,,,,,,,,,,,,,,,,,,,,,,,,,,,,,,,,,,,
pair,launch_shape_tensor_mma_f16acc_t064_b02,2,NVIDIA GeForce RTX 3090,ampere,ga102,82,tensor_mma_f16acc,tensor_baseline_mov,64,128.0,2,8,strict_nvml_counter,structural_baseline,True,False,True,True,True,True,True,True,True,fp16-energy-bench-v2,fp16-energy-bench-v2,True,logical_m16n16k16_input_bits_8192,True,bench_json_metadata,True,True,False,False,False,False,missing NCU validation row,missing NCU validation row,missing NCU validation row for tensor activity,,,,,,,,,,,,,True,True,True,153.932733201098,1.11715332031,1.03900158691,162.47808,970.1439037064222,94.74061559633029,100.0,20992000000.0,8192.0,8192.0,0.3307126391613359,45.05576421872263,230.392,56.87148315668287,0.2468466055969082,0.7531533944030918,0.7751479259797502,0.0,nvml_total_energy_counter,nvml_total_energy_counter,0.9743483905015923,0.9321088157490978,-6.06551585979912,-12.095165141898548,9,8,,,,,,,,,,,,,,,,,,,,,,,,,,,,,,,,,,,,,,,,,
pair,launch_shape_tensor_mma_f16acc_t064_b02,3,NVIDIA GeForce RTX 3090,ampere,ga102,82,tensor_mma_f16acc,tensor_baseline_mov,64,128.0,2,8,strict_nvml_counter,structural_baseline,True,False,True,True,True,True,True,True,True,fp16-energy-bench-v2,fp16-energy-bench-v2,True,logical_m16n16k16_input_bits_8192,True,bench_json_metadata,True,True,False,False,False,False,missing NCU validation row,missing NCU validation row,missing NCU validation row for tensor activity,,,,,,,,,,,,,True,True,True,153.90199222123792,1.11737646484,1.0382161865200001,162.47808,969.9501621052367,94.72169551808952,100.0,20992000000.0,8192.0,8192.0,0.47313065339557275,66.54673644551832,252.248,81.36260547444624,0.3225500518317142,0.6774499481682859,0.6967998632444047,0.0,nvml_total_energy_counter,nvml_total_energy_counter,1.0631011049830335,0.9204091474634654,14.972355362206343,-14.121961046956471,9,8,,,,,,,,,,,,,,,,,,,,,,,,,,,,,,,,,,,,,,,,,
pair,launch_shape_tensor_mma_f16acc_t064_b02,4,NVIDIA GeForce RTX 3090,ampere,ga102,82,tensor_mma_f16acc,tensor_baseline_mov,64,128.0,2,8,strict_nvml_counter,structural_baseline,True,False,True,True,True,True,True,True,True,fp16-energy-bench-v2,fp16-energy-bench-v2,True,logical_m16n16k16_input_bits_8192,True,bench_json_metadata,True,True,False,False,False,False,missing NCU validation row,missing NCU validation row,missing NCU validation row for tensor activity,,,,,,,,,,,,,True,True,True,153.90733905883673,1.11733764648,1.03900366211,162.47808,969.9838599535938,94.72498632359314,100.0,20992000000.0,8192.0,8192.0,0.48224638500634665,67.8594836064751,252.017,82.93020560632405,0.3290659185940792,0.6709340814059208,0.6904073224255843,0.0,nvml_total_energy_counter,nvml_total_energy_counter,1.0631485147778643,0.9110894771101263,14.96921552121836,-15.79055852389294,9,8,,,,,,,,,,,,,,,,,,,,,,,,,,,,,,,,,,,,,,,,,
pair,launch_shape_tensor_mma_f16acc_t064_b02,5,NVIDIA GeForce RTX 3090,ampere,ga102,82,tensor_mma_f16acc,tensor_baseline_mov,64,128.0,2,8,strict_nvml_counter,structural_baseline,True,False,True,True,True,True,True,True,True,fp16-energy-bench-v2,fp16-energy-bench-v2,True,logical_m16n16k16_input_bits_8192,True,bench_json_metadata,True,True,False,False,False,False,missing NCU validation row,missing NCU validation row,missing NCU validation row for tensor activity,,,,,,,,,,,,,True,True,True,153.74558523132768,1.11851318359,1.0375577392600002,162.3381333333333,969.7997386332698,94.70700572590526,100.0,20992000000.0,8192.0,8192.0,0.36792839974879277,50.60130450095534,235.39,63.27134590997838,0.2687936866900819,0.731206313309918,0.752540231741589,15.0,nvml_total_energy_counter,nvml_total_energy_counter,0.9993135160507823,0.9199015332659927,-0.1617024629517232,-14.307465727486147,9,8,,,,,,,,,,,,,,,,,,,,,,,,,,,,,,,,,,,,,,,,,
pair,launch_shape_tensor_mma_f16acc_t064_b02,6,NVIDIA GeForce RTX 3090,ampere,ga102,82,tensor_mma_f16acc,tensor_baseline_mov,64,128.0,2,8,strict_nvml_counter,structural_baseline,True,False,True,True,True,True,True,True,True,fp16-energy-bench-v2,fp16-energy-bench-v2,True,logical_m16n16k16_input_bits_8192,True,bench_json_metadata,True,True,False,False,False,False,missing NCU validation row,missing NCU validation row,missing NCU validation row for tensor activity,,,,,,,,,,,,,True,True,True,153.69175958458007,1.11890490723,1.0378885498,162.05824,971.1345860266654,94.83736191666654,100.0,20992000000.0,8192.0,8192.0,0.2459948090199036,31.537638814400594,231.981,42.302857469508126,0.18235483711816108,0.8176451628818389,0.8431422692138504,15.0,nvml_total_energy_counter,nvml_total_energy_counter,0.9805643076490999,1.0141307186681452,-4.598078180169324,2.5272612119662767,9,8,,,,,,,,,,,,,,,,,,,,,,,,,,,,,,,,,,,,,,,,,
pair,launch_shape_tensor_mma_f16acc_t064_b02,7,NVIDIA GeForce RTX 3090,ampere,ga102,82,tensor_mma_f16acc,tensor_baseline_mov,64,128.0,2,8,strict_nvml_counter,structural_baseline,True,False,True,True,True,True,True,True,True,fp16-energy-bench-v2,fp16-energy-bench-v2,True,logical_m16n16k16_input_bits_8192,True,bench_json_metadata,True,True,False,False,False,False,missing NCU validation row,missing NCU validation row,missing NCU validation row for tensor activity,,,,,,,,,,,,,True,True,True,153.4822677454775,1.12043212891,1.03727722168,162.00576,970.1250262420853,94.73877209395361,99.0,20992000000.0,8192.0,8192.0,0.32782516135064244,44.41429467836576,232.254,56.37493380769945,0.24272965721881842,0.7572703427811815,0.779459748495377,15.0,nvml_total_energy_counter,nvml_total_energy_counter,0.9782654387532006,0.941264340172155,-5.160091103952055,-10.303372596013446,8,8,,,,,,,,,,,,,,,,,,,,,,,,,,,,,,,,,,,,,,,,,
pair,launch_shape_tensor_mma_f16acc_t064_b02,8,NVIDIA GeForce RTX 3090,ampere,ga102,82,tensor_mma_f16acc,tensor_baseline_mov,64,128.0,2,8,strict_nvml_counter,structural_baseline,True,False,True,True,True,True,True,True,True,fp16-energy-bench-v2,fp16-energy-bench-v2,True,logical_m16n16k16_input_bits_8192,True,bench_json_metadata,True,True,False,False,False,False,missing NCU validation row,missing NCU validation row,missing NCU validation row for tensor activity,,,,,,,,,,,,,True,True,True,153.36436944481258,1.12129345703,1.0374246826200002,161.9182933333333,969.9034684622507,94.71713559201666,100.0,20992000000.0,8192.0,8192.0,0.4560227247675387,63.44870360751244,254.793,78.42061548191884,0.3077816717175073,0.6922183282824926,0.7125667489414877,15.0,nvml_total_energy_counter,nvml_total_energy_counter,1.0600301065301243,0.9395884943712929,14.42907219229562,-10.798721011535065,9,8,,,,,,,,,,,,,,,,,,,,,,,,,,,,,,,,,,,,,,,,,
pair,launch_shape_tensor_mma_f16acc_t064_b02,9,NVIDIA GeForce RTX 3090,ampere,ga102,82,tensor_mma_f16acc,tensor_baseline_mov,64,128.0,2,8,strict_nvml_counter,structural_baseline,True,False,True,True,True,True,True,True,True,fp16-energy-bench-v2,fp16-energy-bench-v2,True,logical_m16n16k16_input_bits_8192,True,bench_json_metadata,True,True,False,False,False,False,missing NCU validation row,missing NCU validation row,missing NCU validation row for tensor activity,,,,,,,,,,,,,True,True,True,153.54935142376493,1.11994262695,1.0373355712899999,161.9182933333333,971.0733272999871,94.83137961913937,100.0,20992000000.0,8192.0,8192.0,0.25211278376276375,32.77735710867506,230.765,43.3549439528791,0.18787486816839252,0.8121251318316075,0.8362084890218769,15.0,nvml_total_energy_counter,nvml_total_energy_counter,0.9605401821218662,0.9976417299558298,-9.48002492985998,-0.42233866433230105,9,8,,,,,,,,,,,,,,,,,,,,,,,,,,,,,,,,,,,,,,,,,
pair,launch_shape_tensor_mma_f16acc_t064_b04,0,NVIDIA GeForce RTX 3090,ampere,ga102,82,tensor_mma_f16acc,tensor_baseline_mov,64,256.0,4,8,strict_nvml_counter,structural_baseline,True,False,True,True,True,True,True,True,True,fp16-energy-bench-v2,fp16-energy-bench-v2,True,logical_m16n16k16_input_bits_8192,True,bench_json_metadata,True,True,False,False,False,False,missing NCU validation row,missing NCU validation row,missing NCU validation row for tensor activity,,,,,,,,,,,,,True,True,True,160.6906562780556,1.07017089844,1.01335412598,162.47808,1012.7349611020079,98.89989854511796,100.0,20992000000.0,8192.0,8192.0,0.3364594449694459,48.04538186920314,229.989,57.859741030798205,0.2515761233398041,0.7484238766601959,0.769994708305254,0.0,nvml_total_energy_counter,nvml_total_energy_counter,0.9791371660339895,0.9654957680462545,-4.9004598001770034,-5.9909687146519275,8,8,,,,,,,,,,,,,,,,,,,,,,,,,,,,,,,,,,,,,,,,,
pair,launch_shape_tensor_mma_f16acc_t064_b04,1,NVIDIA GeForce RTX 3090,ampere,ga102,82,tensor_mma_f16acc,tensor_baseline_mov,64,256.0,4,8,strict_nvml_counter,structural_baseline,True,False,True,True,True,True,True,True,True,fp16-energy-bench-v2,fp16-energy-bench-v2,True,logical_m16n16k16_input_bits_8192,True,bench_json_metadata,True,True,False,False,False,False,missing NCU validation row,missing NCU validation row,missing NCU validation row for tensor activity,,,,,,,,,,,,,True,True,True,157.3483736775563,1.09290270996,1.02044567871,162.47808,991.6705973249909,96.84283177001865,99.0,20992000000.0,8192.0,8192.0,0.3430787251799406,47.171657199907685,231.643,58.99803524282214,0.2546937971051236,0.7453062028948764,0.7700523519920572,0.0,nvml_total_energy_counter,nvml_total_energy_counter,0.9379246587455151,0.916170448224153,-15.330995021972399,-15.241970456847014,9,8,,,,,,,,,,,,,,,,,,,,,,,,,,,,,,,,,,,,,,,,,
pair,launch_shape_tensor_mma_f16acc_t064_b04,2,NVIDIA GeForce RTX 3090,ampere,ga102,82,tensor_mma_f16acc,tensor_baseline_mov,64,256.0,4,8,strict_nvml_counter,structural_baseline,False,False,False,False,False,True,False,True,True,fp16-energy-bench-v2,fp16-energy-bench-v2,True,logical_m16n16k16_input_bits_8192,True,bench_json_metadata,False,False,False,False,False,False,missing NCU validation row,missing NCU validation row,missing NCU validation row for tensor activity,,,,,,,,,,,,,True,True,True,159.27661674330142,1.07967175293,1.0217519531200001,162.47808,1003.8231344507557,98.02960297370662,99.0,20992000000.0,8192.0,8192.0,-6.046689019991271,-965.7579859016131,209.315,-1039.827729675524,-4.967764993791769,5.96776499379177,6.050842861585457,0.0,nvml_total_energy_counter,nvml_total_energy_counter,0.869923053529867,6.418670057728919,-31.298234872518066,146.25420619975,9,2,nonpositive incremental power/energy; expected or invalid L2/global traffic; not a pure FP16 candidate; incremental energy fraction is missing or nonpositive; baseline energy fraction 5.968 > 0.99; incremental energy is below 0.1 J or missing,"baseline NVML-counter/power-trace ratio 6.419 outside [0.5, 1.5]",,,,,,,,,,,,,,,,,,,,,,,,,,,,,,,,,,,,,,,
pair,launch_shape_tensor_mma_f16acc_t064_b04,3,NVIDIA GeForce RTX 3090,ampere,ga102,82,tensor_mma_f16acc,tensor_baseline_mov,64,256.0,4,8,strict_nvml_counter,structural_baseline,True,False,True,True,True,True,True,True,True,fp16-energy-bench-v2,fp16-energy-bench-v2,True,logical_m16n16k16_input_bits_8192,True,bench_json_metadata,True,True,False,False,False,False,missing NCU validation row,missing NCU validation row,missing NCU validation row for tensor activity,,,,,,,,,,,,,True,True,True,159.37712988012595,1.0789908447299998,1.02064233398,162.47808,1004.4566072989597,98.09146555653903,99.0,20992000000.0,8192.0,8192.0,0.3237432185868593,45.62196207749275,230.271,55.67297654436126,0.2417715498015871,0.7582284501984129,0.7800694083238721,0.0,nvml_total_energy_counter,nvml_total_energy_counter,0.9404624615679912,0.9264885644718324,-14.577688182704719,-13.48048952112012,8,8,,,,,,,,,,,,,,,,,,,,,,,,,,,,,,,,,,,,,,,,,
pair,launch_shape_tensor_mma_f16acc_t064_b04,4,NVIDIA GeForce RTX 3090,ampere,ga102,82,tensor_mma_f16acc,tensor_baseline_mov,64,256.0,4,8,strict_nvml_counter,structural_baseline,True,False,True,True,True,True,True,True,True,fp16-energy-bench-v2,fp16-energy-bench-v2,True,logical_m16n16k16_input_bits_8192,True,bench_json_metadata,True,True,False,False,False,False,missing NCU validation row,missing NCU validation row,missing NCU validation row for tensor activity,,,,,,,,,,,,,True,True,True,159.56293868793043,1.077734375,1.02931237793,162.47808,1005.6276466120277,98.20582486445582,99.0,20992000000.0,8192.0,8192.0,0.3077113643260741,43.0365248926839,228.948,52.91603525577071,0.23112687272118868,0.7688731272788113,0.7914611416045525,0.0,nvml_total_energy_counter,nvml_total_energy_counter,0.9325237449622222,0.9389727911583272,-16.566391710502756,-11.24642512561752,8,8,,,,,,,,,,,,,,,,,,,,,,,,,,,,,,,,,,,,,,,,,
pair,launch_shape_tensor_mma_f16acc_t064_b04,5,NVIDIA GeForce RTX 3090,ampere,ga102,82,tensor_mma_f16acc,tensor_baseline_mov,64,256.0,4,8,strict_nvml_counter,structural_baseline,True,False,True,True,True,True,True,True,True,fp16-energy-bench-v2,fp16-energy-bench-v2,True,logical_m16n16k16_input_bits_8192,True,bench_json_metadata,True,True,False,False,False,False,missing NCU validation row,missing NCU validation row,missing NCU validation row for tensor activity,,,,,,,,,,,,,True,True,True,158.78716783591796,1.08299975586,1.01949200439,161.84832,1004.6323611142828,98.10862901506667,49.0,20992000000.0,8192.0,8192.0,0.33562626467950485,47.06882649987597,239.074,57.716461962462546,0.2414167243717951,0.7585832756282049,0.780592885191134,15.0,nvml_total_energy_counter,nvml_total_energy_counter,0.9755239075788583,0.9713712514899339,-5.998415081404858,-5.177701009563009,10,7,,,,,,,,,,,,,,,,,,,,,,,,,,,,,,,,,,,,,,,,,
pair,launch_shape_tensor_mma_f16acc_t064_b04,6,NVIDIA GeForce RTX 3090,ampere,ga102,82,tensor_mma_f16acc,tensor_baseline_mov,64,256.0,4,8,strict_nvml_counter,structural_baseline,True,False,True,True,True,True,True,True,True,fp16-energy-bench-v2,fp16-energy-bench-v2,True,logical_m16n16k16_input_bits_8192,True,bench_json_metadata,True,True,False,False,False,False,missing NCU validation row,missing NCU validation row,missing NCU validation row for tensor activity,,,,,,,,,,,,,True,True,True,158.848132884484,1.0825841064500001,1.01924139404,161.69088,1005.9966775721155,98.2418630441519,100.0,20992000000.0,8192.0,8192.0,0.269978358892419,36.46389686913551,236.163,46.427223735252255,0.19658974409730676,0.8034102559026932,0.8277777539751894,15.0,nvml_total_energy_counter,nvml_total_energy_counter,0.9587140943717687,1.0118575475321212,-10.170084478907285,2.158811059167931,8,8,,,,,,,,,,,,,,,,,,,,,,,,,,,,,,,,,,,,,,,,,
pair,launch_shape_tensor_mma_f16acc_t064_b04,7,NVIDIA GeForce RTX 3090,ampere,ga102,82,tensor_mma_f16acc,tensor_baseline_mov,64,256.0,4,8,strict_nvml_counter,structural_baseline,True,False,True,True,True,True,True,True,True,fp16-energy-bench-v2,fp16-energy-bench-v2,True,logical_m16n16k16_input_bits_8192,True,bench_json_metadata,True,True,False,False,False,False,missing NCU validation row,missing NCU validation row,missing NCU validation row for tensor activity,,,,,,,,,,,,,True,True,True,158.70927949701496,1.08353125,1.02443933105,161.49845333333332,1006.3149141713762,98.27294083704847,99.0,20992000000.0,8192.0,8192.0,0.30465100999048755,42.1771837391895,236.595,52.389756942092816,0.2214322235976788,0.7785677764023212,0.8012214204027178,15.0,nvml_total_energy_counter,nvml_total_energy_counter,0.94700288341357,0.9855310196698529,-13.240564541439227,-2.631744668889297,9,7,,,,,,,,,,,,,,,,,,,,,,,,,,,,,,,,,,,,,,,,,
pair,launch_shape_tensor_mma_f16acc_t064_b04,8,NVIDIA GeForce RTX 3090,ampere,ga102,82,tensor_mma_f16acc,tensor_baseline_mov,64,256.0,4,8,strict_nvml_counter,structural_baseline,True,False,True,True,True,True,True,True,True,fp16-energy-bench-v2,fp16-energy-bench-v2,True,logical_m16n16k16_input_bits_8192,True,bench_json_metadata,True,True,False,False,False,False,missing NCU validation row,missing NCU validation row,missing NCU validation row for tensor activity,,,,,,,,,,,,,True,True,True,158.19454014716513,1.08705688477,1.0241464843799999,161.39849142857145,1003.6723867545439,98.01488151899842,89.0,20992000000.0,8192.0,8192.0,0.33084088626486197,46.16814244259095,235.291,56.89353735759448,0.24180073762955015,0.7581992623704499,0.7804430391585009,15.0,nvml_total_energy_counter,nvml_total_energy_counter,0.9335089641888012,0.9351572369335858,-16.75907024700905,-11.993062113310373,7,8,,,,,,,,,,,,,,,,,,,,,,,,,,,,,,,,,,,,,,,,,
pair,launch_shape_tensor_mma_f16acc_t064_b04,9,NVIDIA GeForce RTX 3090,ampere,ga102,82,tensor_mma_f16acc,tensor_baseline_mov,64,256.0,4,8,strict_nvml_counter,structural_baseline,True,False,True,True,True,True,True,True,True,fp16-energy-bench-v2,fp16-energy-bench-v2,True,logical_m16n16k16_input_bits_8192,True,bench_json_metadata,True,True,False,False,False,False,missing NCU validation row,missing NCU validation row,missing NCU validation row for tensor activity,,,,,,,,,,,,,True,True,True,158.64361503861878,1.0839797363299999,1.02786828613,161.49845333333332,1005.8985609245814,98.23228134029114,99.0,20992000000.0,8192.0,8192.0,0.3918446777373228,55.82984032199235,240.275,67.38414366770692,0.2804459209976357,0.7195540790023642,0.7407197447952382,15.0,nvml_total_energy_counter,nvml_total_energy_counter,0.9562917579556909,0.9095694496863206,-10.982001852287198,-16.77893014052046,9,8,,,,,,,,,,,,,,,,,,,,,,,,,,,,,,,,,,,,,,,,,
pair,launch_shape_tensor_mma_f16acc_t064_b08,0,NVIDIA GeForce RTX 3090,ampere,ga102,82,tensor_mma_f16acc,tensor_baseline_mov,64,512.0,8,8,strict_nvml_counter,structural_baseline,True,False,True,True,True,True,False,True,True,fp16-energy-bench-v2,fp16-energy-bench-v2,True,logical_m16n16k16_input_bits_8192,True,bench_json_metadata,True,True,False,False,False,False,missing NCU validation row,missing NCU validation row,missing NCU validation row for tensor activity,,,,,,,,,,,,,True,False,True,160.74421421445962,1.06981433105,1.02279064941,162.47808,1013.072504030123,98.9328617216917,nan,20992000000.0,8192.0,8192.0,0.2004406297731618,729.9082413494632,231.03,34.46906634402376,0.1491973611393488,0.8508026388606512,0.20110032491593852,0.0,nvml_total_energy_counter,nvml_total_energy_counter,3.9995168406656503,0.961163545862643,173.2655226383922,-7.809688123200374,3,8,,"test NVML-counter/power-trace ratio 4 outside [0.5, 1.5]; SM utilization samples missing or sparse",,,,,,,,,,,,,,,,,,,,,,,,,,,,,,,,,,,,,,,
pair,launch_shape_tensor_mma_f16acc_t064_b08,1,NVIDIA GeForce RTX 3090,ampere,ga102,82,tensor_mma_f16acc,tensor_baseline_mov,64,512.0,8,8,strict_nvml_counter,structural_baseline,True,False,True,True,True,True,True,True,True,fp16-energy-bench-v2,fp16-energy-bench-v2,True,logical_m16n16k16_input_bits_8192,True,bench_json_metadata,True,True,False,False,False,False,missing NCU validation row,missing NCU validation row,missing NCU validation row for tensor activity,,,,,,,,,,,,,True,True,True,159.52161643228357,1.0780135497999999,1.03158459473,162.47808,1005.3672176988944,98.18039235340764,100.0,20992000000.0,8192.0,8192.0,0.07184307447674086,4.193384053085083,233.171,12.354599480653775,0.052985146011527054,0.947014853988473,0.9799388190738916,0.0,nvml_total_energy_counter,nvml_total_energy_counter,0.8995685570442219,1.045611394936753,-26.032145968270584,9.526247809374155,9,8,,,,,,,,,,,,,,,,,,,,,,,,,,,,,,,,,,,,,,,,,
pair,launch_shape_tensor_mma_f16acc_t064_b08,2,NVIDIA GeForce RTX 3090,ampere,ga102,82,tensor_mma_f16acc,tensor_baseline_mov,64,512.0,8,8,strict_nvml_counter,structural_baseline,True,False,True,True,True,True,True,True,True,fp16-energy-bench-v2,fp16-energy-bench-v2,True,logical_m16n16k16_input_bits_8192,True,bench_json_metadata,True,True,False,False,False,False,missing NCU validation row,missing NCU validation row,missing NCU validation row for tensor activity,,,,,,,,,,,,,True,True,True,159.53312380255622,1.0779357910199998,1.03202185059,162.47808,1005.4397416181774,98.18747476740015,100.0,20992000000.0,8192.0,8192.0,0.18670098160244436,26.650791188862797,236.213,32.10630763150141,0.1359210019410507,0.8640789980589493,0.8766169211165656,0.0,nvml_total_energy_counter,nvml_total_energy_counter,0.9235280875221458,0.9567722395149224,-19.559404966877338,-8.952083767705517,9,8,,,,,,,,,,,,,,,,,,,,,,,,,,,,,,,,,,,,,,,,,
pair,launch_shape_tensor_mma_f16acc_t064_b08,3,NVIDIA GeForce RTX 3090,ampere,ga102,82,tensor_mma_f16acc,tensor_baseline_mov,64,512.0,8,8,strict_nvml_counter,structural_baseline,True,False,True,True,True,True,True,True,True,fp16-energy-bench-v2,fp16-energy-bench-v2,True,logical_m16n16k16_input_bits_8192,True,bench_json_metadata,True,True,False,False,False,False,missing NCU validation row,missing NCU validation row,missing NCU validation row for tensor activity,,,,,,,,,,,,,True,True,True,159.50843106143108,1.07810266113,1.0316298828100001,162.47808,1005.2841183678773,98.17227718436301,100.0,20992000000.0,8192.0,8192.0,0.10589827681520134,10.610173916740422,239.509,18.210952207603356,0.07603452149022942,0.9239654785097706,0.9508506965926469,0.0,nvml_total_energy_counter,nvml_total_energy_counter,0.9154903653935944,1.031489677702133,-22.109263887494336,6.650204136682021,9,8,,,,,,,,,,,,,,,,,,,,,,,,,,,,,,,,,,,,,,,,,
pair,launch_shape_tensor_mma_f16acc_t064_b08,4,NVIDIA GeForce RTX 3090,ampere,ga102,82,tensor_mma_f16acc,tensor_baseline_mov,64,512.0,8,8,strict_nvml_counter,structural_baseline,True,False,True,True,True,True,True,True,True,fp16-energy-bench-v2,fp16-energy-bench-v2,True,logical_m16n16k16_input_bits_8192,True,bench_json_metadata,True,True,False,False,False,False,missing NCU validation row,missing NCU validation row,missing NCU validation row for tensor activity,,,,,,,,,,,,,True,True,True,159.18360470671985,1.0803026123,1.0296166992200002,162.00576,1006.1618254788048,98.25799076941452,100.0,20992000000.0,8192.0,8192.0,0.07983790114613204,6.502538848165614,236.266,13.729441553281873,0.058110102821742754,0.9418898971782572,0.9693994123623866,15.0,nvml_total_energy_counter,nvml_total_energy_counter,0.8985522871184767,1.0342431344673118,-26.674736323391784,7.227542831234672,8,8,,,,,,,,,,,,,,,,,,,,,,,,,,,,,,,,,,,,,,,,,
pair,launch_shape_tensor_mma_f16acc_t064_b08,5,NVIDIA GeForce RTX 3090,ampere,ga102,82,tensor_mma_f16acc,tensor_baseline_mov,64,512.0,8,8,strict_nvml_counter,structural_baseline,True,False,True,True,True,True,True,True,True,fp16-energy-bench-v2,fp16-energy-bench-v2,True,logical_m16n16k16_input_bits_8192,True,bench_json_metadata,True,True,False,False,False,False,missing NCU validation row,missing NCU validation row,missing NCU validation row for tensor activity,,,,,,,,,,,,,True,True,True,158.3793807405359,1.08578820801,1.0379884033200002,161.21856,1005.9665951507616,98.23892530769156,100.0,20992000000.0,8192.0,8192.0,0.18491146265497765,23.093287423429928,237.967,31.798570385844556,0.13362596656613965,0.8663740334338603,0.8915667260607559,0.0,nvml_total_energy_counter,nvml_total_energy_counter,0.9043171856169184,0.9578897404902982,-25.178502247268142,-8.915653784696815,9,8,,,,,,,,,,,,,,,,,,,,,,,,,,,,,,,,,,,,,,,,,
pair,launch_shape_tensor_mma_f16acc_t064_b08,6,NVIDIA GeForce RTX 3090,ampere,ga102,82,tensor_mma_f16acc,tensor_baseline_mov,64,512.0,8,8,strict_nvml_counter,structural_baseline,True,False,True,True,True,True,True,True,True,fp16-energy-bench-v2,fp16-energy-bench-v2,True,logical_m16n16k16_input_bits_8192,True,bench_json_metadata,True,True,False,False,False,False,missing NCU validation row,missing NCU validation row,missing NCU validation row for tensor activity,,,,,,,,,,,,,True,True,True,158.36565359282847,1.0858823242200002,1.03105847168,161.21856,1005.879405442254,98.23041068772011,100.0,20992000000.0,8192.0,8192.0,0.16424677956097375,19.855844063299145,235.543,28.244937904488125,0.11991414690518556,0.8800858530948145,0.9057887438205453,0.0,nvml_total_energy_counter,nvml_total_energy_counter,0.8940423815084282,1.0175757936164878,-27.91542755529315,3.4990409999446683,9,8,,,,,,,,,,,,,,,,,,,,,,,,,,,,,,,,,,,,,,,,,
pair,launch_shape_tensor_mma_f16acc_t064_b08,7,NVIDIA GeForce RTX 3090,ampere,ga102,82,tensor_mma_f16acc,tensor_baseline_mov,64,512.0,8,8,strict_nvml_counter,structural_baseline,True,False,True,True,True,True,True,True,True,fp16-energy-bench-v2,fp16-energy-bench-v2,True,logical_m16n16k16_input_bits_8192,True,bench_json_metadata,True,True,False,False,False,False,missing NCU validation row,missing NCU validation row,missing NCU validation row for tensor activity,,,,,,,,,,,,,True,True,True,158.2206225100469,1.08687768555,1.0308615722699999,161.21856,1004.9582222436923,98.14045139098556,100.0,20992000000.0,8192.0,8192.0,0.15406625240337218,16.452853430148508,232.433,26.494228647539416,0.11398651933047121,0.8860134806695288,0.9201047336522523,0.0,nvml_total_energy_counter,nvml_total_energy_counter,0.8742431114434746,1.0126462321583798,-33.434693960123695,2.5100613219994727,9,8,,,,,,,,,,,,,,,,,,,,,,,,,,,,,,,,,,,,,,,,,
pair,launch_shape_tensor_mma_f16acc_t064_b08,8,NVIDIA GeForce RTX 3090,ampere,ga102,82,tensor_mma_f16acc,tensor_baseline_mov,64,512.0,8,8,strict_nvml_counter,structural_baseline,True,False,True,True,True,True,True,True,True,fp16-energy-bench-v2,fp16-energy-bench-v2,True,logical_m16n16k16_input_bits_8192,True,bench_json_metadata,True,True,False,False,False,False,missing NCU validation row,missing NCU validation row,missing NCU validation row for tensor activity,,,,,,,,,,,,,True,True,True,158.18604924442565,1.08711523438,1.03048095703,161.21856,1004.7386257903053,98.11900642483448,100.0,20992000000.0,8192.0,8192.0,0.06111447454351741,3.7198494980819703,235.893,10.509640086466703,0.04455257293123027,0.9554474270687697,0.9823739124491135,0.0,nvml_total_energy_counter,nvml_total_energy_counter,0.89470267092847,1.099683058218025,-27.762186985419504,19.930936080934487,9,8,,incremental energy fraction 0.04455 < warning threshold 0.05,,,,,,,,,,,,,,,,,,,,,,,,,,,,,,,,,,,,,,,
pair,launch_shape_tensor_mma_f16acc_t064_b08,9,NVIDIA GeForce RTX 3090,ampere,ga102,82,tensor_mma_f16acc,tensor_baseline_mov,64,512.0,8,8,strict_nvml_counter,structural_baseline,True,False,True,True,True,True,False,True,True,fp16-energy-bench-v2,fp16-energy-bench-v2,True,logical_m16n16k16_input_bits_8192,True,bench_json_metadata,True,True,False,False,False,False,missing NCU validation row,missing NCU validation row,missing NCU validation row for tensor activity,,,,,,,,,,,,,True,False,True,158.386414378613,1.08573999023,1.0438000488299999,161.21856,1006.011270189361,98.2432881044298,nan,20992000000.0,8192.0,8192.0,0.053661236065363355,906.8332461944633,234.302,9.227933020029809,0.039384781265331965,0.960615218734668,0.1860640330995233,0.0,nvml_total_energy_counter,nvml_total_energy_counter,4.746665578071209,1.0369534198884713,184.94061227501774,7.937502129790886,4,8,,"incremental energy fraction 0.03938 < warning threshold 0.05; test NVML-counter/power-trace ratio 4.747 outside [0.5, 1.5]; SM utilization samples missing or sparse",,,,,,,,,,,,,,,,,,,,,,,,,,,,,,,,,,,,,,,
pair,launch_shape_tensor_mma_f16acc_t128_b01,0,NVIDIA GeForce RTX 3090,ampere,ga102,82,tensor_mma_f16acc,tensor_baseline_mov,128,128.0,1,8,strict_nvml_counter,structural_baseline,True,False,True,True,True,True,True,True,True,fp16-energy-bench-v2,fp16-energy-bench-v2,True,logical_m16n16k16_input_bits_8192,True,bench_json_metadata,True,True,False,False,False,False,missing NCU validation row,missing NCU validation row,missing NCU validation row for tensor activity,,,,,,,,,,,,,True,True,True,154.92322601242574,1.11001086426,1.03001086426,162.47808,976.3863743141472,95.35023186661594,100.0,20992000000.0,8192.0,8192.0,0.4703028746441885,66.78038020687873,242.936,80.87632236159635,0.3329120523989707,0.6670879476010293,0.6861509516458983,0.0,nvml_total_energy_counter,nvml_total_energy_counter,1.0700580531528145,0.9218646080071826,15.905326959210868,-13.105280542276006,9,8,,,,,,,,,,,,,,,,,,,,,,,,,,,,,,,,,,,,,,,,,
pair,launch_shape_tensor_mma_f16acc_t128_b01,1,NVIDIA GeForce RTX 3090,ampere,ga102,82,tensor_mma_f16acc,tensor_baseline_mov,128,128.0,1,8,strict_nvml_counter,structural_baseline,True,False,True,True,True,True,True,True,True,fp16-energy-bench-v2,fp16-energy-bench-v2,True,logical_m16n16k16_input_bits_8192,True,bench_json_metadata,True,True,False,False,False,False,missing NCU validation row,missing NCU validation row,missing NCU validation row for tensor activity,,,,,,,,,,,,,True,True,True,153.85534925855953,1.11771520996,1.03811486816,162.47808,969.656200028736,94.69298828405624,100.0,20992000000.0,8192.0,8192.0,0.4309349144958892,58.924981871705285,244.909,74.1063534600004,0.30258730165081893,0.6974126983491811,0.7217094705184444,0.0,nvml_total_energy_counter,nvml_total_energy_counter,1.0540071550924452,0.9388026368589988,12.549097302262226,-10.699208984611545,9,8,,,,,,,,,,,,,,,,,,,,,,,,,,,,,,,,,,,,,,,,,
pair,launch_shape_tensor_mma_f16acc_t128_b01,2,NVIDIA GeForce RTX 3090,ampere,ga102,82,tensor_mma_f16acc,tensor_baseline_mov,128,128.0,1,8,strict_nvml_counter,structural_baseline,True,False,True,True,True,True,True,True,True,fp16-energy-bench-v2,fp16-energy-bench-v2,True,logical_m16n16k16_input_bits_8192,True,bench_json_metadata,True,True,False,False,False,False,missing NCU validation row,missing NCU validation row,missing NCU validation row for tensor activity,,,,,,,,,,,,,True,True,True,153.82519346118522,1.11793432617,1.03807080078,162.47808,969.4661464749809,94.67442836669736,100.0,20992000000.0,8192.0,8192.0,0.3714622017624472,50.535970132263486,234.102,63.87904134674261,0.2728684135408609,0.7271315864591391,0.7508107745425733,0.0,nvml_total_energy_counter,nvml_total_energy_counter,0.9889719146649381,0.9291533436423131,-2.6104854898567567,-12.402218609779538,9,8,,,,,,,,,,,,,,,,,,,,,,,,,,,,,,,,,,,,,,,,,
pair,launch_shape_tensor_mma_f16acc_t128_b01,3,NVIDIA GeForce RTX 3090,ampere,ga102,82,tensor_mma_f16acc,tensor_baseline_mov,128,128.0,1,8,strict_nvml_counter,structural_baseline,True,False,True,True,True,True,True,True,True,fp16-energy-bench-v2,fp16-energy-bench-v2,True,logical_m16n16k16_input_bits_8192,True,bench_json_metadata,True,True,False,False,False,False,missing NCU validation row,missing NCU validation row,missing NCU validation row for tensor activity,,,,,,,,,,,,,True,True,True,153.93527307526054,1.1171348877,1.0389329834,162.47808,970.159910980403,94.74217880667997,50.0,20992000000.0,8192.0,8192.0,0.34242866962436214,46.930707410840625,229.861,58.886247487525765,0.2561819860155736,0.7438180139844264,0.7653209449695633,0.0,nvml_total_energy_counter,nvml_total_energy_counter,0.9231606948619965,0.9313293139782471,-19.13248648542927,-12.062817516699738,13,8,,,,,,,,,,,,,,,,,,,,,,,,,,,,,,,,,,,,,,,,,
pair,launch_shape_tensor_mma_f16acc_t128_b01,4,NVIDIA GeForce RTX 3090,ampere,ga102,82,tensor_mma_f16acc,tensor_baseline_mov,128,128.0,1,8,strict_nvml_counter,structural_baseline,True,False,True,True,True,True,True,True,True,fp16-energy-bench-v2,fp16-energy-bench-v2,True,logical_m16n16k16_input_bits_8192,True,bench_json_metadata,True,True,False,False,False,False,missing NCU validation row,missing NCU validation row,missing NCU validation row for tensor activity,,,,,,,,,,,,,True,True,True,154.0092521580133,1.1165982666,1.03727612305,162.47808,970.6261559085732,94.7877105379466,100.0,20992000000.0,8192.0,8192.0,0.35936240909395406,49.445181785649964,232.253,61.79828278640872,0.26608174183501926,0.7339182581649808,0.7553436529768841,0.0,nvml_total_energy_counter,nvml_total_energy_counter,0.9818008468172782,0.9190375660247113,-4.305158156920328,-14.357514918024378,9,8,,,,,,,,,,,,,,,,,,,,,,,,,,,,,,,,,,,,,,,,,
pair,launch_shape_tensor_mma_f16acc_t128_b01,5,NVIDIA GeForce RTX 3090,ampere,ga102,82,tensor_mma_f16acc,tensor_baseline_mov,128,128.0,1,8,strict_nvml_counter,structural_baseline,True,False,True,True,True,True,True,True,True,fp16-energy-bench-v2,fp16-energy-bench-v2,True,logical_m16n16k16_input_bits_8192,True,bench_json_metadata,True,True,False,False,False,False,missing NCU validation row,missing NCU validation row,missing NCU validation row for tensor activity,,,,,,,,,,,,,True,True,True,153.62424989420512,1.11939660645,1.03627368164,162.05824,970.7080114634471,94.79570424447724,100.0,20992000000.0,8192.0,8192.0,0.3259242927858038,44.28003035396591,230.788,56.04804816207539,0.24285512315231028,0.7571448768476897,0.7790218540644579,15.0,nvml_total_energy_counter,nvml_total_energy_counter,0.9713206169866018,0.9420003245328903,-6.814286993547313,-10.248329783683005,9,8,,,,,,,,,,,,,,,,,,,,,,,,,,,,,,,,,,,,,,,,,
pair,launch_shape_tensor_mma_f16acc_t128_b01,6,NVIDIA GeForce RTX 3090,ampere,ga102,82,tensor_mma_f16acc,tensor_baseline_mov,128,128.0,1,8,strict_nvml_counter,structural_baseline,False,False,False,False,False,True,False,True,True,fp16-energy-bench-v2,fp16-energy-bench-v2,True,logical_m16n16k16_input_bits_8192,True,bench_json_metadata,False,False,False,False,False,False,missing NCU validation row,missing NCU validation row,missing NCU validation row for tensor activity,,,,,,,,,,,,,True,True,True,153.71226893430713,1.11875561523,1.03739367676,162.05824,971.2641787836922,94.85001745934494,100.0,20992000000.0,8192.0,8192.0,-5.872940099014467,-908.3336692344238,232.965,-1009.9487421113278,-4.335195167133809,5.335195167133809,5.482386431654974,15.0,nvml_total_energy_counter,nvml_total_energy_counter,0.9724801178886636,5.426298274185399,-6.592596823456574,133.2311065280512,9,3,nonpositive incremental power/energy; expected or invalid L2/global traffic; not a pure FP16 candidate; incremental energy fraction is missing or nonpositive; baseline energy fraction 5.335 > 0.99; incremental energy is below 0.1 J or missing,"baseline NVML-counter/power-trace ratio 5.426 outside [0.5, 1.5]",,,,,,,,,,,,,,,,,,,,,,,,,,,,,,,,,,,,,,,
pair,launch_shape_tensor_mma_f16acc_t128_b01,7,NVIDIA GeForce RTX 3090,ampere,ga102,82,tensor_mma_f16acc,tensor_baseline_mov,128,128.0,1,8,strict_nvml_counter,structural_baseline,True,False,True,True,True,True,True,True,True,fp16-energy-bench-v2,fp16-energy-bench-v2,True,logical_m16n16k16_input_bits_8192,True,bench_json_metadata,True,True,False,False,False,False,missing NCU validation row,missing NCU validation row,missing NCU validation row for tensor activity,,,,,,,,,,,,,True,True,True,153.6396807177497,1.11928417969,1.03727612305,162.05824,970.8055144556408,94.80522602105866,100.0,20992000000.0,8192.0,8192.0,0.38008739036249595,50.64033598250953,234.872,65.3622845316261,0.27828895965302847,0.7217110403469715,0.7494108230072802,15.0,nvml_total_energy_counter,nvml_total_energy_counter,0.9780560485414648,0.9124006982535569,-5.26965686133741,-15.659851354022578,9,8,,,,,,,,,,,,,,,,,,,,,,,,,,,,,,,,,,,,,,,,,
pair,launch_shape_tensor_mma_f16acc_t128_b01,8,NVIDIA GeForce RTX 3090,ampere,ga102,82,tensor_mma_f16acc,tensor_baseline_mov,128,128.0,1,8,strict_nvml_counter,structural_baseline,True,False,True,True,True,True,True,True,True,fp16-energy-bench-v2,fp16-energy-bench-v2,True,logical_m16n16k16_input_bits_8192,True,bench_json_metadata,True,True,False,False,False,False,missing NCU validation row,missing NCU validation row,missing NCU validation row for tensor activity,,,,,,,,,,,,,True,True,True,153.6124066203226,1.1194829101600001,1.0363903808600001,162.05824,970.633177178836,94.7883962088707,100.0,20992000000.0,8192.0,8192.0,0.3280003370552273,44.83066001334211,230.437,56.405058154195615,0.24477431208614767,0.7552256879138524,0.7761691228369669,15.0,nvml_total_energy_counter,nvml_total_energy_counter,0.9673298410777884,0.9334132086861369,-7.782674628510989,-11.807966657071347,9,8,,,,,,,,,,,,,,,,,,,,,,,,,,,,,,,,,,,,,,,,,
pair,launch_shape_tensor_mma_f16acc_t128_b01,9,NVIDIA GeForce RTX 3090,ampere,ga102,82,tensor_mma_f16acc,tensor_baseline_mov,128,128.0,1,8,strict_nvml_counter,structural_baseline,True,False,True,True,True,True,True,True,True,fp16-energy-bench-v2,fp16-energy-bench-v2,True,logical_m16n16k16_input_bits_8192,True,bench_json_metadata,True,True,False,False,False,False,missing NCU validation row,missing NCU validation row,missing NCU validation row for tensor activity,,,,,,,,,,,,,True,True,True,153.45621962239875,1.12062231445,1.04584094238,161.9182933333333,970.4843452730913,94.77386184307532,100.0,20992000000.0,8192.0,8192.0,0.37406691036328593,51.44766341149682,233.826,64.32696387457923,0.2751061211096253,0.7248938788903747,0.7461907047149362,15.0,nvml_total_energy_counter,nvml_total_energy_counter,0.9752093950468209,0.9141958061215585,-5.944044451605947,-15.281795157608002,9,8,,,,,,,,,,,,,,,,,,,,,,,,,,,,,,,,,,,,,,,,,
pair,launch_shape_tensor_mma_f16acc_t128_b02,0,NVIDIA GeForce RTX 3090,ampere,ga102,82,tensor_mma_f16acc,tensor_baseline_mov,128,256.0,2,8,strict_nvml_counter,structural_baseline,True,False,True,True,True,True,True,True,True,fp16-energy-bench-v2,fp16-energy-bench-v2,True,logical_m16n16k16_input_bits_8192,True,bench_json_metadata,True,True,False,False,False,False,missing NCU validation row,missing NCU validation row,missing NCU validation row for tensor activity,,,,,,,,,,,,,True,True,True,160.7584485487548,1.06971960449,1.00327313232,162.47808,1013.1622143363888,98.94162249378796,99.0,20992000000.0,8192.0,8192.0,0.31944848360555483,45.30462440774372,227.148,54.934426155809234,0.24184419918207176,0.7581558008179282,0.7803881477984546,0.0,nvml_total_energy_counter,nvml_total_energy_counter,0.9620279344219518,0.9760266767051489,-8.965725883110792,-4.07938176397289,9,7,,,,,,,,,,,,,,,,,,,,,,,,,,,,,,,,,,,,,,,,,
pair,launch_shape_tensor_mma_f16acc_t128_b02,1,NVIDIA GeForce RTX 3090,ampere,ga102,82,tensor_mma_f16acc,tensor_baseline_mov,128,256.0,2,8,strict_nvml_counter,structural_baseline,True,False,True,True,True,True,True,True,True,fp16-energy-bench-v2,fp16-energy-bench-v2,True,logical_m16n16k16_input_bits_8192,True,bench_json_metadata,True,True,False,False,False,False,missing NCU validation row,missing NCU validation row,missing NCU validation row for tensor activity,,,,,,,,,,,,,True,True,True,159.2953474759538,1.0795447998,0.98664831543,162.47808,1003.9411828067928,98.04113113347584,98.0,20992000000.0,8192.0,8192.0,0.3057585178429907,42.65477938449874,231.68,52.58021115134002,0.2269518782430077,0.7730481217569923,0.7954774612514849,0.0,nvml_total_energy_counter,nvml_total_energy_counter,0.9578521753284107,0.9704610043821164,-10.194483315304723,-5.125898923884421,9,7,,baseline elapsed_s 0.9866s < warning threshold 1s,,,,,,,,,,,,,,,,,,,,,,,,,,,,,,,,,,,,,,,
pair,launch_shape_tensor_mma_f16acc_t128_b02,2,NVIDIA GeForce RTX 3090,ampere,ga102,82,tensor_mma_f16acc,tensor_baseline_mov,128,256.0,2,8,strict_nvml_counter,structural_baseline,True,False,True,True,True,True,True,True,True,fp16-energy-bench-v2,fp16-energy-bench-v2,True,logical_m16n16k16_input_bits_8192,True,bench_json_metadata,True,True,False,False,False,False,missing NCU validation row,missing NCU validation row,missing NCU validation row for tensor activity,,,,,,,,,,,,,True,True,True,159.50263380079468,1.0781418457,0.993592346191,162.47808,1005.2475817785006,98.16870915805669,99.0,20992000000.0,8192.0,8192.0,0.1904925366175706,24.42877578557227,213.555,32.758327940514135,0.15339527494328925,0.8466047250567108,0.8728473357344186,0.0,nvml_total_energy_counter,nvml_total_energy_counter,0.8704815689223767,0.9746600986088271,-31.77472049525761,-4.4658497336428695,9,7,,baseline elapsed_s 0.9936s < warning threshold 1s,,,,,,,,,,,,,,,,,,,,,,,,,,,,,,,,,,,,,,,
pair,launch_shape_tensor_mma_f16acc_t128_b02,3,NVIDIA GeForce RTX 3090,ampere,ga102,82,tensor_mma_f16acc,tensor_baseline_mov,128,256.0,2,8,strict_nvml_counter,structural_baseline,True,False,True,True,True,True,True,True,True,fp16-energy-bench-v2,fp16-energy-bench-v2,True,logical_m16n16k16_input_bits_8192,True,bench_json_metadata,True,True,False,False,False,False,missing NCU validation row,missing NCU validation row,missing NCU validation row for tensor activity,,,,,,,,,,,,,True,True,True,159.29927428284918,1.07951818848,0.9962239990230001,162.47808,1003.9659310698254,98.04354795603763,98.0,20992000000.0,8192.0,8192.0,0.17364840938670562,22.14067769737983,209.676,29.861702941456173,0.14241831655247225,0.8575816834475277,0.882673350417633,0.0,nvml_total_energy_counter,nvml_total_energy_counter,0.8490557919180047,0.9653773729187967,-37.27596946521612,-6.123765166555842,9,7,,baseline elapsed_s 0.9962s < warning threshold 1s,,,,,,,,,,,,,,,,,,,,,,,,,,,,,,,,,,,,,,,
pair,launch_shape_tensor_mma_f16acc_t128_b02,4,NVIDIA GeForce RTX 3090,ampere,ga102,82,tensor_mma_f16acc,tensor_baseline_mov,128,256.0,2,8,strict_nvml_counter,structural_baseline,True,False,True,True,True,True,True,True,True,fp16-energy-bench-v2,fp16-energy-bench-v2,True,logical_m16n16k16_input_bits_8192,True,bench_json_metadata,True,True,False,False,False,False,missing NCU validation row,missing NCU validation row,missing NCU validation row for tensor activity,,,,,,,,,,,,,True,True,True,159.42312203851574,1.0786795654299999,0.987269104004,162.47808,1004.746467753928,98.11977224159452,100.0,20992000000.0,8192.0,8192.0,0.27429780937679366,37.56752719914519,233.249,47.17002436147325,0.20223033908601218,0.7977696609139878,0.8211698469363592,0.0,nvml_total_energy_counter,nvml_total_energy_counter,0.9455295628888382,0.9978516418299979,-13.437099678749092,-0.3773792625762553,9,7,,baseline elapsed_s 0.9873s < warning threshold 1s,,,,,,,,,,,,,,,,,,,,,,,,,,,,,,,,,,,,,,,
pair,launch_shape_tensor_mma_f16acc_t128_b02,5,NVIDIA GeForce RTX 3090,ampere,ga102,82,tensor_mma_f16acc,tensor_baseline_mov,128,256.0,2,8,strict_nvml_counter,structural_baseline,True,False,True,True,True,True,True,True,True,fp16-energy-bench-v2,fp16-energy-bench-v2,True,logical_m16n16k16_input_bits_8192,True,bench_json_metadata,True,True,False,False,False,False,missing NCU validation row,missing NCU validation row,missing NCU validation row for tensor activity,,,,,,,,,,,,,True,True,True,158.729236243492,1.08339501953,0.990129150391,161.69088,1005.2436965729657,98.1683297434537,100.0,20992000000.0,8192.0,8192.0,0.32146225141168394,44.81978565794614,237.053,55.2807266847463,0.23319986114812424,0.7668001388518757,0.7891825924392316,15.0,nvml_total_energy_counter,nvml_total_energy_counter,0.9644308684624139,0.9744212064430676,-8.7427410445936,-4.486849053164235,8,7,,baseline elapsed_s 0.9901s < warning threshold 1s,,,,,,,,,,,,,,,,,,,,,,,,,,,,,,,,,,,,,,,
pair,launch_shape_tensor_mma_f16acc_t128_b02,6,NVIDIA GeForce RTX 3090,ampere,ga102,82,tensor_mma_f16acc,tensor_baseline_mov,128,256.0,2,8,strict_nvml_counter,structural_baseline,True,False,True,True,True,True,True,True,True,fp16-energy-bench-v2,fp16-energy-bench-v2,True,logical_m16n16k16_input_bits_8192,True,bench_json_metadata,True,True,False,False,False,False,missing NCU validation row,missing NCU validation row,missing NCU validation row for tensor activity,,,,,,,,,,,,,True,True,True,158.4142345266331,1.08554931641,0.995700561523,161.6384,1003.5744981098073,98.00532208103589,99.0,20992000000.0,8192.0,8192.0,0.3348710960971556,47.16144424377083,236.656,57.58659829163204,0.24333462194760344,0.7566653780523965,0.7776650038390455,15.0,nvml_total_energy_counter,nvml_total_energy_counter,0.9485934596600337,0.9598324159478072,-12.824952656805266,-7.063740401210254,9,7,,baseline elapsed_s 0.9957s < warning threshold 1s,,,,,,,,,,,,,,,,,,,,,,,,,,,,,,,,,,,,,,,
pair,launch_shape_tensor_mma_f16acc_t128_b02,7,NVIDIA GeForce RTX 3090,ampere,ga102,82,tensor_mma_f16acc,tensor_baseline_mov,128,256.0,2,8,strict_nvml_counter,structural_baseline,True,False,True,True,True,True,True,True,True,fp16-energy-bench-v2,fp16-energy-bench-v2,True,logical_m16n16k16_input_bits_8192,True,bench_json_metadata,True,True,False,False,False,False,missing NCU validation row,missing NCU validation row,missing NCU validation row for tensor activity,,,,,,,,,,,,,True,True,True,158.68108752404507,1.0837237548799998,0.98881640625,161.53344,1005.9182397441801,98.2342031000176,99.0,20992000000.0,8192.0,8192.0,0.19387160286423188,25.21813224048418,215.96,33.33941401457423,0.15437772742440373,0.8456222725755963,0.8698286296422227,15.0,nvml_total_energy_counter,nvml_total_energy_counter,0.8726505748245158,0.9686353337924802,-31.515915595916624,-5.548746512900266,8,7,,baseline elapsed_s 0.9888s < warning threshold 1s,,,,,,,,,,,,,,,,,,,,,,,,,,,,,,,,,,,,,,,
pair,launch_shape_tensor_mma_f16acc_t128_b02,8,NVIDIA GeForce RTX 3090,ampere,ga102,82,tensor_mma_f16acc,tensor_baseline_mov,128,256.0,2,8,strict_nvml_counter,structural_baseline,True,False,True,True,True,True,True,True,True,fp16-energy-bench-v2,fp16-energy-bench-v2,True,logical_m16n16k16_input_bits_8192,True,bench_json_metadata,True,True,False,False,False,False,missing NCU validation row,missing NCU validation row,missing NCU validation row for tensor activity,,,,,,,,,,,,,True,True,True,158.54957402823004,1.0846226806600001,0.993753112793,161.49845333333332,1005.3022828014756,98.17405105483161,100.0,20992000000.0,8192.0,8192.0,0.39846467635239385,57.02044850001087,236.535,68.52256142122559,0.28969311696461664,0.7103068830353834,0.7309397887753678,15.0,nvml_total_energy_counter,nvml_total_energy_counter,0.9489636282900354,0.8956429300141093,-12.721128421085155,-18.428346825423432,9,7,,baseline elapsed_s 0.9938s < warning threshold 1s,,,,,,,,,,,,,,,,,,,,,,,,,,,,,,,,,,,,,,,
pair,launch_shape_tensor_mma_f16acc_t128_b02,9,NVIDIA GeForce RTX 3090,ampere,ga102,82,tensor_mma_f16acc,tensor_baseline_mov,128,256.0,2,8,strict_nvml_counter,structural_baseline,True,False,True,True,True,True,True,True,True,fp16-energy-bench-v2,fp16-energy-bench-v2,True,logical_m16n16k16_input_bits_8192,True,bench_json_metadata,True,True,False,False,False,False,missing NCU validation row,missing NCU validation row,missing NCU validation row for tensor activity,,,,,,,,,,,,,True,True,True,158.71378542061177,1.08350048828,0.99280279541,161.53344,1006.1255197110052,98.25444528427782,100.0,20992000000.0,8192.0,8192.0,0.42452356293740173,61.065495968881436,239.148,73.00381600302643,0.3052662619090539,0.6947337380909461,0.7151871592974955,15.0,nvml_total_energy_counter,nvml_total_energy_counter,0.9648900344329457,0.8854559512086874,-8.70200514648738,-20.27097160632036,8,7,,baseline elapsed_s 0.9928s < warning threshold 1s,,,,,,,,,,,,,,,,,,,,,,,,,,,,,,,,,,,,,,,
pair,launch_shape_tensor_mma_f16acc_t128_b04,0,NVIDIA GeForce RTX 3090,ampere,ga102,82,tensor_mma_f16acc,tensor_baseline_mov,128,512.0,4,8,strict_nvml_counter,structural_baseline,True,False,True,True,True,True,True,True,True,fp16-energy-bench-v2,fp16-energy-bench-v2,True,logical_m16n16k16_input_bits_8192,True,bench_json_metadata,True,True,False,False,False,False,missing NCU validation row,missing NCU validation row,missing NCU validation row for tensor activity,,,,,,,,,,,,,True,True,True,160.71743995202422,1.0699925537100001,1.02142156982,162.47808,1012.9037622236353,98.91638302965188,100.0,20992000000.0,8192.0,8192.0,0.22988383528569312,30.726838168581054,233.814,39.53231028483907,0.1690758906003878,0.8309241093996123,0.8552667413026462,0.0,nvml_total_energy_counter,nvml_total_energy_counter,0.9283836726762762,0.9452202030775434,-18.036616163873475,-11.0608547381851,9,8,,,,,,,,,,,,,,,,,,,,,,,,,,,,,,,,,,,,,,,,,
pair,launch_shape_tensor_mma_f16acc_t128_b04,1,NVIDIA GeForce RTX 3090,ampere,ga102,82,tensor_mma_f16acc,tensor_baseline_mov,128,512.0,4,8,strict_nvml_counter,structural_baseline,True,False,True,True,True,True,True,True,True,fp16-energy-bench-v2,fp16-energy-bench-v2,True,logical_m16n16k16_input_bits_8192,True,bench_json_metadata,True,True,False,False,False,False,missing NCU validation row,missing NCU validation row,missing NCU validation row for tensor activity,,,,,,,,,,,,,True,True,True,159.31831664356258,1.07938916016,1.02480895996,162.47808,1004.0859434270031,98.05526791279327,100.0,20992000000.0,8192.0,8192.0,0.15855579715294263,19.678977236044204,231.105,27.266279783092813,0.11798221493733504,0.8820177850626649,0.9056278870169407,0.0,nvml_total_energy_counter,nvml_total_energy_counter,0.9361456389380182,0.9709495721943555,-15.763639223881881,-5.958070488079727,13,8,,,,,,,,,,,,,,,,,,,,,,,,,,,,,,,,,,,,,,,,,
pair,launch_shape_tensor_mma_f16acc_t128_b04,2,NVIDIA GeForce RTX 3090,ampere,ga102,82,tensor_mma_f16acc,tensor_baseline_mov,128,512.0,4,8,strict_nvml_counter,structural_baseline,True,False,True,True,True,True,True,True,True,fp16-energy-bench-v2,fp16-energy-bench-v2,True,logical_m16n16k16_input_bits_8192,True,bench_json_metadata,True,True,False,False,False,False,missing NCU validation row,missing NCU validation row,missing NCU validation row for tensor activity,,,,,,,,,,,,,True,True,True,159.35353087815338,1.07915063477,1.02608996582,162.47808,1004.3078772178318,98.07694113455389,100.0,20992000000.0,8192.0,8192.0,0.10147008159605243,7.768646347176826,236.873,17.449451133864613,0.07366585104197022,0.9263341489580298,0.963198951832663,0.0,nvml_total_energy_counter,nvml_total_energy_counter,0.897310235140046,1.025957687936399,-27.108163619548463,5.46788608989371,8,8,,,,,,,,,,,,,,,,,,,,,,,,,,,,,,,,,,,,,,,,,
pair,launch_shape_tensor_mma_f16acc_t128_b04,3,NVIDIA GeForce RTX 3090,ampere,ga102,82,tensor_mma_f16acc,tensor_baseline_mov,128,512.0,4,8,strict_nvml_counter,structural_baseline,True,False,True,True,True,True,True,True,True,fp16-energy-bench-v2,fp16-energy-bench-v2,True,logical_m16n16k16_input_bits_8192,True,bench_json_metadata,True,True,False,False,False,False,missing NCU validation row,missing NCU validation row,missing NCU validation row for tensor activity,,,,,,,,,,,,,True,True,True,159.47934064590788,1.07829931641,1.02513354492,162.47808,1005.1007792645609,98.15437297505477,100.0,20992000000.0,8192.0,8192.0,0.17493149367822933,21.868828478888304,231.591,30.08235041008345,0.12989429818120501,0.870105701818795,0.8952367295329008,0.0,nvml_total_energy_counter,nvml_total_energy_counter,0.8851523674627367,0.9506895949361518,-30.048700138687764,-10.224383467722447,9,8,,,,,,,,,,,,,,,,,,,,,,,,,,,,,,,,,,,,,,,,,
pair,launch_shape_tensor_mma_f16acc_t128_b04,4,NVIDIA GeForce RTX 3090,ampere,ga102,82,tensor_mma_f16acc,tensor_baseline_mov,128,512.0,4,8,strict_nvml_counter,structural_baseline,True,False,True,True,True,True,True,True,True,fp16-energy-bench-v2,fp16-energy-bench-v2,True,logical_m16n16k16_input_bits_8192,True,bench_json_metadata,True,True,False,False,False,False,missing NCU validation row,missing NCU validation row,missing NCU validation row for tensor activity,,,,,,,,,,,,,True,True,True,158.7122834171631,1.0835107421899999,1.0221576538100001,161.69088,1005.1363331016258,98.15784502945564,100.0,20992000000.0,8192.0,8192.0,0.18139928521704551,22.655602616473487,235.16,31.19459365090279,0.13265263501829727,0.8673473649817027,0.8925768366516569,15.0,nvml_total_energy_counter,nvml_total_energy_counter,0.8942277313766291,0.9499387441969138,-27.815517028509333,-10.436442324349173,8,8,,,,,,,,,,,,,,,,,,,,,,,,,,,,,,,,,,,,,,,,,
pair,launch_shape_tensor_mma_f16acc_t128_b04,5,NVIDIA GeForce RTX 3090,ampere,ga102,82,tensor_mma_f16acc,tensor_baseline_mov,128,512.0,4,8,strict_nvml_counter,structural_baseline,True,False,True,True,True,True,True,True,True,fp16-energy-bench-v2,fp16-energy-bench-v2,True,logical_m16n16k16_input_bits_8192,True,bench_json_metadata,True,True,False,False,False,False,missing NCU validation row,missing NCU validation row,missing NCU validation row for tensor activity,,,,,,,,,,,,,True,True,True,158.22837070001168,1.08682446289,1.02249884033,161.21856,1005.0074358486514,98.14525740709486,100.0,20992000000.0,8192.0,8192.0,0.13148035021553534,14.712649844451477,232.947,22.61021091204725,0.0970616102033821,0.9029383897966179,0.9293496671706014,0.0,nvml_total_energy_counter,nvml_total_energy_counter,0.8820177436177302,1.0468970086412335,-31.15993173193135,9.12149200420319,9,8,,,,,,,,,,,,,,,,,,,,,,,,,,,,,,,,,,,,,,,,,
pair,launch_shape_tensor_mma_f16acc_t128_b04,6,NVIDIA GeForce RTX 3090,ampere,ga102,82,tensor_mma_f16acc,tensor_baseline_mov,128,512.0,4,8,strict_nvml_counter,structural_baseline,True,False,True,True,True,True,True,True,True,fp16-energy-bench-v2,fp16-energy-bench-v2,True,logical_m16n16k16_input_bits_8192,True,bench_json_metadata,True,True,False,False,False,False,missing NCU validation row,missing NCU validation row,missing NCU validation row for tensor activity,,,,,,,,,,,,,True,True,True,158.36819943479475,1.08586486816,1.02439221191,161.21856,1005.8955756783203,98.23198981233597,100.0,20992000000.0,8192.0,8192.0,0.17867707978683386,21.75567740784382,234.188,30.72646560878769,0.13120427011114016,0.8687957298888598,0.8959697967082153,0.0,nvml_total_energy_counter,nvml_total_energy_counter,0.8887447021104283,1.012752364736977,-29.31624305640662,2.492859554525637,9,8,,,,,,,,,,,,,,,,,,,,,,,,,,,,,,,,,,,,,,,,,
pair,launch_shape_tensor_mma_f16acc_t128_b04,7,NVIDIA GeForce RTX 3090,ampere,ga102,82,tensor_mma_f16acc,tensor_baseline_mov,128,512.0,4,8,strict_nvml_counter,structural_baseline,False,False,False,False,False,True,False,True,True,fp16-energy-bench-v2,fp16-energy-bench-v2,True,logical_m16n16k16_input_bits_8192,True,bench_json_metadata,False,False,False,False,False,False,missing NCU validation row,missing NCU validation row,missing NCU validation row for tensor activity,,,,,,,,,,,,,True,True,True,158.3591024345177,1.08592724609,1.02052453613,161.21856,1005.8377949346906,98.2263471615909,100.0,20992000000.0,8192.0,8192.0,-4.413788562576694,-702.3779890248238,235.166,-759.0236119499568,-3.2276077832252827,4.227607783225283,4.295330822530119,0.0,nvml_total_energy_counter,nvml_total_energy_counter,0.9021924761952468,nan,-25.49456435290739,1004329186260.708,9,2,nonpositive incremental power/energy; expected or invalid L2/global traffic; not a pure FP16 candidate; incremental energy fraction is missing or nonpositive; baseline energy fraction 4.228 > 0.99; incremental energy is below 0.1 J or missing,baseline NVML-counter/power-trace ratio is missing,,,,,,,,,,,,,,,,,,,,,,,,,,,,,,,,,,,,,,,
pair,launch_shape_tensor_mma_f16acc_t128_b04,8,NVIDIA GeForce RTX 3090,ampere,ga102,82,tensor_mma_f16acc,tensor_baseline_mov,128,512.0,4,8,strict_nvml_counter,structural_baseline,True,False,True,True,True,True,True,True,True,fp16-energy-bench-v2,fp16-energy-bench-v2,True,logical_m16n16k16_input_bits_8192,True,bench_json_metadata,True,True,False,False,False,False,missing NCU validation row,missing NCU validation row,missing NCU validation row for tensor activity,,,,,,,,,,,,,True,True,True,158.37642501897932,1.0858084716799998,1.02854553223,161.21856,1005.947821512826,98.2370919446119,100.0,20992000000.0,8192.0,8192.0,0.05968774407637486,3.420526855587269,230.509,10.26429029295113,0.04452880491846796,0.955471195081532,0.9834164233753127,0.0,nvml_total_energy_counter,nvml_total_energy_counter,0.8708618607473313,1.0263788310165858,-34.18165920763644,5.531367384689247,8,8,,incremental energy fraction 0.04453 < warning threshold 0.05,,,,,,,,,,,,,,,,,,,,,,,,,,,,,,,,,,,,,,,
pair,launch_shape_tensor_mma_f16acc_t128_b04,9,NVIDIA GeForce RTX 3090,ampere,ga102,82,tensor_mma_f16acc,tensor_baseline_mov,128,512.0,4,8,strict_nvml_counter,structural_baseline,True,False,True,True,True,True,True,True,True,fp16-energy-bench-v2,fp16-energy-bench-v2,True,logical_m16n16k16_input_bits_8192,True,bench_json_metadata,True,True,False,False,False,False,missing NCU validation row,missing NCU validation row,missing NCU validation row for tensor activity,,,,,,,,,,,,,True,True,True,158.34578816113063,1.08601855469,1.03042358398,161.21856,1005.7532276494577,98.21808863764237,100.0,20992000000.0,8192.0,8192.0,0.21282388059638338,27.403537173602587,240.555,36.59857020091826,0.1521422136347956,0.8478577863652044,0.8726634050551764,0.0,nvml_total_energy_counter,nvml_total_energy_counter,0.9106959406751233,1.0052641923453791,-23.58914433611085,1.0428949626720794,9,8,,,,,,,,,,,,,,,,,,,,,,,,,,,,,,,,,,,,,,,,,
pair,launch_shape_tensor_mma_f16acc_t128_b08,0,NVIDIA GeForce RTX 3090,ampere,ga102,82,tensor_mma_f16acc,tensor_baseline_mov,128,1024.0,8,8,strict_nvml_counter,structural_baseline,False,False,False,False,False,True,True,True,True,fp16-energy-bench-v2,fp16-energy-bench-v2,True,logical_m16n16k16_input_bits_8192,True,bench_json_metadata,False,False,False,False,False,False,missing NCU validation row,missing NCU validation row,missing NCU validation row for tensor activity,,,,,,,,,,,,,True,True,True,159.50574006820034,2.15624169922,1.02107641602,162.47808,1005.2671586828029,98.17062096511748,100.0,41984000000.0,8192.0,8192.0,-0.006194493030515601,-7.164587127637958,464.372,-2.130490125460824,-0.0045878953198315656,1.0045878953198315,1.0342499670829808,0.0,nvml_total_energy_counter,nvml_total_energy_counter,0.9067956599741213,1.1595851947746034,-47.730142188519665,31.307640471501884,16,8,nonpositive incremental power/energy; expected or invalid L2/global traffic; not a pure FP16 candidate; incremental energy fraction is missing or nonpositive; baseline energy fraction 1.005 > 0.99; incremental energy is below 0.1 J or missing,,,,,,,,,,,,,,,,,,,,,,,,,,,,,,,,,,,,,,,,
pair,launch_shape_tensor_mma_f16acc_t128_b08,1,NVIDIA GeForce RTX 3090,ampere,ga102,82,tensor_mma_f16acc,tensor_baseline_mov,128,1024.0,8,8,strict_nvml_counter,structural_baseline,True,False,True,True,True,True,True,True,True,fp16-energy-bench-v2,fp16-energy-bench-v2,True,logical_m16n16k16_input_bits_8192,True,bench_json_metadata,True,True,False,False,False,False,missing NCU validation row,missing NCU validation row,missing NCU validation row for tensor activity,,,,,,,,,,,,,True,True,True,159.1709427418852,2.1607770996099998,1.0316665039100001,162.47808,1003.1571358283556,97.96456404573786,100.0,41984000000.0,8192.0,8192.0,0.0759552389487334,8.446504708177827,464.564,26.123507728577522,0.05623231186354845,0.9437676881364515,0.9600364497768379,0.0,nvml_total_energy_counter,nvml_total_energy_counter,0.9005658825461065,1.0615208888039873,-51.29387225979616,12.343924876621827,16,8,,,,,,,,,,,,,,,,,,,,,,,,,,,,,,,,,,,,,,,,,
pair,launch_shape_tensor_mma_f16acc_t128_b08,2,NVIDIA GeForce RTX 3090,ampere,ga102,82,tensor_mma_f16acc,tensor_baseline_mov,128,1024.0,8,8,strict_nvml_counter,structural_baseline,True,False,True,True,True,True,True,True,True,fp16-energy-bench-v2,fp16-energy-bench-v2,True,logical_m16n16k16_input_bits_8192,True,bench_json_metadata,True,True,False,False,False,False,missing NCU validation row,missing NCU validation row,missing NCU validation row for tensor activity,,,,,,,,,,,,,True,True,True,159.3830262151056,2.15790185547,1.02963500977,162.47808,1004.4937682933485,98.0950945598973,100.0,41984000000.0,8192.0,8192.0,0.1357221291185235,15.623795190807158,472.741,46.679309262127845,0.09874182535918789,0.9012581746408121,0.9266716964503697,0.0,nvml_total_energy_counter,nvml_total_energy_counter,0.9022485239926025,1.0373548434651134,-51.217740223858755,7.611695753438454,16,8,,,,,,,,,,,,,,,,,,,,,,,,,,,,,,,,,,,,,,,,,
pair,launch_shape_tensor_mma_f16acc_t128_b08,3,NVIDIA GeForce RTX 3090,ampere,ga102,82,tensor_mma_f16acc,tensor_baseline_mov,128,1024.0,8,8,strict_nvml_counter,structural_baseline,True,False,True,True,True,True,True,True,True,fp16-energy-bench-v2,fp16-energy-bench-v2,True,logical_m16n16k16_input_bits_8192,True,bench_json_metadata,True,True,False,False,False,False,missing NCU validation row,missing NCU validation row,missing NCU validation row for tensor activity,,,,,,,,,,,,,True,True,True,158.7707215582217,2.16622387695,1.0286854248,161.7696,1005.0171285310654,98.14620395811185,100.0,41984000000.0,8192.0,8192.0,0.06366206293994946,4.852283952940212,456.384,21.895479709457106,0.047976002027803576,0.9520239979721964,0.9763794572187801,15.0,nvml_total_energy_counter,nvml_total_energy_counter,0.8668659901558243,1.0423327488237217,-70.09183961387419,8.6031105332724,16,8,,incremental energy fraction 0.04798 < warning threshold 0.05,,,,,,,,,,,,,,,,,,,,,,,,,,,,,,,,,,,,,,,
pair,launch_shape_tensor_mma_f16acc_t128_b08,4,NVIDIA GeForce RTX 3090,ampere,ga102,82,tensor_mma_f16acc,tensor_baseline_mov,128,1024.0,8,8,strict_nvml_counter,structural_baseline,True,False,True,True,True,True,True,True,True,fp16-energy-bench-v2,fp16-energy-bench-v2,True,logical_m16n16k16_input_bits_8192,True,bench_json_metadata,True,True,False,False,False,False,missing NCU validation row,missing NCU validation row,missing NCU validation row for tensor activity,,,,,,,,,,,,,True,True,True,158.44386429010626,2.1706926269499998,1.0272430419899998,161.21856,1006.3761705418334,98.27892290447593,100.0,41984000000.0,8192.0,8192.0,0.08663617325529555,7.626769832845525,473.593,29.797032738409087,0.06291696190275001,0.93708303809725,0.9640375261368264,0.0,nvml_total_energy_counter,nvml_total_energy_counter,0.8982458057406632,0.9551286179607911,-53.6490945060703,-10.155915595097696,16,9,,,,,,,,,,,,,,,,,,,,,,,,,,,,,,,,,,,,,,,,,
pair,launch_shape_tensor_mma_f16acc_t128_b08,5,NVIDIA GeForce RTX 3090,ampere,ga102,82,tensor_mma_f16acc,tensor_baseline_mov,128,1024.0,8,8,strict_nvml_counter,structural_baseline,True,False,True,True,True,True,True,True,True,fp16-energy-bench-v2,fp16-energy-bench-v2,True,logical_m16n16k16_input_bits_8192,True,bench_json_metadata,True,True,False,False,False,False,missing NCU validation row,missing NCU validation row,missing NCU validation row for tensor activity,,,,,,,,,,,,,True,True,True,158.35484803108454,2.1719128418,1.02909423828,161.21856,1005.8107725551608,98.22370825733994,100.0,41984000000.0,8192.0,8192.0,0.11631095524076239,12.269813170820868,473.529,40.00316739443235,0.08447881205677446,0.9155211879432256,0.9420894735155213,0.0,nvml_total_energy_counter,nvml_total_energy_counter,0.8951401294563306,1.0197927747515418,-55.470856466719965,4.1028667092163005,17,7,,,,,,,,,,,,,,,,,,,,,,,,,,,,,,,,,,,,,,,,,
pair,launch_shape_tensor_mma_f16acc_t128_b08,6,NVIDIA GeForce RTX 3090,ampere,ga102,82,tensor_mma_f16acc,tensor_baseline_mov,128,1024.0,8,8,strict_nvml_counter,structural_baseline,True,False,True,True,True,True,True,True,True,fp16-energy-bench-v2,fp16-energy-bench-v2,True,logical_m16n16k16_input_bits_8192,True,bench_json_metadata,True,True,False,False,False,False,missing NCU validation row,missing NCU validation row,missing NCU validation row for tensor activity,,,,,,,,,,,,,True,True,True,158.4218235365602,2.17099462891,1.0307512207,161.21856,1006.2361759181922,98.26525155451097,100.0,41984000000.0,8192.0,8192.0,0.12770355229336405,13.151222623706587,479.613,43.92145665625782,0.09157686855080621,0.9084231314491938,0.9384993475553266,0.0,nvml_total_energy_counter,nvml_total_energy_counter,0.9031942114504095,1.0306964597502395,-51.40568227189527,6.353923931650598,17,8,,,,,,,,,,,,,,,,,,,,,,,,,,,,,,,,,,,,,,,,,
pair,launch_shape_tensor_mma_f16acc_t128_b08,7,NVIDIA GeForce RTX 3090,ampere,ga102,82,tensor_mma_f16acc,tensor_baseline_mov,128,1024.0,8,8,strict_nvml_counter,structural_baseline,True,False,True,True,True,True,True,True,True,fp16-energy-bench-v2,fp16-energy-bench-v2,True,logical_m16n16k16_input_bits_8192,True,bench_json_metadata,True,True,False,False,False,False,missing NCU validation row,missing NCU validation row,missing NCU validation row for tensor activity,,,,,,,,,,,,,True,True,True,158.43003687575955,2.1708820800799997,1.03310546875,161.21856,1006.2883439771314,98.27034609151674,100.0,41984000000.0,8192.0,8192.0,0.11854811910371517,12.581565606389091,472.839,40.772601712233495,0.08622935441499854,0.9137706455850014,0.9405435033677777,0.0,nvml_total_energy_counter,nvml_total_energy_counter,0.8926525133142382,1.0296635479288374,-56.86207958856738,6.018424642867757,16,8,,,,,,,,,,,,,,,,,,,,,,,,,,,,,,,,,,,,,,,,,
pair,launch_shape_tensor_mma_f16acc_t128_b08,8,NVIDIA GeForce RTX 3090,ampere,ga102,82,tensor_mma_f16acc,tensor_baseline_mov,128,1024.0,8,8,strict_nvml_counter,structural_baseline,False,False,False,False,False,True,True,True,True,fp16-energy-bench-v2,fp16-energy-bench-v2,True,logical_m16n16k16_input_bits_8192,True,bench_json_metadata,False,False,False,False,False,False,missing NCU validation row,missing NCU validation row,missing NCU validation row for tensor activity,,,,,,,,,,,,,True,True,True,158.25647313851545,2.17326293945,1.03473669434,161.21856,1005.1859320281723,98.1626886746262,100.0,41984000000.0,8192.0,8192.0,-0.003065832380540348,137.3615132229856,461.233,-1.0544407073964521,-0.0022861345727570492,1.002286134572757,0.6076252464087691,0.0,nvml_total_energy_counter,nvml_total_energy_counter,1.4747663695064426,1.1096448957042861,148.48312345219125,22.388649026141678,13,8,nonpositive incremental power/energy; expected or invalid L2/global traffic; not a pure FP16 candidate; incremental energy fraction is missing or nonpositive; baseline energy fraction 1.002 > 0.99; incremental energy is below 0.1 J or missing,,,,,,,,,,,,,,,,,,,,,,,,,,,,,,,,,,,,,,,,
pair,launch_shape_tensor_mma_f16acc_t128_b08,9,NVIDIA GeForce RTX 3090,ampere,ga102,82,tensor_mma_f16acc,tensor_baseline_mov,128,1024.0,8,8,strict_nvml_counter,structural_baseline,True,False,True,True,True,True,True,True,True,fp16-energy-bench-v2,fp16-energy-bench-v2,True,logical_m16n16k16_input_bits_8192,True,bench_json_metadata,True,True,False,False,False,False,missing NCU validation row,missing NCU validation row,missing NCU validation row for tensor activity,,,,,,,,,,,,,True,True,True,158.36586722688773,2.17176171875,1.03597460938,161.21856,1005.8807623659027,98.23054319979519,100.0,41984000000.0,8192.0,8192.0,0.0632217801681034,4.205735660347159,446.805,21.74405196658813,0.048665641536214076,0.9513343584637859,0.9789636918091753,0.0,nvml_total_energy_counter,nvml_total_energy_counter,0.8423417828155937,0.9907222944413243,-83.62695661803588,-1.9546703371144076,16,8,,incremental energy fraction 0.04867 < warning threshold 0.05,,,,,,,,,,,,,,,,,,,,,,,,,,,,,,,,,,,,,,,
pair,launch_shape_tensor_mma_f16acc_t256_b01,0,NVIDIA GeForce RTX 3090,ampere,ga102,82,tensor_mma_f16acc,tensor_baseline_mov,256,256.0,1,8,strict_nvml_counter,structural_baseline,True,False,True,True,True,True,True,True,True,fp16-energy-bench-v2,fp16-energy-bench-v2,True,logical_m16n16k16_input_bits_8192,True,bench_json_metadata,True,True,False,False,False,False,missing NCU validation row,missing NCU validation row,missing NCU validation row for tensor activity,,,,,,,,,,,,,True,True,True,160.32826061336644,1.07258984375,1.02046923828,162.47808,1010.4510027942675,98.67685574162769,99.0,20992000000.0,8192.0,8192.0,0.3349298036712892,47.66125407300376,230.453,57.596694025565824,0.24992815899799883,0.7500718410020012,0.771758205266558,0.0,nvml_total_energy_counter,nvml_total_energy_counter,0.9700036397192512,0.9486458466441915,-7.126520904375326,-9.167513032670598,8,8,,,,,,,,,,,,,,,,,,,,,,,,,,,,,,,,,,,,,,,,,
pair,launch_shape_tensor_mma_f16acc_t256_b01,1,NVIDIA GeForce RTX 3090,ampere,ga102,82,tensor_mma_f16acc,tensor_baseline_mov,256,256.0,1,8,strict_nvml_counter,structural_baseline,True,False,True,True,True,True,True,True,True,fp16-energy-bench-v2,fp16-energy-bench-v2,True,logical_m16n16k16_input_bits_8192,True,bench_json_metadata,True,True,False,False,False,False,missing NCU validation row,missing NCU validation row,missing NCU validation row for tensor activity,,,,,,,,,,,,,True,True,True,159.88285651848915,1.07557788086,1.02035662842,162.47808,1007.6438931019674,98.40272393573899,100.0,20992000000.0,8192.0,8192.0,0.35771617637610836,46.68903105448993,234.95,61.515185966999695,0.26182245570121176,0.7381775442987882,0.7754655620581222,0.0,nvml_total_energy_counter,nvml_total_energy_counter,0.9510205050061908,0.939868418275749,-12.100404027272305,-11.060065922124863,8,8,,,,,,,,,,,,,,,,,,,,,,,,,,,,,,,,,,,,,,,,,
pair,launch_shape_tensor_mma_f16acc_t256_b01,2,NVIDIA GeForce RTX 3090,ampere,ga102,82,tensor_mma_f16acc,tensor_baseline_mov,256,256.0,1,8,strict_nvml_counter,structural_baseline,True,False,True,True,True,True,True,True,True,fp16-energy-bench-v2,fp16-energy-bench-v2,True,logical_m16n16k16_input_bits_8192,True,bench_json_metadata,True,True,False,False,False,False,missing NCU validation row,missing NCU validation row,missing NCU validation row for tensor activity,,,,,,,,,,,,,True,True,True,158.6668433926685,1.08382104492,1.02198687744,162.47808,999.9801058339226,97.654307210344,99.0,20992000000.0,8192.0,8192.0,0.299219616685179,41.58366157125701,231.664,51.455739440785635,0.22211366220381948,0.7778863377961805,0.7999389822939675,0.0,nvml_total_energy_counter,nvml_total_energy_counter,0.9400369647224673,0.9556867037383733,-14.777372726651805,-8.102996248260325,9,8,,,,,,,,,,,,,,,,,,,,,,,,,,,,,,,,,,,,,,,,,
pair,launch_shape_tensor_mma_f16acc_t256_b01,3,NVIDIA GeForce RTX 3090,ampere,ga102,82,tensor_mma_f16acc,tensor_baseline_mov,256,256.0,1,8,strict_nvml_counter,structural_baseline,True,False,True,True,True,True,True,True,True,fp16-energy-bench-v2,fp16-energy-bench-v2,True,logical_m16n16k16_input_bits_8192,True,bench_json_metadata,True,True,False,False,False,False,missing NCU validation row,missing NCU validation row,missing NCU validation row for tensor activity,,,,,,,,,,,,,True,True,True,159.46460988508275,1.07839892578,1.02041601562,162.47808,1005.0079402853895,98.14530666849507,99.0,20992000000.0,8192.0,8192.0,0.24620683521596043,33.07728920361507,237.128,42.33931886471939,0.1785504827127939,0.821449517287206,0.8452198305374288,0.0,nvml_total_energy_counter,nvml_total_energy_counter,0.9593299480355273,1.0490502046461805,-10.052858353875052,8.84465187689932,9,8,,,,,,,,,,,,,,,,,,,,,,,,,,,,,,,,,,,,,,,,,
pair,launch_shape_tensor_mma_f16acc_t256_b01,4,NVIDIA GeForce RTX 3090,ampere,ga102,82,tensor_mma_f16acc,tensor_baseline_mov,256,256.0,1,8,strict_nvml_counter,structural_baseline,True,False,True,True,True,True,True,True,True,fp16-energy-bench-v2,fp16-energy-bench-v2,True,logical_m16n16k16_input_bits_8192,True,bench_json_metadata,True,True,False,False,False,False,missing NCU validation row,missing NCU validation row,missing NCU validation row for tensor activity,,,,,,,,,,,,,True,True,True,159.01481235321467,1.08144934082,1.02420678711,161.376,1009.0172507045149,98.5368408891128,99.0,20992000000.0,8192.0,8192.0,0.35495290388576944,50.15333987610077,241.957,61.039995767767635,0.2522762134088604,0.7477237865911396,0.7693511640397387,15.0,nvml_total_energy_counter,nvml_total_energy_counter,0.9630606633869273,0.9611194288720534,-9.28054836904738,-7.1313317319303735,8,8,,,,,,,,,,,,,,,,,,,,,,,,,,,,,,,,,,,,,,,,,
pair,launch_shape_tensor_mma_f16acc_t256_b01,5,NVIDIA GeForce RTX 3090,ampere,ga102,82,tensor_mma_f16acc,tensor_baseline_mov,256,256.0,1,8,strict_nvml_counter,structural_baseline,True,False,True,True,True,True,True,True,True,fp16-energy-bench-v2,fp16-energy-bench-v2,True,logical_m16n16k16_input_bits_8192,True,bench_json_metadata,True,True,False,False,False,False,missing NCU validation row,missing NCU validation row,missing NCU validation row for tensor activity,,,,,,,,,,,,,True,True,True,158.8726395162051,1.08241711426,1.02360778809,161.7583542857143,1005.7321835584578,98.21603355063063,49.5,20992000000.0,8192.0,8192.0,0.2961725387614893,41.059275965325924,230.379,50.931744224716255,0.22107806798673602,0.778921932013264,0.8014955557461207,15.0,nvml_total_energy_counter,nvml_total_energy_counter,0.9561309960411493,0.9545921705154384,-10.570201473314768,-8.308568837440646,14,8,,,,,,,,,,,,,,,,,,,,,,,,,,,,,,,,,,,,,,,,,
pair,launch_shape_tensor_mma_f16acc_t256_b01,6,NVIDIA GeForce RTX 3090,ampere,ga102,82,tensor_mma_f16acc,tensor_baseline_mov,256,256.0,1,8,strict_nvml_counter,structural_baseline,True,False,True,True,True,True,True,True,True,fp16-energy-bench-v2,fp16-energy-bench-v2,True,logical_m16n16k16_input_bits_8192,True,bench_json_metadata,True,True,False,False,False,False,missing NCU validation row,missing NCU validation row,missing NCU validation row for tensor activity,,,,,,,,,,,,,True,True,True,158.89638304756383,1.08225537109,1.02449560547,161.3585066666667,1008.3750748687231,98.47412840514872,98.0,20992000000.0,8192.0,8192.0,0.3148008640112773,43.204012998061216,235.39,54.13519144816422,0.2299808464597656,0.7700191535402344,0.7949333568925664,15.0,nvml_total_energy_counter,nvml_total_energy_counter,0.9428428976307908,0.9602343125391763,-14.269832609967551,-7.342930244190683,9,8,,,,,,,,,,,,,,,,,,,,,,,,,,,,,,,,,,,,,,,,,
pair,launch_shape_tensor_mma_f16acc_t256_b01,7,NVIDIA GeForce RTX 3090,ampere,ga102,82,tensor_mma_f16acc,tensor_baseline_mov,256,256.0,1,8,strict_nvml_counter,structural_baseline,True,False,True,True,True,True,True,True,True,fp16-energy-bench-v2,fp16-energy-bench-v2,True,logical_m16n16k16_input_bits_8192,True,bench_json_metadata,True,True,False,False,False,False,missing NCU validation row,missing NCU validation row,missing NCU validation row for tensor activity,,,,,,,,,,,,,True,True,True,158.876850116229,1.0823884277300002,1.0244318847699998,161.376,1008.1418210825556,98.45134971509333,98.0,20992000000.0,8192.0,8192.0,0.2964445237550396,40.63343132560695,234.058,50.97851652231816,0.2178029228751769,0.7821970771248231,0.806302157974896,15.0,nvml_total_energy_counter,nvml_total_energy_counter,0.9400248347125292,0.9677129882284297,-14.933294013607338,-5.958753795299884,8,8,,,,,,,,,,,,,,,,,,,,,,,,,,,,,,,,,,,,,,,,,
pair,launch_shape_tensor_mma_f16acc_t256_b01,8,NVIDIA GeForce RTX 3090,ampere,ga102,82,tensor_mma_f16acc,tensor_baseline_mov,256,256.0,1,8,strict_nvml_counter,structural_baseline,True,False,True,True,True,True,True,True,True,fp16-energy-bench-v2,fp16-energy-bench-v2,True,logical_m16n16k16_input_bits_8192,True,bench_json_metadata,True,True,False,False,False,False,missing NCU validation row,missing NCU validation row,missing NCU validation row for tensor activity,,,,,,,,,,,,,True,True,True,158.7515773000531,1.0832425537100001,1.02777954102,161.21856,1008.3306485013535,98.46978989271031,98.0,20992000000.0,8192.0,8192.0,0.3415314120545215,47.94486254153773,239.03,58.73194927594304,0.24570953133892415,0.7542904686610759,0.7763638273172879,0.0,nvml_total_energy_counter,nvml_total_energy_counter,0.9587657817099384,0.9452267377627623,-10.280107390039575,-10.206533690519905,9,8,,,,,,,,,,,,,,,,,,,,,,,,,,,,,,,,,,,,,,,,,
pair,launch_shape_tensor_mma_f16acc_t256_b01,9,NVIDIA GeForce RTX 3090,ampere,ga102,82,tensor_mma_f16acc,tensor_baseline_mov,256,256.0,1,8,strict_nvml_counter,structural_baseline,True,False,True,True,True,True,True,True,True,fp16-energy-bench-v2,fp16-energy-bench-v2,True,logical_m16n16k16_input_bits_8192,True,bench_json_metadata,True,True,False,False,False,False,missing NCU validation row,missing NCU validation row,missing NCU validation row for tensor activity,,,,,,,,,,,,,True,True,True,158.72487251129968,1.08342480469,1.02758813477,161.3585066666667,1007.286648898735,98.36783680651709,98.0,20992000000.0,8192.0,8192.0,0.24261037842537508,32.2955963714046,234.755,41.72084890751364,0.1777208106643677,0.8222791893356323,0.8465518980717731,15.0,nvml_total_energy_counter,nvml_total_energy_counter,0.9404116374626483,1.0205061594489766,-14.875045661067333,3.787538133649889,9,8,,,,,,,,,,,,,,,,,,,,,,,,,,,,,,,,,,,,,,,,,
pair,launch_shape_tensor_mma_f16acc_t256_b02,0,NVIDIA GeForce RTX 3090,ampere,ga102,82,tensor_mma_f16acc,tensor_baseline_mov,256,512.0,2,8,strict_nvml_counter,structural_baseline,True,False,True,True,True,True,True,True,True,fp16-energy-bench-v2,fp16-energy-bench-v2,True,logical_m16n16k16_input_bits_8192,True,bench_json_metadata,True,True,False,False,False,False,missing NCU validation row,missing NCU validation row,missing NCU validation row for tensor activity,,,,,,,,,,,,,True,True,True,159.83386041291908,1.0759075927700001,1.02496557617,162.47808,1007.3351006045194,98.37256841841008,100.0,20992000000.0,8192.0,8192.0,0.19517550989439217,25.070606596733313,234.413,33.56364229593564,0.1431816592763014,0.8568183407236987,0.8816025845893319,0.0,nvml_total_energy_counter,nvml_total_energy_counter,0.9220835218150364,0.9577280038165065,-19.80800542321765,-8.688347137785286,8,8,,,,,,,,,,,,,,,,,,,,,,,,,,,,,,,,,,,,,,,,,
pair,launch_shape_tensor_mma_f16acc_t256_b02,1,NVIDIA GeForce RTX 3090,ampere,ga102,82,tensor_mma_f16acc,tensor_baseline_mov,256,512.0,2,8,strict_nvml_counter,structural_baseline,True,False,True,True,True,True,True,True,True,fp16-energy-bench-v2,fp16-energy-bench-v2,True,logical_m16n16k16_input_bits_8192,True,bench_json_metadata,True,True,False,False,False,False,missing NCU validation row,missing NCU validation row,missing NCU validation row for tensor activity,,,,,,,,,,,,,True,True,True,158.80743061138196,1.08286157227,1.0286418457,162.47808,1000.8661411191906,97.74083409367094,100.0,20992000000.0,8192.0,8192.0,0.08006102533698758,6.619420910193753,234.147,13.767811431416163,0.058799862613726266,0.9412001373862737,0.9684991969856638,0.0,nvml_total_energy_counter,nvml_total_energy_counter,0.8997618172346756,1.105742219247185,-26.08520313974475,20.687368778104144,8,8,,,,,,,,,,,,,,,,,,,,,,,,,,,,,,,,,,,,,,,,,
pair,launch_shape_tensor_mma_f16acc_t256_b02,2,NVIDIA GeForce RTX 3090,ampere,ga102,82,tensor_mma_f16acc,tensor_baseline_mov,256,512.0,2,8,strict_nvml_counter,structural_baseline,True,False,True,True,True,True,True,True,True,fp16-energy-bench-v2,fp16-energy-bench-v2,True,logical_m16n16k16_input_bits_8192,True,bench_json_metadata,True,True,False,False,False,False,missing NCU validation row,missing NCU validation row,missing NCU validation row for tensor activity,,,,,,,,,,,,,True,True,True,159.86322544575916,1.07570996094,1.02402954102,162.47808,1007.5201704528844,98.39064164578947,100.0,20992000000.0,8192.0,8192.0,0.14954731278634498,17.903618162691004,232.443,25.717122580569736,0.1106384041703546,0.8893615958296454,0.9147770768624598,0.0,nvml_total_energy_counter,nvml_total_energy_counter,0.8893784217875732,0.9615782398143707,-28.911440703440718,-8.087532007414978,8,8,,,,,,,,,,,,,,,,,,,,,,,,,,,,,,,,,,,,,,,,,
pair,launch_shape_tensor_mma_f16acc_t256_b02,3,NVIDIA GeForce RTX 3090,ampere,ga102,82,tensor_mma_f16acc,tensor_baseline_mov,256,512.0,2,8,strict_nvml_counter,structural_baseline,True,False,True,True,True,True,True,True,True,fp16-energy-bench-v2,fp16-energy-bench-v2,True,logical_m16n16k16_input_bits_8192,True,bench_json_metadata,True,True,False,False,False,False,missing NCU validation row,missing NCU validation row,missing NCU validation row for tensor activity,,,,,,,,,,,,,True,True,True,159.0104329051842,1.0814791259799998,1.02730957031,161.7783466666667,1006.480079997368,98.28907031224296,100.0,20992000000.0,8192.0,8192.0,0.041821788578967366,1.1326325190404987,214.347,7.191945100080602,0.03355281436213524,0.9664471856378648,0.9941217075365097,15.0,nvml_total_energy_counter,nvml_total_energy_counter,0.816213880681298,0.9592539304499671,-48.26431435437419,-8.598033219671237,9,8,,incremental energy fraction 0.03355 < warning threshold 0.05,,,,,,,,,,,,,,,,,,,,,,,,,,,,,,,,,,,,,,,
pair,launch_shape_tensor_mma_f16acc_t256_b02,4,NVIDIA GeForce RTX 3090,ampere,ga102,82,tensor_mma_f16acc,tensor_baseline_mov,256,512.0,2,8,strict_nvml_counter,structural_baseline,True,False,True,True,True,True,True,True,True,fp16-energy-bench-v2,fp16-energy-bench-v2,True,logical_m16n16k16_input_bits_8192,True,bench_json_metadata,True,True,False,False,False,False,missing NCU validation row,missing NCU validation row,missing NCU validation row for tensor activity,,,,,,,,,,,,,True,True,True,156.77430298779788,1.09690466309,1.03297644043,161.21856,995.7717415383503,97.24333413460454,100.0,20992000000.0,8192.0,8192.0,0.16127928591982021,19.18615429701157,236.209,27.73462851607647,0.1174156298704811,0.882584370129519,0.9083068808451326,0.0,nvml_total_energy_counter,nvml_total_energy_counter,0.8900236051620647,0.9504284887770886,-29.187331771435026,-10.537594316347423,9,8,,,,,,,,,,,,,,,,,,,,,,,,,,,,,,,,,,,,,,,,,
pair,launch_shape_tensor_mma_f16acc_t256_b02,5,NVIDIA GeForce RTX 3090,ampere,ga102,82,tensor_mma_f16acc,tensor_baseline_mov,256,512.0,2,8,strict_nvml_counter,structural_baseline,True,False,True,True,True,True,True,True,True,fp16-energy-bench-v2,fp16-energy-bench-v2,True,logical_m16n16k16_input_bits_8192,True,bench_json_metadata,True,True,False,False,False,False,missing NCU validation row,missing NCU validation row,missing NCU validation row for tensor activity,,,,,,,,,,,,,True,True,True,158.41840304856825,1.08552075195,1.03154272461,161.21856,1006.2144502576743,98.26312990797601,100.0,20992000000.0,8192.0,8192.0,0.17419149112700918,21.460820398875597,235.634,29.955094787999144,0.12712552003530536,0.8728744799646946,0.8982589424078545,0.0,nvml_total_energy_counter,nvml_total_energy_counter,0.8924827923373415,0.9543470919713167,-28.386776672784123,-9.619836349980773,8,8,,,,,,,,,,,,,,,,,,,,,,,,,,,,,,,,,,,,,,,,,
pair,launch_shape_tensor_mma_f16acc_t256_b02,6,NVIDIA GeForce RTX 3090,ampere,ga102,82,tensor_mma_f16acc,tensor_baseline_mov,256,512.0,2,8,strict_nvml_counter,structural_baseline,True,False,True,True,True,True,True,True,True,fp16-energy-bench-v2,fp16-energy-bench-v2,True,logical_m16n16k16_input_bits_8192,True,bench_json_metadata,True,True,False,False,False,False,missing NCU validation row,missing NCU validation row,missing NCU validation row for tensor activity,,,,,,,,,,,,,True,True,True,158.707920618496,1.0835405273399998,1.03166357422,161.21856,1008.0533575869919,98.44271070185468,100.0,20992000000.0,8192.0,8192.0,0.15673435721850867,18.90999449387175,229.232,26.953053198179816,0.11757980211392745,0.8824201978860725,0.9080223293370958,0.0,nvml_total_energy_counter,nvml_total_energy_counter,0.8717093291589237,0.9429736371764167,-33.7363913342725,-11.985667949927176,8,8,,,,,,,,,,,,,,,,,,,,,,,,,,,,,,,,,,,,,,,,,
pair,launch_shape_tensor_mma_f16acc_t256_b02,7,NVIDIA GeForce RTX 3090,ampere,ga102,82,tensor_mma_f16acc,tensor_baseline_mov,256,512.0,2,8,strict_nvml_counter,structural_baseline,True,False,True,True,True,True,True,True,True,fp16-energy-bench-v2,fp16-energy-bench-v2,True,logical_m16n16k16_input_bits_8192,True,bench_json_metadata,True,True,False,False,False,False,missing NCU validation row,missing NCU validation row,missing NCU validation row for tensor activity,,,,,,,,,,,,,True,True,True,158.76179296068176,1.08317285156,1.0245314941399999,161.21856,1008.3955345571758,98.47612642159919,100.0,20992000000.0,8192.0,8192.0,0.17417628134972024,19.523620733118065,237.652,29.95247921638054,0.12603503953840295,0.873964960461597,0.9075912811048499,0.0,nvml_total_energy_counter,nvml_total_energy_counter,0.8966215336105693,1.02727167542994,-27.40074643919013,5.374311495278448,9,8,,,,,,,,,,,,,,,,,,,,,,,,,,,,,,,,,,,,,,,,,
pair,launch_shape_tensor_mma_f16acc_t256_b02,8,NVIDIA GeForce RTX 3090,ampere,ga102,82,tensor_mma_f16acc,tensor_baseline_mov,256,512.0,2,8,strict_nvml_counter,structural_baseline,True,False,True,True,True,True,True,True,True,fp16-energy-bench-v2,fp16-energy-bench-v2,True,logical_m16n16k16_input_bits_8192,True,bench_json_metadata,True,True,False,False,False,False,missing NCU validation row,missing NCU validation row,missing NCU validation row for tensor activity,,,,,,,,,,,,,True,True,True,158.68453724030917,1.08370019531,1.0371451416,161.21856,1007.9048351137523,98.42820655407738,100.0,20992000000.0,8192.0,8192.0,0.20426932628308264,26.181102132100705,236.179,35.127473744563986,0.1487324179735031,0.8512675820264969,0.8763317416036558,0.0,nvml_total_energy_counter,nvml_total_energy_counter,0.8948148015909709,0.9194659528613937,-27.762767145644347,-17.34782500072754,8,8,,,,,,,,,,,,,,,,,,,,,,,,,,,,,,,,,,,,,,,,,
pair,launch_shape_tensor_mma_f16acc_t256_b02,9,NVIDIA GeForce RTX 3090,ampere,ga102,82,tensor_mma_f16acc,tensor_baseline_mov,256,512.0,2,8,strict_nvml_counter,structural_baseline,True,False,True,True,True,True,False,True,True,fp16-energy-bench-v2,fp16-energy-bench-v2,True,logical_m16n16k16_input_bits_8192,True,bench_json_metadata,True,True,False,False,False,False,missing NCU validation row,missing NCU validation row,missing NCU validation row for tensor activity,,,,,,,,,,,,,True,False,True,158.69247394489307,1.08364599609,1.03199816895,161.21856,1007.9552460930707,98.43312950127645,nan,20992000000.0,8192.0,8192.0,0.23401741319165295,808.6463475579052,238.155,40.24314706099551,0.16897880397638307,0.8310211960236169,0.18424146257441895,0.0,nvml_total_energy_counter,nvml_total_energy_counter,4.183327971870542,0.9182266727850947,181.22544496597027,-17.278232405083088,4,8,,"test NVML-counter/power-trace ratio 4.183 outside [0.5, 1.5]; SM utilization samples missing or sparse",,,,,,,,,,,,,,,,,,,,,,,,,,,,,,,,,,,,,,,
pair,launch_shape_tensor_mma_f16acc_t256_b04,0,NVIDIA GeForce RTX 3090,ampere,ga102,82,tensor_mma_f16acc,tensor_baseline_mov,256,1024.0,4,8,strict_nvml_counter,structural_baseline,False,False,False,False,False,True,False,True,True,fp16-energy-bench-v2,fp16-energy-bench-v2,True,logical_m16n16k16_input_bits_8192,True,bench_json_metadata,False,False,False,False,False,False,missing NCU validation row,missing NCU validation row,missing NCU validation row for tensor activity,,,,,,,,,,,,,True,True,True,159.7228279538559,2.1533110351599998,1.02291558838,162.47808,1006.6353308997031,98.30423153317413,100.0,41984000000.0,8192.0,8192.0,-8.963754341554761,-1437.5947708364579,469.644,-3082.930276563641,-6.564398302892491,7.56439830289249,7.773930590783463,0.0,nvml_total_energy_counter,nvml_total_energy_counter,0.9112379921570584,8.583421152952727,-45.747153619781784,185.45118224615,16,2,nonpositive incremental power/energy; expected or invalid L2/global traffic; not a pure FP16 candidate; incremental energy fraction is missing or nonpositive; baseline energy fraction 7.564 > 0.99; incremental energy is below 0.1 J or missing,"baseline NVML-counter/power-trace ratio 8.583 outside [0.5, 1.5]",,,,,,,,,,,,,,,,,,,,,,,,,,,,,,,,,,,,,,,
pair,launch_shape_tensor_mma_f16acc_t256_b04,1,NVIDIA GeForce RTX 3090,ampere,ga102,82,tensor_mma_f16acc,tensor_baseline_mov,256,1024.0,4,8,strict_nvml_counter,structural_baseline,True,False,True,True,True,True,True,True,True,fp16-energy-bench-v2,fp16-energy-bench-v2,True,logical_m16n16k16_input_bits_8192,True,bench_json_metadata,True,True,False,False,False,False,missing NCU validation row,missing NCU validation row,missing NCU validation row for tensor activity,,,,,,,,,,,,,True,True,True,159.74689876369015,2.15298657227,1.02301177979,162.47808,1006.7870344973225,98.31904633762915,100.0,41984000000.0,8192.0,8192.0,0.12389634171352903,13.874928762972615,475.128,42.61203157402258,0.08968537230814135,0.9103146276918587,0.9353951599661078,0.0,nvml_total_energy_counter,nvml_total_energy_counter,0.9138710701281508,1.0445670286860391,-44.77903670417476,9.02444685757888,16,8,,,,,,,,,,,,,,,,,,,,,,,,,,,,,,,,,,,,,,,,,
pair,launch_shape_tensor_mma_f16acc_t256_b04,2,NVIDIA GeForce RTX 3090,ampere,ga102,82,tensor_mma_f16acc,tensor_baseline_mov,256,1024.0,4,8,strict_nvml_counter,structural_baseline,True,False,True,True,True,True,True,True,True,fp16-energy-bench-v2,fp16-energy-bench-v2,True,logical_m16n16k16_input_bits_8192,True,bench_json_metadata,True,True,False,False,False,False,missing NCU validation row,missing NCU validation row,missing NCU validation row for tensor activity,,,,,,,,,,,,,True,True,True,159.62632781266922,2.15461279297,1.02259100342,162.47808,1006.0271495094802,98.24483881928518,100.0,41984000000.0,8192.0,8192.0,0.13251380064721574,15.036020803544318,476.088,45.57585945700521,0.09572990593546825,0.9042700940645317,0.9300147399481821,0.0,nvml_total_energy_counter,nvml_total_energy_counter,0.9079346271804627,1.0278949039442937,-48.275743542267094,5.704005592339314,16,8,,,,,,,,,,,,,,,,,,,,,,,,,,,,,,,,,,,,,,,,,
pair,launch_shape_tensor_mma_f16acc_t256_b04,3,NVIDIA GeForce RTX 3090,ampere,ga102,82,tensor_mma_f16acc,tensor_baseline_mov,256,1024.0,4,8,strict_nvml_counter,structural_baseline,True,False,True,True,True,True,True,True,True,fp16-energy-bench-v2,fp16-energy-bench-v2,True,logical_m16n16k16_input_bits_8192,True,bench_json_metadata,True,True,False,False,False,False,missing NCU validation row,missing NCU validation row,missing NCU validation row for tensor activity,,,,,,,,,,,,,True,True,True,158.45453942116893,2.17054638672,1.02250494385,161.21856,1006.4439749820182,98.2855444318377,100.0,41984000000.0,8192.0,8192.0,0.08203848766356525,6.2650868429925595,480.042,28.215737270821876,0.05877764293712191,0.941222357062878,0.9707822660574839,0.0,nvml_total_energy_counter,nvml_total_energy_counter,0.9062921775278227,1.0655068682233522,-49.6348656984938,13.502197250093246,19,8,,,,,,,,,,,,,,,,,,,,,,,,,,,,,,,,,,,,,,,,,
pair,launch_shape_tensor_mma_f16acc_t256_b04,4,NVIDIA GeForce RTX 3090,ampere,ga102,82,tensor_mma_f16acc,tensor_baseline_mov,256,1024.0,4,8,strict_nvml_counter,structural_baseline,True,False,True,True,True,True,True,True,True,fp16-energy-bench-v2,fp16-energy-bench-v2,True,logical_m16n16k16_input_bits_8192,True,bench_json_metadata,True,True,False,False,False,False,missing NCU validation row,missing NCU validation row,missing NCU validation row for tensor activity,,,,,,,,,,,,,True,True,True,158.48512923118284,2.17012744141,1.02588513184,161.21856,1006.6382700151349,98.30451855616552,100.0,41984000000.0,8192.0,8192.0,0.1255075879394484,13.76403081165546,473.935,43.16619220623198,0.09108040597599246,0.9089195940240076,0.9351558751589671,0.0,nvml_total_energy_counter,nvml_total_energy_counter,0.8960677239144783,1.0080059926836873,-54.97033533515918,1.6650539028368314,17,8,,,,,,,,,,,,,,,,,,,,,,,,,,,,,,,,,,,,,,,,,
pair,launch_shape_tensor_mma_f16acc_t256_b04,5,NVIDIA GeForce RTX 3090,ampere,ga102,82,tensor_mma_f16acc,tensor_baseline_mov,256,1024.0,4,8,strict_nvml_counter,structural_baseline,True,False,True,True,True,True,True,True,True,fp16-energy-bench-v2,fp16-energy-bench-v2,True,logical_m16n16k16_input_bits_8192,True,bench_json_metadata,True,True,False,False,False,False,missing NCU validation row,missing NCU validation row,missing NCU validation row for tensor activity,,,,,,,,,,,,,True,True,True,158.7187207729817,2.16693359375,1.0293605957,161.21856,1008.1219561292028,98.44940977824247,100.0,41984000000.0,8192.0,8192.0,0.12112232598673049,13.054432435767836,477.233,41.65795622278671,0.08729060275124878,0.9127093972487512,0.939016304071655,0.0,nvml_total_energy_counter,nvml_total_energy_counter,0.902835403339459,1.026436625525825,-51.36058221308491,5.484631386364896,16,8,,,,,,,,,,,,,,,,,,,,,,,,,,,,,,,,,,,,,,,,,
pair,launch_shape_tensor_mma_f16acc_t256_b04,6,NVIDIA GeForce RTX 3090,ampere,ga102,82,tensor_mma_f16acc,tensor_baseline_mov,256,1024.0,4,8,strict_nvml_counter,structural_baseline,True,False,True,True,True,True,True,True,True,fp16-energy-bench-v2,fp16-energy-bench-v2,True,logical_m16n16k16_input_bits_8192,True,bench_json_metadata,True,True,False,False,False,False,missing NCU validation row,missing NCU validation row,missing NCU validation row for tensor activity,,,,,,,,,,,,,True,True,True,158.5469509774263,2.16928125,1.02828417969,161.21856,1007.0309386269454,98.34286510028764,100.0,41984000000.0,8192.0,8192.0,0.09560030942717103,10.214799852609417,477.767,32.88009433899293,0.06882035456403003,0.93117964543597,0.9525554463565882,0.0,nvml_total_energy_counter,nvml_total_energy_counter,0.907473443832701,1.0465552565103637,-48.7134201676227,9.65678083997011,16,8,,,,,,,,,,,,,,,,,,,,,,,,,,,,,,,,,,,,,,,,,
pair,launch_shape_tensor_mma_f16acc_t256_b04,7,NVIDIA GeForce RTX 3090,ampere,ga102,82,tensor_mma_f16acc,tensor_baseline_mov,256,1024.0,4,8,strict_nvml_counter,structural_baseline,True,False,True,True,True,True,True,True,True,fp16-energy-bench-v2,fp16-energy-bench-v2,True,logical_m16n16k16_input_bits_8192,True,bench_json_metadata,True,True,False,False,False,False,missing NCU validation row,missing NCU validation row,missing NCU validation row for tensor activity,,,,,,,,,,,,,True,True,True,158.62180444740235,2.1682575683599996,1.0292611084,161.21856,1007.5063798742527,98.389294909595,100.0,41984000000.0,8192.0,8192.0,0.1381187568330779,15.763602905528472,481.442,47.50358844932049,0.09866938997702836,0.9013306100229717,0.9269851746426031,0.0,nvml_total_energy_counter,nvml_total_energy_counter,0.9088879310891531,1.0277850770584473,-48.262470190368504,5.7835593874019935,16,8,,,,,,,,,,,,,,,,,,,,,,,,,,,,,,,,,,,,,,,,,
pair,launch_shape_tensor_mma_f16acc_t256_b04,8,NVIDIA GeForce RTX 3090,ampere,ga102,82,tensor_mma_f16acc,tensor_baseline_mov,256,1024.0,4,8,strict_nvml_counter,structural_baseline,False,False,False,False,False,True,True,True,True,fp16-energy-bench-v2,fp16-energy-bench-v2,True,logical_m16n16k16_input_bits_8192,True,bench_json_metadata,False,False,False,False,False,False,missing NCU validation row,missing NCU validation row,missing NCU validation row for tensor activity,,,,,,,,,,,,,True,True,True,158.756980165147,2.16641137695,1.02966687012,161.21856,1008.3649654798463,98.47314116014125,100.0,41984000000.0,8192.0,8192.0,-0.020764575967817864,-9.521192213315544,476.398,-7.141621411290032,-0.014990871941716867,1.0149908719417169,1.0445587571385782,0.0,nvml_total_energy_counter,nvml_total_energy_counter,0.9008927468945624,1.1335425609931475,-52.40856620022282,27.86887959084578,16,8,nonpositive incremental power/energy; expected or invalid L2/global traffic; not a pure FP16 candidate; incremental energy fraction is missing or nonpositive; baseline energy fraction 1.015 > 0.99; incremental energy is below 0.1 J or missing,,,,,,,,,,,,,,,,,,,,,,,,,,,,,,,,,,,,,,,,
pair,launch_shape_tensor_mma_f16acc_t256_b04,9,NVIDIA GeForce RTX 3090,ampere,ga102,82,tensor_mma_f16acc,tensor_baseline_mov,256,1024.0,4,8,strict_nvml_counter,structural_baseline,False,False,False,False,False,True,True,True,True,fp16-energy-bench-v2,fp16-energy-bench-v2,True,logical_m16n16k16_input_bits_8192,True,bench_json_metadata,False,False,False,False,False,False,missing NCU validation row,missing NCU validation row,missing NCU validation row for tensor activity,,,,,,,,,,,,,True,True,True,158.65360239713965,2.16782299805,1.03015014648,161.21856,1007.708348559068,98.40901841397147,100.0,41984000000.0,8192.0,8192.0,-0.06675025016628489,-16.467768464687595,450.106,-22.957608984422848,-0.051004894368044076,1.0510048943680441,1.081623486179976,0.0,nvml_total_energy_counter,nvml_total_energy_counter,0.8491462568195765,1.1051740112114707,-79.96287374837345,22.025204407514366,17,8,nonpositive incremental power/energy; expected or invalid L2/global traffic; not a pure FP16 candidate; incremental energy fraction is missing or nonpositive; baseline energy fraction 1.051 > 0.99; incremental energy is below 0.1 J or missing,,,,,,,,,,,,,,,,,,,,,,,,,,,,,,,,,,,,,,,,
pair,launch_shape_tensor_mma_f16acc_t256_b08,0,NVIDIA GeForce RTX 3090,ampere,ga102,82,tensor_mma_f16acc,tensor_baseline_mov,256,2048.0,8,8,strict_nvml_counter,structural_baseline,False,False,False,False,False,True,True,True,True,fp16-energy-bench-v2,fp16-energy-bench-v2,True,logical_m16n16k16_input_bits_8192,True,bench_json_metadata,False,False,False,False,False,False,missing NCU validation row,missing NCU validation row,missing NCU validation row for tensor activity,,,,,,,,,,,,,True,True,True,159.54183221139644,4.3115078125,1.05252148438,162.47808,1005.4946253948222,98.1928345112131,100.0,83968000000.0,8192.0,8192.0,-0.028838786781714264,-11.062382253530103,939.869,-19.83721675560537,-0.021106363499174212,1.0211063634991742,1.052297137653509,0.0,nvml_total_energy_counter,nvml_total_energy_counter,0.9023838519151762,1.0668154702918886,-101.67113616851304,15.086749483851833,33,8,nonpositive incremental power/energy; expected or invalid L2/global traffic; not a pure FP16 candidate; incremental energy fraction is missing or nonpositive; baseline energy fraction 1.021 > 0.99; incremental energy is below 0.1 J or missing,,,,,,,,,,,,,,,,,,,,,,,,,,,,,,,,,,,,,,,,
pair,launch_shape_tensor_mma_f16acc_t256_b08,1,NVIDIA GeForce RTX 3090,ampere,ga102,82,tensor_mma_f16acc,tensor_baseline_mov,256,2048.0,8,8,strict_nvml_counter,structural_baseline,True,False,True,True,True,True,True,True,True,fp16-energy-bench-v2,fp16-energy-bench-v2,True,logical_m16n16k16_input_bits_8192,True,bench_json_metadata,True,True,False,False,False,False,missing NCU validation row,missing NCU validation row,missing NCU validation row for tensor activity,,,,,,,,,,,,,True,True,True,159.47024191338204,4.313443359380001,1.04665771484,162.47808,1005.0434355163675,98.14877299964526,100.0,83968000000.0,8192.0,8192.0,0.049326658304319274,5.215695978206696,949.798,33.930124038120084,0.03572351598773643,0.9642764840122636,0.9760246838380918,0.0,nvml_total_energy_counter,nvml_total_energy_counter,0.9193143249940013,1.0036344043517618,-83.36114282766948,0.8269579812954362,33,8,,incremental energy fraction 0.03572 < warning threshold 0.05,,,,,,,,,,,,,,,,,,,,,,,,,,,,,,,,,,,,,,,
pair,launch_shape_tensor_mma_f16acc_t256_b08,2,NVIDIA GeForce RTX 3090,ampere,ga102,82,tensor_mma_f16acc,tensor_baseline_mov,256,2048.0,8,8,strict_nvml_counter,structural_baseline,False,False,False,False,False,True,True,True,True,fp16-energy-bench-v2,fp16-energy-bench-v2,True,logical_m16n16k16_input_bits_8192,True,bench_json_metadata,False,False,False,False,False,False,missing NCU validation row,missing NCU validation row,missing NCU validation row for tensor activity,,,,,,,,,,,,,True,True,True,158.2764228610275,4.34597802734,1.05153027344,161.21856,1005.312645204697,98.1750630082712,100.0,83968000000.0,8192.0,8192.0,-0.05897687877740729,-15.39701426541373,950.445,-40.56818120442949,-0.0426833548542309,1.042683354854231,1.0724112364352976,0.0,nvml_total_energy_counter,nvml_total_energy_counter,0.8988086531207552,1.0789641296511514,-107.00476608754059,18.055430135943908,33,8,nonpositive incremental power/energy; expected or invalid L2/global traffic; not a pure FP16 candidate; incremental energy fraction is missing or nonpositive; baseline energy fraction 1.043 > 0.99; incremental energy is below 0.1 J or missing,,,,,,,,,,,,,,,,,,,,,,,,,,,,,,,,,,,,,,,,
pair,launch_shape_tensor_mma_f16acc_t256_b08,3,NVIDIA GeForce RTX 3090,ampere,ga102,82,tensor_mma_f16acc,tensor_baseline_mov,256,2048.0,8,8,strict_nvml_counter,structural_baseline,True,False,True,True,True,True,True,True,True,fp16-energy-bench-v2,fp16-energy-bench-v2,True,logical_m16n16k16_input_bits_8192,True,bench_json_metadata,True,True,False,False,False,False,missing NCU validation row,missing NCU validation row,missing NCU validation row for tensor activity,,,,,,,,,,,,,True,True,True,158.28131326626735,4.34584375,1.0568796386700001,161.21856,1005.3437072298485,98.1780964091649,100.0,83968000000.0,8192.0,8192.0,0.07387244887541677,5.465352297884891,944.852,50.81433528050479,0.05378020608572009,0.9462197939142799,0.9741208914844541,0.0,nvml_total_energy_counter,nvml_total_energy_counter,0.889955725075978,0.9593441832654411,-116.83227639401423,-9.499665181702426,33,8,,,,,,,,,,,,,,,,,,,,,,,,,,,,,,,,,,,,,,,,,
pair,launch_shape_tensor_mma_f16acc_t256_b08,4,NVIDIA GeForce RTX 3090,ampere,ga102,82,tensor_mma_f16acc,tensor_baseline_mov,256,2048.0,8,8,strict_nvml_counter,structural_baseline,False,False,False,False,False,True,True,True,True,fp16-energy-bench-v2,fp16-energy-bench-v2,True,logical_m16n16k16_input_bits_8192,True,bench_json_metadata,False,False,False,False,False,False,missing NCU validation row,missing NCU validation row,missing NCU validation row for tensor activity,,,,,,,,,,,,,True,True,True,158.2246564503427,4.34739990234,1.05209143066,161.21856,1004.9838443238232,98.14295354724834,100.0,83968000000.0,8192.0,8192.0,-0.05534832111899105,40.41531871053533,947.06,-38.072220284677655,-0.0402004311075092,1.0402004311075093,0.8486419358938031,0.0,nvml_total_energy_counter,nvml_total_energy_counter,1.1231029717604977,1.056229987691884,103.80695569948057,13.062746466878167,33,8,nonpositive incremental power/energy; expected or invalid L2/global traffic; not a pure FP16 candidate; incremental energy fraction is missing or nonpositive; baseline energy fraction 1.04 > 0.99; incremental energy is below 0.1 J or missing,,,,,,,,,,,,,,,,,,,,,,,,,,,,,,,,,,,,,,,,
pair,launch_shape_tensor_mma_f16acc_t256_b08,5,NVIDIA GeForce RTX 3090,ampere,ga102,82,tensor_mma_f16acc,tensor_baseline_mov,256,2048.0,8,8,strict_nvml_counter,structural_baseline,True,False,True,True,True,True,True,True,True,fp16-energy-bench-v2,fp16-energy-bench-v2,True,logical_m16n16k16_input_bits_8192,True,bench_json_metadata,True,True,False,False,False,False,missing NCU validation row,missing NCU validation row,missing NCU validation row for tensor activity,,,,,,,,,,,,,True,True,True,158.45949431154023,4.34095703125,1.0437945556600001,161.21856,1006.4754465926081,98.2886178313094,100.0,83968000000.0,8192.0,8192.0,0.10039638611946602,9.648215153453123,961.312,69.05924607737302,0.0718385353323094,0.9281614646676906,0.9551644284935946,0.0,nvml_total_energy_counter,nvml_total_energy_counter,0.9049651015552646,0.9618035290752467,-100.95216725672424,-8.769191298295567,34,8,,,,,,,,,,,,,,,,,,,,,,,,,,,,,,,,,,,,,,,,,
pair,launch_shape_tensor_mma_f16acc_t256_b08,6,NVIDIA GeForce RTX 3090,ampere,ga102,82,tensor_mma_f16acc,tensor_baseline_mov,256,2048.0,8,8,strict_nvml_counter,structural_baseline,False,False,False,False,False,True,True,True,True,fp16-energy-bench-v2,fp16-energy-bench-v2,True,logical_m16n16k16_input_bits_8192,True,bench_json_metadata,False,False,False,False,False,False,missing NCU validation row,missing NCU validation row,missing NCU validation row for tensor activity,,,,,,,,,,,,,True,True,True,158.4843090708309,4.34027734375,1.05762915039,161.21856,1006.6330606633061,98.30400983040099,100.0,83968000000.0,8192.0,8192.0,-0.07145810787891245,-19.034810948907705,936.944,-49.15359254426846,-0.052461611947211856,1.0524616119472119,1.0914422520465152,0.0,nvml_total_energy_counter,nvml_total_energy_counter,0.8748678274489203,1.066825292787181,-134.01091524941694,15.401649596251445,34,8,nonpositive incremental power/energy; expected or invalid L2/global traffic; not a pure FP16 candidate; incremental energy fraction is missing or nonpositive; baseline energy fraction 1.052 > 0.99; incremental energy is below 0.1 J or missing,,,,,,,,,,,,,,,,,,,,,,,,,,,,,,,,,,,,,,,,
pair,launch_shape_tensor_mma_f16acc_t256_b08,7,NVIDIA GeForce RTX 3090,ampere,ga102,82,tensor_mma_f16acc,tensor_baseline_mov,256,2048.0,8,8,strict_nvml_counter,structural_baseline,False,False,False,False,False,True,True,True,True,fp16-energy-bench-v2,fp16-energy-bench-v2,True,logical_m16n16k16_input_bits_8192,True,bench_json_metadata,False,False,False,False,False,False,missing NCU validation row,missing NCU validation row,missing NCU validation row for tensor activity,,,,,,,,,,,,,True,True,True,158.46594682731478,4.34078027344,1.05162121582,161.21856,1006.5164305596721,98.29262017184298,100.0,83968000000.0,8192.0,8192.0,-0.04814686472049705,-13.873890586754328,963.029,-33.1185843146809,-0.03439001765749619,1.0343900176574963,1.0643465771044895,0.0,nvml_total_energy_counter,nvml_total_energy_counter,0.9055853764703834,1.077922886202412,-100.40358738729788,17.95224504326427,33,8,nonpositive incremental power/energy; expected or invalid L2/global traffic; not a pure FP16 candidate; incremental energy fraction is missing or nonpositive; baseline energy fraction 1.034 > 0.99; incremental energy is below 0.1 J or missing,,,,,,,,,,,,,,,,,,,,,,,,,,,,,,,,,,,,,,,,
pair,launch_shape_tensor_mma_f16acc_t256_b08,8,NVIDIA GeForce RTX 3090,ampere,ga102,82,tensor_mma_f16acc,tensor_baseline_mov,256,2048.0,8,8,strict_nvml_counter,structural_baseline,True,False,True,True,True,True,True,True,True,fp16-energy-bench-v2,fp16-energy-bench-v2,True,logical_m16n16k16_input_bits_8192,True,bench_json_metadata,True,True,False,False,False,False,missing NCU validation row,missing NCU validation row,missing NCU validation row for tensor activity,,,,,,,,,,,,,True,True,True,158.4757157243777,4.34051269531,1.06022680664,161.21856,1006.5784789404071,98.29867958402413,100.0,83968000000.0,8192.0,8192.0,0.07241577530378078,5.372957701641411,936.748,49.812339267238826,0.05317581597957916,0.9468241840204208,0.9743793348615222,0.0,nvml_total_energy_counter,nvml_total_energy_counter,0.8797946336584976,0.9570941803700649,-127.98684170353499,-9.997237800059878,33,8,,,,,,,,,,,,,,,,,,,,,,,,,,,,,,,,,,,,,,,,,
pair,launch_shape_tensor_mma_f16acc_t256_b08,9,NVIDIA GeForce RTX 3090,ampere,ga102,82,tensor_mma_f16acc,tensor_baseline_mov,256,2048.0,8,8,strict_nvml_counter,structural_baseline,True,False,True,True,True,True,True,True,True,fp16-energy-bench-v2,fp16-energy-bench-v2,True,logical_m16n16k16_input_bits_8192,True,bench_json_metadata,True,True,False,False,False,False,missing NCU validation row,missing NCU validation row,missing NCU validation row for tensor activity,,,,,,,,,,,,,True,True,True,158.41868808328877,4.34207519531,1.06157653809,161.21856,1006.2162606916208,98.26330670816608,100.0,83968000000.0,8192.0,8192.0,0.0751166798416272,5.7935393444219585,943.914,51.67019927913884,0.0547403675325706,0.9452596324674294,0.9725790392436515,0.0,nvml_total_energy_counter,nvml_total_energy_counter,0.8863260265460347,0.9626690273787541,-121.05980391545381,-8.707079003455192,33,8,,,,,,,,,,,,,,,,,,,,,,,,,,,,,,,,,,,,,,,,,
thread_sweep,,,NVIDIA GeForce RTX 3090,ampere,ga102,82,tensor_mma_f16acc,tensor_baseline_mov,32,32.0,1,8,strict_nvml_counter,structural_baseline,True,False,,True,True,True,True,True,True,,,True,logical_m16n16k16_input_bits_8192,True,bench_json_metadata,True,True,False,False,False,False,missing NCU validation row,missing NCU validation row,missing NCU validation row for tensor activity,,,,,,,,,,,,,True,True,,,,,,,,,,8192.0,8192.0,,,,,,,,,,,,,,,,,,baseline elapsed_s 0.8456s < warning threshold 1s,tensor_core_mma_m16n16k16_f16acc,10,5,7,7,False,False,False,quality_pass,98.33951728154186,tensor_model_utilization_pct_mean,quality_pass_below_saturation_band,fp16-energy-bench-v2,fp16-energy-bench-v2,100.0,98.80952380952381,38.29817437035757,1.1225822928314284,0.8455708618164286,161.9382857142857,242.17341302250333,23.649747365478838,5248000000.0,0.5784353929819288,0.12124224387352556,17.26917689735703,187.713,24.867872295888183,0.13249133306076497,0.8675086669392351,0.8936737510518419,0.0,valid_no_l2,nvml_total_energy_counter:10,nvml_total_energy_counter:10,0.959308932332476,0.9129921965949538,-7.97100174708673,-12.231450446379261
thread_sweep,,,NVIDIA GeForce RTX 3090,ampere,ga102,82,tensor_mma_f16acc,tensor_baseline_mov,64,64.0,1,8,strict_nvml_counter,structural_baseline,True,False,,True,True,True,True,True,True,,,True,logical_m16n16k16_input_bits_8192,True,bench_json_metadata,True,True,False,False,False,False,missing NCU validation row,missing NCU validation row,missing NCU validation row for tensor activity,,,,,,,,,,,,,True,True,,,,,,,,,,8192.0,8192.0,,,,,,,,,,,,,,,,,,,tensor_core_mma_m16n16k16_f16acc,10,5,10,10,False,False,False,quality_pass,98.33951728154186,tensor_model_utilization_pct_mean,quality_pass_below_saturation_band,fp16-energy-bench-v2,fp16-energy-bench-v2,100.0,98.62222222222222,77.0182821688005,1.11640345459,1.039806030274,162.47808,485.3991439389961,47.40226015029258,10496000000.0,0.3240552504550143,0.049413910583816195,20.34412583015528,193.4527,27.863317780691602,0.14404398097861426,0.8559560190213858,0.8794725644091217,0.0,valid_no_l2,nvml_total_energy_counter:10,nvml_total_energy_counter:10,0.9398710360125768,0.8691888325237567,-12.406287303060514,-23.88921707052437
thread_sweep,,,NVIDIA GeForce RTX 3090,ampere,ga102,82,tensor_mma_f16acc,tensor_baseline_mov,32,64.0,2,8,strict_nvml_counter,structural_baseline,True,False,,True,True,True,True,True,True,,,True,logical_m16n16k16_input_bits_8192,True,bench_json_metadata,True,True,False,False,False,False,missing NCU validation row,missing NCU validation row,missing NCU validation row for tensor activity,,,,,,,,,,,,,True,True,,,,,,,,,,8192.0,8192.0,,,,,,,,,,,,,,,,,,,tensor_core_mma_m16n16k16_f16acc,10,5,9,9,False,False,False,quality_pass,98.33951728154186,tensor_model_utilization_pct_mean,quality_pass_below_saturation_band,fp16-energy-bench-v2,fp16-energy-bench-v2,100.0,98.9753086419753,77.0367917480933,1.1161382785377778,1.006495557997111,162.47808,485.5157985006195,47.413652197326115,10496000000.0,0.4111398517249557,0.0713778826163606,26.544974218428784,201.22277777777776,35.35113325531247,0.1742008786834974,0.8257991213165026,0.849953434921138,0.0,valid_no_l2,nvml_total_energy_counter:10,nvml_total_energy_counter:10,0.9730321832617553,0.9347342827765647,-5.5434854417408195,-10.778260677858485
thread_sweep,,,NVIDIA GeForce RTX 3090,ampere,ga102,82,tensor_mma_f16acc,tensor_baseline_mov,128,128.0,1,8,strict_nvml_counter,structural_baseline,True,False,,True,True,True,True,True,True,,,True,logical_m16n16k16_input_bits_8192,True,bench_json_metadata,True,True,False,False,False,False,missing NCU validation row,missing NCU validation row,missing NCU validation row for tensor activity,,,,,,,,,,,,,True,True,,,,,,,,,,8192.0,8192.0,,,,,,,,,,,,,,,,,,,tensor_core_mma_m16n16k16_f16acc,10,5,9,9,False,False,False,quality_pass,98.33951728154186,tensor_model_utilization_pct_mean,quality_pass_below_saturation_band,fp16-energy-bench-v2,fp16-energy-bench-v2,94.44444444444444,95.95916429249763,153.8756500911245,1.117575507271111,1.0375763075088889,162.27593481481483,970.9917595642061,94.823414019942,20992000000.0,0.37584111113196156,0.031133812151588298,51.53510124096138,234.8871111111111,64.63206690719446,0.27462844571581724,0.7253715542841828,0.7477920332530005,6.666666666666667,valid_no_l2,nvml_total_energy_counter:10,nvml_total_energy_counter:10,0.9899905073602387,0.9269108340117328,-2.6004854228594354,-12.847220391530682
thread_sweep,,,NVIDIA GeForce RTX 3090,ampere,ga102,82,tensor_mma_f16acc,tensor_baseline_mov,64,128.0,2,8,strict_nvml_counter,structural_baseline,True,False,,True,True,True,True,True,True,,,True,logical_m16n16k16_input_bits_8192,True,bench_json_metadata,True,True,False,False,False,False,missing NCU validation row,missing NCU validation row,missing NCU validation row for tensor activity,,,,,,,,,,,,,True,True,,,,,,,,,,8192.0,8192.0,,,,,,,,,,,,,,,,,,,tensor_core_mma_m16n16k16_f16acc,10,5,10,10,False,False,False,quality_pass,98.33951728154186,tensor_model_utilization_pct_mean,quality_pass_below_saturation_band,fp16-energy-bench-v2,fp16-energy-bench-v2,99.9,98.89027777777778,153.8582929251505,1.117703540038,1.037170092773,162.262912,970.9599616895191,94.8203087587421,20992000000.0,0.3752513802876595,0.05382292144112416,51.55360582173694,239.3499,64.5306529791881,0.2680097718941995,0.7319902281058005,0.7537763116802315,7.5,valid_no_l2,nvml_total_energy_counter:10,nvml_total_energy_counter:10,1.0127069589975233,0.943430779445935,3.023970598773431,-9.946248095363021
thread_sweep,,,NVIDIA GeForce RTX 3090,ampere,ga102,82,tensor_mma_f16acc,tensor_baseline_mov,32,128.0,4,8,strict_nvml_counter,structural_baseline,True,False,,True,True,True,True,True,True,,,True,logical_m16n16k16_input_bits_8192,True,bench_json_metadata,True,True,False,False,False,False,missing NCU validation row,missing NCU validation row,missing NCU validation row for tensor activity,,,,,,,,,,,,,True,True,,,,,,,,,,8192.0,8192.0,,,,,,,,,,,,,,,,,,,tensor_core_mma_m16n16k16_f16acc,10,5,10,10,False,False,False,quality_pass,98.33951728154186,tensor_model_utilization_pct_mean,quality_pass_below_saturation_band,fp16-energy-bench-v2,fp16-energy-bench-v2,100.0,99.37777777777777,153.62318630587984,1.119416955567,1.036873107912,162.11421866666666,970.3660204051354,94.762306680189,20992000000.0,0.3508538499309065,0.05041122567438403,47.785906612027844,236.0489,60.335095953404654,0.25455967348439373,0.7454403265156062,0.7677427896671685,7.5,valid_no_l2,nvml_total_energy_counter:10,nvml_total_energy_counter:10,0.9965133958177859,0.9428442178787151,-0.8078378300173739,-10.118046404137718
thread_sweep,,,NVIDIA GeForce RTX 3090,ampere,ga102,82,tensor_mma_f16acc,tensor_baseline_mov,256,256.0,1,8,strict_nvml_counter,structural_baseline,True,True,,True,True,True,True,True,True,,,True,logical_m16n16k16_input_bits_8192,True,bench_json_metadata,True,True,False,False,False,False,missing NCU validation row,missing NCU validation row,missing NCU validation row for tensor activity,,,,,,,,,,,,,True,True,,,,,,,,,,8192.0,8192.0,,,,,,,,,,,,,,,,,,,tensor_core_mma_m16n16k16_f16acc,10,5,10,10,True,True,True,quality_pass,98.33951728154186,tensor_model_utilization_pct_mean,quality_gate_first_saturation_point,fp16-energy-bench-v2,fp16-energy-bench-v2,93.75,97.26904761904761,159.1479705254172,1.0805565307610001,1.023533850099,161.83582476190477,1006.9966569629887,98.33951728154186,20992000000.0,0.30845850528420093,0.02531588990692417,42.4301754980403,234.9764,53.04451844444935,0.22569831523496547,0.7743016847650346,0.7987380540198459,7.5,valid_no_l2,nvml_total_energy_counter:10,nvml_total_energy_counter:10,0.9521627868427419,0.9702642970671331,-11.826618552921843,-5.4646503491888065
thread_sweep,,,NVIDIA GeForce RTX 3090,ampere,ga102,82,tensor_mma_f16acc,tensor_baseline_mov,128,256.0,2,8,strict_nvml_counter,structural_baseline,True,False,,True,True,True,True,True,True,,,True,logical_m16n16k16_input_bits_8192,True,bench_json_metadata,True,True,False,False,False,False,missing NCU validation row,missing NCU validation row,missing NCU validation row for tensor activity,,,,,,,,,,,,,True,True,,,,,,,,,,8192.0,8192.0,,,,,,,,,,,,,,,,,,baseline elapsed_s 0.9928s < warning threshold 1s,tensor_core_mma_m16n16k16_f16acc,10,5,10,10,False,False,False,quality_pass,98.33951728154186,tensor_model_utilization_pct_mean,quality_pass_below_saturation_band,fp16-energy-bench-v2,fp16-energy-bench-v2,99.2,99.72361111111111,159.136674388988,1.080639526366,0.9928208923334999,162.02850133333334,1005.7227614684869,98.21511342465692,20992000000.0,0.29368389464924827,0.0533861499011696,40.73816910854332,228.06599999999997,50.50378089657974,0.21927115974006553,0.7807288402599345,0.8035359316131714,7.5,valid_no_l2,nvml_total_energy_counter:10,nvml_total_energy_counter:10,0.9284475599149526,0.9568364631851038,-17.615474170252636,-7.597092924965082
thread_sweep,,,NVIDIA GeForce RTX 3090,ampere,ga102,82,tensor_mma_f16acc,tensor_baseline_mov,64,256.0,4,8,strict_nvml_counter,structural_baseline,True,False,,True,True,True,True,True,True,,,True,logical_m16n16k16_input_bits_8192,True,bench_json_metadata,True,True,False,False,False,False,missing NCU validation row,missing NCU validation row,missing NCU validation row for tensor activity,,,,,,,,,,,,,True,True,,,,,,,,,,8192.0,8192.0,,,,,,,,,,,,,,,,,,,tensor_core_mma_m16n16k16_f16acc,10,5,9,9,False,False,False,quality_pass,98.33951728154186,tensor_model_utilization_pct_mean,quality_pass_below_saturation_band,fp16-energy-bench-v2,fp16-energy-bench-v2,92.55555555555556,97.34885361552028,158.9068704363188,1.0822167290599998,1.02210466851,161.9829908994709,1004.5560792083207,98.10117961018756,20992000000.0,0.3271037722918796,0.021638442491781068,45.73149065689686,234.24988888888888,56.25087908209571,0.24009485485129664,0.7599051451487033,0.7824813837498351,8.333333333333334,valid_no_l2,nvml_total_energy_counter:10,nvml_total_energy_counter:10,0.9512321820909341,0.9511793419124869,-12.0584078796005,-8.931386743483532
thread_sweep,,,NVIDIA GeForce RTX 3090,ampere,ga102,82,tensor_mma_f16acc,tensor_baseline_mov,32,256.0,8,8,strict_nvml_counter,structural_baseline,True,False,,True,True,True,True,True,True,,,True,logical_m16n16k16_input_bits_8192,True,bench_json_metadata,True,True,False,False,False,False,missing NCU validation row,missing NCU validation row,missing NCU validation row for tensor activity,,,,,,,,,,,,,True,True,,,,,,,,,,8192.0,8192.0,,,,,,,,,,,,,,,,,,,tensor_core_mma_m16n16k16_f16acc,10,5,10,10,False,False,False,quality_pass,98.33951728154186,tensor_model_utilization_pct_mean,quality_pass_below_saturation_band,fp16-energy-bench-v2,fp16-energy-bench-v2,98.22222222222223,99.64583333333333,158.7351562002065,1.08339786377,1.022653350831,161.88680533333334,1004.0609160786704,98.05282383580764,20992000000.0,0.2739995185042506,0.026717976682646093,126.8214866913142,233.35999999999999,47.11872833487853,0.20198397279955574,0.7980160272004443,0.7569006735976777,7.5,valid_no_l2,nvml_total_energy_counter:10,nvml_total_energy_counter:10,1.361869748633863,0.9836735941281907,6.208527911224403,-2.991893793092865
thread_sweep,,,NVIDIA GeForce RTX 3090,ampere,ga102,82,tensor_mma_f16acc,tensor_baseline_mov,256,512.0,2,8,strict_nvml_counter,structural_baseline,True,False,,True,True,True,True,True,True,,,True,logical_m16n16k16_input_bits_8192,True,bench_json_metadata,True,True,False,False,False,False,missing NCU validation row,missing NCU validation row,missing NCU validation row for tensor activity,,,,,,,,,,,,,True,True,,,,,,,,,,8192.0,8192.0,,,,,,,,,,,,,,,,,,,tensor_core_mma_m16n16k16_f16acc,10,5,10,10,False,False,False,quality_pass,98.33951728154186,tensor_model_utilization_pct_mean,quality_pass_below_saturation_band,fp16-energy-bench-v2,fp16-energy-bench-v2,100.0,99.73333333333333,158.75543801759903,1.08324432373,1.029480407715,161.65239466666668,1005.6496657320979,98.20797516915016,20992000000.0,0.1571273791686486,0.03546908221026126,96.46343178015414,232.8411,27.02063979321976,0.11520399539305207,0.884796004606948,0.8441753203846973,1.5,valid_no_l2,nvml_total_energy_counter:10,nvml_total_energy_counter:10,1.2156417675248996,0.9697015912329279,-8.831753201813317,-6.608138811355491
thread_sweep,,,NVIDIA GeForce RTX 3090,ampere,ga102,82,tensor_mma_f16acc,tensor_baseline_mov,128,512.0,4,8,strict_nvml_counter,structural_baseline,True,False,,True,True,True,True,True,True,,,True,logical_m16n16k16_input_bits_8192,True,bench_json_metadata,True,True,False,False,False,False,missing NCU validation row,missing NCU validation row,missing NCU validation row for tensor activity,,,,,,,,,,,,,True,True,,,,,,,,,,8192.0,8192.0,,,,,,,,,,,,,,,,,,,tensor_core_mma_m16n16k16_f16acc,10,5,9,9,False,False,True,quality_pass,98.33951728154186,tensor_model_utilization_pct_mean,quality_pass_saturated_tie_loser,fp16-energy-bench-v2,fp16-energy-bench-v2,100.0,99.74145299145299,158.98885498352527,1.081650973851111,1.0250524291977778,161.83082666666667,1006.0154173248791,98.24369309813272,20992000000.0,0.1587677275116767,0.03502646278619745,18.88792045873878,234.08244444444446,27.30272469749856,0.1164675320718868,0.8835324679281132,0.9103673820717904,1.6666666666666667,valid_no_l2,nvml_total_energy_counter:10,nvml_total_energy_counter:10,0.8992822103049244,0.992672022120171,-26.33551272295402,-1.5581390024836201
thread_sweep,,,NVIDIA GeForce RTX 3090,ampere,ga102,82,tensor_mma_f16acc,tensor_baseline_mov,64,512.0,8,8,strict_nvml_counter,structural_baseline,True,False,,True,True,True,False,True,True,,,True,logical_m16n16k16_input_bits_8192,True,bench_json_metadata,True,True,False,False,False,False,missing NCU validation row,missing NCU validation row,missing NCU validation row for tensor activity,,,,,,,,,,,,,True,True,,,,,,,,,,8192.0,8192.0,,,,,,,,,,,,,,,,,,"test NVML-counter/power-trace ratio 1.595 outside [0.5, 1.5]",tensor_core_mma_m16n16k16_f16acc,10,5,10,10,False,False,True,quality_pass,98.33951728154186,tensor_model_utilization_pct_mean,quality_pass_saturated_tie_loser,fp16-energy-bench-v2,fp16-energy-bench-v2,100.0,99.7513888888889,159.00291106839,1.081557238769,1.0321833129890001,161.801088,1006.287952601025,98.27030787119385,20992000000.0,0.12627210690418847,0.035699383193383,174.78202099657398,235.23269999999997,21.71456772614328,0.09237121204022573,0.9076287879597743,0.7863804323143619,1.5,valid_no_l2,nvml_total_energy_counter:10,nvml_total_energy_counter:10,1.5950627065312588,1.0154028236855424,14.953977301927143,3.1604109634357656
thread_sweep,,,NVIDIA GeForce RTX 3090,ampere,ga102,82,tensor_mma_f16acc,tensor_baseline_mov,256,1024.0,4,8,strict_nvml_counter,structural_baseline,True,False,,True,True,True,True,True,True,,,True,logical_m16n16k16_input_bits_8192,True,bench_json_metadata,True,True,False,False,False,False,missing NCU validation row,missing NCU validation row,missing NCU validation row for tensor activity,,,,,,,,,,,,,True,True,,,,,,,,,,8192.0,8192.0,,,,,,,,,,,,,,,,,,,tensor_core_mma_m16n16k16_f16acc,10,5,7,7,False,False,True,quality_pass,98.33951728154186,tensor_model_utilization_pct_mean,quality_pass_saturated_tie_loser,fp16-energy-bench-v2,fp16-energy-bench-v2,100.0,99.88638876603272,158.88576734664593,2.16467794364,1.025842677527143,161.57842285714287,1006.9365290906223,98.33364541900609,41984000000.0,0.11697108717296255,0.015133398685385262,12.567557487867239,477.3764285714286,40.230208502740254,0.0842933820641473,0.9157066179358527,0.9414149951716553,0.0,valid_no_l2,nvml_total_energy_counter:10,nvml_total_energy_counter:10,0.9061946252874611,1.035250250376001,-49.428064835881564,7.260096459512182
thread_sweep,,,NVIDIA GeForce RTX 3090,ampere,ga102,82,tensor_mma_f16acc,tensor_baseline_mov,128,1024.0,8,8,strict_nvml_counter,structural_baseline,True,False,,True,True,True,True,True,True,,,True,logical_m16n16k16_input_bits_8192,True,bench_json_metadata,True,True,False,False,False,False,missing NCU validation row,missing NCU validation row,missing NCU validation row for tensor activity,,,,,,,,,,,,,True,True,,,,,,,,,,8192.0,8192.0,,,,,,,,,,,,,,,,,,,tensor_core_mma_m16n16k16_f16acc,10,5,8,8,False,False,False,quality_pass,98.33951728154186,tensor_model_utilization_pct_mean,quality_pass_below_saturation_band,fp16-energy-bench-v2,fp16-energy-bench-v2,100.0,99.87775735294117,158.66764130945134,2.167643341065,1.0307694396975,161.60232,1005.4075322513737,98.18432932142322,41984000000.0,0.09847000138355587,0.020397079844278573,9.844711343254303,467.5085,33.86707589601042,0.0721022222140104,0.9278977777859896,0.9534026432288268,1.875,valid_no_l2,nvml_total_energy_counter:10,nvml_total_energy_counter:10,0.8876568549339711,1.0209015219906945,-59.20226519360224,4.115420064356904
thread_sweep,,,NVIDIA GeForce RTX 3090,ampere,ga102,82,tensor_mma_f16acc,tensor_baseline_mov,256,2048.0,8,8,strict_nvml_counter,structural_baseline,True,False,,True,True,True,True,True,True,,,True,logical_m16n16k16_input_bits_8192,True,bench_json_metadata,True,True,False,False,False,False,missing NCU validation row,missing NCU validation row,missing NCU validation row for tensor activity,,,,,,,,,,,,,True,True,,,,,,,,,,8192.0,8192.0,,,,,,,,,,,,,,,,,,,tensor_core_mma_m16n16k16_f16acc,10,5,5,5,False,False,False,quality_pass,98.33951728154186,tensor_model_utilization_pct_mean,quality_pass_below_saturation_band,fp16-energy-bench-v2,fp16-energy-bench-v2,100.0,99.94581105169341,158.62109065977123,4.33656640625,1.05382705078,161.470464,1005.9314657941704,98.23549470646195,83968000000.0,0.07422558968892201,0.015857002937517295,6.299152095121616,947.3248,51.057248788475114,0.053851688183583137,0.9461483118164168,0.9704536755842629,0.0,valid_no_l2,nvml_total_energy_counter:10,nvml_total_energy_counter:10,0.8960711623659552,0.9689090648882537,-110.03844641947936,-7.229243060443525
