condition,pair_index,repeat_index,gpu,architecture_generation,architecture_chip,gpu_product_class,recommended_cuda_arch,sm_count,fp16_tensor_instruction_path,wgmma_supported,benchmark_uses_wgmma,fp16_path,test_benchmark_schema_version,baseline_benchmark_schema_version,test_benchmark_schema_features,baseline_benchmark_schema_features,test_bench_build_git_commit,baseline_bench_build_git_commit,test_kernel,baseline_kernel,blocks,threads,threads_per_sm,blocks_per_sm_requested,iters,unroll,elapsed_s,baseline_elapsed_s,fp16_ops,memory_bytes,memory_bits,matmul_input_bits,matmul_accumulator_read_bits,matmul_output_bits,matmul_arithmetic_read_bits,matmul_register_read_write_bits,matmul_logical_mma_count,matmul_flops_per_logical_mma,matmul_input_bits_per_logical_mma,matmul_accumulator_bits_per_logical_mma,matmul_output_bits_per_logical_mma,matmul_arithmetic_read_bits_per_logical_mma,matmul_register_read_write_bits_per_logical_mma,matmul_denominator_metadata_complete,matmul_denominator_source,matmul_denominator_valid,matmul_denominator_note,tensor_model_architecture_chip,tensor_model_reference_note,tensor_model_reference_url,tensor_model_reference_dense_tflops,tensor_model_reference_sparse_tflops,tensor_model_flop_per_sm_cycle,tensor_model_clock_mhz,tensor_model_clock_source,tensor_model_common_instruction_path,tensor_model_normalization_scope,tensor_peak_tflops_model,achieved_flops_per_sm_cycle,tensor_model_utilization_pct,suppress_output_store,expected_l2_touch,tflops,memory_gbps,test_avg_power_w,baseline_avg_power_w,test_energy_j,baseline_energy_j,test_energy_source,baseline_energy_source,test_power_trace_energy_j,baseline_power_trace_energy_j,test_power_trace_avg_power_w,baseline_power_trace_avg_power_w,test_power_trace_query_modes,baseline_power_trace_query_modes,test_avg_power_draw_average_w,baseline_avg_power_draw_average_w,test_avg_power_draw_instant_w,baseline_avg_power_draw_instant_w,test_avg_power_limit_w,baseline_avg_power_limit_w,test_nvml_energy_delta_j,baseline_nvml_energy_delta_j,test_energy_counter_vs_trace_delta_j,baseline_energy_counter_vs_trace_delta_j,test_energy_counter_vs_trace_ratio,baseline_energy_counter_vs_trace_ratio,baseline_scaled_energy_j,baseline_energy_fraction,incremental_energy_fraction,baseline_power_fraction,energy_sources_match,incremental_power_w,incremental_energy_j,pj_per_flop,w_per_tflops,incremental_pj_per_bit,total_pj_per_bit,matmul_input_pj_per_bit,matmul_arithmetic_read_pj_per_bit,matmul_register_read_write_pj_per_bit,test_power_samples,baseline_power_samples,test_sm_util_samples,baseline_sm_util_samples,avg_sm_clock_mhz,clock_span_mhz,max_temp_c,avg_gpu_util_pct,max_gpu_util_pct,avg_sm_util_pct,max_sm_util_pct,valid_basic,valid_no_l2,pure_fp16_candidate,separation_quality,test_run_id,baseline_run_id,test_power_csv,baseline_power_csv,test_sm_util_csv,baseline_sm_util_csv
launch_shape_tensor_mma_f16acc_t032_b01,0,0,NVIDIA GeForce RTX 3090,ampere,ga102,consumer,86,82,benchmark uses warp-level HMMA mma.sync m16n8k16 pairs,False,False,tensor_core_mma_m16n16k16_f16acc,fp16-energy-bench-v2,fp16-energy-bench-v2,"nvml_timed_energy_counter,explicit_m16n16k16_denominator,strict_denominator_provenance,tensor_no_memory_warpsync_baseline","nvml_timed_energy_counter,explicit_m16n16k16_denominator,strict_denominator_provenance,tensor_no_memory_warpsync_baseline",bae1f83e791c,bae1f83e791c,tensor_mma_f16acc,tensor_baseline_mov,82,32,32.0,1,1000000,8,1.12409191895,0.837378051758,42991616000000.0,0.0,0.0,42991616000000.0,21495808000000.0,21495808000000.0,64487424000000.0,85983232000000.0,5248000000.0,8192.0,8192.0,4096.0,4096.0,12288.0,16384.0,True,bench_json_metadata,True,logical_m16n16k16_input_bits_8192,ga102,"RTX 3090 FE dense FP16 Tensor Core peak, no sparsity",https://www.nvidia.com/content/dam/en-zz/Solutions/geforce/ampere/pdf/NVIDIA-ampere-GA102-GPU-Architecture-Whitepaper-V1.pdf,142.0,284.0,1024.0,1935.0,measured_avg_sm_clock_mhz,warp-level HMMA mma.sync.aligned.m16n8k16 pair -> logical m16n16k16,"dense FP16 Tensor Core HMMA normalization only; no sparsity, no WGMMA",162.47808,241.03889213448346,23.538954310008148,True,False,38.24564101497849,nan,146.37557926743716,150.5049063316125,169.195,129.59,nvml_total_energy_counter,nvml_total_energy_counter,185.70544081593104,138.1942278026564,160.6592480424757,160.49779543952712,average_instant,average_instant,160.39777777777778,161.52,170.25666666666666,156.85166666666666,370.0,370.0,169.195,129.59,-16.510440815931048,-8.604227802656396,0.9110933920762397,0.9377381534709006,169.1813489696923,0.999919317767619,8.068223238097388e-05,1.0282104917011519,True,-4.129327064175328,0.013651030307698875,0.0003175277316325787,-0.10796856725602068,nan,nan,0.0003175277316325787,0.0002116851544217191,0.00015876386581628935,9,6,1,1,1935.0,0.0,60.0,99.44444444444444,100.0,100.0,100.0,False,False,False,invalid_or_nonpositive_increment,launch_shape_tensor_mma_f16acc_t032_b01_rep000_test_385d5469,launch_shape_tensor_mma_f16acc_t032_b01_rep000_baseline_08b13aa9,/home/bang001/gpupowermodeling/accelwattch/util/fp16_energy_impl/results/strict_fp16_launch_shape_rtx3090_20260602_115550/raw/launch_shape_tensor_mma_f16acc_t032_b01_rep000_test_385d5469/power.csv,/home/bang001/gpupowermodeling/accelwattch/util/fp16_energy_impl/results/strict_fp16_launch_shape_rtx3090_20260602_115550/raw/launch_shape_tensor_mma_f16acc_t032_b01_rep000_baseline_08b13aa9/power.csv,/home/bang001/gpupowermodeling/accelwattch/util/fp16_energy_impl/results/strict_fp16_launch_shape_rtx3090_20260602_115550/raw/launch_shape_tensor_mma_f16acc_t032_b01_rep000_test_385d5469/sm_util.csv,/home/bang001/gpupowermodeling/accelwattch/util/fp16_energy_impl/results/strict_fp16_launch_shape_rtx3090_20260602_115550/raw/launch_shape_tensor_mma_f16acc_t032_b01_rep000_baseline_08b13aa9/sm_util.csv
launch_shape_tensor_mma_f16acc_t032_b01,1,1,NVIDIA GeForce RTX 3090,ampere,ga102,consumer,86,82,benchmark uses warp-level HMMA mma.sync m16n8k16 pairs,False,False,tensor_core_mma_m16n16k16_f16acc,fp16-energy-bench-v2,fp16-energy-bench-v2,"nvml_timed_energy_counter,explicit_m16n16k16_denominator,strict_denominator_provenance,tensor_no_memory_warpsync_baseline","nvml_timed_energy_counter,explicit_m16n16k16_denominator,strict_denominator_provenance,tensor_no_memory_warpsync_baseline",bae1f83e791c,bae1f83e791c,tensor_mma_f16acc,tensor_baseline_mov,82,32,32.0,1,1000000,8,1.1177994384799999,0.843499511719,42991616000000.0,0.0,0.0,42991616000000.0,21495808000000.0,21495808000000.0,64487424000000.0,85983232000000.0,5248000000.0,8192.0,8192.0,4096.0,4096.0,12288.0,16384.0,True,bench_json_metadata,True,logical_m16n16k16_input_bits_8192,ga102,"RTX 3090 FE dense FP16 Tensor Core peak, no sparsity",https://www.nvidia.com/content/dam/en-zz/Solutions/geforce/ampere/pdf/NVIDIA-ampere-GA102-GPU-Architecture-Whitepaper-V1.pdf,142.0,284.0,1024.0,1935.0,measured_avg_sm_clock_mhz,warp-level HMMA mma.sync.aligned.m16n8k16 pair -> logical m16n16k16,"dense FP16 Tensor Core HMMA normalization only; no sparsity, no WGMMA",162.47808,242.39578360271432,23.67146324245257,True,False,38.46093898424268,nan,167.5154070037838,152.76046479171802,193.261,132.979,nvml_total_energy_counter,nvml_total_energy_counter,192.49419172541872,155.80193104107752,166.85075039841408,178.9784507424646,average_instant,average_instant,166.64888888888888,178.955,176.33666666666667,164.745,370.0,370.0,193.261,132.979,0.7668082745812796,-22.82293104107751,1.0039835398029833,0.8535131696470425,170.7555617661262,0.8835489921201184,0.11645100787988164,0.9119188946498964,True,14.754942212065771,22.505438233873804,0.523484351783236,0.38363447699783987,nan,nan,0.523484351783236,0.3489895678554908,0.261742175891618,9,6,1,1,1935.0,0.0,65.0,99.44444444444444,100.0,100.0,100.0,True,True,True,pure_fp16_candidate_no_l2,launch_shape_tensor_mma_f16acc_t032_b01_rep001_test_8e156842,launch_shape_tensor_mma_f16acc_t032_b01_rep001_baseline_fded8156,/home/bang001/gpupowermodeling/accelwattch/util/fp16_energy_impl/results/strict_fp16_launch_shape_rtx3090_20260602_115550/raw/launch_shape_tensor_mma_f16acc_t032_b01_rep001_test_8e156842/power.csv,/home/bang001/gpupowermodeling/accelwattch/util/fp16_energy_impl/results/strict_fp16_launch_shape_rtx3090_20260602_115550/raw/launch_shape_tensor_mma_f16acc_t032_b01_rep001_baseline_fded8156/power.csv,/home/bang001/gpupowermodeling/accelwattch/util/fp16_energy_impl/results/strict_fp16_launch_shape_rtx3090_20260602_115550/raw/launch_shape_tensor_mma_f16acc_t032_b01_rep001_test_8e156842/sm_util.csv,/home/bang001/gpupowermodeling/accelwattch/util/fp16_energy_impl/results/strict_fp16_launch_shape_rtx3090_20260602_115550/raw/launch_shape_tensor_mma_f16acc_t032_b01_rep001_baseline_fded8156/sm_util.csv
launch_shape_tensor_mma_f16acc_t032_b01,2,2,NVIDIA GeForce RTX 3090,ampere,ga102,consumer,86,82,benchmark uses warp-level HMMA mma.sync m16n8k16 pairs,False,False,tensor_core_mma_m16n16k16_f16acc,fp16-energy-bench-v2,fp16-energy-bench-v2,"nvml_timed_energy_counter,explicit_m16n16k16_denominator,strict_denominator_provenance,tensor_no_memory_warpsync_baseline","nvml_timed_energy_counter,explicit_m16n16k16_denominator,strict_denominator_provenance,tensor_no_memory_warpsync_baseline",bae1f83e791c,bae1f83e791c,tensor_mma_f16acc,tensor_baseline_mov,82,32,32.0,1,1000000,8,1.1172829589800002,0.843881347656,42991616000000.0,0.0,0.0,42991616000000.0,21495808000000.0,21495808000000.0,64487424000000.0,85983232000000.0,5248000000.0,8192.0,8192.0,4096.0,4096.0,12288.0,16384.0,True,bench_json_metadata,True,logical_m16n16k16_input_bits_8192,ga102,"RTX 3090 FE dense FP16 Tensor Core peak, no sparsity",https://www.nvidia.com/content/dam/en-zz/Solutions/geforce/ampere/pdf/NVIDIA-ampere-GA102-GPU-Architecture-Whitepaper-V1.pdf,142.0,284.0,1024.0,1935.0,measured_avg_sm_clock_mhz,warp-level HMMA mma.sync.aligned.m16n8k16 pair -> logical m16n16k16,"dense FP16 Tensor Core HMMA normalization only; no sparsity, no WGMMA",162.47808,242.50783440605912,23.68240570371671,True,False,38.4787180852094,nan,151.23691824221535,156.31384128081754,173.929,133.546,nvml_total_energy_counter,nvml_total_energy_counter,193.06447531777795,148.59201836258228,167.87583593944072,173.92500841601407,average_instant,average_instant,167.59444444444443,174.40333333333334,177.3,166.96833333333333,370.0,370.0,173.929,133.546,-19.135475317777946,-15.046018362582288,0.9008855705521093,0.8987427553082413,174.6467911157619,1.0041269202706962,-0.004126920270696158,1.0335693367572538,True,-5.076923038602189,-0.7177911157619121,-0.016696071991383437,-0.13194106485979,nan,nan,-0.016696071991383437,-0.011130714660922292,-0.008348035995691718,9,6,1,1,1935.0,0.0,67.0,99.88888888888889,100.0,100.0,100.0,False,False,False,invalid_or_nonpositive_increment,launch_shape_tensor_mma_f16acc_t032_b01_rep002_test_8983db3b,launch_shape_tensor_mma_f16acc_t032_b01_rep002_baseline_38428bbb,/home/bang001/gpupowermodeling/accelwattch/util/fp16_energy_impl/results/strict_fp16_launch_shape_rtx3090_20260602_115550/raw/launch_shape_tensor_mma_f16acc_t032_b01_rep002_test_8983db3b/power.csv,/home/bang001/gpupowermodeling/accelwattch/util/fp16_energy_impl/results/strict_fp16_launch_shape_rtx3090_20260602_115550/raw/launch_shape_tensor_mma_f16acc_t032_b01_rep002_baseline_38428bbb/power.csv,/home/bang001/gpupowermodeling/accelwattch/util/fp16_energy_impl/results/strict_fp16_launch_shape_rtx3090_20260602_115550/raw/launch_shape_tensor_mma_f16acc_t032_b01_rep002_test_8983db3b/sm_util.csv,/home/bang001/gpupowermodeling/accelwattch/util/fp16_energy_impl/results/strict_fp16_launch_shape_rtx3090_20260602_115550/raw/launch_shape_tensor_mma_f16acc_t032_b01_rep002_baseline_38428bbb/sm_util.csv
launch_shape_tensor_mma_f16acc_t032_b01,3,3,NVIDIA GeForce RTX 3090,ampere,ga102,consumer,86,82,benchmark uses warp-level HMMA mma.sync m16n8k16 pairs,False,False,tensor_core_mma_m16n16k16_f16acc,fp16-energy-bench-v2,fp16-energy-bench-v2,"nvml_timed_energy_counter,explicit_m16n16k16_denominator,strict_denominator_provenance,tensor_no_memory_warpsync_baseline","nvml_timed_energy_counter,explicit_m16n16k16_denominator,strict_denominator_provenance,tensor_no_memory_warpsync_baseline",bae1f83e791c,bae1f83e791c,tensor_mma_f16acc,tensor_baseline_mov,82,32,32.0,1,1000000,8,1.1189299316399999,0.8443453369139999,42991616000000.0,0.0,0.0,42991616000000.0,21495808000000.0,21495808000000.0,64487424000000.0,85983232000000.0,5248000000.0,8192.0,8192.0,4096.0,4096.0,12288.0,16384.0,True,bench_json_metadata,True,logical_m16n16k16_input_bits_8192,ga102,"RTX 3090 FE dense FP16 Tensor Core peak, no sparsity",https://www.nvidia.com/content/dam/en-zz/Solutions/geforce/ampere/pdf/NVIDIA-ampere-GA102-GPU-Architecture-Whitepaper-V1.pdf,142.0,284.0,1024.0,1935.0,measured_avg_sm_clock_mhz,warp-level HMMA mma.sync.aligned.m16n8k16 pair -> logical m16n16k16,"dense FP16 Tensor Core HMMA normalization only; no sparsity, no WGMMA",162.47808,242.150882856361,23.6475471539415,True,False,38.42208058281879,nan,156.84939536701333,138.92254352776692,180.616,120.704,nvml_total_energy_counter,nvml_total_energy_counter,194.22247972847435,135.30942483977242,168.66544775708246,155.73244848572037,average_instant,average_instant,168.47,155.805,177.89666666666665,166.51833333333335,370.0,370.0,180.616,120.704,-13.60647972847434,-14.605424839772425,0.929943847141194,0.8920590723294587,155.44459213277915,0.8606357805110242,0.13936421948897584,0.8857065926374839,True,17.92685183924641,25.171407867220864,0.5854957363598722,0.4665768112324131,nan,nan,0.5854957363598722,0.3903304909065815,0.2927478681799361,9,6,1,1,1935.0,0.0,67.0,98.77777777777777,100.0,100.0,100.0,True,True,True,pure_fp16_candidate_no_l2,launch_shape_tensor_mma_f16acc_t032_b01_rep003_test_57d28f8c,launch_shape_tensor_mma_f16acc_t032_b01_rep003_baseline_1a928500,/home/bang001/gpupowermodeling/accelwattch/util/fp16_energy_impl/results/strict_fp16_launch_shape_rtx3090_20260602_115550/raw/launch_shape_tensor_mma_f16acc_t032_b01_rep003_test_57d28f8c/power.csv,/home/bang001/gpupowermodeling/accelwattch/util/fp16_energy_impl/results/strict_fp16_launch_shape_rtx3090_20260602_115550/raw/launch_shape_tensor_mma_f16acc_t032_b01_rep003_baseline_1a928500/power.csv,/home/bang001/gpupowermodeling/accelwattch/util/fp16_energy_impl/results/strict_fp16_launch_shape_rtx3090_20260602_115550/raw/launch_shape_tensor_mma_f16acc_t032_b01_rep003_test_57d28f8c/sm_util.csv,/home/bang001/gpupowermodeling/accelwattch/util/fp16_energy_impl/results/strict_fp16_launch_shape_rtx3090_20260602_115550/raw/launch_shape_tensor_mma_f16acc_t032_b01_rep003_baseline_1a928500/sm_util.csv
launch_shape_tensor_mma_f16acc_t032_b01,4,4,NVIDIA GeForce RTX 3090,ampere,ga102,consumer,86,82,benchmark uses warp-level HMMA mma.sync m16n8k16 pairs,False,False,tensor_core_mma_m16n16k16_f16acc,fp16-energy-bench-v2,fp16-energy-bench-v2,"nvml_timed_energy_counter,explicit_m16n16k16_denominator,strict_denominator_provenance,tensor_no_memory_warpsync_baseline","nvml_timed_energy_counter,explicit_m16n16k16_denominator,strict_denominator_provenance,tensor_no_memory_warpsync_baseline",bae1f83e791c,bae1f83e791c,tensor_mma_f16acc,tensor_baseline_mov,82,32,32.0,1,1000000,8,1.1168706054700002,0.848976867676,42991616000000.0,0.0,0.0,42991616000000.0,21495808000000.0,21495808000000.0,64487424000000.0,85983232000000.0,5248000000.0,8192.0,8192.0,4096.0,4096.0,12288.0,16384.0,True,bench_json_metadata,True,logical_m16n16k16_input_bits_8192,ga102,"RTX 3090 FE dense FP16 Tensor Core peak, no sparsity",https://www.nvidia.com/content/dam/en-zz/Solutions/geforce/ampere/pdf/NVIDIA-ampere-GA102-GPU-Architecture-Whitepaper-V1.pdf,142.0,284.0,1024.0,1935.0,measured_avg_sm_clock_mhz,warp-level HMMA mma.sync.aligned.m16n8k16 pair -> logical m16n16k16,"dense FP16 Tensor Core HMMA normalization only; no sparsity, no WGMMA",162.47808,242.59736935865794,23.69114935143144,True,False,38.49292459613826,nan,167.84333639225414,137.25713236861102,193.068,120.018,nvml_total_energy_counter,nvml_total_energy_counter,195.10776779032633,135.93501297582577,169.61660504057403,155.46043151487092,average_instant,average_instant,169.3311111111111,155.53166666666667,178.36777777777777,165.77833333333334,370.0,370.0,193.068,120.018,-2.039767790326323,-15.91701297582577,0.9895454301311142,0.8829071875789911,153.29845653360655,0.7940127651066284,0.20598723489337153,0.8177693277488098,True,30.58620402364312,39.76954346639346,0.9250534677829616,0.7945928854341099,nan,nan,0.9250534677829616,0.6167023118553078,0.4625267338914808,9,6,1,1,1935.0,0.0,68.0,99.11111111111111,100.0,100.0,100.0,True,True,True,pure_fp16_candidate_no_l2,launch_shape_tensor_mma_f16acc_t032_b01_rep004_test_a68dca4c,launch_shape_tensor_mma_f16acc_t032_b01_rep004_baseline_52a9b48b,/home/bang001/gpupowermodeling/accelwattch/util/fp16_energy_impl/results/strict_fp16_launch_shape_rtx3090_20260602_115550/raw/launch_shape_tensor_mma_f16acc_t032_b01_rep004_test_a68dca4c/power.csv,/home/bang001/gpupowermodeling/accelwattch/util/fp16_energy_impl/results/strict_fp16_launch_shape_rtx3090_20260602_115550/raw/launch_shape_tensor_mma_f16acc_t032_b01_rep004_baseline_52a9b48b/power.csv,/home/bang001/gpupowermodeling/accelwattch/util/fp16_energy_impl/results/strict_fp16_launch_shape_rtx3090_20260602_115550/raw/launch_shape_tensor_mma_f16acc_t032_b01_rep004_test_a68dca4c/sm_util.csv,/home/bang001/gpupowermodeling/accelwattch/util/fp16_energy_impl/results/strict_fp16_launch_shape_rtx3090_20260602_115550/raw/launch_shape_tensor_mma_f16acc_t032_b01_rep004_baseline_52a9b48b/sm_util.csv
launch_shape_tensor_mma_f16acc_t032_b01,5,5,NVIDIA GeForce RTX 3090,ampere,ga102,consumer,86,82,benchmark uses warp-level HMMA mma.sync m16n8k16 pairs,False,False,tensor_core_mma_m16n16k16_f16acc,fp16-energy-bench-v2,fp16-energy-bench-v2,"nvml_timed_energy_counter,explicit_m16n16k16_denominator,strict_denominator_provenance,tensor_no_memory_warpsync_baseline","nvml_timed_energy_counter,explicit_m16n16k16_denominator,strict_denominator_provenance,tensor_no_memory_warpsync_baseline",bae1f83e791c,bae1f83e791c,tensor_mma_f16acc,tensor_baseline_mov,82,32,32.0,1,1000000,8,1.1170067138700002,0.843511779785,42991616000000.0,0.0,0.0,42991616000000.0,21495808000000.0,21495808000000.0,64487424000000.0,85983232000000.0,5248000000.0,8192.0,8192.0,4096.0,4096.0,12288.0,16384.0,True,bench_json_metadata,True,logical_m16n16k16_input_bits_8192,ga102,"RTX 3090 FE dense FP16 Tensor Core peak, no sparsity",https://www.nvidia.com/content/dam/en-zz/Solutions/geforce/ampere/pdf/NVIDIA-ampere-GA102-GPU-Architecture-Whitepaper-V1.pdf,142.0,284.0,1024.0,1935.0,measured_avg_sm_clock_mhz,warp-level HMMA mma.sync.aligned.m16n8k16 pair -> logical m16n16k16,"dense FP16 Tensor Core HMMA normalization only; no sparsity, no WGMMA",162.47808,242.5678086233664,23.68826256087562,True,False,38.488234194269545,nan,153.71562415848263,139.9281670968132,176.666,121.452,nvml_total_energy_counter,nvml_total_energy_counter,195.92843120821928,135.37128488443255,170.47570609830842,155.9649554673384,average_instant,average_instant,170.1277777777778,155.97166666666666,178.72,167.13,370.0,370.0,176.666,121.452,-19.262431208219283,-13.919284884432557,0.901686390844683,0.8971769759272393,156.3007021066636,0.8847242939029786,0.11527570609702144,0.9103054283704148,True,13.787457061669414,20.36529789333639,0.4737039401667616,0.3582252433841771,nan,nan,0.4737039401667616,0.31580262677784104,0.2368519700833808,9,6,1,1,1935.0,0.0,68.0,98.22222222222223,100.0,100.0,100.0,True,True,True,pure_fp16_candidate_no_l2,launch_shape_tensor_mma_f16acc_t032_b01_rep005_test_10ca89ac,launch_shape_tensor_mma_f16acc_t032_b01_rep005_baseline_10fd0d4e,/home/bang001/gpupowermodeling/accelwattch/util/fp16_energy_impl/results/strict_fp16_launch_shape_rtx3090_20260602_115550/raw/launch_shape_tensor_mma_f16acc_t032_b01_rep005_test_10ca89ac/power.csv,/home/bang001/gpupowermodeling/accelwattch/util/fp16_energy_impl/results/strict_fp16_launch_shape_rtx3090_20260602_115550/raw/launch_shape_tensor_mma_f16acc_t032_b01_rep005_baseline_10fd0d4e/power.csv,/home/bang001/gpupowermodeling/accelwattch/util/fp16_energy_impl/results/strict_fp16_launch_shape_rtx3090_20260602_115550/raw/launch_shape_tensor_mma_f16acc_t032_b01_rep005_test_10ca89ac/sm_util.csv,/home/bang001/gpupowermodeling/accelwattch/util/fp16_energy_impl/results/strict_fp16_launch_shape_rtx3090_20260602_115550/raw/launch_shape_tensor_mma_f16acc_t032_b01_rep005_baseline_10fd0d4e/sm_util.csv
launch_shape_tensor_mma_f16acc_t032_b01,6,6,NVIDIA GeForce RTX 3090,ampere,ga102,consumer,86,82,benchmark uses warp-level HMMA mma.sync m16n8k16 pairs,False,False,tensor_core_mma_m16n16k16_f16acc,fp16-energy-bench-v2,fp16-energy-bench-v2,"nvml_timed_energy_counter,explicit_m16n16k16_denominator,strict_denominator_provenance,tensor_no_memory_warpsync_baseline","nvml_timed_energy_counter,explicit_m16n16k16_denominator,strict_denominator_provenance,tensor_no_memory_warpsync_baseline",bae1f83e791c,bae1f83e791c,tensor_mma_f16acc,tensor_baseline_mov,82,32,32.0,1,1000000,8,1.13192834473,0.843632263184,42991616000000.0,0.0,0.0,42991616000000.0,21495808000000.0,21495808000000.0,64487424000000.0,85983232000000.0,5248000000.0,8192.0,8192.0,4096.0,4096.0,12288.0,16384.0,True,bench_json_metadata,True,logical_m16n16k16_input_bits_8192,ga102,"RTX 3090 FE dense FP16 Tensor Core peak, no sparsity",https://www.nvidia.com/content/dam/en-zz/Solutions/geforce/ampere/pdf/NVIDIA-ampere-GA102-GPU-Architecture-Whitepaper-V1.pdf,142.0,284.0,1024.0,1920.0,measured_avg_sm_clock_mhz,warp-level HMMA mma.sync.aligned.m16n8k16 pair -> logical m16n16k16,"dense FP16 Tensor Core HMMA normalization only; no sparsity, no WGMMA",161.21856,241.24024099052093,23.55861728423056,True,False,37.98086354154762,nan,166.22141949167926,152.2555213736309,193.655,132.206,nvml_total_energy_counter,nvml_total_energy_counter,197.9309947497003,135.33084872734977,169.8916677013002,155.85426479069494,average_instant,average_instant,169.6688888888889,155.86166666666668,178.50666666666666,166.38333333333333,370.0,370.0,193.655,132.206,-4.275994749700288,-3.124848727349786,0.9783965378686262,0.9769095608522681,172.34234028445715,0.8899452133146944,0.11005478668530556,0.9159801536964527,True,13.965898118048358,21.31265971554285,0.4957399069516915,0.3677088095369641,nan,nan,0.4957399069516915,0.33049327130112766,0.24786995347584576,9,6,1,1,1920.0,0.0,68.0,99.44444444444444,100.0,100.0,100.0,True,True,True,pure_fp16_candidate_no_l2,launch_shape_tensor_mma_f16acc_t032_b01_rep006_test_3fed424e,launch_shape_tensor_mma_f16acc_t032_b01_rep006_baseline_31e5688a,/home/bang001/gpupowermodeling/accelwattch/util/fp16_energy_impl/results/strict_fp16_launch_shape_rtx3090_20260602_115550/raw/launch_shape_tensor_mma_f16acc_t032_b01_rep006_test_3fed424e/power.csv,/home/bang001/gpupowermodeling/accelwattch/util/fp16_energy_impl/results/strict_fp16_launch_shape_rtx3090_20260602_115550/raw/launch_shape_tensor_mma_f16acc_t032_b01_rep006_baseline_31e5688a/power.csv,/home/bang001/gpupowermodeling/accelwattch/util/fp16_energy_impl/results/strict_fp16_launch_shape_rtx3090_20260602_115550/raw/launch_shape_tensor_mma_f16acc_t032_b01_rep006_test_3fed424e/sm_util.csv,/home/bang001/gpupowermodeling/accelwattch/util/fp16_energy_impl/results/strict_fp16_launch_shape_rtx3090_20260602_115550/raw/launch_shape_tensor_mma_f16acc_t032_b01_rep006_baseline_31e5688a/sm_util.csv
launch_shape_tensor_mma_f16acc_t032_b01,7,7,NVIDIA GeForce RTX 3090,ampere,ga102,consumer,86,82,benchmark uses warp-level HMMA mma.sync m16n8k16 pairs,False,False,tensor_core_mma_m16n16k16_f16acc,fp16-energy-bench-v2,fp16-energy-bench-v2,"nvml_timed_energy_counter,explicit_m16n16k16_denominator,strict_denominator_provenance,tensor_no_memory_warpsync_baseline","nvml_timed_energy_counter,explicit_m16n16k16_denominator,strict_denominator_provenance,tensor_no_memory_warpsync_baseline",bae1f83e791c,bae1f83e791c,tensor_mma_f16acc,tensor_baseline_mov,82,32,32.0,1,1000000,8,1.13034643555,0.8433172607420001,42991616000000.0,0.0,0.0,42991616000000.0,21495808000000.0,21495808000000.0,64487424000000.0,85983232000000.0,5248000000.0,8192.0,8192.0,4096.0,4096.0,12288.0,16384.0,True,bench_json_metadata,True,logical_m16n16k16_input_bits_8192,ga102,"RTX 3090 FE dense FP16 Tensor Core peak, no sparsity",https://www.nvidia.com/content/dam/en-zz/Solutions/geforce/ampere/pdf/NVIDIA-ampere-GA102-GPU-Architecture-Whitepaper-V1.pdf,142.0,284.0,1024.0,1920.0,measured_avg_sm_clock_mhz,warp-level HMMA mma.sync.aligned.m16n8k16 pair -> logical m16n16k16,"dense FP16 Tensor Core HMMA normalization only; no sparsity, no WGMMA",161.21856,241.57785443344974,23.591587347016578,True,False,38.03401740200233,nan,167.1512349810232,155.8975471557134,195.162,135.805,nvml_total_energy_counter,nvml_total_energy_counter,197.66964663619441,135.74904123520278,169.29896984813823,155.83330921032294,average_instant,average_instant,169.0088888888889,155.87166666666667,178.53555555555556,166.68833333333333,370.0,370.0,195.162,135.805,-2.5076466361944085,0.05595876479722506,0.9873139519452389,1.0004122221732694,176.21823673844867,0.9029331362583324,0.09706686374166763,0.9326736184354998,True,11.253687825309811,18.94376326155134,0.44063854825906845,0.29588480507760806,nan,nan,0.44063854825906845,0.2937590321727123,0.22031927412953423,9,6,1,1,1920.0,0.0,69.0,99.77777777777777,100.0,100.0,100.0,True,True,True,pure_fp16_candidate_no_l2,launch_shape_tensor_mma_f16acc_t032_b01_rep007_test_c09f3bff,launch_shape_tensor_mma_f16acc_t032_b01_rep007_baseline_57993f6d,/home/bang001/gpupowermodeling/accelwattch/util/fp16_energy_impl/results/strict_fp16_launch_shape_rtx3090_20260602_115550/raw/launch_shape_tensor_mma_f16acc_t032_b01_rep007_test_c09f3bff/power.csv,/home/bang001/gpupowermodeling/accelwattch/util/fp16_energy_impl/results/strict_fp16_launch_shape_rtx3090_20260602_115550/raw/launch_shape_tensor_mma_f16acc_t032_b01_rep007_baseline_57993f6d/power.csv,/home/bang001/gpupowermodeling/accelwattch/util/fp16_energy_impl/results/strict_fp16_launch_shape_rtx3090_20260602_115550/raw/launch_shape_tensor_mma_f16acc_t032_b01_rep007_test_c09f3bff/sm_util.csv,/home/bang001/gpupowermodeling/accelwattch/util/fp16_energy_impl/results/strict_fp16_launch_shape_rtx3090_20260602_115550/raw/launch_shape_tensor_mma_f16acc_t032_b01_rep007_baseline_57993f6d/sm_util.csv
launch_shape_tensor_mma_f16acc_t032_b01,8,8,NVIDIA GeForce RTX 3090,ampere,ga102,consumer,86,82,benchmark uses warp-level HMMA mma.sync m16n8k16 pairs,False,False,tensor_core_mma_m16n16k16_f16acc,fp16-energy-bench-v2,fp16-energy-bench-v2,"nvml_timed_energy_counter,explicit_m16n16k16_denominator,strict_denominator_provenance,tensor_no_memory_warpsync_baseline","nvml_timed_energy_counter,explicit_m16n16k16_denominator,strict_denominator_provenance,tensor_no_memory_warpsync_baseline",bae1f83e791c,bae1f83e791c,tensor_mma_f16acc,tensor_baseline_mov,82,32,32.0,1,1000000,8,1.1251945800799998,0.851713012695,42991616000000.0,0.0,0.0,42991616000000.0,21495808000000.0,21495808000000.0,64487424000000.0,85983232000000.0,5248000000.0,8192.0,8192.0,4096.0,4096.0,12288.0,16384.0,True,bench_json_metadata,True,logical_m16n16k16_input_bits_8192,ga102,"RTX 3090 FE dense FP16 Tensor Core peak, no sparsity",https://www.nvidia.com/content/dam/en-zz/Solutions/geforce/ampere/pdf/NVIDIA-ampere-GA102-GPU-Architecture-Whitepaper-V1.pdf,142.0,284.0,1024.0,1920.0,measured_avg_sm_clock_mhz,warp-level HMMA mma.sync.aligned.m16n8k16 pair -> logical m16n16k16,"dense FP16 Tensor Core HMMA normalization only; no sparsity, no WGMMA",161.21856,242.6839512924529,23.6996046184036,True,False,38.20816129148378,nan,156.85728968312213,138.2480924816058,181.563,121.161,nvml_total_energy_counter,nvml_total_energy_counter,196.43450039127373,136.447609420994,169.70518955752766,155.6905417265259,average_instant,average_instant,169.32,155.77833333333334,178.6511111111111,166.95000000000002,370.0,370.0,181.563,121.161,-14.871500391273742,-15.286609420994012,0.9242928285934929,0.8879671876564076,155.55600436670142,0.8567604873608688,0.14323951263913118,0.8813622418243359,True,18.609197201516338,26.006995633298573,0.6049317995699108,0.4870477032262775,nan,nan,0.6049317995699108,0.4032878663799406,0.3024658997849554,9,6,1,1,1920.0,0.0,69.0,96.88888888888889,100.0,100.0,100.0,True,True,True,pure_fp16_candidate_no_l2,launch_shape_tensor_mma_f16acc_t032_b01_rep008_test_4312839d,launch_shape_tensor_mma_f16acc_t032_b01_rep008_baseline_e7435aab,/home/bang001/gpupowermodeling/accelwattch/util/fp16_energy_impl/results/strict_fp16_launch_shape_rtx3090_20260602_115550/raw/launch_shape_tensor_mma_f16acc_t032_b01_rep008_test_4312839d/power.csv,/home/bang001/gpupowermodeling/accelwattch/util/fp16_energy_impl/results/strict_fp16_launch_shape_rtx3090_20260602_115550/raw/launch_shape_tensor_mma_f16acc_t032_b01_rep008_baseline_e7435aab/power.csv,/home/bang001/gpupowermodeling/accelwattch/util/fp16_energy_impl/results/strict_fp16_launch_shape_rtx3090_20260602_115550/raw/launch_shape_tensor_mma_f16acc_t032_b01_rep008_test_4312839d/sm_util.csv,/home/bang001/gpupowermodeling/accelwattch/util/fp16_energy_impl/results/strict_fp16_launch_shape_rtx3090_20260602_115550/raw/launch_shape_tensor_mma_f16acc_t032_b01_rep008_baseline_e7435aab/sm_util.csv
launch_shape_tensor_mma_f16acc_t032_b01,9,9,NVIDIA GeForce RTX 3090,ampere,ga102,consumer,86,82,benchmark uses warp-level HMMA mma.sync m16n8k16 pairs,False,False,tensor_core_mma_m16n16k16_f16acc,fp16-energy-bench-v2,fp16-energy-bench-v2,"nvml_timed_energy_counter,explicit_m16n16k16_denominator,strict_denominator_provenance,tensor_no_memory_warpsync_baseline","nvml_timed_energy_counter,explicit_m16n16k16_denominator,strict_denominator_provenance,tensor_no_memory_warpsync_baseline",bae1f83e791c,bae1f83e791c,tensor_mma_f16acc,tensor_baseline_mov,82,32,32.0,1,1000000,8,1.1250274658200001,0.8491416625980001,42991616000000.0,0.0,0.0,42991616000000.0,21495808000000.0,21495808000000.0,64487424000000.0,85983232000000.0,5248000000.0,8192.0,8192.0,4096.0,4096.0,12288.0,16384.0,True,bench_json_metadata,True,logical_m16n16k16_input_bits_8192,ga102,"RTX 3090 FE dense FP16 Tensor Core peak, no sparsity",https://www.nvidia.com/content/dam/en-zz/Solutions/geforce/ampere/pdf/NVIDIA-ampere-GA102-GPU-Architecture-Whitepaper-V1.pdf,142.0,284.0,1024.0,1920.0,measured_avg_sm_clock_mhz,warp-level HMMA mma.sync.aligned.m16n8k16 pair -> logical m16n16k16,"dense FP16 Tensor Core HMMA normalization only; no sparsity, no WGMMA",161.21856,242.7200001447398,23.703125014134745,True,False,38.21383682278783,nan,154.77630517508277,nan,179.238,134.317,nvml_total_energy_counter,nvml_total_energy_counter,196.21195369766718,nan,169.43372066475493,nan,average_instant,average_instant,169.02333333333334,nan,179.29888888888888,nan,370.0,nan,179.238,134.317,-16.973953697667184,nan,0.9134917451368867,nan,nan,nan,nan,nan,True,nan,nan,nan,nan,nan,nan,nan,nan,nan,9,0,1,0,1920.0,0.0,69.0,99.55555555555556,100.0,100.0,100.0,False,False,False,invalid_or_nonpositive_increment,launch_shape_tensor_mma_f16acc_t032_b01_rep009_test_f74c074b,launch_shape_tensor_mma_f16acc_t032_b01_rep009_baseline_cbdae236,/home/bang001/gpupowermodeling/accelwattch/util/fp16_energy_impl/results/strict_fp16_launch_shape_rtx3090_20260602_115550/raw/launch_shape_tensor_mma_f16acc_t032_b01_rep009_test_f74c074b/power.csv,/home/bang001/gpupowermodeling/accelwattch/util/fp16_energy_impl/results/strict_fp16_launch_shape_rtx3090_20260602_115550/raw/launch_shape_tensor_mma_f16acc_t032_b01_rep009_baseline_cbdae236/power.csv,/home/bang001/gpupowermodeling/accelwattch/util/fp16_energy_impl/results/strict_fp16_launch_shape_rtx3090_20260602_115550/raw/launch_shape_tensor_mma_f16acc_t032_b01_rep009_test_f74c074b/sm_util.csv,/home/bang001/gpupowermodeling/accelwattch/util/fp16_energy_impl/results/strict_fp16_launch_shape_rtx3090_20260602_115550/raw/launch_shape_tensor_mma_f16acc_t032_b01_rep009_baseline_cbdae236/sm_util.csv
launch_shape_tensor_mma_f16acc_t032_b02,0,0,NVIDIA GeForce RTX 3090,ampere,ga102,consumer,86,82,benchmark uses warp-level HMMA mma.sync m16n8k16 pairs,False,False,tensor_core_mma_m16n16k16_f16acc,fp16-energy-bench-v2,fp16-energy-bench-v2,"nvml_timed_energy_counter,explicit_m16n16k16_denominator,strict_denominator_provenance,tensor_no_memory_warpsync_baseline","nvml_timed_energy_counter,explicit_m16n16k16_denominator,strict_denominator_provenance,tensor_no_memory_warpsync_baseline",bae1f83e791c,bae1f83e791c,tensor_mma_f16acc,tensor_baseline_mov,164,32,64.0,2,1000000,8,1.10883935547,0.998589416504,85983232000000.0,0.0,0.0,85983232000000.0,42991616000000.0,42991616000000.0,128974848000000.0,171966464000000.0,10496000000.0,8192.0,8192.0,4096.0,4096.0,12288.0,16384.0,True,bench_json_metadata,True,logical_m16n16k16_input_bits_8192,ga102,"RTX 3090 FE dense FP16 Tensor Core peak, no sparsity",https://www.nvidia.com/content/dam/en-zz/Solutions/geforce/ampere/pdf/NVIDIA-ampere-GA102-GPU-Architecture-Whitepaper-V1.pdf,142.0,284.0,1024.0,1935.0,measured_avg_sm_clock_mhz,warp-level HMMA mma.sync.aligned.m16n8k16 pair -> logical m16n16k16,"dense FP16 Tensor Core HMMA normalization only; no sparsity, no WGMMA",162.47808,488.7089720696052,47.72548555367238,True,False,77.54345259828425,nan,165.0120724267876,144.97775943017348,188.127,148.858,nvml_total_energy_counter,nvml_total_energy_counter,197.58734702573,155.79011622739966,173.3100385273064,151.72917808928452,average_instant,average_instant,172.73555555555555,152.07857142857142,187.6888888888889,162.13000000000002,370.0,370.0,188.127,148.858,-9.460347025729988,-6.932116227399661,0.9521206840005901,0.9555034915226511,160.75704532403827,0.8545134155333273,0.1454865844666727,0.878588804431246,True,20.03431299661412,27.369954675961736,0.3183173514105836,0.25836240617763523,nan,nan,0.3183173514105836,0.21221156760705573,0.1591586757052918,9,7,1,1,1935.0,0.0,61.0,97.33333333333333,100.0,100.0,100.0,True,True,True,pure_fp16_candidate_no_l2,launch_shape_tensor_mma_f16acc_t032_b02_rep000_test_414762be,launch_shape_tensor_mma_f16acc_t032_b02_rep000_baseline_df474b41,/home/bang001/gpupowermodeling/accelwattch/util/fp16_energy_impl/results/strict_fp16_launch_shape_rtx3090_20260602_115550/raw/launch_shape_tensor_mma_f16acc_t032_b02_rep000_test_414762be/power.csv,/home/bang001/gpupowermodeling/accelwattch/util/fp16_energy_impl/results/strict_fp16_launch_shape_rtx3090_20260602_115550/raw/launch_shape_tensor_mma_f16acc_t032_b02_rep000_baseline_df474b41/power.csv,/home/bang001/gpupowermodeling/accelwattch/util/fp16_energy_impl/results/strict_fp16_launch_shape_rtx3090_20260602_115550/raw/launch_shape_tensor_mma_f16acc_t032_b02_rep000_test_414762be/sm_util.csv,/home/bang001/gpupowermodeling/accelwattch/util/fp16_energy_impl/results/strict_fp16_launch_shape_rtx3090_20260602_115550/raw/launch_shape_tensor_mma_f16acc_t032_b02_rep000_baseline_df474b41/sm_util.csv
launch_shape_tensor_mma_f16acc_t032_b02,1,1,NVIDIA GeForce RTX 3090,ampere,ga102,consumer,86,82,benchmark uses warp-level HMMA mma.sync m16n8k16 pairs,False,False,tensor_core_mma_m16n16k16_f16acc,fp16-energy-bench-v2,fp16-energy-bench-v2,"nvml_timed_energy_counter,explicit_m16n16k16_denominator,strict_denominator_provenance,tensor_no_memory_warpsync_baseline","nvml_timed_energy_counter,explicit_m16n16k16_denominator,strict_denominator_provenance,tensor_no_memory_warpsync_baseline",bae1f83e791c,bae1f83e791c,tensor_mma_f16acc,tensor_baseline_mov,164,32,64.0,2,1000000,8,1.11705578613,1.00594580078,85983232000000.0,0.0,0.0,85983232000000.0,42991616000000.0,42991616000000.0,128974848000000.0,171966464000000.0,10496000000.0,8192.0,8192.0,4096.0,4096.0,12288.0,16384.0,True,bench_json_metadata,True,logical_m16n16k16_input_bits_8192,ga102,"RTX 3090 FE dense FP16 Tensor Core peak, no sparsity",https://www.nvidia.com/content/dam/en-zz/Solutions/geforce/ampere/pdf/NVIDIA-ampere-GA102-GPU-Architecture-Whitepaper-V1.pdf,142.0,284.0,1024.0,1935.0,measured_avg_sm_clock_mhz,warp-level HMMA mma.sync.aligned.m16n8k16 pair -> logical m16n16k16,"dense FP16 Tensor Core HMMA normalization only; no sparsity, no WGMMA",162.47808,485.1143052393646,47.374443871031694,True,False,76.97308681232998,nan,168.4920353479954,145.99333091713916,193.576,151.555,nvml_total_energy_counter,nvml_total_energy_counter,204.08364728144315,162.6438000638489,177.63808071089775,156.67520124273372,average_instant,average_instant,177.10111111111112,157.05714285714288,192.36,167.6442857142857,370.0,370.0,193.576,151.555,-10.507647281443155,-11.088800063848879,0.9485130365837078,0.9318215630752862,163.0826950373821,0.8424737314407887,0.15752626855921129,0.8664702198867235,True,22.498704430856236,30.493304962617884,0.354642460551121,0.29229312948967334,nan,nan,0.354642460551121,0.23642830703408066,0.1773212302755605,9,7,1,1,1935.0,0.0,66.0,99.77777777777777,100.0,100.0,100.0,True,True,True,pure_fp16_candidate_no_l2,launch_shape_tensor_mma_f16acc_t032_b02_rep001_test_02c96694,launch_shape_tensor_mma_f16acc_t032_b02_rep001_baseline_e2fd843a,/home/bang001/gpupowermodeling/accelwattch/util/fp16_energy_impl/results/strict_fp16_launch_shape_rtx3090_20260602_115550/raw/launch_shape_tensor_mma_f16acc_t032_b02_rep001_test_02c96694/power.csv,/home/bang001/gpupowermodeling/accelwattch/util/fp16_energy_impl/results/strict_fp16_launch_shape_rtx3090_20260602_115550/raw/launch_shape_tensor_mma_f16acc_t032_b02_rep001_baseline_e2fd843a/power.csv,/home/bang001/gpupowermodeling/accelwattch/util/fp16_energy_impl/results/strict_fp16_launch_shape_rtx3090_20260602_115550/raw/launch_shape_tensor_mma_f16acc_t032_b02_rep001_test_02c96694/sm_util.csv,/home/bang001/gpupowermodeling/accelwattch/util/fp16_energy_impl/results/strict_fp16_launch_shape_rtx3090_20260602_115550/raw/launch_shape_tensor_mma_f16acc_t032_b02_rep001_baseline_e2fd843a/sm_util.csv
launch_shape_tensor_mma_f16acc_t032_b02,2,2,NVIDIA GeForce RTX 3090,ampere,ga102,consumer,86,82,benchmark uses warp-level HMMA mma.sync m16n8k16 pairs,False,False,tensor_core_mma_m16n16k16_f16acc,fp16-energy-bench-v2,fp16-energy-bench-v2,"nvml_timed_energy_counter,explicit_m16n16k16_denominator,strict_denominator_provenance,tensor_no_memory_warpsync_baseline","nvml_timed_energy_counter,explicit_m16n16k16_denominator,strict_denominator_provenance,tensor_no_memory_warpsync_baseline",bae1f83e791c,bae1f83e791c,tensor_mma_f16acc,tensor_baseline_mov,164,32,64.0,2,1000000,8,1.1170672607399998,1.00563354492,85983232000000.0,0.0,0.0,85983232000000.0,42991616000000.0,42991616000000.0,128974848000000.0,171966464000000.0,10496000000.0,8192.0,8192.0,4096.0,4096.0,12288.0,16384.0,True,bench_json_metadata,True,logical_m16n16k16_input_bits_8192,ga102,"RTX 3090 FE dense FP16 Tensor Core peak, no sparsity",https://www.nvidia.com/content/dam/en-zz/Solutions/geforce/ampere/pdf/NVIDIA-ampere-GA102-GPU-Architecture-Whitepaper-V1.pdf,142.0,284.0,1024.0,1935.0,measured_avg_sm_clock_mhz,warp-level HMMA mma.sync.aligned.m16n8k16 pair -> logical m16n16k16,"dense FP16 Tensor Core HMMA normalization only; no sparsity, no WGMMA",162.47808,485.10932210392264,47.37395723671119,True,False,76.97229613822941,nan,167.90613967129545,146.78993118402568,193.277,152.113,nvml_total_energy_counter,nvml_total_energy_counter,206.23557893088588,165.38606309074822,179.16368694236667,159.5985143931673,average_instant,average_instant,178.60333333333335,159.88000000000002,192.9077777777778,170.37142857142857,370.0,370.0,193.277,152.113,-12.958578930885892,-13.273063090748224,0.9371661330306708,0.9197449722020095,163.97422633195265,0.8483897532140537,0.15161024678594628,0.8742380205476208,True,21.116208487269773,29.302773668047337,0.3407963737400257,0.2743351770271811,nan,nan,0.3407963737400257,0.22719758249335045,0.17039818687001285,9,7,1,1,1935.0,0.0,68.0,97.44444444444444,100.0,100.0,100.0,True,True,True,pure_fp16_candidate_no_l2,launch_shape_tensor_mma_f16acc_t032_b02_rep002_test_3e9249c7,launch_shape_tensor_mma_f16acc_t032_b02_rep002_baseline_3970ccc7,/home/bang001/gpupowermodeling/accelwattch/util/fp16_energy_impl/results/strict_fp16_launch_shape_rtx3090_20260602_115550/raw/launch_shape_tensor_mma_f16acc_t032_b02_rep002_test_3e9249c7/power.csv,/home/bang001/gpupowermodeling/accelwattch/util/fp16_energy_impl/results/strict_fp16_launch_shape_rtx3090_20260602_115550/raw/launch_shape_tensor_mma_f16acc_t032_b02_rep002_baseline_3970ccc7/power.csv,/home/bang001/gpupowermodeling/accelwattch/util/fp16_energy_impl/results/strict_fp16_launch_shape_rtx3090_20260602_115550/raw/launch_shape_tensor_mma_f16acc_t032_b02_rep002_test_3e9249c7/sm_util.csv,/home/bang001/gpupowermodeling/accelwattch/util/fp16_energy_impl/results/strict_fp16_launch_shape_rtx3090_20260602_115550/raw/launch_shape_tensor_mma_f16acc_t032_b02_rep002_baseline_3970ccc7/sm_util.csv
launch_shape_tensor_mma_f16acc_t032_b02,3,3,NVIDIA GeForce RTX 3090,ampere,ga102,consumer,86,82,benchmark uses warp-level HMMA mma.sync m16n8k16 pairs,False,False,tensor_core_mma_m16n16k16_f16acc,fp16-energy-bench-v2,fp16-energy-bench-v2,"nvml_timed_energy_counter,explicit_m16n16k16_denominator,strict_denominator_provenance,tensor_no_memory_warpsync_baseline","nvml_timed_energy_counter,explicit_m16n16k16_denominator,strict_denominator_provenance,tensor_no_memory_warpsync_baseline",bae1f83e791c,bae1f83e791c,tensor_mma_f16acc,tensor_baseline_mov,164,32,64.0,2,1000000,8,1.11902099609,1.01444403076,85983232000000.0,0.0,0.0,85983232000000.0,42991616000000.0,42991616000000.0,128974848000000.0,171966464000000.0,10496000000.0,8192.0,8192.0,4096.0,4096.0,12288.0,16384.0,True,bench_json_metadata,True,logical_m16n16k16_input_bits_8192,ga102,"RTX 3090 FE dense FP16 Tensor Core peak, no sparsity",https://www.nvidia.com/content/dam/en-zz/Solutions/geforce/ampere/pdf/NVIDIA-ampere-GA102-GPU-Architecture-Whitepaper-V1.pdf,142.0,284.0,1024.0,1935.0,measured_avg_sm_clock_mhz,warp-level HMMA mma.sync.aligned.m16n8k16 pair -> logical m16n16k16,"dense FP16 Tensor Core HMMA normalization only; no sparsity, no WGMMA",162.47808,484.2623538749791,47.29124549560343,True,False,76.83790768934294,nan,170.00598764248494,1009.9312680931904,195.721,151.149,nvml_total_energy_counter,nvml_total_energy_counter,206.53026125554888,-1197176571439.3992,179.3950625779044,-7999166735640.0,average_instant,average_instant,179.03444444444443,163.16500000000002,194.29000000000002,170.215,370.0,370.0,195.721,151.149,-10.809261255548876,1197176571590.548,0.9476625788887465,nan,1130.1342936040787,5.774210706076909,-4.774210706076909,5.940562930154149,True,-839.9252804507055,-934.4132936040787,-10.867389744131492,-10.931131595182663,nan,nan,-10.867389744131492,-7.244926496087661,-5.433694872065746,9,2,1,0,1935.0,0.0,68.0,99.77777777777777,100.0,100.0,100.0,False,False,False,invalid_or_nonpositive_increment,launch_shape_tensor_mma_f16acc_t032_b02_rep003_test_e34860d1,launch_shape_tensor_mma_f16acc_t032_b02_rep003_baseline_5a8977b5,/home/bang001/gpupowermodeling/accelwattch/util/fp16_energy_impl/results/strict_fp16_launch_shape_rtx3090_20260602_115550/raw/launch_shape_tensor_mma_f16acc_t032_b02_rep003_test_e34860d1/power.csv,/home/bang001/gpupowermodeling/accelwattch/util/fp16_energy_impl/results/strict_fp16_launch_shape_rtx3090_20260602_115550/raw/launch_shape_tensor_mma_f16acc_t032_b02_rep003_baseline_5a8977b5/power.csv,/home/bang001/gpupowermodeling/accelwattch/util/fp16_energy_impl/results/strict_fp16_launch_shape_rtx3090_20260602_115550/raw/launch_shape_tensor_mma_f16acc_t032_b02_rep003_test_e34860d1/sm_util.csv,/home/bang001/gpupowermodeling/accelwattch/util/fp16_energy_impl/results/strict_fp16_launch_shape_rtx3090_20260602_115550/raw/launch_shape_tensor_mma_f16acc_t032_b02_rep003_baseline_5a8977b5/sm_util.csv
launch_shape_tensor_mma_f16acc_t032_b02,4,4,NVIDIA GeForce RTX 3090,ampere,ga102,consumer,86,82,benchmark uses warp-level HMMA mma.sync m16n8k16 pairs,False,False,tensor_core_mma_m16n16k16_f16acc,fp16-energy-bench-v2,fp16-energy-bench-v2,"nvml_timed_energy_counter,explicit_m16n16k16_denominator,strict_denominator_provenance,tensor_no_memory_warpsync_baseline","nvml_timed_energy_counter,explicit_m16n16k16_denominator,strict_denominator_provenance,tensor_no_memory_warpsync_baseline",bae1f83e791c,bae1f83e791c,tensor_mma_f16acc,tensor_baseline_mov,164,32,64.0,2,1000000,8,1.11750646973,1.0050628051800001,85983232000000.0,0.0,0.0,85983232000000.0,42991616000000.0,42991616000000.0,128974848000000.0,171966464000000.0,10496000000.0,8192.0,8192.0,4096.0,4096.0,12288.0,16384.0,True,bench_json_metadata,True,logical_m16n16k16_input_bits_8192,ga102,"RTX 3090 FE dense FP16 Tensor Core peak, no sparsity",https://www.nvidia.com/content/dam/en-zz/Solutions/geforce/ampere/pdf/NVIDIA-ampere-GA102-GPU-Architecture-Whitepaper-V1.pdf,142.0,284.0,1024.0,1935.0,measured_avg_sm_clock_mhz,warp-level HMMA mma.sync.aligned.m16n8k16 pair -> logical m16n16k16,"dense FP16 Tensor Core HMMA normalization only; no sparsity, no WGMMA",162.47808,484.9186615742773,47.355338044363016,True,False,76.94204403199058,nan,184.87950755974984,147.13955305520835,212.753,152.277,nvml_total_energy_counter,nvml_total_energy_counter,207.9626478934133,165.21631003601598,180.71675573719713,159.64232297806055,average_instant,average_instant,180.3722222222222,159.92000000000002,195.14111111111112,170.36142857142858,370.0,370.0,212.753,152.277,4.790352106586681,-12.939310036015996,1.0230346754819253,0.9216826109165898,164.4294024923759,0.7728652592084526,0.22713474079154736,0.7958672921478623,True,37.73995450454149,48.32359750762407,0.5620118758460263,0.4904984651674988,nan,nan,0.5620118758460263,0.3746745838973508,0.28100593792301315,9,7,1,1,1935.0,0.0,69.0,99.33333333333333,100.0,100.0,100.0,True,True,True,pure_fp16_candidate_no_l2,launch_shape_tensor_mma_f16acc_t032_b02_rep004_test_098b0253,launch_shape_tensor_mma_f16acc_t032_b02_rep004_baseline_0dbe17ee,/home/bang001/gpupowermodeling/accelwattch/util/fp16_energy_impl/results/strict_fp16_launch_shape_rtx3090_20260602_115550/raw/launch_shape_tensor_mma_f16acc_t032_b02_rep004_test_098b0253/power.csv,/home/bang001/gpupowermodeling/accelwattch/util/fp16_energy_impl/results/strict_fp16_launch_shape_rtx3090_20260602_115550/raw/launch_shape_tensor_mma_f16acc_t032_b02_rep004_baseline_0dbe17ee/power.csv,/home/bang001/gpupowermodeling/accelwattch/util/fp16_energy_impl/results/strict_fp16_launch_shape_rtx3090_20260602_115550/raw/launch_shape_tensor_mma_f16acc_t032_b02_rep004_test_098b0253/sm_util.csv,/home/bang001/gpupowermodeling/accelwattch/util/fp16_energy_impl/results/strict_fp16_launch_shape_rtx3090_20260602_115550/raw/launch_shape_tensor_mma_f16acc_t032_b02_rep004_baseline_0dbe17ee/sm_util.csv
launch_shape_tensor_mma_f16acc_t032_b02,5,5,NVIDIA GeForce RTX 3090,ampere,ga102,consumer,86,82,benchmark uses warp-level HMMA mma.sync m16n8k16 pairs,False,False,tensor_core_mma_m16n16k16_f16acc,fp16-energy-bench-v2,fp16-energy-bench-v2,"nvml_timed_energy_counter,explicit_m16n16k16_denominator,strict_denominator_provenance,tensor_no_memory_warpsync_baseline","nvml_timed_energy_counter,explicit_m16n16k16_denominator,strict_denominator_provenance,tensor_no_memory_warpsync_baseline",bae1f83e791c,bae1f83e791c,tensor_mma_f16acc,tensor_baseline_mov,164,32,64.0,2,1000000,8,1.1163381347699999,1.00517681885,85983232000000.0,0.0,0.0,85983232000000.0,42991616000000.0,42991616000000.0,128974848000000.0,171966464000000.0,10496000000.0,8192.0,8192.0,4096.0,4096.0,12288.0,16384.0,True,bench_json_metadata,True,logical_m16n16k16_input_bits_8192,ga102,"RTX 3090 FE dense FP16 Tensor Core peak, no sparsity",https://www.nvidia.com/content/dam/en-zz/Solutions/geforce/ampere/pdf/NVIDIA-ampere-GA102-GPU-Architecture-Whitepaper-V1.pdf,142.0,284.0,1024.0,1935.0,measured_avg_sm_clock_mhz,warp-level HMMA mma.sync.aligned.m16n8k16 pair -> logical m16n16k16,"dense FP16 Tensor Core HMMA normalization only; no sparsity, no WGMMA",162.47808,485.4261667892544,47.40489910051313,True,False,77.022569884451,nan,172.98419921600075,152.91225768166174,198.724,158.125,nvml_total_energy_counter,nvml_total_energy_counter,208.25296999501737,166.39291705329785,181.2789257912578,160.9076149176743,average_instant,average_instant,180.77555555555557,161.31857142857143,195.06888888888886,172.1242857142857,370.0,370.0,198.724,158.125,-9.528969995017377,-8.26791705329785,0.9542432936478872,0.9503108834215009,170.70178452381586,0.8589892741884013,0.14101072581159865,0.8839666187703322,True,20.071941534339004,28.02221547618413,0.3259032583955919,0.26059818004580815,nan,nan,0.3259032583955919,0.21726883893039464,0.16295162919779596,9,7,1,1,1935.0,0.0,69.0,98.88888888888889,100.0,100.0,100.0,True,True,True,pure_fp16_candidate_no_l2,launch_shape_tensor_mma_f16acc_t032_b02_rep005_test_9e3aeeda,launch_shape_tensor_mma_f16acc_t032_b02_rep005_baseline_144b4109,/home/bang001/gpupowermodeling/accelwattch/util/fp16_energy_impl/results/strict_fp16_launch_shape_rtx3090_20260602_115550/raw/launch_shape_tensor_mma_f16acc_t032_b02_rep005_test_9e3aeeda/power.csv,/home/bang001/gpupowermodeling/accelwattch/util/fp16_energy_impl/results/strict_fp16_launch_shape_rtx3090_20260602_115550/raw/launch_shape_tensor_mma_f16acc_t032_b02_rep005_baseline_144b4109/power.csv,/home/bang001/gpupowermodeling/accelwattch/util/fp16_energy_impl/results/strict_fp16_launch_shape_rtx3090_20260602_115550/raw/launch_shape_tensor_mma_f16acc_t032_b02_rep005_test_9e3aeeda/sm_util.csv,/home/bang001/gpupowermodeling/accelwattch/util/fp16_energy_impl/results/strict_fp16_launch_shape_rtx3090_20260602_115550/raw/launch_shape_tensor_mma_f16acc_t032_b02_rep005_baseline_144b4109/sm_util.csv
launch_shape_tensor_mma_f16acc_t032_b02,6,6,NVIDIA GeForce RTX 3090,ampere,ga102,consumer,86,82,benchmark uses warp-level HMMA mma.sync m16n8k16 pairs,False,False,tensor_core_mma_m16n16k16_f16acc,fp16-energy-bench-v2,fp16-energy-bench-v2,"nvml_timed_energy_counter,explicit_m16n16k16_denominator,strict_denominator_provenance,tensor_no_memory_warpsync_baseline","nvml_timed_energy_counter,explicit_m16n16k16_denominator,strict_denominator_provenance,tensor_no_memory_warpsync_baseline",bae1f83e791c,bae1f83e791c,tensor_mma_f16acc,tensor_baseline_mov,164,32,64.0,2,1000000,8,1.11642724609,1.00675048828,85983232000000.0,0.0,0.0,85983232000000.0,42991616000000.0,42991616000000.0,128974848000000.0,171966464000000.0,10496000000.0,8192.0,8192.0,4096.0,4096.0,12288.0,16384.0,True,bench_json_metadata,True,logical_m16n16k16_input_bits_8192,ga102,"RTX 3090 FE dense FP16 Tensor Core peak, no sparsity",https://www.nvidia.com/content/dam/en-zz/Solutions/geforce/ampere/pdf/NVIDIA-ampere-GA102-GPU-Architecture-Whitepaper-V1.pdf,142.0,284.0,1024.0,1935.0,measured_avg_sm_clock_mhz,warp-level HMMA mma.sync.aligned.m16n8k16 pair -> logical m16n16k16,"dense FP16 Tensor Core HMMA normalization only; no sparsity, no WGMMA",162.47808,485.3874208999575,47.401115322261475,True,False,77.01642207419626,nan,187.24666342063531,149.51841369152262,215.077,155.175,nvml_total_energy_counter,nvml_total_energy_counter,208.18661432482386,166.01125952845794,181.24787355766497,159.95965960771193,average_instant,average_instant,180.97333333333333,160.33285714285714,196.01333333333332,169.96,370.0,370.0,215.077,155.175,6.890385675176134,-10.83625952845793,1.0330971599568135,0.9347257555949068,166.92643083737195,0.7761240431909128,0.2238759568090872,0.798510429826143,True,37.72824972911269,48.150569162628045,0.5599995259846483,0.48987279223080454,nan,nan,0.5599995259846483,0.37333301732309887,0.27999976299232415,9,7,1,1,1935.0,0.0,69.0,99.55555555555556,100.0,100.0,100.0,True,True,True,pure_fp16_candidate_no_l2,launch_shape_tensor_mma_f16acc_t032_b02_rep006_test_d87b9d7c,launch_shape_tensor_mma_f16acc_t032_b02_rep006_baseline_d13b577c,/home/bang001/gpupowermodeling/accelwattch/util/fp16_energy_impl/results/strict_fp16_launch_shape_rtx3090_20260602_115550/raw/launch_shape_tensor_mma_f16acc_t032_b02_rep006_test_d87b9d7c/power.csv,/home/bang001/gpupowermodeling/accelwattch/util/fp16_energy_impl/results/strict_fp16_launch_shape_rtx3090_20260602_115550/raw/launch_shape_tensor_mma_f16acc_t032_b02_rep006_baseline_d13b577c/power.csv,/home/bang001/gpupowermodeling/accelwattch/util/fp16_energy_impl/results/strict_fp16_launch_shape_rtx3090_20260602_115550/raw/launch_shape_tensor_mma_f16acc_t032_b02_rep006_test_d87b9d7c/sm_util.csv,/home/bang001/gpupowermodeling/accelwattch/util/fp16_energy_impl/results/strict_fp16_launch_shape_rtx3090_20260602_115550/raw/launch_shape_tensor_mma_f16acc_t032_b02_rep006_baseline_d13b577c/sm_util.csv
launch_shape_tensor_mma_f16acc_t032_b02,7,7,NVIDIA GeForce RTX 3090,ampere,ga102,consumer,86,82,benchmark uses warp-level HMMA mma.sync m16n8k16 pairs,False,False,tensor_core_mma_m16n16k16_f16acc,fp16-energy-bench-v2,fp16-energy-bench-v2,"nvml_timed_energy_counter,explicit_m16n16k16_denominator,strict_denominator_provenance,tensor_no_memory_warpsync_baseline","nvml_timed_energy_counter,explicit_m16n16k16_denominator,strict_denominator_provenance,tensor_no_memory_warpsync_baseline",bae1f83e791c,bae1f83e791c,tensor_mma_f16acc,tensor_baseline_mov,164,32,64.0,2,1000000,8,1.11788330078,1.00582299805,85983232000000.0,0.0,0.0,85983232000000.0,42991616000000.0,42991616000000.0,128974848000000.0,171966464000000.0,10496000000.0,8192.0,8192.0,4096.0,4096.0,12288.0,16384.0,True,bench_json_metadata,True,logical_m16n16k16_input_bits_8192,ga102,"RTX 3090 FE dense FP16 Tensor Core peak, no sparsity",https://www.nvidia.com/content/dam/en-zz/Solutions/geforce/ampere/pdf/NVIDIA-ampere-GA102-GPU-Architecture-Whitepaper-V1.pdf,142.0,284.0,1024.0,1935.0,measured_avg_sm_clock_mhz,warp-level HMMA mma.sync.aligned.m16n8k16 pair -> logical m16n16k16,"dense FP16 Tensor Core HMMA normalization only; no sparsity, no WGMMA",162.47808,484.75519870809245,47.33937487383715,True,False,76.91610737901303,nan,172.5740052210551,148.84814386385776,198.735,154.641,nvml_total_energy_counter,nvml_total_energy_counter,209.15712742181825,166.73144959808877,181.6241889939555,160.4856848856763,average_instant,average_instant,181.13222222222223,160.83714285714285,196.19666666666666,170.73857142857145,370.0,370.0,198.735,154.641,-10.422127421818232,-12.090449598088782,0.9501708234843015,0.9274854886271715,166.3948543775056,0.837270004667047,0.16272999533295301,0.8625177567918981,True,23.725861357197346,32.34014562249442,0.3761215398659871,0.3084641457514928,nan,nan,0.3761215398659871,0.2507476932439914,0.18806076993299356,9,7,1,1,1935.0,0.0,69.0,99.55555555555556,100.0,100.0,100.0,True,True,True,pure_fp16_candidate_no_l2,launch_shape_tensor_mma_f16acc_t032_b02_rep007_test_9bab4847,launch_shape_tensor_mma_f16acc_t032_b02_rep007_baseline_a9f1ddd8,/home/bang001/gpupowermodeling/accelwattch/util/fp16_energy_impl/results/strict_fp16_launch_shape_rtx3090_20260602_115550/raw/launch_shape_tensor_mma_f16acc_t032_b02_rep007_test_9bab4847/power.csv,/home/bang001/gpupowermodeling/accelwattch/util/fp16_energy_impl/results/strict_fp16_launch_shape_rtx3090_20260602_115550/raw/launch_shape_tensor_mma_f16acc_t032_b02_rep007_baseline_a9f1ddd8/power.csv,/home/bang001/gpupowermodeling/accelwattch/util/fp16_energy_impl/results/strict_fp16_launch_shape_rtx3090_20260602_115550/raw/launch_shape_tensor_mma_f16acc_t032_b02_rep007_test_9bab4847/sm_util.csv,/home/bang001/gpupowermodeling/accelwattch/util/fp16_energy_impl/results/strict_fp16_launch_shape_rtx3090_20260602_115550/raw/launch_shape_tensor_mma_f16acc_t032_b02_rep007_baseline_a9f1ddd8/sm_util.csv
launch_shape_tensor_mma_f16acc_t032_b02,8,8,NVIDIA GeForce RTX 3090,ampere,ga102,consumer,86,82,benchmark uses warp-level HMMA mma.sync m16n8k16 pairs,False,False,tensor_core_mma_m16n16k16_f16acc,fp16-energy-bench-v2,fp16-energy-bench-v2,"nvml_timed_energy_counter,explicit_m16n16k16_denominator,strict_denominator_provenance,tensor_no_memory_warpsync_baseline","nvml_timed_energy_counter,explicit_m16n16k16_denominator,strict_denominator_provenance,tensor_no_memory_warpsync_baseline",bae1f83e791c,bae1f83e791c,tensor_mma_f16acc,tensor_baseline_mov,164,32,64.0,2,1000000,8,1.11654602051,1.01300939941,85983232000000.0,0.0,0.0,85983232000000.0,42991616000000.0,42991616000000.0,128974848000000.0,171966464000000.0,10496000000.0,8192.0,8192.0,4096.0,4096.0,12288.0,16384.0,True,bench_json_metadata,True,logical_m16n16k16_input_bits_8192,ga102,"RTX 3090 FE dense FP16 Tensor Core peak, no sparsity",https://www.nvidia.com/content/dam/en-zz/Solutions/geforce/ampere/pdf/NVIDIA-ampere-GA102-GPU-Architecture-Whitepaper-V1.pdf,142.0,284.0,1024.0,1935.0,measured_avg_sm_clock_mhz,warp-level HMMA mma.sync.aligned.m16n8k16 pair -> logical m16n16k16,"dense FP16 Tensor Core HMMA normalization only; no sparsity, no WGMMA",162.47808,485.3357870144448,47.39607295062937,True,False,77.00822932558195,nan,184.67577856883835,148.2522424123334,212.128,154.482,nvml_total_energy_counter,nvml_total_energy_counter,208.59038032503645,167.28682496675748,181.59597454601095,160.54069035461293,average_instant,average_instant,181.22444444444443,160.8742857142857,196.13555555555556,171.21857142857144,370.0,370.0,212.128,154.482,3.537619674963537,-12.80482496675748,1.0169596491911612,0.9234558670755931,165.5304512971747,0.7803328711776603,0.2196671288223398,0.8027703663210604,True,36.42353615650495,46.59754870282529,0.5419376268948031,0.47298238740836934,nan,nan,0.5419376268948031,0.36129175126320207,0.27096881344740154,9,7,1,1,1935.0,0.0,69.0,99.33333333333333,100.0,100.0,100.0,True,True,True,pure_fp16_candidate_no_l2,launch_shape_tensor_mma_f16acc_t032_b02_rep008_test_aafb9fda,launch_shape_tensor_mma_f16acc_t032_b02_rep008_baseline_4a94de88,/home/bang001/gpupowermodeling/accelwattch/util/fp16_energy_impl/results/strict_fp16_launch_shape_rtx3090_20260602_115550/raw/launch_shape_tensor_mma_f16acc_t032_b02_rep008_test_aafb9fda/power.csv,/home/bang001/gpupowermodeling/accelwattch/util/fp16_energy_impl/results/strict_fp16_launch_shape_rtx3090_20260602_115550/raw/launch_shape_tensor_mma_f16acc_t032_b02_rep008_baseline_4a94de88/power.csv,/home/bang001/gpupowermodeling/accelwattch/util/fp16_energy_impl/results/strict_fp16_launch_shape_rtx3090_20260602_115550/raw/launch_shape_tensor_mma_f16acc_t032_b02_rep008_test_aafb9fda/sm_util.csv,/home/bang001/gpupowermodeling/accelwattch/util/fp16_energy_impl/results/strict_fp16_launch_shape_rtx3090_20260602_115550/raw/launch_shape_tensor_mma_f16acc_t032_b02_rep008_baseline_4a94de88/sm_util.csv
launch_shape_tensor_mma_f16acc_t032_b02,9,9,NVIDIA GeForce RTX 3090,ampere,ga102,consumer,86,82,benchmark uses warp-level HMMA mma.sync m16n8k16 pairs,False,False,tensor_core_mma_m16n16k16_f16acc,fp16-energy-bench-v2,fp16-energy-bench-v2,"nvml_timed_energy_counter,explicit_m16n16k16_denominator,strict_denominator_provenance,tensor_no_memory_warpsync_baseline","nvml_timed_energy_counter,explicit_m16n16k16_denominator,strict_denominator_provenance,tensor_no_memory_warpsync_baseline",bae1f83e791c,bae1f83e791c,tensor_mma_f16acc,tensor_baseline_mov,164,32,64.0,2,1000000,8,1.1175809326200001,1.01246875,85983232000000.0,0.0,0.0,85983232000000.0,42991616000000.0,42991616000000.0,128974848000000.0,171966464000000.0,10496000000.0,8192.0,8192.0,4096.0,4096.0,12288.0,16384.0,True,bench_json_metadata,True,logical_m16n16k16_input_bits_8192,ga102,"RTX 3090 FE dense FP16 Tensor Core peak, no sparsity",https://www.nvidia.com/content/dam/en-zz/Solutions/geforce/ampere/pdf/NVIDIA-ampere-GA102-GPU-Architecture-Whitepaper-V1.pdf,142.0,284.0,1024.0,1935.0,measured_avg_sm_clock_mhz,warp-level HMMA mma.sync.aligned.m16n8k16 pair -> logical m16n16k16,"dense FP16 Tensor Core HMMA normalization only; no sparsity, no WGMMA",162.47808,484.8863521066567,47.35218282291569,True,False,76.93691748876321,nan,172.61792144277712,153.05192267335366,198.608,159.518,nvml_total_energy_counter,nvml_total_energy_counter,210.8400557774991,168.28960553611157,183.24927588612283,161.46797034342293,average_instant,average_instant,182.85111111111112,161.84285714285716,197.19,172.13285714285715,370.0,370.0,198.608,159.518,-12.232055777499085,-8.771605536111565,0.9419841939787397,0.9478779125533731,171.04791048057072,0.8612337392278796,0.13876626077212037,0.8866514055673553,True,19.56599876942346,27.560089519429283,0.3205286528358144,0.2543122262765611,nan,nan,0.3205286528358144,0.21368576855720955,0.1602643264179072,9,7,1,1,1935.0,0.0,70.0,99.55555555555556,100.0,100.0,100.0,True,True,True,pure_fp16_candidate_no_l2,launch_shape_tensor_mma_f16acc_t032_b02_rep009_test_8c1fe2e5,launch_shape_tensor_mma_f16acc_t032_b02_rep009_baseline_4722a40d,/home/bang001/gpupowermodeling/accelwattch/util/fp16_energy_impl/results/strict_fp16_launch_shape_rtx3090_20260602_115550/raw/launch_shape_tensor_mma_f16acc_t032_b02_rep009_test_8c1fe2e5/power.csv,/home/bang001/gpupowermodeling/accelwattch/util/fp16_energy_impl/results/strict_fp16_launch_shape_rtx3090_20260602_115550/raw/launch_shape_tensor_mma_f16acc_t032_b02_rep009_baseline_4722a40d/power.csv,/home/bang001/gpupowermodeling/accelwattch/util/fp16_energy_impl/results/strict_fp16_launch_shape_rtx3090_20260602_115550/raw/launch_shape_tensor_mma_f16acc_t032_b02_rep009_test_8c1fe2e5/sm_util.csv,/home/bang001/gpupowermodeling/accelwattch/util/fp16_energy_impl/results/strict_fp16_launch_shape_rtx3090_20260602_115550/raw/launch_shape_tensor_mma_f16acc_t032_b02_rep009_baseline_4722a40d/sm_util.csv
launch_shape_tensor_mma_f16acc_t032_b04,0,0,NVIDIA GeForce RTX 3090,ampere,ga102,consumer,86,82,benchmark uses warp-level HMMA mma.sync m16n8k16 pairs,False,False,tensor_core_mma_m16n16k16_f16acc,fp16-energy-bench-v2,fp16-energy-bench-v2,"nvml_timed_energy_counter,explicit_m16n16k16_denominator,strict_denominator_provenance,tensor_no_memory_warpsync_baseline","nvml_timed_energy_counter,explicit_m16n16k16_denominator,strict_denominator_provenance,tensor_no_memory_warpsync_baseline",bae1f83e791c,bae1f83e791c,tensor_mma_f16acc,tensor_baseline_mov,328,32,128.0,4,1000000,8,1.1097354736299998,1.0286909179700001,171966464000000.0,0.0,0.0,171966464000000.0,85983232000000.0,85983232000000.0,257949696000000.0,343932928000000.0,20992000000.0,8192.0,8192.0,4096.0,4096.0,12288.0,16384.0,True,bench_json_metadata,True,logical_m16n16k16_input_bits_8192,ga102,"RTX 3090 FE dense FP16 Tensor Core peak, no sparsity",https://www.nvidia.com/content/dam/en-zz/Solutions/geforce/ampere/pdf/NVIDIA-ampere-GA102-GPU-Architecture-Whitepaper-V1.pdf,142.0,284.0,1024.0,1935.0,measured_avg_sm_clock_mhz,warp-level HMMA mma.sync.aligned.m16n8k16 pair -> logical m16n16k16,"dense FP16 Tensor Core HMMA normalization only; no sparsity, no WGMMA",162.47808,976.6286731908934,95.37389386629819,True,False,154.96167157519906,nan,192.66046461005917,146.67155672056074,219.848,155.161,nvml_total_energy_counter,nvml_total_energy_counter,225.26018964492295,167.48439192869873,197.4033550232019,158.32068941666245,average_instant,average_instant,197.11,158.80625,223.54333333333332,171.46125,370.0,370.0,219.848,155.161,-5.4121896449229325,-12.323391928698726,0.9759736078822709,0.9264206545649637,162.76662946534086,0.7403598370935413,0.2596401629064588,0.7612955622079547,True,45.98890788949842,57.08137053465916,0.3319331525864203,0.2967760183664587,nan,nan,0.3319331525864203,0.22128876839094688,0.16596657629321016,9,8,1,1,1935.0,0.0,63.0,99.77777777777777,100.0,100.0,100.0,True,True,True,pure_fp16_candidate_no_l2,launch_shape_tensor_mma_f16acc_t032_b04_rep000_test_7eee829b,launch_shape_tensor_mma_f16acc_t032_b04_rep000_baseline_0be7f521,/home/bang001/gpupowermodeling/accelwattch/util/fp16_energy_impl/results/strict_fp16_launch_shape_rtx3090_20260602_115550/raw/launch_shape_tensor_mma_f16acc_t032_b04_rep000_test_7eee829b/power.csv,/home/bang001/gpupowermodeling/accelwattch/util/fp16_energy_impl/results/strict_fp16_launch_shape_rtx3090_20260602_115550/raw/launch_shape_tensor_mma_f16acc_t032_b04_rep000_baseline_0be7f521/power.csv,/home/bang001/gpupowermodeling/accelwattch/util/fp16_energy_impl/results/strict_fp16_launch_shape_rtx3090_20260602_115550/raw/launch_shape_tensor_mma_f16acc_t032_b04_rep000_test_7eee829b/sm_util.csv,/home/bang001/gpupowermodeling/accelwattch/util/fp16_energy_impl/results/strict_fp16_launch_shape_rtx3090_20260602_115550/raw/launch_shape_tensor_mma_f16acc_t032_b04_rep000_baseline_0be7f521/sm_util.csv
launch_shape_tensor_mma_f16acc_t032_b04,1,1,NVIDIA GeForce RTX 3090,ampere,ga102,consumer,86,82,benchmark uses warp-level HMMA mma.sync m16n8k16 pairs,False,False,tensor_core_mma_m16n16k16_f16acc,fp16-energy-bench-v2,fp16-energy-bench-v2,"nvml_timed_energy_counter,explicit_m16n16k16_denominator,strict_denominator_provenance,tensor_no_memory_warpsync_baseline","nvml_timed_energy_counter,explicit_m16n16k16_denominator,strict_denominator_provenance,tensor_no_memory_warpsync_baseline",bae1f83e791c,bae1f83e791c,tensor_mma_f16acc,tensor_baseline_mov,328,32,128.0,4,1000000,8,1.1173939209000001,1.0384083252,171966464000000.0,0.0,0.0,171966464000000.0,85983232000000.0,85983232000000.0,257949696000000.0,343932928000000.0,20992000000.0,8192.0,8192.0,4096.0,4096.0,12288.0,16384.0,True,bench_json_metadata,True,logical_m16n16k16_input_bits_8192,ga102,"RTX 3090 FE dense FP16 Tensor Core peak, no sparsity",https://www.nvidia.com/content/dam/en-zz/Solutions/geforce/ampere/pdf/NVIDIA-ampere-GA102-GPU-Architecture-Whitepaper-V1.pdf,142.0,284.0,1024.0,1935.0,measured_avg_sm_clock_mhz,warp-level HMMA mma.sync.aligned.m16n8k16 pair -> logical m16n16k16,"dense FP16 Tensor Core HMMA normalization only; no sparsity, no WGMMA",162.47808,969.9350094290764,94.72021576455823,True,False,153.89958794611155,nan,203.6283303836826,148.39694390254883,234.052,158.487,nvml_total_energy_counter,nvml_total_energy_counter,232.02850396961404,175.129570502064,201.86786211934177,163.97996712331147,average_instant,average_instant,200.6888888888889,164.4475,228.05333333333334,177.81125,370.0,370.0,234.052,158.487,2.0234960303859566,-16.642570502064018,1.0087208941822552,0.9049699576470561,165.8178429968464,0.7084658238205459,0.29153417617945415,0.7287637413857633,True,55.23138648113377,68.2341570031536,0.3967875794849954,0.35887936555407296,nan,nan,0.3967875794849954,0.2645250529899969,0.1983937897424977,9,8,1,1,1935.0,0.0,68.0,99.55555555555556,100.0,100.0,100.0,True,True,True,pure_fp16_candidate_no_l2,launch_shape_tensor_mma_f16acc_t032_b04_rep001_test_86c7db2e,launch_shape_tensor_mma_f16acc_t032_b04_rep001_baseline_713d6534,/home/bang001/gpupowermodeling/accelwattch/util/fp16_energy_impl/results/strict_fp16_launch_shape_rtx3090_20260602_115550/raw/launch_shape_tensor_mma_f16acc_t032_b04_rep001_test_86c7db2e/power.csv,/home/bang001/gpupowermodeling/accelwattch/util/fp16_energy_impl/results/strict_fp16_launch_shape_rtx3090_20260602_115550/raw/launch_shape_tensor_mma_f16acc_t032_b04_rep001_baseline_713d6534/power.csv,/home/bang001/gpupowermodeling/accelwattch/util/fp16_energy_impl/results/strict_fp16_launch_shape_rtx3090_20260602_115550/raw/launch_shape_tensor_mma_f16acc_t032_b04_rep001_test_86c7db2e/sm_util.csv,/home/bang001/gpupowermodeling/accelwattch/util/fp16_energy_impl/results/strict_fp16_launch_shape_rtx3090_20260602_115550/raw/launch_shape_tensor_mma_f16acc_t032_b04_rep001_baseline_713d6534/sm_util.csv
launch_shape_tensor_mma_f16acc_t032_b04,2,2,NVIDIA GeForce RTX 3090,ampere,ga102,consumer,86,82,benchmark uses warp-level HMMA mma.sync m16n8k16 pairs,False,False,tensor_core_mma_m16n16k16_f16acc,fp16-energy-bench-v2,fp16-energy-bench-v2,"nvml_timed_energy_counter,explicit_m16n16k16_denominator,strict_denominator_provenance,tensor_no_memory_warpsync_baseline","nvml_timed_energy_counter,explicit_m16n16k16_denominator,strict_denominator_provenance,tensor_no_memory_warpsync_baseline",bae1f83e791c,bae1f83e791c,tensor_mma_f16acc,tensor_baseline_mov,328,32,128.0,4,1000000,8,1.1181875,1.03808813477,171966464000000.0,0.0,0.0,171966464000000.0,85983232000000.0,85983232000000.0,257949696000000.0,343932928000000.0,20992000000.0,8192.0,8192.0,4096.0,4096.0,12288.0,16384.0,True,bench_json_metadata,True,logical_m16n16k16_input_bits_8192,ga102,"RTX 3090 FE dense FP16 Tensor Core peak, no sparsity",https://www.nvidia.com/content/dam/en-zz/Solutions/geforce/ampere/pdf/NVIDIA-ampere-GA102-GPU-Architecture-Whitepaper-V1.pdf,142.0,284.0,1024.0,1935.0,measured_avg_sm_clock_mhz,warp-level HMMA mma.sync.aligned.m16n8k16 pair -> logical m16n16k16,"dense FP16 Tensor Core HMMA normalization only; no sparsity, no WGMMA",162.47808,969.2466453113941,94.65299270619083,True,False,153.7903652115589,nan,197.35446630331893,165.8380476070255,228.798,177.4,nvml_total_energy_counter,nvml_total_energy_counter,235.1492198593184,177.88246589343774,202.8328428875147,166.2890690377171,average_instant,average_instant,202.34444444444446,166.93125,230.09888888888887,178.8475,370.0,370.0,228.798,177.4,-6.351219859318405,-0.48246589343773394,0.9729906828391005,0.997287726527657,185.43803185858079,0.810487993158073,0.189512006841927,0.8403055208902388,True,31.516418696293442,43.359968141419216,0.25214199985771185,0.20493103487294836,nan,nan,0.25214199985771185,0.16809466657180794,0.12607099992885593,9,8,1,1,1935.0,0.0,70.0,99.77777777777777,100.0,100.0,100.0,True,True,True,pure_fp16_candidate_no_l2,launch_shape_tensor_mma_f16acc_t032_b04_rep002_test_a7943d66,launch_shape_tensor_mma_f16acc_t032_b04_rep002_baseline_a57fbacd,/home/bang001/gpupowermodeling/accelwattch/util/fp16_energy_impl/results/strict_fp16_launch_shape_rtx3090_20260602_115550/raw/launch_shape_tensor_mma_f16acc_t032_b04_rep002_test_a7943d66/power.csv,/home/bang001/gpupowermodeling/accelwattch/util/fp16_energy_impl/results/strict_fp16_launch_shape_rtx3090_20260602_115550/raw/launch_shape_tensor_mma_f16acc_t032_b04_rep002_baseline_a57fbacd/power.csv,/home/bang001/gpupowermodeling/accelwattch/util/fp16_energy_impl/results/strict_fp16_launch_shape_rtx3090_20260602_115550/raw/launch_shape_tensor_mma_f16acc_t032_b04_rep002_test_a7943d66/sm_util.csv,/home/bang001/gpupowermodeling/accelwattch/util/fp16_energy_impl/results/strict_fp16_launch_shape_rtx3090_20260602_115550/raw/launch_shape_tensor_mma_f16acc_t032_b04_rep002_baseline_a57fbacd/sm_util.csv
launch_shape_tensor_mma_f16acc_t032_b04,3,3,NVIDIA GeForce RTX 3090,ampere,ga102,consumer,86,82,benchmark uses warp-level HMMA mma.sync m16n8k16 pairs,False,False,tensor_core_mma_m16n16k16_f16acc,fp16-energy-bench-v2,fp16-energy-bench-v2,"nvml_timed_energy_counter,explicit_m16n16k16_denominator,strict_denominator_provenance,tensor_no_memory_warpsync_baseline","nvml_timed_energy_counter,explicit_m16n16k16_denominator,strict_denominator_provenance,tensor_no_memory_warpsync_baseline",bae1f83e791c,bae1f83e791c,tensor_mma_f16acc,tensor_baseline_mov,328,32,128.0,4,1000000,8,1.12084680176,1.0387916259799999,171966464000000.0,0.0,0.0,171966464000000.0,85983232000000.0,85983232000000.0,257949696000000.0,343932928000000.0,20992000000.0,8192.0,8192.0,4096.0,4096.0,12288.0,16384.0,True,bench_json_metadata,True,logical_m16n16k16_input_bits_8192,ga102,"RTX 3090 FE dense FP16 Tensor Core peak, no sparsity",https://www.nvidia.com/content/dam/en-zz/Solutions/geforce/ampere/pdf/NVIDIA-ampere-GA102-GPU-Architecture-Whitepaper-V1.pdf,142.0,284.0,1024.0,1935.0,measured_avg_sm_clock_mhz,warp-level HMMA mma.sync.aligned.m16n8k16 pair -> logical m16n16k16,"dense FP16 Tensor Core HMMA normalization only; no sparsity, no WGMMA",162.47808,966.9470274637957,94.4284206507613,True,False,153.42548484768048,nan,216.55538727098917,154.96192554043694,249.756,165.627,nvml_total_energy_counter,nvml_total_energy_counter,238.2802938370659,178.66572805257144,206.6051718914897,167.16106218859562,average_instant,average_instant,206.03,167.59625,231.7422222222222,179.4325,370.0,370.0,249.756,165.627,11.475706162934102,-13.038728052571429,1.048160533874367,0.9270216610947632,173.68857863656999,0.6954330572101171,0.304566942789883,0.7155764051555249,True,61.593461730552235,76.06742136343001,0.44233869554606886,0.40145521972247117,nan,nan,0.44233869554606886,0.29489246369737926,0.22116934777303443,9,8,1,1,1935.0,0.0,71.0,99.77777777777777,100.0,100.0,100.0,True,True,True,pure_fp16_candidate_no_l2,launch_shape_tensor_mma_f16acc_t032_b04_rep003_test_ac5eb00f,launch_shape_tensor_mma_f16acc_t032_b04_rep003_baseline_47c6cbb1,/home/bang001/gpupowermodeling/accelwattch/util/fp16_energy_impl/results/strict_fp16_launch_shape_rtx3090_20260602_115550/raw/launch_shape_tensor_mma_f16acc_t032_b04_rep003_test_ac5eb00f/power.csv,/home/bang001/gpupowermodeling/accelwattch/util/fp16_energy_impl/results/strict_fp16_launch_shape_rtx3090_20260602_115550/raw/launch_shape_tensor_mma_f16acc_t032_b04_rep003_baseline_47c6cbb1/power.csv,/home/bang001/gpupowermodeling/accelwattch/util/fp16_energy_impl/results/strict_fp16_launch_shape_rtx3090_20260602_115550/raw/launch_shape_tensor_mma_f16acc_t032_b04_rep003_test_ac5eb00f/sm_util.csv,/home/bang001/gpupowermodeling/accelwattch/util/fp16_energy_impl/results/strict_fp16_launch_shape_rtx3090_20260602_115550/raw/launch_shape_tensor_mma_f16acc_t032_b04_rep003_baseline_47c6cbb1/sm_util.csv
launch_shape_tensor_mma_f16acc_t032_b04,4,4,NVIDIA GeForce RTX 3090,ampere,ga102,consumer,86,82,benchmark uses warp-level HMMA mma.sync m16n8k16 pairs,False,False,tensor_core_mma_m16n16k16_f16acc,fp16-energy-bench-v2,fp16-energy-bench-v2,"nvml_timed_energy_counter,explicit_m16n16k16_denominator,strict_denominator_provenance,tensor_no_memory_warpsync_baseline","nvml_timed_energy_counter,explicit_m16n16k16_denominator,strict_denominator_provenance,tensor_no_memory_warpsync_baseline",bae1f83e791c,bae1f83e791c,tensor_mma_f16acc,tensor_baseline_mov,328,32,128.0,4,1000000,8,1.11834289551,1.03760961914,171966464000000.0,0.0,0.0,171966464000000.0,85983232000000.0,85983232000000.0,257949696000000.0,343932928000000.0,20992000000.0,8192.0,8192.0,4096.0,4096.0,12288.0,16384.0,True,bench_json_metadata,True,logical_m16n16k16_input_bits_8192,ga102,"RTX 3090 FE dense FP16 Tensor Core peak, no sparsity",https://www.nvidia.com/content/dam/en-zz/Solutions/geforce/ampere/pdf/NVIDIA-ampere-GA102-GPU-Architecture-Whitepaper-V1.pdf,142.0,284.0,1024.0,1935.0,measured_avg_sm_clock_mhz,warp-level HMMA mma.sync.aligned.m16n8k16 pair -> logical m16n16k16,"dense FP16 Tensor Core HMMA normalization only; no sparsity, no WGMMA",162.47808,969.1119669606227,94.6398405234983,True,False,153.768995797642,nan,201.18672152767175,152.85226949029806,231.617,163.315,nvml_total_energy_counter,nvml_total_energy_counter,237.9830092867272,178.72509488488393,206.71635250299462,167.27512088922248,average_instant,average_instant,205.80333333333334,167.74875,233.19777777777776,179.87,370.0,370.0,231.617,163.315,-6.366009286727206,-15.410094884883932,0.9732501521608322,0.9137776656668751,170.94124964705478,0.7380341237778522,0.26196587622214784,0.7597532696474422,True,48.334452037373694,60.675750352945215,0.3528347850017153,0.3143315841184344,nan,nan,0.3528347850017153,0.23522319000114356,0.17641739250085764,9,8,1,1,1935.0,0.0,71.0,99.77777777777777,100.0,100.0,100.0,True,True,True,pure_fp16_candidate_no_l2,launch_shape_tensor_mma_f16acc_t032_b04_rep004_test_e0bed6ea,launch_shape_tensor_mma_f16acc_t032_b04_rep004_baseline_25594e26,/home/bang001/gpupowermodeling/accelwattch/util/fp16_energy_impl/results/strict_fp16_launch_shape_rtx3090_20260602_115550/raw/launch_shape_tensor_mma_f16acc_t032_b04_rep004_test_e0bed6ea/power.csv,/home/bang001/gpupowermodeling/accelwattch/util/fp16_energy_impl/results/strict_fp16_launch_shape_rtx3090_20260602_115550/raw/launch_shape_tensor_mma_f16acc_t032_b04_rep004_baseline_25594e26/power.csv,/home/bang001/gpupowermodeling/accelwattch/util/fp16_energy_impl/results/strict_fp16_launch_shape_rtx3090_20260602_115550/raw/launch_shape_tensor_mma_f16acc_t032_b04_rep004_test_e0bed6ea/sm_util.csv,/home/bang001/gpupowermodeling/accelwattch/util/fp16_energy_impl/results/strict_fp16_launch_shape_rtx3090_20260602_115550/raw/launch_shape_tensor_mma_f16acc_t032_b04_rep004_baseline_25594e26/sm_util.csv
launch_shape_tensor_mma_f16acc_t032_b04,5,5,NVIDIA GeForce RTX 3090,ampere,ga102,consumer,86,82,benchmark uses warp-level HMMA mma.sync m16n8k16 pairs,False,False,tensor_core_mma_m16n16k16_f16acc,fp16-energy-bench-v2,fp16-energy-bench-v2,"nvml_timed_energy_counter,explicit_m16n16k16_denominator,strict_denominator_provenance,tensor_no_memory_warpsync_baseline","nvml_timed_energy_counter,explicit_m16n16k16_denominator,strict_denominator_provenance,tensor_no_memory_warpsync_baseline",bae1f83e791c,bae1f83e791c,tensor_mma_f16acc,tensor_baseline_mov,328,32,128.0,4,1000000,8,1.1205908203100001,1.03631933594,171966464000000.0,0.0,0.0,171966464000000.0,85983232000000.0,85983232000000.0,257949696000000.0,343932928000000.0,20992000000.0,8192.0,8192.0,4096.0,4096.0,12288.0,16384.0,True,bench_json_metadata,True,logical_m16n16k16_input_bits_8192,ga102,"RTX 3090 FE dense FP16 Tensor Core peak, no sparsity",https://www.nvidia.com/content/dam/en-zz/Solutions/geforce/ampere/pdf/NVIDIA-ampere-GA102-GPU-Architecture-Whitepaper-V1.pdf,142.0,284.0,1024.0,1928.3333333333333,measured_avg_sm_clock_mhz,warp-level HMMA mma.sync.aligned.m16n8k16 pair -> logical m16n16k16,"dense FP16 Tensor Core HMMA normalization only; no sparsity, no WGMMA",161.9182933333333,970.5116206793178,94.77652545696463,True,False,153.4605325005493,nan,207.79386236888513,152.0112330014678,239.588,162.058,nvml_total_energy_counter,nvml_total_energy_counter,238.18011549983984,179.14692016624116,206.5728089018602,168.04072753511602,average_instant,average_instant,205.2788888888889,168.6075,232.59888888888887,181.05625,370.0,370.0,239.588,162.058,1.4078845001601508,-17.088920166241166,1.0059110077145004,0.9046094671882534,170.34239228544934,0.7109804843541803,0.28901951564581974,0.7315482337568302,True,55.78262936741734,69.24560771455066,0.40266925366652107,0.36349821324396664,nan,nan,0.40266925366652107,0.26844616911101404,0.20133462683326053,9,8,1,1,1928.3333333333333,15.0,71.0,99.88888888888889,100.0,100.0,100.0,True,True,True,pure_fp16_candidate_no_l2,launch_shape_tensor_mma_f16acc_t032_b04_rep005_test_6820f926,launch_shape_tensor_mma_f16acc_t032_b04_rep005_baseline_9b50f490,/home/bang001/gpupowermodeling/accelwattch/util/fp16_energy_impl/results/strict_fp16_launch_shape_rtx3090_20260602_115550/raw/launch_shape_tensor_mma_f16acc_t032_b04_rep005_test_6820f926/power.csv,/home/bang001/gpupowermodeling/accelwattch/util/fp16_energy_impl/results/strict_fp16_launch_shape_rtx3090_20260602_115550/raw/launch_shape_tensor_mma_f16acc_t032_b04_rep005_baseline_9b50f490/power.csv,/home/bang001/gpupowermodeling/accelwattch/util/fp16_energy_impl/results/strict_fp16_launch_shape_rtx3090_20260602_115550/raw/launch_shape_tensor_mma_f16acc_t032_b04_rep005_test_6820f926/sm_util.csv,/home/bang001/gpupowermodeling/accelwattch/util/fp16_energy_impl/results/strict_fp16_launch_shape_rtx3090_20260602_115550/raw/launch_shape_tensor_mma_f16acc_t032_b04_rep005_baseline_9b50f490/sm_util.csv
launch_shape_tensor_mma_f16acc_t032_b04,6,6,NVIDIA GeForce RTX 3090,ampere,ga102,consumer,86,82,benchmark uses warp-level HMMA mma.sync m16n8k16 pairs,False,False,tensor_core_mma_m16n16k16_f16acc,fp16-energy-bench-v2,fp16-energy-bench-v2,"nvml_timed_energy_counter,explicit_m16n16k16_denominator,strict_denominator_provenance,tensor_no_memory_warpsync_baseline","nvml_timed_energy_counter,explicit_m16n16k16_denominator,strict_denominator_provenance,tensor_no_memory_warpsync_baseline",bae1f83e791c,bae1f83e791c,tensor_mma_f16acc,tensor_baseline_mov,328,32,128.0,4,1000000,8,1.1238779296899999,1.03861621094,171966464000000.0,0.0,0.0,171966464000000.0,85983232000000.0,85983232000000.0,257949696000000.0,343932928000000.0,20992000000.0,8192.0,8192.0,4096.0,4096.0,12288.0,16384.0,True,bench_json_metadata,True,logical_m16n16k16_input_bits_8192,ga102,"RTX 3090 FE dense FP16 Tensor Core peak, no sparsity",https://www.nvidia.com/content/dam/en-zz/Solutions/geforce/ampere/pdf/NVIDIA-ampere-GA102-GPU-Architecture-Whitepaper-V1.pdf,142.0,284.0,1024.0,1925.0,measured_avg_sm_clock_mhz,warp-level HMMA mma.sync.aligned.m16n8k16 pair -> logical m16n16k16,"dense FP16 Tensor Core HMMA normalization only; no sparsity, no WGMMA",161.6384,969.3487002544027,94.66295900921902,True,False,153.01169233515748,nan,201.56023353796616,149.55072112862428,233.447,159.786,nvml_total_energy_counter,nvml_total_energy_counter,241.03430976655966,179.19624933206265,208.11118483942926,167.7176242671744,average_instant,average_instant,207.0922222222222,168.29375,233.09333333333336,179.73624999999998,370.0,370.0,233.447,159.786,-7.587309766559656,-19.410249332062648,0.9685218682190601,0.8916816093840549,168.07675484568477,0.7199782170928938,0.2800217829071062,0.7419654090669363,True,52.00951240934188,65.37024515431523,0.380133682078357,0.339905477912237,nan,nan,0.380133682078357,0.2534224547189047,0.1900668410391785,9,8,1,1,1925.0,15.0,71.0,97.44444444444444,100.0,100.0,100.0,True,True,True,pure_fp16_candidate_no_l2,launch_shape_tensor_mma_f16acc_t032_b04_rep006_test_6562b5f1,launch_shape_tensor_mma_f16acc_t032_b04_rep006_baseline_680c8ca2,/home/bang001/gpupowermodeling/accelwattch/util/fp16_energy_impl/results/strict_fp16_launch_shape_rtx3090_20260602_115550/raw/launch_shape_tensor_mma_f16acc_t032_b04_rep006_test_6562b5f1/power.csv,/home/bang001/gpupowermodeling/accelwattch/util/fp16_energy_impl/results/strict_fp16_launch_shape_rtx3090_20260602_115550/raw/launch_shape_tensor_mma_f16acc_t032_b04_rep006_baseline_680c8ca2/power.csv,/home/bang001/gpupowermodeling/accelwattch/util/fp16_energy_impl/results/strict_fp16_launch_shape_rtx3090_20260602_115550/raw/launch_shape_tensor_mma_f16acc_t032_b04_rep006_test_6562b5f1/sm_util.csv,/home/bang001/gpupowermodeling/accelwattch/util/fp16_energy_impl/results/strict_fp16_launch_shape_rtx3090_20260602_115550/raw/launch_shape_tensor_mma_f16acc_t032_b04_rep006_baseline_680c8ca2/sm_util.csv
launch_shape_tensor_mma_f16acc_t032_b04,7,7,NVIDIA GeForce RTX 3090,ampere,ga102,consumer,86,82,benchmark uses warp-level HMMA mma.sync m16n8k16 pairs,False,False,tensor_core_mma_m16n16k16_f16acc,fp16-energy-bench-v2,fp16-energy-bench-v2,"nvml_timed_energy_counter,explicit_m16n16k16_denominator,strict_denominator_provenance,tensor_no_memory_warpsync_baseline","nvml_timed_energy_counter,explicit_m16n16k16_denominator,strict_denominator_provenance,tensor_no_memory_warpsync_baseline",bae1f83e791c,bae1f83e791c,tensor_mma_f16acc,tensor_baseline_mov,328,32,128.0,4,1000000,8,1.12131970215,1.03727612305,171966464000000.0,0.0,0.0,171966464000000.0,85983232000000.0,85983232000000.0,257949696000000.0,343932928000000.0,20992000000.0,8192.0,8192.0,4096.0,4096.0,12288.0,16384.0,True,bench_json_metadata,True,logical_m16n16k16_input_bits_8192,ga102,"RTX 3090 FE dense FP16 Tensor Core peak, no sparsity",https://www.nvidia.com/content/dam/en-zz/Solutions/geforce/ampere/pdf/NVIDIA-ampere-GA102-GPU-Architecture-Whitepaper-V1.pdf,142.0,284.0,1024.0,1926.6666666666667,measured_avg_sm_clock_mhz,warp-level HMMA mma.sync.aligned.m16n8k16 pair -> logical m16n16k16,"dense FP16 Tensor Core HMMA normalization only; no sparsity, no WGMMA",161.7783466666667,970.7197645281592,94.79685200470304,True,False,153.36077986525547,nan,201.84653971201234,170.066488363515,232.863,181.486,nvml_total_energy_counter,nvml_total_energy_counter,239.71710170052472,179.6869147424977,207.78770130095148,168.38060563972368,average_instant,average_instant,207.05333333333334,168.86375,233.26555555555555,180.84875,370.0,370.0,232.863,181.486,-6.854101700524723,1.7990852575022984,0.9714075397545584,1.0100123331745137,190.6989040774731,0.8189317499021875,0.1810682500978125,0.8425534002522905,True,31.780051348497352,42.16409592252691,0.24518789851099637,0.20722411151286313,nan,nan,0.24518789851099637,0.16345859900733092,0.12259394925549819,9,8,1,1,1926.6666666666667,15.0,72.0,98.22222222222223,100.0,100.0,100.0,True,True,True,pure_fp16_candidate_no_l2,launch_shape_tensor_mma_f16acc_t032_b04_rep007_test_468e1cf6,launch_shape_tensor_mma_f16acc_t032_b04_rep007_baseline_aedf2887,/home/bang001/gpupowermodeling/accelwattch/util/fp16_energy_impl/results/strict_fp16_launch_shape_rtx3090_20260602_115550/raw/launch_shape_tensor_mma_f16acc_t032_b04_rep007_test_468e1cf6/power.csv,/home/bang001/gpupowermodeling/accelwattch/util/fp16_energy_impl/results/strict_fp16_launch_shape_rtx3090_20260602_115550/raw/launch_shape_tensor_mma_f16acc_t032_b04_rep007_baseline_aedf2887/power.csv,/home/bang001/gpupowermodeling/accelwattch/util/fp16_energy_impl/results/strict_fp16_launch_shape_rtx3090_20260602_115550/raw/launch_shape_tensor_mma_f16acc_t032_b04_rep007_test_468e1cf6/sm_util.csv,/home/bang001/gpupowermodeling/accelwattch/util/fp16_energy_impl/results/strict_fp16_launch_shape_rtx3090_20260602_115550/raw/launch_shape_tensor_mma_f16acc_t032_b04_rep007_baseline_aedf2887/sm_util.csv
launch_shape_tensor_mma_f16acc_t032_b04,8,8,NVIDIA GeForce RTX 3090,ampere,ga102,consumer,86,82,benchmark uses warp-level HMMA mma.sync m16n8k16 pairs,False,False,tensor_core_mma_m16n16k16_f16acc,fp16-energy-bench-v2,fp16-energy-bench-v2,"nvml_timed_energy_counter,explicit_m16n16k16_denominator,strict_denominator_provenance,tensor_no_memory_warpsync_baseline","nvml_timed_energy_counter,explicit_m16n16k16_denominator,strict_denominator_provenance,tensor_no_memory_warpsync_baseline",bae1f83e791c,bae1f83e791c,tensor_mma_f16acc,tensor_baseline_mov,328,32,128.0,4,1000000,8,1.12162609863,1.03750720215,171966464000000.0,0.0,0.0,171966464000000.0,85983232000000.0,85983232000000.0,257949696000000.0,343932928000000.0,20992000000.0,8192.0,8192.0,4096.0,4096.0,12288.0,16384.0,True,bench_json_metadata,True,logical_m16n16k16_input_bits_8192,ga102,"RTX 3090 FE dense FP16 Tensor Core peak, no sparsity",https://www.nvidia.com/content/dam/en-zz/Solutions/geforce/ampere/pdf/NVIDIA-ampere-GA102-GPU-Architecture-Whitepaper-V1.pdf,142.0,284.0,1024.0,1926.6666666666667,measured_avg_sm_clock_mhz,warp-level HMMA mma.sync.aligned.m16n8k16 pair -> logical m16n16k16,"dense FP16 Tensor Core HMMA normalization only; no sparsity, no WGMMA",161.7783466666667,970.4545913842024,94.77095618986351,True,False,153.3188860441522,nan,203.42640612450938,172.1890862639807,234.776,183.797,nvml_total_energy_counter,nvml_total_energy_counter,241.3233536767691,179.3972989901344,209.0994929310451,168.06725349890039,average_instant,average_instant,208.08,168.64625,233.78333333333336,181.33375,370.0,370.0,234.776,183.797,-6.547353676769092,4.399701009865595,0.9728689595225057,1.0245249010694835,193.1317730529332,0.822621447903249,0.177378552096751,0.8464441246560216,True,31.237319860528686,41.64422694706681,0.24216481503665047,0.2037408480226831,nan,nan,0.24216481503665047,0.16144321002443365,0.12108240751832523,9,8,1,1,1926.6666666666667,15.0,72.0,99.77777777777777,100.0,100.0,100.0,True,True,True,pure_fp16_candidate_no_l2,launch_shape_tensor_mma_f16acc_t032_b04_rep008_test_ea3a6055,launch_shape_tensor_mma_f16acc_t032_b04_rep008_baseline_76d991fd,/home/bang001/gpupowermodeling/accelwattch/util/fp16_energy_impl/results/strict_fp16_launch_shape_rtx3090_20260602_115550/raw/launch_shape_tensor_mma_f16acc_t032_b04_rep008_test_ea3a6055/power.csv,/home/bang001/gpupowermodeling/accelwattch/util/fp16_energy_impl/results/strict_fp16_launch_shape_rtx3090_20260602_115550/raw/launch_shape_tensor_mma_f16acc_t032_b04_rep008_baseline_76d991fd/power.csv,/home/bang001/gpupowermodeling/accelwattch/util/fp16_energy_impl/results/strict_fp16_launch_shape_rtx3090_20260602_115550/raw/launch_shape_tensor_mma_f16acc_t032_b04_rep008_test_ea3a6055/sm_util.csv,/home/bang001/gpupowermodeling/accelwattch/util/fp16_energy_impl/results/strict_fp16_launch_shape_rtx3090_20260602_115550/raw/launch_shape_tensor_mma_f16acc_t032_b04_rep008_baseline_76d991fd/sm_util.csv
launch_shape_tensor_mma_f16acc_t032_b04,9,9,NVIDIA GeForce RTX 3090,ampere,ga102,consumer,86,82,benchmark uses warp-level HMMA mma.sync m16n8k16 pairs,False,False,tensor_core_mma_m16n16k16_f16acc,fp16-energy-bench-v2,fp16-energy-bench-v2,"nvml_timed_energy_counter,explicit_m16n16k16_denominator,strict_denominator_provenance,tensor_no_memory_warpsync_baseline","nvml_timed_energy_counter,explicit_m16n16k16_denominator,strict_denominator_provenance,tensor_no_memory_warpsync_baseline",bae1f83e791c,bae1f83e791c,tensor_mma_f16acc,tensor_baseline_mov,328,32,128.0,4,1000000,8,1.12224841309,1.0374235839800001,171966464000000.0,0.0,0.0,171966464000000.0,85983232000000.0,85983232000000.0,257949696000000.0,343932928000000.0,20992000000.0,8192.0,8192.0,4096.0,4096.0,12288.0,16384.0,True,bench_json_metadata,True,logical_m16n16k16_input_bits_8192,ga102,"RTX 3090 FE dense FP16 Tensor Core peak, no sparsity",https://www.nvidia.com/content/dam/en-zz/Solutions/geforce/ampere/pdf/NVIDIA-ampere-GA102-GPU-Architecture-Whitepaper-V1.pdf,142.0,284.0,1024.0,1925.0,measured_avg_sm_clock_mhz,warp-level HMMA mma.sync.aligned.m16n8k16 pair -> logical m16n16k16,"dense FP16 Tensor Core HMMA normalization only; no sparsity, no WGMMA",161.6384,970.7562048494894,94.80041062983295,True,False,153.2338669354919,nan,221.4231377547795,157.03821145513788,255.744,167.676,nvml_total_energy_counter,nvml_total_energy_counter,239.61128105883193,180.6588295487854,207.45543079598713,169.19737753715424,average_instant,average_instant,206.88777777777779,169.65125,234.43111111111114,181.225,370.0,370.0,255.744,167.676,16.132718941168065,-12.982829548785418,1.067328712028408,0.928136202469531,176.23588360002034,0.6891105308434229,0.3108894691565771,0.709222229652683,True,64.38492629964162,79.50811639997966,0.46234663753962896,0.4201742577360282,nan,nan,0.46234663753962896,0.308231091693086,0.23117331876981448,9,8,1,1,1925.0,15.0,72.0,99.77777777777777,100.0,100.0,100.0,True,True,True,pure_fp16_candidate_no_l2,launch_shape_tensor_mma_f16acc_t032_b04_rep009_test_dce2eec7,launch_shape_tensor_mma_f16acc_t032_b04_rep009_baseline_e808437f,/home/bang001/gpupowermodeling/accelwattch/util/fp16_energy_impl/results/strict_fp16_launch_shape_rtx3090_20260602_115550/raw/launch_shape_tensor_mma_f16acc_t032_b04_rep009_test_dce2eec7/power.csv,/home/bang001/gpupowermodeling/accelwattch/util/fp16_energy_impl/results/strict_fp16_launch_shape_rtx3090_20260602_115550/raw/launch_shape_tensor_mma_f16acc_t032_b04_rep009_baseline_e808437f/power.csv,/home/bang001/gpupowermodeling/accelwattch/util/fp16_energy_impl/results/strict_fp16_launch_shape_rtx3090_20260602_115550/raw/launch_shape_tensor_mma_f16acc_t032_b04_rep009_test_dce2eec7/sm_util.csv,/home/bang001/gpupowermodeling/accelwattch/util/fp16_energy_impl/results/strict_fp16_launch_shape_rtx3090_20260602_115550/raw/launch_shape_tensor_mma_f16acc_t032_b04_rep009_baseline_e808437f/sm_util.csv
launch_shape_tensor_mma_f16acc_t032_b08,0,0,NVIDIA GeForce RTX 3090,ampere,ga102,consumer,86,82,benchmark uses warp-level HMMA mma.sync m16n8k16 pairs,False,False,tensor_core_mma_m16n16k16_f16acc,fp16-energy-bench-v2,fp16-energy-bench-v2,"nvml_timed_energy_counter,explicit_m16n16k16_denominator,strict_denominator_provenance,tensor_no_memory_warpsync_baseline","nvml_timed_energy_counter,explicit_m16n16k16_denominator,strict_denominator_provenance,tensor_no_memory_warpsync_baseline",bae1f83e791c,bae1f83e791c,tensor_mma_f16acc,tensor_baseline_mov,656,32,256.0,8,1000000,8,1.07320837402,1.01302270508,171966464000000.0,0.0,0.0,171966464000000.0,85983232000000.0,85983232000000.0,257949696000000.0,343932928000000.0,20992000000.0,8192.0,8192.0,4096.0,4096.0,12288.0,16384.0,True,bench_json_metadata,True,logical_m16n16k16_input_bits_8192,ga102,"RTX 3090 FE dense FP16 Tensor Core peak, no sparsity",https://www.nvidia.com/content/dam/en-zz/Solutions/geforce/ampere/pdf/NVIDIA-ampere-GA102-GPU-Architecture-Whitepaper-V1.pdf,142.0,284.0,1024.0,1935.0,measured_avg_sm_clock_mhz,warp-level HMMA mma.sync.aligned.m16n8k16 pair -> logical m16n16k16,"dense FP16 Tensor Core HMMA normalization only; no sparsity, no WGMMA",162.47808,1009.8686419529718,98.61998456571989,True,False,160.23585741867802,nan,201.99698610242436,162.85235122108884,222.99,169.705,nvml_total_energy_counter,nvml_total_energy_counter,234.18285064087934,175.22483451987202,212.1361048761461,168.1492960955032,average_instant,average_instant,211.18375,169.1175,226.28625,182.4675,370.0,370.0,222.99,169.705,-11.192850640879328,-5.519834519872006,0.9522046528588738,0.9684985605208489,174.77450705931872,0.783777331088025,0.21622266891197492,0.8062117874299031,True,39.14463488133552,48.21549294068129,0.28037730042923537,0.2442938522746195,nan,nan,0.28037730042923537,0.1869182002861569,0.14018865021461768,8,8,1,1,1935.0,0.0,64.0,99.5,100.0,98.0,98.0,True,True,True,pure_fp16_candidate_no_l2,launch_shape_tensor_mma_f16acc_t032_b08_rep000_test_fec387e6,launch_shape_tensor_mma_f16acc_t032_b08_rep000_baseline_918a0294,/home/bang001/gpupowermodeling/accelwattch/util/fp16_energy_impl/results/strict_fp16_launch_shape_rtx3090_20260602_115550/raw/launch_shape_tensor_mma_f16acc_t032_b08_rep000_test_fec387e6/power.csv,/home/bang001/gpupowermodeling/accelwattch/util/fp16_energy_impl/results/strict_fp16_launch_shape_rtx3090_20260602_115550/raw/launch_shape_tensor_mma_f16acc_t032_b08_rep000_baseline_918a0294/power.csv,/home/bang001/gpupowermodeling/accelwattch/util/fp16_energy_impl/results/strict_fp16_launch_shape_rtx3090_20260602_115550/raw/launch_shape_tensor_mma_f16acc_t032_b08_rep000_test_fec387e6/sm_util.csv,/home/bang001/gpupowermodeling/accelwattch/util/fp16_energy_impl/results/strict_fp16_launch_shape_rtx3090_20260602_115550/raw/launch_shape_tensor_mma_f16acc_t032_b08_rep000_baseline_918a0294/sm_util.csv
launch_shape_tensor_mma_f16acc_t032_b08,1,1,NVIDIA GeForce RTX 3090,ampere,ga102,consumer,86,82,benchmark uses warp-level HMMA mma.sync m16n8k16 pairs,False,False,tensor_core_mma_m16n16k16_f16acc,fp16-energy-bench-v2,fp16-energy-bench-v2,"nvml_timed_energy_counter,explicit_m16n16k16_denominator,strict_denominator_provenance,tensor_no_memory_warpsync_baseline","nvml_timed_energy_counter,explicit_m16n16k16_denominator,strict_denominator_provenance,tensor_no_memory_warpsync_baseline",bae1f83e791c,bae1f83e791c,tensor_mma_f16acc,tensor_baseline_mov,656,32,256.0,8,1000000,8,1.07848913574,1.02048052979,171966464000000.0,0.0,0.0,171966464000000.0,85983232000000.0,85983232000000.0,257949696000000.0,343932928000000.0,20992000000.0,8192.0,8192.0,4096.0,4096.0,12288.0,16384.0,True,bench_json_metadata,True,logical_m16n16k16_input_bits_8192,ga102,"RTX 3090 FE dense FP16 Tensor Core peak, no sparsity",https://www.nvidia.com/content/dam/en-zz/Solutions/geforce/ampere/pdf/NVIDIA-ampere-GA102-GPU-Architecture-Whitepaper-V1.pdf,142.0,284.0,1024.0,1935.0,measured_avg_sm_clock_mhz,warp-level HMMA mma.sync.aligned.m16n8k16 pair -> logical m16n16k16,"dense FP16 Tensor Core HMMA normalization only; no sparsity, no WGMMA",162.47808,1004.9238766420125,98.13709732832152,True,False,159.45127150678812,nan,208.14496192135985,166.51889260027036,230.296,174.748,nvml_total_energy_counter,nvml_total_energy_counter,242.0274662396624,181.48620396291307,218.74803619853466,172.93978589815669,average_instant,average_instant,217.4,173.79125,232.32375,190.4125,370.0,370.0,230.296,174.748,-11.73146623966241,-6.738203962913076,0.9515283681561763,0.9628720871571591,179.58881656484746,0.7798173505612233,0.22018264943877675,0.8000140434010773,True,41.62606932108949,50.70718343515253,0.2948666981671062,0.2610582463703803,nan,nan,0.2948666981671062,0.1965777987780708,0.1474333490835531,8,8,1,1,1935.0,0.0,68.0,99.75,100.0,99.0,99.0,True,True,True,pure_fp16_candidate_no_l2,launch_shape_tensor_mma_f16acc_t032_b08_rep001_test_c95a7469,launch_shape_tensor_mma_f16acc_t032_b08_rep001_baseline_3c0c2132,/home/bang001/gpupowermodeling/accelwattch/util/fp16_energy_impl/results/strict_fp16_launch_shape_rtx3090_20260602_115550/raw/launch_shape_tensor_mma_f16acc_t032_b08_rep001_test_c95a7469/power.csv,/home/bang001/gpupowermodeling/accelwattch/util/fp16_energy_impl/results/strict_fp16_launch_shape_rtx3090_20260602_115550/raw/launch_shape_tensor_mma_f16acc_t032_b08_rep001_baseline_3c0c2132/power.csv,/home/bang001/gpupowermodeling/accelwattch/util/fp16_energy_impl/results/strict_fp16_launch_shape_rtx3090_20260602_115550/raw/launch_shape_tensor_mma_f16acc_t032_b08_rep001_test_c95a7469/sm_util.csv,/home/bang001/gpupowermodeling/accelwattch/util/fp16_energy_impl/results/strict_fp16_launch_shape_rtx3090_20260602_115550/raw/launch_shape_tensor_mma_f16acc_t032_b08_rep001_baseline_3c0c2132/sm_util.csv
launch_shape_tensor_mma_f16acc_t032_b08,2,2,NVIDIA GeForce RTX 3090,ampere,ga102,consumer,86,82,benchmark uses warp-level HMMA mma.sync m16n8k16 pairs,False,False,tensor_core_mma_m16n16k16_f16acc,fp16-energy-bench-v2,fp16-energy-bench-v2,"nvml_timed_energy_counter,explicit_m16n16k16_denominator,strict_denominator_provenance,tensor_no_memory_warpsync_baseline","nvml_timed_energy_counter,explicit_m16n16k16_denominator,strict_denominator_provenance,tensor_no_memory_warpsync_baseline",bae1f83e791c,bae1f83e791c,tensor_mma_f16acc,tensor_baseline_mov,656,32,256.0,8,1000000,8,1.08294763184,1.02072296143,171966464000000.0,0.0,0.0,171966464000000.0,85983232000000.0,85983232000000.0,257949696000000.0,343932928000000.0,20992000000.0,8192.0,8192.0,4096.0,4096.0,12288.0,16384.0,True,bench_json_metadata,True,logical_m16n16k16_input_bits_8192,ga102,"RTX 3090 FE dense FP16 Tensor Core peak, no sparsity",https://www.nvidia.com/content/dam/en-zz/Solutions/geforce/ampere/pdf/NVIDIA-ampere-GA102-GPU-Architecture-Whitepaper-V1.pdf,142.0,284.0,1024.0,1935.0,measured_avg_sm_clock_mhz,warp-level HMMA mma.sync.aligned.m16n8k16 pair -> logical m16n16k16,"dense FP16 Tensor Core HMMA normalization only; no sparsity, no WGMMA",162.47808,1000.7866043925754,97.73306683521244,True,False,158.79481051896994,nan,211.37065320180366,165.23402928470205,237.805,175.236,nvml_total_energy_counter,nvml_total_energy_counter,251.70876412118764,186.402758597774,223.72887823600914,175.76342117426694,average_instant,average_instant,222.3725,176.73375,233.475,192.46,370.0,370.0,237.805,175.236,-13.903764121187635,-11.16675859777402,0.9447624949821234,0.940093383371702,178.9398007132493,0.7524644171201165,0.24753558287988356,0.7817264449050398,True,46.136623917101616,58.86519928675071,0.3423062724994491,0.29054239094035156,nan,nan,0.3423062724994491,0.2282041816662994,0.17115313624972456,8,8,1,1,1935.0,0.0,70.0,99.625,100.0,97.0,97.0,True,True,True,pure_fp16_candidate_no_l2,launch_shape_tensor_mma_f16acc_t032_b08_rep002_test_808c1d55,launch_shape_tensor_mma_f16acc_t032_b08_rep002_baseline_6aa4b811,/home/bang001/gpupowermodeling/accelwattch/util/fp16_energy_impl/results/strict_fp16_launch_shape_rtx3090_20260602_115550/raw/launch_shape_tensor_mma_f16acc_t032_b08_rep002_test_808c1d55/power.csv,/home/bang001/gpupowermodeling/accelwattch/util/fp16_energy_impl/results/strict_fp16_launch_shape_rtx3090_20260602_115550/raw/launch_shape_tensor_mma_f16acc_t032_b08_rep002_baseline_6aa4b811/power.csv,/home/bang001/gpupowermodeling/accelwattch/util/fp16_energy_impl/results/strict_fp16_launch_shape_rtx3090_20260602_115550/raw/launch_shape_tensor_mma_f16acc_t032_b08_rep002_test_808c1d55/sm_util.csv,/home/bang001/gpupowermodeling/accelwattch/util/fp16_energy_impl/results/strict_fp16_launch_shape_rtx3090_20260602_115550/raw/launch_shape_tensor_mma_f16acc_t032_b08_rep002_baseline_6aa4b811/sm_util.csv
launch_shape_tensor_mma_f16acc_t032_b08,3,3,NVIDIA GeForce RTX 3090,ampere,ga102,consumer,86,82,benchmark uses warp-level HMMA mma.sync m16n8k16 pairs,False,False,tensor_core_mma_m16n16k16_f16acc,fp16-energy-bench-v2,fp16-energy-bench-v2,"nvml_timed_energy_counter,explicit_m16n16k16_denominator,strict_denominator_provenance,tensor_no_memory_warpsync_baseline","nvml_timed_energy_counter,explicit_m16n16k16_denominator,strict_denominator_provenance,tensor_no_memory_warpsync_baseline",bae1f83e791c,bae1f83e791c,tensor_mma_f16acc,tensor_baseline_mov,656,32,256.0,8,1000000,8,1.07945776367,1.0204610595699999,171966464000000.0,0.0,0.0,171966464000000.0,85983232000000.0,85983232000000.0,257949696000000.0,343932928000000.0,20992000000.0,8192.0,8192.0,4096.0,4096.0,12288.0,16384.0,True,bench_json_metadata,True,logical_m16n16k16_input_bits_8192,ga102,"RTX 3090 FE dense FP16 Tensor Core peak, no sparsity",https://www.nvidia.com/content/dam/en-zz/Solutions/geforce/ampere/pdf/NVIDIA-ampere-GA102-GPU-Architecture-Whitepaper-V1.pdf,142.0,284.0,1024.0,1935.0,measured_avg_sm_clock_mhz,warp-level HMMA mma.sync.aligned.m16n8k16 pair -> logical m16n16k16,"dense FP16 Tensor Core HMMA normalization only; no sparsity, no WGMMA",162.47808,1004.0221300733186,98.04903613997253,True,False,159.30819137873348,nan,213.40931713104018,183.32407145401052,237.046,192.472,nvml_total_energy_counter,nvml_total_energy_counter,247.7860824919284,183.35869036575662,223.07846856381474,174.64390485018993,average_instant,average_instant,221.77222222222224,175.63625,236.0388888888889,193.0375,370.0,370.0,237.046,192.472,-10.740082491928405,9.113309634243393,0.9566558283503341,1.0497020872916605,197.89059219862548,0.8348193692305522,0.16518063076944775,0.8590256223042204,True,30.08524567702966,39.15540780137451,0.22769211444258405,0.18884933296057638,nan,nan,0.22769211444258405,0.15179474296172268,0.11384605722129203,9,8,1,1,1935.0,0.0,71.0,99.77777777777777,100.0,99.0,99.0,True,True,True,pure_fp16_candidate_no_l2,launch_shape_tensor_mma_f16acc_t032_b08_rep003_test_7fc30d38,launch_shape_tensor_mma_f16acc_t032_b08_rep003_baseline_6a613324,/home/bang001/gpupowermodeling/accelwattch/util/fp16_energy_impl/results/strict_fp16_launch_shape_rtx3090_20260602_115550/raw/launch_shape_tensor_mma_f16acc_t032_b08_rep003_test_7fc30d38/power.csv,/home/bang001/gpupowermodeling/accelwattch/util/fp16_energy_impl/results/strict_fp16_launch_shape_rtx3090_20260602_115550/raw/launch_shape_tensor_mma_f16acc_t032_b08_rep003_baseline_6a613324/power.csv,/home/bang001/gpupowermodeling/accelwattch/util/fp16_energy_impl/results/strict_fp16_launch_shape_rtx3090_20260602_115550/raw/launch_shape_tensor_mma_f16acc_t032_b08_rep003_test_7fc30d38/sm_util.csv,/home/bang001/gpupowermodeling/accelwattch/util/fp16_energy_impl/results/strict_fp16_launch_shape_rtx3090_20260602_115550/raw/launch_shape_tensor_mma_f16acc_t032_b08_rep003_baseline_6a613324/sm_util.csv
launch_shape_tensor_mma_f16acc_t032_b08,4,4,NVIDIA GeForce RTX 3090,ampere,ga102,consumer,86,82,benchmark uses warp-level HMMA mma.sync m16n8k16 pairs,False,False,tensor_core_mma_m16n16k16_f16acc,fp16-energy-bench-v2,fp16-energy-bench-v2,"nvml_timed_energy_counter,explicit_m16n16k16_denominator,strict_denominator_provenance,tensor_no_memory_warpsync_baseline","nvml_timed_energy_counter,explicit_m16n16k16_denominator,strict_denominator_provenance,tensor_no_memory_warpsync_baseline",bae1f83e791c,bae1f83e791c,tensor_mma_f16acc,tensor_baseline_mov,656,32,256.0,8,1000000,8,1.07849731445,1.02053668213,171966464000000.0,0.0,0.0,171966464000000.0,85983232000000.0,85983232000000.0,257949696000000.0,343932928000000.0,20992000000.0,8192.0,8192.0,4096.0,4096.0,12288.0,16384.0,True,bench_json_metadata,True,logical_m16n16k16_input_bits_8192,ga102,"RTX 3090 FE dense FP16 Tensor Core peak, no sparsity",https://www.nvidia.com/content/dam/en-zz/Solutions/geforce/ampere/pdf/NVIDIA-ampere-GA102-GPU-Architecture-Whitepaper-V1.pdf,142.0,284.0,1024.0,1931.25,measured_avg_sm_clock_mhz,warp-level HMMA mma.sync.aligned.m16n8k16 pair -> logical m16n16k16,"dense FP16 Tensor Core HMMA normalization only; no sparsity, no WGMMA",162.1632,1006.8675495718242,98.32690913787346,True,False,159.450062319068,nan,1105.1279442819011,167.6626503860776,234.496,176.108,nvml_total_energy_counter,nvml_total_energy_counter,45.71446548993514,183.46486134036863,215.442196331016,174.6667096613466,average_instant,average_instant,216.4625,175.66428571428574,236.1525,193.61714285714285,370.0,370.0,234.496,176.108,188.7815345100649,-7.356861340368624,5.129579827453709,0.9599004338671698,180.82371817495394,0.7711164291713033,0.22888357082869673,0.15171333894287034,True,937.4652938958236,53.67228182504607,0.3121090041430757,5.879366117900324,nan,nan,0.3121090041430757,0.2080726694287171,0.15605450207153784,4,7,0,1,1931.25,15.0,71.0,99.75,100.0,nan,nan,True,True,True,pure_fp16_candidate_no_l2,launch_shape_tensor_mma_f16acc_t032_b08_rep004_test_d9f6e20d,launch_shape_tensor_mma_f16acc_t032_b08_rep004_baseline_188083f4,/home/bang001/gpupowermodeling/accelwattch/util/fp16_energy_impl/results/strict_fp16_launch_shape_rtx3090_20260602_115550/raw/launch_shape_tensor_mma_f16acc_t032_b08_rep004_test_d9f6e20d/power.csv,/home/bang001/gpupowermodeling/accelwattch/util/fp16_energy_impl/results/strict_fp16_launch_shape_rtx3090_20260602_115550/raw/launch_shape_tensor_mma_f16acc_t032_b08_rep004_baseline_188083f4/power.csv,/home/bang001/gpupowermodeling/accelwattch/util/fp16_energy_impl/results/strict_fp16_launch_shape_rtx3090_20260602_115550/raw/launch_shape_tensor_mma_f16acc_t032_b08_rep004_test_d9f6e20d/sm_util.csv,/home/bang001/gpupowermodeling/accelwattch/util/fp16_energy_impl/results/strict_fp16_launch_shape_rtx3090_20260602_115550/raw/launch_shape_tensor_mma_f16acc_t032_b08_rep004_baseline_188083f4/sm_util.csv
launch_shape_tensor_mma_f16acc_t032_b08,5,5,NVIDIA GeForce RTX 3090,ampere,ga102,consumer,86,82,benchmark uses warp-level HMMA mma.sync m16n8k16 pairs,False,False,tensor_core_mma_m16n16k16_f16acc,fp16-energy-bench-v2,fp16-energy-bench-v2,"nvml_timed_energy_counter,explicit_m16n16k16_denominator,strict_denominator_provenance,tensor_no_memory_warpsync_baseline","nvml_timed_energy_counter,explicit_m16n16k16_denominator,strict_denominator_provenance,tensor_no_memory_warpsync_baseline",bae1f83e791c,bae1f83e791c,tensor_mma_f16acc,tensor_baseline_mov,656,32,256.0,8,1000000,8,1.08512731934,1.02591381836,171966464000000.0,0.0,0.0,171966464000000.0,85983232000000.0,85983232000000.0,257949696000000.0,343932928000000.0,20992000000.0,8192.0,8192.0,4096.0,4096.0,12288.0,16384.0,True,bench_json_metadata,True,logical_m16n16k16_input_bits_8192,ga102,"RTX 3090 FE dense FP16 Tensor Core peak, no sparsity",https://www.nvidia.com/content/dam/en-zz/Solutions/geforce/ampere/pdf/NVIDIA-ampere-GA102-GPU-Architecture-Whitepaper-V1.pdf,142.0,284.0,1024.0,1923.3333333333333,measured_avg_sm_clock_mhz,warp-level HMMA mma.sync.aligned.m16n8k16 pair -> logical m16n16k16,"dense FP16 Tensor Core HMMA normalization only; no sparsity, no WGMMA",161.49845333333332,1004.8347667709123,98.1283951924719,True,False,158.4758405166631,nan,210.29880036562915,183.63706641959067,234.845,193.892,nvml_total_energy_counter,nvml_total_energy_counter,249.6239719263441,186.97079982524164,223.53306154533269,177.08192801163477,average_instant,average_instant,222.18111111111114,178.24,236.19222222222223,193.6725,370.0,370.0,234.845,193.892,-14.778971926344099,6.921200174758354,0.9407950614186009,1.0370175459549165,199.26959761535196,0.8485153936228234,0.15148460637717662,0.8732197525630963,True,26.66173394603848,35.575402384648044,0.2068740704271738,0.16823847634513794,nan,nan,0.2068740704271738,0.13791604695144918,0.1034370352135869,9,8,1,1,1923.3333333333333,15.0,71.0,99.55555555555556,100.0,98.0,98.0,True,True,True,pure_fp16_candidate_no_l2,launch_shape_tensor_mma_f16acc_t032_b08_rep005_test_4710f914,launch_shape_tensor_mma_f16acc_t032_b08_rep005_baseline_2648b665,/home/bang001/gpupowermodeling/accelwattch/util/fp16_energy_impl/results/strict_fp16_launch_shape_rtx3090_20260602_115550/raw/launch_shape_tensor_mma_f16acc_t032_b08_rep005_test_4710f914/power.csv,/home/bang001/gpupowermodeling/accelwattch/util/fp16_energy_impl/results/strict_fp16_launch_shape_rtx3090_20260602_115550/raw/launch_shape_tensor_mma_f16acc_t032_b08_rep005_baseline_2648b665/power.csv,/home/bang001/gpupowermodeling/accelwattch/util/fp16_energy_impl/results/strict_fp16_launch_shape_rtx3090_20260602_115550/raw/launch_shape_tensor_mma_f16acc_t032_b08_rep005_test_4710f914/sm_util.csv,/home/bang001/gpupowermodeling/accelwattch/util/fp16_energy_impl/results/strict_fp16_launch_shape_rtx3090_20260602_115550/raw/launch_shape_tensor_mma_f16acc_t032_b08_rep005_baseline_2648b665/sm_util.csv
launch_shape_tensor_mma_f16acc_t032_b08,6,6,NVIDIA GeForce RTX 3090,ampere,ga102,consumer,86,82,benchmark uses warp-level HMMA mma.sync m16n8k16 pairs,False,False,tensor_core_mma_m16n16k16_f16acc,fp16-energy-bench-v2,fp16-energy-bench-v2,"nvml_timed_energy_counter,explicit_m16n16k16_denominator,strict_denominator_provenance,tensor_no_memory_warpsync_baseline","nvml_timed_energy_counter,explicit_m16n16k16_denominator,strict_denominator_provenance,tensor_no_memory_warpsync_baseline",bae1f83e791c,bae1f83e791c,tensor_mma_f16acc,tensor_baseline_mov,656,32,256.0,8,1000000,8,1.08578588867,1.02471557617,171966464000000.0,0.0,0.0,171966464000000.0,85983232000000.0,85983232000000.0,257949696000000.0,343932928000000.0,20992000000.0,8192.0,8192.0,4096.0,4096.0,12288.0,16384.0,True,bench_json_metadata,True,logical_m16n16k16_input_bits_8192,ga102,"RTX 3090 FE dense FP16 Tensor Core peak, no sparsity",https://www.nvidia.com/content/dam/en-zz/Solutions/geforce/ampere/pdf/NVIDIA-ampere-GA102-GPU-Architecture-Whitepaper-V1.pdf,142.0,284.0,1024.0,1920.0,measured_avg_sm_clock_mhz,warp-level HMMA mma.sync.aligned.m16n8k16 pair -> logical m16n16k16,"dense FP16 Tensor Core HMMA normalization only; no sparsity, no WGMMA",161.21856,1005.9687439893007,98.23913515520515,True,False,158.3797190536755,nan,209.01930521073734,180.25390260289808,233.753,190.029,nvml_total_energy_counter,nvml_total_energy_counter,247.9822602707906,185.5297072190157,221.74294980765546,175.98605357603657,average_instant,average_instant,220.92625,176.92,235.91,193.74375,370.0,370.0,233.753,190.029,-14.229260270790604,4.499292780984291,0.9426198460516788,1.0242510638777267,195.71714382392332,0.8372818480358469,0.16271815196415304,0.8623792066534839,True,28.765402607839263,38.03585617607666,0.22118182401003875,0.18162301827351113,nan,nan,0.22118182401003875,0.14745454934002583,0.11059091200501937,8,8,1,1,1920.0,0.0,71.0,99.5,100.0,98.0,98.0,True,True,True,pure_fp16_candidate_no_l2,launch_shape_tensor_mma_f16acc_t032_b08_rep006_test_f0b053ab,launch_shape_tensor_mma_f16acc_t032_b08_rep006_baseline_91d0eb5a,/home/bang001/gpupowermodeling/accelwattch/util/fp16_energy_impl/results/strict_fp16_launch_shape_rtx3090_20260602_115550/raw/launch_shape_tensor_mma_f16acc_t032_b08_rep006_test_f0b053ab/power.csv,/home/bang001/gpupowermodeling/accelwattch/util/fp16_energy_impl/results/strict_fp16_launch_shape_rtx3090_20260602_115550/raw/launch_shape_tensor_mma_f16acc_t032_b08_rep006_baseline_91d0eb5a/power.csv,/home/bang001/gpupowermodeling/accelwattch/util/fp16_energy_impl/results/strict_fp16_launch_shape_rtx3090_20260602_115550/raw/launch_shape_tensor_mma_f16acc_t032_b08_rep006_test_f0b053ab/sm_util.csv,/home/bang001/gpupowermodeling/accelwattch/util/fp16_energy_impl/results/strict_fp16_launch_shape_rtx3090_20260602_115550/raw/launch_shape_tensor_mma_f16acc_t032_b08_rep006_baseline_91d0eb5a/sm_util.csv
launch_shape_tensor_mma_f16acc_t032_b08,7,7,NVIDIA GeForce RTX 3090,ampere,ga102,consumer,86,82,benchmark uses warp-level HMMA mma.sync m16n8k16 pairs,False,False,tensor_core_mma_m16n16k16_f16acc,fp16-energy-bench-v2,fp16-energy-bench-v2,"nvml_timed_energy_counter,explicit_m16n16k16_denominator,strict_denominator_provenance,tensor_no_memory_warpsync_baseline","nvml_timed_energy_counter,explicit_m16n16k16_denominator,strict_denominator_provenance,tensor_no_memory_warpsync_baseline",bae1f83e791c,bae1f83e791c,tensor_mma_f16acc,tensor_baseline_mov,656,32,256.0,8,1000000,8,1.08514282227,1.02552575684,171966464000000.0,0.0,0.0,171966464000000.0,85983232000000.0,85983232000000.0,257949696000000.0,343932928000000.0,20992000000.0,8192.0,8192.0,4096.0,4096.0,12288.0,16384.0,True,bench_json_metadata,True,logical_m16n16k16_input_bits_8192,ga102,"RTX 3090 FE dense FP16 Tensor Core peak, no sparsity",https://www.nvidia.com/content/dam/en-zz/Solutions/geforce/ampere/pdf/NVIDIA-ampere-GA102-GPU-Architecture-Whitepaper-V1.pdf,142.0,284.0,1024.0,1921.6666666666667,measured_avg_sm_clock_mhz,warp-level HMMA mma.sync.aligned.m16n8k16 pair -> logical m16n16k16,"dense FP16 Tensor Core HMMA normalization only; no sparsity, no WGMMA",161.3585066666667,1005.6918946088921,98.21209908289961,True,False,158.47357644615388,nan,211.1411668463078,171.6517801990192,233.714,181.111,nvml_total_energy_counter,nvml_total_energy_counter,247.66053424817943,185.29435599930721,223.74070095475918,175.6166443126696,average_instant,average_instant,222.36555555555555,176.52125,236.59,194.015,370.0,370.0,233.714,181.111,-13.946534248179432,-4.183355999307224,0.9436868926633112,0.9774231871405578,186.2666972128334,0.7969856200862311,0.20301437991376894,0.8129716377098863,True,39.4893866472886,47.44730278716659,0.27591020762726504,0.24918593706822975,nan,nan,0.27591020762726504,0.18394013841817666,0.13795510381363252,9,8,1,1,1921.6666666666667,15.0,72.0,99.88888888888889,100.0,99.0,99.0,True,True,True,pure_fp16_candidate_no_l2,launch_shape_tensor_mma_f16acc_t032_b08_rep007_test_df45db8f,launch_shape_tensor_mma_f16acc_t032_b08_rep007_baseline_6f80a7c5,/home/bang001/gpupowermodeling/accelwattch/util/fp16_energy_impl/results/strict_fp16_launch_shape_rtx3090_20260602_115550/raw/launch_shape_tensor_mma_f16acc_t032_b08_rep007_test_df45db8f/power.csv,/home/bang001/gpupowermodeling/accelwattch/util/fp16_energy_impl/results/strict_fp16_launch_shape_rtx3090_20260602_115550/raw/launch_shape_tensor_mma_f16acc_t032_b08_rep007_baseline_6f80a7c5/power.csv,/home/bang001/gpupowermodeling/accelwattch/util/fp16_energy_impl/results/strict_fp16_launch_shape_rtx3090_20260602_115550/raw/launch_shape_tensor_mma_f16acc_t032_b08_rep007_test_df45db8f/sm_util.csv,/home/bang001/gpupowermodeling/accelwattch/util/fp16_energy_impl/results/strict_fp16_launch_shape_rtx3090_20260602_115550/raw/launch_shape_tensor_mma_f16acc_t032_b08_rep007_baseline_6f80a7c5/sm_util.csv
launch_shape_tensor_mma_f16acc_t032_b08,8,8,NVIDIA GeForce RTX 3090,ampere,ga102,consumer,86,82,benchmark uses warp-level HMMA mma.sync m16n8k16 pairs,False,False,tensor_core_mma_m16n16k16_f16acc,fp16-energy-bench-v2,fp16-energy-bench-v2,"nvml_timed_energy_counter,explicit_m16n16k16_denominator,strict_denominator_provenance,tensor_no_memory_warpsync_baseline","nvml_timed_energy_counter,explicit_m16n16k16_denominator,strict_denominator_provenance,tensor_no_memory_warpsync_baseline",bae1f83e791c,bae1f83e791c,tensor_mma_f16acc,tensor_baseline_mov,656,32,256.0,8,1000000,8,1.08488903809,1.0274649658200001,171966464000000.0,0.0,0.0,171966464000000.0,85983232000000.0,85983232000000.0,257949696000000.0,343932928000000.0,20992000000.0,8192.0,8192.0,4096.0,4096.0,12288.0,16384.0,True,bench_json_metadata,True,logical_m16n16k16_input_bits_8192,ga102,"RTX 3090 FE dense FP16 Tensor Core peak, no sparsity",https://www.nvidia.com/content/dam/en-zz/Solutions/geforce/ampere/pdf/NVIDIA-ampere-GA102-GPU-Architecture-Whitepaper-V1.pdf,142.0,284.0,1024.0,1921.6666666666667,measured_avg_sm_clock_mhz,warp-level HMMA mma.sync.aligned.m16n8k16 pair -> logical m16n16k16,"dense FP16 Tensor Core HMMA normalization only; no sparsity, no WGMMA",161.3585066666667,1005.9271524867439,98.23507348503358,True,False,158.51064759835285,nan,210.75745345597304,169.41955893471948,235.343,179.168,nvml_total_energy_counter,nvml_total_energy_counter,250.45767527324693,185.58310121067734,224.2931459150795,175.48561770433534,average_instant,average_instant,223.20333333333332,176.29875,236.01777777777775,194.32625,370.0,370.0,235.343,179.168,-15.114675273246945,-6.415101210677335,0.9396517784621414,0.9654327297645771,183.80142232631988,0.7809937934262752,0.21900620657372477,0.8038603435209517,True,41.33789452125356,51.54157767368011,0.2997187735027227,0.2607893863761056,nan,nan,0.2997187735027227,0.19981251566848177,0.14985938675136135,9,8,1,1,1921.6666666666667,15.0,72.0,99.33333333333333,100.0,97.0,97.0,True,True,True,pure_fp16_candidate_no_l2,launch_shape_tensor_mma_f16acc_t032_b08_rep008_test_ce688101,launch_shape_tensor_mma_f16acc_t032_b08_rep008_baseline_fa7907f6,/home/bang001/gpupowermodeling/accelwattch/util/fp16_energy_impl/results/strict_fp16_launch_shape_rtx3090_20260602_115550/raw/launch_shape_tensor_mma_f16acc_t032_b08_rep008_test_ce688101/power.csv,/home/bang001/gpupowermodeling/accelwattch/util/fp16_energy_impl/results/strict_fp16_launch_shape_rtx3090_20260602_115550/raw/launch_shape_tensor_mma_f16acc_t032_b08_rep008_baseline_fa7907f6/power.csv,/home/bang001/gpupowermodeling/accelwattch/util/fp16_energy_impl/results/strict_fp16_launch_shape_rtx3090_20260602_115550/raw/launch_shape_tensor_mma_f16acc_t032_b08_rep008_test_ce688101/sm_util.csv,/home/bang001/gpupowermodeling/accelwattch/util/fp16_energy_impl/results/strict_fp16_launch_shape_rtx3090_20260602_115550/raw/launch_shape_tensor_mma_f16acc_t032_b08_rep008_baseline_fa7907f6/sm_util.csv
launch_shape_tensor_mma_f16acc_t032_b08,9,9,NVIDIA GeForce RTX 3090,ampere,ga102,consumer,86,82,benchmark uses warp-level HMMA mma.sync m16n8k16 pairs,False,False,tensor_core_mma_m16n16k16_f16acc,fp16-energy-bench-v2,fp16-energy-bench-v2,"nvml_timed_energy_counter,explicit_m16n16k16_denominator,strict_denominator_provenance,tensor_no_memory_warpsync_baseline","nvml_timed_energy_counter,explicit_m16n16k16_denominator,strict_denominator_provenance,tensor_no_memory_warpsync_baseline",bae1f83e791c,bae1f83e791c,tensor_mma_f16acc,tensor_baseline_mov,656,32,256.0,8,1000000,8,1.10043334961,1.02768945312,171966464000000.0,0.0,0.0,171966464000000.0,85983232000000.0,85983232000000.0,257949696000000.0,343932928000000.0,20992000000.0,8192.0,8192.0,4096.0,4096.0,12288.0,16384.0,True,bench_json_metadata,True,logical_m16n16k16_input_bits_8192,ga102,"RTX 3090 FE dense FP16 Tensor Core peak, no sparsity",https://www.nvidia.com/content/dam/en-zz/Solutions/geforce/ampere/pdf/NVIDIA-ampere-GA102-GPU-Architecture-Whitepaper-V1.pdf,142.0,284.0,1024.0,1921.6666666666667,measured_avg_sm_clock_mhz,warp-level HMMA mma.sync.aligned.m16n8k16 pair -> logical m16n16k16,"dense FP16 Tensor Core HMMA normalization only; no sparsity, no WGMMA",161.3585066666667,991.7178002981519,96.8474414353664,True,False,156.27158524498182,nan,205.9275215707936,168.42494007245136,233.312,178.165,nvml_total_energy_counter,nvml_total_energy_counter,254.37065018560202,187.2376248900024,224.5144594065987,177.001575794386,average_instant,average_instant,223.20111111111112,178.1225,236.30888888888887,193.63375,370.0,370.0,233.312,178.165,-21.058650185602005,-9.072624890002402,0.9172127359416798,0.9515448623355891,185.34042096179118,0.7943887196620456,0.20561128033795445,0.8178845585462474,True,37.50258149834224,47.97157903820883,0.27895891979385484,0.23998336895060401,nan,nan,0.27895891979385484,0.18597261319590325,0.13947945989692742,9,8,1,1,1921.6666666666667,15.0,72.0,99.77777777777777,100.0,99.0,99.0,True,True,True,pure_fp16_candidate_no_l2,launch_shape_tensor_mma_f16acc_t032_b08_rep009_test_361044b1,launch_shape_tensor_mma_f16acc_t032_b08_rep009_baseline_64a7025c,/home/bang001/gpupowermodeling/accelwattch/util/fp16_energy_impl/results/strict_fp16_launch_shape_rtx3090_20260602_115550/raw/launch_shape_tensor_mma_f16acc_t032_b08_rep009_test_361044b1/power.csv,/home/bang001/gpupowermodeling/accelwattch/util/fp16_energy_impl/results/strict_fp16_launch_shape_rtx3090_20260602_115550/raw/launch_shape_tensor_mma_f16acc_t032_b08_rep009_baseline_64a7025c/power.csv,/home/bang001/gpupowermodeling/accelwattch/util/fp16_energy_impl/results/strict_fp16_launch_shape_rtx3090_20260602_115550/raw/launch_shape_tensor_mma_f16acc_t032_b08_rep009_test_361044b1/sm_util.csv,/home/bang001/gpupowermodeling/accelwattch/util/fp16_energy_impl/results/strict_fp16_launch_shape_rtx3090_20260602_115550/raw/launch_shape_tensor_mma_f16acc_t032_b08_rep009_baseline_64a7025c/sm_util.csv
launch_shape_tensor_mma_f16acc_t064_b01,0,0,NVIDIA GeForce RTX 3090,ampere,ga102,consumer,86,82,benchmark uses warp-level HMMA mma.sync m16n8k16 pairs,False,False,tensor_core_mma_m16n16k16_f16acc,fp16-energy-bench-v2,fp16-energy-bench-v2,"nvml_timed_energy_counter,explicit_m16n16k16_denominator,strict_denominator_provenance,tensor_no_memory_warpsync_baseline","nvml_timed_energy_counter,explicit_m16n16k16_denominator,strict_denominator_provenance,tensor_no_memory_warpsync_baseline",bae1f83e791c,bae1f83e791c,tensor_mma_f16acc,tensor_baseline_mov,82,64,64.0,1,1000000,8,1.1109498291,1.03095495605,85983232000000.0,0.0,0.0,85983232000000.0,42991616000000.0,42991616000000.0,128974848000000.0,171966464000000.0,10496000000.0,8192.0,8192.0,4096.0,4096.0,12288.0,16384.0,True,bench_json_metadata,True,logical_m16n16k16_input_bits_8192,ga102,"RTX 3090 FE dense FP16 Tensor Core peak, no sparsity",https://www.nvidia.com/content/dam/en-zz/Solutions/geforce/ampere/pdf/NVIDIA-ampere-GA102-GPU-Architecture-Whitepaper-V1.pdf,142.0,284.0,1024.0,1935.0,measured_avg_sm_clock_mhz,warp-level HMMA mma.sync.aligned.m16n8k16 pair -> logical m16n16k16,"dense FP16 Tensor Core HMMA normalization only; no sparsity, no WGMMA",162.47808,487.78057065013434,47.63482135255217,True,False,77.39614314505681,nan,167.89634233034258,140.8637685757765,191.885,149.38,nvml_total_energy_counter,nvml_total_energy_counter,198.21237681133644,174.48239695144085,173.43269703847096,164.5350648327389,average_instant,average_instant,173.16222222222223,165.65875,188.47444444444443,162.6775,370.0,370.0,191.885,149.38,-6.32737681133645,-25.102396951440852,0.968077791542962,0.8561322093802566,156.49257962564084,0.8155540017491771,0.1844459982508229,0.8389924796492682,True,27.032573754566073,35.39242037435915,0.41162002812779996,0.34927546329926656,nan,nan,0.41162002812779996,0.27441335208519996,0.20581001406389998,9,8,1,1,1935.0,0.0,62.0,99.55555555555556,100.0,100.0,100.0,True,True,True,pure_fp16_candidate_no_l2,launch_shape_tensor_mma_f16acc_t064_b01_rep000_test_153786fb,launch_shape_tensor_mma_f16acc_t064_b01_rep000_baseline_f260dca4,/home/bang001/gpupowermodeling/accelwattch/util/fp16_energy_impl/results/strict_fp16_launch_shape_rtx3090_20260602_115550/raw/launch_shape_tensor_mma_f16acc_t064_b01_rep000_test_153786fb/power.csv,/home/bang001/gpupowermodeling/accelwattch/util/fp16_energy_impl/results/strict_fp16_launch_shape_rtx3090_20260602_115550/raw/launch_shape_tensor_mma_f16acc_t064_b01_rep000_baseline_f260dca4/power.csv,/home/bang001/gpupowermodeling/accelwattch/util/fp16_energy_impl/results/strict_fp16_launch_shape_rtx3090_20260602_115550/raw/launch_shape_tensor_mma_f16acc_t064_b01_rep000_test_153786fb/sm_util.csv,/home/bang001/gpupowermodeling/accelwattch/util/fp16_energy_impl/results/strict_fp16_launch_shape_rtx3090_20260602_115550/raw/launch_shape_tensor_mma_f16acc_t064_b01_rep000_baseline_f260dca4/sm_util.csv
launch_shape_tensor_mma_f16acc_t064_b01,1,1,NVIDIA GeForce RTX 3090,ampere,ga102,consumer,86,82,benchmark uses warp-level HMMA mma.sync m16n8k16 pairs,False,False,tensor_core_mma_m16n16k16_f16acc,fp16-energy-bench-v2,fp16-energy-bench-v2,"nvml_timed_energy_counter,explicit_m16n16k16_denominator,strict_denominator_provenance,tensor_no_memory_warpsync_baseline","nvml_timed_energy_counter,explicit_m16n16k16_denominator,strict_denominator_provenance,tensor_no_memory_warpsync_baseline",bae1f83e791c,bae1f83e791c,tensor_mma_f16acc,tensor_baseline_mov,82,64,64.0,1,1000000,8,1.11771643066,1.03760388184,85983232000000.0,0.0,0.0,85983232000000.0,42991616000000.0,42991616000000.0,128974848000000.0,171966464000000.0,10496000000.0,8192.0,8192.0,4096.0,4096.0,12288.0,16384.0,True,bench_json_metadata,True,logical_m16n16k16_input_bits_8192,ga102,"RTX 3090 FE dense FP16 Tensor Core peak, no sparsity",https://www.nvidia.com/content/dam/en-zz/Solutions/geforce/ampere/pdf/NVIDIA-ampere-GA102-GPU-Architecture-Whitepaper-V1.pdf,142.0,284.0,1024.0,1935.0,measured_avg_sm_clock_mhz,warp-level HMMA mma.sync.aligned.m16n8k16 pair -> logical m16n16k16,"dense FP16 Tensor Core HMMA normalization only; no sparsity, no WGMMA",162.47808,484.8275705154312,47.34644243314757,True,False,76.92759061368346,nan,168.20597923445706,143.45321763956937,192.844,152.698,nvml_total_energy_counter,nvml_total_energy_counter,203.26163054168345,179.9041323248404,177.2926386408511,169.01221134954756,average_instant,average_instant,176.84444444444446,170.1275,192.03,168.16875,370.0,370.0,192.844,152.698,-10.417630541683451,-27.206132324840382,0.9487476779856536,0.8487742778708598,160.34001838679163,0.8314493496649709,0.1685506503350292,0.8528425582280545,True,24.752761594887687,32.50398161320837,0.37802698104216836,0.32176702009545066,nan,nan,0.37802698104216836,0.2520179873614456,0.18901349052108418,9,8,1,1,1935.0,0.0,66.0,97.55555555555556,100.0,100.0,100.0,True,True,True,pure_fp16_candidate_no_l2,launch_shape_tensor_mma_f16acc_t064_b01_rep001_test_e460550a,launch_shape_tensor_mma_f16acc_t064_b01_rep001_baseline_987d61c6,/home/bang001/gpupowermodeling/accelwattch/util/fp16_energy_impl/results/strict_fp16_launch_shape_rtx3090_20260602_115550/raw/launch_shape_tensor_mma_f16acc_t064_b01_rep001_test_e460550a/power.csv,/home/bang001/gpupowermodeling/accelwattch/util/fp16_energy_impl/results/strict_fp16_launch_shape_rtx3090_20260602_115550/raw/launch_shape_tensor_mma_f16acc_t064_b01_rep001_baseline_987d61c6/power.csv,/home/bang001/gpupowermodeling/accelwattch/util/fp16_energy_impl/results/strict_fp16_launch_shape_rtx3090_20260602_115550/raw/launch_shape_tensor_mma_f16acc_t064_b01_rep001_test_e460550a/sm_util.csv,/home/bang001/gpupowermodeling/accelwattch/util/fp16_energy_impl/results/strict_fp16_launch_shape_rtx3090_20260602_115550/raw/launch_shape_tensor_mma_f16acc_t064_b01_rep001_baseline_987d61c6/sm_util.csv
launch_shape_tensor_mma_f16acc_t064_b01,2,2,NVIDIA GeForce RTX 3090,ampere,ga102,consumer,86,82,benchmark uses warp-level HMMA mma.sync m16n8k16 pairs,False,False,tensor_core_mma_m16n16k16_f16acc,fp16-energy-bench-v2,fp16-energy-bench-v2,"nvml_timed_energy_counter,explicit_m16n16k16_denominator,strict_denominator_provenance,tensor_no_memory_warpsync_baseline","nvml_timed_energy_counter,explicit_m16n16k16_denominator,strict_denominator_provenance,tensor_no_memory_warpsync_baseline",bae1f83e791c,bae1f83e791c,tensor_mma_f16acc,tensor_baseline_mov,82,64,64.0,1,1000000,8,1.1170847168,1.03843505859,85983232000000.0,0.0,0.0,85983232000000.0,42991616000000.0,42991616000000.0,128974848000000.0,171966464000000.0,10496000000.0,8192.0,8192.0,4096.0,4096.0,12288.0,16384.0,True,bench_json_metadata,True,logical_m16n16k16_input_bits_8192,ga102,"RTX 3090 FE dense FP16 Tensor Core peak, no sparsity",https://www.nvidia.com/content/dam/en-zz/Solutions/geforce/ampere/pdf/NVIDIA-ampere-GA102-GPU-Architecture-Whitepaper-V1.pdf,142.0,284.0,1024.0,1935.0,measured_avg_sm_clock_mhz,warp-level HMMA mma.sync.aligned.m16n8k16 pair -> logical m16n16k16,"dense FP16 Tensor Core HMMA normalization only; no sparsity, no WGMMA",162.47808,485.1017415710357,47.37321695029645,True,False,76.97109333507623,nan,166.97131795049356,158.1896900305169,191.973,170.664,nvml_total_energy_counter,nvml_total_energy_counter,205.41038986865868,187.07564034998714,178.65868386228607,173.40175760104609,average_instant,average_instant,178.2811111111111,174.28,192.59888888888887,169.95625,370.0,370.0,191.973,170.664,-13.43738986865867,-16.411640349987152,0.9345827157172981,0.9122727025320682,176.71128508841977,0.9205007219162057,0.07949927808379428,0.947406368783767,True,8.781627919976643,15.261714911580242,0.17749640896937025,0.11408994649131218,nan,nan,0.17749640896937025,0.11833093931291348,0.08874820448468512,9,8,1,1,1935.0,0.0,67.0,99.55555555555556,100.0,100.0,100.0,True,True,True,pure_fp16_candidate_no_l2,launch_shape_tensor_mma_f16acc_t064_b01_rep002_test_502f06c7,launch_shape_tensor_mma_f16acc_t064_b01_rep002_baseline_7b27d655,/home/bang001/gpupowermodeling/accelwattch/util/fp16_energy_impl/results/strict_fp16_launch_shape_rtx3090_20260602_115550/raw/launch_shape_tensor_mma_f16acc_t064_b01_rep002_test_502f06c7/power.csv,/home/bang001/gpupowermodeling/accelwattch/util/fp16_energy_impl/results/strict_fp16_launch_shape_rtx3090_20260602_115550/raw/launch_shape_tensor_mma_f16acc_t064_b01_rep002_baseline_7b27d655/power.csv,/home/bang001/gpupowermodeling/accelwattch/util/fp16_energy_impl/results/strict_fp16_launch_shape_rtx3090_20260602_115550/raw/launch_shape_tensor_mma_f16acc_t064_b01_rep002_test_502f06c7/sm_util.csv,/home/bang001/gpupowermodeling/accelwattch/util/fp16_energy_impl/results/strict_fp16_launch_shape_rtx3090_20260602_115550/raw/launch_shape_tensor_mma_f16acc_t064_b01_rep002_baseline_7b27d655/sm_util.csv
launch_shape_tensor_mma_f16acc_t064_b01,3,3,NVIDIA GeForce RTX 3090,ampere,ga102,consumer,86,82,benchmark uses warp-level HMMA mma.sync m16n8k16 pairs,False,False,tensor_core_mma_m16n16k16_f16acc,fp16-energy-bench-v2,fp16-energy-bench-v2,"nvml_timed_energy_counter,explicit_m16n16k16_denominator,strict_denominator_provenance,tensor_no_memory_warpsync_baseline","nvml_timed_energy_counter,explicit_m16n16k16_denominator,strict_denominator_provenance,tensor_no_memory_warpsync_baseline",bae1f83e791c,bae1f83e791c,tensor_mma_f16acc,tensor_baseline_mov,82,64,64.0,1,1000000,8,1.11752197266,1.0370854492200001,85983232000000.0,0.0,0.0,85983232000000.0,42991616000000.0,42991616000000.0,128974848000000.0,171966464000000.0,10496000000.0,8192.0,8192.0,4096.0,4096.0,12288.0,16384.0,True,bench_json_metadata,True,logical_m16n16k16_input_bits_8192,ga102,"RTX 3090 FE dense FP16 Tensor Core peak, no sparsity",https://www.nvidia.com/content/dam/en-zz/Solutions/geforce/ampere/pdf/NVIDIA-ampere-GA102-GPU-Architecture-Whitepaper-V1.pdf,142.0,284.0,1024.0,1935.0,measured_avg_sm_clock_mhz,warp-level HMMA mma.sync.aligned.m16n8k16 pair -> logical m16n16k16,"dense FP16 Tensor Core HMMA normalization only; no sparsity, no WGMMA",162.47808,484.91193449396025,47.3546811029258,True,False,76.94097664615667,nan,166.9174328994316,144.368050468252,191.914,153.994,nvml_total_energy_counter,nvml_total_energy_counter,206.2164120630634,183.2885404783502,179.3569730363492,171.83143019877858,average_instant,average_instant,178.91,172.93,194.0822222222222,169.68875,370.0,370.0,191.914,153.994,-14.3024120630634,-29.2945404783502,0.9306436770964206,0.8401725476022849,161.3344685483594,0.8406602360867859,0.15933976391321414,0.8649069660401159,True,22.549382431179595,30.579531451640577,0.3556452896727652,0.2930737743930883,nan,nan,0.3556452896727652,0.2370968597818435,0.1778226448363826,9,8,1,1,1935.0,0.0,68.0,98.11111111111111,100.0,100.0,100.0,True,True,True,pure_fp16_candidate_no_l2,launch_shape_tensor_mma_f16acc_t064_b01_rep003_test_0ac9867f,launch_shape_tensor_mma_f16acc_t064_b01_rep003_baseline_175f0d4b,/home/bang001/gpupowermodeling/accelwattch/util/fp16_energy_impl/results/strict_fp16_launch_shape_rtx3090_20260602_115550/raw/launch_shape_tensor_mma_f16acc_t064_b01_rep003_test_0ac9867f/power.csv,/home/bang001/gpupowermodeling/accelwattch/util/fp16_energy_impl/results/strict_fp16_launch_shape_rtx3090_20260602_115550/raw/launch_shape_tensor_mma_f16acc_t064_b01_rep003_baseline_175f0d4b/power.csv,/home/bang001/gpupowermodeling/accelwattch/util/fp16_energy_impl/results/strict_fp16_launch_shape_rtx3090_20260602_115550/raw/launch_shape_tensor_mma_f16acc_t064_b01_rep003_test_0ac9867f/sm_util.csv,/home/bang001/gpupowermodeling/accelwattch/util/fp16_energy_impl/results/strict_fp16_launch_shape_rtx3090_20260602_115550/raw/launch_shape_tensor_mma_f16acc_t064_b01_rep003_baseline_175f0d4b/sm_util.csv
launch_shape_tensor_mma_f16acc_t064_b01,4,4,NVIDIA GeForce RTX 3090,ampere,ga102,consumer,86,82,benchmark uses warp-level HMMA mma.sync m16n8k16 pairs,False,False,tensor_core_mma_m16n16k16_f16acc,fp16-energy-bench-v2,fp16-energy-bench-v2,"nvml_timed_energy_counter,explicit_m16n16k16_denominator,strict_denominator_provenance,tensor_no_memory_warpsync_baseline","nvml_timed_energy_counter,explicit_m16n16k16_denominator,strict_denominator_provenance,tensor_no_memory_warpsync_baseline",bae1f83e791c,bae1f83e791c,tensor_mma_f16acc,tensor_baseline_mov,82,64,64.0,1,1000000,8,1.1177625732399998,1.0468094482399999,85983232000000.0,0.0,0.0,85983232000000.0,42991616000000.0,42991616000000.0,128974848000000.0,171966464000000.0,10496000000.0,8192.0,8192.0,4096.0,4096.0,12288.0,16384.0,True,bench_json_metadata,True,logical_m16n16k16_input_bits_8192,ga102,"RTX 3090 FE dense FP16 Tensor Core peak, no sparsity",https://www.nvidia.com/content/dam/en-zz/Solutions/geforce/ampere/pdf/NVIDIA-ampere-GA102-GPU-Architecture-Whitepaper-V1.pdf,142.0,284.0,1024.0,1935.0,measured_avg_sm_clock_mhz,warp-level HMMA mma.sync.aligned.m16n8k16 pair -> logical m16n16k16,"dense FP16 Tensor Core HMMA normalization only; no sparsity, no WGMMA",162.47808,484.8075562516741,47.34448791520254,True,False,76.92441495045313,nan,168.65827129393978,158.06651371099005,194.065,170.288,nvml_total_energy_counter,nvml_total_energy_counter,207.74976787172542,184.6687315186939,180.55144776730725,171.41514717766825,average_instant,average_instant,180.07666666666668,172.33375,195.10555555555555,169.46375,370.0,370.0,194.065,170.288,-13.684767871725427,-14.380731518693892,0.934128600903299,0.9221268733454308,176.68083310867195,0.9104209059267356,0.08957909407326436,0.9371998924115007,True,10.591757582949725,17.38416689132805,0.20218089605340783,0.1376904535415948,nan,nan,0.20218089605340783,0.13478726403560523,0.10109044802670392,9,8,1,1,1935.0,0.0,68.0,96.44444444444444,100.0,100.0,100.0,True,True,True,pure_fp16_candidate_no_l2,launch_shape_tensor_mma_f16acc_t064_b01_rep004_test_74d47c0a,launch_shape_tensor_mma_f16acc_t064_b01_rep004_baseline_a40048ce,/home/bang001/gpupowermodeling/accelwattch/util/fp16_energy_impl/results/strict_fp16_launch_shape_rtx3090_20260602_115550/raw/launch_shape_tensor_mma_f16acc_t064_b01_rep004_test_74d47c0a/power.csv,/home/bang001/gpupowermodeling/accelwattch/util/fp16_energy_impl/results/strict_fp16_launch_shape_rtx3090_20260602_115550/raw/launch_shape_tensor_mma_f16acc_t064_b01_rep004_baseline_a40048ce/power.csv,/home/bang001/gpupowermodeling/accelwattch/util/fp16_energy_impl/results/strict_fp16_launch_shape_rtx3090_20260602_115550/raw/launch_shape_tensor_mma_f16acc_t064_b01_rep004_test_74d47c0a/sm_util.csv,/home/bang001/gpupowermodeling/accelwattch/util/fp16_energy_impl/results/strict_fp16_launch_shape_rtx3090_20260602_115550/raw/launch_shape_tensor_mma_f16acc_t064_b01_rep004_baseline_a40048ce/sm_util.csv
launch_shape_tensor_mma_f16acc_t064_b01,5,5,NVIDIA GeForce RTX 3090,ampere,ga102,consumer,86,82,benchmark uses warp-level HMMA mma.sync m16n8k16 pairs,False,False,tensor_core_mma_m16n16k16_f16acc,fp16-energy-bench-v2,fp16-energy-bench-v2,"nvml_timed_energy_counter,explicit_m16n16k16_denominator,strict_denominator_provenance,tensor_no_memory_warpsync_baseline","nvml_timed_energy_counter,explicit_m16n16k16_denominator,strict_denominator_provenance,tensor_no_memory_warpsync_baseline",bae1f83e791c,bae1f83e791c,tensor_mma_f16acc,tensor_baseline_mov,82,64,64.0,1,1000000,8,1.11661975098,1.0406472168,85983232000000.0,0.0,0.0,85983232000000.0,42991616000000.0,42991616000000.0,128974848000000.0,171966464000000.0,10496000000.0,8192.0,8192.0,4096.0,4096.0,12288.0,16384.0,True,bench_json_metadata,True,logical_m16n16k16_input_bits_8192,ga102,"RTX 3090 FE dense FP16 Tensor Core peak, no sparsity",https://www.nvidia.com/content/dam/en-zz/Solutions/geforce/ampere/pdf/NVIDIA-ampere-GA102-GPU-Architecture-Whitepaper-V1.pdf,142.0,284.0,1024.0,1935.0,measured_avg_sm_clock_mhz,warp-level HMMA mma.sync.aligned.m16n8k16 pair -> logical m16n16k16,"dense FP16 Tensor Core HMMA normalization only; no sparsity, no WGMMA",162.47808,485.3037402629405,47.39294338505278,True,False,77.00314446752077,nan,164.6021941065319,145.80440703079054,189.2,156.138,nvml_total_energy_counter,nvml_total_energy_counter,207.74521442983288,185.79597808061294,180.7363536484273,173.49954791754425,average_instant,average_instant,180.3311111111111,174.56,194.87333333333333,171.285,370.0,370.0,189.2,156.138,-18.545214429832896,-29.657978080612935,0.9107309668685695,0.8403734118090276,162.8080806705079,0.8605078259540587,0.13949217404594125,0.8857986846543778,True,18.797787075741354,26.391919329492083,0.3069426295756373,0.24411713580956543,nan,nan,0.3069426295756373,0.20462841971709153,0.15347131478781864,9,8,1,1,1935.0,0.0,69.0,99.55555555555556,100.0,100.0,100.0,True,True,True,pure_fp16_candidate_no_l2,launch_shape_tensor_mma_f16acc_t064_b01_rep005_test_312e40d9,launch_shape_tensor_mma_f16acc_t064_b01_rep005_baseline_d1780c0e,/home/bang001/gpupowermodeling/accelwattch/util/fp16_energy_impl/results/strict_fp16_launch_shape_rtx3090_20260602_115550/raw/launch_shape_tensor_mma_f16acc_t064_b01_rep005_test_312e40d9/power.csv,/home/bang001/gpupowermodeling/accelwattch/util/fp16_energy_impl/results/strict_fp16_launch_shape_rtx3090_20260602_115550/raw/launch_shape_tensor_mma_f16acc_t064_b01_rep005_baseline_d1780c0e/power.csv,/home/bang001/gpupowermodeling/accelwattch/util/fp16_energy_impl/results/strict_fp16_launch_shape_rtx3090_20260602_115550/raw/launch_shape_tensor_mma_f16acc_t064_b01_rep005_test_312e40d9/sm_util.csv,/home/bang001/gpupowermodeling/accelwattch/util/fp16_energy_impl/results/strict_fp16_launch_shape_rtx3090_20260602_115550/raw/launch_shape_tensor_mma_f16acc_t064_b01_rep005_baseline_d1780c0e/sm_util.csv
launch_shape_tensor_mma_f16acc_t064_b01,6,6,NVIDIA GeForce RTX 3090,ampere,ga102,consumer,86,82,benchmark uses warp-level HMMA mma.sync m16n8k16 pairs,False,False,tensor_core_mma_m16n16k16_f16acc,fp16-energy-bench-v2,fp16-energy-bench-v2,"nvml_timed_energy_counter,explicit_m16n16k16_denominator,strict_denominator_provenance,tensor_no_memory_warpsync_baseline","nvml_timed_energy_counter,explicit_m16n16k16_denominator,strict_denominator_provenance,tensor_no_memory_warpsync_baseline",bae1f83e791c,bae1f83e791c,tensor_mma_f16acc,tensor_baseline_mov,82,64,64.0,1,1000000,8,1.11646508789,1.0374921875,85983232000000.0,0.0,0.0,85983232000000.0,42991616000000.0,42991616000000.0,128974848000000.0,171966464000000.0,10496000000.0,8192.0,8192.0,4096.0,4096.0,12288.0,16384.0,True,bench_json_metadata,True,logical_m16n16k16_input_bits_8192,ga102,"RTX 3090 FE dense FP16 Tensor Core peak, no sparsity",https://www.nvidia.com/content/dam/en-zz/Solutions/geforce/ampere/pdf/NVIDIA-ampere-GA102-GPU-Architecture-Whitepaper-V1.pdf,142.0,284.0,1024.0,1935.0,measured_avg_sm_clock_mhz,warp-level HMMA mma.sync.aligned.m16n8k16 pair -> logical m16n16k16,"dense FP16 Tensor Core HMMA normalization only; no sparsity, no WGMMA",162.47808,485.37096903424,47.39950869474999,True,False,77.01381165666285,nan,168.76881925032765,146.16338855871695,194.081,156.161,nvml_total_energy_counter,nvml_total_energy_counter,207.22948944020897,171.7912202180292,180.20247343466033,160.79294363960216,average_instant,average_instant,179.8511111111111,160.64625,194.78333333333333,171.515,370.0,370.0,194.081,156.161,-13.148489440208976,-15.630220218029194,0.9365510696584395,0.9090161872172975,163.18632045350813,0.8408155381181472,0.15918446188185273,0.8660568297389044,True,22.605430691610707,30.894679546491858,0.3593105170376924,0.2935243718670688,nan,nan,0.3593105170376924,0.23954034469179492,0.1796552585188462,9,8,1,1,1935.0,0.0,69.0,99.88888888888889,100.0,100.0,100.0,True,True,True,pure_fp16_candidate_no_l2,launch_shape_tensor_mma_f16acc_t064_b01_rep006_test_b428da0a,launch_shape_tensor_mma_f16acc_t064_b01_rep006_baseline_475f5166,/home/bang001/gpupowermodeling/accelwattch/util/fp16_energy_impl/results/strict_fp16_launch_shape_rtx3090_20260602_115550/raw/launch_shape_tensor_mma_f16acc_t064_b01_rep006_test_b428da0a/power.csv,/home/bang001/gpupowermodeling/accelwattch/util/fp16_energy_impl/results/strict_fp16_launch_shape_rtx3090_20260602_115550/raw/launch_shape_tensor_mma_f16acc_t064_b01_rep006_baseline_475f5166/power.csv,/home/bang001/gpupowermodeling/accelwattch/util/fp16_energy_impl/results/strict_fp16_launch_shape_rtx3090_20260602_115550/raw/launch_shape_tensor_mma_f16acc_t064_b01_rep006_test_b428da0a/sm_util.csv,/home/bang001/gpupowermodeling/accelwattch/util/fp16_energy_impl/results/strict_fp16_launch_shape_rtx3090_20260602_115550/raw/launch_shape_tensor_mma_f16acc_t064_b01_rep006_baseline_475f5166/sm_util.csv
launch_shape_tensor_mma_f16acc_t064_b01,7,7,NVIDIA GeForce RTX 3090,ampere,ga102,consumer,86,82,benchmark uses warp-level HMMA mma.sync m16n8k16 pairs,False,False,tensor_core_mma_m16n16k16_f16acc,fp16-energy-bench-v2,fp16-energy-bench-v2,"nvml_timed_energy_counter,explicit_m16n16k16_denominator,strict_denominator_provenance,tensor_no_memory_warpsync_baseline","nvml_timed_energy_counter,explicit_m16n16k16_denominator,strict_denominator_provenance,tensor_no_memory_warpsync_baseline",bae1f83e791c,bae1f83e791c,tensor_mma_f16acc,tensor_baseline_mov,82,64,64.0,1,1000000,8,1.11659924316,1.04032751465,85983232000000.0,0.0,0.0,85983232000000.0,42991616000000.0,42991616000000.0,128974848000000.0,171966464000000.0,10496000000.0,8192.0,8192.0,4096.0,4096.0,12288.0,16384.0,True,bench_json_metadata,True,logical_m16n16k16_input_bits_8192,ga102,"RTX 3090 FE dense FP16 Tensor Core peak, no sparsity",https://www.nvidia.com/content/dam/en-zz/Solutions/geforce/ampere/pdf/NVIDIA-ampere-GA102-GPU-Architecture-Whitepaper-V1.pdf,142.0,284.0,1024.0,1935.0,measured_avg_sm_clock_mhz,warp-level HMMA mma.sync.aligned.m16n8k16 pair -> logical m16n16k16,"dense FP16 Tensor Core HMMA normalization only; no sparsity, no WGMMA",162.47808,485.3126535071609,47.39381381905868,True,False,77.00455873198122,nan,172.98417863946992,145.88980260351377,195.918,153.887,nvml_total_energy_counter,nvml_total_energy_counter,206.63963520367275,183.5146934818588,182.450757817388,173.97780453782786,average_instant,average_instant,181.86,175.02,195.81333333333333,169.89249999999998,370.0,370.0,195.918,153.887,-10.721635203672747,-29.627693481858813,0.9481143334718674,0.8385541074683067,162.90044317184527,0.8314725710340309,0.16852742896596912,0.8433707854148575,True,27.094376035956145,33.01755682815474,0.3839999504572559,0.35185418216939174,nan,nan,0.3839999504572559,0.2559999669715039,0.19199997522862794,9,8,1,1,1935.0,0.0,69.0,99.77777777777777,100.0,100.0,100.0,True,True,True,pure_fp16_candidate_no_l2,launch_shape_tensor_mma_f16acc_t064_b01_rep007_test_d72e4a4c,launch_shape_tensor_mma_f16acc_t064_b01_rep007_baseline_45b5adbf,/home/bang001/gpupowermodeling/accelwattch/util/fp16_energy_impl/results/strict_fp16_launch_shape_rtx3090_20260602_115550/raw/launch_shape_tensor_mma_f16acc_t064_b01_rep007_test_d72e4a4c/power.csv,/home/bang001/gpupowermodeling/accelwattch/util/fp16_energy_impl/results/strict_fp16_launch_shape_rtx3090_20260602_115550/raw/launch_shape_tensor_mma_f16acc_t064_b01_rep007_baseline_45b5adbf/power.csv,/home/bang001/gpupowermodeling/accelwattch/util/fp16_energy_impl/results/strict_fp16_launch_shape_rtx3090_20260602_115550/raw/launch_shape_tensor_mma_f16acc_t064_b01_rep007_test_d72e4a4c/sm_util.csv,/home/bang001/gpupowermodeling/accelwattch/util/fp16_energy_impl/results/strict_fp16_launch_shape_rtx3090_20260602_115550/raw/launch_shape_tensor_mma_f16acc_t064_b01_rep007_baseline_45b5adbf/sm_util.csv
launch_shape_tensor_mma_f16acc_t064_b01,8,8,NVIDIA GeForce RTX 3090,ampere,ga102,consumer,86,82,benchmark uses warp-level HMMA mma.sync m16n8k16 pairs,False,False,tensor_core_mma_m16n16k16_f16acc,fp16-energy-bench-v2,fp16-energy-bench-v2,"nvml_timed_energy_counter,explicit_m16n16k16_denominator,strict_denominator_provenance,tensor_no_memory_warpsync_baseline","nvml_timed_energy_counter,explicit_m16n16k16_denominator,strict_denominator_provenance,tensor_no_memory_warpsync_baseline",bae1f83e791c,bae1f83e791c,tensor_mma_f16acc,tensor_baseline_mov,82,64,64.0,1,1000000,8,1.11655078125,1.04352624512,85983232000000.0,0.0,0.0,85983232000000.0,42991616000000.0,42991616000000.0,128974848000000.0,171966464000000.0,10496000000.0,8192.0,8192.0,4096.0,4096.0,12288.0,16384.0,True,bench_json_metadata,True,logical_m16n16k16_input_bits_8192,ga102,"RTX 3090 FE dense FP16 Tensor Core peak, no sparsity",https://www.nvidia.com/content/dam/en-zz/Solutions/geforce/ampere/pdf/NVIDIA-ampere-GA102-GPU-Architecture-Whitepaper-V1.pdf,142.0,284.0,1024.0,1935.0,measured_avg_sm_clock_mhz,warp-level HMMA mma.sync.aligned.m16n8k16 pair -> logical m16n16k16,"dense FP16 Tensor Core HMMA normalization only; no sparsity, no WGMMA",162.47808,485.3337176437242,47.39587086364494,True,False,77.00790097852972,nan,172.57359511635138,155.44763293756674,198.316,166.944,nvml_total_energy_counter,nvml_total_energy_counter,208.39161266067228,187.37261260445027,181.3413430532402,174.46945746291857,average_instant,average_instant,180.89666666666665,175.55,195.77444444444444,171.0325,370.0,370.0,198.316,166.944,-10.075612660672277,-20.42861260445028,0.9516505845315446,0.8909733267818828,173.56517599990337,0.8751950220854766,0.12480497791452343,0.9007613988267551,True,17.125962178784647,24.750824000096628,0.28785640437540927,0.22239227353514637,nan,nan,0.28785640437540927,0.19190426958360618,0.14392820218770463,9,8,1,1,1935.0,0.0,69.0,97.44444444444444,100.0,100.0,100.0,True,True,True,pure_fp16_candidate_no_l2,launch_shape_tensor_mma_f16acc_t064_b01_rep008_test_7c61c9e5,launch_shape_tensor_mma_f16acc_t064_b01_rep008_baseline_7a66a45b,/home/bang001/gpupowermodeling/accelwattch/util/fp16_energy_impl/results/strict_fp16_launch_shape_rtx3090_20260602_115550/raw/launch_shape_tensor_mma_f16acc_t064_b01_rep008_test_7c61c9e5/power.csv,/home/bang001/gpupowermodeling/accelwattch/util/fp16_energy_impl/results/strict_fp16_launch_shape_rtx3090_20260602_115550/raw/launch_shape_tensor_mma_f16acc_t064_b01_rep008_baseline_7a66a45b/power.csv,/home/bang001/gpupowermodeling/accelwattch/util/fp16_energy_impl/results/strict_fp16_launch_shape_rtx3090_20260602_115550/raw/launch_shape_tensor_mma_f16acc_t064_b01_rep008_test_7c61c9e5/sm_util.csv,/home/bang001/gpupowermodeling/accelwattch/util/fp16_energy_impl/results/strict_fp16_launch_shape_rtx3090_20260602_115550/raw/launch_shape_tensor_mma_f16acc_t064_b01_rep008_baseline_7a66a45b/sm_util.csv
launch_shape_tensor_mma_f16acc_t064_b01,9,9,NVIDIA GeForce RTX 3090,ampere,ga102,consumer,86,82,benchmark uses warp-level HMMA mma.sync m16n8k16 pairs,False,False,tensor_core_mma_m16n16k16_f16acc,fp16-energy-bench-v2,fp16-energy-bench-v2,"nvml_timed_energy_counter,explicit_m16n16k16_denominator,strict_denominator_provenance,tensor_no_memory_warpsync_baseline","nvml_timed_energy_counter,explicit_m16n16k16_denominator,strict_denominator_provenance,tensor_no_memory_warpsync_baseline",bae1f83e791c,bae1f83e791c,tensor_mma_f16acc,tensor_baseline_mov,82,64,64.0,1,1000000,8,1.11676416016,1.04517834473,85983232000000.0,0.0,0.0,85983232000000.0,42991616000000.0,42991616000000.0,128974848000000.0,171966464000000.0,10496000000.0,8192.0,8192.0,4096.0,4096.0,12288.0,16384.0,True,bench_json_metadata,True,logical_m16n16k16_input_bits_8192,ga102,"RTX 3090 FE dense FP16 Tensor Core peak, no sparsity",https://www.nvidia.com/content/dam/en-zz/Solutions/geforce/ampere/pdf/NVIDIA-ampere-GA102-GPU-Architecture-Whitepaper-V1.pdf,142.0,284.0,1024.0,1935.0,measured_avg_sm_clock_mhz,warp-level HMMA mma.sync.aligned.m16n8k16 pair -> logical m16n16k16,"dense FP16 Tensor Core HMMA normalization only; no sparsity, no WGMMA",162.47808,485.24098545965927,47.38681498629485,True,False,76.99318716288414,nan,169.05928753256876,144.94968849666853,194.331,155.94,nvml_total_energy_counter,nvml_total_energy_counter,207.73334413975084,187.09222469698,180.71872813408154,173.90637225840686,average_instant,average_instant,180.35666666666668,174.9325,196.43111111111114,170.88625,370.0,370.0,194.331,155.94,-13.402344139750852,-31.15222469698,0.9354829423497147,0.8334926812301524,161.87461713943566,0.8329840176782689,0.16701598232173115,0.8573896803436156,True,24.10959903590023,32.45638286056433,0.37747339923863676,0.3131393818636809,nan,nan,0.37747339923863676,0.2516489328257579,0.18873669961931838,9,8,1,1,1935.0,0.0,70.0,98.33333333333333,100.0,100.0,100.0,True,True,True,pure_fp16_candidate_no_l2,launch_shape_tensor_mma_f16acc_t064_b01_rep009_test_848844c1,launch_shape_tensor_mma_f16acc_t064_b01_rep009_baseline_b865ad07,/home/bang001/gpupowermodeling/accelwattch/util/fp16_energy_impl/results/strict_fp16_launch_shape_rtx3090_20260602_115550/raw/launch_shape_tensor_mma_f16acc_t064_b01_rep009_test_848844c1/power.csv,/home/bang001/gpupowermodeling/accelwattch/util/fp16_energy_impl/results/strict_fp16_launch_shape_rtx3090_20260602_115550/raw/launch_shape_tensor_mma_f16acc_t064_b01_rep009_baseline_b865ad07/power.csv,/home/bang001/gpupowermodeling/accelwattch/util/fp16_energy_impl/results/strict_fp16_launch_shape_rtx3090_20260602_115550/raw/launch_shape_tensor_mma_f16acc_t064_b01_rep009_test_848844c1/sm_util.csv,/home/bang001/gpupowermodeling/accelwattch/util/fp16_energy_impl/results/strict_fp16_launch_shape_rtx3090_20260602_115550/raw/launch_shape_tensor_mma_f16acc_t064_b01_rep009_baseline_b865ad07/sm_util.csv
launch_shape_tensor_mma_f16acc_t064_b02,0,0,NVIDIA GeForce RTX 3090,ampere,ga102,consumer,86,82,benchmark uses warp-level HMMA mma.sync m16n8k16 pairs,False,False,tensor_core_mma_m16n16k16_f16acc,fp16-energy-bench-v2,fp16-energy-bench-v2,"nvml_timed_energy_counter,explicit_m16n16k16_denominator,strict_denominator_provenance,tensor_no_memory_warpsync_baseline","nvml_timed_energy_counter,explicit_m16n16k16_denominator,strict_denominator_provenance,tensor_no_memory_warpsync_baseline",bae1f83e791c,bae1f83e791c,tensor_mma_f16acc,tensor_baseline_mov,164,64,128.0,2,1000000,8,1.10876660156,1.02970373535,171966464000000.0,0.0,0.0,171966464000000.0,85983232000000.0,85983232000000.0,257949696000000.0,343932928000000.0,20992000000.0,8192.0,8192.0,4096.0,4096.0,12288.0,16384.0,True,bench_json_metadata,True,logical_m16n16k16_input_bits_8192,ga102,"RTX 3090 FE dense FP16 Tensor Core peak, no sparsity",https://www.nvidia.com/content/dam/en-zz/Solutions/geforce/ampere/pdf/NVIDIA-ampere-GA102-GPU-Architecture-Whitepaper-V1.pdf,142.0,284.0,1024.0,1935.0,measured_avg_sm_clock_mhz,warp-level HMMA mma.sync.aligned.m16n8k16 pair -> logical m16n16k16,"dense FP16 Tensor Core HMMA normalization only; no sparsity, no WGMMA",162.47808,977.4820793476845,95.4572343112973,True,False,155.09708153009709,nan,197.2645924498608,144.50169488344005,225.019,153.044,nvml_total_energy_counter,nvml_total_energy_counter,225.31817268702167,167.80397283375746,197.5268644276825,158.43782495656598,average_instant,average_instant,196.72555555555556,159.0025,223.79888888888888,171.85125,370.0,370.0,225.019,153.044,-0.29917268702166666,-14.759972833757445,0.9986722212263046,0.912040385072527,160.21865315557187,0.7120227765458556,0.28797722345414445,0.7325272776469928,True,52.76289756642075,64.80034684442813,0.37681967365699937,0.34019271701242126,nan,nan,0.37681967365699937,0.25121311577133293,0.18840983682849968,9,8,1,1,1935.0,0.0,64.0,96.66666666666667,100.0,100.0,100.0,True,True,True,pure_fp16_candidate_no_l2,launch_shape_tensor_mma_f16acc_t064_b02_rep000_test_73e1226e,launch_shape_tensor_mma_f16acc_t064_b02_rep000_baseline_267a1aba,/home/bang001/gpupowermodeling/accelwattch/util/fp16_energy_impl/results/strict_fp16_launch_shape_rtx3090_20260602_115550/raw/launch_shape_tensor_mma_f16acc_t064_b02_rep000_test_73e1226e/power.csv,/home/bang001/gpupowermodeling/accelwattch/util/fp16_energy_impl/results/strict_fp16_launch_shape_rtx3090_20260602_115550/raw/launch_shape_tensor_mma_f16acc_t064_b02_rep000_baseline_267a1aba/power.csv,/home/bang001/gpupowermodeling/accelwattch/util/fp16_energy_impl/results/strict_fp16_launch_shape_rtx3090_20260602_115550/raw/launch_shape_tensor_mma_f16acc_t064_b02_rep000_test_73e1226e/sm_util.csv,/home/bang001/gpupowermodeling/accelwattch/util/fp16_energy_impl/results/strict_fp16_launch_shape_rtx3090_20260602_115550/raw/launch_shape_tensor_mma_f16acc_t064_b02_rep000_baseline_267a1aba/sm_util.csv
launch_shape_tensor_mma_f16acc_t064_b02,1,1,NVIDIA GeForce RTX 3090,ampere,ga102,consumer,86,82,benchmark uses warp-level HMMA mma.sync m16n8k16 pairs,False,False,tensor_core_mma_m16n16k16_f16acc,fp16-energy-bench-v2,fp16-energy-bench-v2,"nvml_timed_energy_counter,explicit_m16n16k16_denominator,strict_denominator_provenance,tensor_no_memory_warpsync_baseline","nvml_timed_energy_counter,explicit_m16n16k16_denominator,strict_denominator_provenance,tensor_no_memory_warpsync_baseline",bae1f83e791c,bae1f83e791c,tensor_mma_f16acc,tensor_baseline_mov,164,64,128.0,2,1000000,8,1.11731506348,1.03829199219,171966464000000.0,0.0,0.0,171966464000000.0,85983232000000.0,85983232000000.0,257949696000000.0,343932928000000.0,20992000000.0,8192.0,8192.0,4096.0,4096.0,12288.0,16384.0,True,bench_json_metadata,True,logical_m16n16k16_input_bits_8192,ga102,"RTX 3090 FE dense FP16 Tensor Core peak, no sparsity",https://www.nvidia.com/content/dam/en-zz/Solutions/geforce/ampere/pdf/NVIDIA-ampere-GA102-GPU-Architecture-Whitepaper-V1.pdf,142.0,284.0,1024.0,1935.0,measured_avg_sm_clock_mhz,warp-level HMMA mma.sync.aligned.m16n8k16 pair -> logical m16n16k16,"dense FP16 Tensor Core HMMA normalization only; no sparsity, no WGMMA",162.47808,970.0034651179967,94.72690089042935,True,False,153.91044981027252,nan,215.38775813530668,154.85588046498333,248.64,164.932,nvml_total_energy_counter,nvml_total_energy_counter,237.00635186423213,174.3221866197241,205.30995331348385,163.67239646386702,average_instant,average_instant,204.84375,164.20125000000002,227.7775,177.29375,370.0,370.0,248.64,164.932,11.633648135767857,-9.390186619724119,1.0490858073813656,0.9461331526307183,173.02280791198413,0.6958768014478126,0.30412319855218733,0.718963240091402,True,60.531877670323354,75.61719208801586,0.43972057300669887,0.3932928384326198,nan,nan,0.43972057300669887,0.2931470486711326,0.21986028650334943,8,8,1,1,1935.0,0.0,68.0,99.75,100.0,100.0,100.0,True,True,True,pure_fp16_candidate_no_l2,launch_shape_tensor_mma_f16acc_t064_b02_rep001_test_8b7998db,launch_shape_tensor_mma_f16acc_t064_b02_rep001_baseline_13cb0c82,/home/bang001/gpupowermodeling/accelwattch/util/fp16_energy_impl/results/strict_fp16_launch_shape_rtx3090_20260602_115550/raw/launch_shape_tensor_mma_f16acc_t064_b02_rep001_test_8b7998db/power.csv,/home/bang001/gpupowermodeling/accelwattch/util/fp16_energy_impl/results/strict_fp16_launch_shape_rtx3090_20260602_115550/raw/launch_shape_tensor_mma_f16acc_t064_b02_rep001_baseline_13cb0c82/power.csv,/home/bang001/gpupowermodeling/accelwattch/util/fp16_energy_impl/results/strict_fp16_launch_shape_rtx3090_20260602_115550/raw/launch_shape_tensor_mma_f16acc_t064_b02_rep001_test_8b7998db/sm_util.csv,/home/bang001/gpupowermodeling/accelwattch/util/fp16_energy_impl/results/strict_fp16_launch_shape_rtx3090_20260602_115550/raw/launch_shape_tensor_mma_f16acc_t064_b02_rep001_baseline_13cb0c82/sm_util.csv
launch_shape_tensor_mma_f16acc_t064_b02,2,2,NVIDIA GeForce RTX 3090,ampere,ga102,consumer,86,82,benchmark uses warp-level HMMA mma.sync m16n8k16 pairs,False,False,tensor_core_mma_m16n16k16_f16acc,fp16-energy-bench-v2,fp16-energy-bench-v2,"nvml_timed_energy_counter,explicit_m16n16k16_denominator,strict_denominator_provenance,tensor_no_memory_warpsync_baseline","nvml_timed_energy_counter,explicit_m16n16k16_denominator,strict_denominator_provenance,tensor_no_memory_warpsync_baseline",bae1f83e791c,bae1f83e791c,tensor_mma_f16acc,tensor_baseline_mov,164,64,128.0,2,1000000,8,1.11715332031,1.03900158691,171966464000000.0,0.0,0.0,171966464000000.0,85983232000000.0,85983232000000.0,257949696000000.0,343932928000000.0,20992000000.0,8192.0,8192.0,4096.0,4096.0,12288.0,16384.0,True,bench_json_metadata,True,logical_m16n16k16_input_bits_8192,ga102,"RTX 3090 FE dense FP16 Tensor Core peak, no sparsity",https://www.nvidia.com/content/dam/en-zz/Solutions/geforce/ampere/pdf/NVIDIA-ampere-GA102-GPU-Architecture-Whitepaper-V1.pdf,142.0,284.0,1024.0,1935.0,measured_avg_sm_clock_mhz,warp-level HMMA mma.sync.aligned.m16n8k16 pair -> logical m16n16k16,"dense FP16 Tensor Core HMMA normalization only; no sparsity, no WGMMA",162.47808,970.1439037064222,94.74061559633029,True,False,153.932733201098,nan,200.37958028648202,155.3238160677594,230.392,166.06,nvml_total_energy_counter,nvml_total_energy_counter,236.45751585979912,178.15516514189855,205.6549610384506,166.63699928954324,average_instant,average_instant,205.07111111111112,167.14875,229.5033333333333,178.63625,370.0,370.0,230.392,166.06,-6.06551585979912,-12.095165141898548,0.9743483905015923,0.9321088157490978,173.52051684331713,0.7531533944030918,0.2468466055969082,0.7751479259797502,True,45.05576421872263,56.87148315668287,0.3307126391613359,0.29269774713778196,nan,nan,0.3307126391613359,0.22047509277422397,0.16535631958066796,9,8,1,1,1935.0,0.0,70.0,99.88888888888889,100.0,100.0,100.0,True,True,True,pure_fp16_candidate_no_l2,launch_shape_tensor_mma_f16acc_t064_b02_rep002_test_ed4f2d23,launch_shape_tensor_mma_f16acc_t064_b02_rep002_baseline_40b4c9ac,/home/bang001/gpupowermodeling/accelwattch/util/fp16_energy_impl/results/strict_fp16_launch_shape_rtx3090_20260602_115550/raw/launch_shape_tensor_mma_f16acc_t064_b02_rep002_test_ed4f2d23/power.csv,/home/bang001/gpupowermodeling/accelwattch/util/fp16_energy_impl/results/strict_fp16_launch_shape_rtx3090_20260602_115550/raw/launch_shape_tensor_mma_f16acc_t064_b02_rep002_baseline_40b4c9ac/power.csv,/home/bang001/gpupowermodeling/accelwattch/util/fp16_energy_impl/results/strict_fp16_launch_shape_rtx3090_20260602_115550/raw/launch_shape_tensor_mma_f16acc_t064_b02_rep002_test_ed4f2d23/sm_util.csv,/home/bang001/gpupowermodeling/accelwattch/util/fp16_energy_impl/results/strict_fp16_launch_shape_rtx3090_20260602_115550/raw/launch_shape_tensor_mma_f16acc_t064_b02_rep002_baseline_40b4c9ac/sm_util.csv
launch_shape_tensor_mma_f16acc_t064_b02,3,3,NVIDIA GeForce RTX 3090,ampere,ga102,consumer,86,82,benchmark uses warp-level HMMA mma.sync m16n8k16 pairs,False,False,tensor_core_mma_m16n16k16_f16acc,fp16-energy-bench-v2,fp16-energy-bench-v2,"nvml_timed_energy_counter,explicit_m16n16k16_denominator,strict_denominator_provenance,tensor_no_memory_warpsync_baseline","nvml_timed_energy_counter,explicit_m16n16k16_denominator,strict_denominator_provenance,tensor_no_memory_warpsync_baseline",bae1f83e791c,bae1f83e791c,tensor_mma_f16acc,tensor_baseline_mov,164,64,128.0,2,1000000,8,1.11737646484,1.0382161865200001,171966464000000.0,0.0,0.0,171966464000000.0,85983232000000.0,85983232000000.0,257949696000000.0,343932928000000.0,20992000000.0,8192.0,8192.0,4096.0,4096.0,12288.0,16384.0,True,bench_json_metadata,True,logical_m16n16k16_input_bits_8192,ga102,"RTX 3090 FE dense FP16 Tensor Core peak, no sparsity",https://www.nvidia.com/content/dam/en-zz/Solutions/geforce/ampere/pdf/NVIDIA-ampere-GA102-GPU-Architecture-Whitepaper-V1.pdf,142.0,284.0,1024.0,1935.0,measured_avg_sm_clock_mhz,warp-level HMMA mma.sync.aligned.m16n8k16 pair -> logical m16n16k16,"dense FP16 Tensor Core HMMA normalization only; no sparsity, no WGMMA",162.47808,969.9501621052367,94.72169551808952,True,False,153.90199222123792,nan,219.4812217355976,152.93448529007927,252.248,163.31,nvml_total_energy_counter,nvml_total_energy_counter,237.27564463779365,177.43196104695647,206.45376127146477,166.15924093273946,average_instant,average_instant,205.77333333333334,166.58875,231.4622222222222,178.9225,370.0,370.0,252.248,163.31,14.972355362206343,-14.121961046956471,1.0631011049830335,0.9204091474634654,170.88539452555375,0.6774499481682859,0.3225500518317142,0.6967998632444047,True,66.54673644551832,81.36260547444624,0.47313065339557275,0.4323968487026194,nan,nan,0.47313065339557275,0.3154204355970485,0.23656532669778638,9,8,1,1,1935.0,0.0,70.0,99.44444444444444,100.0,100.0,100.0,True,True,True,pure_fp16_candidate_no_l2,launch_shape_tensor_mma_f16acc_t064_b02_rep003_test_f8cae57e,launch_shape_tensor_mma_f16acc_t064_b02_rep003_baseline_f4db2023,/home/bang001/gpupowermodeling/accelwattch/util/fp16_energy_impl/results/strict_fp16_launch_shape_rtx3090_20260602_115550/raw/launch_shape_tensor_mma_f16acc_t064_b02_rep003_test_f8cae57e/power.csv,/home/bang001/gpupowermodeling/accelwattch/util/fp16_energy_impl/results/strict_fp16_launch_shape_rtx3090_20260602_115550/raw/launch_shape_tensor_mma_f16acc_t064_b02_rep003_baseline_f4db2023/power.csv,/home/bang001/gpupowermodeling/accelwattch/util/fp16_energy_impl/results/strict_fp16_launch_shape_rtx3090_20260602_115550/raw/launch_shape_tensor_mma_f16acc_t064_b02_rep003_test_f8cae57e/sm_util.csv,/home/bang001/gpupowermodeling/accelwattch/util/fp16_energy_impl/results/strict_fp16_launch_shape_rtx3090_20260602_115550/raw/launch_shape_tensor_mma_f16acc_t064_b02_rep003_baseline_f4db2023/sm_util.csv
launch_shape_tensor_mma_f16acc_t064_b02,4,4,NVIDIA GeForce RTX 3090,ampere,ga102,consumer,86,82,benchmark uses warp-level HMMA mma.sync m16n8k16 pairs,False,False,tensor_core_mma_m16n16k16_f16acc,fp16-energy-bench-v2,fp16-energy-bench-v2,"nvml_timed_energy_counter,explicit_m16n16k16_denominator,strict_denominator_provenance,tensor_no_memory_warpsync_baseline","nvml_timed_energy_counter,explicit_m16n16k16_denominator,strict_denominator_provenance,tensor_no_memory_warpsync_baseline",bae1f83e791c,bae1f83e791c,tensor_mma_f16acc,tensor_baseline_mov,164,64,128.0,2,1000000,8,1.11733764648,1.03900366211,171966464000000.0,0.0,0.0,171966464000000.0,85983232000000.0,85983232000000.0,257949696000000.0,343932928000000.0,20992000000.0,8192.0,8192.0,4096.0,4096.0,12288.0,16384.0,True,bench_json_metadata,True,logical_m16n16k16_input_bits_8192,ga102,"RTX 3090 FE dense FP16 Tensor Core peak, no sparsity",https://www.nvidia.com/content/dam/en-zz/Solutions/geforce/ampere/pdf/NVIDIA-ampere-GA102-GPU-Architecture-Whitepaper-V1.pdf,142.0,284.0,1024.0,1935.0,measured_avg_sm_clock_mhz,warp-level HMMA mma.sync.aligned.m16n8k16 pair -> logical m16n16k16,"dense FP16 Tensor Core HMMA normalization only; no sparsity, no WGMMA",162.47808,969.9838599535938,94.72498632359314,True,False,153.90733905883673,nan,219.18956268002805,151.33007907355295,252.017,161.81,nvml_total_energy_counter,nvml_total_energy_counter,237.04778447878164,177.60055852389294,206.17021952556252,166.09793316190525,average_instant,average_instant,205.57777777777778,166.6525,232.29888888888888,179.3325,370.0,370.0,252.017,161.81,14.96921552121836,-15.79055852389294,1.0631485147778643,0.9110894771101263,169.08679439367594,0.6709340814059208,0.3290659185940792,0.6904073224255843,True,67.8594836064751,82.93020560632405,0.48224638500634665,0.4409112913097232,nan,nan,0.48224638500634665,0.3214975900042311,0.24112319250317332,9,8,1,1,1935.0,0.0,71.0,99.33333333333333,100.0,100.0,100.0,True,True,True,pure_fp16_candidate_no_l2,launch_shape_tensor_mma_f16acc_t064_b02_rep004_test_16e2ccc7,launch_shape_tensor_mma_f16acc_t064_b02_rep004_baseline_fe022838,/home/bang001/gpupowermodeling/accelwattch/util/fp16_energy_impl/results/strict_fp16_launch_shape_rtx3090_20260602_115550/raw/launch_shape_tensor_mma_f16acc_t064_b02_rep004_test_16e2ccc7/power.csv,/home/bang001/gpupowermodeling/accelwattch/util/fp16_energy_impl/results/strict_fp16_launch_shape_rtx3090_20260602_115550/raw/launch_shape_tensor_mma_f16acc_t064_b02_rep004_baseline_fe022838/power.csv,/home/bang001/gpupowermodeling/accelwattch/util/fp16_energy_impl/results/strict_fp16_launch_shape_rtx3090_20260602_115550/raw/launch_shape_tensor_mma_f16acc_t064_b02_rep004_test_16e2ccc7/sm_util.csv,/home/bang001/gpupowermodeling/accelwattch/util/fp16_energy_impl/results/strict_fp16_launch_shape_rtx3090_20260602_115550/raw/launch_shape_tensor_mma_f16acc_t064_b02_rep004_baseline_fe022838/sm_util.csv
launch_shape_tensor_mma_f16acc_t064_b02,5,5,NVIDIA GeForce RTX 3090,ampere,ga102,consumer,86,82,benchmark uses warp-level HMMA mma.sync m16n8k16 pairs,False,False,tensor_core_mma_m16n16k16_f16acc,fp16-energy-bench-v2,fp16-energy-bench-v2,"nvml_timed_energy_counter,explicit_m16n16k16_denominator,strict_denominator_provenance,tensor_no_memory_warpsync_baseline","nvml_timed_energy_counter,explicit_m16n16k16_denominator,strict_denominator_provenance,tensor_no_memory_warpsync_baseline",bae1f83e791c,bae1f83e791c,tensor_mma_f16acc,tensor_baseline_mov,164,64,128.0,2,1000000,8,1.11851318359,1.0375577392600002,171966464000000.0,0.0,0.0,171966464000000.0,85983232000000.0,85983232000000.0,257949696000000.0,343932928000000.0,20992000000.0,8192.0,8192.0,4096.0,4096.0,12288.0,16384.0,True,bench_json_metadata,True,logical_m16n16k16_input_bits_8192,ga102,"RTX 3090 FE dense FP16 Tensor Core peak, no sparsity",https://www.nvidia.com/content/dam/en-zz/Solutions/geforce/ampere/pdf/NVIDIA-ampere-GA102-GPU-Architecture-Whitepaper-V1.pdf,142.0,284.0,1024.0,1933.3333333333333,measured_avg_sm_clock_mhz,warp-level HMMA mma.sync.aligned.m16n8k16 pair -> logical m16n16k16,"dense FP16 Tensor Core HMMA normalization only; no sparsity, no WGMMA",162.3381333333333,969.7997386332698,94.70700572590526,True,False,153.74558523132768,nan,204.48295436902976,153.88164986807442,235.39,164.316,nvml_total_energy_counter,nvml_total_energy_counter,235.5517024629517,178.62346572748615,204.6234250659715,167.28056678168295,average_instant,average_instant,203.95555555555555,167.69875,232.17999999999998,180.26875,370.0,370.0,235.39,164.316,-0.1617024629517232,-14.307465727486147,0.9993135160507823,0.9199015332659927,172.1186540900216,0.731206313309918,0.2687936866900819,0.752540231741589,True,50.60130450095534,63.27134590997838,0.36792839974879277,0.32912362605287127,nan,nan,0.36792839974879277,0.24528559983252848,0.18396419987439638,9,8,1,1,1933.3333333333333,15.0,71.0,99.77777777777777,100.0,100.0,100.0,True,True,True,pure_fp16_candidate_no_l2,launch_shape_tensor_mma_f16acc_t064_b02_rep005_test_efa8297c,launch_shape_tensor_mma_f16acc_t064_b02_rep005_baseline_a59f8bbe,/home/bang001/gpupowermodeling/accelwattch/util/fp16_energy_impl/results/strict_fp16_launch_shape_rtx3090_20260602_115550/raw/launch_shape_tensor_mma_f16acc_t064_b02_rep005_test_efa8297c/power.csv,/home/bang001/gpupowermodeling/accelwattch/util/fp16_energy_impl/results/strict_fp16_launch_shape_rtx3090_20260602_115550/raw/launch_shape_tensor_mma_f16acc_t064_b02_rep005_baseline_a59f8bbe/power.csv,/home/bang001/gpupowermodeling/accelwattch/util/fp16_energy_impl/results/strict_fp16_launch_shape_rtx3090_20260602_115550/raw/launch_shape_tensor_mma_f16acc_t064_b02_rep005_test_efa8297c/sm_util.csv,/home/bang001/gpupowermodeling/accelwattch/util/fp16_energy_impl/results/strict_fp16_launch_shape_rtx3090_20260602_115550/raw/launch_shape_tensor_mma_f16acc_t064_b02_rep005_baseline_a59f8bbe/sm_util.csv
launch_shape_tensor_mma_f16acc_t064_b02,6,6,NVIDIA GeForce RTX 3090,ampere,ga102,consumer,86,82,benchmark uses warp-level HMMA mma.sync m16n8k16 pairs,False,False,tensor_core_mma_m16n16k16_f16acc,fp16-energy-bench-v2,fp16-energy-bench-v2,"nvml_timed_energy_counter,explicit_m16n16k16_denominator,strict_denominator_provenance,tensor_no_memory_warpsync_baseline","nvml_timed_energy_counter,explicit_m16n16k16_denominator,strict_denominator_provenance,tensor_no_memory_warpsync_baseline",bae1f83e791c,bae1f83e791c,tensor_mma_f16acc,tensor_baseline_mov,164,64,128.0,2,1000000,8,1.11890490723,1.0378885498,171966464000000.0,0.0,0.0,171966464000000.0,85983232000000.0,85983232000000.0,257949696000000.0,343932928000000.0,20992000000.0,8192.0,8192.0,4096.0,4096.0,12288.0,16384.0,True,bench_json_metadata,True,logical_m16n16k16_input_bits_8192,ga102,"RTX 3090 FE dense FP16 Tensor Core peak, no sparsity",https://www.nvidia.com/content/dam/en-zz/Solutions/geforce/ampere/pdf/NVIDIA-ampere-GA102-GPU-Architecture-Whitepaper-V1.pdf,142.0,284.0,1024.0,1930.0,measured_avg_sm_clock_mhz,warp-level HMMA mma.sync.aligned.m16n8k16 pair -> logical m16n16k16,"dense FP16 Tensor Core HMMA normalization only; no sparsity, no WGMMA",162.05824,971.1345860266654,94.83736191666654,True,False,153.69175958458007,nan,201.05887453769876,169.52123572329816,231.981,181.376,nvml_total_energy_counter,nvml_total_energy_counter,236.57907818016932,178.84873878803373,205.04404756454662,167.15915670706622,average_instant,average_instant,204.12444444444444,167.82625000000002,231.90333333333334,179.81375,370.0,370.0,231.981,181.376,-4.598078180169324,2.5272612119662767,0.9805643076490999,1.0141307186681452,189.67814253049187,0.8176451628818389,0.18235483711816108,0.8431422692138504,True,31.537638814400594,42.302857469508126,0.2459948090199036,0.2052005839457171,nan,nan,0.2459948090199036,0.16399653934660238,0.1229974045099518,9,8,1,1,1930.0,15.0,71.0,95.66666666666667,100.0,100.0,100.0,True,True,True,pure_fp16_candidate_no_l2,launch_shape_tensor_mma_f16acc_t064_b02_rep006_test_4575839e,launch_shape_tensor_mma_f16acc_t064_b02_rep006_baseline_91c55a33,/home/bang001/gpupowermodeling/accelwattch/util/fp16_energy_impl/results/strict_fp16_launch_shape_rtx3090_20260602_115550/raw/launch_shape_tensor_mma_f16acc_t064_b02_rep006_test_4575839e/power.csv,/home/bang001/gpupowermodeling/accelwattch/util/fp16_energy_impl/results/strict_fp16_launch_shape_rtx3090_20260602_115550/raw/launch_shape_tensor_mma_f16acc_t064_b02_rep006_baseline_91c55a33/power.csv,/home/bang001/gpupowermodeling/accelwattch/util/fp16_energy_impl/results/strict_fp16_launch_shape_rtx3090_20260602_115550/raw/launch_shape_tensor_mma_f16acc_t064_b02_rep006_test_4575839e/sm_util.csv,/home/bang001/gpupowermodeling/accelwattch/util/fp16_energy_impl/results/strict_fp16_launch_shape_rtx3090_20260602_115550/raw/launch_shape_tensor_mma_f16acc_t064_b02_rep006_baseline_91c55a33/sm_util.csv
launch_shape_tensor_mma_f16acc_t064_b02,7,7,NVIDIA GeForce RTX 3090,ampere,ga102,consumer,86,82,benchmark uses warp-level HMMA mma.sync m16n8k16 pairs,False,False,tensor_core_mma_m16n16k16_f16acc,fp16-energy-bench-v2,fp16-energy-bench-v2,"nvml_timed_energy_counter,explicit_m16n16k16_denominator,strict_denominator_provenance,tensor_no_memory_warpsync_baseline","nvml_timed_energy_counter,explicit_m16n16k16_denominator,strict_denominator_provenance,tensor_no_memory_warpsync_baseline",bae1f83e791c,bae1f83e791c,tensor_mma_f16acc,tensor_baseline_mov,164,64,128.0,2,1000000,8,1.12043212891,1.03727722168,171966464000000.0,0.0,0.0,171966464000000.0,85983232000000.0,85983232000000.0,257949696000000.0,343932928000000.0,20992000000.0,8192.0,8192.0,4096.0,4096.0,12288.0,16384.0,True,bench_json_metadata,True,logical_m16n16k16_input_bits_8192,ga102,"RTX 3090 FE dense FP16 Tensor Core peak, no sparsity",https://www.nvidia.com/content/dam/en-zz/Solutions/geforce/ampere/pdf/NVIDIA-ampere-GA102-GPU-Architecture-Whitepaper-V1.pdf,142.0,284.0,1024.0,1929.375,measured_avg_sm_clock_mhz,warp-level HMMA mma.sync.aligned.m16n8k16 pair -> logical m16n16k16,"dense FP16 Tensor Core HMMA normalization only; no sparsity, no WGMMA",162.00576,970.1250262420853,94.73877209395361,True,False,153.4822677454775,nan,201.38860990386945,156.9743152255037,232.254,165.116,nvml_total_energy_counter,nvml_total_energy_counter,237.41409110395205,175.41937259601346,205.86295081684503,166.76964007453367,average_instant,average_instant,204.09625,167.1575,232.76125,180.13125,370.0,370.0,232.254,165.116,-5.160091103952055,-10.303372596013446,0.9782654387532006,0.941264340172155,175.87906619230054,0.7572703427811815,0.24272965721881842,0.779459748495377,True,44.41429467836576,56.37493380769945,0.32782516135064244,0.28937736802285735,nan,nan,0.32782516135064244,0.218550107567095,0.16391258067532122,8,8,1,1,1929.375,15.0,71.0,99.375,100.0,99.0,99.0,True,True,True,pure_fp16_candidate_no_l2,launch_shape_tensor_mma_f16acc_t064_b02_rep007_test_c930b7e4,launch_shape_tensor_mma_f16acc_t064_b02_rep007_baseline_04649af9,/home/bang001/gpupowermodeling/accelwattch/util/fp16_energy_impl/results/strict_fp16_launch_shape_rtx3090_20260602_115550/raw/launch_shape_tensor_mma_f16acc_t064_b02_rep007_test_c930b7e4/power.csv,/home/bang001/gpupowermodeling/accelwattch/util/fp16_energy_impl/results/strict_fp16_launch_shape_rtx3090_20260602_115550/raw/launch_shape_tensor_mma_f16acc_t064_b02_rep007_baseline_04649af9/power.csv,/home/bang001/gpupowermodeling/accelwattch/util/fp16_energy_impl/results/strict_fp16_launch_shape_rtx3090_20260602_115550/raw/launch_shape_tensor_mma_f16acc_t064_b02_rep007_test_c930b7e4/sm_util.csv,/home/bang001/gpupowermodeling/accelwattch/util/fp16_energy_impl/results/strict_fp16_launch_shape_rtx3090_20260602_115550/raw/launch_shape_tensor_mma_f16acc_t064_b02_rep007_baseline_04649af9/sm_util.csv
launch_shape_tensor_mma_f16acc_t064_b02,8,8,NVIDIA GeForce RTX 3090,ampere,ga102,consumer,86,82,benchmark uses warp-level HMMA mma.sync m16n8k16 pairs,False,False,tensor_core_mma_m16n16k16_f16acc,fp16-energy-bench-v2,fp16-energy-bench-v2,"nvml_timed_energy_counter,explicit_m16n16k16_denominator,strict_denominator_provenance,tensor_no_memory_warpsync_baseline","nvml_timed_energy_counter,explicit_m16n16k16_denominator,strict_denominator_provenance,tensor_no_memory_warpsync_baseline",bae1f83e791c,bae1f83e791c,tensor_mma_f16acc,tensor_baseline_mov,164,64,128.0,2,1000000,8,1.12129345703,1.0374246826200002,171966464000000.0,0.0,0.0,171966464000000.0,85983232000000.0,85983232000000.0,257949696000000.0,343932928000000.0,20992000000.0,8192.0,8192.0,4096.0,4096.0,12288.0,16384.0,True,bench_json_metadata,True,logical_m16n16k16_input_bits_8192,ga102,"RTX 3090 FE dense FP16 Tensor Core peak, no sparsity",https://www.nvidia.com/content/dam/en-zz/Solutions/geforce/ampere/pdf/NVIDIA-ampere-GA102-GPU-Architecture-Whitepaper-V1.pdf,142.0,284.0,1024.0,1928.3333333333333,measured_avg_sm_clock_mhz,warp-level HMMA mma.sync.aligned.m16n8k16 pair -> logical m16n16k16,"dense FP16 Tensor Core HMMA normalization only; no sparsity, no WGMMA",161.9182933333333,969.9034684622507,94.71713559201666,True,False,153.36436944481258,nan,220.7423927950365,157.29368918752405,254.793,167.954,nvml_total_energy_counter,nvml_total_energy_counter,240.36392780770439,178.75272101153507,208.24162581344885,167.40699798881002,average_instant,average_instant,207.86777777777777,167.92125000000001,232.92111111111112,180.3825,370.0,370.0,254.793,167.954,14.42907219229562,-10.798721011535065,1.0600301065301243,0.9395884943712929,176.37238451808116,0.6922183282824926,0.3077816717175073,0.7125667489414877,True,63.44870360751244,78.42061548191884,0.4560227247675387,0.41371215385425064,nan,nan,0.4560227247675387,0.3040151498450258,0.22801136238376934,9,8,1,1,1928.3333333333333,15.0,71.0,99.22222222222223,100.0,100.0,100.0,True,True,True,pure_fp16_candidate_no_l2,launch_shape_tensor_mma_f16acc_t064_b02_rep008_test_b86e6b6f,launch_shape_tensor_mma_f16acc_t064_b02_rep008_baseline_ea3daadc,/home/bang001/gpupowermodeling/accelwattch/util/fp16_energy_impl/results/strict_fp16_launch_shape_rtx3090_20260602_115550/raw/launch_shape_tensor_mma_f16acc_t064_b02_rep008_test_b86e6b6f/power.csv,/home/bang001/gpupowermodeling/accelwattch/util/fp16_energy_impl/results/strict_fp16_launch_shape_rtx3090_20260602_115550/raw/launch_shape_tensor_mma_f16acc_t064_b02_rep008_baseline_ea3daadc/power.csv,/home/bang001/gpupowermodeling/accelwattch/util/fp16_energy_impl/results/strict_fp16_launch_shape_rtx3090_20260602_115550/raw/launch_shape_tensor_mma_f16acc_t064_b02_rep008_test_b86e6b6f/sm_util.csv,/home/bang001/gpupowermodeling/accelwattch/util/fp16_energy_impl/results/strict_fp16_launch_shape_rtx3090_20260602_115550/raw/launch_shape_tensor_mma_f16acc_t064_b02_rep008_baseline_ea3daadc/sm_util.csv
launch_shape_tensor_mma_f16acc_t064_b02,9,9,NVIDIA GeForce RTX 3090,ampere,ga102,consumer,86,82,benchmark uses warp-level HMMA mma.sync m16n8k16 pairs,False,False,tensor_core_mma_m16n16k16_f16acc,fp16-energy-bench-v2,fp16-energy-bench-v2,"nvml_timed_energy_counter,explicit_m16n16k16_denominator,strict_denominator_provenance,tensor_no_memory_warpsync_baseline","nvml_timed_energy_counter,explicit_m16n16k16_denominator,strict_denominator_provenance,tensor_no_memory_warpsync_baseline",bae1f83e791c,bae1f83e791c,tensor_mma_f16acc,tensor_baseline_mov,164,64,128.0,2,1000000,8,1.11994262695,1.0373355712899999,171966464000000.0,0.0,0.0,171966464000000.0,85983232000000.0,85983232000000.0,257949696000000.0,343932928000000.0,20992000000.0,8192.0,8192.0,4096.0,4096.0,12288.0,16384.0,True,bench_json_metadata,True,logical_m16n16k16_input_bits_8192,ga102,"RTX 3090 FE dense FP16 Tensor Core peak, no sparsity",https://www.nvidia.com/content/dam/en-zz/Solutions/geforce/ampere/pdf/NVIDIA-ampere-GA102-GPU-Architecture-Whitepaper-V1.pdf,142.0,284.0,1024.0,1928.3333333333333,measured_avg_sm_clock_mhz,warp-level HMMA mma.sync.aligned.m16n8k16 pair -> logical m16n16k16,"dense FP16 Tensor Core HMMA normalization only; no sparsity, no WGMMA",161.9182933333333,971.0733272999871,94.83137961913937,True,False,153.54935142376493,nan,200.1163363896984,167.33897928102334,230.765,178.666,nvml_total_energy_counter,nvml_total_energy_counter,240.24502492985997,179.0883386643323,208.3372878244766,167.7345426282762,average_instant,average_instant,206.72222222222223,168.4075,234.06333333333336,180.035,370.0,370.0,230.765,178.666,-9.48002492985998,-0.42233866433230105,0.9605401821218662,0.9976417299558298,187.4100560471209,0.8121251318316075,0.18787486816839252,0.8362084890218769,True,32.77735710867506,43.3549439528791,0.25211278376276375,0.21346464055205439,nan,nan,0.25211278376276375,0.16807518917517583,0.12605639188138187,9,8,1,1,1928.3333333333333,15.0,72.0,99.77777777777777,100.0,100.0,100.0,True,True,True,pure_fp16_candidate_no_l2,launch_shape_tensor_mma_f16acc_t064_b02_rep009_test_47f6b934,launch_shape_tensor_mma_f16acc_t064_b02_rep009_baseline_10092561,/home/bang001/gpupowermodeling/accelwattch/util/fp16_energy_impl/results/strict_fp16_launch_shape_rtx3090_20260602_115550/raw/launch_shape_tensor_mma_f16acc_t064_b02_rep009_test_47f6b934/power.csv,/home/bang001/gpupowermodeling/accelwattch/util/fp16_energy_impl/results/strict_fp16_launch_shape_rtx3090_20260602_115550/raw/launch_shape_tensor_mma_f16acc_t064_b02_rep009_baseline_10092561/power.csv,/home/bang001/gpupowermodeling/accelwattch/util/fp16_energy_impl/results/strict_fp16_launch_shape_rtx3090_20260602_115550/raw/launch_shape_tensor_mma_f16acc_t064_b02_rep009_test_47f6b934/sm_util.csv,/home/bang001/gpupowermodeling/accelwattch/util/fp16_energy_impl/results/strict_fp16_launch_shape_rtx3090_20260602_115550/raw/launch_shape_tensor_mma_f16acc_t064_b02_rep009_baseline_10092561/sm_util.csv
launch_shape_tensor_mma_f16acc_t064_b04,0,0,NVIDIA GeForce RTX 3090,ampere,ga102,consumer,86,82,benchmark uses warp-level HMMA mma.sync m16n8k16 pairs,False,False,tensor_core_mma_m16n16k16_f16acc,fp16-energy-bench-v2,fp16-energy-bench-v2,"nvml_timed_energy_counter,explicit_m16n16k16_denominator,strict_denominator_provenance,tensor_no_memory_warpsync_baseline","nvml_timed_energy_counter,explicit_m16n16k16_denominator,strict_denominator_provenance,tensor_no_memory_warpsync_baseline",bae1f83e791c,bae1f83e791c,tensor_mma_f16acc,tensor_baseline_mov,328,64,256.0,4,1000000,8,1.07017089844,1.01335412598,171966464000000.0,0.0,0.0,171966464000000.0,85983232000000.0,85983232000000.0,257949696000000.0,343932928000000.0,20992000000.0,8192.0,8192.0,4096.0,4096.0,12288.0,16384.0,True,bench_json_metadata,True,logical_m16n16k16_input_bits_8192,ga102,"RTX 3090 FE dense FP16 Tensor Core peak, no sparsity",https://www.nvidia.com/content/dam/en-zz/Solutions/geforce/ampere/pdf/NVIDIA-ampere-GA102-GPU-Architecture-Whitepaper-V1.pdf,142.0,284.0,1024.0,1935.0,measured_avg_sm_clock_mhz,warp-level HMMA mma.sync.aligned.m16n8k16 pair -> logical m16n16k16,"dense FP16 Tensor Core HMMA normalization only; no sparsity, no WGMMA",162.47808,1012.7349611020079,98.89989854511796,True,False,160.6906562780556,nan,208.88815868187532,160.84277681267218,229.989,167.639,nvml_total_energy_counter,nvml_total_energy_counter,234.889459800177,173.62996871465194,213.33901513306876,166.5908667193315,average_instant,average_instant,212.255,167.4575,227.36875,183.06125,370.0,370.0,229.989,167.639,-4.9004598001770034,-5.9909687146519275,0.9791371660339895,0.9654957680462545,172.1292589692018,0.7484238766601959,0.2515761233398041,0.769994708305254,True,48.04538186920314,57.859741030798205,0.3364594449694459,0.298993002966311,nan,nan,0.3364594449694459,0.2243062966462973,0.16822972248472295,8,8,1,1,1935.0,0.0,64.0,99.5,100.0,100.0,100.0,True,True,True,pure_fp16_candidate_no_l2,launch_shape_tensor_mma_f16acc_t064_b04_rep000_test_873c5079,launch_shape_tensor_mma_f16acc_t064_b04_rep000_baseline_989b31ac,/home/bang001/gpupowermodeling/accelwattch/util/fp16_energy_impl/results/strict_fp16_launch_shape_rtx3090_20260602_115550/raw/launch_shape_tensor_mma_f16acc_t064_b04_rep000_test_873c5079/power.csv,/home/bang001/gpupowermodeling/accelwattch/util/fp16_energy_impl/results/strict_fp16_launch_shape_rtx3090_20260602_115550/raw/launch_shape_tensor_mma_f16acc_t064_b04_rep000_baseline_989b31ac/power.csv,/home/bang001/gpupowermodeling/accelwattch/util/fp16_energy_impl/results/strict_fp16_launch_shape_rtx3090_20260602_115550/raw/launch_shape_tensor_mma_f16acc_t064_b04_rep000_test_873c5079/sm_util.csv,/home/bang001/gpupowermodeling/accelwattch/util/fp16_energy_impl/results/strict_fp16_launch_shape_rtx3090_20260602_115550/raw/launch_shape_tensor_mma_f16acc_t064_b04_rep000_baseline_989b31ac/sm_util.csv
launch_shape_tensor_mma_f16acc_t064_b04,1,1,NVIDIA GeForce RTX 3090,ampere,ga102,consumer,86,82,benchmark uses warp-level HMMA mma.sync m16n8k16 pairs,False,False,tensor_core_mma_m16n16k16_f16acc,fp16-energy-bench-v2,fp16-energy-bench-v2,"nvml_timed_energy_counter,explicit_m16n16k16_denominator,strict_denominator_provenance,tensor_no_memory_warpsync_baseline","nvml_timed_energy_counter,explicit_m16n16k16_denominator,strict_denominator_provenance,tensor_no_memory_warpsync_baseline",bae1f83e791c,bae1f83e791c,tensor_mma_f16acc,tensor_baseline_mov,328,64,256.0,4,1000000,8,1.09290270996,1.02044567871,171966464000000.0,0.0,0.0,171966464000000.0,85983232000000.0,85983232000000.0,257949696000000.0,343932928000000.0,20992000000.0,8192.0,8192.0,4096.0,4096.0,12288.0,16384.0,True,bench_json_metadata,True,logical_m16n16k16_input_bits_8192,ga102,"RTX 3090 FE dense FP16 Tensor Core peak, no sparsity",https://www.nvidia.com/content/dam/en-zz/Solutions/geforce/ampere/pdf/NVIDIA-ampere-GA102-GPU-Architecture-Whitepaper-V1.pdf,142.0,284.0,1024.0,1935.0,measured_avg_sm_clock_mhz,warp-level HMMA mma.sync.aligned.m16n8k16 pair -> logical m16n16k16,"dense FP16 Tensor Core HMMA normalization only; no sparsity, no WGMMA",162.47808,991.6705973249909,96.84283177001865,True,False,157.3483736775563,nan,205.14085535799134,157.96919815808366,231.643,166.579,nvml_total_energy_counter,nvml_total_energy_counter,246.9739950219724,181.82097045684702,218.7178399087722,172.42337216211374,average_instant,average_instant,217.62,173.31625,230.86555555555555,187.5925,370.0,370.0,231.643,166.579,-15.330995021972399,-15.241970456847014,0.9379246587455151,0.916170448224153,172.64496475717786,0.7453062028948764,0.2546937971051236,0.7700523519920572,True,47.171657199907685,58.99803524282214,0.3430787251799406,0.2997911964223632,nan,nan,0.3430787251799406,0.22871915011996036,0.1715393625899703,9,8,1,1,1935.0,0.0,69.0,99.55555555555556,100.0,99.0,99.0,True,True,True,pure_fp16_candidate_no_l2,launch_shape_tensor_mma_f16acc_t064_b04_rep001_test_c7819ea2,launch_shape_tensor_mma_f16acc_t064_b04_rep001_baseline_7b458ac7,/home/bang001/gpupowermodeling/accelwattch/util/fp16_energy_impl/results/strict_fp16_launch_shape_rtx3090_20260602_115550/raw/launch_shape_tensor_mma_f16acc_t064_b04_rep001_test_c7819ea2/power.csv,/home/bang001/gpupowermodeling/accelwattch/util/fp16_energy_impl/results/strict_fp16_launch_shape_rtx3090_20260602_115550/raw/launch_shape_tensor_mma_f16acc_t064_b04_rep001_baseline_7b458ac7/power.csv,/home/bang001/gpupowermodeling/accelwattch/util/fp16_energy_impl/results/strict_fp16_launch_shape_rtx3090_20260602_115550/raw/launch_shape_tensor_mma_f16acc_t064_b04_rep001_test_c7819ea2/sm_util.csv,/home/bang001/gpupowermodeling/accelwattch/util/fp16_energy_impl/results/strict_fp16_launch_shape_rtx3090_20260602_115550/raw/launch_shape_tensor_mma_f16acc_t064_b04_rep001_baseline_7b458ac7/sm_util.csv
launch_shape_tensor_mma_f16acc_t064_b04,2,2,NVIDIA GeForce RTX 3090,ampere,ga102,consumer,86,82,benchmark uses warp-level HMMA mma.sync m16n8k16 pairs,False,False,tensor_core_mma_m16n16k16_f16acc,fp16-energy-bench-v2,fp16-energy-bench-v2,"nvml_timed_energy_counter,explicit_m16n16k16_denominator,strict_denominator_provenance,tensor_no_memory_warpsync_baseline","nvml_timed_energy_counter,explicit_m16n16k16_denominator,strict_denominator_provenance,tensor_no_memory_warpsync_baseline",bae1f83e791c,bae1f83e791c,tensor_mma_f16acc,tensor_baseline_mov,328,64,256.0,4,1000000,8,1.07967175293,1.0217519531200001,171966464000000.0,0.0,0.0,171966464000000.0,85983232000000.0,85983232000000.0,257949696000000.0,343932928000000.0,20992000000.0,8192.0,8192.0,4096.0,4096.0,12288.0,16384.0,True,bench_json_metadata,True,logical_m16n16k16_input_bits_8192,ga102,"RTX 3090 FE dense FP16 Tensor Core peak, no sparsity",https://www.nvidia.com/content/dam/en-zz/Solutions/geforce/ampere/pdf/NVIDIA-ampere-GA102-GPU-Architecture-Whitepaper-V1.pdf,142.0,284.0,1024.0,1935.0,measured_avg_sm_clock_mhz,warp-level HMMA mma.sync.aligned.m16n8k16 pair -> logical m16n16k16,"dense FP16 Tensor Core HMMA normalization only; no sparsity, no WGMMA",162.47808,1003.8231344507557,98.02960297370662,True,False,159.27661674330142,nan,191.20729200402448,1156.9652779056375,209.315,173.245,nvml_total_energy_counter,nvml_total_energy_counter,240.61323487251806,26.99079380025,219.79793641307353,180.25,average_instant,average_instant,218.6688888888889,180.25,232.77666666666664,188.495,370.0,370.0,209.315,173.245,-31.298234872518066,146.25420619975,0.869923053529867,6.418670057728919,1249.1427296755242,5.96776499379177,-4.967764993791769,6.050842861585457,True,-965.7579859016131,-1039.827729675524,-6.046689019991271,-6.063400928826104,nan,nan,-6.046689019991271,-4.031126013327514,-3.0233445099956353,9,2,1,0,1935.0,0.0,70.0,99.22222222222223,100.0,99.0,99.0,False,False,False,invalid_or_nonpositive_increment,launch_shape_tensor_mma_f16acc_t064_b04_rep002_test_8b05f561,launch_shape_tensor_mma_f16acc_t064_b04_rep002_baseline_c03a96df,/home/bang001/gpupowermodeling/accelwattch/util/fp16_energy_impl/results/strict_fp16_launch_shape_rtx3090_20260602_115550/raw/launch_shape_tensor_mma_f16acc_t064_b04_rep002_test_8b05f561/power.csv,/home/bang001/gpupowermodeling/accelwattch/util/fp16_energy_impl/results/strict_fp16_launch_shape_rtx3090_20260602_115550/raw/launch_shape_tensor_mma_f16acc_t064_b04_rep002_baseline_c03a96df/power.csv,/home/bang001/gpupowermodeling/accelwattch/util/fp16_energy_impl/results/strict_fp16_launch_shape_rtx3090_20260602_115550/raw/launch_shape_tensor_mma_f16acc_t064_b04_rep002_test_8b05f561/sm_util.csv,/home/bang001/gpupowermodeling/accelwattch/util/fp16_energy_impl/results/strict_fp16_launch_shape_rtx3090_20260602_115550/raw/launch_shape_tensor_mma_f16acc_t064_b04_rep002_baseline_c03a96df/sm_util.csv
launch_shape_tensor_mma_f16acc_t064_b04,3,3,NVIDIA GeForce RTX 3090,ampere,ga102,consumer,86,82,benchmark uses warp-level HMMA mma.sync m16n8k16 pairs,False,False,tensor_core_mma_m16n16k16_f16acc,fp16-energy-bench-v2,fp16-energy-bench-v2,"nvml_timed_energy_counter,explicit_m16n16k16_denominator,strict_denominator_provenance,tensor_no_memory_warpsync_baseline","nvml_timed_energy_counter,explicit_m16n16k16_denominator,strict_denominator_provenance,tensor_no_memory_warpsync_baseline",bae1f83e791c,bae1f83e791c,tensor_mma_f16acc,tensor_baseline_mov,328,64,256.0,4,1000000,8,1.0789908447299998,1.02064233398,171966464000000.0,0.0,0.0,171966464000000.0,85983232000000.0,85983232000000.0,257949696000000.0,343932928000000.0,20992000000.0,8192.0,8192.0,4096.0,4096.0,12288.0,16384.0,True,bench_json_metadata,True,logical_m16n16k16_input_bits_8192,ga102,"RTX 3090 FE dense FP16 Tensor Core peak, no sparsity",https://www.nvidia.com/content/dam/en-zz/Solutions/geforce/ampere/pdf/NVIDIA-ampere-GA102-GPU-Architecture-Whitepaper-V1.pdf,142.0,284.0,1024.0,1935.0,measured_avg_sm_clock_mhz,warp-level HMMA mma.sync.aligned.m16n8k16 pair -> logical m16n16k16,"dense FP16 Tensor Core HMMA normalization only; no sparsity, no WGMMA",162.47808,1004.4566072989597,98.09146555653903,True,False,159.37712988012595,nan,207.43800000627525,161.8160379287825,230.271,169.899,nvml_total_energy_counter,nvml_total_energy_counter,244.8486881827047,183.37948952112012,220.57020719404696,174.6551918004835,average_instant,average_instant,219.58125,175.56375,235.56625,189.83875,370.0,370.0,230.271,169.899,-14.577688182704719,-13.48048952112012,0.9404624615679912,0.9264885644718324,174.59802345563872,0.7582284501984129,0.2417715498015871,0.7800694083238721,True,45.62196207749275,55.67297654436126,0.3237432185868593,0.28625162287592265,nan,nan,0.3237432185868593,0.2158288123912395,0.16187160929342964,8,8,1,1,1935.0,0.0,70.0,99.875,100.0,99.0,99.0,True,True,True,pure_fp16_candidate_no_l2,launch_shape_tensor_mma_f16acc_t064_b04_rep003_test_125b9992,launch_shape_tensor_mma_f16acc_t064_b04_rep003_baseline_bcdd89f0,/home/bang001/gpupowermodeling/accelwattch/util/fp16_energy_impl/results/strict_fp16_launch_shape_rtx3090_20260602_115550/raw/launch_shape_tensor_mma_f16acc_t064_b04_rep003_test_125b9992/power.csv,/home/bang001/gpupowermodeling/accelwattch/util/fp16_energy_impl/results/strict_fp16_launch_shape_rtx3090_20260602_115550/raw/launch_shape_tensor_mma_f16acc_t064_b04_rep003_baseline_bcdd89f0/power.csv,/home/bang001/gpupowermodeling/accelwattch/util/fp16_energy_impl/results/strict_fp16_launch_shape_rtx3090_20260602_115550/raw/launch_shape_tensor_mma_f16acc_t064_b04_rep003_test_125b9992/sm_util.csv,/home/bang001/gpupowermodeling/accelwattch/util/fp16_energy_impl/results/strict_fp16_launch_shape_rtx3090_20260602_115550/raw/launch_shape_tensor_mma_f16acc_t064_b04_rep003_baseline_bcdd89f0/sm_util.csv
launch_shape_tensor_mma_f16acc_t064_b04,4,4,NVIDIA GeForce RTX 3090,ampere,ga102,consumer,86,82,benchmark uses warp-level HMMA mma.sync m16n8k16 pairs,False,False,tensor_core_mma_m16n16k16_f16acc,fp16-energy-bench-v2,fp16-energy-bench-v2,"nvml_timed_energy_counter,explicit_m16n16k16_denominator,strict_denominator_provenance,tensor_no_memory_warpsync_baseline","nvml_timed_energy_counter,explicit_m16n16k16_denominator,strict_denominator_provenance,tensor_no_memory_warpsync_baseline",bae1f83e791c,bae1f83e791c,tensor_mma_f16acc,tensor_baseline_mov,328,64,256.0,4,1000000,8,1.077734375,1.02931237793,171966464000000.0,0.0,0.0,171966464000000.0,85983232000000.0,85983232000000.0,257949696000000.0,343932928000000.0,20992000000.0,8192.0,8192.0,4096.0,4096.0,12288.0,16384.0,True,bench_json_metadata,True,logical_m16n16k16_input_bits_8192,ga102,"RTX 3090 FE dense FP16 Tensor Core peak, no sparsity",https://www.nvidia.com/content/dam/en-zz/Solutions/geforce/ampere/pdf/NVIDIA-ampere-GA102-GPU-Architecture-Whitepaper-V1.pdf,142.0,284.0,1024.0,1935.0,measured_avg_sm_clock_mhz,warp-level HMMA mma.sync.aligned.m16n8k16 pair -> logical m16n16k16,"dense FP16 Tensor Core HMMA normalization only; no sparsity, no WGMMA",162.47808,1005.6276466120277,98.20582486445582,True,False,159.56293868793043,nan,206.37172958468355,163.33520469199965,228.948,173.039,nvml_total_energy_counter,nvml_total_energy_counter,245.51439171050276,184.2854251256175,221.3045305275781,173.95094536286567,average_instant,average_instant,220.2775,174.9275,235.7775,190.30625,370.0,370.0,228.948,173.039,-16.566391710502756,-11.24642512561752,0.9325237449622222,0.9389727911583272,176.0319647442293,0.7688731272788113,0.23112687272118868,0.7914611416045525,True,43.0365248926839,52.91603525577071,0.3077113643260741,0.26971504314578815,nan,nan,0.3077113643260741,0.20514090955071607,0.15385568216303705,8,8,1,1,1935.0,0.0,71.0,99.875,100.0,99.0,99.0,True,True,True,pure_fp16_candidate_no_l2,launch_shape_tensor_mma_f16acc_t064_b04_rep004_test_3a8cfeb9,launch_shape_tensor_mma_f16acc_t064_b04_rep004_baseline_883f388b,/home/bang001/gpupowermodeling/accelwattch/util/fp16_energy_impl/results/strict_fp16_launch_shape_rtx3090_20260602_115550/raw/launch_shape_tensor_mma_f16acc_t064_b04_rep004_test_3a8cfeb9/power.csv,/home/bang001/gpupowermodeling/accelwattch/util/fp16_energy_impl/results/strict_fp16_launch_shape_rtx3090_20260602_115550/raw/launch_shape_tensor_mma_f16acc_t064_b04_rep004_baseline_883f388b/power.csv,/home/bang001/gpupowermodeling/accelwattch/util/fp16_energy_impl/results/strict_fp16_launch_shape_rtx3090_20260602_115550/raw/launch_shape_tensor_mma_f16acc_t064_b04_rep004_test_3a8cfeb9/sm_util.csv,/home/bang001/gpupowermodeling/accelwattch/util/fp16_energy_impl/results/strict_fp16_launch_shape_rtx3090_20260602_115550/raw/launch_shape_tensor_mma_f16acc_t064_b04_rep004_baseline_883f388b/sm_util.csv
launch_shape_tensor_mma_f16acc_t064_b04,5,5,NVIDIA GeForce RTX 3090,ampere,ga102,consumer,86,82,benchmark uses warp-level HMMA mma.sync m16n8k16 pairs,False,False,tensor_core_mma_m16n16k16_f16acc,fp16-energy-bench-v2,fp16-energy-bench-v2,"nvml_timed_energy_counter,explicit_m16n16k16_denominator,strict_denominator_provenance,tensor_no_memory_warpsync_baseline","nvml_timed_energy_counter,explicit_m16n16k16_denominator,strict_denominator_provenance,tensor_no_memory_warpsync_baseline",bae1f83e791c,bae1f83e791c,tensor_mma_f16acc,tensor_baseline_mov,328,64,256.0,4,1000000,8,1.08299975586,1.01949200439,171966464000000.0,0.0,0.0,171966464000000.0,85983232000000.0,85983232000000.0,257949696000000.0,343932928000000.0,20992000000.0,8192.0,8192.0,4096.0,4096.0,12288.0,16384.0,True,bench_json_metadata,True,logical_m16n16k16_input_bits_8192,ga102,"RTX 3090 FE dense FP16 Tensor Core peak, no sparsity",https://www.nvidia.com/content/dam/en-zz/Solutions/geforce/ampere/pdf/NVIDIA-ampere-GA102-GPU-Architecture-Whitepaper-V1.pdf,142.0,284.0,1024.0,1927.5,measured_avg_sm_clock_mhz,warp-level HMMA mma.sync.aligned.m16n8k16 pair -> logical m16n16k16,"dense FP16 Tensor Core HMMA normalization only; no sparsity, no WGMMA",161.84832,1004.6323611142828,98.10862901506667,True,False,158.78716783591796,nan,214.52734812578635,167.45852162591038,239.074,175.679,nvml_total_energy_counter,nvml_total_energy_counter,245.07241508140487,180.856701009563,219.90988274005434,172.39394450788492,average_instant,average_instant,208.234,173.50142857142856,217.561,191.4442857142857,370.0,370.0,239.074,175.679,-5.998415081404858,-5.177701009563009,0.9755239075788583,0.9713712514899339,181.35753803753747,0.7585832756282049,0.2414167243717951,0.780592885191134,True,47.06882649987597,57.716461962462546,0.33562626467950485,0.29642714295725925,nan,nan,0.33562626467950485,0.22375084311966992,0.16781313233975242,10,7,2,1,1927.5,15.0,71.0,79.6,100.0,49.0,98.0,True,True,True,pure_fp16_candidate_no_l2,launch_shape_tensor_mma_f16acc_t064_b04_rep005_test_53786dec,launch_shape_tensor_mma_f16acc_t064_b04_rep005_baseline_5f8d1e61,/home/bang001/gpupowermodeling/accelwattch/util/fp16_energy_impl/results/strict_fp16_launch_shape_rtx3090_20260602_115550/raw/launch_shape_tensor_mma_f16acc_t064_b04_rep005_test_53786dec/power.csv,/home/bang001/gpupowermodeling/accelwattch/util/fp16_energy_impl/results/strict_fp16_launch_shape_rtx3090_20260602_115550/raw/launch_shape_tensor_mma_f16acc_t064_b04_rep005_baseline_5f8d1e61/power.csv,/home/bang001/gpupowermodeling/accelwattch/util/fp16_energy_impl/results/strict_fp16_launch_shape_rtx3090_20260602_115550/raw/launch_shape_tensor_mma_f16acc_t064_b04_rep005_test_53786dec/sm_util.csv,/home/bang001/gpupowermodeling/accelwattch/util/fp16_energy_impl/results/strict_fp16_launch_shape_rtx3090_20260602_115550/raw/launch_shape_tensor_mma_f16acc_t064_b04_rep005_baseline_5f8d1e61/sm_util.csv
launch_shape_tensor_mma_f16acc_t064_b04,6,6,NVIDIA GeForce RTX 3090,ampere,ga102,consumer,86,82,benchmark uses warp-level HMMA mma.sync m16n8k16 pairs,False,False,tensor_core_mma_m16n16k16_f16acc,fp16-energy-bench-v2,fp16-energy-bench-v2,"nvml_timed_energy_counter,explicit_m16n16k16_denominator,strict_denominator_provenance,tensor_no_memory_warpsync_baseline","nvml_timed_energy_counter,explicit_m16n16k16_denominator,strict_denominator_provenance,tensor_no_memory_warpsync_baseline",bae1f83e791c,bae1f83e791c,tensor_mma_f16acc,tensor_baseline_mov,328,64,256.0,4,1000000,8,1.0825841064500001,1.01924139404,171966464000000.0,0.0,0.0,171966464000000.0,85983232000000.0,85983232000000.0,257949696000000.0,343932928000000.0,20992000000.0,8192.0,8192.0,4096.0,4096.0,12288.0,16384.0,True,bench_json_metadata,True,logical_m16n16k16_input_bits_8192,ga102,"RTX 3090 FE dense FP16 Tensor Core peak, no sparsity",https://www.nvidia.com/content/dam/en-zz/Solutions/geforce/ampere/pdf/NVIDIA-ampere-GA102-GPU-Architecture-Whitepaper-V1.pdf,142.0,284.0,1024.0,1925.625,measured_avg_sm_clock_mhz,warp-level HMMA mma.sync.aligned.m16n8k16 pair -> logical m16n16k16,"dense FP16 Tensor Core HMMA normalization only; no sparsity, no WGMMA",161.69088,1005.9966775721155,98.2418630441519,True,False,158.848132884484,nan,211.7258235262038,175.2619266570683,236.163,184.221,nvml_total_energy_counter,nvml_total_energy_counter,246.3330844789073,182.06218894083207,220.84354946814946,173.20810333878018,average_instant,average_instant,219.74875,174.03625,235.29625,190.0025,370.0,370.0,236.163,184.221,-10.170084478907285,2.158811059167931,0.9587140943717687,1.0118575475321212,189.73577626474776,0.8034102559026932,0.19658974409730676,0.8277777539751894,True,36.46389686913551,46.427223735252255,0.269978358892419,0.229551938741719,nan,nan,0.269978358892419,0.17998557259494602,0.1349891794462095,8,8,1,1,1925.625,15.0,71.0,99.75,100.0,100.0,100.0,True,True,True,pure_fp16_candidate_no_l2,launch_shape_tensor_mma_f16acc_t064_b04_rep006_test_e566007d,launch_shape_tensor_mma_f16acc_t064_b04_rep006_baseline_29bdbe84,/home/bang001/gpupowermodeling/accelwattch/util/fp16_energy_impl/results/strict_fp16_launch_shape_rtx3090_20260602_115550/raw/launch_shape_tensor_mma_f16acc_t064_b04_rep006_test_e566007d/power.csv,/home/bang001/gpupowermodeling/accelwattch/util/fp16_energy_impl/results/strict_fp16_launch_shape_rtx3090_20260602_115550/raw/launch_shape_tensor_mma_f16acc_t064_b04_rep006_baseline_29bdbe84/power.csv,/home/bang001/gpupowermodeling/accelwattch/util/fp16_energy_impl/results/strict_fp16_launch_shape_rtx3090_20260602_115550/raw/launch_shape_tensor_mma_f16acc_t064_b04_rep006_test_e566007d/sm_util.csv,/home/bang001/gpupowermodeling/accelwattch/util/fp16_energy_impl/results/strict_fp16_launch_shape_rtx3090_20260602_115550/raw/launch_shape_tensor_mma_f16acc_t064_b04_rep006_baseline_29bdbe84/sm_util.csv
launch_shape_tensor_mma_f16acc_t064_b04,7,7,NVIDIA GeForce RTX 3090,ampere,ga102,consumer,86,82,benchmark uses warp-level HMMA mma.sync m16n8k16 pairs,False,False,tensor_core_mma_m16n16k16_f16acc,fp16-energy-bench-v2,fp16-energy-bench-v2,"nvml_timed_energy_counter,explicit_m16n16k16_denominator,strict_denominator_provenance,tensor_no_memory_warpsync_baseline","nvml_timed_energy_counter,explicit_m16n16k16_denominator,strict_denominator_provenance,tensor_no_memory_warpsync_baseline",bae1f83e791c,bae1f83e791c,tensor_mma_f16acc,tensor_baseline_mov,328,64,256.0,4,1000000,8,1.08353125,1.02443933105,171966464000000.0,0.0,0.0,171966464000000.0,85983232000000.0,85983232000000.0,257949696000000.0,343932928000000.0,20992000000.0,8192.0,8192.0,4096.0,4096.0,12288.0,16384.0,True,bench_json_metadata,True,logical_m16n16k16_input_bits_8192,ga102,"RTX 3090 FE dense FP16 Tensor Core peak, no sparsity",https://www.nvidia.com/content/dam/en-zz/Solutions/geforce/ampere/pdf/NVIDIA-ampere-GA102-GPU-Architecture-Whitepaper-V1.pdf,142.0,284.0,1024.0,1923.3333333333333,measured_avg_sm_clock_mhz,warp-level HMMA mma.sync.aligned.m16n8k16 pair -> logical m16n16k16,"dense FP16 Tensor Core HMMA normalization only; no sparsity, no WGMMA",161.49845333333332,1006.3149141713762,98.27294083704847,True,False,158.70927949701496,nan,212.18173419207878,170.00455045288928,236.595,179.257,nvml_total_energy_counter,nvml_total_energy_counter,249.83556454143923,181.8887446688893,224.0560592880644,172.50045616000986,average_instant,average_instant,222.7,173.55285714285714,235.98999999999998,190.33714285714288,370.0,370.0,236.595,179.257,-13.240564541439227,-2.631744668889297,0.94700288341357,0.9855310196698529,184.20524305790718,0.7785677764023212,0.2214322235976788,0.8012214204027178,True,42.1771837391895,52.389756942092816,0.30465100999048755,0.2657512142507255,nan,nan,0.30465100999048755,0.2031006733269917,0.15232550499524378,9,7,1,1,1923.3333333333333,15.0,72.0,99.77777777777777,100.0,99.0,99.0,True,True,True,pure_fp16_candidate_no_l2,launch_shape_tensor_mma_f16acc_t064_b04_rep007_test_3b675354,launch_shape_tensor_mma_f16acc_t064_b04_rep007_baseline_93ad6fa7,/home/bang001/gpupowermodeling/accelwattch/util/fp16_energy_impl/results/strict_fp16_launch_shape_rtx3090_20260602_115550/raw/launch_shape_tensor_mma_f16acc_t064_b04_rep007_test_3b675354/power.csv,/home/bang001/gpupowermodeling/accelwattch/util/fp16_energy_impl/results/strict_fp16_launch_shape_rtx3090_20260602_115550/raw/launch_shape_tensor_mma_f16acc_t064_b04_rep007_baseline_93ad6fa7/power.csv,/home/bang001/gpupowermodeling/accelwattch/util/fp16_energy_impl/results/strict_fp16_launch_shape_rtx3090_20260602_115550/raw/launch_shape_tensor_mma_f16acc_t064_b04_rep007_test_3b675354/sm_util.csv,/home/bang001/gpupowermodeling/accelwattch/util/fp16_energy_impl/results/strict_fp16_launch_shape_rtx3090_20260602_115550/raw/launch_shape_tensor_mma_f16acc_t064_b04_rep007_baseline_93ad6fa7/sm_util.csv
launch_shape_tensor_mma_f16acc_t064_b04,8,8,NVIDIA GeForce RTX 3090,ampere,ga102,consumer,86,82,benchmark uses warp-level HMMA mma.sync m16n8k16 pairs,False,False,tensor_core_mma_m16n16k16_f16acc,fp16-energy-bench-v2,fp16-energy-bench-v2,"nvml_timed_energy_counter,explicit_m16n16k16_denominator,strict_denominator_provenance,tensor_no_memory_warpsync_baseline","nvml_timed_energy_counter,explicit_m16n16k16_denominator,strict_denominator_provenance,tensor_no_memory_warpsync_baseline",bae1f83e791c,bae1f83e791c,tensor_mma_f16acc,tensor_baseline_mov,328,64,256.0,4,1000000,8,1.08705688477,1.0241464843799999,171966464000000.0,0.0,0.0,171966464000000.0,85983232000000.0,85983232000000.0,257949696000000.0,343932928000000.0,20992000000.0,8192.0,8192.0,4096.0,4096.0,12288.0,16384.0,True,bench_json_metadata,True,logical_m16n16k16_input_bits_8192,ga102,"RTX 3090 FE dense FP16 Tensor Core peak, no sparsity",https://www.nvidia.com/content/dam/en-zz/Solutions/geforce/ampere/pdf/NVIDIA-ampere-GA102-GPU-Architecture-Whitepaper-V1.pdf,142.0,284.0,1024.0,1922.142857142857,measured_avg_sm_clock_mhz,warp-level HMMA mma.sync.aligned.m16n8k16 pair -> logical m16n16k16,"dense FP16 Tensor Core HMMA normalization only; no sparsity, no WGMMA",161.39849142857145,1003.6723867545439,98.01488151899842,True,False,158.19454014716513,nan,210.2786550954324,164.11051265284146,235.291,172.963,nvml_total_energy_counter,nvml_total_energy_counter,252.05007024700905,184.95606211331037,225.25617124433288,175.4897531360242,average_instant,average_instant,224.25428571428571,176.42625,233.70000000000002,191.2425,370.0,370.0,235.291,172.963,-16.75907024700905,-11.993062113310373,0.9335089641888012,0.9351572369335858,178.39746264240551,0.7581992623704499,0.24180073762955015,0.7804430391585009,True,46.16814244259095,56.89353735759448,0.33084088626486197,0.2918440952490628,nan,nan,0.33084088626486197,0.2205605908432413,0.16542044313243098,7,8,1,1,1922.142857142857,15.0,72.0,98.42857142857143,100.0,89.0,89.0,True,True,True,pure_fp16_candidate_no_l2,launch_shape_tensor_mma_f16acc_t064_b04_rep008_test_5bc9c464,launch_shape_tensor_mma_f16acc_t064_b04_rep008_baseline_5783d419,/home/bang001/gpupowermodeling/accelwattch/util/fp16_energy_impl/results/strict_fp16_launch_shape_rtx3090_20260602_115550/raw/launch_shape_tensor_mma_f16acc_t064_b04_rep008_test_5bc9c464/power.csv,/home/bang001/gpupowermodeling/accelwattch/util/fp16_energy_impl/results/strict_fp16_launch_shape_rtx3090_20260602_115550/raw/launch_shape_tensor_mma_f16acc_t064_b04_rep008_baseline_5783d419/power.csv,/home/bang001/gpupowermodeling/accelwattch/util/fp16_energy_impl/results/strict_fp16_launch_shape_rtx3090_20260602_115550/raw/launch_shape_tensor_mma_f16acc_t064_b04_rep008_test_5bc9c464/sm_util.csv,/home/bang001/gpupowermodeling/accelwattch/util/fp16_energy_impl/results/strict_fp16_launch_shape_rtx3090_20260602_115550/raw/launch_shape_tensor_mma_f16acc_t064_b04_rep008_baseline_5783d419/sm_util.csv
launch_shape_tensor_mma_f16acc_t064_b04,9,9,NVIDIA GeForce RTX 3090,ampere,ga102,consumer,86,82,benchmark uses warp-level HMMA mma.sync m16n8k16 pairs,False,False,tensor_core_mma_m16n16k16_f16acc,fp16-energy-bench-v2,fp16-energy-bench-v2,"nvml_timed_energy_counter,explicit_m16n16k16_denominator,strict_denominator_provenance,tensor_no_memory_warpsync_baseline","nvml_timed_energy_counter,explicit_m16n16k16_denominator,strict_denominator_provenance,tensor_no_memory_warpsync_baseline",bae1f83e791c,bae1f83e791c,tensor_mma_f16acc,tensor_baseline_mov,328,64,256.0,4,1000000,8,1.0839797363299999,1.02786828613,171966464000000.0,0.0,0.0,171966464000000.0,85983232000000.0,85983232000000.0,257949696000000.0,343932928000000.0,20992000000.0,8192.0,8192.0,4096.0,4096.0,12288.0,16384.0,True,bench_json_metadata,True,logical_m16n16k16_input_bits_8192,ga102,"RTX 3090 FE dense FP16 Tensor Core peak, no sparsity",https://www.nvidia.com/content/dam/en-zz/Solutions/geforce/ampere/pdf/NVIDIA-ampere-GA102-GPU-Architecture-Whitepaper-V1.pdf,142.0,284.0,1024.0,1923.3333333333333,measured_avg_sm_clock_mhz,warp-level HMMA mma.sync.aligned.m16n8k16 pair -> logical m16n16k16,"dense FP16 Tensor Core HMMA normalization only; no sparsity, no WGMMA",161.49845333333332,1005.8985609245814,98.23228134029114,True,False,158.64361503861878,nan,215.3262317560655,159.49639143407316,240.275,168.766,nvml_total_energy_counter,nvml_total_energy_counter,251.2570018522872,185.54493014052045,225.16792596474778,175.3537253137493,average_instant,average_instant,224.19555555555556,176.34,237.14777777777778,188.645,370.0,370.0,240.275,168.766,-10.982001852287198,-16.77893014052046,0.9562917579556909,0.9095694496863206,172.89085633229308,0.7195540790023642,0.2804459209976357,0.7407197447952382,True,55.82984032199235,67.38414366770692,0.3918446777373228,0.35191986962980915,nan,nan,0.3918446777373228,0.2612297851582152,0.1959223388686614,9,8,1,1,1923.3333333333333,15.0,72.0,99.77777777777777,100.0,99.0,99.0,True,True,True,pure_fp16_candidate_no_l2,launch_shape_tensor_mma_f16acc_t064_b04_rep009_test_f610d6b9,launch_shape_tensor_mma_f16acc_t064_b04_rep009_baseline_c621e428,/home/bang001/gpupowermodeling/accelwattch/util/fp16_energy_impl/results/strict_fp16_launch_shape_rtx3090_20260602_115550/raw/launch_shape_tensor_mma_f16acc_t064_b04_rep009_test_f610d6b9/power.csv,/home/bang001/gpupowermodeling/accelwattch/util/fp16_energy_impl/results/strict_fp16_launch_shape_rtx3090_20260602_115550/raw/launch_shape_tensor_mma_f16acc_t064_b04_rep009_baseline_c621e428/power.csv,/home/bang001/gpupowermodeling/accelwattch/util/fp16_energy_impl/results/strict_fp16_launch_shape_rtx3090_20260602_115550/raw/launch_shape_tensor_mma_f16acc_t064_b04_rep009_test_f610d6b9/sm_util.csv,/home/bang001/gpupowermodeling/accelwattch/util/fp16_energy_impl/results/strict_fp16_launch_shape_rtx3090_20260602_115550/raw/launch_shape_tensor_mma_f16acc_t064_b04_rep009_baseline_c621e428/sm_util.csv
launch_shape_tensor_mma_f16acc_t064_b08,0,0,NVIDIA GeForce RTX 3090,ampere,ga102,consumer,86,82,benchmark uses warp-level HMMA mma.sync m16n8k16 pairs,False,False,tensor_core_mma_m16n16k16_f16acc,fp16-energy-bench-v2,fp16-energy-bench-v2,"nvml_timed_energy_counter,explicit_m16n16k16_denominator,strict_denominator_provenance,tensor_no_memory_warpsync_baseline","nvml_timed_energy_counter,explicit_m16n16k16_denominator,strict_denominator_provenance,tensor_no_memory_warpsync_baseline",bae1f83e791c,bae1f83e791c,tensor_mma_f16acc,tensor_baseline_mov,656,64,512.0,8,1000000,8,1.06981433105,1.02279064941,171966464000000.0,0.0,0.0,171966464000000.0,85983232000000.0,85983232000000.0,257949696000000.0,343932928000000.0,20992000000.0,8192.0,8192.0,4096.0,4096.0,12288.0,16384.0,True,bench_json_metadata,True,logical_m16n16k16_input_bits_8192,ga102,"RTX 3090 FE dense FP16 Tensor Core peak, no sparsity",https://www.nvidia.com/content/dam/en-zz/Solutions/geforce/ampere/pdf/NVIDIA-ampere-GA102-GPU-Architecture-Whitepaper-V1.pdf,142.0,284.0,1024.0,1935.0,measured_avg_sm_clock_mhz,warp-level HMMA mma.sync.aligned.m16n8k16 pair -> logical m16n16k16,"dense FP16 Tensor Core HMMA normalization only; no sparsity, no WGMMA",162.47808,1013.072504030123,98.9328617216917,True,False,160.74421421445962,nan,913.6419304121774,183.73368906271418,231.03,193.282,nvml_total_energy_counter,nvml_total_energy_counter,57.764477361607774,201.09168812320038,228.43807560018115,191.15757131406127,average_instant,average_instant,228.19333333333336,192.09875,228.79666666666665,213.2925,370.0,370.0,231.03,193.282,173.2655226383922,-7.809688123200374,3.9995168406656503,0.961163545862643,196.56093365597624,0.8508026388606512,0.1491973611393488,0.20110032491593852,True,729.9082413494632,34.46906634402376,0.2004406297731618,4.540805682596101,nan,nan,0.2004406297731618,0.1336270865154412,0.1002203148865809,3,8,0,1,1935.0,0.0,66.0,99.33333333333333,100.0,nan,nan,True,True,True,pure_fp16_candidate_no_l2,launch_shape_tensor_mma_f16acc_t064_b08_rep000_test_cf56eccb,launch_shape_tensor_mma_f16acc_t064_b08_rep000_baseline_2dbf4355,/home/bang001/gpupowermodeling/accelwattch/util/fp16_energy_impl/results/strict_fp16_launch_shape_rtx3090_20260602_115550/raw/launch_shape_tensor_mma_f16acc_t064_b08_rep000_test_cf56eccb/power.csv,/home/bang001/gpupowermodeling/accelwattch/util/fp16_energy_impl/results/strict_fp16_launch_shape_rtx3090_20260602_115550/raw/launch_shape_tensor_mma_f16acc_t064_b08_rep000_baseline_2dbf4355/power.csv,/home/bang001/gpupowermodeling/accelwattch/util/fp16_energy_impl/results/strict_fp16_launch_shape_rtx3090_20260602_115550/raw/launch_shape_tensor_mma_f16acc_t064_b08_rep000_test_cf56eccb/sm_util.csv,/home/bang001/gpupowermodeling/accelwattch/util/fp16_energy_impl/results/strict_fp16_launch_shape_rtx3090_20260602_115550/raw/launch_shape_tensor_mma_f16acc_t064_b08_rep000_baseline_2dbf4355/sm_util.csv
launch_shape_tensor_mma_f16acc_t064_b08,1,1,NVIDIA GeForce RTX 3090,ampere,ga102,consumer,86,82,benchmark uses warp-level HMMA mma.sync m16n8k16 pairs,False,False,tensor_core_mma_m16n16k16_f16acc,fp16-energy-bench-v2,fp16-energy-bench-v2,"nvml_timed_energy_counter,explicit_m16n16k16_denominator,strict_denominator_provenance,tensor_no_memory_warpsync_baseline","nvml_timed_energy_counter,explicit_m16n16k16_denominator,strict_denominator_provenance,tensor_no_memory_warpsync_baseline",bae1f83e791c,bae1f83e791c,tensor_mma_f16acc,tensor_baseline_mov,656,64,512.0,8,1000000,8,1.0780135497999999,1.03158459473,171966464000000.0,0.0,0.0,171966464000000.0,85983232000000.0,85983232000000.0,257949696000000.0,343932928000000.0,20992000000.0,8192.0,8192.0,4096.0,4096.0,12288.0,16384.0,True,bench_json_metadata,True,logical_m16n16k16_input_bits_8192,ga102,"RTX 3090 FE dense FP16 Tensor Core peak, no sparsity",https://www.nvidia.com/content/dam/en-zz/Solutions/geforce/ampere/pdf/NVIDIA-ampere-GA102-GPU-Architecture-Whitepaper-V1.pdf,142.0,284.0,1024.0,1935.0,measured_avg_sm_clock_mhz,warp-level HMMA mma.sync.aligned.m16n8k16 pair -> logical m16n16k16,"dense FP16 Tensor Core HMMA normalization only; no sparsity, no WGMMA",162.47808,1005.3672176988944,98.18039235340764,True,False,159.52161643228357,nan,209.02977090584173,204.83638685275665,233.171,218.383,nvml_total_energy_counter,nvml_total_energy_counter,259.2031459682706,208.85675219062585,232.36669319864413,195.90106596451815,average_instant,average_instant,232.07999999999998,197.09,232.97444444444443,217.20875,370.0,370.0,233.171,218.383,-26.032145968270584,9.526247809374155,0.8995685570442219,1.045611394936753,220.81640051934622,0.947014853988473,0.052985146011527054,0.9799388190738916,True,4.193384053085083,12.354599480653775,0.07184307447674086,0.026287246499067177,nan,nan,0.07184307447674086,0.0478953829844939,0.03592153723837043,9,8,1,1,1935.0,0.0,69.0,99.88888888888889,100.0,100.0,100.0,True,True,True,pure_fp16_candidate_no_l2,launch_shape_tensor_mma_f16acc_t064_b08_rep001_test_4a58f422,launch_shape_tensor_mma_f16acc_t064_b08_rep001_baseline_63bb1a53,/home/bang001/gpupowermodeling/accelwattch/util/fp16_energy_impl/results/strict_fp16_launch_shape_rtx3090_20260602_115550/raw/launch_shape_tensor_mma_f16acc_t064_b08_rep001_test_4a58f422/power.csv,/home/bang001/gpupowermodeling/accelwattch/util/fp16_energy_impl/results/strict_fp16_launch_shape_rtx3090_20260602_115550/raw/launch_shape_tensor_mma_f16acc_t064_b08_rep001_baseline_63bb1a53/power.csv,/home/bang001/gpupowermodeling/accelwattch/util/fp16_energy_impl/results/strict_fp16_launch_shape_rtx3090_20260602_115550/raw/launch_shape_tensor_mma_f16acc_t064_b08_rep001_test_4a58f422/sm_util.csv,/home/bang001/gpupowermodeling/accelwattch/util/fp16_energy_impl/results/strict_fp16_launch_shape_rtx3090_20260602_115550/raw/launch_shape_tensor_mma_f16acc_t064_b08_rep001_baseline_63bb1a53/sm_util.csv
launch_shape_tensor_mma_f16acc_t064_b08,2,2,NVIDIA GeForce RTX 3090,ampere,ga102,consumer,86,82,benchmark uses warp-level HMMA mma.sync m16n8k16 pairs,False,False,tensor_core_mma_m16n16k16_f16acc,fp16-energy-bench-v2,fp16-energy-bench-v2,"nvml_timed_energy_counter,explicit_m16n16k16_denominator,strict_denominator_provenance,tensor_no_memory_warpsync_baseline","nvml_timed_energy_counter,explicit_m16n16k16_denominator,strict_denominator_provenance,tensor_no_memory_warpsync_baseline",bae1f83e791c,bae1f83e791c,tensor_mma_f16acc,tensor_baseline_mov,656,64,512.0,8,1000000,8,1.0779357910199998,1.03202185059,171966464000000.0,0.0,0.0,171966464000000.0,85983232000000.0,85983232000000.0,257949696000000.0,343932928000000.0,20992000000.0,8192.0,8192.0,4096.0,4096.0,12288.0,16384.0,True,bench_json_metadata,True,logical_m16n16k16_input_bits_8192,ga102,"RTX 3090 FE dense FP16 Tensor Core peak, no sparsity",https://www.nvidia.com/content/dam/en-zz/Solutions/geforce/ampere/pdf/NVIDIA-ampere-GA102-GPU-Architecture-Whitepaper-V1.pdf,142.0,284.0,1024.0,1935.0,measured_avg_sm_clock_mhz,warp-level HMMA mma.sync.aligned.m16n8k16 pair -> logical m16n16k16,"dense FP16 Tensor Core HMMA normalization only; no sparsity, no WGMMA",162.47808,1005.4397416181774,98.18747476740015,True,False,159.53312380255622,nan,216.00037403865576,189.34958284979297,236.213,198.139,nvml_total_energy_counter,nvml_total_energy_counter,255.77240496687733,207.09108376770553,233.88609069615998,197.9045534868278,average_instant,average_instant,233.61222222222224,198.8775,235.0977777777778,218.975,370.0,370.0,236.213,198.139,-19.559404966877338,-8.952083767705517,0.9235280875221458,0.9567722395149224,204.10669236849859,0.8640789980589493,0.1359210019410507,0.8766169211165656,True,26.650791188862797,32.10630763150141,0.18670098160244436,0.16705490717931876,nan,nan,0.18670098160244436,0.12446732106829624,0.09335049080122218,9,8,1,1,1935.0,0.0,70.0,99.77777777777777,100.0,100.0,100.0,True,True,True,pure_fp16_candidate_no_l2,launch_shape_tensor_mma_f16acc_t064_b08_rep002_test_19d40be9,launch_shape_tensor_mma_f16acc_t064_b08_rep002_baseline_88670143,/home/bang001/gpupowermodeling/accelwattch/util/fp16_energy_impl/results/strict_fp16_launch_shape_rtx3090_20260602_115550/raw/launch_shape_tensor_mma_f16acc_t064_b08_rep002_test_19d40be9/power.csv,/home/bang001/gpupowermodeling/accelwattch/util/fp16_energy_impl/results/strict_fp16_launch_shape_rtx3090_20260602_115550/raw/launch_shape_tensor_mma_f16acc_t064_b08_rep002_baseline_88670143/power.csv,/home/bang001/gpupowermodeling/accelwattch/util/fp16_energy_impl/results/strict_fp16_launch_shape_rtx3090_20260602_115550/raw/launch_shape_tensor_mma_f16acc_t064_b08_rep002_test_19d40be9/sm_util.csv,/home/bang001/gpupowermodeling/accelwattch/util/fp16_energy_impl/results/strict_fp16_launch_shape_rtx3090_20260602_115550/raw/launch_shape_tensor_mma_f16acc_t064_b08_rep002_baseline_88670143/sm_util.csv
launch_shape_tensor_mma_f16acc_t064_b08,3,3,NVIDIA GeForce RTX 3090,ampere,ga102,consumer,86,82,benchmark uses warp-level HMMA mma.sync m16n8k16 pairs,False,False,tensor_core_mma_m16n16k16_f16acc,fp16-energy-bench-v2,fp16-energy-bench-v2,"nvml_timed_energy_counter,explicit_m16n16k16_denominator,strict_denominator_provenance,tensor_no_memory_warpsync_baseline","nvml_timed_energy_counter,explicit_m16n16k16_denominator,strict_denominator_provenance,tensor_no_memory_warpsync_baseline",bae1f83e791c,bae1f83e791c,tensor_mma_f16acc,tensor_baseline_mov,656,64,512.0,8,1000000,8,1.07810266113,1.0316298828100001,171966464000000.0,0.0,0.0,171966464000000.0,85983232000000.0,85983232000000.0,257949696000000.0,343932928000000.0,20992000000.0,8192.0,8192.0,4096.0,4096.0,12288.0,16384.0,True,bench_json_metadata,True,logical_m16n16k16_input_bits_8192,ga102,"RTX 3090 FE dense FP16 Tensor Core peak, no sparsity",https://www.nvidia.com/content/dam/en-zz/Solutions/geforce/ampere/pdf/NVIDIA-ampere-GA102-GPU-Architecture-Whitepaper-V1.pdf,142.0,284.0,1024.0,1935.0,measured_avg_sm_clock_mhz,warp-level HMMA mma.sync.aligned.m16n8k16 pair -> logical m16n16k16,"dense FP16 Tensor Core HMMA normalization only; no sparsity, no WGMMA",162.47808,1005.2841183678773,98.17227718436301,True,False,159.50843106143108,nan,215.87638442812698,205.26621051138656,239.509,217.837,nvml_total_energy_counter,nvml_total_energy_counter,261.6182638874943,211.18679586331797,235.80410301239579,198.99977183355008,average_instant,average_instant,236.21444444444444,200.2,236.42999999999998,220.14875,370.0,370.0,239.509,217.837,-22.109263887494336,6.650204136682021,0.9154903653935944,1.031489677702133,221.29804779239663,0.9239654785097706,0.07603452149022942,0.9508506965926469,True,10.610173916740422,18.210952207603356,0.10589827681520134,0.0665179504690517,nan,nan,0.10589827681520134,0.07059885121013422,0.05294913840760067,9,8,1,1,1935.0,0.0,71.0,99.77777777777777,100.0,100.0,100.0,True,True,True,pure_fp16_candidate_no_l2,launch_shape_tensor_mma_f16acc_t064_b08_rep003_test_551008e1,launch_shape_tensor_mma_f16acc_t064_b08_rep003_baseline_6805c7e1,/home/bang001/gpupowermodeling/accelwattch/util/fp16_energy_impl/results/strict_fp16_launch_shape_rtx3090_20260602_115550/raw/launch_shape_tensor_mma_f16acc_t064_b08_rep003_test_551008e1/power.csv,/home/bang001/gpupowermodeling/accelwattch/util/fp16_energy_impl/results/strict_fp16_launch_shape_rtx3090_20260602_115550/raw/launch_shape_tensor_mma_f16acc_t064_b08_rep003_baseline_6805c7e1/power.csv,/home/bang001/gpupowermodeling/accelwattch/util/fp16_energy_impl/results/strict_fp16_launch_shape_rtx3090_20260602_115550/raw/launch_shape_tensor_mma_f16acc_t064_b08_rep003_test_551008e1/sm_util.csv,/home/bang001/gpupowermodeling/accelwattch/util/fp16_energy_impl/results/strict_fp16_launch_shape_rtx3090_20260602_115550/raw/launch_shape_tensor_mma_f16acc_t064_b08_rep003_baseline_6805c7e1/sm_util.csv
launch_shape_tensor_mma_f16acc_t064_b08,4,4,NVIDIA GeForce RTX 3090,ampere,ga102,consumer,86,82,benchmark uses warp-level HMMA mma.sync m16n8k16 pairs,False,False,tensor_core_mma_m16n16k16_f16acc,fp16-energy-bench-v2,fp16-energy-bench-v2,"nvml_timed_energy_counter,explicit_m16n16k16_denominator,strict_denominator_provenance,tensor_no_memory_warpsync_baseline","nvml_timed_energy_counter,explicit_m16n16k16_denominator,strict_denominator_provenance,tensor_no_memory_warpsync_baseline",bae1f83e791c,bae1f83e791c,tensor_mma_f16acc,tensor_baseline_mov,656,64,512.0,8,1000000,8,1.0803026123,1.0296166992200002,171966464000000.0,0.0,0.0,171966464000000.0,85983232000000.0,85983232000000.0,257949696000000.0,343932928000000.0,20992000000.0,8192.0,8192.0,4096.0,4096.0,12288.0,16384.0,True,bench_json_metadata,True,logical_m16n16k16_input_bits_8192,ga102,"RTX 3090 FE dense FP16 Tensor Core peak, no sparsity",https://www.nvidia.com/content/dam/en-zz/Solutions/geforce/ampere/pdf/NVIDIA-ampere-GA102-GPU-Architecture-Whitepaper-V1.pdf,142.0,284.0,1024.0,1929.375,measured_avg_sm_clock_mhz,warp-level HMMA mma.sync.aligned.m16n8k16 pair -> logical m16n16k16,"dense FP16 Tensor Core HMMA normalization only; no sparsity, no WGMMA",162.00576,1006.1618254788048,98.25799076941452,True,False,159.18360470671985,nan,212.49718878512212,205.9946499369565,236.266,218.293,nvml_total_energy_counter,nvml_total_energy_counter,262.9407363233918,211.06545716876533,236.48839564647812,199.17429767909874,average_instant,average_instant,236.46375,200.405,236.4625,220.78,370.0,370.0,236.266,218.293,-26.674736323391784,7.227542831234672,0.8985522871184767,1.0342431344673118,222.53655844671812,0.9418898971782572,0.058110102821742754,0.9693994123623866,True,6.502538848165614,13.729441553281873,0.07983790114613204,0.040849300153404,nan,nan,0.07983790114613204,0.05322526743075469,0.03991895057306602,8,8,1,1,1929.375,15.0,71.0,99.875,100.0,100.0,100.0,True,True,True,pure_fp16_candidate_no_l2,launch_shape_tensor_mma_f16acc_t064_b08_rep004_test_802950f4,launch_shape_tensor_mma_f16acc_t064_b08_rep004_baseline_56dfc9e8,/home/bang001/gpupowermodeling/accelwattch/util/fp16_energy_impl/results/strict_fp16_launch_shape_rtx3090_20260602_115550/raw/launch_shape_tensor_mma_f16acc_t064_b08_rep004_test_802950f4/power.csv,/home/bang001/gpupowermodeling/accelwattch/util/fp16_energy_impl/results/strict_fp16_launch_shape_rtx3090_20260602_115550/raw/launch_shape_tensor_mma_f16acc_t064_b08_rep004_baseline_56dfc9e8/power.csv,/home/bang001/gpupowermodeling/accelwattch/util/fp16_energy_impl/results/strict_fp16_launch_shape_rtx3090_20260602_115550/raw/launch_shape_tensor_mma_f16acc_t064_b08_rep004_test_802950f4/sm_util.csv,/home/bang001/gpupowermodeling/accelwattch/util/fp16_energy_impl/results/strict_fp16_launch_shape_rtx3090_20260602_115550/raw/launch_shape_tensor_mma_f16acc_t064_b08_rep004_baseline_56dfc9e8/sm_util.csv
launch_shape_tensor_mma_f16acc_t064_b08,5,5,NVIDIA GeForce RTX 3090,ampere,ga102,consumer,86,82,benchmark uses warp-level HMMA mma.sync m16n8k16 pairs,False,False,tensor_core_mma_m16n16k16_f16acc,fp16-energy-bench-v2,fp16-energy-bench-v2,"nvml_timed_energy_counter,explicit_m16n16k16_denominator,strict_denominator_provenance,tensor_no_memory_warpsync_baseline","nvml_timed_energy_counter,explicit_m16n16k16_denominator,strict_denominator_provenance,tensor_no_memory_warpsync_baseline",bae1f83e791c,bae1f83e791c,tensor_mma_f16acc,tensor_baseline_mov,656,64,512.0,8,1000000,8,1.08578820801,1.0379884033200002,171966464000000.0,0.0,0.0,171966464000000.0,85983232000000.0,85983232000000.0,257949696000000.0,343932928000000.0,20992000000.0,8192.0,8192.0,4096.0,4096.0,12288.0,16384.0,True,bench_json_metadata,True,logical_m16n16k16_input_bits_8192,ga102,"RTX 3090 FE dense FP16 Tensor Core peak, no sparsity",https://www.nvidia.com/content/dam/en-zz/Solutions/geforce/ampere/pdf/NVIDIA-ampere-GA102-GPU-Architecture-Whitepaper-V1.pdf,142.0,284.0,1024.0,1920.0,measured_avg_sm_clock_mhz,warp-level HMMA mma.sync.aligned.m16n8k16 pair -> logical m16n16k16,"dense FP16 Tensor Core HMMA normalization only; no sparsity, no WGMMA",161.21856,1005.9665951507616,98.23892530769156,True,False,158.3793807405359,nan,212.97233390157757,189.87904647814764,237.967,202.806,nvml_total_energy_counter,nvml_total_energy_counter,263.14550224726815,211.72165378469683,235.5062330882161,198.22641213482208,average_instant,average_instant,235.16,199.3175,236.4377777777778,220.32125,370.0,370.0,237.967,202.806,-25.178502247268142,-8.915653784696815,0.9043171856169184,0.9578897404902982,206.16842961415546,0.8663740334338603,0.13362596656613965,0.8915667260607559,True,23.093287423429928,31.798570385844556,0.18491146265497765,0.14580993634052888,nan,nan,0.18491146265497765,0.12327430843665174,0.09245573132748883,9,8,1,1,1920.0,0.0,72.0,99.88888888888889,100.0,100.0,100.0,True,True,True,pure_fp16_candidate_no_l2,launch_shape_tensor_mma_f16acc_t064_b08_rep005_test_1fd1327a,launch_shape_tensor_mma_f16acc_t064_b08_rep005_baseline_8e045d93,/home/bang001/gpupowermodeling/accelwattch/util/fp16_energy_impl/results/strict_fp16_launch_shape_rtx3090_20260602_115550/raw/launch_shape_tensor_mma_f16acc_t064_b08_rep005_test_1fd1327a/power.csv,/home/bang001/gpupowermodeling/accelwattch/util/fp16_energy_impl/results/strict_fp16_launch_shape_rtx3090_20260602_115550/raw/launch_shape_tensor_mma_f16acc_t064_b08_rep005_baseline_8e045d93/power.csv,/home/bang001/gpupowermodeling/accelwattch/util/fp16_energy_impl/results/strict_fp16_launch_shape_rtx3090_20260602_115550/raw/launch_shape_tensor_mma_f16acc_t064_b08_rep005_test_1fd1327a/sm_util.csv,/home/bang001/gpupowermodeling/accelwattch/util/fp16_energy_impl/results/strict_fp16_launch_shape_rtx3090_20260602_115550/raw/launch_shape_tensor_mma_f16acc_t064_b08_rep005_baseline_8e045d93/sm_util.csv
launch_shape_tensor_mma_f16acc_t064_b08,6,6,NVIDIA GeForce RTX 3090,ampere,ga102,consumer,86,82,benchmark uses warp-level HMMA mma.sync m16n8k16 pairs,False,False,tensor_core_mma_m16n16k16_f16acc,fp16-energy-bench-v2,fp16-energy-bench-v2,"nvml_timed_energy_counter,explicit_m16n16k16_denominator,strict_denominator_provenance,tensor_no_memory_warpsync_baseline","nvml_timed_energy_counter,explicit_m16n16k16_denominator,strict_denominator_provenance,tensor_no_memory_warpsync_baseline",bae1f83e791c,bae1f83e791c,tensor_mma_f16acc,tensor_baseline_mov,656,64,512.0,8,1000000,8,1.0858823242200002,1.03105847168,171966464000000.0,0.0,0.0,171966464000000.0,85983232000000.0,85983232000000.0,257949696000000.0,343932928000000.0,20992000000.0,8192.0,8192.0,4096.0,4096.0,12288.0,16384.0,True,bench_json_metadata,True,logical_m16n16k16_input_bits_8192,ga102,"RTX 3090 FE dense FP16 Tensor Core peak, no sparsity",https://www.nvidia.com/content/dam/en-zz/Solutions/geforce/ampere/pdf/NVIDIA-ampere-GA102-GPU-Architecture-Whitepaper-V1.pdf,142.0,284.0,1024.0,1920.0,measured_avg_sm_clock_mhz,warp-level HMMA mma.sync.aligned.m16n8k16 pair -> logical m16n16k16,"dense FP16 Tensor Core HMMA normalization only; no sparsity, no WGMMA",161.21856,1005.879405442254,98.23041068772011,True,False,158.36565359282847,nan,210.75872319839888,190.90287913509974,235.543,202.582,nvml_total_energy_counter,nvml_total_energy_counter,263.45842755529316,199.08295900005533,235.73683704211737,187.60556248751408,average_instant,average_instant,235.60888888888888,187.68875,236.23999999999998,220.7325,370.0,370.0,235.543,202.582,-27.91542755529315,3.4990409999446683,0.8940423815084282,1.0175757936164878,207.29806209551188,0.8800858530948145,0.11991414690518556,0.9057887438205453,True,19.855844063299145,28.244937904488125,0.16424677956097375,0.12537973741673938,nan,nan,0.16424677956097375,0.10949785304064916,0.08212338978048687,9,8,1,1,1920.0,0.0,72.0,99.66666666666667,100.0,100.0,100.0,True,True,True,pure_fp16_candidate_no_l2,launch_shape_tensor_mma_f16acc_t064_b08_rep006_test_c8c9c43f,launch_shape_tensor_mma_f16acc_t064_b08_rep006_baseline_f8d1061c,/home/bang001/gpupowermodeling/accelwattch/util/fp16_energy_impl/results/strict_fp16_launch_shape_rtx3090_20260602_115550/raw/launch_shape_tensor_mma_f16acc_t064_b08_rep006_test_c8c9c43f/power.csv,/home/bang001/gpupowermodeling/accelwattch/util/fp16_energy_impl/results/strict_fp16_launch_shape_rtx3090_20260602_115550/raw/launch_shape_tensor_mma_f16acc_t064_b08_rep006_baseline_f8d1061c/power.csv,/home/bang001/gpupowermodeling/accelwattch/util/fp16_energy_impl/results/strict_fp16_launch_shape_rtx3090_20260602_115550/raw/launch_shape_tensor_mma_f16acc_t064_b08_rep006_test_c8c9c43f/sm_util.csv,/home/bang001/gpupowermodeling/accelwattch/util/fp16_energy_impl/results/strict_fp16_launch_shape_rtx3090_20260602_115550/raw/launch_shape_tensor_mma_f16acc_t064_b08_rep006_baseline_f8d1061c/sm_util.csv
launch_shape_tensor_mma_f16acc_t064_b08,7,7,NVIDIA GeForce RTX 3090,ampere,ga102,consumer,86,82,benchmark uses warp-level HMMA mma.sync m16n8k16 pairs,False,False,tensor_core_mma_m16n16k16_f16acc,fp16-energy-bench-v2,fp16-energy-bench-v2,"nvml_timed_energy_counter,explicit_m16n16k16_denominator,strict_denominator_provenance,tensor_no_memory_warpsync_baseline","nvml_timed_energy_counter,explicit_m16n16k16_denominator,strict_denominator_provenance,tensor_no_memory_warpsync_baseline",bae1f83e791c,bae1f83e791c,tensor_mma_f16acc,tensor_baseline_mov,656,64,512.0,8,1000000,8,1.08687768555,1.0308615722699999,171966464000000.0,0.0,0.0,171966464000000.0,85983232000000.0,85983232000000.0,257949696000000.0,343932928000000.0,20992000000.0,8192.0,8192.0,4096.0,4096.0,12288.0,16384.0,True,bench_json_metadata,True,logical_m16n16k16_input_bits_8192,ga102,"RTX 3090 FE dense FP16 Tensor Core peak, no sparsity",https://www.nvidia.com/content/dam/en-zz/Solutions/geforce/ampere/pdf/NVIDIA-ampere-GA102-GPU-Architecture-Whitepaper-V1.pdf,142.0,284.0,1024.0,1920.0,measured_avg_sm_clock_mhz,warp-level HMMA mma.sync.aligned.m16n8k16 pair -> logical m16n16k16,"dense FP16 Tensor Core HMMA normalization only; no sparsity, no WGMMA",161.21856,1004.9582222436923,98.14045139098556,True,False,158.2206225100469,nan,205.93026573735582,189.47741230720732,232.433,200.993,nvml_total_energy_counter,nvml_total_energy_counter,265.8676939601237,198.48293867800052,235.5526318043749,187.11116112420657,average_instant,average_instant,235.44222222222223,186.92374999999998,235.93333333333334,221.235,370.0,370.0,232.433,200.993,-33.434693960123695,2.5100613219994727,0.8742431114434746,1.0126462321583798,205.93877135246058,0.8860134806695288,0.11398651933047121,0.9201047336522523,True,16.452853430148508,26.494228647539416,0.15406625240337218,0.10398678231153947,nan,nan,0.15406625240337218,0.10271083493558145,0.07703312620168609,9,8,1,1,1920.0,0.0,72.0,99.77777777777777,100.0,100.0,100.0,True,True,True,pure_fp16_candidate_no_l2,launch_shape_tensor_mma_f16acc_t064_b08_rep007_test_e6dee22e,launch_shape_tensor_mma_f16acc_t064_b08_rep007_baseline_7f98a5b7,/home/bang001/gpupowermodeling/accelwattch/util/fp16_energy_impl/results/strict_fp16_launch_shape_rtx3090_20260602_115550/raw/launch_shape_tensor_mma_f16acc_t064_b08_rep007_test_e6dee22e/power.csv,/home/bang001/gpupowermodeling/accelwattch/util/fp16_energy_impl/results/strict_fp16_launch_shape_rtx3090_20260602_115550/raw/launch_shape_tensor_mma_f16acc_t064_b08_rep007_baseline_7f98a5b7/power.csv,/home/bang001/gpupowermodeling/accelwattch/util/fp16_energy_impl/results/strict_fp16_launch_shape_rtx3090_20260602_115550/raw/launch_shape_tensor_mma_f16acc_t064_b08_rep007_test_e6dee22e/sm_util.csv,/home/bang001/gpupowermodeling/accelwattch/util/fp16_energy_impl/results/strict_fp16_launch_shape_rtx3090_20260602_115550/raw/launch_shape_tensor_mma_f16acc_t064_b08_rep007_baseline_7f98a5b7/sm_util.csv
launch_shape_tensor_mma_f16acc_t064_b08,8,8,NVIDIA GeForce RTX 3090,ampere,ga102,consumer,86,82,benchmark uses warp-level HMMA mma.sync m16n8k16 pairs,False,False,tensor_core_mma_m16n16k16_f16acc,fp16-energy-bench-v2,fp16-energy-bench-v2,"nvml_timed_energy_counter,explicit_m16n16k16_denominator,strict_denominator_provenance,tensor_no_memory_warpsync_baseline","nvml_timed_energy_counter,explicit_m16n16k16_denominator,strict_denominator_provenance,tensor_no_memory_warpsync_baseline",bae1f83e791c,bae1f83e791c,tensor_mma_f16acc,tensor_baseline_mov,656,64,512.0,8,1000000,8,1.08711523438,1.03048095703,171966464000000.0,0.0,0.0,171966464000000.0,85983232000000.0,85983232000000.0,257949696000000.0,343932928000000.0,20992000000.0,8192.0,8192.0,4096.0,4096.0,12288.0,16384.0,True,bench_json_metadata,True,logical_m16n16k16_input_bits_8192,ga102,"RTX 3090 FE dense FP16 Tensor Core peak, no sparsity",https://www.nvidia.com/content/dam/en-zz/Solutions/geforce/ampere/pdf/NVIDIA-ampere-GA102-GPU-Architecture-Whitepaper-V1.pdf,142.0,284.0,1024.0,1920.0,measured_avg_sm_clock_mhz,warp-level HMMA mma.sync.aligned.m16n8k16 pair -> logical m16n16k16,"dense FP16 Tensor Core HMMA normalization only; no sparsity, no WGMMA",161.21856,1004.7386257903053,98.11900642483448,True,False,158.18604924442565,nan,211.04226830502034,207.32241880693837,235.893,219.874,nvml_total_energy_counter,nvml_total_energy_counter,263.6551869854195,199.9430639190655,235.87977901755121,188.52924691128078,average_instant,average_instant,235.57444444444445,188.685,236.69444444444446,222.305,370.0,370.0,235.893,219.874,-27.762186985419504,19.930936080934487,0.89470267092847,1.099683058218025,225.3833599135333,0.9554474270687697,0.04455257293123027,0.9823739124491135,True,3.7198494980819703,10.509640086466703,0.06111447454351741,0.023515660931224976,nan,nan,0.06111447454351741,0.04074298302901161,0.030557237271758703,9,8,1,1,1920.0,0.0,72.0,99.77777777777777,100.0,100.0,100.0,True,True,True,pure_fp16_candidate_no_l2,launch_shape_tensor_mma_f16acc_t064_b08_rep008_test_f0ee5ea9,launch_shape_tensor_mma_f16acc_t064_b08_rep008_baseline_633bda99,/home/bang001/gpupowermodeling/accelwattch/util/fp16_energy_impl/results/strict_fp16_launch_shape_rtx3090_20260602_115550/raw/launch_shape_tensor_mma_f16acc_t064_b08_rep008_test_f0ee5ea9/power.csv,/home/bang001/gpupowermodeling/accelwattch/util/fp16_energy_impl/results/strict_fp16_launch_shape_rtx3090_20260602_115550/raw/launch_shape_tensor_mma_f16acc_t064_b08_rep008_baseline_633bda99/power.csv,/home/bang001/gpupowermodeling/accelwattch/util/fp16_energy_impl/results/strict_fp16_launch_shape_rtx3090_20260602_115550/raw/launch_shape_tensor_mma_f16acc_t064_b08_rep008_test_f0ee5ea9/sm_util.csv,/home/bang001/gpupowermodeling/accelwattch/util/fp16_energy_impl/results/strict_fp16_launch_shape_rtx3090_20260602_115550/raw/launch_shape_tensor_mma_f16acc_t064_b08_rep008_baseline_633bda99/sm_util.csv
launch_shape_tensor_mma_f16acc_t064_b08,9,9,NVIDIA GeForce RTX 3090,ampere,ga102,consumer,86,82,benchmark uses warp-level HMMA mma.sync m16n8k16 pairs,False,False,tensor_core_mma_m16n16k16_f16acc,fp16-energy-bench-v2,fp16-energy-bench-v2,"nvml_timed_energy_counter,explicit_m16n16k16_denominator,strict_denominator_provenance,tensor_no_memory_warpsync_baseline","nvml_timed_energy_counter,explicit_m16n16k16_denominator,strict_denominator_provenance,tensor_no_memory_warpsync_baseline",bae1f83e791c,bae1f83e791c,tensor_mma_f16acc,tensor_baseline_mov,656,64,512.0,8,1000000,8,1.08573999023,1.0438000488299999,171966464000000.0,0.0,0.0,171966464000000.0,85983232000000.0,85983232000000.0,257949696000000.0,343932928000000.0,20992000000.0,8192.0,8192.0,4096.0,4096.0,12288.0,16384.0,True,bench_json_metadata,True,logical_m16n16k16_input_bits_8192,ga102,"RTX 3090 FE dense FP16 Tensor Core peak, no sparsity",https://www.nvidia.com/content/dam/en-zz/Solutions/geforce/ampere/pdf/NVIDIA-ampere-GA102-GPU-Architecture-Whitepaper-V1.pdf,142.0,284.0,1024.0,1920.0,measured_avg_sm_clock_mhz,warp-level HMMA mma.sync.aligned.m16n8k16 pair -> logical m16n16k16,"dense FP16 Tensor Core HMMA normalization only; no sparsity, no WGMMA",161.21856,1006.011270189361,98.2432881044298,True,False,158.386414378613,nan,1114.1334000114846,207.30015381702128,234.302,222.735,nvml_total_energy_counter,nvml_total_energy_counter,49.36138772498226,214.79749787020913,234.71916900120206,199.91269601995938,average_instant,average_instant,235.425,201.1825,237.3075,220.315,370.0,370.0,234.302,222.735,184.94061227501774,7.937502129790886,4.746665578071209,1.0369534198884713,225.07406697997018,0.960615218734668,0.039384781265331965,0.1860640330995233,True,906.8332461944633,9.227933020029809,0.053661236065363355,5.725448421521394,nan,nan,0.053661236065363355,0.0357741573769089,0.026830618032681677,4,8,0,1,1920.0,0.0,72.0,99.75,100.0,nan,nan,True,True,True,pure_fp16_candidate_no_l2,launch_shape_tensor_mma_f16acc_t064_b08_rep009_test_b09b3594,launch_shape_tensor_mma_f16acc_t064_b08_rep009_baseline_ec9fc785,/home/bang001/gpupowermodeling/accelwattch/util/fp16_energy_impl/results/strict_fp16_launch_shape_rtx3090_20260602_115550/raw/launch_shape_tensor_mma_f16acc_t064_b08_rep009_test_b09b3594/power.csv,/home/bang001/gpupowermodeling/accelwattch/util/fp16_energy_impl/results/strict_fp16_launch_shape_rtx3090_20260602_115550/raw/launch_shape_tensor_mma_f16acc_t064_b08_rep009_baseline_ec9fc785/power.csv,/home/bang001/gpupowermodeling/accelwattch/util/fp16_energy_impl/results/strict_fp16_launch_shape_rtx3090_20260602_115550/raw/launch_shape_tensor_mma_f16acc_t064_b08_rep009_test_b09b3594/sm_util.csv,/home/bang001/gpupowermodeling/accelwattch/util/fp16_energy_impl/results/strict_fp16_launch_shape_rtx3090_20260602_115550/raw/launch_shape_tensor_mma_f16acc_t064_b08_rep009_baseline_ec9fc785/sm_util.csv
launch_shape_tensor_mma_f16acc_t128_b01,0,0,NVIDIA GeForce RTX 3090,ampere,ga102,consumer,86,82,benchmark uses warp-level HMMA mma.sync m16n8k16 pairs,False,False,tensor_core_mma_m16n16k16_f16acc,fp16-energy-bench-v2,fp16-energy-bench-v2,"nvml_timed_energy_counter,explicit_m16n16k16_denominator,strict_denominator_provenance,tensor_no_memory_warpsync_baseline","nvml_timed_energy_counter,explicit_m16n16k16_denominator,strict_denominator_provenance,tensor_no_memory_warpsync_baseline",bae1f83e791c,bae1f83e791c,tensor_mma_f16acc,tensor_baseline_mov,82,128,128.0,1,1000000,8,1.11001086426,1.03001086426,171966464000000.0,0.0,0.0,171966464000000.0,85983232000000.0,85983232000000.0,257949696000000.0,343932928000000.0,20992000000.0,8192.0,8192.0,4096.0,4096.0,12288.0,16384.0,True,bench_json_metadata,True,logical_m16n16k16_input_bits_8192,ga102,"RTX 3090 FE dense FP16 Tensor Core peak, no sparsity",https://www.nvidia.com/content/dam/en-zz/Solutions/geforce/ampere/pdf/NVIDIA-ampere-GA102-GPU-Architecture-Whitepaper-V1.pdf,142.0,284.0,1024.0,1935.0,measured_avg_sm_clock_mhz,warp-level HMMA mma.sync.aligned.m16n8k16 pair -> logical m16n16k16,"dense FP16 Tensor Core HMMA normalization only; no sparsity, no WGMMA",162.47808,976.3863743141472,95.35023186661594,True,False,154.92322601242574,nan,212.77866081509816,145.99828060821943,242.936,154.62,nvml_total_energy_counter,nvml_total_energy_counter,227.03067304078914,167.725280542276,198.84777296724045,158.3728015373402,average_instant,average_instant,198.16111111111113,158.6825,224.6988888888889,174.06625,370.0,370.0,242.936,154.62,15.905326959210868,-13.105280542276006,1.0700580531528145,0.9218646080071826,162.05967763840366,0.6670879476010293,0.3329120523989707,0.6861509516458983,True,66.78038020687873,80.87632236159635,0.4703028746441885,0.4310546709214702,nan,nan,0.4703028746441885,0.3135352497627923,0.23515143732209426,9,8,1,1,1935.0,0.0,65.0,99.55555555555556,100.0,100.0,100.0,True,True,True,pure_fp16_candidate_no_l2,launch_shape_tensor_mma_f16acc_t128_b01_rep000_test_495ceb39,launch_shape_tensor_mma_f16acc_t128_b01_rep000_baseline_e00506ee,/home/bang001/gpupowermodeling/accelwattch/util/fp16_energy_impl/results/strict_fp16_launch_shape_rtx3090_20260602_115550/raw/launch_shape_tensor_mma_f16acc_t128_b01_rep000_test_495ceb39/power.csv,/home/bang001/gpupowermodeling/accelwattch/util/fp16_energy_impl/results/strict_fp16_launch_shape_rtx3090_20260602_115550/raw/launch_shape_tensor_mma_f16acc_t128_b01_rep000_baseline_e00506ee/power.csv,/home/bang001/gpupowermodeling/accelwattch/util/fp16_energy_impl/results/strict_fp16_launch_shape_rtx3090_20260602_115550/raw/launch_shape_tensor_mma_f16acc_t128_b01_rep000_test_495ceb39/sm_util.csv,/home/bang001/gpupowermodeling/accelwattch/util/fp16_energy_impl/results/strict_fp16_launch_shape_rtx3090_20260602_115550/raw/launch_shape_tensor_mma_f16acc_t128_b01_rep000_baseline_e00506ee/sm_util.csv
launch_shape_tensor_mma_f16acc_t128_b01,1,1,NVIDIA GeForce RTX 3090,ampere,ga102,consumer,86,82,benchmark uses warp-level HMMA mma.sync m16n8k16 pairs,False,False,tensor_core_mma_m16n16k16_f16acc,fp16-energy-bench-v2,fp16-energy-bench-v2,"nvml_timed_energy_counter,explicit_m16n16k16_denominator,strict_denominator_provenance,tensor_no_memory_warpsync_baseline","nvml_timed_energy_counter,explicit_m16n16k16_denominator,strict_denominator_provenance,tensor_no_memory_warpsync_baseline",bae1f83e791c,bae1f83e791c,tensor_mma_f16acc,tensor_baseline_mov,82,128,128.0,1,1000000,8,1.11771520996,1.03811486816,171966464000000.0,0.0,0.0,171966464000000.0,85983232000000.0,85983232000000.0,257949696000000.0,343932928000000.0,20992000000.0,8192.0,8192.0,4096.0,4096.0,12288.0,16384.0,True,bench_json_metadata,True,logical_m16n16k16_input_bits_8192,ga102,"RTX 3090 FE dense FP16 Tensor Core peak, no sparsity",https://www.nvidia.com/content/dam/en-zz/Solutions/geforce/ampere/pdf/NVIDIA-ampere-GA102-GPU-Architecture-Whitepaper-V1.pdf,142.0,284.0,1024.0,1935.0,measured_avg_sm_clock_mhz,warp-level HMMA mma.sync.aligned.m16n8k16 pair -> logical m16n16k16,"dense FP16 Tensor Core HMMA normalization only; no sparsity, no WGMMA",162.47808,969.656200028736,94.69298828405624,True,False,153.85534925855953,nan,211.7390842637736,152.81410239206832,244.909,164.132,nvml_total_energy_counter,nvml_total_energy_counter,232.35990269773777,174.83120898461155,200.88960804559463,162.77553597777109,average_instant,average_instant,199.7411111111111,162.98000000000002,227.00666666666666,177.715,370.0,370.0,244.909,164.132,12.549097302262226,-10.699208984611545,1.0540071550924452,0.9388026368589988,170.80264653999959,0.6974126983491811,0.30258730165081893,0.7217094705184444,True,58.924981871705285,74.1063534600004,0.4309349144958892,0.3829894908150363,nan,nan,0.4309349144958892,0.28728994299725946,0.2154674572479446,9,8,1,1,1935.0,0.0,68.0,99.22222222222223,100.0,100.0,100.0,True,True,True,pure_fp16_candidate_no_l2,launch_shape_tensor_mma_f16acc_t128_b01_rep001_test_bae5bfda,launch_shape_tensor_mma_f16acc_t128_b01_rep001_baseline_c78cbec4,/home/bang001/gpupowermodeling/accelwattch/util/fp16_energy_impl/results/strict_fp16_launch_shape_rtx3090_20260602_115550/raw/launch_shape_tensor_mma_f16acc_t128_b01_rep001_test_bae5bfda/power.csv,/home/bang001/gpupowermodeling/accelwattch/util/fp16_energy_impl/results/strict_fp16_launch_shape_rtx3090_20260602_115550/raw/launch_shape_tensor_mma_f16acc_t128_b01_rep001_baseline_c78cbec4/power.csv,/home/bang001/gpupowermodeling/accelwattch/util/fp16_energy_impl/results/strict_fp16_launch_shape_rtx3090_20260602_115550/raw/launch_shape_tensor_mma_f16acc_t128_b01_rep001_test_bae5bfda/sm_util.csv,/home/bang001/gpupowermodeling/accelwattch/util/fp16_energy_impl/results/strict_fp16_launch_shape_rtx3090_20260602_115550/raw/launch_shape_tensor_mma_f16acc_t128_b01_rep001_baseline_c78cbec4/sm_util.csv
launch_shape_tensor_mma_f16acc_t128_b01,2,2,NVIDIA GeForce RTX 3090,ampere,ga102,consumer,86,82,benchmark uses warp-level HMMA mma.sync m16n8k16 pairs,False,False,tensor_core_mma_m16n16k16_f16acc,fp16-energy-bench-v2,fp16-energy-bench-v2,"nvml_timed_energy_counter,explicit_m16n16k16_denominator,strict_denominator_provenance,tensor_no_memory_warpsync_baseline","nvml_timed_energy_counter,explicit_m16n16k16_denominator,strict_denominator_provenance,tensor_no_memory_warpsync_baseline",bae1f83e791c,bae1f83e791c,tensor_mma_f16acc,tensor_baseline_mov,82,128,128.0,1,1000000,8,1.11793432617,1.03807080078,171966464000000.0,0.0,0.0,171966464000000.0,85983232000000.0,85983232000000.0,257949696000000.0,343932928000000.0,20992000000.0,8192.0,8192.0,4096.0,4096.0,12288.0,16384.0,True,bench_json_metadata,True,logical_m16n16k16_input_bits_8192,ga102,"RTX 3090 FE dense FP16 Tensor Core peak, no sparsity",https://www.nvidia.com/content/dam/en-zz/Solutions/geforce/ampere/pdf/NVIDIA-ampere-GA102-GPU-Architecture-Whitepaper-V1.pdf,142.0,284.0,1024.0,1935.0,measured_avg_sm_clock_mhz,warp-level HMMA mma.sync.aligned.m16n8k16 pair -> logical m16n16k16,"dense FP16 Tensor Core HMMA normalization only; no sparsity, no WGMMA",162.47808,969.4661464749809,94.67442836669736,True,False,153.82519346118522,nan,202.80158598148307,152.26561584921959,234.102,162.655,nvml_total_energy_counter,nvml_total_energy_counter,236.71248548985676,175.05721860977954,205.06303867101414,163.87565829805138,average_instant,average_instant,204.17222222222222,163.92875,230.65111111111113,178.21125,370.0,370.0,234.102,162.655,-2.6104854898567567,-12.402218609779538,0.9889719146649381,0.9291533436423131,170.2229586532574,0.7271315864591391,0.2728684135408609,0.7508107745425733,True,50.535970132263486,63.87904134674261,0.3714622017624472,0.3285285654135403,nan,nan,0.3714622017624472,0.24764146784163146,0.1857311008812236,9,8,1,1,1935.0,0.0,70.0,99.55555555555556,100.0,100.0,100.0,True,True,True,pure_fp16_candidate_no_l2,launch_shape_tensor_mma_f16acc_t128_b01_rep002_test_1e1f4498,launch_shape_tensor_mma_f16acc_t128_b01_rep002_baseline_6d795be8,/home/bang001/gpupowermodeling/accelwattch/util/fp16_energy_impl/results/strict_fp16_launch_shape_rtx3090_20260602_115550/raw/launch_shape_tensor_mma_f16acc_t128_b01_rep002_test_1e1f4498/power.csv,/home/bang001/gpupowermodeling/accelwattch/util/fp16_energy_impl/results/strict_fp16_launch_shape_rtx3090_20260602_115550/raw/launch_shape_tensor_mma_f16acc_t128_b01_rep002_baseline_6d795be8/power.csv,/home/bang001/gpupowermodeling/accelwattch/util/fp16_energy_impl/results/strict_fp16_launch_shape_rtx3090_20260602_115550/raw/launch_shape_tensor_mma_f16acc_t128_b01_rep002_test_1e1f4498/sm_util.csv,/home/bang001/gpupowermodeling/accelwattch/util/fp16_energy_impl/results/strict_fp16_launch_shape_rtx3090_20260602_115550/raw/launch_shape_tensor_mma_f16acc_t128_b01_rep002_baseline_6d795be8/sm_util.csv
launch_shape_tensor_mma_f16acc_t128_b01,3,3,NVIDIA GeForce RTX 3090,ampere,ga102,consumer,86,82,benchmark uses warp-level HMMA mma.sync m16n8k16 pairs,False,False,tensor_core_mma_m16n16k16_f16acc,fp16-energy-bench-v2,fp16-energy-bench-v2,"nvml_timed_energy_counter,explicit_m16n16k16_denominator,strict_denominator_provenance,tensor_no_memory_warpsync_baseline","nvml_timed_energy_counter,explicit_m16n16k16_denominator,strict_denominator_provenance,tensor_no_memory_warpsync_baseline",bae1f83e791c,bae1f83e791c,tensor_mma_f16acc,tensor_baseline_mov,82,128,128.0,1,1000000,8,1.1171348877,1.0389329834,171966464000000.0,0.0,0.0,171966464000000.0,85983232000000.0,85983232000000.0,257949696000000.0,343932928000000.0,20992000000.0,8192.0,8192.0,4096.0,4096.0,12288.0,16384.0,True,bench_json_metadata,True,logical_m16n16k16_input_bits_8192,ga102,"RTX 3090 FE dense FP16 Tensor Core peak, no sparsity",https://www.nvidia.com/content/dam/en-zz/Solutions/geforce/ampere/pdf/NVIDIA-ampere-GA102-GPU-Architecture-Whitepaper-V1.pdf,142.0,284.0,1024.0,1935.0,measured_avg_sm_clock_mhz,warp-level HMMA mma.sync.aligned.m16n8k16 pair -> logical m16n16k16,"dense FP16 Tensor Core HMMA normalization only; no sparsity, no WGMMA",162.47808,970.159910980403,94.74217880667997,True,False,153.93527307526054,nan,199.9782528728605,153.04754546201988,229.861,163.599,nvml_total_energy_counter,nvml_total_energy_counter,248.99348648542926,175.66181751669973,216.62344810158464,164.3323614589829,average_instant,average_instant,189.08846153846156,164.53375,212.16307692307691,178.7,370.0,370.0,229.861,163.599,-19.13248648542927,-12.062817516699738,0.9231606948619965,0.9313293139782471,170.97475251247423,0.7438180139844264,0.2561819860155736,0.7653209449695633,True,46.930707410840625,58.886247487525765,0.34242866962436214,0.30487299287081343,nan,nan,0.34242866962436214,0.22828577974957476,0.17121433481218107,13,8,2,1,1935.0,0.0,70.0,75.07692307692308,100.0,50.0,100.0,True,True,True,pure_fp16_candidate_no_l2,launch_shape_tensor_mma_f16acc_t128_b01_rep003_test_f244205f,launch_shape_tensor_mma_f16acc_t128_b01_rep003_baseline_cf3342cf,/home/bang001/gpupowermodeling/accelwattch/util/fp16_energy_impl/results/strict_fp16_launch_shape_rtx3090_20260602_115550/raw/launch_shape_tensor_mma_f16acc_t128_b01_rep003_test_f244205f/power.csv,/home/bang001/gpupowermodeling/accelwattch/util/fp16_energy_impl/results/strict_fp16_launch_shape_rtx3090_20260602_115550/raw/launch_shape_tensor_mma_f16acc_t128_b01_rep003_baseline_cf3342cf/power.csv,/home/bang001/gpupowermodeling/accelwattch/util/fp16_energy_impl/results/strict_fp16_launch_shape_rtx3090_20260602_115550/raw/launch_shape_tensor_mma_f16acc_t128_b01_rep003_test_f244205f/sm_util.csv,/home/bang001/gpupowermodeling/accelwattch/util/fp16_energy_impl/results/strict_fp16_launch_shape_rtx3090_20260602_115550/raw/launch_shape_tensor_mma_f16acc_t128_b01_rep003_baseline_cf3342cf/sm_util.csv
launch_shape_tensor_mma_f16acc_t128_b01,4,4,NVIDIA GeForce RTX 3090,ampere,ga102,consumer,86,82,benchmark uses warp-level HMMA mma.sync m16n8k16 pairs,False,False,tensor_core_mma_m16n16k16_f16acc,fp16-energy-bench-v2,fp16-energy-bench-v2,"nvml_timed_energy_counter,explicit_m16n16k16_denominator,strict_denominator_provenance,tensor_no_memory_warpsync_baseline","nvml_timed_energy_counter,explicit_m16n16k16_denominator,strict_denominator_provenance,tensor_no_memory_warpsync_baseline",bae1f83e791c,bae1f83e791c,tensor_mma_f16acc,tensor_baseline_mov,82,128,128.0,1,1000000,8,1.1165982666,1.03727612305,171966464000000.0,0.0,0.0,171966464000000.0,85983232000000.0,85983232000000.0,257949696000000.0,343932928000000.0,20992000000.0,8192.0,8192.0,4096.0,4096.0,12288.0,16384.0,True,bench_json_metadata,True,logical_m16n16k16_input_bits_8192,ga102,"RTX 3090 FE dense FP16 Tensor Core peak, no sparsity",https://www.nvidia.com/content/dam/en-zz/Solutions/geforce/ampere/pdf/NVIDIA-ampere-GA102-GPU-Architecture-Whitepaper-V1.pdf,142.0,284.0,1024.0,1935.0,measured_avg_sm_clock_mhz,warp-level HMMA mma.sync.aligned.m16n8k16 pair -> logical m16n16k16,"dense FP16 Tensor Core HMMA normalization only; no sparsity, no WGMMA",162.47808,970.6261559085732,94.7877105379466,True,False,154.0092521580133,nan,202.10054792070542,152.65536613505546,232.253,162.978,nvml_total_energy_counter,nvml_total_energy_counter,236.5581581569203,177.3355149180244,205.8467850948168,166.1035106490422,average_instant,average_instant,204.97444444444443,166.23375,231.93111111111114,179.89125,370.0,370.0,232.253,162.978,-4.305158156920328,-14.357514918024378,0.9818008468172782,0.9190375660247113,170.45471721359127,0.7339182581649808,0.26608174183501926,0.7553436529768841,True,49.445181785649964,61.79828278640872,0.35936240909395406,0.32105332045193796,nan,nan,0.35936240909395406,0.23957493939596938,0.17968120454697703,9,8,1,1,1935.0,0.0,71.0,98.11111111111111,100.0,100.0,100.0,True,True,True,pure_fp16_candidate_no_l2,launch_shape_tensor_mma_f16acc_t128_b01_rep004_test_06585031,launch_shape_tensor_mma_f16acc_t128_b01_rep004_baseline_09ec6d2d,/home/bang001/gpupowermodeling/accelwattch/util/fp16_energy_impl/results/strict_fp16_launch_shape_rtx3090_20260602_115550/raw/launch_shape_tensor_mma_f16acc_t128_b01_rep004_test_06585031/power.csv,/home/bang001/gpupowermodeling/accelwattch/util/fp16_energy_impl/results/strict_fp16_launch_shape_rtx3090_20260602_115550/raw/launch_shape_tensor_mma_f16acc_t128_b01_rep004_baseline_09ec6d2d/power.csv,/home/bang001/gpupowermodeling/accelwattch/util/fp16_energy_impl/results/strict_fp16_launch_shape_rtx3090_20260602_115550/raw/launch_shape_tensor_mma_f16acc_t128_b01_rep004_test_06585031/sm_util.csv,/home/bang001/gpupowermodeling/accelwattch/util/fp16_energy_impl/results/strict_fp16_launch_shape_rtx3090_20260602_115550/raw/launch_shape_tensor_mma_f16acc_t128_b01_rep004_baseline_09ec6d2d/sm_util.csv
launch_shape_tensor_mma_f16acc_t128_b01,5,5,NVIDIA GeForce RTX 3090,ampere,ga102,consumer,86,82,benchmark uses warp-level HMMA mma.sync m16n8k16 pairs,False,False,tensor_core_mma_m16n16k16_f16acc,fp16-energy-bench-v2,fp16-energy-bench-v2,"nvml_timed_energy_counter,explicit_m16n16k16_denominator,strict_denominator_provenance,tensor_no_memory_warpsync_baseline","nvml_timed_energy_counter,explicit_m16n16k16_denominator,strict_denominator_provenance,tensor_no_memory_warpsync_baseline",bae1f83e791c,bae1f83e791c,tensor_mma_f16acc,tensor_baseline_mov,82,128,128.0,1,1000000,8,1.11939660645,1.03627368164,171966464000000.0,0.0,0.0,171966464000000.0,85983232000000.0,85983232000000.0,257949696000000.0,343932928000000.0,20992000000.0,8192.0,8192.0,4096.0,4096.0,12288.0,16384.0,True,bench_json_metadata,True,logical_m16n16k16_input_bits_8192,ga102,"RTX 3090 FE dense FP16 Tensor Core peak, no sparsity",https://www.nvidia.com/content/dam/en-zz/Solutions/geforce/ampere/pdf/NVIDIA-ampere-GA102-GPU-Architecture-Whitepaper-V1.pdf,142.0,284.0,1024.0,1930.0,measured_avg_sm_clock_mhz,warp-level HMMA mma.sync.aligned.m16n8k16 pair -> logical m16n16k16,"dense FP16 Tensor Core HMMA normalization only; no sparsity, no WGMMA",162.05824,970.7080114634471,94.79570424447724,True,False,153.62424989420512,nan,200.3819435016986,156.1019131477327,230.788,166.448,nvml_total_energy_counter,nvml_total_energy_counter,237.60228699354732,176.696329783683,206.29845593451728,165.71322650566916,average_instant,average_instant,205.4077777777778,165.88875,233.11555555555555,179.52875,370.0,370.0,230.788,166.448,-6.814286993547313,-10.248329783683005,0.9713206169866018,0.9420003245328903,174.73995183792462,0.7571448768476897,0.24285512315231028,0.7790218540644579,True,44.28003035396591,56.04804816207539,0.3259242927858038,0.28823594181556494,nan,nan,0.3259242927858038,0.21728286185720252,0.1629621463929019,9,8,1,1,1930.0,15.0,71.0,96.66666666666667,100.0,100.0,100.0,True,True,True,pure_fp16_candidate_no_l2,launch_shape_tensor_mma_f16acc_t128_b01_rep005_test_4a6a68ee,launch_shape_tensor_mma_f16acc_t128_b01_rep005_baseline_0aa781e9,/home/bang001/gpupowermodeling/accelwattch/util/fp16_energy_impl/results/strict_fp16_launch_shape_rtx3090_20260602_115550/raw/launch_shape_tensor_mma_f16acc_t128_b01_rep005_test_4a6a68ee/power.csv,/home/bang001/gpupowermodeling/accelwattch/util/fp16_energy_impl/results/strict_fp16_launch_shape_rtx3090_20260602_115550/raw/launch_shape_tensor_mma_f16acc_t128_b01_rep005_baseline_0aa781e9/power.csv,/home/bang001/gpupowermodeling/accelwattch/util/fp16_energy_impl/results/strict_fp16_launch_shape_rtx3090_20260602_115550/raw/launch_shape_tensor_mma_f16acc_t128_b01_rep005_test_4a6a68ee/sm_util.csv,/home/bang001/gpupowermodeling/accelwattch/util/fp16_energy_impl/results/strict_fp16_launch_shape_rtx3090_20260602_115550/raw/launch_shape_tensor_mma_f16acc_t128_b01_rep005_baseline_0aa781e9/sm_util.csv
launch_shape_tensor_mma_f16acc_t128_b01,6,6,NVIDIA GeForce RTX 3090,ampere,ga102,consumer,86,82,benchmark uses warp-level HMMA mma.sync m16n8k16 pairs,False,False,tensor_core_mma_m16n16k16_f16acc,fp16-energy-bench-v2,fp16-energy-bench-v2,"nvml_timed_energy_counter,explicit_m16n16k16_denominator,strict_denominator_provenance,tensor_no_memory_warpsync_baseline","nvml_timed_energy_counter,explicit_m16n16k16_denominator,strict_denominator_provenance,tensor_no_memory_warpsync_baseline",bae1f83e791c,bae1f83e791c,tensor_mma_f16acc,tensor_baseline_mov,82,128,128.0,1,1000000,8,1.11875561523,1.03739367676,171966464000000.0,0.0,0.0,171966464000000.0,85983232000000.0,85983232000000.0,257949696000000.0,343932928000000.0,20992000000.0,8192.0,8192.0,4096.0,4096.0,12288.0,16384.0,True,bench_json_metadata,True,logical_m16n16k16_input_bits_8192,ga102,"RTX 3090 FE dense FP16 Tensor Core peak, no sparsity",https://www.nvidia.com/content/dam/en-zz/Solutions/geforce/ampere/pdf/NVIDIA-ampere-GA102-GPU-Architecture-Whitepaper-V1.pdf,142.0,284.0,1024.0,1930.0,measured_avg_sm_clock_mhz,warp-level HMMA mma.sync.aligned.m16n8k16 pair -> logical m16n16k16,"dense FP16 Tensor Core HMMA normalization only; no sparsity, no WGMMA",162.05824,971.2641787836922,94.85001745934494,True,False,153.71226893430713,nan,202.64510503148463,1110.9787742659084,232.965,163.331,nvml_total_energy_counter,nvml_total_energy_counter,239.55759682345658,30.099893471948775,208.37968952151354,204.73971723065475,average_instant,average_instant,206.80666666666667,170.89,232.96777777777777,177.7733333333333,370.0,370.0,232.965,163.331,-6.592596823456574,133.2311065280512,0.9724801178886636,5.426298274185399,1242.9137421113278,5.335195167133809,-4.335195167133809,5.482386431654974,True,-908.3336692344238,-1009.9487421113278,-5.872940099014467,-5.909311439691411,nan,nan,-5.872940099014467,-3.915293399342978,-2.9364700495072333,9,3,1,0,1930.0,15.0,71.0,99.77777777777777,100.0,100.0,100.0,False,False,False,invalid_or_nonpositive_increment,launch_shape_tensor_mma_f16acc_t128_b01_rep006_test_8b6a7d02,launch_shape_tensor_mma_f16acc_t128_b01_rep006_baseline_ac96e359,/home/bang001/gpupowermodeling/accelwattch/util/fp16_energy_impl/results/strict_fp16_launch_shape_rtx3090_20260602_115550/raw/launch_shape_tensor_mma_f16acc_t128_b01_rep006_test_8b6a7d02/power.csv,/home/bang001/gpupowermodeling/accelwattch/util/fp16_energy_impl/results/strict_fp16_launch_shape_rtx3090_20260602_115550/raw/launch_shape_tensor_mma_f16acc_t128_b01_rep006_baseline_ac96e359/power.csv,/home/bang001/gpupowermodeling/accelwattch/util/fp16_energy_impl/results/strict_fp16_launch_shape_rtx3090_20260602_115550/raw/launch_shape_tensor_mma_f16acc_t128_b01_rep006_test_8b6a7d02/sm_util.csv,/home/bang001/gpupowermodeling/accelwattch/util/fp16_energy_impl/results/strict_fp16_launch_shape_rtx3090_20260602_115550/raw/launch_shape_tensor_mma_f16acc_t128_b01_rep006_baseline_ac96e359/sm_util.csv
launch_shape_tensor_mma_f16acc_t128_b01,7,7,NVIDIA GeForce RTX 3090,ampere,ga102,consumer,86,82,benchmark uses warp-level HMMA mma.sync m16n8k16 pairs,False,False,tensor_core_mma_m16n16k16_f16acc,fp16-energy-bench-v2,fp16-energy-bench-v2,"nvml_timed_energy_counter,explicit_m16n16k16_denominator,strict_denominator_provenance,tensor_no_memory_warpsync_baseline","nvml_timed_energy_counter,explicit_m16n16k16_denominator,strict_denominator_provenance,tensor_no_memory_warpsync_baseline",bae1f83e791c,bae1f83e791c,tensor_mma_f16acc,tensor_baseline_mov,82,128,128.0,1,1000000,8,1.11928417969,1.03727612305,171966464000000.0,0.0,0.0,171966464000000.0,85983232000000.0,85983232000000.0,257949696000000.0,343932928000000.0,20992000000.0,8192.0,8192.0,4096.0,4096.0,12288.0,16384.0,True,bench_json_metadata,True,logical_m16n16k16_input_bits_8192,ga102,"RTX 3090 FE dense FP16 Tensor Core peak, no sparsity",https://www.nvidia.com/content/dam/en-zz/Solutions/geforce/ampere/pdf/NVIDIA-ampere-GA102-GPU-Architecture-Whitepaper-V1.pdf,142.0,284.0,1024.0,1930.0,measured_avg_sm_clock_mhz,warp-level HMMA mma.sync.aligned.m16n8k16 pair -> logical m16n16k16,"dense FP16 Tensor Core HMMA normalization only; no sparsity, no WGMMA",162.05824,970.8055144556408,94.80522602105866,True,False,153.6396807177497,nan,202.0850883914302,151.44475240892066,234.872,163.107,nvml_total_energy_counter,nvml_total_energy_counter,240.14165686133742,178.76685135402258,206.6191285180348,165.98491506944688,average_instant,average_instant,205.70999999999998,166.3425,233.1522222222222,179.945,370.0,370.0,234.872,163.107,-5.26965686133741,-15.659851354022578,0.9780560485414648,0.9124006982535569,169.5097154683739,0.7217110403469715,0.27828895965302847,0.7494108230072802,True,50.64033598250953,65.3622845316261,0.38008739036249595,0.32960453800695216,nan,nan,0.38008739036249595,0.2533915935749973,0.19004369518124797,9,8,1,1,1930.0,15.0,72.0,99.66666666666667,100.0,100.0,100.0,True,True,True,pure_fp16_candidate_no_l2,launch_shape_tensor_mma_f16acc_t128_b01_rep007_test_5d8b55e4,launch_shape_tensor_mma_f16acc_t128_b01_rep007_baseline_89c33940,/home/bang001/gpupowermodeling/accelwattch/util/fp16_energy_impl/results/strict_fp16_launch_shape_rtx3090_20260602_115550/raw/launch_shape_tensor_mma_f16acc_t128_b01_rep007_test_5d8b55e4/power.csv,/home/bang001/gpupowermodeling/accelwattch/util/fp16_energy_impl/results/strict_fp16_launch_shape_rtx3090_20260602_115550/raw/launch_shape_tensor_mma_f16acc_t128_b01_rep007_baseline_89c33940/power.csv,/home/bang001/gpupowermodeling/accelwattch/util/fp16_energy_impl/results/strict_fp16_launch_shape_rtx3090_20260602_115550/raw/launch_shape_tensor_mma_f16acc_t128_b01_rep007_test_5d8b55e4/sm_util.csv,/home/bang001/gpupowermodeling/accelwattch/util/fp16_energy_impl/results/strict_fp16_launch_shape_rtx3090_20260602_115550/raw/launch_shape_tensor_mma_f16acc_t128_b01_rep007_baseline_89c33940/sm_util.csv
launch_shape_tensor_mma_f16acc_t128_b01,8,8,NVIDIA GeForce RTX 3090,ampere,ga102,consumer,86,82,benchmark uses warp-level HMMA mma.sync m16n8k16 pairs,False,False,tensor_core_mma_m16n16k16_f16acc,fp16-energy-bench-v2,fp16-energy-bench-v2,"nvml_timed_energy_counter,explicit_m16n16k16_denominator,strict_denominator_provenance,tensor_no_memory_warpsync_baseline","nvml_timed_energy_counter,explicit_m16n16k16_denominator,strict_denominator_provenance,tensor_no_memory_warpsync_baseline",bae1f83e791c,bae1f83e791c,tensor_mma_f16acc,tensor_baseline_mov,82,128,128.0,1,1000000,8,1.1194829101600001,1.0363903808600001,171966464000000.0,0.0,0.0,171966464000000.0,85983232000000.0,85983232000000.0,257949696000000.0,343932928000000.0,20992000000.0,8192.0,8192.0,4096.0,4096.0,12288.0,16384.0,True,bench_json_metadata,True,logical_m16n16k16_input_bits_8192,ga102,"RTX 3090 FE dense FP16 Tensor Core peak, no sparsity",https://www.nvidia.com/content/dam/en-zz/Solutions/geforce/ampere/pdf/NVIDIA-ampere-GA102-GPU-Architecture-Whitepaper-V1.pdf,142.0,284.0,1024.0,1930.0,measured_avg_sm_clock_mhz,warp-level HMMA mma.sync.aligned.m16n8k16 pair -> logical m16n16k16,"dense FP16 Tensor Core HMMA normalization only; no sparsity, no WGMMA",162.05824,970.633177178836,94.7883962088707,True,False,153.6124066203226,nan,200.28809510802452,155.4574350946824,230.437,165.524,nvml_total_energy_counter,nvml_total_energy_counter,238.219674628511,177.33196665707135,207.05253430915116,166.54728436241302,average_instant,average_instant,206.34666666666666,166.665,233.45444444444445,180.41875,370.0,370.0,230.437,165.524,-7.782674628510989,-11.807966657071347,0.9673298410777884,0.9334132086861369,174.0319418458044,0.7552256879138524,0.24477431208614767,0.7761691228369669,True,44.83066001334211,56.405058154195615,0.3280003370552273,0.29184270333156226,nan,nan,0.3280003370552273,0.21866689137015155,0.16400016852761365,9,8,1,1,1930.0,15.0,71.0,98.22222222222223,100.0,100.0,100.0,True,True,True,pure_fp16_candidate_no_l2,launch_shape_tensor_mma_f16acc_t128_b01_rep008_test_51a2b237,launch_shape_tensor_mma_f16acc_t128_b01_rep008_baseline_53f4278a,/home/bang001/gpupowermodeling/accelwattch/util/fp16_energy_impl/results/strict_fp16_launch_shape_rtx3090_20260602_115550/raw/launch_shape_tensor_mma_f16acc_t128_b01_rep008_test_51a2b237/power.csv,/home/bang001/gpupowermodeling/accelwattch/util/fp16_energy_impl/results/strict_fp16_launch_shape_rtx3090_20260602_115550/raw/launch_shape_tensor_mma_f16acc_t128_b01_rep008_baseline_53f4278a/power.csv,/home/bang001/gpupowermodeling/accelwattch/util/fp16_energy_impl/results/strict_fp16_launch_shape_rtx3090_20260602_115550/raw/launch_shape_tensor_mma_f16acc_t128_b01_rep008_test_51a2b237/sm_util.csv,/home/bang001/gpupowermodeling/accelwattch/util/fp16_energy_impl/results/strict_fp16_launch_shape_rtx3090_20260602_115550/raw/launch_shape_tensor_mma_f16acc_t128_b01_rep008_baseline_53f4278a/sm_util.csv
launch_shape_tensor_mma_f16acc_t128_b01,9,9,NVIDIA GeForce RTX 3090,ampere,ga102,consumer,86,82,benchmark uses warp-level HMMA mma.sync m16n8k16 pairs,False,False,tensor_core_mma_m16n16k16_f16acc,fp16-energy-bench-v2,fp16-energy-bench-v2,"nvml_timed_energy_counter,explicit_m16n16k16_denominator,strict_denominator_provenance,tensor_no_memory_warpsync_baseline","nvml_timed_energy_counter,explicit_m16n16k16_denominator,strict_denominator_provenance,tensor_no_memory_warpsync_baseline",bae1f83e791c,bae1f83e791c,tensor_mma_f16acc,tensor_baseline_mov,82,128,128.0,1,1000000,8,1.12062231445,1.04584094238,171966464000000.0,0.0,0.0,171966464000000.0,85983232000000.0,85983232000000.0,257949696000000.0,343932928000000.0,20992000000.0,8192.0,8192.0,4096.0,4096.0,12288.0,16384.0,True,bench_json_metadata,True,logical_m16n16k16_input_bits_8192,ga102,"RTX 3090 FE dense FP16 Tensor Core peak, no sparsity",https://www.nvidia.com/content/dam/en-zz/Solutions/geforce/ampere/pdf/NVIDIA-ampere-GA102-GPU-Architecture-Whitepaper-V1.pdf,142.0,284.0,1024.0,1928.3333333333333,measured_avg_sm_clock_mhz,warp-level HMMA mma.sync.aligned.m16n8k16 pair -> logical m16n16k16,"dense FP16 Tensor Core HMMA normalization only; no sparsity, no WGMMA",161.9182933333333,970.4843452730913,94.77386184307532,True,False,153.45621962239875,nan,202.7020458557824,151.25438244428557,233.826,162.819,nvml_total_energy_counter,nvml_total_energy_counter,239.77004445160594,178.100795157608,207.85489443121128,165.45075073793723,average_instant,average_instant,207.0188888888889,165.62875,233.1977777777778,179.53,370.0,370.0,233.826,162.819,-5.944044451605947,-15.281795157608002,0.9752093950468209,0.9141958061215585,169.49903612542076,0.7248938788903747,0.2751061211096253,0.7461907047149362,True,51.44766341149682,64.32696387457923,0.37406691036328593,0.3352595517997983,nan,nan,0.37406691036328593,0.24937794024219062,0.18703345518164297,9,8,1,1,1928.3333333333333,15.0,72.0,97.55555555555556,100.0,100.0,100.0,True,True,True,pure_fp16_candidate_no_l2,launch_shape_tensor_mma_f16acc_t128_b01_rep009_test_f2b529f4,launch_shape_tensor_mma_f16acc_t128_b01_rep009_baseline_dc85846e,/home/bang001/gpupowermodeling/accelwattch/util/fp16_energy_impl/results/strict_fp16_launch_shape_rtx3090_20260602_115550/raw/launch_shape_tensor_mma_f16acc_t128_b01_rep009_test_f2b529f4/power.csv,/home/bang001/gpupowermodeling/accelwattch/util/fp16_energy_impl/results/strict_fp16_launch_shape_rtx3090_20260602_115550/raw/launch_shape_tensor_mma_f16acc_t128_b01_rep009_baseline_dc85846e/power.csv,/home/bang001/gpupowermodeling/accelwattch/util/fp16_energy_impl/results/strict_fp16_launch_shape_rtx3090_20260602_115550/raw/launch_shape_tensor_mma_f16acc_t128_b01_rep009_test_f2b529f4/sm_util.csv,/home/bang001/gpupowermodeling/accelwattch/util/fp16_energy_impl/results/strict_fp16_launch_shape_rtx3090_20260602_115550/raw/launch_shape_tensor_mma_f16acc_t128_b01_rep009_baseline_dc85846e/sm_util.csv
launch_shape_tensor_mma_f16acc_t128_b02,0,0,NVIDIA GeForce RTX 3090,ampere,ga102,consumer,86,82,benchmark uses warp-level HMMA mma.sync m16n8k16 pairs,False,False,tensor_core_mma_m16n16k16_f16acc,fp16-energy-bench-v2,fp16-energy-bench-v2,"nvml_timed_energy_counter,explicit_m16n16k16_denominator,strict_denominator_provenance,tensor_no_memory_warpsync_baseline","nvml_timed_energy_counter,explicit_m16n16k16_denominator,strict_denominator_provenance,tensor_no_memory_warpsync_baseline",bae1f83e791c,bae1f83e791c,tensor_mma_f16acc,tensor_baseline_mov,164,128,256.0,2,1000000,8,1.06971960449,1.00327313232,171966464000000.0,0.0,0.0,171966464000000.0,85983232000000.0,85983232000000.0,257949696000000.0,343932928000000.0,20992000000.0,8192.0,8192.0,4096.0,4096.0,12288.0,16384.0,True,bench_json_metadata,True,logical_m16n16k16_input_bits_8192,ga102,"RTX 3090 FE dense FP16 Tensor Core peak, no sparsity",https://www.nvidia.com/content/dam/en-zz/Solutions/geforce/ampere/pdf/NVIDIA-ampere-GA102-GPU-Architecture-Whitepaper-V1.pdf,142.0,284.0,1024.0,1935.0,measured_avg_sm_clock_mhz,warp-level HMMA mma.sync.aligned.m16n8k16 pair -> logical m16n16k16,"dense FP16 Tensor Core HMMA normalization only; no sparsity, no WGMMA",162.47808,1013.1622143363888,98.94162249378796,True,False,160.7584485487548,nan,206.2940772712307,160.98945286348697,227.148,166.084,nvml_total_energy_counter,nvml_total_energy_counter,236.1137258831108,170.1633817639729,214.43668098388997,164.9437015461011,average_instant,average_instant,213.08888888888887,165.76,228.2444444444444,185.30428571428573,370.0,370.0,227.148,166.084,-8.965725883110792,-4.07938176397289,0.9620279344219518,0.9760266767051489,172.21357384419076,0.7581558008179282,0.24184419918207176,0.7803881477984546,True,45.30462440774372,54.934426155809234,0.31944848360555483,0.2818179997177799,nan,nan,0.31944848360555483,0.21296565573703657,0.15972424180277742,9,7,1,1,1935.0,0.0,65.0,99.77777777777777,100.0,99.0,99.0,True,True,True,pure_fp16_candidate_no_l2,launch_shape_tensor_mma_f16acc_t128_b02_rep000_test_c893bdf2,launch_shape_tensor_mma_f16acc_t128_b02_rep000_baseline_7b5c844c,/home/bang001/gpupowermodeling/accelwattch/util/fp16_energy_impl/results/strict_fp16_launch_shape_rtx3090_20260602_115550/raw/launch_shape_tensor_mma_f16acc_t128_b02_rep000_test_c893bdf2/power.csv,/home/bang001/gpupowermodeling/accelwattch/util/fp16_energy_impl/results/strict_fp16_launch_shape_rtx3090_20260602_115550/raw/launch_shape_tensor_mma_f16acc_t128_b02_rep000_baseline_7b5c844c/power.csv,/home/bang001/gpupowermodeling/accelwattch/util/fp16_energy_impl/results/strict_fp16_launch_shape_rtx3090_20260602_115550/raw/launch_shape_tensor_mma_f16acc_t128_b02_rep000_test_c893bdf2/sm_util.csv,/home/bang001/gpupowermodeling/accelwattch/util/fp16_energy_impl/results/strict_fp16_launch_shape_rtx3090_20260602_115550/raw/launch_shape_tensor_mma_f16acc_t128_b02_rep000_baseline_7b5c844c/sm_util.csv
launch_shape_tensor_mma_f16acc_t128_b02,1,1,NVIDIA GeForce RTX 3090,ampere,ga102,consumer,86,82,benchmark uses warp-level HMMA mma.sync m16n8k16 pairs,False,False,tensor_core_mma_m16n16k16_f16acc,fp16-energy-bench-v2,fp16-energy-bench-v2,"nvml_timed_energy_counter,explicit_m16n16k16_denominator,strict_denominator_provenance,tensor_no_memory_warpsync_baseline","nvml_timed_energy_counter,explicit_m16n16k16_denominator,strict_denominator_provenance,tensor_no_memory_warpsync_baseline",bae1f83e791c,bae1f83e791c,tensor_mma_f16acc,tensor_baseline_mov,164,128,256.0,2,1000000,8,1.0795447998,0.98664831543,171966464000000.0,0.0,0.0,171966464000000.0,85983232000000.0,85983232000000.0,257949696000000.0,343932928000000.0,20992000000.0,8192.0,8192.0,4096.0,4096.0,12288.0,16384.0,True,bench_json_metadata,True,logical_m16n16k16_input_bits_8192,ga102,"RTX 3090 FE dense FP16 Tensor Core peak, no sparsity",https://www.nvidia.com/content/dam/en-zz/Solutions/geforce/ampere/pdf/NVIDIA-ampere-GA102-GPU-Architecture-Whitepaper-V1.pdf,142.0,284.0,1024.0,1935.0,measured_avg_sm_clock_mhz,warp-level HMMA mma.sync.aligned.m16n8k16 pair -> logical m16n16k16,"dense FP16 Tensor Core HMMA normalization only; no sparsity, no WGMMA",162.47808,1003.9411828067928,98.04113113347584,True,False,159.2953474759538,nan,208.55784230679765,165.90306292229891,231.68,168.404,nvml_total_energy_counter,nvml_total_energy_counter,241.87448331530473,173.52989892388442,217.73489446353366,170.9528380565151,average_instant,average_instant,216.77333333333334,171.9857142857143,231.25222222222223,188.21571428571428,370.0,370.0,231.68,168.404,-10.194483315304723,-5.125898923884421,0.9578521753284107,0.9704610043821164,179.09978884865998,0.7730481217569923,0.2269518782430077,0.7954774612514849,True,42.65477938449874,52.58021115134002,0.3057585178429907,0.267771658497042,nan,nan,0.3057585178429907,0.20383901189532716,0.15287925892149534,9,7,1,1,1935.0,0.0,69.0,99.55555555555556,100.0,98.0,98.0,True,True,True,pure_fp16_candidate_no_l2,launch_shape_tensor_mma_f16acc_t128_b02_rep001_test_4ed23149,launch_shape_tensor_mma_f16acc_t128_b02_rep001_baseline_add88de3,/home/bang001/gpupowermodeling/accelwattch/util/fp16_energy_impl/results/strict_fp16_launch_shape_rtx3090_20260602_115550/raw/launch_shape_tensor_mma_f16acc_t128_b02_rep001_test_4ed23149/power.csv,/home/bang001/gpupowermodeling/accelwattch/util/fp16_energy_impl/results/strict_fp16_launch_shape_rtx3090_20260602_115550/raw/launch_shape_tensor_mma_f16acc_t128_b02_rep001_baseline_add88de3/power.csv,/home/bang001/gpupowermodeling/accelwattch/util/fp16_energy_impl/results/strict_fp16_launch_shape_rtx3090_20260602_115550/raw/launch_shape_tensor_mma_f16acc_t128_b02_rep001_test_4ed23149/sm_util.csv,/home/bang001/gpupowermodeling/accelwattch/util/fp16_energy_impl/results/strict_fp16_launch_shape_rtx3090_20260602_115550/raw/launch_shape_tensor_mma_f16acc_t128_b02_rep001_baseline_add88de3/sm_util.csv
launch_shape_tensor_mma_f16acc_t128_b02,2,2,NVIDIA GeForce RTX 3090,ampere,ga102,consumer,86,82,benchmark uses warp-level HMMA mma.sync m16n8k16 pairs,False,False,tensor_core_mma_m16n16k16_f16acc,fp16-energy-bench-v2,fp16-energy-bench-v2,"nvml_timed_energy_counter,explicit_m16n16k16_denominator,strict_denominator_provenance,tensor_no_memory_warpsync_baseline","nvml_timed_energy_counter,explicit_m16n16k16_denominator,strict_denominator_provenance,tensor_no_memory_warpsync_baseline",bae1f83e791c,bae1f83e791c,tensor_mma_f16acc,tensor_baseline_mov,164,128,256.0,2,1000000,8,1.0781418457,0.993592346191,171966464000000.0,0.0,0.0,171966464000000.0,85983232000000.0,85983232000000.0,257949696000000.0,343932928000000.0,20992000000.0,8192.0,8192.0,4096.0,4096.0,12288.0,16384.0,True,bench_json_metadata,True,logical_m16n16k16_input_bits_8192,ga102,"RTX 3090 FE dense FP16 Tensor Core peak, no sparsity",https://www.nvidia.com/content/dam/en-zz/Solutions/geforce/ampere/pdf/NVIDIA-ampere-GA102-GPU-Architecture-Whitepaper-V1.pdf,142.0,284.0,1024.0,1935.0,measured_avg_sm_clock_mhz,warp-level HMMA mma.sync.aligned.m16n8k16 pair -> logical m16n16k16,"dense FP16 Tensor Core HMMA normalization only; no sparsity, no WGMMA",162.47808,1005.2475817785006,98.16870915805669,True,False,159.50263380079468,nan,192.12161952460818,167.6928437390359,213.555,171.772,nvml_total_energy_counter,nvml_total_energy_counter,245.32972049525762,176.23784973364286,220.70728018106976,172.0526406881649,average_instant,average_instant,219.65444444444447,173.0257142857143,234.52666666666664,189.56428571428572,370.0,370.0,213.555,171.772,-31.77472049525761,-4.4658497336428695,0.8704815689223767,0.9746600986088271,180.79667205948587,0.8466047250567108,0.15339527494328925,0.8728473357344186,True,24.42877578557227,32.758327940514135,0.1904925366175706,0.15315593983282902,nan,nan,0.1904925366175706,0.12699502441171373,0.0952462683087853,9,7,1,1,1935.0,0.0,70.0,99.88888888888889,100.0,99.0,99.0,True,True,True,pure_fp16_candidate_no_l2,launch_shape_tensor_mma_f16acc_t128_b02_rep002_test_dc4c622f,launch_shape_tensor_mma_f16acc_t128_b02_rep002_baseline_8d3e34fb,/home/bang001/gpupowermodeling/accelwattch/util/fp16_energy_impl/results/strict_fp16_launch_shape_rtx3090_20260602_115550/raw/launch_shape_tensor_mma_f16acc_t128_b02_rep002_test_dc4c622f/power.csv,/home/bang001/gpupowermodeling/accelwattch/util/fp16_energy_impl/results/strict_fp16_launch_shape_rtx3090_20260602_115550/raw/launch_shape_tensor_mma_f16acc_t128_b02_rep002_baseline_8d3e34fb/power.csv,/home/bang001/gpupowermodeling/accelwattch/util/fp16_energy_impl/results/strict_fp16_launch_shape_rtx3090_20260602_115550/raw/launch_shape_tensor_mma_f16acc_t128_b02_rep002_test_dc4c622f/sm_util.csv,/home/bang001/gpupowermodeling/accelwattch/util/fp16_energy_impl/results/strict_fp16_launch_shape_rtx3090_20260602_115550/raw/launch_shape_tensor_mma_f16acc_t128_b02_rep002_baseline_8d3e34fb/sm_util.csv
launch_shape_tensor_mma_f16acc_t128_b02,3,3,NVIDIA GeForce RTX 3090,ampere,ga102,consumer,86,82,benchmark uses warp-level HMMA mma.sync m16n8k16 pairs,False,False,tensor_core_mma_m16n16k16_f16acc,fp16-energy-bench-v2,fp16-energy-bench-v2,"nvml_timed_energy_counter,explicit_m16n16k16_denominator,strict_denominator_provenance,tensor_no_memory_warpsync_baseline","nvml_timed_energy_counter,explicit_m16n16k16_denominator,strict_denominator_provenance,tensor_no_memory_warpsync_baseline",bae1f83e791c,bae1f83e791c,tensor_mma_f16acc,tensor_baseline_mov,164,128,256.0,2,1000000,8,1.07951818848,0.9962239990230001,171966464000000.0,0.0,0.0,171966464000000.0,85983232000000.0,85983232000000.0,257949696000000.0,343932928000000.0,20992000000.0,8192.0,8192.0,4096.0,4096.0,12288.0,16384.0,True,bench_json_metadata,True,logical_m16n16k16_input_bits_8192,ga102,"RTX 3090 FE dense FP16 Tensor Core peak, no sparsity",https://www.nvidia.com/content/dam/en-zz/Solutions/geforce/ampere/pdf/NVIDIA-ampere-GA102-GPU-Architecture-Whitepaper-V1.pdf,142.0,284.0,1024.0,1935.0,measured_avg_sm_clock_mhz,warp-level HMMA mma.sync.aligned.m16n8k16 pair -> logical m16n16k16,"dense FP16 Tensor Core HMMA normalization only; no sparsity, no WGMMA",162.47808,1003.9659310698254,98.04354795603763,True,False,159.29927428284918,nan,188.7097072676261,166.56902957024627,209.676,170.748,nvml_total_energy_counter,nvml_total_energy_counter,246.9519694652161,176.87176516655583,222.25831219092638,172.54291869989515,average_instant,average_instant,220.97666666666666,173.57999999999998,234.78222222222223,189.72285714285712,370.0,370.0,209.676,170.748,-37.27596946521612,-6.123765166555842,0.8490557919180047,0.9653773729187967,179.81429705854381,0.8575816834475277,0.14241831655247225,0.882673350417633,True,22.14067769737983,29.861702941456173,0.17364840938670562,0.13898793825053593,nan,nan,0.17364840938670562,0.11576560625780374,0.08682420469335281,9,7,1,1,1935.0,0.0,71.0,99.33333333333333,100.0,98.0,98.0,True,True,True,pure_fp16_candidate_no_l2,launch_shape_tensor_mma_f16acc_t128_b02_rep003_test_6b712d1d,launch_shape_tensor_mma_f16acc_t128_b02_rep003_baseline_419d046f,/home/bang001/gpupowermodeling/accelwattch/util/fp16_energy_impl/results/strict_fp16_launch_shape_rtx3090_20260602_115550/raw/launch_shape_tensor_mma_f16acc_t128_b02_rep003_test_6b712d1d/power.csv,/home/bang001/gpupowermodeling/accelwattch/util/fp16_energy_impl/results/strict_fp16_launch_shape_rtx3090_20260602_115550/raw/launch_shape_tensor_mma_f16acc_t128_b02_rep003_baseline_419d046f/power.csv,/home/bang001/gpupowermodeling/accelwattch/util/fp16_energy_impl/results/strict_fp16_launch_shape_rtx3090_20260602_115550/raw/launch_shape_tensor_mma_f16acc_t128_b02_rep003_test_6b712d1d/sm_util.csv,/home/bang001/gpupowermodeling/accelwattch/util/fp16_energy_impl/results/strict_fp16_launch_shape_rtx3090_20260602_115550/raw/launch_shape_tensor_mma_f16acc_t128_b02_rep003_baseline_419d046f/sm_util.csv
launch_shape_tensor_mma_f16acc_t128_b02,4,4,NVIDIA GeForce RTX 3090,ampere,ga102,consumer,86,82,benchmark uses warp-level HMMA mma.sync m16n8k16 pairs,False,False,tensor_core_mma_m16n16k16_f16acc,fp16-energy-bench-v2,fp16-energy-bench-v2,"nvml_timed_energy_counter,explicit_m16n16k16_denominator,strict_denominator_provenance,tensor_no_memory_warpsync_baseline","nvml_timed_energy_counter,explicit_m16n16k16_denominator,strict_denominator_provenance,tensor_no_memory_warpsync_baseline",bae1f83e791c,bae1f83e791c,tensor_mma_f16acc,tensor_baseline_mov,164,128,256.0,2,1000000,8,1.0786795654299999,0.987269104004,171966464000000.0,0.0,0.0,171966464000000.0,85983232000000.0,85983232000000.0,257949696000000.0,343932928000000.0,20992000000.0,8192.0,8192.0,4096.0,4096.0,12288.0,16384.0,True,bench_json_metadata,True,logical_m16n16k16_input_bits_8192,ga102,"RTX 3090 FE dense FP16 Tensor Core peak, no sparsity",https://www.nvidia.com/content/dam/en-zz/Solutions/geforce/ampere/pdf/NVIDIA-ampere-GA102-GPU-Architecture-Whitepaper-V1.pdf,142.0,284.0,1024.0,1935.0,measured_avg_sm_clock_mhz,warp-level HMMA mma.sync.aligned.m16n8k16 pair -> logical m16n16k16,"dense FP16 Tensor Core HMMA normalization only; no sparsity, no WGMMA",162.47808,1004.746467753928,98.11977224159452,True,False,159.42312203851574,nan,210.07378540785527,172.50625820871008,233.249,175.282,nvml_total_energy_counter,nvml_total_energy_counter,246.6860996787491,175.65937926257627,222.17579825428763,172.87766134487117,average_instant,average_instant,220.9011111111111,173.88285714285715,235.97444444444443,191.25,370.0,370.0,233.249,175.282,-13.437099678749092,-0.3773792625762553,0.9455295628888382,0.9978516418299979,186.07897563852674,0.7977696609139878,0.20223033908601218,0.8211698469363592,True,37.56752719914519,47.17002436147325,0.27429780937679366,0.2356466660467801,nan,nan,0.27429780937679366,0.1828652062511958,0.13714890468839683,9,7,1,1,1935.0,0.0,71.0,99.88888888888889,100.0,100.0,100.0,True,True,True,pure_fp16_candidate_no_l2,launch_shape_tensor_mma_f16acc_t128_b02_rep004_test_192e4eed,launch_shape_tensor_mma_f16acc_t128_b02_rep004_baseline_76eaf349,/home/bang001/gpupowermodeling/accelwattch/util/fp16_energy_impl/results/strict_fp16_launch_shape_rtx3090_20260602_115550/raw/launch_shape_tensor_mma_f16acc_t128_b02_rep004_test_192e4eed/power.csv,/home/bang001/gpupowermodeling/accelwattch/util/fp16_energy_impl/results/strict_fp16_launch_shape_rtx3090_20260602_115550/raw/launch_shape_tensor_mma_f16acc_t128_b02_rep004_baseline_76eaf349/power.csv,/home/bang001/gpupowermodeling/accelwattch/util/fp16_energy_impl/results/strict_fp16_launch_shape_rtx3090_20260602_115550/raw/launch_shape_tensor_mma_f16acc_t128_b02_rep004_test_192e4eed/sm_util.csv,/home/bang001/gpupowermodeling/accelwattch/util/fp16_energy_impl/results/strict_fp16_launch_shape_rtx3090_20260602_115550/raw/launch_shape_tensor_mma_f16acc_t128_b02_rep004_baseline_76eaf349/sm_util.csv
launch_shape_tensor_mma_f16acc_t128_b02,5,5,NVIDIA GeForce RTX 3090,ampere,ga102,consumer,86,82,benchmark uses warp-level HMMA mma.sync m16n8k16 pairs,False,False,tensor_core_mma_m16n16k16_f16acc,fp16-energy-bench-v2,fp16-energy-bench-v2,"nvml_timed_energy_counter,explicit_m16n16k16_denominator,strict_denominator_provenance,tensor_no_memory_warpsync_baseline","nvml_timed_energy_counter,explicit_m16n16k16_denominator,strict_denominator_provenance,tensor_no_memory_warpsync_baseline",bae1f83e791c,bae1f83e791c,tensor_mma_f16acc,tensor_baseline_mov,164,128,256.0,2,1000000,8,1.08339501953,0.990129150391,171966464000000.0,0.0,0.0,171966464000000.0,85983232000000.0,85983232000000.0,257949696000000.0,343932928000000.0,20992000000.0,8192.0,8192.0,4096.0,4096.0,12288.0,16384.0,True,bench_json_metadata,True,logical_m16n16k16_input_bits_8192,ga102,"RTX 3090 FE dense FP16 Tensor Core peak, no sparsity",https://www.nvidia.com/content/dam/en-zz/Solutions/geforce/ampere/pdf/NVIDIA-ampere-GA102-GPU-Architecture-Whitepaper-V1.pdf,142.0,284.0,1024.0,1925.625,measured_avg_sm_clock_mhz,warp-level HMMA mma.sync.aligned.m16n8k16 pair -> logical m16n16k16,"dense FP16 Tensor Core HMMA normalization only; no sparsity, no WGMMA",161.69088,1005.2436965729657,98.1683297434537,True,False,158.729236243492,nan,212.60002281845146,167.78023716050532,237.053,170.926,nvml_total_energy_counter,nvml_total_energy_counter,245.7957410445936,175.41284905316422,220.44091471003864,172.1845091743785,average_instant,average_instant,219.74625,173.08571428571426,235.86875,189.94428571428574,370.0,370.0,237.053,170.926,-8.7427410445936,-4.486849053164235,0.9644308684624139,0.9744212064430676,181.7722733152537,0.7668001388518757,0.23319986114812424,0.7891825924392316,True,44.81978565794614,55.2807266847463,0.32146225141168394,0.2823662906636318,nan,nan,0.32146225141168394,0.2143081676077893,0.16073112570584197,8,7,1,1,1925.625,15.0,71.0,99.75,100.0,100.0,100.0,True,True,True,pure_fp16_candidate_no_l2,launch_shape_tensor_mma_f16acc_t128_b02_rep005_test_e08599d8,launch_shape_tensor_mma_f16acc_t128_b02_rep005_baseline_be75f2c8,/home/bang001/gpupowermodeling/accelwattch/util/fp16_energy_impl/results/strict_fp16_launch_shape_rtx3090_20260602_115550/raw/launch_shape_tensor_mma_f16acc_t128_b02_rep005_test_e08599d8/power.csv,/home/bang001/gpupowermodeling/accelwattch/util/fp16_energy_impl/results/strict_fp16_launch_shape_rtx3090_20260602_115550/raw/launch_shape_tensor_mma_f16acc_t128_b02_rep005_baseline_be75f2c8/power.csv,/home/bang001/gpupowermodeling/accelwattch/util/fp16_energy_impl/results/strict_fp16_launch_shape_rtx3090_20260602_115550/raw/launch_shape_tensor_mma_f16acc_t128_b02_rep005_test_e08599d8/sm_util.csv,/home/bang001/gpupowermodeling/accelwattch/util/fp16_energy_impl/results/strict_fp16_launch_shape_rtx3090_20260602_115550/raw/launch_shape_tensor_mma_f16acc_t128_b02_rep005_baseline_be75f2c8/sm_util.csv
launch_shape_tensor_mma_f16acc_t128_b02,6,6,NVIDIA GeForce RTX 3090,ampere,ga102,consumer,86,82,benchmark uses warp-level HMMA mma.sync m16n8k16 pairs,False,False,tensor_core_mma_m16n16k16_f16acc,fp16-energy-bench-v2,fp16-energy-bench-v2,"nvml_timed_energy_counter,explicit_m16n16k16_denominator,strict_denominator_provenance,tensor_no_memory_warpsync_baseline","nvml_timed_energy_counter,explicit_m16n16k16_denominator,strict_denominator_provenance,tensor_no_memory_warpsync_baseline",bae1f83e791c,bae1f83e791c,tensor_mma_f16acc,tensor_baseline_mov,164,128,256.0,2,1000000,8,1.08554931641,0.995700561523,171966464000000.0,0.0,0.0,171966464000000.0,85983232000000.0,85983232000000.0,257949696000000.0,343932928000000.0,20992000000.0,8192.0,8192.0,4096.0,4096.0,12288.0,16384.0,True,bench_json_metadata,True,logical_m16n16k16_input_bits_8192,ga102,"RTX 3090 FE dense FP16 Tensor Core peak, no sparsity",https://www.nvidia.com/content/dam/en-zz/Solutions/geforce/ampere/pdf/NVIDIA-ampere-GA102-GPU-Architecture-Whitepaper-V1.pdf,142.0,284.0,1024.0,1925.0,measured_avg_sm_clock_mhz,warp-level HMMA mma.sync.aligned.m16n8k16 pair -> logical m16n16k16,"dense FP16 Tensor Core HMMA normalization only; no sparsity, no WGMMA",161.6384,1003.5744981098073,98.00532208103589,True,False,158.4142345266331,nan,212.11885244385616,164.95740820008533,236.656,168.793,nvml_total_energy_counter,nvml_total_energy_counter,249.48095265680527,175.85674040121026,223.6140785957742,171.86063468922808,average_instant,average_instant,222.44333333333333,172.77428571428572,235.64666666666668,190.28,370.0,370.0,236.656,168.793,-12.824952656805266,-7.063740401210254,0.9485934596600337,0.9598324159478072,179.06940170836796,0.7566653780523965,0.24333462194760344,0.7776650038390455,True,47.16144424377083,57.58659829163204,0.3348710960971556,0.2977096369192877,nan,nan,0.3348710960971556,0.2232473973981037,0.1674355480485778,9,7,1,1,1925.0,15.0,71.0,99.77777777777777,100.0,99.0,99.0,True,True,True,pure_fp16_candidate_no_l2,launch_shape_tensor_mma_f16acc_t128_b02_rep006_test_473bd79d,launch_shape_tensor_mma_f16acc_t128_b02_rep006_baseline_8c7b4b4f,/home/bang001/gpupowermodeling/accelwattch/util/fp16_energy_impl/results/strict_fp16_launch_shape_rtx3090_20260602_115550/raw/launch_shape_tensor_mma_f16acc_t128_b02_rep006_test_473bd79d/power.csv,/home/bang001/gpupowermodeling/accelwattch/util/fp16_energy_impl/results/strict_fp16_launch_shape_rtx3090_20260602_115550/raw/launch_shape_tensor_mma_f16acc_t128_b02_rep006_baseline_8c7b4b4f/power.csv,/home/bang001/gpupowermodeling/accelwattch/util/fp16_energy_impl/results/strict_fp16_launch_shape_rtx3090_20260602_115550/raw/launch_shape_tensor_mma_f16acc_t128_b02_rep006_test_473bd79d/sm_util.csv,/home/bang001/gpupowermodeling/accelwattch/util/fp16_energy_impl/results/strict_fp16_launch_shape_rtx3090_20260602_115550/raw/launch_shape_tensor_mma_f16acc_t128_b02_rep006_baseline_8c7b4b4f/sm_util.csv
launch_shape_tensor_mma_f16acc_t128_b02,7,7,NVIDIA GeForce RTX 3090,ampere,ga102,consumer,86,82,benchmark uses warp-level HMMA mma.sync m16n8k16 pairs,False,False,tensor_core_mma_m16n16k16_f16acc,fp16-energy-bench-v2,fp16-energy-bench-v2,"nvml_timed_energy_counter,explicit_m16n16k16_denominator,strict_denominator_provenance,tensor_no_memory_warpsync_baseline","nvml_timed_energy_counter,explicit_m16n16k16_denominator,strict_denominator_provenance,tensor_no_memory_warpsync_baseline",bae1f83e791c,bae1f83e791c,tensor_mma_f16acc,tensor_baseline_mov,164,128,256.0,2,1000000,8,1.0837237548799998,0.98881640625,171966464000000.0,0.0,0.0,171966464000000.0,85983232000000.0,85983232000000.0,257949696000000.0,343932928000000.0,20992000000.0,8192.0,8192.0,4096.0,4096.0,12288.0,16384.0,True,bench_json_metadata,True,logical_m16n16k16_input_bits_8192,ga102,"RTX 3090 FE dense FP16 Tensor Core peak, no sparsity",https://www.nvidia.com/content/dam/en-zz/Solutions/geforce/ampere/pdf/NVIDIA-ampere-GA102-GPU-Architecture-Whitepaper-V1.pdf,142.0,284.0,1024.0,1923.75,measured_avg_sm_clock_mhz,warp-level HMMA mma.sync.aligned.m16n8k16 pair -> logical m16n16k16,"dense FP16 Tensor Core HMMA normalization only; no sparsity, no WGMMA",161.53344,1005.9182397441801,98.2342031000176,True,False,158.68108752404507,nan,193.73025090825968,168.5121186677755,215.96,171.362,nvml_total_energy_counter,nvml_total_energy_counter,247.47591559591663,176.91074651290026,222.00208937834887,173.96858527553715,average_instant,average_instant,220.98375,175.0442857142857,236.23875,190.90571428571428,370.0,370.0,215.96,171.362,-31.515915595916624,-5.548746512900266,0.8726505748245158,0.9686353337924802,182.62058598542578,0.8456222725755963,0.15437772742440373,0.8698286296422227,True,25.21813224048418,33.33941401457423,0.19387160286423188,0.15892336405031796,nan,nan,0.19387160286423188,0.12924773524282127,0.09693580143211594,8,7,1,1,1923.75,15.0,72.0,99.875,100.0,99.0,99.0,True,True,True,pure_fp16_candidate_no_l2,launch_shape_tensor_mma_f16acc_t128_b02_rep007_test_e61d658b,launch_shape_tensor_mma_f16acc_t128_b02_rep007_baseline_912029fd,/home/bang001/gpupowermodeling/accelwattch/util/fp16_energy_impl/results/strict_fp16_launch_shape_rtx3090_20260602_115550/raw/launch_shape_tensor_mma_f16acc_t128_b02_rep007_test_e61d658b/power.csv,/home/bang001/gpupowermodeling/accelwattch/util/fp16_energy_impl/results/strict_fp16_launch_shape_rtx3090_20260602_115550/raw/launch_shape_tensor_mma_f16acc_t128_b02_rep007_baseline_912029fd/power.csv,/home/bang001/gpupowermodeling/accelwattch/util/fp16_energy_impl/results/strict_fp16_launch_shape_rtx3090_20260602_115550/raw/launch_shape_tensor_mma_f16acc_t128_b02_rep007_test_e61d658b/sm_util.csv,/home/bang001/gpupowermodeling/accelwattch/util/fp16_energy_impl/results/strict_fp16_launch_shape_rtx3090_20260602_115550/raw/launch_shape_tensor_mma_f16acc_t128_b02_rep007_baseline_912029fd/sm_util.csv
launch_shape_tensor_mma_f16acc_t128_b02,8,8,NVIDIA GeForce RTX 3090,ampere,ga102,consumer,86,82,benchmark uses warp-level HMMA mma.sync m16n8k16 pairs,False,False,tensor_core_mma_m16n16k16_f16acc,fp16-energy-bench-v2,fp16-energy-bench-v2,"nvml_timed_energy_counter,explicit_m16n16k16_denominator,strict_denominator_provenance,tensor_no_memory_warpsync_baseline","nvml_timed_energy_counter,explicit_m16n16k16_denominator,strict_denominator_provenance,tensor_no_memory_warpsync_baseline",bae1f83e791c,bae1f83e791c,tensor_mma_f16acc,tensor_baseline_mov,164,128,256.0,2,1000000,8,1.0846226806600001,0.993753112793,171966464000000.0,0.0,0.0,171966464000000.0,85983232000000.0,85983232000000.0,257949696000000.0,343932928000000.0,20992000000.0,8192.0,8192.0,4096.0,4096.0,12288.0,16384.0,True,bench_json_metadata,True,logical_m16n16k16_input_bits_8192,ga102,"RTX 3090 FE dense FP16 Tensor Core peak, no sparsity",https://www.nvidia.com/content/dam/en-zz/Solutions/geforce/ampere/pdf/NVIDIA-ampere-GA102-GPU-Architecture-Whitepaper-V1.pdf,142.0,284.0,1024.0,1923.3333333333333,measured_avg_sm_clock_mhz,warp-level HMMA mma.sync.aligned.m16n8k16 pair -> logical m16n16k16,"dense FP16 Tensor Core HMMA normalization only; no sparsity, no WGMMA",161.49845333333332,1005.3022828014756,98.17405105483161,True,False,158.54957402823004,nan,211.92449169827566,154.9040431982648,236.535,158.161,nvml_total_energy_counter,nvml_total_energy_counter,249.25612842108515,176.58934682542343,223.32203825361404,172.95290121457725,average_instant,average_instant,221.99222222222224,173.93714285714285,236.8177777777778,190.82714285714286,370.0,370.0,236.535,158.161,-12.721128421085155,-18.428346825423432,0.9489636282900354,0.8956429300141093,168.0124385787744,0.7103068830353834,0.28969311696461664,0.7309397887753678,True,57.02044850001087,68.52256142122559,0.39846467635239385,0.35963797978957845,nan,nan,0.39846467635239385,0.2656431175682626,0.19923233817619693,9,7,1,1,1923.3333333333333,15.0,71.0,99.88888888888889,100.0,100.0,100.0,True,True,True,pure_fp16_candidate_no_l2,launch_shape_tensor_mma_f16acc_t128_b02_rep008_test_51dd5117,launch_shape_tensor_mma_f16acc_t128_b02_rep008_baseline_ba3bacad,/home/bang001/gpupowermodeling/accelwattch/util/fp16_energy_impl/results/strict_fp16_launch_shape_rtx3090_20260602_115550/raw/launch_shape_tensor_mma_f16acc_t128_b02_rep008_test_51dd5117/power.csv,/home/bang001/gpupowermodeling/accelwattch/util/fp16_energy_impl/results/strict_fp16_launch_shape_rtx3090_20260602_115550/raw/launch_shape_tensor_mma_f16acc_t128_b02_rep008_baseline_ba3bacad/power.csv,/home/bang001/gpupowermodeling/accelwattch/util/fp16_energy_impl/results/strict_fp16_launch_shape_rtx3090_20260602_115550/raw/launch_shape_tensor_mma_f16acc_t128_b02_rep008_test_51dd5117/sm_util.csv,/home/bang001/gpupowermodeling/accelwattch/util/fp16_energy_impl/results/strict_fp16_launch_shape_rtx3090_20260602_115550/raw/launch_shape_tensor_mma_f16acc_t128_b02_rep008_baseline_ba3bacad/sm_util.csv
launch_shape_tensor_mma_f16acc_t128_b02,9,9,NVIDIA GeForce RTX 3090,ampere,ga102,consumer,86,82,benchmark uses warp-level HMMA mma.sync m16n8k16 pairs,False,False,tensor_core_mma_m16n16k16_f16acc,fp16-energy-bench-v2,fp16-energy-bench-v2,"nvml_timed_energy_counter,explicit_m16n16k16_denominator,strict_denominator_provenance,tensor_no_memory_warpsync_baseline","nvml_timed_energy_counter,explicit_m16n16k16_denominator,strict_denominator_provenance,tensor_no_memory_warpsync_baseline",bae1f83e791c,bae1f83e791c,tensor_mma_f16acc,tensor_baseline_mov,164,128,256.0,2,1000000,8,1.08350048828,0.99280279541,171966464000000.0,0.0,0.0,171966464000000.0,85983232000000.0,85983232000000.0,257949696000000.0,343932928000000.0,20992000000.0,8192.0,8192.0,4096.0,4096.0,12288.0,16384.0,True,bench_json_metadata,True,logical_m16n16k16_input_bits_8192,ga102,"RTX 3090 FE dense FP16 Tensor Core peak, no sparsity",https://www.nvidia.com/content/dam/en-zz/Solutions/geforce/ampere/pdf/NVIDIA-ampere-GA102-GPU-Architecture-Whitepaper-V1.pdf,142.0,284.0,1024.0,1923.75,measured_avg_sm_clock_mhz,warp-level HMMA mma.sync.aligned.m16n8k16 pair -> logical m16n16k16,"dense FP16 Tensor Core HMMA normalization only; no sparsity, no WGMMA",161.53344,1006.1255197110052,98.25444528427782,True,False,158.71378542061177,nan,214.40569820609383,153.3402022372124,239.148,156.7,nvml_total_energy_counter,nvml_total_energy_counter,247.85000514648738,176.97097160632035,222.20739209115933,173.17654483873093,average_instant,average_instant,221.70749999999998,174.12142857142857,236.125,190.88000000000002,370.0,370.0,239.148,156.7,-8.70200514648738,-20.27097160632036,0.9648900344329457,0.8854559512086874,166.14418399697357,0.6947337380909461,0.3052662619090539,0.7151871592974955,True,61.065495968881436,73.00381600302643,0.42452356293740173,0.38475231251683706,nan,nan,0.42452356293740173,0.28301570862493447,0.21226178146870087,8,7,1,1,1923.75,15.0,72.0,99.5,100.0,100.0,100.0,True,True,True,pure_fp16_candidate_no_l2,launch_shape_tensor_mma_f16acc_t128_b02_rep009_test_5ef5ffaa,launch_shape_tensor_mma_f16acc_t128_b02_rep009_baseline_4a31ae08,/home/bang001/gpupowermodeling/accelwattch/util/fp16_energy_impl/results/strict_fp16_launch_shape_rtx3090_20260602_115550/raw/launch_shape_tensor_mma_f16acc_t128_b02_rep009_test_5ef5ffaa/power.csv,/home/bang001/gpupowermodeling/accelwattch/util/fp16_energy_impl/results/strict_fp16_launch_shape_rtx3090_20260602_115550/raw/launch_shape_tensor_mma_f16acc_t128_b02_rep009_baseline_4a31ae08/power.csv,/home/bang001/gpupowermodeling/accelwattch/util/fp16_energy_impl/results/strict_fp16_launch_shape_rtx3090_20260602_115550/raw/launch_shape_tensor_mma_f16acc_t128_b02_rep009_test_5ef5ffaa/sm_util.csv,/home/bang001/gpupowermodeling/accelwattch/util/fp16_energy_impl/results/strict_fp16_launch_shape_rtx3090_20260602_115550/raw/launch_shape_tensor_mma_f16acc_t128_b02_rep009_baseline_4a31ae08/sm_util.csv
launch_shape_tensor_mma_f16acc_t128_b04,0,0,NVIDIA GeForce RTX 3090,ampere,ga102,consumer,86,82,benchmark uses warp-level HMMA mma.sync m16n8k16 pairs,False,False,tensor_core_mma_m16n16k16_f16acc,fp16-energy-bench-v2,fp16-energy-bench-v2,"nvml_timed_energy_counter,explicit_m16n16k16_denominator,strict_denominator_provenance,tensor_no_memory_warpsync_baseline","nvml_timed_energy_counter,explicit_m16n16k16_denominator,strict_denominator_provenance,tensor_no_memory_warpsync_baseline",bae1f83e791c,bae1f83e791c,tensor_mma_f16acc,tensor_baseline_mov,328,128,512.0,4,1000000,8,1.0699925537100001,1.02142156982,171966464000000.0,0.0,0.0,171966464000000.0,85983232000000.0,85983232000000.0,257949696000000.0,343932928000000.0,20992000000.0,8192.0,8192.0,4096.0,4096.0,12288.0,16384.0,True,bench_json_metadata,True,logical_m16n16k16_input_bits_8192,ga102,"RTX 3090 FE dense FP16 Tensor Core peak, no sparsity",https://www.nvidia.com/content/dam/en-zz/Solutions/geforce/ampere/pdf/NVIDIA-ampere-GA102-GPU-Architecture-Whitepaper-V1.pdf,142.0,284.0,1024.0,1935.0,measured_avg_sm_clock_mhz,warp-level HMMA mma.sync.aligned.m16n8k16 pair -> logical m16n16k16,"dense FP16 Tensor Core HMMA normalization only; no sparsity, no WGMMA",162.47808,1012.9037622236353,98.91638302965188,True,False,160.71743995202422,nan,212.29977439278682,181.57293622420576,233.814,190.854,nvml_total_energy_counter,nvml_total_energy_counter,251.85061616387347,201.9148547381851,228.67676440364858,192.0959112310785,average_instant,average_instant,228.40111111111113,193.1,230.19222222222223,212.5075,370.0,370.0,233.814,190.854,-18.036616163873475,-11.0608547381851,0.9283836726762762,0.9452202030775434,194.28168971516092,0.8309241093996123,0.1690758906003878,0.8552667413026462,True,30.726838168581054,39.53231028483907,0.22988383528569312,0.1911854629948892,nan,nan,0.22988383528569312,0.15325589019046207,0.11494191764284656,9,8,1,1,1935.0,0.0,67.0,99.77777777777777,100.0,100.0,100.0,True,True,True,pure_fp16_candidate_no_l2,launch_shape_tensor_mma_f16acc_t128_b04_rep000_test_d2e9bdcf,launch_shape_tensor_mma_f16acc_t128_b04_rep000_baseline_83246b18,/home/bang001/gpupowermodeling/accelwattch/util/fp16_energy_impl/results/strict_fp16_launch_shape_rtx3090_20260602_115550/raw/launch_shape_tensor_mma_f16acc_t128_b04_rep000_test_d2e9bdcf/power.csv,/home/bang001/gpupowermodeling/accelwattch/util/fp16_energy_impl/results/strict_fp16_launch_shape_rtx3090_20260602_115550/raw/launch_shape_tensor_mma_f16acc_t128_b04_rep000_baseline_83246b18/power.csv,/home/bang001/gpupowermodeling/accelwattch/util/fp16_energy_impl/results/strict_fp16_launch_shape_rtx3090_20260602_115550/raw/launch_shape_tensor_mma_f16acc_t128_b04_rep000_test_d2e9bdcf/sm_util.csv,/home/bang001/gpupowermodeling/accelwattch/util/fp16_energy_impl/results/strict_fp16_launch_shape_rtx3090_20260602_115550/raw/launch_shape_tensor_mma_f16acc_t128_b04_rep000_baseline_83246b18/sm_util.csv
launch_shape_tensor_mma_f16acc_t128_b04,1,1,NVIDIA GeForce RTX 3090,ampere,ga102,consumer,86,82,benchmark uses warp-level HMMA mma.sync m16n8k16 pairs,False,False,tensor_core_mma_m16n16k16_f16acc,fp16-energy-bench-v2,fp16-energy-bench-v2,"nvml_timed_energy_counter,explicit_m16n16k16_denominator,strict_denominator_provenance,tensor_no_memory_warpsync_baseline","nvml_timed_energy_counter,explicit_m16n16k16_denominator,strict_denominator_provenance,tensor_no_memory_warpsync_baseline",bae1f83e791c,bae1f83e791c,tensor_mma_f16acc,tensor_baseline_mov,328,128,512.0,4,1000000,8,1.07938916016,1.02480895996,171966464000000.0,0.0,0.0,171966464000000.0,85983232000000.0,85983232000000.0,257949696000000.0,343932928000000.0,20992000000.0,8192.0,8192.0,4096.0,4096.0,12288.0,16384.0,True,bench_json_metadata,True,logical_m16n16k16_input_bits_8192,ga102,"RTX 3090 FE dense FP16 Tensor Core peak, no sparsity",https://www.nvidia.com/content/dam/en-zz/Solutions/geforce/ampere/pdf/NVIDIA-ampere-GA102-GPU-Architecture-Whitepaper-V1.pdf,142.0,284.0,1024.0,1935.0,measured_avg_sm_clock_mhz,warp-level HMMA mma.sync.aligned.m16n8k16 pair -> logical m16n16k16,"dense FP16 Tensor Core HMMA normalization only; no sparsity, no WGMMA",162.47808,1004.0859434270031,98.05526791279327,True,False,159.31831664356258,nan,208.52534307011626,188.84636583407206,231.105,199.136,nvml_total_energy_counter,nvml_total_energy_counter,246.86863922388187,205.09407048807972,222.74882710202172,194.49657453092794,average_instant,average_instant,215.59307692307692,195.6025,232.67076923076922,215.34625,370.0,370.0,231.105,199.136,-15.763639223881881,-5.958070488079727,0.9361456389380182,0.9709495721943555,203.83872021690718,0.8820177850626649,0.11798221493733504,0.9056278870169407,True,19.678977236044204,27.266279783092813,0.15855579715294263,0.12351986670855497,nan,nan,0.15855579715294263,0.10570386476862842,0.07927789857647131,13,8,2,1,1935.0,0.0,69.0,99.92307692307692,100.0,100.0,100.0,True,True,True,pure_fp16_candidate_no_l2,launch_shape_tensor_mma_f16acc_t128_b04_rep001_test_1e3a1b4d,launch_shape_tensor_mma_f16acc_t128_b04_rep001_baseline_36f2484e,/home/bang001/gpupowermodeling/accelwattch/util/fp16_energy_impl/results/strict_fp16_launch_shape_rtx3090_20260602_115550/raw/launch_shape_tensor_mma_f16acc_t128_b04_rep001_test_1e3a1b4d/power.csv,/home/bang001/gpupowermodeling/accelwattch/util/fp16_energy_impl/results/strict_fp16_launch_shape_rtx3090_20260602_115550/raw/launch_shape_tensor_mma_f16acc_t128_b04_rep001_baseline_36f2484e/power.csv,/home/bang001/gpupowermodeling/accelwattch/util/fp16_energy_impl/results/strict_fp16_launch_shape_rtx3090_20260602_115550/raw/launch_shape_tensor_mma_f16acc_t128_b04_rep001_test_1e3a1b4d/sm_util.csv,/home/bang001/gpupowermodeling/accelwattch/util/fp16_energy_impl/results/strict_fp16_launch_shape_rtx3090_20260602_115550/raw/launch_shape_tensor_mma_f16acc_t128_b04_rep001_baseline_36f2484e/sm_util.csv
launch_shape_tensor_mma_f16acc_t128_b04,2,2,NVIDIA GeForce RTX 3090,ampere,ga102,consumer,86,82,benchmark uses warp-level HMMA mma.sync m16n8k16 pairs,False,False,tensor_core_mma_m16n16k16_f16acc,fp16-energy-bench-v2,fp16-energy-bench-v2,"nvml_timed_energy_counter,explicit_m16n16k16_denominator,strict_denominator_provenance,tensor_no_memory_warpsync_baseline","nvml_timed_energy_counter,explicit_m16n16k16_denominator,strict_denominator_provenance,tensor_no_memory_warpsync_baseline",bae1f83e791c,bae1f83e791c,tensor_mma_f16acc,tensor_baseline_mov,328,128,512.0,4,1000000,8,1.07915063477,1.02608996582,171966464000000.0,0.0,0.0,171966464000000.0,85983232000000.0,85983232000000.0,257949696000000.0,343932928000000.0,20992000000.0,8192.0,8192.0,4096.0,4096.0,12288.0,16384.0,True,bench_json_metadata,True,logical_m16n16k16_input_bits_8192,ga102,"RTX 3090 FE dense FP16 Tensor Core peak, no sparsity",https://www.nvidia.com/content/dam/en-zz/Solutions/geforce/ampere/pdf/NVIDIA-ampere-GA102-GPU-Architecture-Whitepaper-V1.pdf,142.0,284.0,1024.0,1935.0,measured_avg_sm_clock_mhz,warp-level HMMA mma.sync.aligned.m16n8k16 pair -> logical m16n16k16,"dense FP16 Tensor Core HMMA normalization only; no sparsity, no WGMMA",162.47808,1004.3078772178318,98.07694113455389,True,False,159.35353087815338,nan,211.09850762544153,203.3298612782647,236.873,216.114,nvml_total_energy_counter,nvml_total_energy_counter,263.98116361954845,210.6461139101063,235.25699290891822,198.1854258407482,average_instant,average_instant,235.23125,199.30125,235.85375,216.83875,370.0,370.0,236.873,216.114,-27.108163619548463,5.46788608989371,0.897310235140046,1.025957687936399,219.42354886613538,0.9263341489580298,0.07366585104197022,0.963198951832663,True,7.768646347176826,17.449451133864613,0.10147008159605243,0.04875101483077255,nan,nan,0.10147008159605243,0.06764672106403495,0.05073504079802622,8,8,1,1,1935.0,0.0,71.0,99.75,100.0,100.0,100.0,True,True,True,pure_fp16_candidate_no_l2,launch_shape_tensor_mma_f16acc_t128_b04_rep002_test_6220303a,launch_shape_tensor_mma_f16acc_t128_b04_rep002_baseline_840c6e40,/home/bang001/gpupowermodeling/accelwattch/util/fp16_energy_impl/results/strict_fp16_launch_shape_rtx3090_20260602_115550/raw/launch_shape_tensor_mma_f16acc_t128_b04_rep002_test_6220303a/power.csv,/home/bang001/gpupowermodeling/accelwattch/util/fp16_energy_impl/results/strict_fp16_launch_shape_rtx3090_20260602_115550/raw/launch_shape_tensor_mma_f16acc_t128_b04_rep002_baseline_840c6e40/power.csv,/home/bang001/gpupowermodeling/accelwattch/util/fp16_energy_impl/results/strict_fp16_launch_shape_rtx3090_20260602_115550/raw/launch_shape_tensor_mma_f16acc_t128_b04_rep002_test_6220303a/sm_util.csv,/home/bang001/gpupowermodeling/accelwattch/util/fp16_energy_impl/results/strict_fp16_launch_shape_rtx3090_20260602_115550/raw/launch_shape_tensor_mma_f16acc_t128_b04_rep002_baseline_840c6e40/sm_util.csv
launch_shape_tensor_mma_f16acc_t128_b04,3,3,NVIDIA GeForce RTX 3090,ampere,ga102,consumer,86,82,benchmark uses warp-level HMMA mma.sync m16n8k16 pairs,False,False,tensor_core_mma_m16n16k16_f16acc,fp16-energy-bench-v2,fp16-energy-bench-v2,"nvml_timed_energy_counter,explicit_m16n16k16_denominator,strict_denominator_provenance,tensor_no_memory_warpsync_baseline","nvml_timed_energy_counter,explicit_m16n16k16_denominator,strict_denominator_provenance,tensor_no_memory_warpsync_baseline",bae1f83e791c,bae1f83e791c,tensor_mma_f16acc,tensor_baseline_mov,328,128,512.0,4,1000000,8,1.07829931641,1.02513354492,171966464000000.0,0.0,0.0,171966464000000.0,85983232000000.0,85983232000000.0,257949696000000.0,343932928000000.0,20992000000.0,8192.0,8192.0,4096.0,4096.0,12288.0,16384.0,True,bench_json_metadata,True,logical_m16n16k16_input_bits_8192,ga102,"RTX 3090 FE dense FP16 Tensor Core peak, no sparsity",https://www.nvidia.com/content/dam/en-zz/Solutions/geforce/ampere/pdf/NVIDIA-ampere-GA102-GPU-Architecture-Whitepaper-V1.pdf,142.0,284.0,1024.0,1935.0,measured_avg_sm_clock_mhz,warp-level HMMA mma.sync.aligned.m16n8k16 pair -> logical m16n16k16,"dense FP16 Tensor Core HMMA normalization only; no sparsity, no WGMMA",162.47808,1005.1007792645609,98.15437297505477,True,False,159.47934064590788,nan,208.7451869475208,186.8763584686325,231.591,197.123,nvml_total_energy_counter,nvml_total_energy_counter,261.6397001386878,207.34738346772244,235.82966573978982,196.56926873295916,average_instant,average_instant,235.66,197.66625,236.17666666666668,217.36875,370.0,370.0,231.591,197.123,-30.048700138687764,-10.224383467722447,0.8851523674627367,0.9506895949361518,201.50864958991656,0.870105701818795,0.12989429818120501,0.8952367295329008,True,21.868828478888304,30.08235041008345,0.17493149367822933,0.13712640389856942,nan,nan,0.17493149367822933,0.11662099578548621,0.08746574683911466,9,8,1,1,1935.0,0.0,71.0,99.88888888888889,100.0,100.0,100.0,True,True,True,pure_fp16_candidate_no_l2,launch_shape_tensor_mma_f16acc_t128_b04_rep003_test_34350359,launch_shape_tensor_mma_f16acc_t128_b04_rep003_baseline_cbd5b1b9,/home/bang001/gpupowermodeling/accelwattch/util/fp16_energy_impl/results/strict_fp16_launch_shape_rtx3090_20260602_115550/raw/launch_shape_tensor_mma_f16acc_t128_b04_rep003_test_34350359/power.csv,/home/bang001/gpupowermodeling/accelwattch/util/fp16_energy_impl/results/strict_fp16_launch_shape_rtx3090_20260602_115550/raw/launch_shape_tensor_mma_f16acc_t128_b04_rep003_baseline_cbd5b1b9/power.csv,/home/bang001/gpupowermodeling/accelwattch/util/fp16_energy_impl/results/strict_fp16_launch_shape_rtx3090_20260602_115550/raw/launch_shape_tensor_mma_f16acc_t128_b04_rep003_test_34350359/sm_util.csv,/home/bang001/gpupowermodeling/accelwattch/util/fp16_energy_impl/results/strict_fp16_launch_shape_rtx3090_20260602_115550/raw/launch_shape_tensor_mma_f16acc_t128_b04_rep003_baseline_cbd5b1b9/sm_util.csv
launch_shape_tensor_mma_f16acc_t128_b04,4,4,NVIDIA GeForce RTX 3090,ampere,ga102,consumer,86,82,benchmark uses warp-level HMMA mma.sync m16n8k16 pairs,False,False,tensor_core_mma_m16n16k16_f16acc,fp16-energy-bench-v2,fp16-energy-bench-v2,"nvml_timed_energy_counter,explicit_m16n16k16_denominator,strict_denominator_provenance,tensor_no_memory_warpsync_baseline","nvml_timed_energy_counter,explicit_m16n16k16_denominator,strict_denominator_provenance,tensor_no_memory_warpsync_baseline",bae1f83e791c,bae1f83e791c,tensor_mma_f16acc,tensor_baseline_mov,328,128,512.0,4,1000000,8,1.0835107421899999,1.0221576538100001,171966464000000.0,0.0,0.0,171966464000000.0,85983232000000.0,85983232000000.0,257949696000000.0,343932928000000.0,20992000000.0,8192.0,8192.0,4096.0,4096.0,12288.0,16384.0,True,bench_json_metadata,True,logical_m16n16k16_input_bits_8192,ga102,"RTX 3090 FE dense FP16 Tensor Core peak, no sparsity",https://www.nvidia.com/content/dam/en-zz/Solutions/geforce/ampere/pdf/NVIDIA-ampere-GA102-GPU-Architecture-Whitepaper-V1.pdf,142.0,284.0,1024.0,1925.625,measured_avg_sm_clock_mhz,warp-level HMMA mma.sync.aligned.m16n8k16 pair -> logical m16n16k16,"dense FP16 Tensor Core HMMA normalization only; no sparsity, no WGMMA",161.69088,1005.1363331016258,98.15784502945564,True,False,158.7122834171631,nan,210.90053495266872,188.24493233619523,235.16,198.037,nvml_total_energy_counter,nvml_total_energy_counter,262.97551702850933,208.47344232434918,235.84656072787573,198.1653380138096,average_instant,average_instant,235.5875,199.38625,236.3325,217.59625,370.0,370.0,235.16,198.037,-27.815517028509333,-10.436442324349173,0.8942277313766291,0.9499387441969138,203.9654063490972,0.8673473649817027,0.13265263501829727,0.8925768366516569,True,22.655602616473487,31.19459365090279,0.18139928521704551,0.14274637179105393,nan,nan,0.18139928521704551,0.12093285681136368,0.09069964260852276,8,8,1,1,1925.625,15.0,71.0,99.75,100.0,100.0,100.0,True,True,True,pure_fp16_candidate_no_l2,launch_shape_tensor_mma_f16acc_t128_b04_rep004_test_950df9f3,launch_shape_tensor_mma_f16acc_t128_b04_rep004_baseline_b2a5a5c2,/home/bang001/gpupowermodeling/accelwattch/util/fp16_energy_impl/results/strict_fp16_launch_shape_rtx3090_20260602_115550/raw/launch_shape_tensor_mma_f16acc_t128_b04_rep004_test_950df9f3/power.csv,/home/bang001/gpupowermodeling/accelwattch/util/fp16_energy_impl/results/strict_fp16_launch_shape_rtx3090_20260602_115550/raw/launch_shape_tensor_mma_f16acc_t128_b04_rep004_baseline_b2a5a5c2/power.csv,/home/bang001/gpupowermodeling/accelwattch/util/fp16_energy_impl/results/strict_fp16_launch_shape_rtx3090_20260602_115550/raw/launch_shape_tensor_mma_f16acc_t128_b04_rep004_test_950df9f3/sm_util.csv,/home/bang001/gpupowermodeling/accelwattch/util/fp16_energy_impl/results/strict_fp16_launch_shape_rtx3090_20260602_115550/raw/launch_shape_tensor_mma_f16acc_t128_b04_rep004_baseline_b2a5a5c2/sm_util.csv
launch_shape_tensor_mma_f16acc_t128_b04,5,5,NVIDIA GeForce RTX 3090,ampere,ga102,consumer,86,82,benchmark uses warp-level HMMA mma.sync m16n8k16 pairs,False,False,tensor_core_mma_m16n16k16_f16acc,fp16-energy-bench-v2,fp16-energy-bench-v2,"nvml_timed_energy_counter,explicit_m16n16k16_denominator,strict_denominator_provenance,tensor_no_memory_warpsync_baseline","nvml_timed_energy_counter,explicit_m16n16k16_denominator,strict_denominator_provenance,tensor_no_memory_warpsync_baseline",bae1f83e791c,bae1f83e791c,tensor_mma_f16acc,tensor_baseline_mov,328,128,512.0,4,1000000,8,1.08682446289,1.02249884033,171966464000000.0,0.0,0.0,171966464000000.0,85983232000000.0,85983232000000.0,257949696000000.0,343932928000000.0,20992000000.0,8192.0,8192.0,4096.0,4096.0,12288.0,16384.0,True,bench_json_metadata,True,logical_m16n16k16_input_bits_8192,ga102,"RTX 3090 FE dense FP16 Tensor Core peak, no sparsity",https://www.nvidia.com/content/dam/en-zz/Solutions/geforce/ampere/pdf/NVIDIA-ampere-GA102-GPU-Architecture-Whitepaper-V1.pdf,142.0,284.0,1024.0,1920.0,measured_avg_sm_clock_mhz,warp-level HMMA mma.sync.aligned.m16n8k16 pair -> logical m16n16k16,"dense FP16 Tensor Core HMMA normalization only; no sparsity, no WGMMA",161.21856,1005.0074358486514,98.14525740709486,True,False,158.22837070001168,nan,208.2460089746291,193.53335913017762,232.947,203.622,nvml_total_energy_counter,nvml_total_energy_counter,264.10693173193135,194.50050799579682,236.10183636496512,184.86379990842113,average_instant,average_instant,236.03222222222223,185.03875,235.86777777777777,217.75625,370.0,370.0,232.947,203.622,-31.15993173193135,9.12149200420319,0.8820177436177302,1.0468970086412335,210.33678908795275,0.9029383897966179,0.0970616102033821,0.9293496671706014,True,14.712649844451477,22.61021091204725,0.13148035021553534,0.09298363990832897,nan,nan,0.13148035021553534,0.0876535668103569,0.06574017510776767,9,8,1,1,1920.0,0.0,72.0,99.77777777777777,100.0,100.0,100.0,True,True,True,pure_fp16_candidate_no_l2,launch_shape_tensor_mma_f16acc_t128_b04_rep005_test_8a41e6fa,launch_shape_tensor_mma_f16acc_t128_b04_rep005_baseline_947afce2,/home/bang001/gpupowermodeling/accelwattch/util/fp16_energy_impl/results/strict_fp16_launch_shape_rtx3090_20260602_115550/raw/launch_shape_tensor_mma_f16acc_t128_b04_rep005_test_8a41e6fa/power.csv,/home/bang001/gpupowermodeling/accelwattch/util/fp16_energy_impl/results/strict_fp16_launch_shape_rtx3090_20260602_115550/raw/launch_shape_tensor_mma_f16acc_t128_b04_rep005_baseline_947afce2/power.csv,/home/bang001/gpupowermodeling/accelwattch/util/fp16_energy_impl/results/strict_fp16_launch_shape_rtx3090_20260602_115550/raw/launch_shape_tensor_mma_f16acc_t128_b04_rep005_test_8a41e6fa/sm_util.csv,/home/bang001/gpupowermodeling/accelwattch/util/fp16_energy_impl/results/strict_fp16_launch_shape_rtx3090_20260602_115550/raw/launch_shape_tensor_mma_f16acc_t128_b04_rep005_baseline_947afce2/sm_util.csv
launch_shape_tensor_mma_f16acc_t128_b04,6,6,NVIDIA GeForce RTX 3090,ampere,ga102,consumer,86,82,benchmark uses warp-level HMMA mma.sync m16n8k16 pairs,False,False,tensor_core_mma_m16n16k16_f16acc,fp16-energy-bench-v2,fp16-energy-bench-v2,"nvml_timed_energy_counter,explicit_m16n16k16_denominator,strict_denominator_provenance,tensor_no_memory_warpsync_baseline","nvml_timed_energy_counter,explicit_m16n16k16_denominator,strict_denominator_provenance,tensor_no_memory_warpsync_baseline",bae1f83e791c,bae1f83e791c,tensor_mma_f16acc,tensor_baseline_mov,328,128,512.0,4,1000000,8,1.08586486816,1.02439221191,171966464000000.0,0.0,0.0,171966464000000.0,85983232000000.0,85983232000000.0,257949696000000.0,343932928000000.0,20992000000.0,8192.0,8192.0,4096.0,4096.0,12288.0,16384.0,True,bench_json_metadata,True,logical_m16n16k16_input_bits_8192,ga102,"RTX 3090 FE dense FP16 Tensor Core peak, no sparsity",https://www.nvidia.com/content/dam/en-zz/Solutions/geforce/ampere/pdf/NVIDIA-ampere-GA102-GPU-Architecture-Whitepaper-V1.pdf,142.0,284.0,1024.0,1920.0,measured_avg_sm_clock_mhz,warp-level HMMA mma.sync.aligned.m16n8k16 pair -> logical m16n16k16,"dense FP16 Tensor Core HMMA normalization only; no sparsity, no WGMMA",161.21856,1005.8955756783203,98.23198981233597,True,False,158.36819943479475,nan,209.12847153459205,187.37279412674823,234.188,197.975,nvml_total_energy_counter,nvml_total_energy_counter,263.5042430564066,195.48214044547436,235.30769976798965,185.01343531832782,average_instant,average_instant,234.97222222222223,184.76,235.82444444444445,217.99375,370.0,370.0,234.188,197.975,-29.31624305640662,2.492859554525637,0.8887447021104283,1.012752364736977,203.4615343912123,0.8687957298888598,0.13120427011114016,0.8959697967082153,True,21.75567740784382,30.72646560878769,0.17867707978683386,0.13737402764878517,nan,nan,0.17867707978683386,0.11911805319122258,0.08933853989341693,9,8,1,1,1920.0,0.0,72.0,99.77777777777777,100.0,100.0,100.0,True,True,True,pure_fp16_candidate_no_l2,launch_shape_tensor_mma_f16acc_t128_b04_rep006_test_4652f643,launch_shape_tensor_mma_f16acc_t128_b04_rep006_baseline_c85ed066,/home/bang001/gpupowermodeling/accelwattch/util/fp16_energy_impl/results/strict_fp16_launch_shape_rtx3090_20260602_115550/raw/launch_shape_tensor_mma_f16acc_t128_b04_rep006_test_4652f643/power.csv,/home/bang001/gpupowermodeling/accelwattch/util/fp16_energy_impl/results/strict_fp16_launch_shape_rtx3090_20260602_115550/raw/launch_shape_tensor_mma_f16acc_t128_b04_rep006_baseline_c85ed066/power.csv,/home/bang001/gpupowermodeling/accelwattch/util/fp16_energy_impl/results/strict_fp16_launch_shape_rtx3090_20260602_115550/raw/launch_shape_tensor_mma_f16acc_t128_b04_rep006_test_4652f643/sm_util.csv,/home/bang001/gpupowermodeling/accelwattch/util/fp16_energy_impl/results/strict_fp16_launch_shape_rtx3090_20260602_115550/raw/launch_shape_tensor_mma_f16acc_t128_b04_rep006_baseline_c85ed066/sm_util.csv
launch_shape_tensor_mma_f16acc_t128_b04,7,7,NVIDIA GeForce RTX 3090,ampere,ga102,consumer,86,82,benchmark uses warp-level HMMA mma.sync m16n8k16 pairs,False,False,tensor_core_mma_m16n16k16_f16acc,fp16-energy-bench-v2,fp16-energy-bench-v2,"nvml_timed_energy_counter,explicit_m16n16k16_denominator,strict_denominator_provenance,tensor_no_memory_warpsync_baseline","nvml_timed_energy_counter,explicit_m16n16k16_denominator,strict_denominator_provenance,tensor_no_memory_warpsync_baseline",bae1f83e791c,bae1f83e791c,tensor_mma_f16acc,tensor_baseline_mov,328,128,512.0,4,1000000,8,1.08592724609,1.02052453613,171966464000000.0,0.0,0.0,171966464000000.0,85983232000000.0,85983232000000.0,257949696000000.0,343932928000000.0,20992000000.0,8192.0,8192.0,4096.0,4096.0,12288.0,16384.0,True,bench_json_metadata,True,logical_m16n16k16_input_bits_8192,ga102,"RTX 3090 FE dense FP16 Tensor Core peak, no sparsity",https://www.nvidia.com/content/dam/en-zz/Solutions/geforce/ampere/pdf/NVIDIA-ampere-GA102-GPU-Architecture-Whitepaper-V1.pdf,142.0,284.0,1024.0,1920.0,measured_avg_sm_clock_mhz,warp-level HMMA mma.sync.aligned.m16n8k16 pair -> logical m16n16k16,"dense FP16 Tensor Core HMMA normalization only; no sparsity, no WGMMA",161.21856,1005.8377949346906,98.2263471615909,True,False,158.3591024345177,nan,213.1433919237115,915.5213809485354,235.166,196.0,nvml_total_energy_counter,nvml_total_energy_counter,260.6605643529074,-1004329186064.708,236.25046489257616,-4691249200780.0,average_instant,average_instant,236.12555555555556,182.41,234.55777777777777,216.865,370.0,370.0,235.166,196.0,-25.49456435290739,1004329186260.708,0.9021924761952468,nan,994.1896119499568,4.227607783225283,-3.2276077832252827,4.295330822530119,True,-702.3779890248238,-759.0236119499568,-4.413788562576694,-4.4353496466378415,nan,nan,-4.413788562576694,-2.942525708384463,-2.206894281288347,9,2,1,0,1920.0,0.0,72.0,98.66666666666667,100.0,100.0,100.0,False,False,False,invalid_or_nonpositive_increment,launch_shape_tensor_mma_f16acc_t128_b04_rep007_test_872ba726,launch_shape_tensor_mma_f16acc_t128_b04_rep007_baseline_ff1e57bf,/home/bang001/gpupowermodeling/accelwattch/util/fp16_energy_impl/results/strict_fp16_launch_shape_rtx3090_20260602_115550/raw/launch_shape_tensor_mma_f16acc_t128_b04_rep007_test_872ba726/power.csv,/home/bang001/gpupowermodeling/accelwattch/util/fp16_energy_impl/results/strict_fp16_launch_shape_rtx3090_20260602_115550/raw/launch_shape_tensor_mma_f16acc_t128_b04_rep007_baseline_ff1e57bf/power.csv,/home/bang001/gpupowermodeling/accelwattch/util/fp16_energy_impl/results/strict_fp16_launch_shape_rtx3090_20260602_115550/raw/launch_shape_tensor_mma_f16acc_t128_b04_rep007_test_872ba726/sm_util.csv,/home/bang001/gpupowermodeling/accelwattch/util/fp16_energy_impl/results/strict_fp16_launch_shape_rtx3090_20260602_115550/raw/launch_shape_tensor_mma_f16acc_t128_b04_rep007_baseline_ff1e57bf/sm_util.csv
launch_shape_tensor_mma_f16acc_t128_b04,8,8,NVIDIA GeForce RTX 3090,ampere,ga102,consumer,86,82,benchmark uses warp-level HMMA mma.sync m16n8k16 pairs,False,False,tensor_core_mma_m16n16k16_f16acc,fp16-energy-bench-v2,fp16-energy-bench-v2,"nvml_timed_energy_counter,explicit_m16n16k16_denominator,strict_denominator_provenance,tensor_no_memory_warpsync_baseline","nvml_timed_energy_counter,explicit_m16n16k16_denominator,strict_denominator_provenance,tensor_no_memory_warpsync_baseline",bae1f83e791c,bae1f83e791c,tensor_mma_f16acc,tensor_baseline_mov,328,128,512.0,4,1000000,8,1.0858084716799998,1.02854553223,171966464000000.0,0.0,0.0,171966464000000.0,85983232000000.0,85983232000000.0,257949696000000.0,343932928000000.0,20992000000.0,8192.0,8192.0,4096.0,4096.0,12288.0,16384.0,True,bench_json_metadata,True,logical_m16n16k16_input_bits_8192,ga102,"RTX 3090 FE dense FP16 Tensor Core peak, no sparsity",https://www.nvidia.com/content/dam/en-zz/Solutions/geforce/ampere/pdf/NVIDIA-ampere-GA102-GPU-Architecture-Whitepaper-V1.pdf,142.0,284.0,1024.0,1920.0,measured_avg_sm_clock_mhz,warp-level HMMA mma.sync.aligned.m16n8k16 pair -> logical m16n16k16,"dense FP16 Tensor Core HMMA normalization only; no sparsity, no WGMMA",161.21856,1005.947821512826,98.2370919446119,True,False,158.37642501897932,nan,206.25989996001584,202.83937310442857,230.509,215.221,nvml_total_energy_counter,nvml_total_energy_counter,264.69065920763643,209.68963261531076,236.84571486804307,197.62622432842323,average_instant,average_instant,236.835,198.6025,236.67,217.475,370.0,370.0,230.509,215.221,-34.18165920763644,5.531367384689247,0.8708618607473313,1.0263788310165858,220.24470970704886,0.955471195081532,0.04452880491846796,0.9834164233753127,True,3.420526855587269,10.26429029295113,0.05968774407637486,0.02159744958997126,nan,nan,0.05968774407637486,0.039791829384249904,0.02984387203818743,8,8,1,1,1920.0,0.0,72.0,99.25,100.0,100.0,100.0,True,True,True,pure_fp16_candidate_no_l2,launch_shape_tensor_mma_f16acc_t128_b04_rep008_test_d52bd14e,launch_shape_tensor_mma_f16acc_t128_b04_rep008_baseline_2408df9d,/home/bang001/gpupowermodeling/accelwattch/util/fp16_energy_impl/results/strict_fp16_launch_shape_rtx3090_20260602_115550/raw/launch_shape_tensor_mma_f16acc_t128_b04_rep008_test_d52bd14e/power.csv,/home/bang001/gpupowermodeling/accelwattch/util/fp16_energy_impl/results/strict_fp16_launch_shape_rtx3090_20260602_115550/raw/launch_shape_tensor_mma_f16acc_t128_b04_rep008_baseline_2408df9d/power.csv,/home/bang001/gpupowermodeling/accelwattch/util/fp16_energy_impl/results/strict_fp16_launch_shape_rtx3090_20260602_115550/raw/launch_shape_tensor_mma_f16acc_t128_b04_rep008_test_d52bd14e/sm_util.csv,/home/bang001/gpupowermodeling/accelwattch/util/fp16_energy_impl/results/strict_fp16_launch_shape_rtx3090_20260602_115550/raw/launch_shape_tensor_mma_f16acc_t128_b04_rep008_baseline_2408df9d/sm_util.csv
launch_shape_tensor_mma_f16acc_t128_b04,9,9,NVIDIA GeForce RTX 3090,ampere,ga102,consumer,86,82,benchmark uses warp-level HMMA mma.sync m16n8k16 pairs,False,False,tensor_core_mma_m16n16k16_f16acc,fp16-energy-bench-v2,fp16-energy-bench-v2,"nvml_timed_energy_counter,explicit_m16n16k16_denominator,strict_denominator_provenance,tensor_no_memory_warpsync_baseline","nvml_timed_energy_counter,explicit_m16n16k16_denominator,strict_denominator_provenance,tensor_no_memory_warpsync_baseline",bae1f83e791c,bae1f83e791c,tensor_mma_f16acc,tensor_baseline_mov,328,128,512.0,4,1000000,8,1.08601855469,1.03042358398,171966464000000.0,0.0,0.0,171966464000000.0,85983232000000.0,85983232000000.0,257949696000000.0,343932928000000.0,20992000000.0,8192.0,8192.0,4096.0,4096.0,12288.0,16384.0,True,bench_json_metadata,True,logical_m16n16k16_input_bits_8192,ga102,"RTX 3090 FE dense FP16 Tensor Core peak, no sparsity",https://www.nvidia.com/content/dam/en-zz/Solutions/geforce/ampere/pdf/NVIDIA-ampere-GA102-GPU-Architecture-Whitepaper-V1.pdf,142.0,284.0,1024.0,1920.0,measured_avg_sm_clock_mhz,warp-level HMMA mma.sync.aligned.m16n8k16 pair -> logical m16n16k16,"dense FP16 Tensor Core HMMA normalization only; no sparsity, no WGMMA",161.21856,1005.7532276494577,98.21808863764237,True,False,158.34578816113063,nan,215.20551248819595,187.80197531459336,240.555,199.154,nvml_total_energy_counter,nvml_total_energy_counter,264.14414433611086,198.11110503732792,236.30885224837868,186.81852665659272,average_instant,average_instant,236.3066666666667,186.8225,236.54222222222222,218.875,370.0,370.0,240.555,199.154,-23.58914433611085,1.0428949626720794,0.9106959406751233,1.0052641923453791,203.95642979908175,0.8478577863652044,0.1521422136347956,0.8726634050551764,True,27.403537173602587,36.59857020091826,0.21282388059638338,0.1730613582580239,nan,nan,0.21282388059638338,0.14188258706425558,0.10641194029819169,9,8,1,1,1920.0,0.0,72.0,99.77777777777777,100.0,100.0,100.0,True,True,True,pure_fp16_candidate_no_l2,launch_shape_tensor_mma_f16acc_t128_b04_rep009_test_5136a600,launch_shape_tensor_mma_f16acc_t128_b04_rep009_baseline_cb4e807e,/home/bang001/gpupowermodeling/accelwattch/util/fp16_energy_impl/results/strict_fp16_launch_shape_rtx3090_20260602_115550/raw/launch_shape_tensor_mma_f16acc_t128_b04_rep009_test_5136a600/power.csv,/home/bang001/gpupowermodeling/accelwattch/util/fp16_energy_impl/results/strict_fp16_launch_shape_rtx3090_20260602_115550/raw/launch_shape_tensor_mma_f16acc_t128_b04_rep009_baseline_cb4e807e/power.csv,/home/bang001/gpupowermodeling/accelwattch/util/fp16_energy_impl/results/strict_fp16_launch_shape_rtx3090_20260602_115550/raw/launch_shape_tensor_mma_f16acc_t128_b04_rep009_test_5136a600/sm_util.csv,/home/bang001/gpupowermodeling/accelwattch/util/fp16_energy_impl/results/strict_fp16_launch_shape_rtx3090_20260602_115550/raw/launch_shape_tensor_mma_f16acc_t128_b04_rep009_baseline_cb4e807e/sm_util.csv
launch_shape_tensor_mma_f16acc_t128_b08,0,0,NVIDIA GeForce RTX 3090,ampere,ga102,consumer,86,82,benchmark uses warp-level HMMA mma.sync m16n8k16 pairs,False,False,tensor_core_mma_m16n16k16_f16acc,fp16-energy-bench-v2,fp16-energy-bench-v2,"nvml_timed_energy_counter,explicit_m16n16k16_denominator,strict_denominator_provenance,tensor_no_memory_warpsync_baseline","nvml_timed_energy_counter,explicit_m16n16k16_denominator,strict_denominator_provenance,tensor_no_memory_warpsync_baseline",bae1f83e791c,bae1f83e791c,tensor_mma_f16acc,tensor_baseline_mov,656,128,1024.0,8,1000000,8,2.15624169922,1.02107641602,343932928000000.0,0.0,0.0,343932928000000.0,171966464000000.0,171966464000000.0,515899392000000.0,687865856000000.0,41984000000.0,8192.0,8192.0,4096.0,4096.0,12288.0,16384.0,True,bench_json_metadata,True,logical_m16n16k16_input_bits_8192,ga102,"RTX 3090 FE dense FP16 Tensor Core peak, no sparsity",https://www.nvidia.com/content/dam/en-zz/Solutions/geforce/ampere/pdf/NVIDIA-ampere-GA102-GPU-Architecture-Whitepaper-V1.pdf,142.0,284.0,1024.0,1935.0,measured_avg_sm_clock_mhz,warp-level HMMA mma.sync.aligned.m16n8k16 pair -> logical m16n16k16,"dense FP16 Tensor Core HMMA normalization only; no sparsity, no WGMMA",162.47808,1005.2671586828029,98.17062096511748,True,False,159.50574006820034,nan,209.18522666838206,216.34981379602002,464.372,227.489,nvml_total_energy_counter,nvml_total_energy_counter,512.1021421885197,196.18135952849812,230.6861798107326,186.57517771954082,average_instant,average_instant,230.689375,187.6575,230.534375,226.06,370.0,370.0,464.372,227.489,-47.730142188519665,31.307640471501884,0.9067956599741213,1.1595851947746034,466.50249012546084,1.0045878953198315,-0.0045878953198315656,1.0342499670829808,True,-7.164587127637958,-2.130490125460824,-0.006194493030515601,-0.04491742506930832,nan,nan,-0.006194493030515601,-0.004129662020343734,-0.0030972465152578005,16,8,2,1,1935.0,0.0,67.0,99.9375,100.0,100.0,100.0,False,False,False,invalid_or_nonpositive_increment,launch_shape_tensor_mma_f16acc_t128_b08_rep000_test_42ef5b33,launch_shape_tensor_mma_f16acc_t128_b08_rep000_baseline_d54aa1ee,/home/bang001/gpupowermodeling/accelwattch/util/fp16_energy_impl/results/strict_fp16_launch_shape_rtx3090_20260602_115550/raw/launch_shape_tensor_mma_f16acc_t128_b08_rep000_test_42ef5b33/power.csv,/home/bang001/gpupowermodeling/accelwattch/util/fp16_energy_impl/results/strict_fp16_launch_shape_rtx3090_20260602_115550/raw/launch_shape_tensor_mma_f16acc_t128_b08_rep000_baseline_d54aa1ee/power.csv,/home/bang001/gpupowermodeling/accelwattch/util/fp16_energy_impl/results/strict_fp16_launch_shape_rtx3090_20260602_115550/raw/launch_shape_tensor_mma_f16acc_t128_b08_rep000_test_42ef5b33/sm_util.csv,/home/bang001/gpupowermodeling/accelwattch/util/fp16_energy_impl/results/strict_fp16_launch_shape_rtx3090_20260602_115550/raw/launch_shape_tensor_mma_f16acc_t128_b08_rep000_baseline_d54aa1ee/sm_util.csv
launch_shape_tensor_mma_f16acc_t128_b08,1,1,NVIDIA GeForce RTX 3090,ampere,ga102,consumer,86,82,benchmark uses warp-level HMMA mma.sync m16n8k16 pairs,False,False,tensor_core_mma_m16n16k16_f16acc,fp16-energy-bench-v2,fp16-energy-bench-v2,"nvml_timed_energy_counter,explicit_m16n16k16_denominator,strict_denominator_provenance,tensor_no_memory_warpsync_baseline","nvml_timed_energy_counter,explicit_m16n16k16_denominator,strict_denominator_provenance,tensor_no_memory_warpsync_baseline",bae1f83e791c,bae1f83e791c,tensor_mma_f16acc,tensor_baseline_mov,656,128,1024.0,8,1000000,8,2.1607770996099998,1.0316665039100001,343932928000000.0,0.0,0.0,343932928000000.0,171966464000000.0,171966464000000.0,515899392000000.0,687865856000000.0,41984000000.0,8192.0,8192.0,4096.0,4096.0,12288.0,16384.0,True,bench_json_metadata,True,logical_m16n16k16_input_bits_8192,ga102,"RTX 3090 FE dense FP16 Tensor Core peak, no sparsity",https://www.nvidia.com/content/dam/en-zz/Solutions/geforce/ampere/pdf/NVIDIA-ampere-GA102-GPU-Architecture-Whitepaper-V1.pdf,142.0,284.0,1024.0,1935.0,measured_avg_sm_clock_mhz,warp-level HMMA mma.sync.aligned.m16n8k16 pair -> logical m16n16k16,"dense FP16 Tensor Core HMMA normalization only; no sparsity, no WGMMA",162.47808,1003.1571358283556,97.96456404573786,True,False,159.1709427418852,nan,211.3552139640085,202.90870925583067,464.564,212.99,nvml_total_energy_counter,nvml_total_energy_counter,515.8578722597962,200.64607512337818,234.69156233906926,191.14904981704822,average_instant,average_instant,234.686875,191.0025,234.56375,226.0575,370.0,370.0,464.564,212.99,-51.29387225979616,12.343924876621827,0.9005658825461065,1.0615208888039873,438.4404922714225,0.9437676881364515,0.05623231186354845,0.9600364497768379,True,8.446504708177827,26.123507728577522,0.0759552389487334,0.05306561965819885,nan,nan,0.0759552389487334,0.05063682596582227,0.0379776194743667,16,8,2,1,1935.0,0.0,70.0,99.9375,100.0,100.0,100.0,True,True,True,pure_fp16_candidate_no_l2,launch_shape_tensor_mma_f16acc_t128_b08_rep001_test_9acbc959,launch_shape_tensor_mma_f16acc_t128_b08_rep001_baseline_6c01ca12,/home/bang001/gpupowermodeling/accelwattch/util/fp16_energy_impl/results/strict_fp16_launch_shape_rtx3090_20260602_115550/raw/launch_shape_tensor_mma_f16acc_t128_b08_rep001_test_9acbc959/power.csv,/home/bang001/gpupowermodeling/accelwattch/util/fp16_energy_impl/results/strict_fp16_launch_shape_rtx3090_20260602_115550/raw/launch_shape_tensor_mma_f16acc_t128_b08_rep001_baseline_6c01ca12/power.csv,/home/bang001/gpupowermodeling/accelwattch/util/fp16_energy_impl/results/strict_fp16_launch_shape_rtx3090_20260602_115550/raw/launch_shape_tensor_mma_f16acc_t128_b08_rep001_test_9acbc959/sm_util.csv,/home/bang001/gpupowermodeling/accelwattch/util/fp16_energy_impl/results/strict_fp16_launch_shape_rtx3090_20260602_115550/raw/launch_shape_tensor_mma_f16acc_t128_b08_rep001_baseline_6c01ca12/sm_util.csv
launch_shape_tensor_mma_f16acc_t128_b08,2,2,NVIDIA GeForce RTX 3090,ampere,ga102,consumer,86,82,benchmark uses warp-level HMMA mma.sync m16n8k16 pairs,False,False,tensor_core_mma_m16n16k16_f16acc,fp16-energy-bench-v2,fp16-energy-bench-v2,"nvml_timed_energy_counter,explicit_m16n16k16_denominator,strict_denominator_provenance,tensor_no_memory_warpsync_baseline","nvml_timed_energy_counter,explicit_m16n16k16_denominator,strict_denominator_provenance,tensor_no_memory_warpsync_baseline",bae1f83e791c,bae1f83e791c,tensor_mma_f16acc,tensor_baseline_mov,656,128,1024.0,8,1000000,8,2.15790185547,1.02963500977,343932928000000.0,0.0,0.0,343932928000000.0,171966464000000.0,171966464000000.0,515899392000000.0,687865856000000.0,41984000000.0,8192.0,8192.0,4096.0,4096.0,12288.0,16384.0,True,bench_json_metadata,True,logical_m16n16k16_input_bits_8192,ga102,"RTX 3090 FE dense FP16 Tensor Core peak, no sparsity",https://www.nvidia.com/content/dam/en-zz/Solutions/geforce/ampere/pdf/NVIDIA-ampere-GA102-GPU-Architecture-Whitepaper-V1.pdf,142.0,284.0,1024.0,1935.0,measured_avg_sm_clock_mhz,warp-level HMMA mma.sync.aligned.m16n8k16 pair -> logical m16n16k16,"dense FP16 Tensor Core HMMA normalization only; no sparsity, no WGMMA",162.47808,1004.4937682933485,98.0950945598973,True,False,159.3830262151056,nan,213.06636638924294,197.4425711984358,472.741,211.379,nvml_total_energy_counter,nvml_total_energy_counter,523.9587402238587,203.76730424656154,236.1504183419311,190.33272215600914,average_instant,average_instant,236.1675,190.14125,236.484375,228.69,370.0,370.0,472.741,211.379,-51.217740223858755,7.611695753438454,0.9022485239926025,1.0373548434651134,426.06169073787214,0.9012581746408121,0.09874182535918789,0.9266716964503697,True,15.623795190807158,46.679309262127845,0.1357221291185235,0.09802671941817107,nan,nan,0.1357221291185235,0.090481419412349,0.06786106455926175,16,8,2,1,1935.0,0.0,71.0,99.9375,100.0,100.0,100.0,True,True,True,pure_fp16_candidate_no_l2,launch_shape_tensor_mma_f16acc_t128_b08_rep002_test_a1a14ec0,launch_shape_tensor_mma_f16acc_t128_b08_rep002_baseline_dacb3693,/home/bang001/gpupowermodeling/accelwattch/util/fp16_energy_impl/results/strict_fp16_launch_shape_rtx3090_20260602_115550/raw/launch_shape_tensor_mma_f16acc_t128_b08_rep002_test_a1a14ec0/power.csv,/home/bang001/gpupowermodeling/accelwattch/util/fp16_energy_impl/results/strict_fp16_launch_shape_rtx3090_20260602_115550/raw/launch_shape_tensor_mma_f16acc_t128_b08_rep002_baseline_dacb3693/power.csv,/home/bang001/gpupowermodeling/accelwattch/util/fp16_energy_impl/results/strict_fp16_launch_shape_rtx3090_20260602_115550/raw/launch_shape_tensor_mma_f16acc_t128_b08_rep002_test_a1a14ec0/sm_util.csv,/home/bang001/gpupowermodeling/accelwattch/util/fp16_energy_impl/results/strict_fp16_launch_shape_rtx3090_20260602_115550/raw/launch_shape_tensor_mma_f16acc_t128_b08_rep002_baseline_dacb3693/sm_util.csv
launch_shape_tensor_mma_f16acc_t128_b08,3,3,NVIDIA GeForce RTX 3090,ampere,ga102,consumer,86,82,benchmark uses warp-level HMMA mma.sync m16n8k16 pairs,False,False,tensor_core_mma_m16n16k16_f16acc,fp16-energy-bench-v2,fp16-energy-bench-v2,"nvml_timed_energy_counter,explicit_m16n16k16_denominator,strict_denominator_provenance,tensor_no_memory_warpsync_baseline","nvml_timed_energy_counter,explicit_m16n16k16_denominator,strict_denominator_provenance,tensor_no_memory_warpsync_baseline",bae1f83e791c,bae1f83e791c,tensor_mma_f16acc,tensor_baseline_mov,656,128,1024.0,8,1000000,8,2.16622387695,1.0286854248,343932928000000.0,0.0,0.0,343932928000000.0,171966464000000.0,171966464000000.0,515899392000000.0,687865856000000.0,41984000000.0,8192.0,8192.0,4096.0,4096.0,12288.0,16384.0,True,bench_json_metadata,True,logical_m16n16k16_input_bits_8192,ga102,"RTX 3090 FE dense FP16 Tensor Core peak, no sparsity",https://www.nvidia.com/content/dam/en-zz/Solutions/geforce/ampere/pdf/NVIDIA-ampere-GA102-GPU-Architecture-Whitepaper-V1.pdf,142.0,284.0,1024.0,1926.5625,measured_avg_sm_clock_mhz,warp-level HMMA mma.sync.aligned.m16n8k16 pair -> logical m16n16k16,"dense FP16 Tensor Core HMMA normalization only; no sparsity, no WGMMA",161.7696,1005.0171285310654,98.14620395811185,True,False,158.7707215582217,nan,205.42643739745586,200.57415344451564,456.384,211.829,nvml_total_energy_counter,nvml_total_energy_counter,526.4758396138742,203.2258894667276,236.97600290043587,192.42814127337425,average_instant,average_instant,236.945625,192.69625,236.793125,230.73624999999998,370.0,370.0,456.384,211.829,-70.09183961387419,8.6031105332724,0.8668659901558243,1.0423327488237217,434.4885202905429,0.9520239979721964,0.047976002027803576,0.9763794572187801,True,4.852283952940212,21.895479709457106,0.06366206293994946,0.03056157901985011,nan,nan,0.06366206293994946,0.04244137529329964,0.03183103146997473,16,8,2,1,1926.5625,15.0,72.0,99.875,100.0,100.0,100.0,True,True,True,pure_fp16_candidate_no_l2,launch_shape_tensor_mma_f16acc_t128_b08_rep003_test_868212ac,launch_shape_tensor_mma_f16acc_t128_b08_rep003_baseline_461b03ac,/home/bang001/gpupowermodeling/accelwattch/util/fp16_energy_impl/results/strict_fp16_launch_shape_rtx3090_20260602_115550/raw/launch_shape_tensor_mma_f16acc_t128_b08_rep003_test_868212ac/power.csv,/home/bang001/gpupowermodeling/accelwattch/util/fp16_energy_impl/results/strict_fp16_launch_shape_rtx3090_20260602_115550/raw/launch_shape_tensor_mma_f16acc_t128_b08_rep003_baseline_461b03ac/power.csv,/home/bang001/gpupowermodeling/accelwattch/util/fp16_energy_impl/results/strict_fp16_launch_shape_rtx3090_20260602_115550/raw/launch_shape_tensor_mma_f16acc_t128_b08_rep003_test_868212ac/sm_util.csv,/home/bang001/gpupowermodeling/accelwattch/util/fp16_energy_impl/results/strict_fp16_launch_shape_rtx3090_20260602_115550/raw/launch_shape_tensor_mma_f16acc_t128_b08_rep003_baseline_461b03ac/sm_util.csv
launch_shape_tensor_mma_f16acc_t128_b08,4,4,NVIDIA GeForce RTX 3090,ampere,ga102,consumer,86,82,benchmark uses warp-level HMMA mma.sync m16n8k16 pairs,False,False,tensor_core_mma_m16n16k16_f16acc,fp16-energy-bench-v2,fp16-energy-bench-v2,"nvml_timed_energy_counter,explicit_m16n16k16_denominator,strict_denominator_provenance,tensor_no_memory_warpsync_baseline","nvml_timed_energy_counter,explicit_m16n16k16_denominator,strict_denominator_provenance,tensor_no_memory_warpsync_baseline",bae1f83e791c,bae1f83e791c,tensor_mma_f16acc,tensor_baseline_mov,656,128,1024.0,8,1000000,8,2.1706926269499998,1.0272430419899998,343932928000000.0,0.0,0.0,343932928000000.0,171966464000000.0,171966464000000.0,515899392000000.0,687865856000000.0,41984000000.0,8192.0,8192.0,4096.0,4096.0,12288.0,16384.0,True,bench_json_metadata,True,logical_m16n16k16_input_bits_8192,ga102,"RTX 3090 FE dense FP16 Tensor Core peak, no sparsity",https://www.nvidia.com/content/dam/en-zz/Solutions/geforce/ampere/pdf/NVIDIA-ampere-GA102-GPU-Architecture-Whitepaper-V1.pdf,142.0,284.0,1024.0,1920.0,measured_avg_sm_clock_mhz,warp-level HMMA mma.sync.aligned.m16n8k16 pair -> logical m16n16k16,"dense FP16 Tensor Core HMMA normalization only; no sparsity, no WGMMA",161.21856,1006.3761705418334,98.27892290447593,True,False,158.44386429010626,nan,212.0757838257481,204.44901399290256,473.593,216.178,nvml_total_energy_counter,nvml_total_energy_counter,527.2420945060703,226.3339155950977,236.09994332328395,214.05390870750287,average_instant,average_instant,236.101875,193.67777777777778,236.30875,220.3488888888889,370.0,370.0,473.593,216.178,-53.6490945060703,-10.155915595097696,0.8982458057406632,0.9551286179607911,443.79596726159093,0.93708303809725,0.06291696190275001,0.9640375261368264,True,7.626769832845525,29.797032738409087,0.08663617325529555,0.048135469726244016,nan,nan,0.08663617325529555,0.057757448836863685,0.04331808662764777,16,9,2,1,1920.0,0.0,72.0,99.75,100.0,100.0,100.0,True,True,True,pure_fp16_candidate_no_l2,launch_shape_tensor_mma_f16acc_t128_b08_rep004_test_4faf824e,launch_shape_tensor_mma_f16acc_t128_b08_rep004_baseline_55dc1d41,/home/bang001/gpupowermodeling/accelwattch/util/fp16_energy_impl/results/strict_fp16_launch_shape_rtx3090_20260602_115550/raw/launch_shape_tensor_mma_f16acc_t128_b08_rep004_test_4faf824e/power.csv,/home/bang001/gpupowermodeling/accelwattch/util/fp16_energy_impl/results/strict_fp16_launch_shape_rtx3090_20260602_115550/raw/launch_shape_tensor_mma_f16acc_t128_b08_rep004_baseline_55dc1d41/power.csv,/home/bang001/gpupowermodeling/accelwattch/util/fp16_energy_impl/results/strict_fp16_launch_shape_rtx3090_20260602_115550/raw/launch_shape_tensor_mma_f16acc_t128_b08_rep004_test_4faf824e/sm_util.csv,/home/bang001/gpupowermodeling/accelwattch/util/fp16_energy_impl/results/strict_fp16_launch_shape_rtx3090_20260602_115550/raw/launch_shape_tensor_mma_f16acc_t128_b08_rep004_baseline_55dc1d41/sm_util.csv
launch_shape_tensor_mma_f16acc_t128_b08,5,5,NVIDIA GeForce RTX 3090,ampere,ga102,consumer,86,82,benchmark uses warp-level HMMA mma.sync m16n8k16 pairs,False,False,tensor_core_mma_m16n16k16_f16acc,fp16-energy-bench-v2,fp16-energy-bench-v2,"nvml_timed_energy_counter,explicit_m16n16k16_denominator,strict_denominator_provenance,tensor_no_memory_warpsync_baseline","nvml_timed_energy_counter,explicit_m16n16k16_denominator,strict_denominator_provenance,tensor_no_memory_warpsync_baseline",bae1f83e791c,bae1f83e791c,tensor_mma_f16acc,tensor_baseline_mov,656,128,1024.0,8,1000000,8,2.1719128418,1.02909423828,343932928000000.0,0.0,0.0,343932928000000.0,171966464000000.0,171966464000000.0,515899392000000.0,687865856000000.0,41984000000.0,8192.0,8192.0,4096.0,4096.0,12288.0,16384.0,True,bench_json_metadata,True,logical_m16n16k16_input_bits_8192,ga102,"RTX 3090 FE dense FP16 Tensor Core peak, no sparsity",https://www.nvidia.com/content/dam/en-zz/Solutions/geforce/ampere/pdf/NVIDIA-ampere-GA102-GPU-Architecture-Whitepaper-V1.pdf,142.0,284.0,1024.0,1920.0,measured_avg_sm_clock_mhz,warp-level HMMA mma.sync.aligned.m16n8k16 pair -> logical m16n16k16,"dense FP16 Tensor Core HMMA normalization only; no sparsity, no WGMMA",161.21856,1005.8107725551608,98.22370825733994,True,False,158.35484803108454,nan,211.87535178270994,199.60553861188907,473.529,211.394,nvml_total_energy_counter,nvml_total_energy_counter,528.99985646672,207.2911332907837,236.69517744824364,195.7314697199342,average_instant,average_instant,236.6970588235294,194.92428571428573,237.10882352941175,231.53571428571428,370.0,370.0,473.529,211.394,-55.470856466719965,4.1028667092163005,0.8951401294563306,1.0197927747515418,433.52583260556764,0.9155211879432256,0.08447881205677446,0.9420894735155213,True,12.269813170820868,40.00316739443235,0.11631095524076239,0.07748302829612355,nan,nan,0.11631095524076239,0.07754063682717492,0.058155477620381195,17,7,2,1,1920.0,0.0,72.0,99.88235294117646,100.0,100.0,100.0,True,True,True,pure_fp16_candidate_no_l2,launch_shape_tensor_mma_f16acc_t128_b08_rep005_test_7e47756a,launch_shape_tensor_mma_f16acc_t128_b08_rep005_baseline_598b7ddc,/home/bang001/gpupowermodeling/accelwattch/util/fp16_energy_impl/results/strict_fp16_launch_shape_rtx3090_20260602_115550/raw/launch_shape_tensor_mma_f16acc_t128_b08_rep005_test_7e47756a/power.csv,/home/bang001/gpupowermodeling/accelwattch/util/fp16_energy_impl/results/strict_fp16_launch_shape_rtx3090_20260602_115550/raw/launch_shape_tensor_mma_f16acc_t128_b08_rep005_baseline_598b7ddc/power.csv,/home/bang001/gpupowermodeling/accelwattch/util/fp16_energy_impl/results/strict_fp16_launch_shape_rtx3090_20260602_115550/raw/launch_shape_tensor_mma_f16acc_t128_b08_rep005_test_7e47756a/sm_util.csv,/home/bang001/gpupowermodeling/accelwattch/util/fp16_energy_impl/results/strict_fp16_launch_shape_rtx3090_20260602_115550/raw/launch_shape_tensor_mma_f16acc_t128_b08_rep005_baseline_598b7ddc/sm_util.csv
launch_shape_tensor_mma_f16acc_t128_b08,6,6,NVIDIA GeForce RTX 3090,ampere,ga102,consumer,86,82,benchmark uses warp-level HMMA mma.sync m16n8k16 pairs,False,False,tensor_core_mma_m16n16k16_f16acc,fp16-energy-bench-v2,fp16-energy-bench-v2,"nvml_timed_energy_counter,explicit_m16n16k16_denominator,strict_denominator_provenance,tensor_no_memory_warpsync_baseline","nvml_timed_energy_counter,explicit_m16n16k16_denominator,strict_denominator_provenance,tensor_no_memory_warpsync_baseline",bae1f83e791c,bae1f83e791c,tensor_mma_f16acc,tensor_baseline_mov,656,128,1024.0,8,1000000,8,2.17099462891,1.0307512207,343932928000000.0,0.0,0.0,343932928000000.0,171966464000000.0,171966464000000.0,515899392000000.0,687865856000000.0,41984000000.0,8192.0,8192.0,4096.0,4096.0,12288.0,16384.0,True,bench_json_metadata,True,logical_m16n16k16_input_bits_8192,ga102,"RTX 3090 FE dense FP16 Tensor Core peak, no sparsity",https://www.nvidia.com/content/dam/en-zz/Solutions/geforce/ampere/pdf/NVIDIA-ampere-GA102-GPU-Architecture-Whitepaper-V1.pdf,142.0,284.0,1024.0,1920.0,measured_avg_sm_clock_mhz,warp-level HMMA mma.sync.aligned.m16n8k16 pair -> logical m16n16k16,"dense FP16 Tensor Core HMMA normalization only; no sparsity, no WGMMA",161.21856,1006.2361759181922,98.26525155451097,True,False,158.4218235365602,nan,213.83874968704694,200.68752706334035,479.613,213.346,nvml_total_energy_counter,nvml_total_energy_counter,531.0186822718953,206.9920760683494,236.75832614521568,194.71060093868118,average_instant,average_instant,236.74411764705883,193.88375,236.62941176470588,230.95875,370.0,370.0,479.613,213.346,-51.40568227189527,6.353923931650598,0.9031942114504095,1.0306964597502395,435.6915433437422,0.9084231314491938,0.09157686855080621,0.9384993475553266,True,13.151222623706587,43.92145665625782,0.12770355229336405,0.08301395811588787,nan,nan,0.12770355229336405,0.08513570152890938,0.06385177614668203,17,8,2,1,1920.0,0.0,72.0,99.76470588235294,100.0,100.0,100.0,True,True,True,pure_fp16_candidate_no_l2,launch_shape_tensor_mma_f16acc_t128_b08_rep006_test_85cd424e,launch_shape_tensor_mma_f16acc_t128_b08_rep006_baseline_83dbfd65,/home/bang001/gpupowermodeling/accelwattch/util/fp16_energy_impl/results/strict_fp16_launch_shape_rtx3090_20260602_115550/raw/launch_shape_tensor_mma_f16acc_t128_b08_rep006_test_85cd424e/power.csv,/home/bang001/gpupowermodeling/accelwattch/util/fp16_energy_impl/results/strict_fp16_launch_shape_rtx3090_20260602_115550/raw/launch_shape_tensor_mma_f16acc_t128_b08_rep006_baseline_83dbfd65/power.csv,/home/bang001/gpupowermodeling/accelwattch/util/fp16_energy_impl/results/strict_fp16_launch_shape_rtx3090_20260602_115550/raw/launch_shape_tensor_mma_f16acc_t128_b08_rep006_test_85cd424e/sm_util.csv,/home/bang001/gpupowermodeling/accelwattch/util/fp16_energy_impl/results/strict_fp16_launch_shape_rtx3090_20260602_115550/raw/launch_shape_tensor_mma_f16acc_t128_b08_rep006_baseline_83dbfd65/sm_util.csv
launch_shape_tensor_mma_f16acc_t128_b08,7,7,NVIDIA GeForce RTX 3090,ampere,ga102,consumer,86,82,benchmark uses warp-level HMMA mma.sync m16n8k16 pairs,False,False,tensor_core_mma_m16n16k16_f16acc,fp16-energy-bench-v2,fp16-energy-bench-v2,"nvml_timed_energy_counter,explicit_m16n16k16_denominator,strict_denominator_provenance,tensor_no_memory_warpsync_baseline","nvml_timed_energy_counter,explicit_m16n16k16_denominator,strict_denominator_provenance,tensor_no_memory_warpsync_baseline",bae1f83e791c,bae1f83e791c,tensor_mma_f16acc,tensor_baseline_mov,656,128,1024.0,8,1000000,8,2.1708820800799997,1.03310546875,343932928000000.0,0.0,0.0,343932928000000.0,171966464000000.0,171966464000000.0,515899392000000.0,687865856000000.0,41984000000.0,8192.0,8192.0,4096.0,4096.0,12288.0,16384.0,True,bench_json_metadata,True,logical_m16n16k16_input_bits_8192,ga102,"RTX 3090 FE dense FP16 Tensor Core peak, no sparsity",https://www.nvidia.com/content/dam/en-zz/Solutions/geforce/ampere/pdf/NVIDIA-ampere-GA102-GPU-Architecture-Whitepaper-V1.pdf,142.0,284.0,1024.0,1920.0,measured_avg_sm_clock_mhz,warp-level HMMA mma.sync.aligned.m16n8k16 pair -> logical m16n16k16,"dense FP16 Tensor Core HMMA normalization only; no sparsity, no WGMMA",161.21856,1006.2883439771314,98.27034609151674,True,False,158.43003687575955,nan,211.60960229820438,199.0280366918153,472.839,208.908,nvml_total_energy_counter,nvml_total_energy_counter,529.7010795885674,202.88957535713223,237.05708452277892,193.2942436314844,average_instant,average_instant,237.05125,193.85750000000002,237.055,229.5625,370.0,370.0,472.839,208.908,-56.86207958856738,6.018424642867757,0.8926525133142382,1.0296635479288374,432.0663982877665,0.9137706455850014,0.08622935441499854,0.9405435033677777,True,12.581565606389091,40.772601712233495,0.11854811910371517,0.07941401677672728,nan,nan,0.11854811910371517,0.0790320794024768,0.059274059551857584,16,8,2,1,1920.0,0.0,73.0,99.9375,100.0,100.0,100.0,True,True,True,pure_fp16_candidate_no_l2,launch_shape_tensor_mma_f16acc_t128_b08_rep007_test_840f03a2,launch_shape_tensor_mma_f16acc_t128_b08_rep007_baseline_df0e77ad,/home/bang001/gpupowermodeling/accelwattch/util/fp16_energy_impl/results/strict_fp16_launch_shape_rtx3090_20260602_115550/raw/launch_shape_tensor_mma_f16acc_t128_b08_rep007_test_840f03a2/power.csv,/home/bang001/gpupowermodeling/accelwattch/util/fp16_energy_impl/results/strict_fp16_launch_shape_rtx3090_20260602_115550/raw/launch_shape_tensor_mma_f16acc_t128_b08_rep007_baseline_df0e77ad/power.csv,/home/bang001/gpupowermodeling/accelwattch/util/fp16_energy_impl/results/strict_fp16_launch_shape_rtx3090_20260602_115550/raw/launch_shape_tensor_mma_f16acc_t128_b08_rep007_test_840f03a2/sm_util.csv,/home/bang001/gpupowermodeling/accelwattch/util/fp16_energy_impl/results/strict_fp16_launch_shape_rtx3090_20260602_115550/raw/launch_shape_tensor_mma_f16acc_t128_b08_rep007_baseline_df0e77ad/sm_util.csv
launch_shape_tensor_mma_f16acc_t128_b08,8,8,NVIDIA GeForce RTX 3090,ampere,ga102,consumer,86,82,benchmark uses warp-level HMMA mma.sync m16n8k16 pairs,False,False,tensor_core_mma_m16n16k16_f16acc,fp16-energy-bench-v2,fp16-energy-bench-v2,"nvml_timed_energy_counter,explicit_m16n16k16_denominator,strict_denominator_provenance,tensor_no_memory_warpsync_baseline","nvml_timed_energy_counter,explicit_m16n16k16_denominator,strict_denominator_provenance,tensor_no_memory_warpsync_baseline",bae1f83e791c,bae1f83e791c,tensor_mma_f16acc,tensor_baseline_mov,656,128,1024.0,8,1000000,8,2.17326293945,1.03473669434,343932928000000.0,0.0,0.0,343932928000000.0,171966464000000.0,171966464000000.0,515899392000000.0,687865856000000.0,41984000000.0,8192.0,8192.0,4096.0,4096.0,12288.0,16384.0,True,bench_json_metadata,True,logical_m16n16k16_input_bits_8192,ga102,"RTX 3090 FE dense FP16 Tensor Core peak, no sparsity",https://www.nvidia.com/content/dam/en-zz/Solutions/geforce/ampere/pdf/NVIDIA-ampere-GA102-GPU-Architecture-Whitepaper-V1.pdf,142.0,284.0,1024.0,1920.0,measured_avg_sm_clock_mhz,warp-level HMMA mma.sync.aligned.m16n8k16 pair -> logical m16n16k16,"dense FP16 Tensor Core HMMA normalization only; no sparsity, no WGMMA",161.21856,1005.1859320281723,98.1626886746262,True,False,158.25647313851545,nan,350.07734816212565,212.71583493914005,461.233,226.581,nvml_total_energy_counter,nvml_total_energy_counter,312.74987654780875,204.1923509738583,237.3781741980497,191.69721391286208,average_instant,average_instant,237.22,191.98375,237.29461538461538,230.24,370.0,370.0,461.233,226.581,148.48312345219125,22.388649026141678,1.4747663695064426,1.1096448957042861,462.28744070739646,1.002286134572757,-0.0022861345727570492,0.6076252464087691,True,137.3615132229856,-1.0544407073964521,-0.003065832380540348,0.8679677393212134,nan,nan,-0.003065832380540348,-0.002043888253693565,-0.001532916190270174,13,8,1,1,1920.0,0.0,73.0,99.84615384615384,100.0,100.0,100.0,False,False,False,invalid_or_nonpositive_increment,launch_shape_tensor_mma_f16acc_t128_b08_rep008_test_518cb975,launch_shape_tensor_mma_f16acc_t128_b08_rep008_baseline_672c0b87,/home/bang001/gpupowermodeling/accelwattch/util/fp16_energy_impl/results/strict_fp16_launch_shape_rtx3090_20260602_115550/raw/launch_shape_tensor_mma_f16acc_t128_b08_rep008_test_518cb975/power.csv,/home/bang001/gpupowermodeling/accelwattch/util/fp16_energy_impl/results/strict_fp16_launch_shape_rtx3090_20260602_115550/raw/launch_shape_tensor_mma_f16acc_t128_b08_rep008_baseline_672c0b87/power.csv,/home/bang001/gpupowermodeling/accelwattch/util/fp16_energy_impl/results/strict_fp16_launch_shape_rtx3090_20260602_115550/raw/launch_shape_tensor_mma_f16acc_t128_b08_rep008_test_518cb975/sm_util.csv,/home/bang001/gpupowermodeling/accelwattch/util/fp16_energy_impl/results/strict_fp16_launch_shape_rtx3090_20260602_115550/raw/launch_shape_tensor_mma_f16acc_t128_b08_rep008_baseline_672c0b87/sm_util.csv
launch_shape_tensor_mma_f16acc_t128_b08,9,9,NVIDIA GeForce RTX 3090,ampere,ga102,consumer,86,82,benchmark uses warp-level HMMA mma.sync m16n8k16 pairs,False,False,tensor_core_mma_m16n16k16_f16acc,fp16-energy-bench-v2,fp16-energy-bench-v2,"nvml_timed_energy_counter,explicit_m16n16k16_denominator,strict_denominator_provenance,tensor_no_memory_warpsync_baseline","nvml_timed_energy_counter,explicit_m16n16k16_denominator,strict_denominator_provenance,tensor_no_memory_warpsync_baseline",bae1f83e791c,bae1f83e791c,tensor_mma_f16acc,tensor_baseline_mov,656,128,1024.0,8,1000000,8,2.17176171875,1.03597460938,343932928000000.0,0.0,0.0,343932928000000.0,171966464000000.0,171966464000000.0,515899392000000.0,687865856000000.0,41984000000.0,8192.0,8192.0,4096.0,4096.0,12288.0,16384.0,True,bench_json_metadata,True,logical_m16n16k16_input_bits_8192,ga102,"RTX 3090 FE dense FP16 Tensor Core peak, no sparsity",https://www.nvidia.com/content/dam/en-zz/Solutions/geforce/ampere/pdf/NVIDIA-ampere-GA102-GPU-Architecture-Whitepaper-V1.pdf,142.0,284.0,1024.0,1920.0,measured_avg_sm_clock_mhz,warp-level HMMA mma.sync.aligned.m16n8k16 pair -> logical m16n16k16,"dense FP16 Tensor Core HMMA normalization only; no sparsity, no WGMMA",161.21856,1005.8807623659027,98.23054319979519,True,False,158.36586722688773,nan,199.92745980882512,195.72172414847796,446.805,208.73,nvml_total_energy_counter,nvml_total_energy_counter,530.4319566180359,210.6846703371144,237.3471955060235,197.55457734888958,average_instant,average_instant,237.330625,197.97625,237.43,232.00625,370.0,370.0,446.805,208.73,-83.62695661803588,-1.9546703371144076,0.8423417828155937,0.9907222944413243,425.0609480334119,0.9513343584637859,0.048665641536214076,0.9789636918091753,True,4.205735660347159,21.74405196658813,0.0632217801681034,0.026557084136834122,nan,nan,0.0632217801681034,0.04214785344540226,0.0316108900840517,16,8,2,1,1920.0,0.0,73.0,99.9375,100.0,100.0,100.0,True,True,True,pure_fp16_candidate_no_l2,launch_shape_tensor_mma_f16acc_t128_b08_rep009_test_1ad3b76d,launch_shape_tensor_mma_f16acc_t128_b08_rep009_baseline_fe9cf4e4,/home/bang001/gpupowermodeling/accelwattch/util/fp16_energy_impl/results/strict_fp16_launch_shape_rtx3090_20260602_115550/raw/launch_shape_tensor_mma_f16acc_t128_b08_rep009_test_1ad3b76d/power.csv,/home/bang001/gpupowermodeling/accelwattch/util/fp16_energy_impl/results/strict_fp16_launch_shape_rtx3090_20260602_115550/raw/launch_shape_tensor_mma_f16acc_t128_b08_rep009_baseline_fe9cf4e4/power.csv,/home/bang001/gpupowermodeling/accelwattch/util/fp16_energy_impl/results/strict_fp16_launch_shape_rtx3090_20260602_115550/raw/launch_shape_tensor_mma_f16acc_t128_b08_rep009_test_1ad3b76d/sm_util.csv,/home/bang001/gpupowermodeling/accelwattch/util/fp16_energy_impl/results/strict_fp16_launch_shape_rtx3090_20260602_115550/raw/launch_shape_tensor_mma_f16acc_t128_b08_rep009_baseline_fe9cf4e4/sm_util.csv
launch_shape_tensor_mma_f16acc_t256_b01,0,0,NVIDIA GeForce RTX 3090,ampere,ga102,consumer,86,82,benchmark uses warp-level HMMA mma.sync m16n8k16 pairs,False,False,tensor_core_mma_m16n16k16_f16acc,fp16-energy-bench-v2,fp16-energy-bench-v2,"nvml_timed_energy_counter,explicit_m16n16k16_denominator,strict_denominator_provenance,tensor_no_memory_warpsync_baseline","nvml_timed_energy_counter,explicit_m16n16k16_denominator,strict_denominator_provenance,tensor_no_memory_warpsync_baseline",bae1f83e791c,bae1f83e791c,tensor_mma_f16acc,tensor_baseline_mov,82,256,256.0,1,1000000,8,1.07258984375,1.02046923828,171966464000000.0,0.0,0.0,171966464000000.0,85983232000000.0,85983232000000.0,257949696000000.0,343932928000000.0,20992000000.0,8192.0,8192.0,4096.0,4096.0,12288.0,16384.0,True,bench_json_metadata,True,logical_m16n16k16_input_bits_8192,ga102,"RTX 3090 FE dense FP16 Tensor Core peak, no sparsity",https://www.nvidia.com/content/dam/en-zz/Solutions/geforce/ampere/pdf/NVIDIA-ampere-GA102-GPU-Architecture-Whitepaper-V1.pdf,142.0,284.0,1024.0,1935.0,measured_avg_sm_clock_mhz,warp-level HMMA mma.sync.aligned.m16n8k16 pair -> logical m16n16k16,"dense FP16 Tensor Core HMMA normalization only; no sparsity, no WGMMA",162.47808,1010.4510027942675,98.67685574162769,True,False,160.32826061336644,nan,208.81913467542688,161.15788060242312,230.453,169.348,nvml_total_energy_counter,nvml_total_energy_counter,237.57952090437533,178.5155130326706,215.27665064830637,169.88202833809336,average_instant,average_instant,214.31625,170.59625,229.24375,187.415,370.0,370.0,230.453,169.348,-7.126520904375326,-9.167513032670598,0.9700036397192512,0.9486458466441915,172.85630597443418,0.7500718410020012,0.24992815899799883,0.771758205266558,True,47.66125407300376,57.596694025565824,0.3349298036712892,0.2972729442124957,nan,nan,0.3349298036712892,0.2232865357808595,0.1674649018356446,8,8,1,1,1935.0,0.0,67.0,99.875,100.0,99.0,99.0,True,True,True,pure_fp16_candidate_no_l2,launch_shape_tensor_mma_f16acc_t256_b01_rep000_test_66e736c0,launch_shape_tensor_mma_f16acc_t256_b01_rep000_baseline_e3f08a2b,/home/bang001/gpupowermodeling/accelwattch/util/fp16_energy_impl/results/strict_fp16_launch_shape_rtx3090_20260602_115550/raw/launch_shape_tensor_mma_f16acc_t256_b01_rep000_test_66e736c0/power.csv,/home/bang001/gpupowermodeling/accelwattch/util/fp16_energy_impl/results/strict_fp16_launch_shape_rtx3090_20260602_115550/raw/launch_shape_tensor_mma_f16acc_t256_b01_rep000_baseline_e3f08a2b/power.csv,/home/bang001/gpupowermodeling/accelwattch/util/fp16_energy_impl/results/strict_fp16_launch_shape_rtx3090_20260602_115550/raw/launch_shape_tensor_mma_f16acc_t256_b01_rep000_test_66e736c0/sm_util.csv,/home/bang001/gpupowermodeling/accelwattch/util/fp16_energy_impl/results/strict_fp16_launch_shape_rtx3090_20260602_115550/raw/launch_shape_tensor_mma_f16acc_t256_b01_rep000_baseline_e3f08a2b/sm_util.csv
launch_shape_tensor_mma_f16acc_t256_b01,1,1,NVIDIA GeForce RTX 3090,ampere,ga102,consumer,86,82,benchmark uses warp-level HMMA mma.sync m16n8k16 pairs,False,False,tensor_core_mma_m16n16k16_f16acc,fp16-energy-bench-v2,fp16-energy-bench-v2,"nvml_timed_energy_counter,explicit_m16n16k16_denominator,strict_denominator_provenance,tensor_no_memory_warpsync_baseline","nvml_timed_energy_counter,explicit_m16n16k16_denominator,strict_denominator_provenance,tensor_no_memory_warpsync_baseline",bae1f83e791c,bae1f83e791c,tensor_mma_f16acc,tensor_baseline_mov,82,256,256.0,1,1000000,8,1.07557788086,1.02035662842,171966464000000.0,0.0,0.0,171966464000000.0,85983232000000.0,85983232000000.0,257949696000000.0,343932928000000.0,20992000000.0,8192.0,8192.0,4096.0,4096.0,12288.0,16384.0,True,bench_json_metadata,True,logical_m16n16k16_input_bits_8192,ga102,"RTX 3090 FE dense FP16 Tensor Core peak, no sparsity",https://www.nvidia.com/content/dam/en-zz/Solutions/geforce/ampere/pdf/NVIDIA-ampere-GA102-GPU-Architecture-Whitepaper-V1.pdf,142.0,284.0,1024.0,1935.0,measured_avg_sm_clock_mhz,warp-level HMMA mma.sync.aligned.m16n8k16 pair -> logical m16n16k16,"dense FP16 Tensor Core HMMA normalization only; no sparsity, no WGMMA",162.47808,1007.6438931019674,98.40272393573899,True,False,159.88285651848915,nan,207.93706071304612,161.2480296585562,234.95,172.871,nvml_total_energy_counter,nvml_total_energy_counter,247.0504040272723,183.93106592212487,218.64624329177056,171.56447277415324,average_instant,average_instant,217.795,172.32375,233.04500000000002,189.63625,370.0,370.0,234.95,172.871,-12.100404027272305,-11.060065922124863,0.9510205050061908,0.939868418275749,173.4348140330003,0.7381775442987882,0.26182245570121176,0.7754655620581222,True,46.68903105448993,61.515185966999695,0.35771617637610836,0.2920202457671922,nan,nan,0.35771617637610836,0.2384774509174056,0.17885808818805418,8,8,1,1,1935.0,0.0,70.0,99.75,100.0,100.0,100.0,True,True,True,pure_fp16_candidate_no_l2,launch_shape_tensor_mma_f16acc_t256_b01_rep001_test_f2418a44,launch_shape_tensor_mma_f16acc_t256_b01_rep001_baseline_f4575d78,/home/bang001/gpupowermodeling/accelwattch/util/fp16_energy_impl/results/strict_fp16_launch_shape_rtx3090_20260602_115550/raw/launch_shape_tensor_mma_f16acc_t256_b01_rep001_test_f2418a44/power.csv,/home/bang001/gpupowermodeling/accelwattch/util/fp16_energy_impl/results/strict_fp16_launch_shape_rtx3090_20260602_115550/raw/launch_shape_tensor_mma_f16acc_t256_b01_rep001_baseline_f4575d78/power.csv,/home/bang001/gpupowermodeling/accelwattch/util/fp16_energy_impl/results/strict_fp16_launch_shape_rtx3090_20260602_115550/raw/launch_shape_tensor_mma_f16acc_t256_b01_rep001_test_f2418a44/sm_util.csv,/home/bang001/gpupowermodeling/accelwattch/util/fp16_energy_impl/results/strict_fp16_launch_shape_rtx3090_20260602_115550/raw/launch_shape_tensor_mma_f16acc_t256_b01_rep001_baseline_f4575d78/sm_util.csv
launch_shape_tensor_mma_f16acc_t256_b01,2,2,NVIDIA GeForce RTX 3090,ampere,ga102,consumer,86,82,benchmark uses warp-level HMMA mma.sync m16n8k16 pairs,False,False,tensor_core_mma_m16n16k16_f16acc,fp16-energy-bench-v2,fp16-energy-bench-v2,"nvml_timed_energy_counter,explicit_m16n16k16_denominator,strict_denominator_provenance,tensor_no_memory_warpsync_baseline","nvml_timed_energy_counter,explicit_m16n16k16_denominator,strict_denominator_provenance,tensor_no_memory_warpsync_baseline",bae1f83e791c,bae1f83e791c,tensor_mma_f16acc,tensor_baseline_mov,82,256,256.0,1,1000000,8,1.08382104492,1.02198687744,171966464000000.0,0.0,0.0,171966464000000.0,85983232000000.0,85983232000000.0,257949696000000.0,343932928000000.0,20992000000.0,8192.0,8192.0,4096.0,4096.0,12288.0,16384.0,True,bench_json_metadata,True,logical_m16n16k16_input_bits_8192,ga102,"RTX 3090 FE dense FP16 Tensor Core peak, no sparsity",https://www.nvidia.com/content/dam/en-zz/Solutions/geforce/ampere/pdf/NVIDIA-ampere-GA102-GPU-Architecture-Whitepaper-V1.pdf,142.0,284.0,1024.0,1935.0,measured_avg_sm_clock_mhz,warp-level HMMA mma.sync.aligned.m16n8k16 pair -> logical m16n16k16,"dense FP16 Tensor Core HMMA normalization only; no sparsity, no WGMMA",162.47808,999.9801058339226,97.654307210344,True,False,158.6668433926685,nan,207.8548937122753,166.2712321410183,231.664,174.754,nvml_total_energy_counter,nvml_total_energy_counter,246.4413727266518,182.85699624826032,221.11353224672558,173.98089927443036,average_instant,average_instant,220.01222222222222,174.83875,235.04555555555555,189.98875,370.0,370.0,231.664,174.754,-14.777372726651805,-8.102996248260325,0.9400369647224673,0.9556867037383733,180.20826055921435,0.7778863377961805,0.22211366220381948,0.7999389822939675,True,41.58366157125701,51.455739440785635,0.299219616685179,0.26208160874761854,nan,nan,0.299219616685179,0.199479744456786,0.1496098083425895,9,8,1,1,1935.0,0.0,70.0,99.88888888888889,100.0,99.0,99.0,True,True,True,pure_fp16_candidate_no_l2,launch_shape_tensor_mma_f16acc_t256_b01_rep002_test_f49ff64c,launch_shape_tensor_mma_f16acc_t256_b01_rep002_baseline_5cf1aaaa,/home/bang001/gpupowermodeling/accelwattch/util/fp16_energy_impl/results/strict_fp16_launch_shape_rtx3090_20260602_115550/raw/launch_shape_tensor_mma_f16acc_t256_b01_rep002_test_f49ff64c/power.csv,/home/bang001/gpupowermodeling/accelwattch/util/fp16_energy_impl/results/strict_fp16_launch_shape_rtx3090_20260602_115550/raw/launch_shape_tensor_mma_f16acc_t256_b01_rep002_baseline_5cf1aaaa/power.csv,/home/bang001/gpupowermodeling/accelwattch/util/fp16_energy_impl/results/strict_fp16_launch_shape_rtx3090_20260602_115550/raw/launch_shape_tensor_mma_f16acc_t256_b01_rep002_test_f49ff64c/sm_util.csv,/home/bang001/gpupowermodeling/accelwattch/util/fp16_energy_impl/results/strict_fp16_launch_shape_rtx3090_20260602_115550/raw/launch_shape_tensor_mma_f16acc_t256_b01_rep002_baseline_5cf1aaaa/sm_util.csv
launch_shape_tensor_mma_f16acc_t256_b01,3,3,NVIDIA GeForce RTX 3090,ampere,ga102,consumer,86,82,benchmark uses warp-level HMMA mma.sync m16n8k16 pairs,False,False,tensor_core_mma_m16n16k16_f16acc,fp16-energy-bench-v2,fp16-energy-bench-v2,"nvml_timed_energy_counter,explicit_m16n16k16_denominator,strict_denominator_provenance,tensor_no_memory_warpsync_baseline","nvml_timed_energy_counter,explicit_m16n16k16_denominator,strict_denominator_provenance,tensor_no_memory_warpsync_baseline",bae1f83e791c,bae1f83e791c,tensor_mma_f16acc,tensor_baseline_mov,82,256,256.0,1,1000000,8,1.07839892578,1.02041601562,171966464000000.0,0.0,0.0,171966464000000.0,85983232000000.0,85983232000000.0,257949696000000.0,343932928000000.0,20992000000.0,8192.0,8192.0,4096.0,4096.0,12288.0,16384.0,True,bench_json_metadata,True,logical_m16n16k16_input_bits_8192,ga102,"RTX 3090 FE dense FP16 Tensor Core peak, no sparsity",https://www.nvidia.com/content/dam/en-zz/Solutions/geforce/ampere/pdf/NVIDIA-ampere-GA102-GPU-Architecture-Whitepaper-V1.pdf,142.0,284.0,1024.0,1935.0,measured_avg_sm_clock_mhz,warp-level HMMA mma.sync.aligned.m16n8k16 pair -> logical m16n16k16,"dense FP16 Tensor Core HMMA normalization only; no sparsity, no WGMMA",162.47808,1005.0079402853895,98.14530666849507,True,False,159.46460988508275,nan,213.70495534709812,180.62766614348305,237.128,189.163,nvml_total_energy_counter,nvml_total_energy_counter,247.18085835387504,180.3183481231007,222.76481181965966,172.18209895340942,average_instant,average_instant,221.41555555555556,173.10625,235.82999999999998,190.605,370.0,370.0,237.128,189.163,-10.052858353875052,8.84465187689932,0.9593299480355273,1.0490502046461805,194.7886811352806,0.821449517287206,0.1785504827127939,0.8452198305374288,True,33.07728920361507,42.33931886471939,0.24620683521596043,0.20742714780070654,nan,nan,0.24620683521596043,0.16413789014397362,0.12310341760798021,9,8,1,1,1935.0,0.0,71.0,99.55555555555556,100.0,99.0,99.0,True,True,True,pure_fp16_candidate_no_l2,launch_shape_tensor_mma_f16acc_t256_b01_rep003_test_6ec6a95f,launch_shape_tensor_mma_f16acc_t256_b01_rep003_baseline_31612680,/home/bang001/gpupowermodeling/accelwattch/util/fp16_energy_impl/results/strict_fp16_launch_shape_rtx3090_20260602_115550/raw/launch_shape_tensor_mma_f16acc_t256_b01_rep003_test_6ec6a95f/power.csv,/home/bang001/gpupowermodeling/accelwattch/util/fp16_energy_impl/results/strict_fp16_launch_shape_rtx3090_20260602_115550/raw/launch_shape_tensor_mma_f16acc_t256_b01_rep003_baseline_31612680/power.csv,/home/bang001/gpupowermodeling/accelwattch/util/fp16_energy_impl/results/strict_fp16_launch_shape_rtx3090_20260602_115550/raw/launch_shape_tensor_mma_f16acc_t256_b01_rep003_test_6ec6a95f/sm_util.csv,/home/bang001/gpupowermodeling/accelwattch/util/fp16_energy_impl/results/strict_fp16_launch_shape_rtx3090_20260602_115550/raw/launch_shape_tensor_mma_f16acc_t256_b01_rep003_baseline_31612680/sm_util.csv
launch_shape_tensor_mma_f16acc_t256_b01,4,4,NVIDIA GeForce RTX 3090,ampere,ga102,consumer,86,82,benchmark uses warp-level HMMA mma.sync m16n8k16 pairs,False,False,tensor_core_mma_m16n16k16_f16acc,fp16-energy-bench-v2,fp16-energy-bench-v2,"nvml_timed_energy_counter,explicit_m16n16k16_denominator,strict_denominator_provenance,tensor_no_memory_warpsync_baseline","nvml_timed_energy_counter,explicit_m16n16k16_denominator,strict_denominator_provenance,tensor_no_memory_warpsync_baseline",bae1f83e791c,bae1f83e791c,tensor_mma_f16acc,tensor_baseline_mov,82,256,256.0,1,1000000,8,1.08144934082,1.02420678711,171966464000000.0,0.0,0.0,171966464000000.0,85983232000000.0,85983232000000.0,257949696000000.0,343932928000000.0,20992000000.0,8192.0,8192.0,4096.0,4096.0,12288.0,16384.0,True,bench_json_metadata,True,logical_m16n16k16_input_bits_8192,ga102,"RTX 3090 FE dense FP16 Tensor Core peak, no sparsity",https://www.nvidia.com/content/dam/en-zz/Solutions/geforce/ampere/pdf/NVIDIA-ampere-GA102-GPU-Architecture-Whitepaper-V1.pdf,142.0,284.0,1024.0,1921.875,measured_avg_sm_clock_mhz,warp-level HMMA mma.sync.aligned.m16n8k16 pair -> logical m16n16k16,"dense FP16 Tensor Core HMMA normalization only; no sparsity, no WGMMA",161.376,1009.0172507045149,98.5368408891128,True,False,159.01481235321467,nan,217.44458265872942,167.29124278262864,241.957,176.285,nvml_total_energy_counter,nvml_total_energy_counter,251.23754836904737,183.41633173193037,225.78492812073986,174.05874624650718,average_instant,average_instant,224.76875,174.9,235.3125,191.2075,370.0,370.0,241.957,176.285,-9.28054836904738,-7.1313317319303735,0.9630606633869273,0.9611194288720534,180.91700423223236,0.7477237865911396,0.2522762134088604,0.7693511640397387,True,50.15333987610077,61.039995767767635,0.35495290388576944,0.3154004280097927,nan,nan,0.35495290388576944,0.23663526925717965,0.17747645194288472,8,8,1,1,1921.875,15.0,71.0,99.875,100.0,99.0,99.0,True,True,True,pure_fp16_candidate_no_l2,launch_shape_tensor_mma_f16acc_t256_b01_rep004_test_3f4e197b,launch_shape_tensor_mma_f16acc_t256_b01_rep004_baseline_f048b70c,/home/bang001/gpupowermodeling/accelwattch/util/fp16_energy_impl/results/strict_fp16_launch_shape_rtx3090_20260602_115550/raw/launch_shape_tensor_mma_f16acc_t256_b01_rep004_test_3f4e197b/power.csv,/home/bang001/gpupowermodeling/accelwattch/util/fp16_energy_impl/results/strict_fp16_launch_shape_rtx3090_20260602_115550/raw/launch_shape_tensor_mma_f16acc_t256_b01_rep004_baseline_f048b70c/power.csv,/home/bang001/gpupowermodeling/accelwattch/util/fp16_energy_impl/results/strict_fp16_launch_shape_rtx3090_20260602_115550/raw/launch_shape_tensor_mma_f16acc_t256_b01_rep004_test_3f4e197b/sm_util.csv,/home/bang001/gpupowermodeling/accelwattch/util/fp16_energy_impl/results/strict_fp16_launch_shape_rtx3090_20260602_115550/raw/launch_shape_tensor_mma_f16acc_t256_b01_rep004_baseline_f048b70c/sm_util.csv
launch_shape_tensor_mma_f16acc_t256_b01,5,5,NVIDIA GeForce RTX 3090,ampere,ga102,consumer,86,82,benchmark uses warp-level HMMA mma.sync m16n8k16 pairs,False,False,tensor_core_mma_m16n16k16_f16acc,fp16-energy-bench-v2,fp16-energy-bench-v2,"nvml_timed_energy_counter,explicit_m16n16k16_denominator,strict_denominator_provenance,tensor_no_memory_warpsync_baseline","nvml_timed_energy_counter,explicit_m16n16k16_denominator,strict_denominator_provenance,tensor_no_memory_warpsync_baseline",bae1f83e791c,bae1f83e791c,tensor_mma_f16acc,tensor_baseline_mov,82,256,256.0,1,1000000,8,1.08241711426,1.02360778809,171966464000000.0,0.0,0.0,171966464000000.0,85983232000000.0,85983232000000.0,257949696000000.0,343932928000000.0,20992000000.0,8192.0,8192.0,4096.0,4096.0,12288.0,16384.0,True,bench_json_metadata,True,logical_m16n16k16_input_bits_8192,ga102,"RTX 3090 FE dense FP16 Tensor Core peak, no sparsity",https://www.nvidia.com/content/dam/en-zz/Solutions/geforce/ampere/pdf/NVIDIA-ampere-GA102-GPU-Architecture-Whitepaper-V1.pdf,142.0,284.0,1024.0,1926.4285714285713,measured_avg_sm_clock_mhz,warp-level HMMA mma.sync.aligned.m16n8k16 pair -> logical m16n16k16,"dense FP16 Tensor Core HMMA normalization only; no sparsity, no WGMMA",161.7583542857143,1005.7321835584578,98.21603355063063,True,False,158.8726395162051,nan,206.84310681131524,165.7838308459893,230.379,174.668,nvml_total_energy_counter,nvml_total_energy_counter,240.94920147331476,182.97656883744065,216.33343931715115,173.6697994877469,average_instant,average_instant,200.15,174.4275,219.58285714285714,190.60375,370.0,370.0,230.379,174.668,-10.570201473314768,-8.308568837440646,0.9561309960411493,0.9545921705154384,179.44725577528374,0.778921932013264,0.22107806798673602,0.8014955557461207,True,41.059275965325924,50.931744224716255,0.2961725387614893,0.25844145404997726,nan,nan,0.2961725387614893,0.1974483591743262,0.14808626938074465,14,8,2,1,1926.4285714285713,15.0,71.0,75.35714285714286,100.0,49.5,99.0,True,True,True,pure_fp16_candidate_no_l2,launch_shape_tensor_mma_f16acc_t256_b01_rep005_test_8f5078ac,launch_shape_tensor_mma_f16acc_t256_b01_rep005_baseline_51d8b159,/home/bang001/gpupowermodeling/accelwattch/util/fp16_energy_impl/results/strict_fp16_launch_shape_rtx3090_20260602_115550/raw/launch_shape_tensor_mma_f16acc_t256_b01_rep005_test_8f5078ac/power.csv,/home/bang001/gpupowermodeling/accelwattch/util/fp16_energy_impl/results/strict_fp16_launch_shape_rtx3090_20260602_115550/raw/launch_shape_tensor_mma_f16acc_t256_b01_rep005_baseline_51d8b159/power.csv,/home/bang001/gpupowermodeling/accelwattch/util/fp16_energy_impl/results/strict_fp16_launch_shape_rtx3090_20260602_115550/raw/launch_shape_tensor_mma_f16acc_t256_b01_rep005_test_8f5078ac/sm_util.csv,/home/bang001/gpupowermodeling/accelwattch/util/fp16_energy_impl/results/strict_fp16_launch_shape_rtx3090_20260602_115550/raw/launch_shape_tensor_mma_f16acc_t256_b01_rep005_baseline_51d8b159/sm_util.csv
launch_shape_tensor_mma_f16acc_t256_b01,6,6,NVIDIA GeForce RTX 3090,ampere,ga102,consumer,86,82,benchmark uses warp-level HMMA mma.sync m16n8k16 pairs,False,False,tensor_core_mma_m16n16k16_f16acc,fp16-energy-bench-v2,fp16-energy-bench-v2,"nvml_timed_energy_counter,explicit_m16n16k16_denominator,strict_denominator_provenance,tensor_no_memory_warpsync_baseline","nvml_timed_energy_counter,explicit_m16n16k16_denominator,strict_denominator_provenance,tensor_no_memory_warpsync_baseline",bae1f83e791c,bae1f83e791c,tensor_mma_f16acc,tensor_baseline_mov,82,256,256.0,1,1000000,8,1.08225537109,1.02449560547,171966464000000.0,0.0,0.0,171966464000000.0,85983232000000.0,85983232000000.0,257949696000000.0,343932928000000.0,20992000000.0,8192.0,8192.0,4096.0,4096.0,12288.0,16384.0,True,bench_json_metadata,True,logical_m16n16k16_input_bits_8192,ga102,"RTX 3090 FE dense FP16 Tensor Core peak, no sparsity",https://www.nvidia.com/content/dam/en-zz/Solutions/geforce/ampere/pdf/NVIDIA-ampere-GA102-GPU-Architecture-Whitepaper-V1.pdf,142.0,284.0,1024.0,1921.6666666666667,measured_avg_sm_clock_mhz,warp-level HMMA mma.sync.aligned.m16n8k16 pair -> logical m16n16k16,"dense FP16 Tensor Core HMMA normalization only; no sparsity, no WGMMA",161.3585066666667,1008.3750748687231,98.47412840514872,True,False,158.89638304756383,nan,210.682792400453,167.47877940239178,235.39,177.312,nvml_total_energy_counter,nvml_total_energy_counter,249.65983260996754,184.6549302441907,223.45482256891813,174.41449156250482,average_instant,average_instant,222.24666666666667,175.23625,235.7277777777778,190.62125,370.0,370.0,235.39,177.312,-14.269832609967551,-7.342930244190683,0.9428428976307908,0.9602343125391763,181.25480855183577,0.7700191535402344,0.2299808464597656,0.7949333568925664,True,43.204012998061216,54.13519144816422,0.3148008640112773,0.2719005440490649,nan,nan,0.3148008640112773,0.20986724267418488,0.15740043200563866,9,8,1,1,1921.6666666666667,15.0,72.0,99.55555555555556,100.0,98.0,98.0,True,True,True,pure_fp16_candidate_no_l2,launch_shape_tensor_mma_f16acc_t256_b01_rep006_test_0d1b39f6,launch_shape_tensor_mma_f16acc_t256_b01_rep006_baseline_89405923,/home/bang001/gpupowermodeling/accelwattch/util/fp16_energy_impl/results/strict_fp16_launch_shape_rtx3090_20260602_115550/raw/launch_shape_tensor_mma_f16acc_t256_b01_rep006_test_0d1b39f6/power.csv,/home/bang001/gpupowermodeling/accelwattch/util/fp16_energy_impl/results/strict_fp16_launch_shape_rtx3090_20260602_115550/raw/launch_shape_tensor_mma_f16acc_t256_b01_rep006_baseline_89405923/power.csv,/home/bang001/gpupowermodeling/accelwattch/util/fp16_energy_impl/results/strict_fp16_launch_shape_rtx3090_20260602_115550/raw/launch_shape_tensor_mma_f16acc_t256_b01_rep006_test_0d1b39f6/sm_util.csv,/home/bang001/gpupowermodeling/accelwattch/util/fp16_energy_impl/results/strict_fp16_launch_shape_rtx3090_20260602_115550/raw/launch_shape_tensor_mma_f16acc_t256_b01_rep006_baseline_89405923/sm_util.csv
launch_shape_tensor_mma_f16acc_t256_b01,7,7,NVIDIA GeForce RTX 3090,ampere,ga102,consumer,86,82,benchmark uses warp-level HMMA mma.sync m16n8k16 pairs,False,False,tensor_core_mma_m16n16k16_f16acc,fp16-energy-bench-v2,fp16-energy-bench-v2,"nvml_timed_energy_counter,explicit_m16n16k16_denominator,strict_denominator_provenance,tensor_no_memory_warpsync_baseline","nvml_timed_energy_counter,explicit_m16n16k16_denominator,strict_denominator_provenance,tensor_no_memory_warpsync_baseline",bae1f83e791c,bae1f83e791c,tensor_mma_f16acc,tensor_baseline_mov,82,256,256.0,1,1000000,8,1.0823884277300002,1.0244318847699998,171966464000000.0,0.0,0.0,171966464000000.0,85983232000000.0,85983232000000.0,257949696000000.0,343932928000000.0,20992000000.0,8192.0,8192.0,4096.0,4096.0,12288.0,16384.0,True,bench_json_metadata,True,logical_m16n16k16_input_bits_8192,ga102,"RTX 3090 FE dense FP16 Tensor Core peak, no sparsity",https://www.nvidia.com/content/dam/en-zz/Solutions/geforce/ampere/pdf/NVIDIA-ampere-GA102-GPU-Architecture-Whitepaper-V1.pdf,142.0,284.0,1024.0,1921.875,measured_avg_sm_clock_mhz,warp-level HMMA mma.sync.aligned.m16n8k16 pair -> logical m16n16k16,"dense FP16 Tensor Core HMMA normalization only; no sparsity, no WGMMA",161.376,1008.1418210825556,98.45134971509333,True,False,158.876850116229,nan,209.77740846663997,169.14397714103302,234.058,178.597,nvml_total_energy_counter,nvml_total_energy_counter,248.99129401360733,184.5557537952999,223.16155990792777,174.78733797991188,average_instant,average_instant,222.40875,175.6175,236.42875,190.85375,370.0,370.0,234.058,178.597,-14.933294013607338,-5.958753795299884,0.9400248347125292,0.9677129882284297,183.07948347768183,0.7821970771248231,0.2178029228751769,0.806302157974896,True,40.63343132560695,50.97851652231816,0.2964445237550396,0.25575426058535833,nan,nan,0.2964445237550396,0.19762968250335974,0.1482222618775198,8,8,1,1,1921.875,15.0,72.0,99.5,100.0,98.0,98.0,True,True,True,pure_fp16_candidate_no_l2,launch_shape_tensor_mma_f16acc_t256_b01_rep007_test_9e20e5a2,launch_shape_tensor_mma_f16acc_t256_b01_rep007_baseline_96543e3e,/home/bang001/gpupowermodeling/accelwattch/util/fp16_energy_impl/results/strict_fp16_launch_shape_rtx3090_20260602_115550/raw/launch_shape_tensor_mma_f16acc_t256_b01_rep007_test_9e20e5a2/power.csv,/home/bang001/gpupowermodeling/accelwattch/util/fp16_energy_impl/results/strict_fp16_launch_shape_rtx3090_20260602_115550/raw/launch_shape_tensor_mma_f16acc_t256_b01_rep007_baseline_96543e3e/power.csv,/home/bang001/gpupowermodeling/accelwattch/util/fp16_energy_impl/results/strict_fp16_launch_shape_rtx3090_20260602_115550/raw/launch_shape_tensor_mma_f16acc_t256_b01_rep007_test_9e20e5a2/sm_util.csv,/home/bang001/gpupowermodeling/accelwattch/util/fp16_energy_impl/results/strict_fp16_launch_shape_rtx3090_20260602_115550/raw/launch_shape_tensor_mma_f16acc_t256_b01_rep007_baseline_96543e3e/sm_util.csv
launch_shape_tensor_mma_f16acc_t256_b01,8,8,NVIDIA GeForce RTX 3090,ampere,ga102,consumer,86,82,benchmark uses warp-level HMMA mma.sync m16n8k16 pairs,False,False,tensor_core_mma_m16n16k16_f16acc,fp16-energy-bench-v2,fp16-energy-bench-v2,"nvml_timed_energy_counter,explicit_m16n16k16_denominator,strict_denominator_provenance,tensor_no_memory_warpsync_baseline","nvml_timed_energy_counter,explicit_m16n16k16_denominator,strict_denominator_provenance,tensor_no_memory_warpsync_baseline",bae1f83e791c,bae1f83e791c,tensor_mma_f16acc,tensor_baseline_mov,82,256,256.0,1,1000000,8,1.0832425537100001,1.02777954102,171966464000000.0,0.0,0.0,171966464000000.0,85983232000000.0,85983232000000.0,257949696000000.0,343932928000000.0,20992000000.0,8192.0,8192.0,4096.0,4096.0,12288.0,16384.0,True,bench_json_metadata,True,logical_m16n16k16_input_bits_8192,ga102,"RTX 3090 FE dense FP16 Tensor Core peak, no sparsity",https://www.nvidia.com/content/dam/en-zz/Solutions/geforce/ampere/pdf/NVIDIA-ampere-GA102-GPU-Architecture-Whitepaper-V1.pdf,142.0,284.0,1024.0,1920.0,measured_avg_sm_clock_mhz,warp-level HMMA mma.sync.aligned.m16n8k16 pair -> logical m16n16k16,"dense FP16 Tensor Core HMMA normalization only; no sparsity, no WGMMA",161.21856,1008.3306485013535,98.46978989271031,True,False,158.7515773000531,nan,214.38777978712943,166.4429172455917,239.03,176.135,nvml_total_energy_counter,nvml_total_energy_counter,249.31010739003958,186.3415336905199,223.60808434858134,176.0878216792111,average_instant,average_instant,222.29555555555555,177.0575,236.81,191.365,370.0,370.0,239.03,176.135,-10.280107390039575,-10.206533690519905,0.9587657817099384,0.9452267377627623,180.29805072405696,0.7542904686610759,0.24570953133892415,0.7763638273172879,True,47.94486254153773,58.73194927594304,0.3415314120545215,0.3020118814373613,nan,nan,0.3415314120545215,0.22768760803634766,0.17076570602726074,9,8,1,1,1920.0,0.0,72.0,99.77777777777777,100.0,98.0,98.0,True,True,True,pure_fp16_candidate_no_l2,launch_shape_tensor_mma_f16acc_t256_b01_rep008_test_306ec634,launch_shape_tensor_mma_f16acc_t256_b01_rep008_baseline_90573565,/home/bang001/gpupowermodeling/accelwattch/util/fp16_energy_impl/results/strict_fp16_launch_shape_rtx3090_20260602_115550/raw/launch_shape_tensor_mma_f16acc_t256_b01_rep008_test_306ec634/power.csv,/home/bang001/gpupowermodeling/accelwattch/util/fp16_energy_impl/results/strict_fp16_launch_shape_rtx3090_20260602_115550/raw/launch_shape_tensor_mma_f16acc_t256_b01_rep008_baseline_90573565/power.csv,/home/bang001/gpupowermodeling/accelwattch/util/fp16_energy_impl/results/strict_fp16_launch_shape_rtx3090_20260602_115550/raw/launch_shape_tensor_mma_f16acc_t256_b01_rep008_test_306ec634/sm_util.csv,/home/bang001/gpupowermodeling/accelwattch/util/fp16_energy_impl/results/strict_fp16_launch_shape_rtx3090_20260602_115550/raw/launch_shape_tensor_mma_f16acc_t256_b01_rep008_baseline_90573565/sm_util.csv
launch_shape_tensor_mma_f16acc_t256_b01,9,9,NVIDIA GeForce RTX 3090,ampere,ga102,consumer,86,82,benchmark uses warp-level HMMA mma.sync m16n8k16 pairs,False,False,tensor_core_mma_m16n16k16_f16acc,fp16-energy-bench-v2,fp16-energy-bench-v2,"nvml_timed_energy_counter,explicit_m16n16k16_denominator,strict_denominator_provenance,tensor_no_memory_warpsync_baseline","nvml_timed_energy_counter,explicit_m16n16k16_denominator,strict_denominator_provenance,tensor_no_memory_warpsync_baseline",bae1f83e791c,bae1f83e791c,tensor_mma_f16acc,tensor_baseline_mov,82,256,256.0,1,1000000,8,1.08342480469,1.02758813477,171966464000000.0,0.0,0.0,171966464000000.0,85983232000000.0,85983232000000.0,257949696000000.0,343932928000000.0,20992000000.0,8192.0,8192.0,4096.0,4096.0,12288.0,16384.0,True,bench_json_metadata,True,logical_m16n16k16_input_bits_8192,ga102,"RTX 3090 FE dense FP16 Tensor Core peak, no sparsity",https://www.nvidia.com/content/dam/en-zz/Solutions/geforce/ampere/pdf/NVIDIA-ampere-GA102-GPU-Architecture-Whitepaper-V1.pdf,142.0,284.0,1024.0,1921.6666666666667,measured_avg_sm_clock_mhz,warp-level HMMA mma.sync.aligned.m16n8k16 pair -> logical m16n16k16,"dense FP16 Tensor Core HMMA normalization only; no sparsity, no WGMMA",161.3585066666667,1007.286648898735,98.36783680651709,True,False,158.72487251129968,nan,210.46592278156942,178.17032641016482,234.755,188.49,nvml_total_energy_counter,nvml_total_energy_counter,249.63004566106733,184.70246186635012,223.80191226624288,174.590152896645,average_instant,average_instant,222.47444444444443,175.6825,236.35000000000002,191.335,370.0,370.0,234.755,188.49,-14.875045661067333,3.787538133649889,0.9404116374626483,1.0205061594489766,193.03415109248635,0.8222791893356323,0.1777208106643677,0.8465518980717731,True,32.2955963714046,41.72084890751364,0.24261037842537508,0.20346903330544786,nan,nan,0.24261037842537508,0.16174025228358338,0.12130518921268754,9,8,1,1,1921.6666666666667,15.0,72.0,99.55555555555556,100.0,98.0,98.0,True,True,True,pure_fp16_candidate_no_l2,launch_shape_tensor_mma_f16acc_t256_b01_rep009_test_3cf89ff1,launch_shape_tensor_mma_f16acc_t256_b01_rep009_baseline_87ddebf0,/home/bang001/gpupowermodeling/accelwattch/util/fp16_energy_impl/results/strict_fp16_launch_shape_rtx3090_20260602_115550/raw/launch_shape_tensor_mma_f16acc_t256_b01_rep009_test_3cf89ff1/power.csv,/home/bang001/gpupowermodeling/accelwattch/util/fp16_energy_impl/results/strict_fp16_launch_shape_rtx3090_20260602_115550/raw/launch_shape_tensor_mma_f16acc_t256_b01_rep009_baseline_87ddebf0/power.csv,/home/bang001/gpupowermodeling/accelwattch/util/fp16_energy_impl/results/strict_fp16_launch_shape_rtx3090_20260602_115550/raw/launch_shape_tensor_mma_f16acc_t256_b01_rep009_test_3cf89ff1/sm_util.csv,/home/bang001/gpupowermodeling/accelwattch/util/fp16_energy_impl/results/strict_fp16_launch_shape_rtx3090_20260602_115550/raw/launch_shape_tensor_mma_f16acc_t256_b01_rep009_baseline_87ddebf0/sm_util.csv
launch_shape_tensor_mma_f16acc_t256_b02,0,0,NVIDIA GeForce RTX 3090,ampere,ga102,consumer,86,82,benchmark uses warp-level HMMA mma.sync m16n8k16 pairs,False,False,tensor_core_mma_m16n16k16_f16acc,fp16-energy-bench-v2,fp16-energy-bench-v2,"nvml_timed_energy_counter,explicit_m16n16k16_denominator,strict_denominator_provenance,tensor_no_memory_warpsync_baseline","nvml_timed_energy_counter,explicit_m16n16k16_denominator,strict_denominator_provenance,tensor_no_memory_warpsync_baseline",bae1f83e791c,bae1f83e791c,tensor_mma_f16acc,tensor_baseline_mov,164,256,512.0,2,1000000,8,1.0759075927700001,1.02496557617,171966464000000.0,0.0,0.0,171966464000000.0,85983232000000.0,85983232000000.0,257949696000000.0,343932928000000.0,20992000000.0,8192.0,8192.0,4096.0,4096.0,12288.0,16384.0,True,bench_json_metadata,True,logical_m16n16k16_input_bits_8192,ga102,"RTX 3090 FE dense FP16 Tensor Core peak, no sparsity",https://www.nvidia.com/content/dam/en-zz/Solutions/geforce/ampere/pdf/NVIDIA-ampere-GA102-GPU-Architecture-Whitepaper-V1.pdf,142.0,284.0,1024.0,1935.0,measured_avg_sm_clock_mhz,warp-level HMMA mma.sync.aligned.m16n8k16 pair -> logical m16n16k16,"dense FP16 Tensor Core HMMA normalization only; no sparsity, no WGMMA",162.47808,1007.3351006045194,98.37256841841008,True,False,159.83386041291908,nan,211.74961049423672,186.6790038975034,234.413,196.846,nvml_total_energy_counter,nvml_total_energy_counter,254.22100542321766,205.5343471377853,229.6425491667253,194.9186023104632,average_instant,average_instant,229.625,196.16125,229.98625,215.30125,370.0,370.0,234.413,196.846,-19.80800542321765,-8.688347137785286,0.9220835218150364,0.9577280038165065,200.84935770406437,0.8568183407236987,0.1431816592763014,0.8816025845893319,True,25.070606596733313,33.56364229593564,0.19517550989439217,0.1568541642676041,nan,nan,0.19517550989439217,0.13011700659626146,0.09758775494719608,8,8,1,1,1935.0,0.0,67.0,99.75,100.0,100.0,100.0,True,True,True,pure_fp16_candidate_no_l2,launch_shape_tensor_mma_f16acc_t256_b02_rep000_test_b61e3810,launch_shape_tensor_mma_f16acc_t256_b02_rep000_baseline_26e3f066,/home/bang001/gpupowermodeling/accelwattch/util/fp16_energy_impl/results/strict_fp16_launch_shape_rtx3090_20260602_115550/raw/launch_shape_tensor_mma_f16acc_t256_b02_rep000_test_b61e3810/power.csv,/home/bang001/gpupowermodeling/accelwattch/util/fp16_energy_impl/results/strict_fp16_launch_shape_rtx3090_20260602_115550/raw/launch_shape_tensor_mma_f16acc_t256_b02_rep000_baseline_26e3f066/power.csv,/home/bang001/gpupowermodeling/accelwattch/util/fp16_energy_impl/results/strict_fp16_launch_shape_rtx3090_20260602_115550/raw/launch_shape_tensor_mma_f16acc_t256_b02_rep000_test_b61e3810/sm_util.csv,/home/bang001/gpupowermodeling/accelwattch/util/fp16_energy_impl/results/strict_fp16_launch_shape_rtx3090_20260602_115550/raw/launch_shape_tensor_mma_f16acc_t256_b02_rep000_baseline_26e3f066/sm_util.csv
launch_shape_tensor_mma_f16acc_t256_b02,1,1,NVIDIA GeForce RTX 3090,ampere,ga102,consumer,86,82,benchmark uses warp-level HMMA mma.sync m16n8k16 pairs,False,False,tensor_core_mma_m16n16k16_f16acc,fp16-energy-bench-v2,fp16-energy-bench-v2,"nvml_timed_energy_counter,explicit_m16n16k16_denominator,strict_denominator_provenance,tensor_no_memory_warpsync_baseline","nvml_timed_energy_counter,explicit_m16n16k16_denominator,strict_denominator_provenance,tensor_no_memory_warpsync_baseline",bae1f83e791c,bae1f83e791c,tensor_mma_f16acc,tensor_baseline_mov,164,256,512.0,2,1000000,8,1.08286157227,1.0286418457,171966464000000.0,0.0,0.0,171966464000000.0,85983232000000.0,85983232000000.0,257949696000000.0,343932928000000.0,20992000000.0,8192.0,8192.0,4096.0,4096.0,12288.0,16384.0,True,bench_json_metadata,True,logical_m16n16k16_input_bits_8192,ga102,"RTX 3090 FE dense FP16 Tensor Core peak, no sparsity",https://www.nvidia.com/content/dam/en-zz/Solutions/geforce/ampere/pdf/NVIDIA-ampere-GA102-GPU-Architecture-Whitepaper-V1.pdf,142.0,284.0,1024.0,1935.0,measured_avg_sm_clock_mhz,warp-level HMMA mma.sync.aligned.m16n8k16 pair -> logical m16n16k16,"dense FP16 Tensor Core HMMA normalization only; no sparsity, no WGMMA",162.47808,1000.8661411191906,97.74083409367094,True,False,158.80743061138196,nan,210.13498948522732,203.51556857503357,234.147,216.327,nvml_total_energy_counter,nvml_total_energy_counter,260.23220313974474,195.63963122189585,233.54512878870028,184.05335803637098,average_instant,average_instant,233.53625,183.74375,234.44125,218.205,370.0,370.0,234.147,216.327,-26.08520313974475,20.687368778104144,0.8997618172346756,1.105742219247185,220.37918856858383,0.9412001373862737,0.058799862613726266,0.9684991969856638,True,6.619420910193753,13.767811431416163,0.08006102533698758,0.041682060371546176,nan,nan,0.08006102533698758,0.05337401689132506,0.04003051266849379,8,8,1,1,1935.0,0.0,70.0,99.5,100.0,100.0,100.0,True,True,True,pure_fp16_candidate_no_l2,launch_shape_tensor_mma_f16acc_t256_b02_rep001_test_58083ea2,launch_shape_tensor_mma_f16acc_t256_b02_rep001_baseline_e6825def,/home/bang001/gpupowermodeling/accelwattch/util/fp16_energy_impl/results/strict_fp16_launch_shape_rtx3090_20260602_115550/raw/launch_shape_tensor_mma_f16acc_t256_b02_rep001_test_58083ea2/power.csv,/home/bang001/gpupowermodeling/accelwattch/util/fp16_energy_impl/results/strict_fp16_launch_shape_rtx3090_20260602_115550/raw/launch_shape_tensor_mma_f16acc_t256_b02_rep001_baseline_e6825def/power.csv,/home/bang001/gpupowermodeling/accelwattch/util/fp16_energy_impl/results/strict_fp16_launch_shape_rtx3090_20260602_115550/raw/launch_shape_tensor_mma_f16acc_t256_b02_rep001_test_58083ea2/sm_util.csv,/home/bang001/gpupowermodeling/accelwattch/util/fp16_energy_impl/results/strict_fp16_launch_shape_rtx3090_20260602_115550/raw/launch_shape_tensor_mma_f16acc_t256_b02_rep001_baseline_e6825def/sm_util.csv
launch_shape_tensor_mma_f16acc_t256_b02,2,2,NVIDIA GeForce RTX 3090,ampere,ga102,consumer,86,82,benchmark uses warp-level HMMA mma.sync m16n8k16 pairs,False,False,tensor_core_mma_m16n16k16_f16acc,fp16-energy-bench-v2,fp16-energy-bench-v2,"nvml_timed_energy_counter,explicit_m16n16k16_denominator,strict_denominator_provenance,tensor_no_memory_warpsync_baseline","nvml_timed_energy_counter,explicit_m16n16k16_denominator,strict_denominator_provenance,tensor_no_memory_warpsync_baseline",bae1f83e791c,bae1f83e791c,tensor_mma_f16acc,tensor_baseline_mov,164,256,512.0,2,1000000,8,1.07570996094,1.02402954102,171966464000000.0,0.0,0.0,171966464000000.0,85983232000000.0,85983232000000.0,257949696000000.0,343932928000000.0,20992000000.0,8192.0,8192.0,4096.0,4096.0,12288.0,16384.0,True,bench_json_metadata,True,logical_m16n16k16_input_bits_8192,ga102,"RTX 3090 FE dense FP16 Tensor Core peak, no sparsity",https://www.nvidia.com/content/dam/en-zz/Solutions/geforce/ampere/pdf/NVIDIA-ampere-GA102-GPU-Architecture-Whitepaper-V1.pdf,142.0,284.0,1024.0,1935.0,measured_avg_sm_clock_mhz,warp-level HMMA mma.sync.aligned.m16n8k16 pair -> logical m16n16k16,"dense FP16 Tensor Core HMMA normalization only; no sparsity, no WGMMA",162.47808,1007.5201704528844,98.39064164578947,True,False,159.86322544575916,nan,210.07984123938783,192.17622307669683,232.443,202.406,nvml_total_energy_counter,nvml_total_energy_counter,261.35444070344073,210.49353200741498,236.2097349035584,199.85500411676927,average_instant,average_instant,236.19375,200.9325,236.66625,219.9425,370.0,370.0,232.443,202.406,-28.911440703440718,-8.087532007414978,0.8893784217875732,0.9615782398143707,206.72587741943028,0.8893615958296454,0.1106384041703546,0.9147770768624598,True,17.903618162691004,25.717122580569736,0.14954731278634498,0.11199335002011214,nan,nan,0.14954731278634498,0.09969820852422999,0.07477365639317249,8,8,1,1,1935.0,0.0,71.0,99.875,100.0,100.0,100.0,True,True,True,pure_fp16_candidate_no_l2,launch_shape_tensor_mma_f16acc_t256_b02_rep002_test_17208a30,launch_shape_tensor_mma_f16acc_t256_b02_rep002_baseline_247e851a,/home/bang001/gpupowermodeling/accelwattch/util/fp16_energy_impl/results/strict_fp16_launch_shape_rtx3090_20260602_115550/raw/launch_shape_tensor_mma_f16acc_t256_b02_rep002_test_17208a30/power.csv,/home/bang001/gpupowermodeling/accelwattch/util/fp16_energy_impl/results/strict_fp16_launch_shape_rtx3090_20260602_115550/raw/launch_shape_tensor_mma_f16acc_t256_b02_rep002_baseline_247e851a/power.csv,/home/bang001/gpupowermodeling/accelwattch/util/fp16_energy_impl/results/strict_fp16_launch_shape_rtx3090_20260602_115550/raw/launch_shape_tensor_mma_f16acc_t256_b02_rep002_test_17208a30/sm_util.csv,/home/bang001/gpupowermodeling/accelwattch/util/fp16_energy_impl/results/strict_fp16_launch_shape_rtx3090_20260602_115550/raw/launch_shape_tensor_mma_f16acc_t256_b02_rep002_baseline_247e851a/sm_util.csv
launch_shape_tensor_mma_f16acc_t256_b02,3,3,NVIDIA GeForce RTX 3090,ampere,ga102,consumer,86,82,benchmark uses warp-level HMMA mma.sync m16n8k16 pairs,False,False,tensor_core_mma_m16n16k16_f16acc,fp16-energy-bench-v2,fp16-energy-bench-v2,"nvml_timed_energy_counter,explicit_m16n16k16_denominator,strict_denominator_provenance,tensor_no_memory_warpsync_baseline","nvml_timed_energy_counter,explicit_m16n16k16_denominator,strict_denominator_provenance,tensor_no_memory_warpsync_baseline",bae1f83e791c,bae1f83e791c,tensor_mma_f16acc,tensor_baseline_mov,164,256,512.0,2,1000000,8,1.0814791259799998,1.02730957031,171966464000000.0,0.0,0.0,171966464000000.0,85983232000000.0,85983232000000.0,257949696000000.0,343932928000000.0,20992000000.0,8192.0,8192.0,4096.0,4096.0,12288.0,16384.0,True,bench_json_metadata,True,logical_m16n16k16_input_bits_8192,ga102,"RTX 3090 FE dense FP16 Tensor Core peak, no sparsity",https://www.nvidia.com/content/dam/en-zz/Solutions/geforce/ampere/pdf/NVIDIA-ampere-GA102-GPU-Architecture-Whitepaper-V1.pdf,142.0,284.0,1024.0,1926.6666666666667,measured_avg_sm_clock_mhz,warp-level HMMA mma.sync.aligned.m16n8k16 pair -> logical m16n16k16,"dense FP16 Tensor Core HMMA normalization only; no sparsity, no WGMMA",161.7783466666667,1006.480079997368,98.28907031224296,True,False,159.0104329051842,nan,192.68053198700525,191.54789946796475,214.347,202.417,nvml_total_energy_counter,nvml_total_energy_counter,262.6113143543742,211.01503321967124,236.06622791831697,199.68424771333846,average_instant,average_instant,235.8688888888889,200.7625,235.70000000000002,220.28,370.0,370.0,214.347,202.417,-48.26431435437419,-8.598033219671237,0.816213880681298,0.9592539304499671,207.1550548999194,0.9664471856378648,0.03355281436213524,0.9941217075365097,True,1.1326325190404987,7.191945100080602,0.041821788578967366,0.007123007580992326,nan,nan,0.041821788578967366,0.02788119238597824,0.020910894289483683,9,8,1,1,1926.6666666666667,15.0,72.0,99.66666666666667,100.0,100.0,100.0,True,True,True,pure_fp16_candidate_no_l2,launch_shape_tensor_mma_f16acc_t256_b02_rep003_test_3cef4ced,launch_shape_tensor_mma_f16acc_t256_b02_rep003_baseline_503a1163,/home/bang001/gpupowermodeling/accelwattch/util/fp16_energy_impl/results/strict_fp16_launch_shape_rtx3090_20260602_115550/raw/launch_shape_tensor_mma_f16acc_t256_b02_rep003_test_3cef4ced/power.csv,/home/bang001/gpupowermodeling/accelwattch/util/fp16_energy_impl/results/strict_fp16_launch_shape_rtx3090_20260602_115550/raw/launch_shape_tensor_mma_f16acc_t256_b02_rep003_baseline_503a1163/power.csv,/home/bang001/gpupowermodeling/accelwattch/util/fp16_energy_impl/results/strict_fp16_launch_shape_rtx3090_20260602_115550/raw/launch_shape_tensor_mma_f16acc_t256_b02_rep003_test_3cef4ced/sm_util.csv,/home/bang001/gpupowermodeling/accelwattch/util/fp16_energy_impl/results/strict_fp16_launch_shape_rtx3090_20260602_115550/raw/launch_shape_tensor_mma_f16acc_t256_b02_rep003_baseline_503a1163/sm_util.csv
launch_shape_tensor_mma_f16acc_t256_b02,4,4,NVIDIA GeForce RTX 3090,ampere,ga102,consumer,86,82,benchmark uses warp-level HMMA mma.sync m16n8k16 pairs,False,False,tensor_core_mma_m16n16k16_f16acc,fp16-energy-bench-v2,fp16-energy-bench-v2,"nvml_timed_energy_counter,explicit_m16n16k16_denominator,strict_denominator_provenance,tensor_no_memory_warpsync_baseline","nvml_timed_energy_counter,explicit_m16n16k16_denominator,strict_denominator_provenance,tensor_no_memory_warpsync_baseline",bae1f83e791c,bae1f83e791c,tensor_mma_f16acc,tensor_baseline_mov,164,256,512.0,2,1000000,8,1.09690466309,1.03297644043,171966464000000.0,0.0,0.0,171966464000000.0,85983232000000.0,85983232000000.0,257949696000000.0,343932928000000.0,20992000000.0,8192.0,8192.0,4096.0,4096.0,12288.0,16384.0,True,bench_json_metadata,True,logical_m16n16k16_input_bits_8192,ga102,"RTX 3090 FE dense FP16 Tensor Core peak, no sparsity",https://www.nvidia.com/content/dam/en-zz/Solutions/geforce/ampere/pdf/NVIDIA-ampere-GA102-GPU-Architecture-Whitepaper-V1.pdf,142.0,284.0,1024.0,1920.0,measured_avg_sm_clock_mhz,warp-level HMMA mma.sync.aligned.m16n8k16 pair -> logical m16n16k16,"dense FP16 Tensor Core HMMA normalization only; no sparsity, no WGMMA",161.21856,995.7717415383503,97.24333413460454,True,False,156.77430298779788,nan,209.2431195911945,190.05696529418293,236.209,202.036,nvml_total_energy_counter,nvml_total_energy_counter,265.39633177143503,212.57359431634742,235.0983933208079,199.96976893940567,average_instant,average_instant,235.04999999999998,201.03,235.20444444444445,220.45,370.0,370.0,236.209,202.036,-29.187331771435026,-10.537594316347423,0.8900236051620647,0.9504284887770886,208.47437148392353,0.882584370129519,0.1174156298704811,0.9083068808451326,True,19.18615429701157,27.73462851607647,0.16127928591982021,0.12238073415963376,nan,nan,0.16127928591982021,0.10751952394654682,0.08063964295991011,9,8,1,1,1920.0,0.0,72.0,99.77777777777777,100.0,100.0,100.0,True,True,True,pure_fp16_candidate_no_l2,launch_shape_tensor_mma_f16acc_t256_b02_rep004_test_9599d353,launch_shape_tensor_mma_f16acc_t256_b02_rep004_baseline_a3d31fce,/home/bang001/gpupowermodeling/accelwattch/util/fp16_energy_impl/results/strict_fp16_launch_shape_rtx3090_20260602_115550/raw/launch_shape_tensor_mma_f16acc_t256_b02_rep004_test_9599d353/power.csv,/home/bang001/gpupowermodeling/accelwattch/util/fp16_energy_impl/results/strict_fp16_launch_shape_rtx3090_20260602_115550/raw/launch_shape_tensor_mma_f16acc_t256_b02_rep004_baseline_a3d31fce/power.csv,/home/bang001/gpupowermodeling/accelwattch/util/fp16_energy_impl/results/strict_fp16_launch_shape_rtx3090_20260602_115550/raw/launch_shape_tensor_mma_f16acc_t256_b02_rep004_test_9599d353/sm_util.csv,/home/bang001/gpupowermodeling/accelwattch/util/fp16_energy_impl/results/strict_fp16_launch_shape_rtx3090_20260602_115550/raw/launch_shape_tensor_mma_f16acc_t256_b02_rep004_baseline_a3d31fce/sm_util.csv
launch_shape_tensor_mma_f16acc_t256_b02,5,5,NVIDIA GeForce RTX 3090,ampere,ga102,consumer,86,82,benchmark uses warp-level HMMA mma.sync m16n8k16 pairs,False,False,tensor_core_mma_m16n16k16_f16acc,fp16-energy-bench-v2,fp16-energy-bench-v2,"nvml_timed_energy_counter,explicit_m16n16k16_denominator,strict_denominator_provenance,tensor_no_memory_warpsync_baseline","nvml_timed_energy_counter,explicit_m16n16k16_denominator,strict_denominator_provenance,tensor_no_memory_warpsync_baseline",bae1f83e791c,bae1f83e791c,tensor_mma_f16acc,tensor_baseline_mov,164,256,512.0,2,1000000,8,1.08552075195,1.03154272461,171966464000000.0,0.0,0.0,171966464000000.0,85983232000000.0,85983232000000.0,257949696000000.0,343932928000000.0,20992000000.0,8192.0,8192.0,4096.0,4096.0,12288.0,16384.0,True,bench_json_metadata,True,logical_m16n16k16_input_bits_8192,ga102,"RTX 3090 FE dense FP16 Tensor Core peak, no sparsity",https://www.nvidia.com/content/dam/en-zz/Solutions/geforce/ampere/pdf/NVIDIA-ampere-GA102-GPU-Architecture-Whitepaper-V1.pdf,142.0,284.0,1024.0,1920.0,measured_avg_sm_clock_mhz,warp-level HMMA mma.sync.aligned.m16n8k16 pair -> logical m16n16k16,"dense FP16 Tensor Core HMMA normalization only; no sparsity, no WGMMA",161.21856,1006.2144502576743,98.26312990797601,True,False,158.41840304856825,nan,210.93569210678612,189.47487170791052,235.634,201.097,nvml_total_energy_counter,nvml_total_energy_counter,264.0207766727841,210.71683634998078,236.34706900551248,198.5387426670183,average_instant,average_instant,236.34,199.7075,236.65375,219.96375,370.0,370.0,235.634,201.097,-28.386776672784123,-9.619836349980773,0.8924827923373415,0.9543470919713167,205.67890521200084,0.8728744799646946,0.12712552003530536,0.8982589424078545,True,21.460820398875597,29.955094787999144,0.17419149112700918,0.13546923833272131,nan,nan,0.17419149112700918,0.11612766075133944,0.08709574556350459,8,8,1,1,1920.0,0.0,72.0,99.75,100.0,100.0,100.0,True,True,True,pure_fp16_candidate_no_l2,launch_shape_tensor_mma_f16acc_t256_b02_rep005_test_f5650a33,launch_shape_tensor_mma_f16acc_t256_b02_rep005_baseline_90e1603e,/home/bang001/gpupowermodeling/accelwattch/util/fp16_energy_impl/results/strict_fp16_launch_shape_rtx3090_20260602_115550/raw/launch_shape_tensor_mma_f16acc_t256_b02_rep005_test_f5650a33/power.csv,/home/bang001/gpupowermodeling/accelwattch/util/fp16_energy_impl/results/strict_fp16_launch_shape_rtx3090_20260602_115550/raw/launch_shape_tensor_mma_f16acc_t256_b02_rep005_baseline_90e1603e/power.csv,/home/bang001/gpupowermodeling/accelwattch/util/fp16_energy_impl/results/strict_fp16_launch_shape_rtx3090_20260602_115550/raw/launch_shape_tensor_mma_f16acc_t256_b02_rep005_test_f5650a33/sm_util.csv,/home/bang001/gpupowermodeling/accelwattch/util/fp16_energy_impl/results/strict_fp16_launch_shape_rtx3090_20260602_115550/raw/launch_shape_tensor_mma_f16acc_t256_b02_rep005_baseline_90e1603e/sm_util.csv
launch_shape_tensor_mma_f16acc_t256_b02,6,6,NVIDIA GeForce RTX 3090,ampere,ga102,consumer,86,82,benchmark uses warp-level HMMA mma.sync m16n8k16 pairs,False,False,tensor_core_mma_m16n16k16_f16acc,fp16-energy-bench-v2,fp16-energy-bench-v2,"nvml_timed_energy_counter,explicit_m16n16k16_denominator,strict_denominator_provenance,tensor_no_memory_warpsync_baseline","nvml_timed_energy_counter,explicit_m16n16k16_denominator,strict_denominator_provenance,tensor_no_memory_warpsync_baseline",bae1f83e791c,bae1f83e791c,tensor_mma_f16acc,tensor_baseline_mov,164,256,512.0,2,1000000,8,1.0835405273399998,1.03166357422,171966464000000.0,0.0,0.0,171966464000000.0,85983232000000.0,85983232000000.0,257949696000000.0,343932928000000.0,20992000000.0,8192.0,8192.0,4096.0,4096.0,12288.0,16384.0,True,bench_json_metadata,True,logical_m16n16k16_input_bits_8192,ga102,"RTX 3090 FE dense FP16 Tensor Core peak, no sparsity",https://www.nvidia.com/content/dam/en-zz/Solutions/geforce/ampere/pdf/NVIDIA-ampere-GA102-GPU-Architecture-Whitepaper-V1.pdf,142.0,284.0,1024.0,1920.0,measured_avg_sm_clock_mhz,warp-level HMMA mma.sync.aligned.m16n8k16 pair -> logical m16n16k16,"dense FP16 Tensor Core HMMA normalization only; no sparsity, no WGMMA",161.21856,1008.0533575869919,98.44271070185468,True,False,158.707920618496,nan,205.59331800406648,186.68332351019473,229.232,198.192,nvml_total_energy_counter,nvml_total_energy_counter,262.9683913342725,210.17766794992718,235.85077172735433,197.97300385744398,average_instant,average_instant,235.8375,198.98375,235.655,219.95499999999998,370.0,370.0,229.232,198.192,-33.7363913342725,-11.985667949927176,0.8717093291589237,0.9429736371764167,202.27894680182018,0.8824201978860725,0.11757980211392745,0.9080223293370958,True,18.90999449387175,26.953053198179816,0.15673435721850867,0.1191496581908336,nan,nan,0.15673435721850867,0.1044895714790058,0.07836717860925434,8,8,1,1,1920.0,0.0,72.0,99.875,100.0,100.0,100.0,True,True,True,pure_fp16_candidate_no_l2,launch_shape_tensor_mma_f16acc_t256_b02_rep006_test_252e260e,launch_shape_tensor_mma_f16acc_t256_b02_rep006_baseline_67efa313,/home/bang001/gpupowermodeling/accelwattch/util/fp16_energy_impl/results/strict_fp16_launch_shape_rtx3090_20260602_115550/raw/launch_shape_tensor_mma_f16acc_t256_b02_rep006_test_252e260e/power.csv,/home/bang001/gpupowermodeling/accelwattch/util/fp16_energy_impl/results/strict_fp16_launch_shape_rtx3090_20260602_115550/raw/launch_shape_tensor_mma_f16acc_t256_b02_rep006_baseline_67efa313/power.csv,/home/bang001/gpupowermodeling/accelwattch/util/fp16_energy_impl/results/strict_fp16_launch_shape_rtx3090_20260602_115550/raw/launch_shape_tensor_mma_f16acc_t256_b02_rep006_test_252e260e/sm_util.csv,/home/bang001/gpupowermodeling/accelwattch/util/fp16_energy_impl/results/strict_fp16_launch_shape_rtx3090_20260602_115550/raw/launch_shape_tensor_mma_f16acc_t256_b02_rep006_baseline_67efa313/sm_util.csv
launch_shape_tensor_mma_f16acc_t256_b02,7,7,NVIDIA GeForce RTX 3090,ampere,ga102,consumer,86,82,benchmark uses warp-level HMMA mma.sync m16n8k16 pairs,False,False,tensor_core_mma_m16n16k16_f16acc,fp16-energy-bench-v2,fp16-energy-bench-v2,"nvml_timed_energy_counter,explicit_m16n16k16_denominator,strict_denominator_provenance,tensor_no_memory_warpsync_baseline","nvml_timed_energy_counter,explicit_m16n16k16_denominator,strict_denominator_provenance,tensor_no_memory_warpsync_baseline",bae1f83e791c,bae1f83e791c,tensor_mma_f16acc,tensor_baseline_mov,164,256,512.0,2,1000000,8,1.08317285156,1.0245314941399999,171966464000000.0,0.0,0.0,171966464000000.0,85983232000000.0,85983232000000.0,257949696000000.0,343932928000000.0,20992000000.0,8192.0,8192.0,4096.0,4096.0,12288.0,16384.0,True,bench_json_metadata,True,logical_m16n16k16_input_bits_8192,ga102,"RTX 3090 FE dense FP16 Tensor Core peak, no sparsity",https://www.nvidia.com/content/dam/en-zz/Solutions/geforce/ampere/pdf/NVIDIA-ampere-GA102-GPU-Architecture-Whitepaper-V1.pdf,142.0,284.0,1024.0,1920.0,measured_avg_sm_clock_mhz,warp-level HMMA mma.sync.aligned.m16n8k16 pair -> logical m16n16k16,"dense FP16 Tensor Core HMMA normalization only; no sparsity, no WGMMA",161.21856,1008.3955345571758,98.47612642159919,True,False,158.76179296068176,nan,211.27466073055504,191.75103999743698,237.652,202.44,nvml_total_energy_counter,nvml_total_energy_counter,265.0527464391901,197.06568850472155,235.63415868430195,186.66049554727977,average_instant,average_instant,235.43444444444444,186.52375,236.31444444444443,221.42875,370.0,370.0,237.652,202.44,-27.40074643919013,5.374311495278448,0.8966215336105693,1.02727167542994,207.69952078361945,0.873964960461597,0.12603503953840295,0.9075912811048499,True,19.523620733118065,29.95247921638054,0.17417628134972024,0.12297430237483649,nan,nan,0.17417628134972024,0.1161175208998135,0.08708814067486012,9,8,1,1,1920.0,0.0,72.0,99.88888888888889,100.0,100.0,100.0,True,True,True,pure_fp16_candidate_no_l2,launch_shape_tensor_mma_f16acc_t256_b02_rep007_test_8278b274,launch_shape_tensor_mma_f16acc_t256_b02_rep007_baseline_83c8d7db,/home/bang001/gpupowermodeling/accelwattch/util/fp16_energy_impl/results/strict_fp16_launch_shape_rtx3090_20260602_115550/raw/launch_shape_tensor_mma_f16acc_t256_b02_rep007_test_8278b274/power.csv,/home/bang001/gpupowermodeling/accelwattch/util/fp16_energy_impl/results/strict_fp16_launch_shape_rtx3090_20260602_115550/raw/launch_shape_tensor_mma_f16acc_t256_b02_rep007_baseline_83c8d7db/power.csv,/home/bang001/gpupowermodeling/accelwattch/util/fp16_energy_impl/results/strict_fp16_launch_shape_rtx3090_20260602_115550/raw/launch_shape_tensor_mma_f16acc_t256_b02_rep007_test_8278b274/sm_util.csv,/home/bang001/gpupowermodeling/accelwattch/util/fp16_energy_impl/results/strict_fp16_launch_shape_rtx3090_20260602_115550/raw/launch_shape_tensor_mma_f16acc_t256_b02_rep007_baseline_83c8d7db/sm_util.csv
launch_shape_tensor_mma_f16acc_t256_b02,8,8,NVIDIA GeForce RTX 3090,ampere,ga102,consumer,86,82,benchmark uses warp-level HMMA mma.sync m16n8k16 pairs,False,False,tensor_core_mma_m16n16k16_f16acc,fp16-energy-bench-v2,fp16-energy-bench-v2,"nvml_timed_energy_counter,explicit_m16n16k16_denominator,strict_denominator_provenance,tensor_no_memory_warpsync_baseline","nvml_timed_energy_counter,explicit_m16n16k16_denominator,strict_denominator_provenance,tensor_no_memory_warpsync_baseline",bae1f83e791c,bae1f83e791c,tensor_mma_f16acc,tensor_baseline_mov,164,256,512.0,2,1000000,8,1.08370019531,1.0371451416,171966464000000.0,0.0,0.0,171966464000000.0,85983232000000.0,85983232000000.0,257949696000000.0,343932928000000.0,20992000000.0,8192.0,8192.0,4096.0,4096.0,12288.0,16384.0,True,bench_json_metadata,True,logical_m16n16k16_input_bits_8192,ga102,"RTX 3090 FE dense FP16 Tensor Core peak, no sparsity",https://www.nvidia.com/content/dam/en-zz/Solutions/geforce/ampere/pdf/NVIDIA-ampere-GA102-GPU-Architecture-Whitepaper-V1.pdf,142.0,284.0,1024.0,1920.0,measured_avg_sm_clock_mhz,warp-level HMMA mma.sync.aligned.m16n8k16 pair -> logical m16n16k16,"dense FP16 Tensor Core HMMA normalization only; no sparsity, no WGMMA",161.21856,1007.9048351137523,98.42820655407738,True,False,158.68453724030917,nan,211.70430045349974,185.52319832139904,236.179,198.062,nvml_total_energy_counter,nvml_total_energy_counter,263.94176714564435,215.40982500072755,236.59007436744653,201.7727766254397,average_instant,average_instant,236.5675,202.7125,236.8925,220.8975,370.0,370.0,236.179,198.062,-27.762767145644347,-17.34782500072754,0.8948148015909709,0.9194659528613937,201.05152625543602,0.8512675820264969,0.1487324179735031,0.8763317416036558,True,26.181102132100705,35.127473744563986,0.20426932628308264,0.16498836362646027,nan,nan,0.20426932628308264,0.13617955085538844,0.10213466314154132,8,8,1,1,1920.0,0.0,73.0,99.75,100.0,100.0,100.0,True,True,True,pure_fp16_candidate_no_l2,launch_shape_tensor_mma_f16acc_t256_b02_rep008_test_64917f04,launch_shape_tensor_mma_f16acc_t256_b02_rep008_baseline_12764789,/home/bang001/gpupowermodeling/accelwattch/util/fp16_energy_impl/results/strict_fp16_launch_shape_rtx3090_20260602_115550/raw/launch_shape_tensor_mma_f16acc_t256_b02_rep008_test_64917f04/power.csv,/home/bang001/gpupowermodeling/accelwattch/util/fp16_energy_impl/results/strict_fp16_launch_shape_rtx3090_20260602_115550/raw/launch_shape_tensor_mma_f16acc_t256_b02_rep008_baseline_12764789/power.csv,/home/bang001/gpupowermodeling/accelwattch/util/fp16_energy_impl/results/strict_fp16_launch_shape_rtx3090_20260602_115550/raw/launch_shape_tensor_mma_f16acc_t256_b02_rep008_test_64917f04/sm_util.csv,/home/bang001/gpupowermodeling/accelwattch/util/fp16_energy_impl/results/strict_fp16_launch_shape_rtx3090_20260602_115550/raw/launch_shape_tensor_mma_f16acc_t256_b02_rep008_baseline_12764789/sm_util.csv
launch_shape_tensor_mma_f16acc_t256_b02,9,9,NVIDIA GeForce RTX 3090,ampere,ga102,consumer,86,82,benchmark uses warp-level HMMA mma.sync m16n8k16 pairs,False,False,tensor_core_mma_m16n16k16_f16acc,fp16-energy-bench-v2,fp16-energy-bench-v2,"nvml_timed_energy_counter,explicit_m16n16k16_denominator,strict_denominator_provenance,tensor_no_memory_warpsync_baseline","nvml_timed_energy_counter,explicit_m16n16k16_denominator,strict_denominator_provenance,tensor_no_memory_warpsync_baseline",bae1f83e791c,bae1f83e791c,tensor_mma_f16acc,tensor_baseline_mov,164,256,512.0,2,1000000,8,1.08364599609,1.03199816895,171966464000000.0,0.0,0.0,171966464000000.0,85983232000000.0,85983232000000.0,257949696000000.0,343932928000000.0,20992000000.0,8192.0,8192.0,4096.0,4096.0,12288.0,16384.0,True,bench_json_metadata,True,logical_m16n16k16_input_bits_8192,ga102,"RTX 3090 FE dense FP16 Tensor Core peak, no sparsity",https://www.nvidia.com/content/dam/en-zz/Solutions/geforce/ampere/pdf/NVIDIA-ampere-GA102-GPU-Architecture-Whitepaper-V1.pdf,142.0,284.0,1024.0,1920.0,measured_avg_sm_clock_mhz,warp-level HMMA mma.sync.aligned.m16n8k16 pair -> logical m16n16k16,"dense FP16 Tensor Core HMMA normalization only; no sparsity, no WGMMA",161.21856,1007.9552460930707,98.43312950127645,True,False,158.69247394489307,nan,991.2815011533671,182.63515359546193,238.155,194.016,nvml_total_energy_counter,nvml_total_energy_counter,56.92955503402973,211.29423240508308,236.96002508503378,198.8998566568612,average_instant,average_instant,236.975,199.83125,236.83,221.2475,370.0,370.0,238.155,194.016,181.22544496597027,-17.278232405083088,4.183327971870542,0.9182266727850947,197.9118529390045,0.8310211960236169,0.16897880397638307,0.18424146257441895,True,808.6463475579052,40.24314706099551,0.23401741319165295,5.095681776558052,nan,nan,0.23401741319165295,0.15601160879443532,0.11700870659582648,4,8,0,1,1920.0,0.0,73.0,99.5,100.0,nan,nan,True,True,True,pure_fp16_candidate_no_l2,launch_shape_tensor_mma_f16acc_t256_b02_rep009_test_1c4bc481,launch_shape_tensor_mma_f16acc_t256_b02_rep009_baseline_3c4cd968,/home/bang001/gpupowermodeling/accelwattch/util/fp16_energy_impl/results/strict_fp16_launch_shape_rtx3090_20260602_115550/raw/launch_shape_tensor_mma_f16acc_t256_b02_rep009_test_1c4bc481/power.csv,/home/bang001/gpupowermodeling/accelwattch/util/fp16_energy_impl/results/strict_fp16_launch_shape_rtx3090_20260602_115550/raw/launch_shape_tensor_mma_f16acc_t256_b02_rep009_baseline_3c4cd968/power.csv,/home/bang001/gpupowermodeling/accelwattch/util/fp16_energy_impl/results/strict_fp16_launch_shape_rtx3090_20260602_115550/raw/launch_shape_tensor_mma_f16acc_t256_b02_rep009_test_1c4bc481/sm_util.csv,/home/bang001/gpupowermodeling/accelwattch/util/fp16_energy_impl/results/strict_fp16_launch_shape_rtx3090_20260602_115550/raw/launch_shape_tensor_mma_f16acc_t256_b02_rep009_baseline_3c4cd968/sm_util.csv
launch_shape_tensor_mma_f16acc_t256_b04,0,0,NVIDIA GeForce RTX 3090,ampere,ga102,consumer,86,82,benchmark uses warp-level HMMA mma.sync m16n8k16 pairs,False,False,tensor_core_mma_m16n16k16_f16acc,fp16-energy-bench-v2,fp16-energy-bench-v2,"nvml_timed_energy_counter,explicit_m16n16k16_denominator,strict_denominator_provenance,tensor_no_memory_warpsync_baseline","nvml_timed_energy_counter,explicit_m16n16k16_denominator,strict_denominator_provenance,tensor_no_memory_warpsync_baseline",bae1f83e791c,bae1f83e791c,tensor_mma_f16acc,tensor_baseline_mov,328,256,1024.0,4,1000000,8,2.1533110351599998,1.02291558838,343932928000000.0,0.0,0.0,343932928000000.0,171966464000000.0,171966464000000.0,515899392000000.0,687865856000000.0,41984000000.0,8192.0,8192.0,4096.0,4096.0,12288.0,16384.0,True,bench_json_metadata,True,logical_m16n16k16_input_bits_8192,ga102,"RTX 3090 FE dense FP16 Tensor Core peak, no sparsity",https://www.nvidia.com/content/dam/en-zz/Solutions/geforce/ampere/pdf/NVIDIA-ampere-GA102-GPU-Architecture-Whitepaper-V1.pdf,142.0,284.0,1024.0,1935.0,measured_avg_sm_clock_mhz,warp-level HMMA mma.sync.aligned.m16n8k16 pair -> logical m16n16k16,"dense FP16 Tensor Core HMMA normalization only; no sparsity, no WGMMA",162.47808,1006.6353308997031,98.30423153317413,True,False,159.7228279538559,nan,212.22460897258586,1649.8193798090438,469.644,209.906,nvml_total_energy_counter,nvml_total_energy_counter,515.3911536197818,24.45481775385,232.89701570740414,192.21,average_instant,average_instant,232.875,192.21,232.71625,227.745,370.0,370.0,469.644,209.906,-45.747153619781784,185.45118224615,0.9112379921570584,8.583421152952727,3552.574276563641,7.56439830289249,-6.564398302892491,7.773930590783463,True,-1437.5947708364579,-3082.930276563641,-8.963754341554761,-9.000559214064133,nan,nan,-8.963754341554761,-5.975836227703174,-4.481877170777381,16,2,2,0,1935.0,0.0,68.0,99.875,100.0,100.0,100.0,False,False,False,invalid_or_nonpositive_increment,launch_shape_tensor_mma_f16acc_t256_b04_rep000_test_4a9ebaf9,launch_shape_tensor_mma_f16acc_t256_b04_rep000_baseline_b88414ef,/home/bang001/gpupowermodeling/accelwattch/util/fp16_energy_impl/results/strict_fp16_launch_shape_rtx3090_20260602_115550/raw/launch_shape_tensor_mma_f16acc_t256_b04_rep000_test_4a9ebaf9/power.csv,/home/bang001/gpupowermodeling/accelwattch/util/fp16_energy_impl/results/strict_fp16_launch_shape_rtx3090_20260602_115550/raw/launch_shape_tensor_mma_f16acc_t256_b04_rep000_baseline_b88414ef/power.csv,/home/bang001/gpupowermodeling/accelwattch/util/fp16_energy_impl/results/strict_fp16_launch_shape_rtx3090_20260602_115550/raw/launch_shape_tensor_mma_f16acc_t256_b04_rep000_test_4a9ebaf9/sm_util.csv,/home/bang001/gpupowermodeling/accelwattch/util/fp16_energy_impl/results/strict_fp16_launch_shape_rtx3090_20260602_115550/raw/launch_shape_tensor_mma_f16acc_t256_b04_rep000_baseline_b88414ef/sm_util.csv
launch_shape_tensor_mma_f16acc_t256_b04,1,1,NVIDIA GeForce RTX 3090,ampere,ga102,consumer,86,82,benchmark uses warp-level HMMA mma.sync m16n8k16 pairs,False,False,tensor_core_mma_m16n16k16_f16acc,fp16-energy-bench-v2,fp16-energy-bench-v2,"nvml_timed_energy_counter,explicit_m16n16k16_denominator,strict_denominator_provenance,tensor_no_memory_warpsync_baseline","nvml_timed_energy_counter,explicit_m16n16k16_denominator,strict_denominator_provenance,tensor_no_memory_warpsync_baseline",bae1f83e791c,bae1f83e791c,tensor_mma_f16acc,tensor_baseline_mov,328,256,1024.0,4,1000000,8,2.15298657227,1.02301177979,343932928000000.0,0.0,0.0,343932928000000.0,171966464000000.0,171966464000000.0,515899392000000.0,687865856000000.0,41984000000.0,8192.0,8192.0,4096.0,4096.0,12288.0,16384.0,True,bench_json_metadata,True,logical_m16n16k16_input_bits_8192,ga102,"RTX 3090 FE dense FP16 Tensor Core peak, no sparsity",https://www.nvidia.com/content/dam/en-zz/Solutions/geforce/ampere/pdf/NVIDIA-ampere-GA102-GPU-Architecture-Whitepaper-V1.pdf,142.0,284.0,1024.0,1935.0,measured_avg_sm_clock_mhz,warp-level HMMA mma.sync.aligned.m16n8k16 pair -> logical m16n16k16,"dense FP16 Tensor Core HMMA normalization only; no sparsity, no WGMMA",162.47808,1006.7870344973225,98.31904633762915,True,False,159.74689876369015,nan,214.76608804686654,200.89115928389393,475.128,211.516,nvml_total_energy_counter,nvml_total_energy_counter,519.9070367041747,202.4915531424211,235.00698847677737,192.32002711840803,average_instant,average_instant,235.02625,192.58125,235.185,232.26125000000002,370.0,370.0,475.128,211.516,-44.77903670417476,9.02444685757888,0.9138710701281508,1.0445670286860391,432.5159684259774,0.9103146276918587,0.08968537230814135,0.9353951599661078,True,13.874928762972615,42.61203157402258,0.12389634171352903,0.08685570030062037,nan,nan,0.12389634171352903,0.08259756114235269,0.06194817085676452,16,8,2,1,1935.0,0.0,71.0,99.9375,100.0,100.0,100.0,True,True,True,pure_fp16_candidate_no_l2,launch_shape_tensor_mma_f16acc_t256_b04_rep001_test_74345381,launch_shape_tensor_mma_f16acc_t256_b04_rep001_baseline_10e53da4,/home/bang001/gpupowermodeling/accelwattch/util/fp16_energy_impl/results/strict_fp16_launch_shape_rtx3090_20260602_115550/raw/launch_shape_tensor_mma_f16acc_t256_b04_rep001_test_74345381/power.csv,/home/bang001/gpupowermodeling/accelwattch/util/fp16_energy_impl/results/strict_fp16_launch_shape_rtx3090_20260602_115550/raw/launch_shape_tensor_mma_f16acc_t256_b04_rep001_baseline_10e53da4/power.csv,/home/bang001/gpupowermodeling/accelwattch/util/fp16_energy_impl/results/strict_fp16_launch_shape_rtx3090_20260602_115550/raw/launch_shape_tensor_mma_f16acc_t256_b04_rep001_test_74345381/sm_util.csv,/home/bang001/gpupowermodeling/accelwattch/util/fp16_energy_impl/results/strict_fp16_launch_shape_rtx3090_20260602_115550/raw/launch_shape_tensor_mma_f16acc_t256_b04_rep001_baseline_10e53da4/sm_util.csv
launch_shape_tensor_mma_f16acc_t256_b04,2,2,NVIDIA GeForce RTX 3090,ampere,ga102,consumer,86,82,benchmark uses warp-level HMMA mma.sync m16n8k16 pairs,False,False,tensor_core_mma_m16n16k16_f16acc,fp16-energy-bench-v2,fp16-energy-bench-v2,"nvml_timed_energy_counter,explicit_m16n16k16_denominator,strict_denominator_provenance,tensor_no_memory_warpsync_baseline","nvml_timed_energy_counter,explicit_m16n16k16_denominator,strict_denominator_provenance,tensor_no_memory_warpsync_baseline",bae1f83e791c,bae1f83e791c,tensor_mma_f16acc,tensor_baseline_mov,328,256,1024.0,4,1000000,8,2.15461279297,1.02259100342,343932928000000.0,0.0,0.0,343932928000000.0,171966464000000.0,171966464000000.0,515899392000000.0,687865856000000.0,41984000000.0,8192.0,8192.0,4096.0,4096.0,12288.0,16384.0,True,bench_json_metadata,True,logical_m16n16k16_input_bits_8192,ga102,"RTX 3090 FE dense FP16 Tensor Core peak, no sparsity",https://www.nvidia.com/content/dam/en-zz/Solutions/geforce/ampere/pdf/NVIDIA-ampere-GA102-GPU-Architecture-Whitepaper-V1.pdf,142.0,284.0,1024.0,1935.0,measured_avg_sm_clock_mhz,warp-level HMMA mma.sync.aligned.m16n8k16 pair -> logical m16n16k16,"dense FP16 Tensor Core HMMA normalization only; no sparsity, no WGMMA",162.47808,1006.0271495094802,98.24483881928518,True,False,159.62632781266922,nan,214.84553736617482,199.8095165626305,476.088,210.186,nvml_total_energy_counter,nvml_total_energy_counter,524.3637435422671,204.4819944076607,236.63106454411255,194.3871068879811,average_instant,average_instant,236.63875000000002,194.5025,236.840625,233.3675,370.0,370.0,476.088,210.186,-48.275743542267094,5.704005592339314,0.9079346271804627,1.0278949039442937,430.5121405429948,0.9042700940645317,0.09572990593546825,0.9300147399481821,True,15.036020803544318,45.57585945700521,0.13251380064721574,0.09419511812105308,nan,nan,0.13251380064721574,0.08834253376481051,0.06625690032360787,16,8,2,1,1935.0,0.0,72.0,99.875,100.0,100.0,100.0,True,True,True,pure_fp16_candidate_no_l2,launch_shape_tensor_mma_f16acc_t256_b04_rep002_test_be647195,launch_shape_tensor_mma_f16acc_t256_b04_rep002_baseline_6a72cc28,/home/bang001/gpupowermodeling/accelwattch/util/fp16_energy_impl/results/strict_fp16_launch_shape_rtx3090_20260602_115550/raw/launch_shape_tensor_mma_f16acc_t256_b04_rep002_test_be647195/power.csv,/home/bang001/gpupowermodeling/accelwattch/util/fp16_energy_impl/results/strict_fp16_launch_shape_rtx3090_20260602_115550/raw/launch_shape_tensor_mma_f16acc_t256_b04_rep002_baseline_6a72cc28/power.csv,/home/bang001/gpupowermodeling/accelwattch/util/fp16_energy_impl/results/strict_fp16_launch_shape_rtx3090_20260602_115550/raw/launch_shape_tensor_mma_f16acc_t256_b04_rep002_test_be647195/sm_util.csv,/home/bang001/gpupowermodeling/accelwattch/util/fp16_energy_impl/results/strict_fp16_launch_shape_rtx3090_20260602_115550/raw/launch_shape_tensor_mma_f16acc_t256_b04_rep002_baseline_6a72cc28/sm_util.csv
launch_shape_tensor_mma_f16acc_t256_b04,3,3,NVIDIA GeForce RTX 3090,ampere,ga102,consumer,86,82,benchmark uses warp-level HMMA mma.sync m16n8k16 pairs,False,False,tensor_core_mma_m16n16k16_f16acc,fp16-energy-bench-v2,fp16-energy-bench-v2,"nvml_timed_energy_counter,explicit_m16n16k16_denominator,strict_denominator_provenance,tensor_no_memory_warpsync_baseline","nvml_timed_energy_counter,explicit_m16n16k16_denominator,strict_denominator_provenance,tensor_no_memory_warpsync_baseline",bae1f83e791c,bae1f83e791c,tensor_mma_f16acc,tensor_baseline_mov,328,256,1024.0,4,1000000,8,2.17054638672,1.02250494385,343932928000000.0,0.0,0.0,343932928000000.0,171966464000000.0,171966464000000.0,515899392000000.0,687865856000000.0,41984000000.0,8192.0,8192.0,4096.0,4096.0,12288.0,16384.0,True,bench_json_metadata,True,logical_m16n16k16_input_bits_8192,ga102,"RTX 3090 FE dense FP16 Tensor Core peak, no sparsity",https://www.nvidia.com/content/dam/en-zz/Solutions/geforce/ampere/pdf/NVIDIA-ampere-GA102-GPU-Architecture-Whitepaper-V1.pdf,142.0,284.0,1024.0,1920.0,measured_avg_sm_clock_mhz,warp-level HMMA mma.sync.aligned.m16n8k16 pair -> logical m16n16k16,"dense FP16 Tensor Core HMMA normalization only; no sparsity, no WGMMA",161.21856,1006.4439749820182,98.2855444318377,True,False,158.45453942116893,nan,214.42754100364792,208.16245416065536,480.042,219.621,nvml_total_energy_counter,nvml_total_energy_counter,529.6768656984938,206.11880274990676,236.59868894439967,195.36472299587302,average_instant,average_instant,236.52473684210528,195.51375,236.50052631578947,234.8675,370.0,370.0,480.042,219.621,-49.6348656984938,13.502197250093246,0.9062921775278227,1.0655068682233522,451.8262627291781,0.941222357062878,0.05877764293712191,0.9707822660574839,True,6.2650868429925595,28.215737270821876,0.08203848766356525,0.03953870217842158,nan,nan,0.08203848766356525,0.0546923251090435,0.041019243831782626,19,8,2,1,1920.0,0.0,72.0,99.94736842105263,100.0,100.0,100.0,True,True,True,pure_fp16_candidate_no_l2,launch_shape_tensor_mma_f16acc_t256_b04_rep003_test_fc2c3ccb,launch_shape_tensor_mma_f16acc_t256_b04_rep003_baseline_277bf34f,/home/bang001/gpupowermodeling/accelwattch/util/fp16_energy_impl/results/strict_fp16_launch_shape_rtx3090_20260602_115550/raw/launch_shape_tensor_mma_f16acc_t256_b04_rep003_test_fc2c3ccb/power.csv,/home/bang001/gpupowermodeling/accelwattch/util/fp16_energy_impl/results/strict_fp16_launch_shape_rtx3090_20260602_115550/raw/launch_shape_tensor_mma_f16acc_t256_b04_rep003_baseline_277bf34f/power.csv,/home/bang001/gpupowermodeling/accelwattch/util/fp16_energy_impl/results/strict_fp16_launch_shape_rtx3090_20260602_115550/raw/launch_shape_tensor_mma_f16acc_t256_b04_rep003_test_fc2c3ccb/sm_util.csv,/home/bang001/gpupowermodeling/accelwattch/util/fp16_energy_impl/results/strict_fp16_launch_shape_rtx3090_20260602_115550/raw/launch_shape_tensor_mma_f16acc_t256_b04_rep003_baseline_277bf34f/sm_util.csv
launch_shape_tensor_mma_f16acc_t256_b04,4,4,NVIDIA GeForce RTX 3090,ampere,ga102,consumer,86,82,benchmark uses warp-level HMMA mma.sync m16n8k16 pairs,False,False,tensor_core_mma_m16n16k16_f16acc,fp16-energy-bench-v2,fp16-energy-bench-v2,"nvml_timed_energy_counter,explicit_m16n16k16_denominator,strict_denominator_provenance,tensor_no_memory_warpsync_baseline","nvml_timed_energy_counter,explicit_m16n16k16_denominator,strict_denominator_provenance,tensor_no_memory_warpsync_baseline",bae1f83e791c,bae1f83e791c,tensor_mma_f16acc,tensor_baseline_mov,328,256,1024.0,4,1000000,8,2.17012744141,1.02588513184,343932928000000.0,0.0,0.0,343932928000000.0,171966464000000.0,171966464000000.0,515899392000000.0,687865856000000.0,41984000000.0,8192.0,8192.0,4096.0,4096.0,12288.0,16384.0,True,bench_json_metadata,True,logical_m16n16k16_input_bits_8192,ga102,"RTX 3090 FE dense FP16 Tensor Core peak, no sparsity",https://www.nvidia.com/content/dam/en-zz/Solutions/geforce/ampere/pdf/NVIDIA-ampere-GA102-GPU-Architecture-Whitepaper-V1.pdf,142.0,284.0,1024.0,1920.0,measured_avg_sm_clock_mhz,warp-level HMMA mma.sync.aligned.m16n8k16 pair -> logical m16n16k16,"dense FP16 Tensor Core HMMA normalization only; no sparsity, no WGMMA",161.21856,1006.6382700151349,98.30451855616552,True,False,158.48512923118284,nan,212.2633445265606,198.49931371490513,473.935,209.641,nvml_total_energy_counter,nvml_total_energy_counter,528.9053353351592,207.97594609716316,236.8831494111702,196.92275160629356,average_instant,average_instant,236.8835294117647,197.1825,236.65411764705883,234.90875,370.0,370.0,473.935,209.641,-54.97033533515918,1.6650539028368314,0.8960677239144783,1.0080059926836873,430.768807793768,0.9089195940240076,0.09108040597599246,0.9351558751589671,True,13.76403081165546,43.16619220623198,0.1255075879394484,0.0868474593069096,nan,nan,0.1255075879394484,0.08367172529296563,0.0627537939697242,17,8,2,1,1920.0,0.0,72.0,99.88235294117646,100.0,100.0,100.0,True,True,True,pure_fp16_candidate_no_l2,launch_shape_tensor_mma_f16acc_t256_b04_rep004_test_fb1250c3,launch_shape_tensor_mma_f16acc_t256_b04_rep004_baseline_726611df,/home/bang001/gpupowermodeling/accelwattch/util/fp16_energy_impl/results/strict_fp16_launch_shape_rtx3090_20260602_115550/raw/launch_shape_tensor_mma_f16acc_t256_b04_rep004_test_fb1250c3/power.csv,/home/bang001/gpupowermodeling/accelwattch/util/fp16_energy_impl/results/strict_fp16_launch_shape_rtx3090_20260602_115550/raw/launch_shape_tensor_mma_f16acc_t256_b04_rep004_baseline_726611df/power.csv,/home/bang001/gpupowermodeling/accelwattch/util/fp16_energy_impl/results/strict_fp16_launch_shape_rtx3090_20260602_115550/raw/launch_shape_tensor_mma_f16acc_t256_b04_rep004_test_fb1250c3/sm_util.csv,/home/bang001/gpupowermodeling/accelwattch/util/fp16_energy_impl/results/strict_fp16_launch_shape_rtx3090_20260602_115550/raw/launch_shape_tensor_mma_f16acc_t256_b04_rep004_baseline_726611df/sm_util.csv
launch_shape_tensor_mma_f16acc_t256_b04,5,5,NVIDIA GeForce RTX 3090,ampere,ga102,consumer,86,82,benchmark uses warp-level HMMA mma.sync m16n8k16 pairs,False,False,tensor_core_mma_m16n16k16_f16acc,fp16-energy-bench-v2,fp16-energy-bench-v2,"nvml_timed_energy_counter,explicit_m16n16k16_denominator,strict_denominator_provenance,tensor_no_memory_warpsync_baseline","nvml_timed_energy_counter,explicit_m16n16k16_denominator,strict_denominator_provenance,tensor_no_memory_warpsync_baseline",bae1f83e791c,bae1f83e791c,tensor_mma_f16acc,tensor_baseline_mov,328,256,1024.0,4,1000000,8,2.16693359375,1.0293605957,343932928000000.0,0.0,0.0,343932928000000.0,171966464000000.0,171966464000000.0,515899392000000.0,687865856000000.0,41984000000.0,8192.0,8192.0,4096.0,4096.0,12288.0,16384.0,True,bench_json_metadata,True,logical_m16n16k16_input_bits_8192,ga102,"RTX 3090 FE dense FP16 Tensor Core peak, no sparsity",https://www.nvidia.com/content/dam/en-zz/Solutions/geforce/ampere/pdf/NVIDIA-ampere-GA102-GPU-Architecture-Whitepaper-V1.pdf,142.0,284.0,1024.0,1920.0,measured_avg_sm_clock_mhz,warp-level HMMA mma.sync.aligned.m16n8k16 pair -> logical m16n16k16,"dense FP16 Tensor Core HMMA normalization only; no sparsity, no WGMMA",161.21856,1008.1219561292028,98.44940977824247,True,False,158.7187207729817,nan,214.06430418888706,201.00987175311923,477.233,212.948,nvml_total_energy_counter,nvml_total_energy_counter,528.5935822130849,207.4633686136351,237.10224853510817,195.83271558548046,average_instant,average_instant,237.09,196.20125,237.328125,236.00125,370.0,370.0,477.233,212.948,-51.36058221308491,5.484631386364896,0.902835403339459,1.026436625525825,435.5750437772133,0.9127093972487512,0.08729060275124878,0.939016304071655,True,13.054432435767836,41.65795622278671,0.12112232598673049,0.08224885112601071,nan,nan,0.12112232598673049,0.080748217324487,0.060561162993365246,16,8,2,1,1920.0,0.0,73.0,99.8125,100.0,100.0,100.0,True,True,True,pure_fp16_candidate_no_l2,launch_shape_tensor_mma_f16acc_t256_b04_rep005_test_5bfb42fd,launch_shape_tensor_mma_f16acc_t256_b04_rep005_baseline_8b91d2ef,/home/bang001/gpupowermodeling/accelwattch/util/fp16_energy_impl/results/strict_fp16_launch_shape_rtx3090_20260602_115550/raw/launch_shape_tensor_mma_f16acc_t256_b04_rep005_test_5bfb42fd/power.csv,/home/bang001/gpupowermodeling/accelwattch/util/fp16_energy_impl/results/strict_fp16_launch_shape_rtx3090_20260602_115550/raw/launch_shape_tensor_mma_f16acc_t256_b04_rep005_baseline_8b91d2ef/power.csv,/home/bang001/gpupowermodeling/accelwattch/util/fp16_energy_impl/results/strict_fp16_launch_shape_rtx3090_20260602_115550/raw/launch_shape_tensor_mma_f16acc_t256_b04_rep005_test_5bfb42fd/sm_util.csv,/home/bang001/gpupowermodeling/accelwattch/util/fp16_energy_impl/results/strict_fp16_launch_shape_rtx3090_20260602_115550/raw/launch_shape_tensor_mma_f16acc_t256_b04_rep005_baseline_8b91d2ef/sm_util.csv
launch_shape_tensor_mma_f16acc_t256_b04,6,6,NVIDIA GeForce RTX 3090,ampere,ga102,consumer,86,82,benchmark uses warp-level HMMA mma.sync m16n8k16 pairs,False,False,tensor_core_mma_m16n16k16_f16acc,fp16-energy-bench-v2,fp16-energy-bench-v2,"nvml_timed_energy_counter,explicit_m16n16k16_denominator,strict_denominator_provenance,tensor_no_memory_warpsync_baseline","nvml_timed_energy_counter,explicit_m16n16k16_denominator,strict_denominator_provenance,tensor_no_memory_warpsync_baseline",bae1f83e791c,bae1f83e791c,tensor_mma_f16acc,tensor_baseline_mov,328,256,1024.0,4,1000000,8,2.16928125,1.02828417969,343932928000000.0,0.0,0.0,343932928000000.0,171966464000000.0,171966464000000.0,515899392000000.0,687865856000000.0,41984000000.0,8192.0,8192.0,4096.0,4096.0,12288.0,16384.0,True,bench_json_metadata,True,logical_m16n16k16_input_bits_8192,ga102,"RTX 3090 FE dense FP16 Tensor Core peak, no sparsity",https://www.nvidia.com/content/dam/en-zz/Solutions/geforce/ampere/pdf/NVIDIA-ampere-GA102-GPU-Architecture-Whitepaper-V1.pdf,142.0,284.0,1024.0,1920.0,measured_avg_sm_clock_mhz,warp-level HMMA mma.sync.aligned.m16n8k16 pair -> logical m16n16k16,"dense FP16 Tensor Core HMMA normalization only; no sparsity, no WGMMA",161.21856,1007.0309386269454,98.34286510028764,True,False,158.5469509774263,nan,215.2997355477882,205.08493569517879,477.767,217.083,nvml_total_energy_counter,nvml_total_energy_counter,526.4804201676227,207.4262191600299,237.25183035491693,195.96188010083142,average_instant,average_instant,237.2375,196.24125,237.555,235.05625,370.0,370.0,477.767,217.083,-48.7134201676227,9.65678083997011,0.907473443832701,1.0465552565103637,444.88690566100706,0.93117964543597,0.06882035456403003,0.9525554463565882,True,10.214799852609417,32.88009433899293,0.09560030942717103,0.06442760197932654,nan,nan,0.09560030942717103,0.06373353961811401,0.047800154713585515,16,8,2,2,1920.0,0.0,73.0,99.875,100.0,100.0,100.0,True,True,True,pure_fp16_candidate_no_l2,launch_shape_tensor_mma_f16acc_t256_b04_rep006_test_43f9ec0e,launch_shape_tensor_mma_f16acc_t256_b04_rep006_baseline_8085d61e,/home/bang001/gpupowermodeling/accelwattch/util/fp16_energy_impl/results/strict_fp16_launch_shape_rtx3090_20260602_115550/raw/launch_shape_tensor_mma_f16acc_t256_b04_rep006_test_43f9ec0e/power.csv,/home/bang001/gpupowermodeling/accelwattch/util/fp16_energy_impl/results/strict_fp16_launch_shape_rtx3090_20260602_115550/raw/launch_shape_tensor_mma_f16acc_t256_b04_rep006_baseline_8085d61e/power.csv,/home/bang001/gpupowermodeling/accelwattch/util/fp16_energy_impl/results/strict_fp16_launch_shape_rtx3090_20260602_115550/raw/launch_shape_tensor_mma_f16acc_t256_b04_rep006_test_43f9ec0e/sm_util.csv,/home/bang001/gpupowermodeling/accelwattch/util/fp16_energy_impl/results/strict_fp16_launch_shape_rtx3090_20260602_115550/raw/launch_shape_tensor_mma_f16acc_t256_b04_rep006_baseline_8085d61e/sm_util.csv
launch_shape_tensor_mma_f16acc_t256_b04,7,7,NVIDIA GeForce RTX 3090,ampere,ga102,consumer,86,82,benchmark uses warp-level HMMA mma.sync m16n8k16 pairs,False,False,tensor_core_mma_m16n16k16_f16acc,fp16-energy-bench-v2,fp16-energy-bench-v2,"nvml_timed_energy_counter,explicit_m16n16k16_denominator,strict_denominator_provenance,tensor_no_memory_warpsync_baseline","nvml_timed_energy_counter,explicit_m16n16k16_denominator,strict_denominator_provenance,tensor_no_memory_warpsync_baseline",bae1f83e791c,bae1f83e791c,tensor_mma_f16acc,tensor_baseline_mov,328,256,1024.0,4,1000000,8,2.1682575683599996,1.0292611084,343932928000000.0,0.0,0.0,343932928000000.0,171966464000000.0,171966464000000.0,515899392000000.0,687865856000000.0,41984000000.0,8192.0,8192.0,4096.0,4096.0,12288.0,16384.0,True,bench_json_metadata,True,logical_m16n16k16_input_bits_8192,ga102,"RTX 3090 FE dense FP16 Tensor Core peak, no sparsity",https://www.nvidia.com/content/dam/en-zz/Solutions/geforce/ampere/pdf/NVIDIA-ampere-GA102-GPU-Architecture-Whitepaper-V1.pdf,142.0,284.0,1024.0,1920.0,measured_avg_sm_clock_mhz,warp-level HMMA mma.sync.aligned.m16n8k16 pair -> logical m16n16k16,"dense FP16 Tensor Core HMMA normalization only; no sparsity, no WGMMA",161.21856,1007.5063798742527,98.389294909595,True,False,158.62180444740235,nan,215.89592015550195,200.13231724997348,481.442,213.937,nvml_total_energy_counter,nvml_total_energy_counter,529.7044701903685,208.15344061259802,237.5385487810209,194.7219527868203,average_instant,average_instant,237.525625,195.24,237.561875,235.04500000000002,370.0,370.0,481.442,213.937,-48.262470190368504,5.7835593874019935,0.9088879310891531,1.0277850770584473,433.9384115506795,0.9013306100229717,0.09866938997702836,0.9269851746426031,True,15.763602905528472,47.50358844932049,0.1381187568330779,0.09937853727263296,nan,nan,0.1381187568330779,0.09207917122205192,0.06905937841653895,16,8,2,1,1920.0,0.0,73.0,99.875,100.0,100.0,100.0,True,True,True,pure_fp16_candidate_no_l2,launch_shape_tensor_mma_f16acc_t256_b04_rep007_test_60303807,launch_shape_tensor_mma_f16acc_t256_b04_rep007_baseline_6760d9cc,/home/bang001/gpupowermodeling/accelwattch/util/fp16_energy_impl/results/strict_fp16_launch_shape_rtx3090_20260602_115550/raw/launch_shape_tensor_mma_f16acc_t256_b04_rep007_test_60303807/power.csv,/home/bang001/gpupowermodeling/accelwattch/util/fp16_energy_impl/results/strict_fp16_launch_shape_rtx3090_20260602_115550/raw/launch_shape_tensor_mma_f16acc_t256_b04_rep007_baseline_6760d9cc/power.csv,/home/bang001/gpupowermodeling/accelwattch/util/fp16_energy_impl/results/strict_fp16_launch_shape_rtx3090_20260602_115550/raw/launch_shape_tensor_mma_f16acc_t256_b04_rep007_test_60303807/sm_util.csv,/home/bang001/gpupowermodeling/accelwattch/util/fp16_energy_impl/results/strict_fp16_launch_shape_rtx3090_20260602_115550/raw/launch_shape_tensor_mma_f16acc_t256_b04_rep007_baseline_6760d9cc/sm_util.csv
launch_shape_tensor_mma_f16acc_t256_b04,8,8,NVIDIA GeForce RTX 3090,ampere,ga102,consumer,86,82,benchmark uses warp-level HMMA mma.sync m16n8k16 pairs,False,False,tensor_core_mma_m16n16k16_f16acc,fp16-energy-bench-v2,fp16-energy-bench-v2,"nvml_timed_energy_counter,explicit_m16n16k16_denominator,strict_denominator_provenance,tensor_no_memory_warpsync_baseline","nvml_timed_energy_counter,explicit_m16n16k16_denominator,strict_denominator_provenance,tensor_no_memory_warpsync_baseline",bae1f83e791c,bae1f83e791c,tensor_mma_f16acc,tensor_baseline_mov,328,256,1024.0,4,1000000,8,2.16641137695,1.02966687012,343932928000000.0,0.0,0.0,343932928000000.0,171966464000000.0,171966464000000.0,515899392000000.0,687865856000000.0,41984000000.0,8192.0,8192.0,4096.0,4096.0,12288.0,16384.0,True,bench_json_metadata,True,logical_m16n16k16_input_bits_8192,ga102,"RTX 3090 FE dense FP16 Tensor Core peak, no sparsity",https://www.nvidia.com/content/dam/en-zz/Solutions/geforce/ampere/pdf/NVIDIA-ampere-GA102-GPU-Architecture-Whitepaper-V1.pdf,142.0,284.0,1024.0,1920.0,measured_avg_sm_clock_mhz,warp-level HMMA mma.sync.aligned.m16n8k16 pair -> logical m16n16k16,"dense FP16 Tensor Core HMMA normalization only; no sparsity, no WGMMA",161.21856,1008.3649654798463,98.47314116014125,True,False,158.756980165147,nan,213.67723932928706,223.1984315426026,476.398,236.558,nvml_total_energy_counter,nvml_total_energy_counter,528.8065662002228,208.6891204091542,237.18388239426588,196.90344167319878,average_instant,average_instant,237.1925,196.88375,237.298125,234.28375,370.0,370.0,476.398,236.558,-52.40856620022282,27.86887959084578,0.9008927468945624,1.1335425609931475,483.53962141129006,1.0149908719417169,-0.014990871941716867,1.0445587571385782,True,-9.521192213315544,-7.141621411290032,-0.020764575967817864,-0.05997337694009498,nan,nan,-0.020764575967817864,-0.01384305064521191,-0.010382287983908932,16,8,2,1,1920.0,0.0,73.0,99.625,100.0,100.0,100.0,False,False,False,invalid_or_nonpositive_increment,launch_shape_tensor_mma_f16acc_t256_b04_rep008_test_ff225e44,launch_shape_tensor_mma_f16acc_t256_b04_rep008_baseline_05c2af23,/home/bang001/gpupowermodeling/accelwattch/util/fp16_energy_impl/results/strict_fp16_launch_shape_rtx3090_20260602_115550/raw/launch_shape_tensor_mma_f16acc_t256_b04_rep008_test_ff225e44/power.csv,/home/bang001/gpupowermodeling/accelwattch/util/fp16_energy_impl/results/strict_fp16_launch_shape_rtx3090_20260602_115550/raw/launch_shape_tensor_mma_f16acc_t256_b04_rep008_baseline_05c2af23/power.csv,/home/bang001/gpupowermodeling/accelwattch/util/fp16_energy_impl/results/strict_fp16_launch_shape_rtx3090_20260602_115550/raw/launch_shape_tensor_mma_f16acc_t256_b04_rep008_test_ff225e44/sm_util.csv,/home/bang001/gpupowermodeling/accelwattch/util/fp16_energy_impl/results/strict_fp16_launch_shape_rtx3090_20260602_115550/raw/launch_shape_tensor_mma_f16acc_t256_b04_rep008_baseline_05c2af23/sm_util.csv
launch_shape_tensor_mma_f16acc_t256_b04,9,9,NVIDIA GeForce RTX 3090,ampere,ga102,consumer,86,82,benchmark uses warp-level HMMA mma.sync m16n8k16 pairs,False,False,tensor_core_mma_m16n16k16_f16acc,fp16-energy-bench-v2,fp16-energy-bench-v2,"nvml_timed_energy_counter,explicit_m16n16k16_denominator,strict_denominator_provenance,tensor_no_memory_warpsync_baseline","nvml_timed_energy_counter,explicit_m16n16k16_denominator,strict_denominator_provenance,tensor_no_memory_warpsync_baseline",bae1f83e791c,bae1f83e791c,tensor_mma_f16acc,tensor_baseline_mov,328,256,1024.0,4,1000000,8,2.16782299805,1.03015014648,343932928000000.0,0.0,0.0,343932928000000.0,171966464000000.0,171966464000000.0,515899392000000.0,687865856000000.0,41984000000.0,8192.0,8192.0,4096.0,4096.0,12288.0,16384.0,True,bench_json_metadata,True,logical_m16n16k16_input_bits_8192,ga102,"RTX 3090 FE dense FP16 Tensor Core peak, no sparsity",https://www.nvidia.com/content/dam/en-zz/Solutions/geforce/ampere/pdf/NVIDIA-ampere-GA102-GPU-Architecture-Whitepaper-V1.pdf,142.0,284.0,1024.0,1920.0,measured_avg_sm_clock_mhz,warp-level HMMA mma.sync.aligned.m16n8k16 pair -> logical m16n16k16,"dense FP16 Tensor Core HMMA normalization only; no sparsity, no WGMMA",161.21856,1007.708348559068,98.40901841397147,True,False,158.65360239713965,nan,201.7528193830993,218.2205878477869,450.106,231.442,nvml_total_energy_counter,nvml_total_energy_counter,530.0688737483734,209.41679559248564,237.5948993036273,197.45360064029882,average_instant,average_instant,237.57882352941178,197.37125,237.15058823529412,235.215,370.0,370.0,450.106,231.442,-79.96287374837345,22.025204407514366,0.8491462568195765,1.1051740112114707,473.06360898442284,1.0510048943680441,-0.051004894368044076,1.081623486179976,True,-16.467768464687595,-22.957608984422848,-0.06675025016628489,-0.10379700313054152,nan,nan,-0.06675025016628489,-0.04450016677752326,-0.03337512508314244,17,8,2,1,1920.0,0.0,73.0,99.3529411764706,100.0,100.0,100.0,False,False,False,invalid_or_nonpositive_increment,launch_shape_tensor_mma_f16acc_t256_b04_rep009_test_5bdb23a6,launch_shape_tensor_mma_f16acc_t256_b04_rep009_baseline_e699dcdf,/home/bang001/gpupowermodeling/accelwattch/util/fp16_energy_impl/results/strict_fp16_launch_shape_rtx3090_20260602_115550/raw/launch_shape_tensor_mma_f16acc_t256_b04_rep009_test_5bdb23a6/power.csv,/home/bang001/gpupowermodeling/accelwattch/util/fp16_energy_impl/results/strict_fp16_launch_shape_rtx3090_20260602_115550/raw/launch_shape_tensor_mma_f16acc_t256_b04_rep009_baseline_e699dcdf/power.csv,/home/bang001/gpupowermodeling/accelwattch/util/fp16_energy_impl/results/strict_fp16_launch_shape_rtx3090_20260602_115550/raw/launch_shape_tensor_mma_f16acc_t256_b04_rep009_test_5bdb23a6/sm_util.csv,/home/bang001/gpupowermodeling/accelwattch/util/fp16_energy_impl/results/strict_fp16_launch_shape_rtx3090_20260602_115550/raw/launch_shape_tensor_mma_f16acc_t256_b04_rep009_baseline_e699dcdf/sm_util.csv
launch_shape_tensor_mma_f16acc_t256_b08,0,0,NVIDIA GeForce RTX 3090,ampere,ga102,consumer,86,82,benchmark uses warp-level HMMA mma.sync m16n8k16 pairs,False,False,tensor_core_mma_m16n16k16_f16acc,fp16-energy-bench-v2,fp16-energy-bench-v2,"nvml_timed_energy_counter,explicit_m16n16k16_denominator,strict_denominator_provenance,tensor_no_memory_warpsync_baseline","nvml_timed_energy_counter,explicit_m16n16k16_denominator,strict_denominator_provenance,tensor_no_memory_warpsync_baseline",bae1f83e791c,bae1f83e791c,tensor_mma_f16acc,tensor_baseline_mov,656,256,2048.0,8,1000000,8,4.3115078125,1.05252148438,687865856000000.0,0.0,0.0,687865856000000.0,343932928000000.0,343932928000000.0,1031798784000000.0,1375731712000000.0,83968000000.0,8192.0,8192.0,4096.0,4096.0,12288.0,16384.0,True,bench_json_metadata,True,logical_m16n16k16_input_bits_8192,ga102,"RTX 3090 FE dense FP16 Tensor Core peak, no sparsity",https://www.nvidia.com/content/dam/en-zz/Solutions/geforce/ampere/pdf/NVIDIA-ampere-GA102-GPU-Architecture-Whitepaper-V1.pdf,142.0,284.0,1024.0,1935.0,measured_avg_sm_clock_mhz,warp-level HMMA mma.sync.aligned.m16n8k16 pair -> logical m16n16k16,"dense FP16 Tensor Core HMMA normalization only; no sparsity, no WGMMA",162.47808,1005.4946253948222,98.1928345112131,True,False,159.54183221139644,nan,211.52940198798467,222.59178424151477,939.869,240.884,nvml_total_energy_counter,nvml_total_energy_counter,1041.540136168513,225.79725051614815,234.41177669463474,208.65069024600103,average_instant,average_instant,234.41424242424242,208.74875,234.5218181818182,242.2425,370.0,370.0,939.869,240.884,-101.67113616851304,15.086749483851833,0.9023838519151762,1.0668154702918886,959.7062167556054,1.0211063634991742,-0.021106363499174212,1.052297137653509,True,-11.062382253530103,-19.83721675560537,-0.028838786781714264,-0.06933844309166641,nan,nan,-0.028838786781714264,-0.019225857854476176,-0.014419393390857132,33,8,4,1,1935.0,0.0,70.0,99.93939393939394,100.0,100.0,100.0,False,False,False,invalid_or_nonpositive_increment,launch_shape_tensor_mma_f16acc_t256_b08_rep000_test_578eed8f,launch_shape_tensor_mma_f16acc_t256_b08_rep000_baseline_3ae09b37,/home/bang001/gpupowermodeling/accelwattch/util/fp16_energy_impl/results/strict_fp16_launch_shape_rtx3090_20260602_115550/raw/launch_shape_tensor_mma_f16acc_t256_b08_rep000_test_578eed8f/power.csv,/home/bang001/gpupowermodeling/accelwattch/util/fp16_energy_impl/results/strict_fp16_launch_shape_rtx3090_20260602_115550/raw/launch_shape_tensor_mma_f16acc_t256_b08_rep000_baseline_3ae09b37/power.csv,/home/bang001/gpupowermodeling/accelwattch/util/fp16_energy_impl/results/strict_fp16_launch_shape_rtx3090_20260602_115550/raw/launch_shape_tensor_mma_f16acc_t256_b08_rep000_test_578eed8f/sm_util.csv,/home/bang001/gpupowermodeling/accelwattch/util/fp16_energy_impl/results/strict_fp16_launch_shape_rtx3090_20260602_115550/raw/launch_shape_tensor_mma_f16acc_t256_b08_rep000_baseline_3ae09b37/sm_util.csv
launch_shape_tensor_mma_f16acc_t256_b08,1,1,NVIDIA GeForce RTX 3090,ampere,ga102,consumer,86,82,benchmark uses warp-level HMMA mma.sync m16n8k16 pairs,False,False,tensor_core_mma_m16n16k16_f16acc,fp16-energy-bench-v2,fp16-energy-bench-v2,"nvml_timed_energy_counter,explicit_m16n16k16_denominator,strict_denominator_provenance,tensor_no_memory_warpsync_baseline","nvml_timed_energy_counter,explicit_m16n16k16_denominator,strict_denominator_provenance,tensor_no_memory_warpsync_baseline",bae1f83e791c,bae1f83e791c,tensor_mma_f16acc,tensor_baseline_mov,656,256,2048.0,8,1000000,8,4.313443359380001,1.04665771484,687865856000000.0,0.0,0.0,687865856000000.0,343932928000000.0,343932928000000.0,1031798784000000.0,1375731712000000.0,83968000000.0,8192.0,8192.0,4096.0,4096.0,12288.0,16384.0,True,bench_json_metadata,True,logical_m16n16k16_input_bits_8192,ga102,"RTX 3090 FE dense FP16 Tensor Core peak, no sparsity",https://www.nvidia.com/content/dam/en-zz/Solutions/geforce/ampere/pdf/NVIDIA-ampere-GA102-GPU-Architecture-Whitepaper-V1.pdf,142.0,284.0,1024.0,1935.0,measured_avg_sm_clock_mhz,warp-level HMMA mma.sync.aligned.m16n8k16 pair -> logical m16n16k16,"dense FP16 Tensor Core HMMA normalization only; no sparsity, no WGMMA",162.47808,1005.0434355163675,98.14877299964526,True,False,159.47024191338204,nan,217.5444087153837,212.328712737177,949.798,228.363,nvml_total_energy_counter,nvml_total_energy_counter,1033.1591428276695,227.53604201870456,236.63767962802405,211.55981881103224,average_instant,average_instant,236.6290909090909,211.48625,236.69121212121215,245.79125,370.0,370.0,949.798,228.363,-83.36114282766948,0.8269579812954362,0.9193143249940013,1.0036344043517618,915.8678759618799,0.9642764840122636,0.03572351598773643,0.9760246838380918,True,5.215695978206696,33.930124038120084,0.049326658304319274,0.032706390331054096,nan,nan,0.049326658304319274,0.03288443886954618,0.024663329152159637,33,8,4,1,1935.0,0.0,72.0,99.9090909090909,100.0,100.0,100.0,True,True,True,pure_fp16_candidate_no_l2,launch_shape_tensor_mma_f16acc_t256_b08_rep001_test_c1b77556,launch_shape_tensor_mma_f16acc_t256_b08_rep001_baseline_f5e18fac,/home/bang001/gpupowermodeling/accelwattch/util/fp16_energy_impl/results/strict_fp16_launch_shape_rtx3090_20260602_115550/raw/launch_shape_tensor_mma_f16acc_t256_b08_rep001_test_c1b77556/power.csv,/home/bang001/gpupowermodeling/accelwattch/util/fp16_energy_impl/results/strict_fp16_launch_shape_rtx3090_20260602_115550/raw/launch_shape_tensor_mma_f16acc_t256_b08_rep001_baseline_f5e18fac/power.csv,/home/bang001/gpupowermodeling/accelwattch/util/fp16_energy_impl/results/strict_fp16_launch_shape_rtx3090_20260602_115550/raw/launch_shape_tensor_mma_f16acc_t256_b08_rep001_test_c1b77556/sm_util.csv,/home/bang001/gpupowermodeling/accelwattch/util/fp16_energy_impl/results/strict_fp16_launch_shape_rtx3090_20260602_115550/raw/launch_shape_tensor_mma_f16acc_t256_b08_rep001_baseline_f5e18fac/sm_util.csv
launch_shape_tensor_mma_f16acc_t256_b08,2,2,NVIDIA GeForce RTX 3090,ampere,ga102,consumer,86,82,benchmark uses warp-level HMMA mma.sync m16n8k16 pairs,False,False,tensor_core_mma_m16n16k16_f16acc,fp16-energy-bench-v2,fp16-energy-bench-v2,"nvml_timed_energy_counter,explicit_m16n16k16_denominator,strict_denominator_provenance,tensor_no_memory_warpsync_baseline","nvml_timed_energy_counter,explicit_m16n16k16_denominator,strict_denominator_provenance,tensor_no_memory_warpsync_baseline",bae1f83e791c,bae1f83e791c,tensor_mma_f16acc,tensor_baseline_mov,656,256,2048.0,8,1000000,8,4.34597802734,1.05153027344,687865856000000.0,0.0,0.0,687865856000000.0,343932928000000.0,343932928000000.0,1031798784000000.0,1375731712000000.0,83968000000.0,8192.0,8192.0,4096.0,4096.0,12288.0,16384.0,True,bench_json_metadata,True,logical_m16n16k16_input_bits_8192,ga102,"RTX 3090 FE dense FP16 Tensor Core peak, no sparsity",https://www.nvidia.com/content/dam/en-zz/Solutions/geforce/ampere/pdf/NVIDIA-ampere-GA102-GPU-Architecture-Whitepaper-V1.pdf,142.0,284.0,1024.0,1920.0,measured_avg_sm_clock_mhz,warp-level HMMA mma.sync.aligned.m16n8k16 pair -> logical m16n16k16,"dense FP16 Tensor Core HMMA normalization only; no sparsity, no WGMMA",161.21856,1005.312645204697,98.1750630082712,True,False,158.2764228610275,nan,212.6329423910835,228.02995665649723,950.445,246.709,nvml_total_energy_counter,nvml_total_energy_counter,1057.4497660875406,228.6535698640561,236.5719796452785,211.3415547282591,average_instant,average_instant,236.56151515151515,211.1375,236.71878787878788,246.33,370.0,370.0,950.445,246.709,-107.00476608754059,18.055430135943908,0.8988086531207552,1.0789641296511514,991.0131812044295,1.042683354854231,-0.0426833548542309,1.0724112364352976,True,-15.39701426541373,-40.56818120442949,-0.05897687877740729,-0.09727926615408078,nan,nan,-0.05897687877740729,-0.03931791918493819,-0.029488439388703644,33,8,4,1,1920.0,0.0,72.0,99.93939393939394,100.0,100.0,100.0,False,False,False,invalid_or_nonpositive_increment,launch_shape_tensor_mma_f16acc_t256_b08_rep002_test_c2bac999,launch_shape_tensor_mma_f16acc_t256_b08_rep002_baseline_60921a28,/home/bang001/gpupowermodeling/accelwattch/util/fp16_energy_impl/results/strict_fp16_launch_shape_rtx3090_20260602_115550/raw/launch_shape_tensor_mma_f16acc_t256_b08_rep002_test_c2bac999/power.csv,/home/bang001/gpupowermodeling/accelwattch/util/fp16_energy_impl/results/strict_fp16_launch_shape_rtx3090_20260602_115550/raw/launch_shape_tensor_mma_f16acc_t256_b08_rep002_baseline_60921a28/power.csv,/home/bang001/gpupowermodeling/accelwattch/util/fp16_energy_impl/results/strict_fp16_launch_shape_rtx3090_20260602_115550/raw/launch_shape_tensor_mma_f16acc_t256_b08_rep002_test_c2bac999/sm_util.csv,/home/bang001/gpupowermodeling/accelwattch/util/fp16_energy_impl/results/strict_fp16_launch_shape_rtx3090_20260602_115550/raw/launch_shape_tensor_mma_f16acc_t256_b08_rep002_baseline_60921a28/sm_util.csv
launch_shape_tensor_mma_f16acc_t256_b08,3,3,NVIDIA GeForce RTX 3090,ampere,ga102,consumer,86,82,benchmark uses warp-level HMMA mma.sync m16n8k16 pairs,False,False,tensor_core_mma_m16n16k16_f16acc,fp16-energy-bench-v2,fp16-energy-bench-v2,"nvml_timed_energy_counter,explicit_m16n16k16_denominator,strict_denominator_provenance,tensor_no_memory_warpsync_baseline","nvml_timed_energy_counter,explicit_m16n16k16_denominator,strict_denominator_provenance,tensor_no_memory_warpsync_baseline",bae1f83e791c,bae1f83e791c,tensor_mma_f16acc,tensor_baseline_mov,656,256,2048.0,8,1000000,8,4.34584375,1.0568796386700001,687865856000000.0,0.0,0.0,687865856000000.0,343932928000000.0,343932928000000.0,1031798784000000.0,1375731712000000.0,83968000000.0,8192.0,8192.0,4096.0,4096.0,12288.0,16384.0,True,bench_json_metadata,True,logical_m16n16k16_input_bits_8192,ga102,"RTX 3090 FE dense FP16 Tensor Core peak, no sparsity",https://www.nvidia.com/content/dam/en-zz/Solutions/geforce/ampere/pdf/NVIDIA-ampere-GA102-GPU-Architecture-Whitepaper-V1.pdf,142.0,284.0,1024.0,1920.0,measured_avg_sm_clock_mhz,warp-level HMMA mma.sync.aligned.m16n8k16 pair -> logical m16n16k16,"dense FP16 Tensor Core HMMA normalization only; no sparsity, no WGMMA",161.21856,1005.3437072298485,98.1780964091649,True,False,158.28131326626735,nan,211.1878117672331,205.7224594693482,944.852,224.161,nvml_total_energy_counter,nvml_total_energy_counter,1061.6842763940142,233.66066518170243,237.3014812048132,214.44072217033167,average_instant,average_instant,237.3063636363636,214.70375,237.32,244.88375,370.0,370.0,944.852,224.161,-116.83227639401423,-9.499665181702426,0.889955725075978,0.9593441832654411,894.0376647194952,0.9462197939142799,0.05378020608572009,0.9741208914844541,True,5.465352297884891,50.81433528050479,0.07387244887541677,0.03452935905763462,nan,nan,0.07387244887541677,0.04924829925027784,0.03693622443770839,33,8,4,1,1920.0,0.0,73.0,99.96969696969697,100.0,100.0,100.0,True,True,True,pure_fp16_candidate_no_l2,launch_shape_tensor_mma_f16acc_t256_b08_rep003_test_6e50be78,launch_shape_tensor_mma_f16acc_t256_b08_rep003_baseline_e98b9a67,/home/bang001/gpupowermodeling/accelwattch/util/fp16_energy_impl/results/strict_fp16_launch_shape_rtx3090_20260602_115550/raw/launch_shape_tensor_mma_f16acc_t256_b08_rep003_test_6e50be78/power.csv,/home/bang001/gpupowermodeling/accelwattch/util/fp16_energy_impl/results/strict_fp16_launch_shape_rtx3090_20260602_115550/raw/launch_shape_tensor_mma_f16acc_t256_b08_rep003_baseline_e98b9a67/power.csv,/home/bang001/gpupowermodeling/accelwattch/util/fp16_energy_impl/results/strict_fp16_launch_shape_rtx3090_20260602_115550/raw/launch_shape_tensor_mma_f16acc_t256_b08_rep003_test_6e50be78/sm_util.csv,/home/bang001/gpupowermodeling/accelwattch/util/fp16_energy_impl/results/strict_fp16_launch_shape_rtx3090_20260602_115550/raw/launch_shape_tensor_mma_f16acc_t256_b08_rep003_baseline_e98b9a67/sm_util.csv
launch_shape_tensor_mma_f16acc_t256_b08,4,4,NVIDIA GeForce RTX 3090,ampere,ga102,consumer,86,82,benchmark uses warp-level HMMA mma.sync m16n8k16 pairs,False,False,tensor_core_mma_m16n16k16_f16acc,fp16-energy-bench-v2,fp16-energy-bench-v2,"nvml_timed_energy_counter,explicit_m16n16k16_denominator,strict_denominator_provenance,tensor_no_memory_warpsync_baseline","nvml_timed_energy_counter,explicit_m16n16k16_denominator,strict_denominator_provenance,tensor_no_memory_warpsync_baseline",bae1f83e791c,bae1f83e791c,tensor_mma_f16acc,tensor_baseline_mov,656,256,2048.0,8,1000000,8,4.34739990234,1.05209143066,687865856000000.0,0.0,0.0,687865856000000.0,343932928000000.0,343932928000000.0,1031798784000000.0,1375731712000000.0,83968000000.0,8192.0,8192.0,4096.0,4096.0,12288.0,16384.0,True,bench_json_metadata,True,logical_m16n16k16_input_bits_8192,ga102,"RTX 3090 FE dense FP16 Tensor Core peak, no sparsity",https://www.nvidia.com/content/dam/en-zz/Solutions/geforce/ampere/pdf/NVIDIA-ampere-GA102-GPU-Architecture-Whitepaper-V1.pdf,142.0,284.0,1024.0,1920.0,measured_avg_sm_clock_mhz,warp-level HMMA mma.sync.aligned.m16n8k16 pair -> logical m16n16k16,"dense FP16 Tensor Core HMMA normalization only; no sparsity, no WGMMA",161.21856,1004.9838443238232,98.14295354724834,True,False,158.2246564503427,nan,267.01794152294957,226.60262281241424,947.06,245.372,nvml_total_energy_counter,nvml_total_energy_counter,843.2530443005194,232.30925353312185,237.75018697029256,214.53909229333223,average_instant,average_instant,237.62848484848485,214.8175,237.5412121212121,246.50875,370.0,370.0,947.06,245.372,103.80695569948057,13.062746466878167,1.1231029717604977,1.056229987691884,985.1322202846776,1.0402004311075093,-0.0402004311075092,0.8486419358938031,True,40.41531871053533,-38.072220284677655,-0.05534832111899105,0.2554299665881676,nan,nan,-0.05534832111899105,-0.03689888074599403,-0.027674160559495526,33,8,4,1,1920.0,0.0,73.0,99.93939393939394,100.0,100.0,100.0,False,False,False,invalid_or_nonpositive_increment,launch_shape_tensor_mma_f16acc_t256_b08_rep004_test_32c9e518,launch_shape_tensor_mma_f16acc_t256_b08_rep004_baseline_2977110b,/home/bang001/gpupowermodeling/accelwattch/util/fp16_energy_impl/results/strict_fp16_launch_shape_rtx3090_20260602_115550/raw/launch_shape_tensor_mma_f16acc_t256_b08_rep004_test_32c9e518/power.csv,/home/bang001/gpupowermodeling/accelwattch/util/fp16_energy_impl/results/strict_fp16_launch_shape_rtx3090_20260602_115550/raw/launch_shape_tensor_mma_f16acc_t256_b08_rep004_baseline_2977110b/power.csv,/home/bang001/gpupowermodeling/accelwattch/util/fp16_energy_impl/results/strict_fp16_launch_shape_rtx3090_20260602_115550/raw/launch_shape_tensor_mma_f16acc_t256_b08_rep004_test_32c9e518/sm_util.csv,/home/bang001/gpupowermodeling/accelwattch/util/fp16_energy_impl/results/strict_fp16_launch_shape_rtx3090_20260602_115550/raw/launch_shape_tensor_mma_f16acc_t256_b08_rep004_baseline_2977110b/sm_util.csv
launch_shape_tensor_mma_f16acc_t256_b08,5,5,NVIDIA GeForce RTX 3090,ampere,ga102,consumer,86,82,benchmark uses warp-level HMMA mma.sync m16n8k16 pairs,False,False,tensor_core_mma_m16n16k16_f16acc,fp16-energy-bench-v2,fp16-energy-bench-v2,"nvml_timed_energy_counter,explicit_m16n16k16_denominator,strict_denominator_provenance,tensor_no_memory_warpsync_baseline","nvml_timed_energy_counter,explicit_m16n16k16_denominator,strict_denominator_provenance,tensor_no_memory_warpsync_baseline",bae1f83e791c,bae1f83e791c,tensor_mma_f16acc,tensor_baseline_mov,656,256,2048.0,8,1000000,8,4.34095703125,1.0437945556600001,687865856000000.0,0.0,0.0,687865856000000.0,343932928000000.0,343932928000000.0,1031798784000000.0,1375731712000000.0,83968000000.0,8192.0,8192.0,4096.0,4096.0,12288.0,16384.0,True,bench_json_metadata,True,logical_m16n16k16_input_bits_8192,ga102,"RTX 3090 FE dense FP16 Tensor Core peak, no sparsity",https://www.nvidia.com/content/dam/en-zz/Solutions/geforce/ampere/pdf/NVIDIA-ampere-GA102-GPU-Architecture-Whitepaper-V1.pdf,142.0,284.0,1024.0,1920.0,measured_avg_sm_clock_mhz,warp-level HMMA mma.sync.aligned.m16n8k16 pair -> logical m16n16k16,"dense FP16 Tensor Core HMMA normalization only; no sparsity, no WGMMA",161.21856,1006.4754465926081,98.2886178313094,True,False,158.45949431154023,nan,215.19108219853382,205.5428670450807,961.312,220.812,nvml_total_energy_counter,nvml_total_energy_counter,1062.2641672567242,229.58119129829558,237.78937091464462,213.70566943407425,average_instant,average_instant,237.80088235294116,213.6775,237.7364705882353,246.805,370.0,370.0,961.312,220.812,-100.95216725672424,-8.769191298295567,0.9049651015552646,0.9618035290752467,892.252753922627,0.9281614646676906,0.0718385353323094,0.9551644284935946,True,9.648215153453123,69.05924607737302,0.10039638611946602,0.06088758010601872,nan,nan,0.10039638611946602,0.06693092407964403,0.05019819305973301,34,8,4,1,1920.0,0.0,74.0,99.94117647058823,100.0,100.0,100.0,True,True,True,pure_fp16_candidate_no_l2,launch_shape_tensor_mma_f16acc_t256_b08_rep005_test_0683753c,launch_shape_tensor_mma_f16acc_t256_b08_rep005_baseline_c83ce434,/home/bang001/gpupowermodeling/accelwattch/util/fp16_energy_impl/results/strict_fp16_launch_shape_rtx3090_20260602_115550/raw/launch_shape_tensor_mma_f16acc_t256_b08_rep005_test_0683753c/power.csv,/home/bang001/gpupowermodeling/accelwattch/util/fp16_energy_impl/results/strict_fp16_launch_shape_rtx3090_20260602_115550/raw/launch_shape_tensor_mma_f16acc_t256_b08_rep005_baseline_c83ce434/power.csv,/home/bang001/gpupowermodeling/accelwattch/util/fp16_energy_impl/results/strict_fp16_launch_shape_rtx3090_20260602_115550/raw/launch_shape_tensor_mma_f16acc_t256_b08_rep005_test_0683753c/sm_util.csv,/home/bang001/gpupowermodeling/accelwattch/util/fp16_energy_impl/results/strict_fp16_launch_shape_rtx3090_20260602_115550/raw/launch_shape_tensor_mma_f16acc_t256_b08_rep005_baseline_c83ce434/sm_util.csv
launch_shape_tensor_mma_f16acc_t256_b08,6,6,NVIDIA GeForce RTX 3090,ampere,ga102,consumer,86,82,benchmark uses warp-level HMMA mma.sync m16n8k16 pairs,False,False,tensor_core_mma_m16n16k16_f16acc,fp16-energy-bench-v2,fp16-energy-bench-v2,"nvml_timed_energy_counter,explicit_m16n16k16_denominator,strict_denominator_provenance,tensor_no_memory_warpsync_baseline","nvml_timed_energy_counter,explicit_m16n16k16_denominator,strict_denominator_provenance,tensor_no_memory_warpsync_baseline",bae1f83e791c,bae1f83e791c,tensor_mma_f16acc,tensor_baseline_mov,656,256,2048.0,8,1000000,8,4.34027734375,1.05762915039,687865856000000.0,0.0,0.0,687865856000000.0,343932928000000.0,343932928000000.0,1031798784000000.0,1375731712000000.0,83968000000.0,8192.0,8192.0,4096.0,4096.0,12288.0,16384.0,True,bench_json_metadata,True,logical_m16n16k16_input_bits_8192,ga102,"RTX 3090 FE dense FP16 Tensor Core peak, no sparsity",https://www.nvidia.com/content/dam/en-zz/Solutions/geforce/ampere/pdf/NVIDIA-ampere-GA102-GPU-Architecture-Whitepaper-V1.pdf,142.0,284.0,1024.0,1920.0,measured_avg_sm_clock_mhz,warp-level HMMA mma.sync.aligned.m16n8k16 pair -> logical m16n16k16,"dense FP16 Tensor Core HMMA normalization only; no sparsity, no WGMMA",161.21856,1006.6330606633061,98.30400983040099,True,False,158.4843090708309,nan,208.16209709298252,227.19690804189023,936.944,245.878,nvml_total_energy_counter,nvml_total_energy_counter,1070.954915249417,230.47635040374854,237.93548072281374,212.96543077668977,average_instant,average_instant,237.95441176470587,212.94375,237.8614705882353,246.55124999999998,370.0,370.0,936.944,245.878,-134.01091524941694,15.401649596251445,0.8748678274489203,1.066825292787181,986.0975925442684,1.0524616119472119,-0.052461611947211856,1.0914422520465152,True,-19.034810948907705,-49.15359254426846,-0.07145810787891245,-0.12010533446816199,nan,nan,-0.07145810787891245,-0.04763873858594164,-0.035729053939456225,34,8,4,1,1920.0,0.0,74.0,99.94117647058823,100.0,100.0,100.0,False,False,False,invalid_or_nonpositive_increment,launch_shape_tensor_mma_f16acc_t256_b08_rep006_test_e69d3548,launch_shape_tensor_mma_f16acc_t256_b08_rep006_baseline_b7d018d0,/home/bang001/gpupowermodeling/accelwattch/util/fp16_energy_impl/results/strict_fp16_launch_shape_rtx3090_20260602_115550/raw/launch_shape_tensor_mma_f16acc_t256_b08_rep006_test_e69d3548/power.csv,/home/bang001/gpupowermodeling/accelwattch/util/fp16_energy_impl/results/strict_fp16_launch_shape_rtx3090_20260602_115550/raw/launch_shape_tensor_mma_f16acc_t256_b08_rep006_baseline_b7d018d0/power.csv,/home/bang001/gpupowermodeling/accelwattch/util/fp16_energy_impl/results/strict_fp16_launch_shape_rtx3090_20260602_115550/raw/launch_shape_tensor_mma_f16acc_t256_b08_rep006_test_e69d3548/sm_util.csv,/home/bang001/gpupowermodeling/accelwattch/util/fp16_energy_impl/results/strict_fp16_launch_shape_rtx3090_20260602_115550/raw/launch_shape_tensor_mma_f16acc_t256_b08_rep006_baseline_b7d018d0/sm_util.csv
launch_shape_tensor_mma_f16acc_t256_b08,7,7,NVIDIA GeForce RTX 3090,ampere,ga102,consumer,86,82,benchmark uses warp-level HMMA mma.sync m16n8k16 pairs,False,False,tensor_core_mma_m16n16k16_f16acc,fp16-energy-bench-v2,fp16-energy-bench-v2,"nvml_timed_energy_counter,explicit_m16n16k16_denominator,strict_denominator_provenance,tensor_no_memory_warpsync_baseline","nvml_timed_energy_counter,explicit_m16n16k16_denominator,strict_denominator_provenance,tensor_no_memory_warpsync_baseline",bae1f83e791c,bae1f83e791c,tensor_mma_f16acc,tensor_baseline_mov,656,256,2048.0,8,1000000,8,4.34078027344,1.05162121582,687865856000000.0,0.0,0.0,687865856000000.0,343932928000000.0,343932928000000.0,1031798784000000.0,1375731712000000.0,83968000000.0,8192.0,8192.0,4096.0,4096.0,12288.0,16384.0,True,bench_json_metadata,True,logical_m16n16k16_input_bits_8192,ga102,"RTX 3090 FE dense FP16 Tensor Core peak, no sparsity",https://www.nvidia.com/content/dam/en-zz/Solutions/geforce/ampere/pdf/NVIDIA-ampere-GA102-GPU-Architecture-Whitepaper-V1.pdf,142.0,284.0,1024.0,1920.0,measured_avg_sm_clock_mhz,warp-level HMMA mma.sync.aligned.m16n8k16 pair -> logical m16n16k16,"dense FP16 Tensor Core HMMA normalization only; no sparsity, no WGMMA",161.21856,1006.5164305596721,98.29262017184298,True,False,158.46594682731478,nan,215.61194411670317,229.4858347034575,963.029,248.337,nvml_total_energy_counter,nvml_total_energy_counter,1063.4325873872979,230.38475495673572,238.09123879304894,212.89633761460442,average_instant,average_instant,238.0969696969697,212.9125,238.08848484848485,247.84,370.0,370.0,963.029,248.337,-100.40358738729788,17.95224504326427,0.9055853764703834,1.077922886202412,996.1475843146809,1.0343900176574963,-0.03439001765749619,1.0643465771044895,True,-13.873890586754328,-33.1185843146809,-0.04814686472049705,-0.0875512428034342,nan,nan,-0.04814686472049705,-0.0320979098136647,-0.024073432360248524,33,8,4,1,1920.0,0.0,74.0,99.87878787878788,100.0,100.0,100.0,False,False,False,invalid_or_nonpositive_increment,launch_shape_tensor_mma_f16acc_t256_b08_rep007_test_01c8bb23,launch_shape_tensor_mma_f16acc_t256_b08_rep007_baseline_4dfa01bb,/home/bang001/gpupowermodeling/accelwattch/util/fp16_energy_impl/results/strict_fp16_launch_shape_rtx3090_20260602_115550/raw/launch_shape_tensor_mma_f16acc_t256_b08_rep007_test_01c8bb23/power.csv,/home/bang001/gpupowermodeling/accelwattch/util/fp16_energy_impl/results/strict_fp16_launch_shape_rtx3090_20260602_115550/raw/launch_shape_tensor_mma_f16acc_t256_b08_rep007_baseline_4dfa01bb/power.csv,/home/bang001/gpupowermodeling/accelwattch/util/fp16_energy_impl/results/strict_fp16_launch_shape_rtx3090_20260602_115550/raw/launch_shape_tensor_mma_f16acc_t256_b08_rep007_test_01c8bb23/sm_util.csv,/home/bang001/gpupowermodeling/accelwattch/util/fp16_energy_impl/results/strict_fp16_launch_shape_rtx3090_20260602_115550/raw/launch_shape_tensor_mma_f16acc_t256_b08_rep007_baseline_4dfa01bb/sm_util.csv
launch_shape_tensor_mma_f16acc_t256_b08,8,8,NVIDIA GeForce RTX 3090,ampere,ga102,consumer,86,82,benchmark uses warp-level HMMA mma.sync m16n8k16 pairs,False,False,tensor_core_mma_m16n16k16_f16acc,fp16-energy-bench-v2,fp16-energy-bench-v2,"nvml_timed_energy_counter,explicit_m16n16k16_denominator,strict_denominator_provenance,tensor_no_memory_warpsync_baseline","nvml_timed_energy_counter,explicit_m16n16k16_denominator,strict_denominator_provenance,tensor_no_memory_warpsync_baseline",bae1f83e791c,bae1f83e791c,tensor_mma_f16acc,tensor_baseline_mov,656,256,2048.0,8,1000000,8,4.34051269531,1.06022680664,687865856000000.0,0.0,0.0,687865856000000.0,343932928000000.0,343932928000000.0,1031798784000000.0,1375731712000000.0,83968000000.0,8192.0,8192.0,4096.0,4096.0,12288.0,16384.0,True,bench_json_metadata,True,logical_m16n16k16_input_bits_8192,ga102,"RTX 3090 FE dense FP16 Tensor Core peak, no sparsity",https://www.nvidia.com/content/dam/en-zz/Solutions/geforce/ampere/pdf/NVIDIA-ampere-GA102-GPU-Architecture-Whitepaper-V1.pdf,142.0,284.0,1024.0,1920.0,measured_avg_sm_clock_mhz,warp-level HMMA mma.sync.aligned.m16n8k16 pair -> logical m16n16k16,"dense FP16 Tensor Core HMMA normalization only; no sparsity, no WGMMA",161.21856,1006.5784789404071,98.29867958402413,True,False,158.4757157243777,nan,209.71187409073772,204.3389163890963,936.748,223.007,nvml_total_energy_counter,nvml_total_energy_counter,1064.734841703535,233.00423780005988,238.3645751721416,213.49927789769626,average_instant,average_instant,238.36939393939394,213.53125,238.53939393939393,246.16625,370.0,370.0,936.748,223.007,-127.98684170353499,-9.997237800059878,0.8797946336584976,0.9570941803700649,886.9356607327612,0.9468241840204208,0.05317581597957916,0.9743793348615222,True,5.372957701641411,49.812339267238826,0.07241577530378078,0.03390398129506545,nan,nan,0.07241577530378078,0.04827718353585385,0.03620788765189039,33,8,4,1,1920.0,0.0,74.0,99.93939393939394,100.0,100.0,100.0,True,True,True,pure_fp16_candidate_no_l2,launch_shape_tensor_mma_f16acc_t256_b08_rep008_test_2cbccc7b,launch_shape_tensor_mma_f16acc_t256_b08_rep008_baseline_99db146c,/home/bang001/gpupowermodeling/accelwattch/util/fp16_energy_impl/results/strict_fp16_launch_shape_rtx3090_20260602_115550/raw/launch_shape_tensor_mma_f16acc_t256_b08_rep008_test_2cbccc7b/power.csv,/home/bang001/gpupowermodeling/accelwattch/util/fp16_energy_impl/results/strict_fp16_launch_shape_rtx3090_20260602_115550/raw/launch_shape_tensor_mma_f16acc_t256_b08_rep008_baseline_99db146c/power.csv,/home/bang001/gpupowermodeling/accelwattch/util/fp16_energy_impl/results/strict_fp16_launch_shape_rtx3090_20260602_115550/raw/launch_shape_tensor_mma_f16acc_t256_b08_rep008_test_2cbccc7b/sm_util.csv,/home/bang001/gpupowermodeling/accelwattch/util/fp16_energy_impl/results/strict_fp16_launch_shape_rtx3090_20260602_115550/raw/launch_shape_tensor_mma_f16acc_t256_b08_rep008_baseline_99db146c/sm_util.csv
launch_shape_tensor_mma_f16acc_t256_b08,9,9,NVIDIA GeForce RTX 3090,ampere,ga102,consumer,86,82,benchmark uses warp-level HMMA mma.sync m16n8k16 pairs,False,False,tensor_core_mma_m16n16k16_f16acc,fp16-energy-bench-v2,fp16-energy-bench-v2,"nvml_timed_energy_counter,explicit_m16n16k16_denominator,strict_denominator_provenance,tensor_no_memory_warpsync_baseline","nvml_timed_energy_counter,explicit_m16n16k16_denominator,strict_denominator_provenance,tensor_no_memory_warpsync_baseline",bae1f83e791c,bae1f83e791c,tensor_mma_f16acc,tensor_baseline_mov,656,256,2048.0,8,1000000,8,4.34207519531,1.06157653809,687865856000000.0,0.0,0.0,687865856000000.0,343932928000000.0,343932928000000.0,1031798784000000.0,1375731712000000.0,83968000000.0,8192.0,8192.0,4096.0,4096.0,12288.0,16384.0,True,bench_json_metadata,True,logical_m16n16k16_input_bits_8192,ga102,"RTX 3090 FE dense FP16 Tensor Core peak, no sparsity",https://www.nvidia.com/content/dam/en-zz/Solutions/geforce/ampere/pdf/NVIDIA-ampere-GA102-GPU-Architecture-Whitepaper-V1.pdf,142.0,284.0,1024.0,1920.0,measured_avg_sm_clock_mhz,warp-level HMMA mma.sync.aligned.m16n8k16 pair -> logical m16n16k16,"dense FP16 Tensor Core HMMA normalization only; no sparsity, no WGMMA",161.21856,1006.2162606916208,98.26330670816608,True,False,158.41868808328877,nan,211.28141336479806,205.4878740203761,943.914,224.533,nvml_total_energy_counter,nvml_total_energy_counter,1064.9738039154538,233.24007900345518,238.37888884765178,213.4564093953431,average_instant,average_instant,238.3760606060606,213.71625,238.48242424242426,246.9125,370.0,370.0,943.914,224.533,-121.05980391545381,-8.707079003455192,0.8863260265460347,0.9626690273787541,892.2438007208611,0.9452596324674294,0.0547403675325706,0.9725790392436515,True,5.7935393444219585,51.67019927913884,0.0751166798416272,0.036571059983630215,nan,nan,0.0751166798416272,0.0500777865610848,0.0375583399208136,33,8,4,1,1920.0,0.0,74.0,99.96969696969697,100.0,100.0,100.0,True,True,True,pure_fp16_candidate_no_l2,launch_shape_tensor_mma_f16acc_t256_b08_rep009_test_88b37453,launch_shape_tensor_mma_f16acc_t256_b08_rep009_baseline_e59ed16a,/home/bang001/gpupowermodeling/accelwattch/util/fp16_energy_impl/results/strict_fp16_launch_shape_rtx3090_20260602_115550/raw/launch_shape_tensor_mma_f16acc_t256_b08_rep009_test_88b37453/power.csv,/home/bang001/gpupowermodeling/accelwattch/util/fp16_energy_impl/results/strict_fp16_launch_shape_rtx3090_20260602_115550/raw/launch_shape_tensor_mma_f16acc_t256_b08_rep009_baseline_e59ed16a/power.csv,/home/bang001/gpupowermodeling/accelwattch/util/fp16_energy_impl/results/strict_fp16_launch_shape_rtx3090_20260602_115550/raw/launch_shape_tensor_mma_f16acc_t256_b08_rep009_test_88b37453/sm_util.csv,/home/bang001/gpupowermodeling/accelwattch/util/fp16_energy_impl/results/strict_fp16_launch_shape_rtx3090_20260602_115550/raw/launch_shape_tensor_mma_f16acc_t256_b08_rep009_baseline_e59ed16a/sm_util.csv
